profile,pair_id,ligand,receptor,cluster
Adcyap1_Adcyap1r1,"[""Adcyap1"",""Adcyap1r1""]",Adcyap1,Adcyap1r1,2
Adgre5_Cd55b,"[""Adgre5"",""Cd55b""]",Adgre5,Cd55b,1
Adipoq_Adipor1,"[""Adipoq"",""Adipor1""]",Adipoq,Adipor1,1
Adipoq_Adipor2,"[""Adipoq"",""Adipor2""]",Adipoq,Adipor2,1
Adm_Calcr,"[""Adm"",""Calcr""]",Adm,Calcr,1
Adm_Calcrl,"[""Adm"",""Calcrl""]",Adm,Calcrl,1
Agrn_Dag1,"[""Agrn"",""Dag1""]",Agrn,Dag1,1
Agt_Agtr1a,"[""Agt"",""Agtr1a""]",Agt,Agtr1a,1
Agt_Agtr1b,"[""Agt"",""Agtr1b""]",Agt,Agtr1b,1
Agt_Mas1,"[""Agt"",""Mas1""]",Agt,Mas1,1
Alcam_Cd6,"[""Alcam"",""Cd6""]",Alcam,Cd6,1
Amh_Amhr2_Acvr1,"[""Amh"",""Amhr2_Acvr1""]",Amh,Amhr2_Acvr1,1
Amh_Amhr2_Bmpr1a,"[""Amh"",""Amhr2_Bmpr1a""]",Amh,Amhr2_Bmpr1a,1
Angpt1_Tek,"[""Angpt1"",""Tek""]",Angpt1,Tek,1
Angpt2_Itga5_Itgb1,"[""Angpt2"",""Itga5_Itgb1""]",Angpt2,Itga5_Itgb1,1
Angpt2_Tek,"[""Angpt2"",""Tek""]",Angpt2,Tek,1
Angptl1_Itga1_Itgb1,"[""Angptl1"",""Itga1_Itgb1""]",Angptl1,Itga1_Itgb1,1
Angptl1_Pirb,"[""Angptl1"",""Pirb""]",Angptl1,Pirb,1
Angptl2_Itga5_Itgb1,"[""Angptl2"",""Itga5_Itgb1""]",Angptl2,Itga5_Itgb1,1
Angptl2_Pirb,"[""Angptl2"",""Pirb""]",Angptl2,Pirb,1
Angptl2_Tlr4,"[""Angptl2"",""Tlr4""]",Angptl2,Tlr4,1
Angptl3_Itgav_Itgb3,"[""Angptl3"",""Itgav_Itgb3""]",Angptl3,Itgav_Itgb3,1
Angptl4_Cdh11,"[""Angptl4"",""Cdh11""]",Angptl4,Cdh11,1
Angptl4_Cdh5,"[""Angptl4"",""Cdh5""]",Angptl4,Cdh5,1
Angptl4_Itga5_Itgb1,"[""Angptl4"",""Itga5_Itgb1""]",Angptl4,Itga5_Itgb1,1
Angptl4_Itgav_Itgb3,"[""Angptl4"",""Itgav_Itgb3""]",Angptl4,Itgav_Itgb3,1
Angptl4_Sdc1,"[""Angptl4"",""Sdc1""]",Angptl4,Sdc1,1
Angptl4_Sdc2,"[""Angptl4"",""Sdc2""]",Angptl4,Sdc2,1
Angptl4_Sdc3,"[""Angptl4"",""Sdc3""]",Angptl4,Sdc3,1
Angptl4_Sdc4,"[""Angptl4"",""Sdc4""]",Angptl4,Sdc4,1
Angptl7_Pirb,"[""Angptl7"",""Pirb""]",Angptl7,Pirb,1
Anxa1_Fpr1,"[""Anxa1"",""Fpr1""]",Anxa1,Fpr1,1
Anxa1_Fpr2,"[""Anxa1"",""Fpr2""]",Anxa1,Fpr2,1
Anxa1_Fpr2_Fpr3,"[""Anxa1"",""Fpr2_Fpr3""]",Anxa1,Fpr2_Fpr3,1
Apela_Aplnr,"[""Apela"",""Aplnr""]",Apela,Aplnr,1
Apln_Aplnr,"[""Apln"",""Aplnr""]",Apln,Aplnr,1
App_Cd74,"[""App"",""Cd74""]",App,Cd74,1
Areg_Egfr,"[""Areg"",""Egfr""]",Areg,Egfr,1
Areg_Egfr_Erbb2,"[""Areg"",""Egfr_Erbb2""]",Areg,Egfr_Erbb2,1
Artn_Gfra1_Ret,"[""Artn"",""Gfra1_Ret""]",Artn,Gfra1_Ret,1
Artn_Gfra3_Ret,"[""Artn"",""Gfra3_Ret""]",Artn,Gfra3_Ret,1
Avp_Avpr1a,"[""Avp"",""Avpr1a""]",Avp,Avpr1a,2
Bdnf_Ntrk2,"[""Bdnf"",""Ntrk2""]",Bdnf,Ntrk2,1
Bmp10_Acvrl1_Acvr2a,"[""Bmp10"",""Acvrl1_Acvr2a""]",Bmp10,Acvrl1_Acvr2a,1
Bmp10_Acvrl1_Bmpr2,"[""Bmp10"",""Acvrl1_Bmpr2""]",Bmp10,Acvrl1_Bmpr2,1
Bmp2_Bmpr1a_Acvr2a,"[""Bmp2"",""Bmpr1a_Acvr2a""]",Bmp2,Bmpr1a_Acvr2a,1
Bmp2_Bmpr1a_Acvr2b,"[""Bmp2"",""Bmpr1a_Acvr2b""]",Bmp2,Bmpr1a_Acvr2b,1
Bmp2_Bmpr1a_Bmpr2,"[""Bmp2"",""Bmpr1a_Bmpr2""]",Bmp2,Bmpr1a_Bmpr2,1
Bmp2_Bmpr1b_Acvr2a,"[""Bmp2"",""Bmpr1b_Acvr2a""]",Bmp2,Bmpr1b_Acvr2a,1
Bmp2_Bmpr1b_Acvr2b,"[""Bmp2"",""Bmpr1b_Acvr2b""]",Bmp2,Bmpr1b_Acvr2b,1
Bmp2_Bmpr1b_Bmpr2,"[""Bmp2"",""Bmpr1b_Bmpr2""]",Bmp2,Bmpr1b_Bmpr2,1
Bmp4_Bmpr1a_Acvr2a,"[""Bmp4"",""Bmpr1a_Acvr2a""]",Bmp4,Bmpr1a_Acvr2a,1
Bmp4_Bmpr1a_Acvr2b,"[""Bmp4"",""Bmpr1a_Acvr2b""]",Bmp4,Bmpr1a_Acvr2b,1
Bmp4_Bmpr1a_Bmpr2,"[""Bmp4"",""Bmpr1a_Bmpr2""]",Bmp4,Bmpr1a_Bmpr2,1
Bmp4_Bmpr1b_Acvr2a,"[""Bmp4"",""Bmpr1b_Acvr2a""]",Bmp4,Bmpr1b_Acvr2a,1
Bmp4_Bmpr1b_Acvr2b,"[""Bmp4"",""Bmpr1b_Acvr2b""]",Bmp4,Bmpr1b_Acvr2b,1
Bmp4_Bmpr1b_Bmpr2,"[""Bmp4"",""Bmpr1b_Bmpr2""]",Bmp4,Bmpr1b_Bmpr2,1
Bmp5_Acvr1_Acvr2a,"[""Bmp5"",""Acvr1_Acvr2a""]",Bmp5,Acvr1_Acvr2a,1
Bmp5_Acvr1_Acvr2b,"[""Bmp5"",""Acvr1_Acvr2b""]",Bmp5,Acvr1_Acvr2b,1
Bmp5_Acvr1_Bmpr2,"[""Bmp5"",""Acvr1_Bmpr2""]",Bmp5,Acvr1_Bmpr2,1
Bmp5_Bmpr1a_Acvr2a,"[""Bmp5"",""Bmpr1a_Acvr2a""]",Bmp5,Bmpr1a_Acvr2a,1
Bmp5_Bmpr1a_Acvr2b,"[""Bmp5"",""Bmpr1a_Acvr2b""]",Bmp5,Bmpr1a_Acvr2b,1
Bmp5_Bmpr1a_Bmpr2,"[""Bmp5"",""Bmpr1a_Bmpr2""]",Bmp5,Bmpr1a_Bmpr2,1
Bmp5_Bmpr1b_Acvr2a,"[""Bmp5"",""Bmpr1b_Acvr2a""]",Bmp5,Bmpr1b_Acvr2a,1
Bmp5_Bmpr1b_Acvr2b,"[""Bmp5"",""Bmpr1b_Acvr2b""]",Bmp5,Bmpr1b_Acvr2b,1
Bmp5_Bmpr1b_Bmpr2,"[""Bmp5"",""Bmpr1b_Bmpr2""]",Bmp5,Bmpr1b_Bmpr2,1
Bmp6_Acvr1_Acvr2a,"[""Bmp6"",""Acvr1_Acvr2a""]",Bmp6,Acvr1_Acvr2a,1
Bmp6_Acvr1_Acvr2b,"[""Bmp6"",""Acvr1_Acvr2b""]",Bmp6,Acvr1_Acvr2b,1
Bmp6_Acvr1_Bmpr2,"[""Bmp6"",""Acvr1_Bmpr2""]",Bmp6,Acvr1_Bmpr2,1
Bmp6_Bmpr1a_Acvr2a,"[""Bmp6"",""Bmpr1a_Acvr2a""]",Bmp6,Bmpr1a_Acvr2a,1
Bmp6_Bmpr1a_Acvr2b,"[""Bmp6"",""Bmpr1a_Acvr2b""]",Bmp6,Bmpr1a_Acvr2b,1
Bmp6_Bmpr1a_Bmpr2,"[""Bmp6"",""Bmpr1a_Bmpr2""]",Bmp6,Bmpr1a_Bmpr2,1
Bmp6_Bmpr1b_Acvr2a,"[""Bmp6"",""Bmpr1b_Acvr2a""]",Bmp6,Bmpr1b_Acvr2a,1
Bmp6_Bmpr1b_Acvr2b,"[""Bmp6"",""Bmpr1b_Acvr2b""]",Bmp6,Bmpr1b_Acvr2b,1
Bmp6_Bmpr1b_Bmpr2,"[""Bmp6"",""Bmpr1b_Bmpr2""]",Bmp6,Bmpr1b_Bmpr2,1
Bmp7_Acvr1_Acvr2a,"[""Bmp7"",""Acvr1_Acvr2a""]",Bmp7,Acvr1_Acvr2a,1
Bmp7_Acvr1_Acvr2b,"[""Bmp7"",""Acvr1_Acvr2b""]",Bmp7,Acvr1_Acvr2b,1
Bmp7_Acvr1_Bmpr2,"[""Bmp7"",""Acvr1_Bmpr2""]",Bmp7,Acvr1_Bmpr2,1
Bmp7_Bmpr1a_Acvr2a,"[""Bmp7"",""Bmpr1a_Acvr2a""]",Bmp7,Bmpr1a_Acvr2a,1
Bmp7_Bmpr1a_Acvr2b,"[""Bmp7"",""Bmpr1a_Acvr2b""]",Bmp7,Bmpr1a_Acvr2b,1
Bmp7_Bmpr1a_Bmpr2,"[""Bmp7"",""Bmpr1a_Bmpr2""]",Bmp7,Bmpr1a_Bmpr2,1
Bmp7_Bmpr1b_Acvr2a,"[""Bmp7"",""Bmpr1b_Acvr2a""]",Bmp7,Bmpr1b_Acvr2a,1
Bmp7_Bmpr1b_Acvr2b,"[""Bmp7"",""Bmpr1b_Acvr2b""]",Bmp7,Bmpr1b_Acvr2b,1
Bmp7_Bmpr1b_Bmpr2,"[""Bmp7"",""Bmpr1b_Bmpr2""]",Bmp7,Bmpr1b_Bmpr2,1
Bmp8a_Acvr1_Acvr2a,"[""Bmp8a"",""Acvr1_Acvr2a""]",Bmp8a,Acvr1_Acvr2a,1
Bmp8a_Acvr1_Acvr2b,"[""Bmp8a"",""Acvr1_Acvr2b""]",Bmp8a,Acvr1_Acvr2b,1
Bmp8a_Acvr1_Bmpr2,"[""Bmp8a"",""Acvr1_Bmpr2""]",Bmp8a,Acvr1_Bmpr2,1
Bmp8a_Bmpr1a_Acvr2a,"[""Bmp8a"",""Bmpr1a_Acvr2a""]",Bmp8a,Bmpr1a_Acvr2a,1
Bmp8a_Bmpr1a_Acvr2b,"[""Bmp8a"",""Bmpr1a_Acvr2b""]",Bmp8a,Bmpr1a_Acvr2b,1
Bmp8a_Bmpr1a_Bmpr2,"[""Bmp8a"",""Bmpr1a_Bmpr2""]",Bmp8a,Bmpr1a_Bmpr2,1
Bmp8a_Bmpr1b_Acvr2a,"[""Bmp8a"",""Bmpr1b_Acvr2a""]",Bmp8a,Bmpr1b_Acvr2a,1
Bmp8a_Bmpr1b_Acvr2b,"[""Bmp8a"",""Bmpr1b_Acvr2b""]",Bmp8a,Bmpr1b_Acvr2b,1
Bmp8a_Bmpr1b_Bmpr2,"[""Bmp8a"",""Bmpr1b_Bmpr2""]",Bmp8a,Bmpr1b_Bmpr2,1
Bmp8b_Acvr1_Acvr2a,"[""Bmp8b"",""Acvr1_Acvr2a""]",Bmp8b,Acvr1_Acvr2a,1
Bmp8b_Acvr1_Acvr2b,"[""Bmp8b"",""Acvr1_Acvr2b""]",Bmp8b,Acvr1_Acvr2b,1
Bmp8b_Acvr1_Bmpr2,"[""Bmp8b"",""Acvr1_Bmpr2""]",Bmp8b,Acvr1_Bmpr2,1
Bmp8b_Bmpr1a_Acvr2a,"[""Bmp8b"",""Bmpr1a_Acvr2a""]",Bmp8b,Bmpr1a_Acvr2a,1
Bmp8b_Bmpr1a_Acvr2b,"[""Bmp8b"",""Bmpr1a_Acvr2b""]",Bmp8b,Bmpr1a_Acvr2b,1
Bmp8b_Bmpr1a_Bmpr2,"[""Bmp8b"",""Bmpr1a_Bmpr2""]",Bmp8b,Bmpr1a_Bmpr2,1
Bmp8b_Bmpr1b_Acvr2a,"[""Bmp8b"",""Bmpr1b_Acvr2a""]",Bmp8b,Bmpr1b_Acvr2a,1
Bmp8b_Bmpr1b_Acvr2b,"[""Bmp8b"",""Bmpr1b_Acvr2b""]",Bmp8b,Bmpr1b_Acvr2b,1
Bmp8b_Bmpr1b_Bmpr2,"[""Bmp8b"",""Bmpr1b_Bmpr2""]",Bmp8b,Bmpr1b_Bmpr2,1
Btc_Egfr,"[""Btc"",""Egfr""]",Btc,Egfr,1
Btc_Egfr_Erbb2,"[""Btc"",""Egfr_Erbb2""]",Btc,Egfr_Erbb2,1
Btc_Erbb2_Erbb4,"[""Btc"",""Erbb2_Erbb4""]",Btc,Erbb2_Erbb4,1
Btc_Erbb4,"[""Btc"",""Erbb4""]",Btc,Erbb4,1
Btla_Tnfrsf14,"[""Btla"",""Tnfrsf14""]",Btla,Tnfrsf14,1
C3_C3ar1,"[""C3"",""C3ar1""]",C3,C3ar1,2
C3_Cr2,"[""C3"",""Cr2""]",C3,Cr2,1
C3_Itgam_Itgb2,"[""C3"",""Itgam_Itgb2""]",C3,Itgam_Itgb2,1
C3_Itgax_Itgb2,"[""C3"",""Itgax_Itgb2""]",C3,Itgax_Itgb2,1
C4b_Cr2,"[""C4b"",""Cr2""]",C4b,Cr2,1
Cadm1_Cadm1,"[""Cadm1"",""Cadm1""]",Cadm1,Cadm1,1
Cadm3_Cadm3,"[""Cadm3"",""Cadm3""]",Cadm3,Cadm3,3
Calca_Calcr,"[""Calca"",""Calcr""]",Calca,Calcr,1
Calca_Calcrl,"[""Calca"",""Calcrl""]",Calca,Calcrl,1
Calcb_Calcr,"[""Calcb"",""Calcr""]",Calcb,Calcr,2
Calcb_Calcrl,"[""Calcb"",""Calcrl""]",Calcb,Calcrl,1
Cck_Cckar,"[""Cck"",""Cckar""]",Cck,Cckar,1
Cck_Cckbr,"[""Cck"",""Cckbr""]",Cck,Cckbr,1
Ccl1_Ackr1,"[""Ccl1"",""Ackr1""]",Ccl1,Ackr1,2
Ccl1_Ackr4,"[""Ccl1"",""Ackr4""]",Ccl1,Ackr4,1
Ccl11_Ackr1,"[""Ccl11"",""Ackr1""]",Ccl11,Ackr1,2
Ccl11_Ackr2,"[""Ccl11"",""Ackr2""]",Ccl11,Ackr2,1
Ccl12_Ccr2,"[""Ccl12"",""Ccr2""]",Ccl12,Ccr2,1
Ccl17_Ackr1,"[""Ccl17"",""Ackr1""]",Ccl17,Ackr1,2
Ccl17_Ackr2,"[""Ccl17"",""Ackr2""]",Ccl17,Ackr2,1
Ccl17_Ccr4,"[""Ccl17"",""Ccr4""]",Ccl17,Ccr4,1
Ccl2_Ackr1,"[""Ccl2"",""Ackr1""]",Ccl2,Ackr1,1
Ccl2_Ackr2,"[""Ccl2"",""Ackr2""]",Ccl2,Ackr2,1
Ccl2_Ccr2,"[""Ccl2"",""Ccr2""]",Ccl2,Ccr2,1
Ccl20_Ccr6,"[""Ccl20"",""Ccr6""]",Ccl20,Ccr6,1
Ccl22_Ackr2,"[""Ccl22"",""Ackr2""]",Ccl22,Ackr2,1
Ccl22_Ccr4,"[""Ccl22"",""Ccr4""]",Ccl22,Ccr4,1
Ccl24_Ackr2,"[""Ccl24"",""Ackr2""]",Ccl24,Ackr2,1
Ccl25_Ackr4,"[""Ccl25"",""Ackr4""]",Ccl25,Ackr4,1
Ccl25_Ccr9,"[""Ccl25"",""Ccr9""]",Ccl25,Ccr9,1
Ccl27a_Ccr10,"[""Ccl27a"",""Ccr10""]",Ccl27a,Ccr10,1
Ccl27a_Ccr2,"[""Ccl27a"",""Ccr2""]",Ccl27a,Ccr2,2
Ccl28_Ccr10,"[""Ccl28"",""Ccr10""]",Ccl28,Ccr10,1
Ccl3_Ackr2,"[""Ccl3"",""Ackr2""]",Ccl3,Ackr2,1
Ccl3_Ccr1,"[""Ccl3"",""Ccr1""]",Ccl3,Ccr1,1
Ccl3_Ccr5,"[""Ccl3"",""Ccr5""]",Ccl3,Ccr5,1
Ccl4_Ackr2,"[""Ccl4"",""Ackr2""]",Ccl4,Ackr2,1
Ccl4_Ccr5,"[""Ccl4"",""Ccr5""]",Ccl4,Ccr5,1
Ccl5_Ackr1,"[""Ccl5"",""Ackr1""]",Ccl5,Ackr1,2
Ccl5_Ackr2,"[""Ccl5"",""Ackr2""]",Ccl5,Ackr2,1
Ccl5_Ccr1,"[""Ccl5"",""Ccr1""]",Ccl5,Ccr1,1
Ccl5_Ccr4,"[""Ccl5"",""Ccr4""]",Ccl5,Ccr4,1
Ccl5_Ccr5,"[""Ccl5"",""Ccr5""]",Ccl5,Ccr5,1
Ccl6_Ccr1,"[""Ccl6"",""Ccr1""]",Ccl6,Ccr1,2
Ccl6_Ccr2,"[""Ccl6"",""Ccr2""]",Ccl6,Ccr2,2
Ccl7_Ackr1,"[""Ccl7"",""Ackr1""]",Ccl7,Ackr1,1
Ccl7_Ccr1,"[""Ccl7"",""Ccr1""]",Ccl7,Ccr1,1
Ccl7_Ccr2,"[""Ccl7"",""Ccr2""]",Ccl7,Ccr2,1
Ccl9_Ccr1,"[""Ccl9"",""Ccr1""]",Ccl9,Ccr1,2
Cd1d1_Ceacam5,"[""Cd1d1"",""Ceacam5""]",Cd1d1,Ceacam5,1
Cd200_Cd200r1,"[""Cd200"",""Cd200r1""]",Cd200,Cd200r1,2
Cd200_Cd200r2,"[""Cd200"",""Cd200r2""]",Cd200,Cd200r2,1
Cd200_Cd200r3,"[""Cd200"",""Cd200r3""]",Cd200,Cd200r3,1
Cd200_Cd200r4,"[""Cd200"",""Cd200r4""]",Cd200,Cd200r4,2
Cd22_Ptprc,"[""Cd22"",""Ptprc""]",Cd22,Ptprc,1
Cd226_Nectin2,"[""Cd226"",""Nectin2""]",Cd226,Nectin2,1
Cd226_Pvr,"[""Cd226"",""Pvr""]",Cd226,Pvr,1
Cd274_Pdcd1,"[""Cd274"",""Pdcd1""]",Cd274,Pdcd1,1
Cd34_Selp,"[""Cd34"",""Selp""]",Cd34,Selp,1
Cd46_Jag1,"[""Cd46"",""Jag1""]",Cd46,Jag1,1
Cd52_Siglecg,"[""Cd52"",""Siglecg""]",Cd52,Siglecg,1
Cd6_Alcam,"[""Cd6"",""Alcam""]",Cd6,Alcam,1
Cd70_Cd27,"[""Cd70"",""Cd27""]",Cd70,Cd27,1
Cd80_Cd274,"[""Cd80"",""Cd274""]",Cd80,Cd274,1
Cd80_Cd28,"[""Cd80"",""Cd28""]",Cd80,Cd28,1
Cd80_Ctla4,"[""Cd80"",""Ctla4""]",Cd80,Ctla4,1
Cd86_Cd28,"[""Cd86"",""Cd28""]",Cd86,Cd28,1
Cd86_Ctla4,"[""Cd86"",""Ctla4""]",Cd86,Ctla4,1
Cd8a_Ceacam5,"[""Cd8a"",""Ceacam5""]",Cd8a,Ceacam5,1
Cd96_Nectin1,"[""Cd96"",""Nectin1""]",Cd96,Nectin1,1
Cd96_Pvr,"[""Cd96"",""Pvr""]",Cd96,Pvr,1
Cdh1_Cdh1,"[""Cdh1"",""Cdh1""]",Cdh1,Cdh1,1
Cdh1_Itga2_Itgb1,"[""Cdh1"",""Itga2_Itgb1""]",Cdh1,Itga2_Itgb1,1
Cdh1_Itgae_Itgb7,"[""Cdh1"",""Itgae_Itgb7""]",Cdh1,Itgae_Itgb7,1
Cdh1_Klrg1,"[""Cdh1"",""Klrg1""]",Cdh1,Klrg1,1
Cdh15_Cdh15,"[""Cdh15"",""Cdh15""]",Cdh15,Cdh15,1
Cdh2_Cdh2,"[""Cdh2"",""Cdh2""]",Cdh2,Cdh2,1
Cdh4_Cdh4,"[""Cdh4"",""Cdh4""]",Cdh4,Cdh4,1
Cdh5_Cdh5,"[""Cdh5"",""Cdh5""]",Cdh5,Cdh5,1
Ceacam1_Ceacam5,"[""Ceacam1"",""Ceacam5""]",Ceacam1,Ceacam5,1
Cga_Fshr,"[""Cga"",""Fshr""]",Cga,Fshr,1
Cga_Lhcgr,"[""Cga"",""Lhcgr""]",Cga,Lhcgr,1
Cga_Tshr,"[""Cga"",""Tshr""]",Cga,Tshr,1
Chad_Itga2_Itgb1,"[""Chad"",""Itga2_Itgb1""]",Chad,Itga2_Itgb1,1
Clcf1_Cntfr_Lifr_Il6st,"[""Clcf1"",""Cntfr_Lifr_Il6st""]",Clcf1,Cntfr_Lifr_Il6st,1
Cldn11_Cldn11,"[""Cldn11"",""Cldn11""]",Cldn11,Cldn11,1
Clec2g_Klrb1,"[""Clec2g"",""Klrb1""]",Clec2g,Klrb1,1
Clec2g_Klrb1f,"[""Clec2g"",""Klrb1f""]",Clec2g,Klrb1f,1
Clec2h_Klrb1,"[""Clec2h"",""Klrb1""]",Clec2h,Klrb1,1
Clec2i_Klrb1,"[""Clec2i"",""Klrb1""]",Clec2i,Klrb1,1
Clec2i_Klrb1f,"[""Clec2i"",""Klrb1f""]",Clec2i,Klrb1f,1
Cntf_Cntfr_Lifr_Il6st,"[""Cntf"",""Cntfr_Lifr_Il6st""]",Cntf,Cntfr_Lifr_Il6st,1
Cntn1_Nrcam,"[""Cntn1"",""Nrcam""]",Cntn1,Nrcam,2
Cntn2_Cntn2,"[""Cntn2"",""Cntn2""]",Cntn2,Cntn2,2
Cntn2_Cntn2_Cntnap2,"[""Cntn2"",""Cntn2_Cntnap2""]",Cntn2,Cntn2_Cntnap2,2
Cntn2_L1cam,"[""Cntn2"",""L1cam""]",Cntn2,L1cam,2
Col1a1_Cd44,"[""Col1a1"",""Cd44""]",Col1a1,Cd44,3
Col1a1_Gp6,"[""Col1a1"",""Gp6""]",Col1a1,Gp6,1
Col1a1_Itga10_Itgb1,"[""Col1a1"",""Itga10_Itgb1""]",Col1a1,Itga10_Itgb1,1
Col1a1_Itga11_Itgb1,"[""Col1a1"",""Itga11_Itgb1""]",Col1a1,Itga11_Itgb1,1
Col1a1_Itga1_Itgb1,"[""Col1a1"",""Itga1_Itgb1""]",Col1a1,Itga1_Itgb1,1
Col1a1_Itga2_Itgb1,"[""Col1a1"",""Itga2_Itgb1""]",Col1a1,Itga2_Itgb1,1
Col1a1_Itga3_Itgb1,"[""Col1a1"",""Itga3_Itgb1""]",Col1a1,Itga3_Itgb1,1
Col1a1_Itga9_Itgb1,"[""Col1a1"",""Itga9_Itgb1""]",Col1a1,Itga9_Itgb1,1
Col1a1_Itgav_Itgb8,"[""Col1a1"",""Itgav_Itgb8""]",Col1a1,Itgav_Itgb8,1
Col1a1_Sdc1,"[""Col1a1"",""Sdc1""]",Col1a1,Sdc1,1
Col1a1_Sdc4,"[""Col1a1"",""Sdc4""]",Col1a1,Sdc4,1
Col1a2_Cd44,"[""Col1a2"",""Cd44""]",Col1a2,Cd44,3
Col1a2_Gp6,"[""Col1a2"",""Gp6""]",Col1a2,Gp6,1
Col1a2_Itga10_Itgb1,"[""Col1a2"",""Itga10_Itgb1""]",Col1a2,Itga10_Itgb1,1
Col1a2_Itga11_Itgb1,"[""Col1a2"",""Itga11_Itgb1""]",Col1a2,Itga11_Itgb1,1
Col1a2_Itga1_Itgb1,"[""Col1a2"",""Itga1_Itgb1""]",Col1a2,Itga1_Itgb1,1
Col1a2_Itga2_Itgb1,"[""Col1a2"",""Itga2_Itgb1""]",Col1a2,Itga2_Itgb1,1
Col1a2_Itga3_Itgb1,"[""Col1a2"",""Itga3_Itgb1""]",Col1a2,Itga3_Itgb1,1
Col1a2_Itga9_Itgb1,"[""Col1a2"",""Itga9_Itgb1""]",Col1a2,Itga9_Itgb1,1
Col1a2_Itgav_Itgb8,"[""Col1a2"",""Itgav_Itgb8""]",Col1a2,Itgav_Itgb8,1
Col1a2_Sdc1,"[""Col1a2"",""Sdc1""]",Col1a2,Sdc1,1
Col1a2_Sdc4,"[""Col1a2"",""Sdc4""]",Col1a2,Sdc4,1
Col2a1_Cd44,"[""Col2a1"",""Cd44""]",Col2a1,Cd44,1
Col2a1_Gp6,"[""Col2a1"",""Gp6""]",Col2a1,Gp6,1
Col2a1_Itga10_Itgb1,"[""Col2a1"",""Itga10_Itgb1""]",Col2a1,Itga10_Itgb1,1
Col2a1_Itga11_Itgb1,"[""Col2a1"",""Itga11_Itgb1""]",Col2a1,Itga11_Itgb1,1
Col2a1_Itga1_Itgb1,"[""Col2a1"",""Itga1_Itgb1""]",Col2a1,Itga1_Itgb1,1
Col2a1_Itga2_Itgb1,"[""Col2a1"",""Itga2_Itgb1""]",Col2a1,Itga2_Itgb1,1
Col2a1_Itga3_Itgb1,"[""Col2a1"",""Itga3_Itgb1""]",Col2a1,Itga3_Itgb1,1
Col2a1_Itga9_Itgb1,"[""Col2a1"",""Itga9_Itgb1""]",Col2a1,Itga9_Itgb1,1
Col2a1_Itgav_Itgb8,"[""Col2a1"",""Itgav_Itgb8""]",Col2a1,Itgav_Itgb8,1
Col2a1_Sdc1,"[""Col2a1"",""Sdc1""]",Col2a1,Sdc1,1
Col2a1_Sdc4,"[""Col2a1"",""Sdc4""]",Col2a1,Sdc4,1
Col4a1_Cd44,"[""Col4a1"",""Cd44""]",Col4a1,Cd44,1
Col4a1_Gp6,"[""Col4a1"",""Gp6""]",Col4a1,Gp6,1
Col4a1_Itga10_Itgb1,"[""Col4a1"",""Itga10_Itgb1""]",Col4a1,Itga10_Itgb1,1
Col4a1_Itga11_Itgb1,"[""Col4a1"",""Itga11_Itgb1""]",Col4a1,Itga11_Itgb1,1
Col4a1_Itga1_Itgb1,"[""Col4a1"",""Itga1_Itgb1""]",Col4a1,Itga1_Itgb1,1
Col4a1_Itga2_Itgb1,"[""Col4a1"",""Itga2_Itgb1""]",Col4a1,Itga2_Itgb1,1
Col4a1_Itga3_Itgb1,"[""Col4a1"",""Itga3_Itgb1""]",Col4a1,Itga3_Itgb1,1
Col4a1_Itga9_Itgb1,"[""Col4a1"",""Itga9_Itgb1""]",Col4a1,Itga9_Itgb1,1
Col4a1_Itgav_Itgb8,"[""Col4a1"",""Itgav_Itgb8""]",Col4a1,Itgav_Itgb8,1
Col4a1_Sdc1,"[""Col4a1"",""Sdc1""]",Col4a1,Sdc1,1
Col4a1_Sdc4,"[""Col4a1"",""Sdc4""]",Col4a1,Sdc4,1
Col4a2_Cd44,"[""Col4a2"",""Cd44""]",Col4a2,Cd44,1
Col4a2_Gp6,"[""Col4a2"",""Gp6""]",Col4a2,Gp6,1
Col4a2_Itga10_Itgb1,"[""Col4a2"",""Itga10_Itgb1""]",Col4a2,Itga10_Itgb1,1
Col4a2_Itga11_Itgb1,"[""Col4a2"",""Itga11_Itgb1""]",Col4a2,Itga11_Itgb1,1
Col4a2_Itga1_Itgb1,"[""Col4a2"",""Itga1_Itgb1""]",Col4a2,Itga1_Itgb1,1
Col4a2_Itga2_Itgb1,"[""Col4a2"",""Itga2_Itgb1""]",Col4a2,Itga2_Itgb1,1
Col4a2_Itga3_Itgb1,"[""Col4a2"",""Itga3_Itgb1""]",Col4a2,Itga3_Itgb1,1
Col4a2_Itga9_Itgb1,"[""Col4a2"",""Itga9_Itgb1""]",Col4a2,Itga9_Itgb1,1
Col4a2_Itgav_Itgb8,"[""Col4a2"",""Itgav_Itgb8""]",Col4a2,Itgav_Itgb8,1
Col4a2_Sdc1,"[""Col4a2"",""Sdc1""]",Col4a2,Sdc1,1
Col4a2_Sdc4,"[""Col4a2"",""Sdc4""]",Col4a2,Sdc4,1
Col4a3_Cd44,"[""Col4a3"",""Cd44""]",Col4a3,Cd44,1
Col4a3_Gp6,"[""Col4a3"",""Gp6""]",Col4a3,Gp6,1
Col4a3_Itga10_Itgb1,"[""Col4a3"",""Itga10_Itgb1""]",Col4a3,Itga10_Itgb1,1
Col4a3_Itga11_Itgb1,"[""Col4a3"",""Itga11_Itgb1""]",Col4a3,Itga11_Itgb1,1
Col4a3_Itga1_Itgb1,"[""Col4a3"",""Itga1_Itgb1""]",Col4a3,Itga1_Itgb1,1
Col4a3_Itga2_Itgb1,"[""Col4a3"",""Itga2_Itgb1""]",Col4a3,Itga2_Itgb1,1
Col4a3_Itga3_Itgb1,"[""Col4a3"",""Itga3_Itgb1""]",Col4a3,Itga3_Itgb1,1
Col4a3_Itga9_Itgb1,"[""Col4a3"",""Itga9_Itgb1""]",Col4a3,Itga9_Itgb1,1
Col4a3_Itgav_Itgb8,"[""Col4a3"",""Itgav_Itgb8""]",Col4a3,Itgav_Itgb8,1
Col4a3_Sdc1,"[""Col4a3"",""Sdc1""]",Col4a3,Sdc1,1
Col4a3_Sdc4,"[""Col4a3"",""Sdc4""]",Col4a3,Sdc4,1
Col4a4_Cd44,"[""Col4a4"",""Cd44""]",Col4a4,Cd44,2
Col4a4_Gp6,"[""Col4a4"",""Gp6""]",Col4a4,Gp6,1
Col4a4_Itga10_Itgb1,"[""Col4a4"",""Itga10_Itgb1""]",Col4a4,Itga10_Itgb1,1
Col4a4_Itga11_Itgb1,"[""Col4a4"",""Itga11_Itgb1""]",Col4a4,Itga11_Itgb1,1
Col4a4_Itga1_Itgb1,"[""Col4a4"",""Itga1_Itgb1""]",Col4a4,Itga1_Itgb1,1
Col4a4_Itga2_Itgb1,"[""Col4a4"",""Itga2_Itgb1""]",Col4a4,Itga2_Itgb1,1
Col4a4_Itga3_Itgb1,"[""Col4a4"",""Itga3_Itgb1""]",Col4a4,Itga3_Itgb1,1
Col4a4_Itga9_Itgb1,"[""Col4a4"",""Itga9_Itgb1""]",Col4a4,Itga9_Itgb1,1
Col4a4_Itgav_Itgb8,"[""Col4a4"",""Itgav_Itgb8""]",Col4a4,Itgav_Itgb8,1
Col4a4_Sdc1,"[""Col4a4"",""Sdc1""]",Col4a4,Sdc1,1
Col4a4_Sdc4,"[""Col4a4"",""Sdc4""]",Col4a4,Sdc4,1
Col4a5_Cd44,"[""Col4a5"",""Cd44""]",Col4a5,Cd44,1
Col4a5_Gp6,"[""Col4a5"",""Gp6""]",Col4a5,Gp6,1
Col4a5_Itga10_Itgb1,"[""Col4a5"",""Itga10_Itgb1""]",Col4a5,Itga10_Itgb1,1
Col4a5_Itga11_Itgb1,"[""Col4a5"",""Itga11_Itgb1""]",Col4a5,Itga11_Itgb1,1
Col4a5_Itga1_Itgb1,"[""Col4a5"",""Itga1_Itgb1""]",Col4a5,Itga1_Itgb1,1
Col4a5_Itga2_Itgb1,"[""Col4a5"",""Itga2_Itgb1""]",Col4a5,Itga2_Itgb1,1
Col4a5_Itga3_Itgb1,"[""Col4a5"",""Itga3_Itgb1""]",Col4a5,Itga3_Itgb1,1
Col4a5_Itga9_Itgb1,"[""Col4a5"",""Itga9_Itgb1""]",Col4a5,Itga9_Itgb1,1
Col4a5_Itgav_Itgb8,"[""Col4a5"",""Itgav_Itgb8""]",Col4a5,Itgav_Itgb8,1
Col4a5_Sdc1,"[""Col4a5"",""Sdc1""]",Col4a5,Sdc1,1
Col4a5_Sdc4,"[""Col4a5"",""Sdc4""]",Col4a5,Sdc4,1
Col4a6_Cd44,"[""Col4a6"",""Cd44""]",Col4a6,Cd44,2
Col4a6_Gp6,"[""Col4a6"",""Gp6""]",Col4a6,Gp6,1
Col4a6_Itga10_Itgb1,"[""Col4a6"",""Itga10_Itgb1""]",Col4a6,Itga10_Itgb1,1
Col4a6_Itga11_Itgb1,"[""Col4a6"",""Itga11_Itgb1""]",Col4a6,Itga11_Itgb1,1
Col4a6_Itga1_Itgb1,"[""Col4a6"",""Itga1_Itgb1""]",Col4a6,Itga1_Itgb1,1
Col4a6_Itga2_Itgb1,"[""Col4a6"",""Itga2_Itgb1""]",Col4a6,Itga2_Itgb1,1
Col4a6_Itga3_Itgb1,"[""Col4a6"",""Itga3_Itgb1""]",Col4a6,Itga3_Itgb1,1
Col4a6_Itga9_Itgb1,"[""Col4a6"",""Itga9_Itgb1""]",Col4a6,Itga9_Itgb1,1
Col4a6_Itgav_Itgb8,"[""Col4a6"",""Itgav_Itgb8""]",Col4a6,Itgav_Itgb8,1
Col4a6_Sdc1,"[""Col4a6"",""Sdc1""]",Col4a6,Sdc1,1
Col4a6_Sdc4,"[""Col4a6"",""Sdc4""]",Col4a6,Sdc4,1
Col6a1_Cd44,"[""Col6a1"",""Cd44""]",Col6a1,Cd44,3
Col6a1_Gp6,"[""Col6a1"",""Gp6""]",Col6a1,Gp6,1
Col6a1_Itga10_Itgb1,"[""Col6a1"",""Itga10_Itgb1""]",Col6a1,Itga10_Itgb1,1
Col6a1_Itga11_Itgb1,"[""Col6a1"",""Itga11_Itgb1""]",Col6a1,Itga11_Itgb1,1
Col6a1_Itga1_Itgb1,"[""Col6a1"",""Itga1_Itgb1""]",Col6a1,Itga1_Itgb1,1
Col6a1_Itga2_Itgb1,"[""Col6a1"",""Itga2_Itgb1""]",Col6a1,Itga2_Itgb1,1
Col6a1_Itga3_Itgb1,"[""Col6a1"",""Itga3_Itgb1""]",Col6a1,Itga3_Itgb1,1
Col6a1_Itga9_Itgb1,"[""Col6a1"",""Itga9_Itgb1""]",Col6a1,Itga9_Itgb1,1
Col6a1_Itgav_Itgb8,"[""Col6a1"",""Itgav_Itgb8""]",Col6a1,Itgav_Itgb8,1
Col6a1_Sdc1,"[""Col6a1"",""Sdc1""]",Col6a1,Sdc1,1
Col6a1_Sdc4,"[""Col6a1"",""Sdc4""]",Col6a1,Sdc4,1
Col6a2_Cd44,"[""Col6a2"",""Cd44""]",Col6a2,Cd44,3
Col6a2_Gp6,"[""Col6a2"",""Gp6""]",Col6a2,Gp6,1
Col6a2_Itga10_Itgb1,"[""Col6a2"",""Itga10_Itgb1""]",Col6a2,Itga10_Itgb1,1
Col6a2_Itga11_Itgb1,"[""Col6a2"",""Itga11_Itgb1""]",Col6a2,Itga11_Itgb1,1
Col6a2_Itga1_Itgb1,"[""Col6a2"",""Itga1_Itgb1""]",Col6a2,Itga1_Itgb1,1
Col6a2_Itga2_Itgb1,"[""Col6a2"",""Itga2_Itgb1""]",Col6a2,Itga2_Itgb1,1
Col6a2_Itga3_Itgb1,"[""Col6a2"",""Itga3_Itgb1""]",Col6a2,Itga3_Itgb1,1
Col6a2_Itga9_Itgb1,"[""Col6a2"",""Itga9_Itgb1""]",Col6a2,Itga9_Itgb1,1
Col6a2_Itgav_Itgb8,"[""Col6a2"",""Itgav_Itgb8""]",Col6a2,Itgav_Itgb8,1
Col6a2_Sdc1,"[""Col6a2"",""Sdc1""]",Col6a2,Sdc1,1
Col6a2_Sdc4,"[""Col6a2"",""Sdc4""]",Col6a2,Sdc4,1
Col6a3_Cd44,"[""Col6a3"",""Cd44""]",Col6a3,Cd44,2
Col6a3_Gp6,"[""Col6a3"",""Gp6""]",Col6a3,Gp6,1
Col6a3_Itga10_Itgb1,"[""Col6a3"",""Itga10_Itgb1""]",Col6a3,Itga10_Itgb1,1
Col6a3_Itga11_Itgb1,"[""Col6a3"",""Itga11_Itgb1""]",Col6a3,Itga11_Itgb1,1
Col6a3_Itga1_Itgb1,"[""Col6a3"",""Itga1_Itgb1""]",Col6a3,Itga1_Itgb1,1
Col6a3_Itga2_Itgb1,"[""Col6a3"",""Itga2_Itgb1""]",Col6a3,Itga2_Itgb1,1
Col6a3_Itga3_Itgb1,"[""Col6a3"",""Itga3_Itgb1""]",Col6a3,Itga3_Itgb1,1
Col6a3_Itga9_Itgb1,"[""Col6a3"",""Itga9_Itgb1""]",Col6a3,Itga9_Itgb1,1
Col6a3_Itgav_Itgb8,"[""Col6a3"",""Itgav_Itgb8""]",Col6a3,Itgav_Itgb8,1
Col6a3_Sdc1,"[""Col6a3"",""Sdc1""]",Col6a3,Sdc1,1
Col6a3_Sdc4,"[""Col6a3"",""Sdc4""]",Col6a3,Sdc4,1
Col6a4_Cd44,"[""Col6a4"",""Cd44""]",Col6a4,Cd44,3
Col6a4_Gp6,"[""Col6a4"",""Gp6""]",Col6a4,Gp6,1
Col6a4_Itga10_Itgb1,"[""Col6a4"",""Itga10_Itgb1""]",Col6a4,Itga10_Itgb1,1
Col6a4_Itga11_Itgb1,"[""Col6a4"",""Itga11_Itgb1""]",Col6a4,Itga11_Itgb1,1
Col6a4_Itga1_Itgb1,"[""Col6a4"",""Itga1_Itgb1""]",Col6a4,Itga1_Itgb1,1
Col6a4_Itga2_Itgb1,"[""Col6a4"",""Itga2_Itgb1""]",Col6a4,Itga2_Itgb1,1
Col6a4_Itga3_Itgb1,"[""Col6a4"",""Itga3_Itgb1""]",Col6a4,Itga3_Itgb1,1
Col6a4_Itga9_Itgb1,"[""Col6a4"",""Itga9_Itgb1""]",Col6a4,Itga9_Itgb1,1
Col6a4_Itgav_Itgb8,"[""Col6a4"",""Itgav_Itgb8""]",Col6a4,Itgav_Itgb8,1
Col6a4_Sdc1,"[""Col6a4"",""Sdc1""]",Col6a4,Sdc1,1
Col6a4_Sdc4,"[""Col6a4"",""Sdc4""]",Col6a4,Sdc4,1
Col6a5_Cd44,"[""Col6a5"",""Cd44""]",Col6a5,Cd44,2
Col6a5_Gp6,"[""Col6a5"",""Gp6""]",Col6a5,Gp6,1
Col6a5_Itga10_Itgb1,"[""Col6a5"",""Itga10_Itgb1""]",Col6a5,Itga10_Itgb1,1
Col6a5_Itga11_Itgb1,"[""Col6a5"",""Itga11_Itgb1""]",Col6a5,Itga11_Itgb1,1
Col6a5_Itga1_Itgb1,"[""Col6a5"",""Itga1_Itgb1""]",Col6a5,Itga1_Itgb1,1
Col6a5_Itga2_Itgb1,"[""Col6a5"",""Itga2_Itgb1""]",Col6a5,Itga2_Itgb1,1
Col6a5_Itga3_Itgb1,"[""Col6a5"",""Itga3_Itgb1""]",Col6a5,Itga3_Itgb1,1
Col6a5_Itga9_Itgb1,"[""Col6a5"",""Itga9_Itgb1""]",Col6a5,Itga9_Itgb1,1
Col6a5_Itgav_Itgb8,"[""Col6a5"",""Itgav_Itgb8""]",Col6a5,Itgav_Itgb8,1
Col6a5_Sdc1,"[""Col6a5"",""Sdc1""]",Col6a5,Sdc1,1
Col6a5_Sdc4,"[""Col6a5"",""Sdc4""]",Col6a5,Sdc4,1
Col6a6_Cd44,"[""Col6a6"",""Cd44""]",Col6a6,Cd44,2
Col6a6_Gp6,"[""Col6a6"",""Gp6""]",Col6a6,Gp6,1
Col6a6_Itga10_Itgb1,"[""Col6a6"",""Itga10_Itgb1""]",Col6a6,Itga10_Itgb1,1
Col6a6_Itga11_Itgb1,"[""Col6a6"",""Itga11_Itgb1""]",Col6a6,Itga11_Itgb1,1
Col6a6_Itga1_Itgb1,"[""Col6a6"",""Itga1_Itgb1""]",Col6a6,Itga1_Itgb1,1
Col6a6_Itga2_Itgb1,"[""Col6a6"",""Itga2_Itgb1""]",Col6a6,Itga2_Itgb1,1
Col6a6_Itga3_Itgb1,"[""Col6a6"",""Itga3_Itgb1""]",Col6a6,Itga3_Itgb1,1
Col6a6_Itga9_Itgb1,"[""Col6a6"",""Itga9_Itgb1""]",Col6a6,Itga9_Itgb1,1
Col6a6_Itgav_Itgb8,"[""Col6a6"",""Itgav_Itgb8""]",Col6a6,Itgav_Itgb8,1
Col6a6_Sdc1,"[""Col6a6"",""Sdc1""]",Col6a6,Sdc1,1
Col6a6_Sdc4,"[""Col6a6"",""Sdc4""]",Col6a6,Sdc4,1
Col9a1_Cd44,"[""Col9a1"",""Cd44""]",Col9a1,Cd44,1
Col9a1_Gp6,"[""Col9a1"",""Gp6""]",Col9a1,Gp6,1
Col9a1_Itga10_Itgb1,"[""Col9a1"",""Itga10_Itgb1""]",Col9a1,Itga10_Itgb1,1
Col9a1_Itga11_Itgb1,"[""Col9a1"",""Itga11_Itgb1""]",Col9a1,Itga11_Itgb1,1
Col9a1_Itga1_Itgb1,"[""Col9a1"",""Itga1_Itgb1""]",Col9a1,Itga1_Itgb1,1
Col9a1_Itga2_Itgb1,"[""Col9a1"",""Itga2_Itgb1""]",Col9a1,Itga2_Itgb1,1
Col9a1_Itga3_Itgb1,"[""Col9a1"",""Itga3_Itgb1""]",Col9a1,Itga3_Itgb1,1
Col9a1_Itga9_Itgb1,"[""Col9a1"",""Itga9_Itgb1""]",Col9a1,Itga9_Itgb1,1
Col9a1_Itgav_Itgb8,"[""Col9a1"",""Itgav_Itgb8""]",Col9a1,Itgav_Itgb8,1
Col9a1_Sdc1,"[""Col9a1"",""Sdc1""]",Col9a1,Sdc1,1
Col9a1_Sdc4,"[""Col9a1"",""Sdc4""]",Col9a1,Sdc4,1
Col9a2_Cd44,"[""Col9a2"",""Cd44""]",Col9a2,Cd44,2
Col9a2_Gp6,"[""Col9a2"",""Gp6""]",Col9a2,Gp6,1
Col9a2_Itga10_Itgb1,"[""Col9a2"",""Itga10_Itgb1""]",Col9a2,Itga10_Itgb1,1
Col9a2_Itga11_Itgb1,"[""Col9a2"",""Itga11_Itgb1""]",Col9a2,Itga11_Itgb1,1
Col9a2_Itga1_Itgb1,"[""Col9a2"",""Itga1_Itgb1""]",Col9a2,Itga1_Itgb1,1
Col9a2_Itga2_Itgb1,"[""Col9a2"",""Itga2_Itgb1""]",Col9a2,Itga2_Itgb1,1
Col9a2_Itga3_Itgb1,"[""Col9a2"",""Itga3_Itgb1""]",Col9a2,Itga3_Itgb1,1
Col9a2_Itga9_Itgb1,"[""Col9a2"",""Itga9_Itgb1""]",Col9a2,Itga9_Itgb1,1
Col9a2_Itgav_Itgb8,"[""Col9a2"",""Itgav_Itgb8""]",Col9a2,Itgav_Itgb8,1
Col9a2_Sdc1,"[""Col9a2"",""Sdc1""]",Col9a2,Sdc1,1
Col9a2_Sdc4,"[""Col9a2"",""Sdc4""]",Col9a2,Sdc4,1
Col9a3_Cd44,"[""Col9a3"",""Cd44""]",Col9a3,Cd44,2
Col9a3_Gp6,"[""Col9a3"",""Gp6""]",Col9a3,Gp6,1
Col9a3_Itga10_Itgb1,"[""Col9a3"",""Itga10_Itgb1""]",Col9a3,Itga10_Itgb1,1
Col9a3_Itga11_Itgb1,"[""Col9a3"",""Itga11_Itgb1""]",Col9a3,Itga11_Itgb1,1
Col9a3_Itga1_Itgb1,"[""Col9a3"",""Itga1_Itgb1""]",Col9a3,Itga1_Itgb1,1
Col9a3_Itga2_Itgb1,"[""Col9a3"",""Itga2_Itgb1""]",Col9a3,Itga2_Itgb1,1
Col9a3_Itga3_Itgb1,"[""Col9a3"",""Itga3_Itgb1""]",Col9a3,Itga3_Itgb1,1
Col9a3_Itga9_Itgb1,"[""Col9a3"",""Itga9_Itgb1""]",Col9a3,Itga9_Itgb1,1
Col9a3_Itgav_Itgb8,"[""Col9a3"",""Itgav_Itgb8""]",Col9a3,Itgav_Itgb8,1
Col9a3_Sdc1,"[""Col9a3"",""Sdc1""]",Col9a3,Sdc1,1
Col9a3_Sdc4,"[""Col9a3"",""Sdc4""]",Col9a3,Sdc4,1
Comp_Cd36,"[""Comp"",""Cd36""]",Comp,Cd36,1
Comp_Cd47,"[""Comp"",""Cd47""]",Comp,Cd47,1
Comp_Itga3_Itgb1,"[""Comp"",""Itga3_Itgb1""]",Comp,Itga3_Itgb1,1
Comp_Itgav_Itgb3,"[""Comp"",""Itgav_Itgb3""]",Comp,Itgav_Itgb3,1
Comp_Sdc1,"[""Comp"",""Sdc1""]",Comp,Sdc1,1
Comp_Sdc4,"[""Comp"",""Sdc4""]",Comp,Sdc4,1
Cort_Sstr1,"[""Cort"",""Sstr1""]",Cort,Sstr1,1
Cort_Sstr2,"[""Cort"",""Sstr2""]",Cort,Sstr2,1
Cort_Sstr3,"[""Cort"",""Sstr3""]",Cort,Sstr3,1
Cort_Sstr4,"[""Cort"",""Sstr4""]",Cort,Sstr4,1
Cort_Sstr5,"[""Cort"",""Sstr5""]",Cort,Sstr5,1
Crh_Crhr1,"[""Crh"",""Crhr1""]",Crh,Crhr1,2
Crh_Crhr2,"[""Crh"",""Crhr2""]",Crh,Crhr2,1
Csf1_Csf1r,"[""Csf1"",""Csf1r""]",Csf1,Csf1r,1
Cspg4_Itga3_Itgb1,"[""Cspg4"",""Itga3_Itgb1""]",Cspg4,Itga3_Itgb1,1
Ctf1_Lifr_Il6st,"[""Ctf1"",""Lifr_Il6st""]",Ctf1,Lifr_Il6st,1
Cx3cl1_Cx3cr1,"[""Cx3cl1"",""Cx3cr1""]",Cx3cl1,Cx3cr1,1
Cxcl1_Ackr1,"[""Cxcl1"",""Ackr1""]",Cxcl1,Ackr1,2
Cxcl1_Cxcr2,"[""Cxcl1"",""Cxcr2""]",Cxcl1,Cxcr2,1
Cxcl10_Ackr1,"[""Cxcl10"",""Ackr1""]",Cxcl10,Ackr1,2
Cxcl12_Ackr3,"[""Cxcl12"",""Ackr3""]",Cxcl12,Ackr3,1
Cxcl12_Cxcr4,"[""Cxcl12"",""Cxcr4""]",Cxcl12,Cxcr4,1
Cxcl13_Ackr1,"[""Cxcl13"",""Ackr1""]",Cxcl13,Ackr1,2
Cxcl13_Cxcr5,"[""Cxcl13"",""Cxcr5""]",Cxcl13,Cxcr5,1
Cxcl16_Cxcr6,"[""Cxcl16"",""Cxcr6""]",Cxcl16,Cxcr6,1
Cxcl2_Ackr1,"[""Cxcl2"",""Ackr1""]",Cxcl2,Ackr1,2
Cxcl2_Cxcr2,"[""Cxcl2"",""Cxcr2""]",Cxcl2,Cxcr2,1
Cxcl3_Ackr1,"[""Cxcl3"",""Ackr1""]",Cxcl3,Ackr1,1
Cxcl3_Cxcr2,"[""Cxcl3"",""Cxcr2""]",Cxcl3,Cxcr2,1
Cxcl5_Ackr1,"[""Cxcl5"",""Ackr1""]",Cxcl5,Ackr1,2
Cxcl5_Cxcr2,"[""Cxcl5"",""Cxcr2""]",Cxcl5,Cxcr2,1
Dhh_Ptch1_Smo,"[""Dhh"",""Ptch1_Smo""]",Dhh,Ptch1_Smo,1
Dhh_Ptch2_Smo,"[""Dhh"",""Ptch2_Smo""]",Dhh,Ptch2_Smo,1
Dlk1_Notch1,"[""Dlk1"",""Notch1""]",Dlk1,Notch1,1
Dlk1_Notch2,"[""Dlk1"",""Notch2""]",Dlk1,Notch2,1
Dlk1_Notch3,"[""Dlk1"",""Notch3""]",Dlk1,Notch3,1
Dlk1_Notch4,"[""Dlk1"",""Notch4""]",Dlk1,Notch4,1
Dll1_Notch1,"[""Dll1"",""Notch1""]",Dll1,Notch1,1
Dll1_Notch2,"[""Dll1"",""Notch2""]",Dll1,Notch2,1
Dll1_Notch3,"[""Dll1"",""Notch3""]",Dll1,Notch3,1
Dll1_Notch4,"[""Dll1"",""Notch4""]",Dll1,Notch4,1
Dll3_Notch1,"[""Dll3"",""Notch1""]",Dll3,Notch1,1
Dll3_Notch2,"[""Dll3"",""Notch2""]",Dll3,Notch2,1
Dll3_Notch3,"[""Dll3"",""Notch3""]",Dll3,Notch3,1
Dll3_Notch4,"[""Dll3"",""Notch4""]",Dll3,Notch4,1
Dll4_Notch1,"[""Dll4"",""Notch1""]",Dll4,Notch1,1
Dll4_Notch2,"[""Dll4"",""Notch2""]",Dll4,Notch2,1
Dll4_Notch3,"[""Dll4"",""Notch3""]",Dll4,Notch3,1
Dll4_Notch4,"[""Dll4"",""Notch4""]",Dll4,Notch4,1
Dmp1_Itgav_Itgb3,"[""Dmp1"",""Itgav_Itgb3""]",Dmp1,Itgav_Itgb3,1
Dsc2_Dsg1c,"[""Dsc2"",""Dsg1c""]",Dsc2,Dsg1c,1
Dsc2_Dsg2,"[""Dsc2"",""Dsg2""]",Dsc2,Dsg2,1
Dsg1c_Dsc3,"[""Dsg1c"",""Dsc3""]",Dsg1c,Dsc3,1
Dsg2_Dsc3,"[""Dsg2"",""Dsc3""]",Dsg2,Dsc3,1
Dspp_Itgav_Itgb1,"[""Dspp"",""Itgav_Itgb1""]",Dspp,Itgav_Itgb1,1
Dspp_Itgav_Itgb6,"[""Dspp"",""Itgav_Itgb6""]",Dspp,Itgav_Itgb6,1
Eda_Eda2r,"[""Eda"",""Eda2r""]",Eda,Eda2r,1
Eda_Edar,"[""Eda"",""Edar""]",Eda,Edar,1
Edn1_Ednra,"[""Edn1"",""Ednra""]",Edn1,Ednra,1
Edn1_Ednrb,"[""Edn1"",""Ednrb""]",Edn1,Ednrb,1
Edn2_Ednra,"[""Edn2"",""Ednra""]",Edn2,Ednra,1
Edn2_Ednrb,"[""Edn2"",""Ednrb""]",Edn2,Ednrb,1
Edn3_Ednra,"[""Edn3"",""Ednra""]",Edn3,Ednra,1
Edn3_Ednrb,"[""Edn3"",""Ednrb""]",Edn3,Ednrb,1
Efna1_Epha1,"[""Efna1"",""Epha1""]",Efna1,Epha1,1
Efna1_Epha2,"[""Efna1"",""Epha2""]",Efna1,Epha2,1
Efna1_Epha3,"[""Efna1"",""Epha3""]",Efna1,Epha3,1
Efna1_Epha4,"[""Efna1"",""Epha4""]",Efna1,Epha4,1
Efna1_Epha5,"[""Efna1"",""Epha5""]",Efna1,Epha5,1
Efna1_Epha7,"[""Efna1"",""Epha7""]",Efna1,Epha7,1
Efna1_Epha8,"[""Efna1"",""Epha8""]",Efna1,Epha8,1
Efna2_Epha1,"[""Efna2"",""Epha1""]",Efna2,Epha1,1
Efna2_Epha2,"[""Efna2"",""Epha2""]",Efna2,Epha2,1
Efna2_Epha3,"[""Efna2"",""Epha3""]",Efna2,Epha3,1
Efna2_Epha4,"[""Efna2"",""Epha4""]",Efna2,Epha4,1
Efna2_Epha5,"[""Efna2"",""Epha5""]",Efna2,Epha5,1
Efna2_Epha7,"[""Efna2"",""Epha7""]",Efna2,Epha7,1
Efna2_Epha8,"[""Efna2"",""Epha8""]",Efna2,Epha8,1
Efna3_Epha1,"[""Efna3"",""Epha1""]",Efna3,Epha1,1
Efna3_Epha2,"[""Efna3"",""Epha2""]",Efna3,Epha2,1
Efna3_Epha3,"[""Efna3"",""Epha3""]",Efna3,Epha3,1
Efna3_Epha4,"[""Efna3"",""Epha4""]",Efna3,Epha4,1
Efna3_Epha5,"[""Efna3"",""Epha5""]",Efna3,Epha5,1
Efna3_Epha7,"[""Efna3"",""Epha7""]",Efna3,Epha7,1
Efna3_Epha8,"[""Efna3"",""Epha8""]",Efna3,Epha8,2
Efna4_Epha1,"[""Efna4"",""Epha1""]",Efna4,Epha1,1
Efna4_Epha2,"[""Efna4"",""Epha2""]",Efna4,Epha2,1
Efna4_Epha3,"[""Efna4"",""Epha3""]",Efna4,Epha3,1
Efna4_Epha4,"[""Efna4"",""Epha4""]",Efna4,Epha4,1
Efna4_Epha5,"[""Efna4"",""Epha5""]",Efna4,Epha5,1
Efna4_Epha7,"[""Efna4"",""Epha7""]",Efna4,Epha7,1
Efna4_Epha8,"[""Efna4"",""Epha8""]",Efna4,Epha8,1
Efna5_Epha1,"[""Efna5"",""Epha1""]",Efna5,Epha1,1
Efna5_Epha2,"[""Efna5"",""Epha2""]",Efna5,Epha2,1
Efna5_Epha3,"[""Efna5"",""Epha3""]",Efna5,Epha3,1
Efna5_Epha4,"[""Efna5"",""Epha4""]",Efna5,Epha4,1
Efna5_Epha5,"[""Efna5"",""Epha5""]",Efna5,Epha5,1
Efna5_Epha7,"[""Efna5"",""Epha7""]",Efna5,Epha7,1
Efna5_Epha8,"[""Efna5"",""Epha8""]",Efna5,Epha8,1
Efna5_Ephb2,"[""Efna5"",""Ephb2""]",Efna5,Ephb2,1
Efnb1_Epha4,"[""Efnb1"",""Epha4""]",Efnb1,Epha4,1
Efnb1_Ephb1,"[""Efnb1"",""Ephb1""]",Efnb1,Ephb1,1
Efnb1_Ephb2,"[""Efnb1"",""Ephb2""]",Efnb1,Ephb2,1
Efnb1_Ephb3,"[""Efnb1"",""Ephb3""]",Efnb1,Ephb3,1
Efnb1_Ephb4,"[""Efnb1"",""Ephb4""]",Efnb1,Ephb4,1
Efnb2_Epha4,"[""Efnb2"",""Epha4""]",Efnb2,Epha4,1
Efnb2_Ephb1,"[""Efnb2"",""Ephb1""]",Efnb2,Ephb1,1
Efnb2_Ephb2,"[""Efnb2"",""Ephb2""]",Efnb2,Ephb2,1
Efnb2_Ephb3,"[""Efnb2"",""Ephb3""]",Efnb2,Ephb3,1
Efnb2_Ephb4,"[""Efnb2"",""Ephb4""]",Efnb2,Ephb4,1
Efnb3_Epha4,"[""Efnb3"",""Epha4""]",Efnb3,Epha4,1
Efnb3_Ephb1,"[""Efnb3"",""Ephb1""]",Efnb3,Ephb1,1
Efnb3_Ephb2,"[""Efnb3"",""Ephb2""]",Efnb3,Ephb2,1
Efnb3_Ephb3,"[""Efnb3"",""Ephb3""]",Efnb3,Ephb3,1
Efnb3_Ephb4,"[""Efnb3"",""Ephb4""]",Efnb3,Ephb4,1
Efnb3_Ephb6,"[""Efnb3"",""Ephb6""]",Efnb3,Ephb6,1
Egf_Egfr,"[""Egf"",""Egfr""]",Egf,Egfr,1
Egf_Egfr_Erbb2,"[""Egf"",""Egfr_Erbb2""]",Egf,Egfr_Erbb2,1
Enho_Gpr19,"[""Enho"",""Gpr19""]",Enho,Gpr19,1
Entpd1_Adora1,"[""Entpd1"",""Adora1""]",Entpd1,Adora1,1
Entpd1_Adora2a,"[""Entpd1"",""Adora2a""]",Entpd1,Adora2a,1
Entpd1_Adora2b,"[""Entpd1"",""Adora2b""]",Entpd1,Adora2b,1
Entpd1_Tmigd3,"[""Entpd1"",""Tmigd3""]",Entpd1,Tmigd3,1
Epgn_Egfr,"[""Epgn"",""Egfr""]",Epgn,Egfr,1
Epo_Epor,"[""Epo"",""Epor""]",Epo,Epor,1
Ereg_Egfr,"[""Ereg"",""Egfr""]",Ereg,Egfr,1
Ereg_Egfr_Erbb2,"[""Ereg"",""Egfr_Erbb2""]",Ereg,Egfr_Erbb2,1
Ereg_Erbb2_Erbb4,"[""Ereg"",""Erbb2_Erbb4""]",Ereg,Erbb2_Erbb4,1
Ereg_Erbb4,"[""Ereg"",""Erbb4""]",Ereg,Erbb4,1
Esam_Esam,"[""Esam"",""Esam""]",Esam,Esam,1
F11r_F11r,"[""F11r"",""F11r""]",F11r,F11r,1
F11r_Itgal_Itgb2,"[""F11r"",""Itgal_Itgb2""]",F11r,Itgal_Itgb2,1
F11r_Jam2,"[""F11r"",""Jam2""]",F11r,Jam2,1
F11r_Jam3,"[""F11r"",""Jam3""]",F11r,Jam3,1
F2_F2r,"[""F2"",""F2r""]",F2,F2r,1
F2_F2rl1,"[""F2"",""F2rl1""]",F2,F2rl1,1
F2_F2rl2,"[""F2"",""F2rl2""]",F2,F2rl2,1
F2_F2rl3,"[""F2"",""F2rl3""]",F2,F2rl3,1
F2_Pard3,"[""F2"",""Pard3""]",F2,Pard3,1
Fasl_Fas,"[""Fasl"",""Fas""]",Fasl,Fas,2
Fcer2a_Cr2,"[""Fcer2a"",""Cr2""]",Fcer2a,Cr2,1
Fcer2a_Itgam_Itgb2,"[""Fcer2a"",""Itgam_Itgb2""]",Fcer2a,Itgam_Itgb2,1
Fcer2a_Itgav_Itgb3,"[""Fcer2a"",""Itgav_Itgb3""]",Fcer2a,Itgav_Itgb3,1
Fcer2a_Itgax_Itgb2,"[""Fcer2a"",""Itgax_Itgb2""]",Fcer2a,Itgax_Itgb2,1
Fgf1_Fgfr1,"[""Fgf1"",""Fgfr1""]",Fgf1,Fgfr1,1
Fgf1_Fgfr2,"[""Fgf1"",""Fgfr2""]",Fgf1,Fgfr2,1
Fgf1_Fgfr3,"[""Fgf1"",""Fgfr3""]",Fgf1,Fgfr3,1
Fgf1_Fgfr4,"[""Fgf1"",""Fgfr4""]",Fgf1,Fgfr4,1
Fgf10_Fgfr1,"[""Fgf10"",""Fgfr1""]",Fgf10,Fgfr1,1
Fgf10_Fgfr2,"[""Fgf10"",""Fgfr2""]",Fgf10,Fgfr2,1
Fgf15_Fgfr1,"[""Fgf15"",""Fgfr1""]",Fgf15,Fgfr1,1
Fgf15_Fgfr2,"[""Fgf15"",""Fgfr2""]",Fgf15,Fgfr2,1
Fgf15_Fgfr3,"[""Fgf15"",""Fgfr3""]",Fgf15,Fgfr3,1
Fgf15_Fgfr4,"[""Fgf15"",""Fgfr4""]",Fgf15,Fgfr4,1
Fgf16_Fgfr1,"[""Fgf16"",""Fgfr1""]",Fgf16,Fgfr1,1
Fgf16_Fgfr2,"[""Fgf16"",""Fgfr2""]",Fgf16,Fgfr2,1
Fgf16_Fgfr3,"[""Fgf16"",""Fgfr3""]",Fgf16,Fgfr3,1
Fgf16_Fgfr4,"[""Fgf16"",""Fgfr4""]",Fgf16,Fgfr4,1
Fgf17_Fgfr1,"[""Fgf17"",""Fgfr1""]",Fgf17,Fgfr1,1
Fgf17_Fgfr2,"[""Fgf17"",""Fgfr2""]",Fgf17,Fgfr2,1
Fgf17_Fgfr3,"[""Fgf17"",""Fgfr3""]",Fgf17,Fgfr3,1
Fgf17_Fgfr4,"[""Fgf17"",""Fgfr4""]",Fgf17,Fgfr4,1
Fgf18_Fgfr1,"[""Fgf18"",""Fgfr1""]",Fgf18,Fgfr1,1
Fgf18_Fgfr2,"[""Fgf18"",""Fgfr2""]",Fgf18,Fgfr2,1
Fgf18_Fgfr3,"[""Fgf18"",""Fgfr3""]",Fgf18,Fgfr3,1
Fgf18_Fgfr4,"[""Fgf18"",""Fgfr4""]",Fgf18,Fgfr4,1
Fgf2_Fgfr1,"[""Fgf2"",""Fgfr1""]",Fgf2,Fgfr1,1
Fgf2_Fgfr2,"[""Fgf2"",""Fgfr2""]",Fgf2,Fgfr2,1
Fgf2_Fgfr3,"[""Fgf2"",""Fgfr3""]",Fgf2,Fgfr3,1
Fgf2_Fgfr4,"[""Fgf2"",""Fgfr4""]",Fgf2,Fgfr4,1
Fgf20_Fgfr1,"[""Fgf20"",""Fgfr1""]",Fgf20,Fgfr1,1
Fgf20_Fgfr2,"[""Fgf20"",""Fgfr2""]",Fgf20,Fgfr2,1
Fgf20_Fgfr3,"[""Fgf20"",""Fgfr3""]",Fgf20,Fgfr3,1
Fgf20_Fgfr4,"[""Fgf20"",""Fgfr4""]",Fgf20,Fgfr4,1
Fgf22_Fgfr2,"[""Fgf22"",""Fgfr2""]",Fgf22,Fgfr2,1
Fgf23_Fgfr1,"[""Fgf23"",""Fgfr1""]",Fgf23,Fgfr1,1
Fgf23_Fgfr3,"[""Fgf23"",""Fgfr3""]",Fgf23,Fgfr3,1
Fgf23_Fgfr4,"[""Fgf23"",""Fgfr4""]",Fgf23,Fgfr4,1
Fgf3_Fgfr1,"[""Fgf3"",""Fgfr1""]",Fgf3,Fgfr1,1
Fgf3_Fgfr2,"[""Fgf3"",""Fgfr2""]",Fgf3,Fgfr2,1
Fgf4_Fgfr1,"[""Fgf4"",""Fgfr1""]",Fgf4,Fgfr1,1
Fgf4_Fgfr2,"[""Fgf4"",""Fgfr2""]",Fgf4,Fgfr2,1
Fgf4_Fgfr3,"[""Fgf4"",""Fgfr3""]",Fgf4,Fgfr3,1
Fgf4_Fgfr4,"[""Fgf4"",""Fgfr4""]",Fgf4,Fgfr4,1
Fgf5_Fgfr1,"[""Fgf5"",""Fgfr1""]",Fgf5,Fgfr1,1
Fgf5_Fgfr2,"[""Fgf5"",""Fgfr2""]",Fgf5,Fgfr2,1
Fgf5_Fgfr3,"[""Fgf5"",""Fgfr3""]",Fgf5,Fgfr3,1
Fgf5_Fgfr4,"[""Fgf5"",""Fgfr4""]",Fgf5,Fgfr4,1
Fgf7_Fgfr1,"[""Fgf7"",""Fgfr1""]",Fgf7,Fgfr1,1
Fgf7_Fgfr2,"[""Fgf7"",""Fgfr2""]",Fgf7,Fgfr2,1
Fgf8_Fgfr1,"[""Fgf8"",""Fgfr1""]",Fgf8,Fgfr1,1
Fgf8_Fgfr2,"[""Fgf8"",""Fgfr2""]",Fgf8,Fgfr2,1
Fgf8_Fgfr3,"[""Fgf8"",""Fgfr3""]",Fgf8,Fgfr3,1
Fgf8_Fgfr4,"[""Fgf8"",""Fgfr4""]",Fgf8,Fgfr4,1
Fgf9_Fgfr1,"[""Fgf9"",""Fgfr1""]",Fgf9,Fgfr1,1
Fgf9_Fgfr2,"[""Fgf9"",""Fgfr2""]",Fgf9,Fgfr2,1
Fgf9_Fgfr3,"[""Fgf9"",""Fgfr3""]",Fgf9,Fgfr3,1
Fgf9_Fgfr4,"[""Fgf9"",""Fgfr4""]",Fgf9,Fgfr4,1
Flt3l_Flt3,"[""Flt3l"",""Flt3""]",Flt3l,Flt3,1
Fn1_Cd44,"[""Fn1"",""Cd44""]",Fn1,Cd44,1
Fn1_Itga2b_Itgb3,"[""Fn1"",""Itga2b_Itgb3""]",Fn1,Itga2b_Itgb3,1
Fn1_Itga3_Itgb1,"[""Fn1"",""Itga3_Itgb1""]",Fn1,Itga3_Itgb1,1
Fn1_Itga4_Itgb1,"[""Fn1"",""Itga4_Itgb1""]",Fn1,Itga4_Itgb1,1
Fn1_Itga4_Itgb7,"[""Fn1"",""Itga4_Itgb7""]",Fn1,Itga4_Itgb7,1
Fn1_Itga5_Itgb1,"[""Fn1"",""Itga5_Itgb1""]",Fn1,Itga5_Itgb1,1
Fn1_Itga8_Itgb1,"[""Fn1"",""Itga8_Itgb1""]",Fn1,Itga8_Itgb1,1
Fn1_Itgav_Itgb1,"[""Fn1"",""Itgav_Itgb1""]",Fn1,Itgav_Itgb1,1
Fn1_Itgav_Itgb3,"[""Fn1"",""Itgav_Itgb3""]",Fn1,Itgav_Itgb3,1
Fn1_Itgav_Itgb6,"[""Fn1"",""Itgav_Itgb6""]",Fn1,Itgav_Itgb6,1
Fn1_Itgav_Itgb8,"[""Fn1"",""Itgav_Itgb8""]",Fn1,Itgav_Itgb8,1
Fn1_Sdc1,"[""Fn1"",""Sdc1""]",Fn1,Sdc1,1
Fn1_Sdc4,"[""Fn1"",""Sdc4""]",Fn1,Sdc4,1
Gal_Galr1,"[""Gal"",""Galr1""]",Gal,Galr1,1
Gal_Galr2,"[""Gal"",""Galr2""]",Gal,Galr2,1
Gal_Galr3,"[""Gal"",""Galr3""]",Gal,Galr3,1
Galp_Galr1,"[""Galp"",""Galr1""]",Galp,Galr1,1
Galp_Galr2,"[""Galp"",""Galr2""]",Galp,Galr2,1
Gas6_Axl,"[""Gas6"",""Axl""]",Gas6,Axl,1
Gas6_Mertk,"[""Gas6"",""Mertk""]",Gas6,Mertk,1
Gas6_Tyro3,"[""Gas6"",""Tyro3""]",Gas6,Tyro3,1
Gcg_Gcgr,"[""Gcg"",""Gcgr""]",Gcg,Gcgr,1
Gcg_Gipr,"[""Gcg"",""Gipr""]",Gcg,Gipr,1
Gcg_Glp1r,"[""Gcg"",""Glp1r""]",Gcg,Glp1r,1
Gcg_Glp2r,"[""Gcg"",""Glp2r""]",Gcg,Glp2r,1
Gdf10_Acvr1b_Acvr2a,"[""Gdf10"",""Acvr1b_Acvr2a""]",Gdf10,Acvr1b_Acvr2a,1
Gdf11_Acvr1b_Acvr2b,"[""Gdf11"",""Acvr1b_Acvr2b""]",Gdf11,Acvr1b_Acvr2b,1
Gdf11_Tgfbr1_Acvr2a,"[""Gdf11"",""Tgfbr1_Acvr2a""]",Gdf11,Tgfbr1_Acvr2a,1
Gdf11_Tgfbr1_Acvr2b,"[""Gdf11"",""Tgfbr1_Acvr2b""]",Gdf11,Tgfbr1_Acvr2b,1
Gdf15_Tgfbr2,"[""Gdf15"",""Tgfbr2""]",Gdf15,Tgfbr2,1
Gdf2_Acvrl1_Acvr2a,"[""Gdf2"",""Acvrl1_Acvr2a""]",Gdf2,Acvrl1_Acvr2a,1
Gdf2_Acvrl1_Bmpr2,"[""Gdf2"",""Acvrl1_Bmpr2""]",Gdf2,Acvrl1_Bmpr2,1
Gdf3_Acvr1b_Acvr2a_Cfc1,"[""Gdf3"",""Acvr1b_Acvr2a_Cfc1""]",Gdf3,Acvr1b_Acvr2a_Cfc1,1
Gdf3_Acvr1b_Acvr2b_Cfc1,"[""Gdf3"",""Acvr1b_Acvr2b_Cfc1""]",Gdf3,Acvr1b_Acvr2b_Cfc1,1
Gdf3_Acvr1c_Acvr2a_Cfc1,"[""Gdf3"",""Acvr1c_Acvr2a_Cfc1""]",Gdf3,Acvr1c_Acvr2a_Cfc1,1
Gdf3_Acvr1c_Acvr2b_Cfc1,"[""Gdf3"",""Acvr1c_Acvr2b_Cfc1""]",Gdf3,Acvr1c_Acvr2b_Cfc1,1
Gdf5_Bmpr1a_Acvr2a,"[""Gdf5"",""Bmpr1a_Acvr2a""]",Gdf5,Bmpr1a_Acvr2a,1
Gdf5_Bmpr1a_Acvr2b,"[""Gdf5"",""Bmpr1a_Acvr2b""]",Gdf5,Bmpr1a_Acvr2b,1
Gdf5_Bmpr1a_Bmpr2,"[""Gdf5"",""Bmpr1a_Bmpr2""]",Gdf5,Bmpr1a_Bmpr2,1
Gdf5_Bmpr1b_Acvr2a,"[""Gdf5"",""Bmpr1b_Acvr2a""]",Gdf5,Bmpr1b_Acvr2a,1
Gdf5_Bmpr1b_Acvr2b,"[""Gdf5"",""Bmpr1b_Acvr2b""]",Gdf5,Bmpr1b_Acvr2b,1
Gdf5_Bmpr1b_Bmpr2,"[""Gdf5"",""Bmpr1b_Bmpr2""]",Gdf5,Bmpr1b_Bmpr2,1
Gdf6_Bmpr1a_Acvr2a,"[""Gdf6"",""Bmpr1a_Acvr2a""]",Gdf6,Bmpr1a_Acvr2a,1
Gdf6_Bmpr1a_Acvr2b,"[""Gdf6"",""Bmpr1a_Acvr2b""]",Gdf6,Bmpr1a_Acvr2b,1
Gdf6_Bmpr1a_Bmpr2,"[""Gdf6"",""Bmpr1a_Bmpr2""]",Gdf6,Bmpr1a_Bmpr2,1
Gdf6_Bmpr1b_Acvr2a,"[""Gdf6"",""Bmpr1b_Acvr2a""]",Gdf6,Bmpr1b_Acvr2a,1
Gdf6_Bmpr1b_Acvr2b,"[""Gdf6"",""Bmpr1b_Acvr2b""]",Gdf6,Bmpr1b_Acvr2b,1
Gdf6_Bmpr1b_Bmpr2,"[""Gdf6"",""Bmpr1b_Bmpr2""]",Gdf6,Bmpr1b_Bmpr2,1
Gdf7_Bmpr1a_Acvr2a,"[""Gdf7"",""Bmpr1a_Acvr2a""]",Gdf7,Bmpr1a_Acvr2a,1
Gdf7_Bmpr1a_Acvr2b,"[""Gdf7"",""Bmpr1a_Acvr2b""]",Gdf7,Bmpr1a_Acvr2b,1
Gdf7_Bmpr1a_Bmpr2,"[""Gdf7"",""Bmpr1a_Bmpr2""]",Gdf7,Bmpr1a_Bmpr2,1
Gdf7_Bmpr1b_Acvr2a,"[""Gdf7"",""Bmpr1b_Acvr2a""]",Gdf7,Bmpr1b_Acvr2a,1
Gdf7_Bmpr1b_Acvr2b,"[""Gdf7"",""Bmpr1b_Acvr2b""]",Gdf7,Bmpr1b_Acvr2b,1
Gdf7_Bmpr1b_Bmpr2,"[""Gdf7"",""Bmpr1b_Bmpr2""]",Gdf7,Bmpr1b_Bmpr2,1
Gdf9_Acvr1b_Bmpr2,"[""Gdf9"",""Acvr1b_Bmpr2""]",Gdf9,Acvr1b_Bmpr2,1
Gdnf_Gfra1_Ret,"[""Gdnf"",""Gfra1_Ret""]",Gdnf,Gfra1_Ret,1
Ghrh_Vipr1,"[""Ghrh"",""Vipr1""]",Ghrh,Vipr1,1
Ghrh_Vipr2,"[""Ghrh"",""Vipr2""]",Ghrh,Vipr2,1
Gip_Gipr,"[""Gip"",""Gipr""]",Gip,Gipr,1
Gm7030_Cd8a,"[""Gm7030"",""Cd8a""]",Gm7030,Cd8a,1
Gm7030_Cd8b1,"[""Gm7030"",""Cd8b1""]",Gm7030,Cd8b1,1
Gm8909_Cd8a,"[""Gm8909"",""Cd8a""]",Gm8909,Cd8a,1
Gm8909_Cd8b1,"[""Gm8909"",""Cd8b1""]",Gm8909,Cd8b1,1
Gp1ba_Itgam_Itgb2,"[""Gp1ba"",""Itgam_Itgb2""]",Gp1ba,Itgam_Itgb2,1
Grn_Sort1,"[""Grn"",""Sort1""]",Grn,Sort1,1
Grp_Grpr,"[""Grp"",""Grpr""]",Grp,Grpr,1
Guca2a_Gucy2c,"[""Guca2a"",""Gucy2c""]",Guca2a,Gucy2c,1
Guca2b_Gucy2c,"[""Guca2b"",""Gucy2c""]",Guca2b,Gucy2c,1
Gzma_F2r,"[""Gzma"",""F2r""]",Gzma,F2r,1
Gzma_F2rl1,"[""Gzma"",""F2rl1""]",Gzma,F2rl1,2
Gzma_F2rl2,"[""Gzma"",""F2rl2""]",Gzma,F2rl2,1
Gzma_F2rl3,"[""Gzma"",""F2rl3""]",Gzma,F2rl3,1
Gzma_Pard3,"[""Gzma"",""Pard3""]",Gzma,Pard3,1
H2-Aa_Cd4,"[""H2-Aa"",""Cd4""]",H2-Aa,Cd4,1
H2-Ab1_Cd4,"[""H2-Ab1"",""Cd4""]",H2-Ab1,Cd4,1
H2-D1_Cd8a,"[""H2-D1"",""Cd8a""]",H2-D1,Cd8a,1
H2-D1_Cd8b1,"[""H2-D1"",""Cd8b1""]",H2-D1,Cd8b1,1
H2-DMa_Cd4,"[""H2-DMa"",""Cd4""]",H2-DMa,Cd4,1
H2-DMb1_Cd4,"[""H2-DMb1"",""Cd4""]",H2-DMb1,Cd4,1
H2-DMb2_Cd4,"[""H2-DMb2"",""Cd4""]",H2-DMb2,Cd4,1
H2-Eb1_Cd4,"[""H2-Eb1"",""Cd4""]",H2-Eb1,Cd4,1
H2-K1_Cd8a,"[""H2-K1"",""Cd8a""]",H2-K1,Cd8a,1
H2-K1_Cd8b1,"[""H2-K1"",""Cd8b1""]",H2-K1,Cd8b1,1
H2-M3_Cd8a,"[""H2-M3"",""Cd8a""]",H2-M3,Cd8a,1
H2-M3_Cd8b1,"[""H2-M3"",""Cd8b1""]",H2-M3,Cd8b1,1
H2-M5_Cd8a,"[""H2-M5"",""Cd8a""]",H2-M5,Cd8a,1
H2-M5_Cd8b1,"[""H2-M5"",""Cd8b1""]",H2-M5,Cd8b1,1
H2-Oa_Cd4,"[""H2-Oa"",""Cd4""]",H2-Oa,Cd4,1
H2-Q1_Cd8a,"[""H2-Q1"",""Cd8a""]",H2-Q1,Cd8a,1
H2-Q1_Cd8b1,"[""H2-Q1"",""Cd8b1""]",H2-Q1,Cd8b1,1
H2-Q10_Cd8a,"[""H2-Q10"",""Cd8a""]",H2-Q10,Cd8a,1
H2-Q10_Cd8b1,"[""H2-Q10"",""Cd8b1""]",H2-Q10,Cd8b1,1
H2-Q2_Cd8a,"[""H2-Q2"",""Cd8a""]",H2-Q2,Cd8a,1
H2-Q2_Cd8b1,"[""H2-Q2"",""Cd8b1""]",H2-Q2,Cd8b1,1
H2-Q4_Cd8a,"[""H2-Q4"",""Cd8a""]",H2-Q4,Cd8a,1
H2-Q4_Cd8b1,"[""H2-Q4"",""Cd8b1""]",H2-Q4,Cd8b1,1
H2-Q6_Cd8a,"[""H2-Q6"",""Cd8a""]",H2-Q6,Cd8a,1
H2-Q6_Cd8b1,"[""H2-Q6"",""Cd8b1""]",H2-Q6,Cd8b1,1
H2-Q7_Cd8a,"[""H2-Q7"",""Cd8a""]",H2-Q7,Cd8a,1
H2-Q7_Cd8b1,"[""H2-Q7"",""Cd8b1""]",H2-Q7,Cd8b1,1
H2-T22_Cd8a,"[""H2-T22"",""Cd8a""]",H2-T22,Cd8a,1
H2-T22_Cd8b1,"[""H2-T22"",""Cd8b1""]",H2-T22,Cd8b1,1
H2-T23_Cd8a,"[""H2-T23"",""Cd8a""]",H2-T23,Cd8a,1
H2-T23_Cd8b1,"[""H2-T23"",""Cd8b1""]",H2-T23,Cd8b1,1
H2-T24_Cd8a,"[""H2-T24"",""Cd8a""]",H2-T24,Cd8a,1
H2-T24_Cd8b1,"[""H2-T24"",""Cd8b1""]",H2-T24,Cd8b1,1
H2-T3_Cd8a,"[""H2-T3"",""Cd8a""]",H2-T3,Cd8a,1
H2-T3_Cd8b1,"[""H2-T3"",""Cd8b1""]",H2-T3,Cd8b1,1
Hbegf_Egfr,"[""Hbegf"",""Egfr""]",Hbegf,Egfr,1
Hbegf_Egfr_Erbb2,"[""Hbegf"",""Egfr_Erbb2""]",Hbegf,Egfr_Erbb2,1
Hbegf_Erbb2_Erbb4,"[""Hbegf"",""Erbb2_Erbb4""]",Hbegf,Erbb2_Erbb4,1
Hbegf_Erbb4,"[""Hbegf"",""Erbb4""]",Hbegf,Erbb4,1
Hc_C5ar1,"[""Hc"",""C5ar1""]",Hc,C5ar1,1
Hcrt_Hcrtr1,"[""Hcrt"",""Hcrtr1""]",Hcrt,Hcrtr1,2
Hcrt_Hcrtr2,"[""Hcrt"",""Hcrtr2""]",Hcrt,Hcrtr2,2
Hgf_Met,"[""Hgf"",""Met""]",Hgf,Met,1
Hspg2_Dag1,"[""Hspg2"",""Dag1""]",Hspg2,Dag1,1
Iapp_Calcr,"[""Iapp"",""Calcr""]",Iapp,Calcr,2
Iapp_Calcrl,"[""Iapp"",""Calcrl""]",Iapp,Calcrl,1
Ibsp_Itgav_Itgb3,"[""Ibsp"",""Itgav_Itgb3""]",Ibsp,Itgav_Itgb3,1
Ibsp_Itgav_Itgb5,"[""Ibsp"",""Itgav_Itgb5""]",Ibsp,Itgav_Itgb5,1
Icam1_Itgal,"[""Icam1"",""Itgal""]",Icam1,Itgal,1
Icam1_Itgal_Itgb2,"[""Icam1"",""Itgal_Itgb2""]",Icam1,Itgal_Itgb2,1
Icam1_Itgam_Itgb2,"[""Icam1"",""Itgam_Itgb2""]",Icam1,Itgam_Itgb2,1
Icam1_Itgax_Itgb2,"[""Icam1"",""Itgax_Itgb2""]",Icam1,Itgax_Itgb2,1
Icam1_Spn,"[""Icam1"",""Spn""]",Icam1,Spn,1
Icam2_Itgal_Itgb2,"[""Icam2"",""Itgal_Itgb2""]",Icam2,Itgal_Itgb2,1
Icam2_Itgam_Itgb2,"[""Icam2"",""Itgam_Itgb2""]",Icam2,Itgam_Itgb2,1
Icosl_Cd28,"[""Icosl"",""Cd28""]",Icosl,Cd28,1
Icosl_Ctla4,"[""Icosl"",""Ctla4""]",Icosl,Ctla4,1
Icosl_Icos,"[""Icosl"",""Icos""]",Icosl,Icos,1
Ifnk_Ifnar1_Ifnar2,"[""Ifnk"",""Ifnar1_Ifnar2""]",Ifnk,Ifnar1_Ifnar2,1
Igf1_Igf1r,"[""Igf1"",""Igf1r""]",Igf1,Igf1r,1
Igf1_Itga6_Itgb4,"[""Igf1"",""Itga6_Itgb4""]",Igf1,Itga6_Itgb4,1
Igf1_Itgav_Itgb3,"[""Igf1"",""Itgav_Itgb3""]",Igf1,Itgav_Itgb3,1
Igf2_Igf1r,"[""Igf2"",""Igf1r""]",Igf2,Igf1r,1
Igf2_Igf2r,"[""Igf2"",""Igf2r""]",Igf2,Igf2r,1
Igf2_Itga6_Itgb4,"[""Igf2"",""Itga6_Itgb4""]",Igf2,Itga6_Itgb4,1
Igf2_Itgav_Itgb3,"[""Igf2"",""Itgav_Itgb3""]",Igf2,Itgav_Itgb3,1
Ihh_Ptch1_Smo,"[""Ihh"",""Ptch1_Smo""]",Ihh,Ptch1_Smo,1
Ihh_Ptch2_Smo,"[""Ihh"",""Ptch2_Smo""]",Ihh,Ptch2_Smo,1
Il10_Il10ra_Il10rb,"[""Il10"",""Il10ra_Il10rb""]",Il10,Il10ra_Il10rb,1
Il11_Il11ra1_Il6st,"[""Il11"",""Il11ra1_Il6st""]",Il11,Il11ra1_Il6st,1
Il15_Il15ra_Il2rb_Il2rg,"[""Il15"",""Il15ra_Il2rb_Il2rg""]",Il15,Il15ra_Il2rb_Il2rg,1
Il16_Cd4,"[""Il16"",""Cd4""]",Il16,Cd4,1
Il17b_Il17rb,"[""Il17b"",""Il17rb""]",Il17b,Il17rb,1
Il17f_Il17ra_Il17rc,"[""Il17f"",""Il17ra_Il17rc""]",Il17f,Il17ra_Il17rc,1
Il18_Il18r1_Il18rap,"[""Il18"",""Il18r1_Il18rap""]",Il18,Il18r1_Il18rap,2
Il19_Il20ra_Il20rb,"[""Il19"",""Il20ra_Il20rb""]",Il19,Il20ra_Il20rb,1
Il1a_Il1r1_Il1rap,"[""Il1a"",""Il1r1_Il1rap""]",Il1a,Il1r1_Il1rap,1
Il1b_Il1r1_Il1rap,"[""Il1b"",""Il1r1_Il1rap""]",Il1b,Il1r1_Il1rap,1
Il2_Il2ra_Il2rb_Il2rg,"[""Il2"",""Il2ra_Il2rb_Il2rg""]",Il2,Il2ra_Il2rb_Il2rg,1
Il2_Il2rb_Il2rg,"[""Il2"",""Il2rb_Il2rg""]",Il2,Il2rb_Il2rg,1
Il22_Il22ra1_Il10rb,"[""Il22"",""Il22ra1_Il10rb""]",Il22,Il22ra1_Il10rb,1
Il25_Il17ra_Il17rb,"[""Il25"",""Il17ra_Il17rb""]",Il25,Il17ra_Il17rb,1
Il27_Ebi3_Il27ra_Il6st,"[""Il27_Ebi3"",""Il27ra_Il6st""]",Il27_Ebi3,Il27ra_Il6st,1
Il31_Il31ra_Osmr,"[""Il31"",""Il31ra_Osmr""]",Il31,Il31ra_Osmr,1
Il33_Il1rl1_Il1rap,"[""Il33"",""Il1rl1_Il1rap""]",Il33,Il1rl1_Il1rap,1
Il34_Csf1r,"[""Il34"",""Csf1r""]",Il34,Csf1r,1
Il4_Il4ra,"[""Il4"",""Il4ra""]",Il4,Il4ra,1
Il4_Il4ra_Il13ra1,"[""Il4"",""Il4ra_Il13ra1""]",Il4,Il4ra_Il13ra1,1
Il4_Il4ra_Il13ra2,"[""Il4"",""Il4ra_Il13ra2""]",Il4,Il4ra_Il13ra2,1
Il4_Il4ra_Il2rg,"[""Il4"",""Il4ra_Il2rg""]",Il4,Il4ra_Il2rg,1
Il5_Il5ra_Csf2rb,"[""Il5"",""Il5ra_Csf2rb""]",Il5,Il5ra_Csf2rb,1
Il6_Il6ra_Il6st,"[""Il6"",""Il6ra_Il6st""]",Il6,Il6ra_Il6st,1
Il7_Il7r_Il2rg,"[""Il7"",""Il7r_Il2rg""]",Il7,Il7r_Il2rg,1
Inha_Inhba_Acvr2a,"[""Inha_Inhba"",""Acvr2a""]",Inha_Inhba,Acvr2a,1
Inha_Inhbb_Acvr2b,"[""Inha_Inhbb"",""Acvr2b""]",Inha_Inhbb,Acvr2b,1
Inhba_Acvr1b_Acvr2a,"[""Inhba"",""Acvr1b_Acvr2a""]",Inhba,Acvr1b_Acvr2a,1
Inhba_Acvr1b_Acvr2b,"[""Inhba"",""Acvr1b_Acvr2b""]",Inhba,Acvr1b_Acvr2b,1
Inhba_Inhbb_Acvr1b_Acvr2a,"[""Inhba_Inhbb"",""Acvr1b_Acvr2a""]",Inhba_Inhbb,Acvr1b_Acvr2a,1
Inhba_Inhbb_Acvr1b_Acvr2b,"[""Inhba_Inhbb"",""Acvr1b_Acvr2b""]",Inhba_Inhbb,Acvr1b_Acvr2b,1
Inhba_Inhbb_Acvr1c_Acvr2a,"[""Inhba_Inhbb"",""Acvr1c_Acvr2a""]",Inhba_Inhbb,Acvr1c_Acvr2a,1
Inhba_Inhbb_Acvr1c_Acvr2b,"[""Inhba_Inhbb"",""Acvr1c_Acvr2b""]",Inhba_Inhbb,Acvr1c_Acvr2b,1
Inhbb_Acvr1b_Acvr2a,"[""Inhbb"",""Acvr1b_Acvr2a""]",Inhbb,Acvr1b_Acvr2a,1
Inhbb_Acvr1b_Acvr2b,"[""Inhbb"",""Acvr1b_Acvr2b""]",Inhbb,Acvr1b_Acvr2b,1
Inhbb_Acvr1c_Acvr2a,"[""Inhbb"",""Acvr1c_Acvr2a""]",Inhbb,Acvr1c_Acvr2a,1
Inhbb_Acvr1c_Acvr2b,"[""Inhbb"",""Acvr1c_Acvr2b""]",Inhbb,Acvr1c_Acvr2b,1
Inhbc_Acvr1b_Acvr2a,"[""Inhbc"",""Acvr1b_Acvr2a""]",Inhbc,Acvr1b_Acvr2a,1
Inhbc_Acvr1b_Acvr2b,"[""Inhbc"",""Acvr1b_Acvr2b""]",Inhbc,Acvr1b_Acvr2b,1
Inhbc_Acvr1c_Acvr2a,"[""Inhbc"",""Acvr1c_Acvr2a""]",Inhbc,Acvr1c_Acvr2a,1
Inhbc_Acvr1c_Acvr2b,"[""Inhbc"",""Acvr1c_Acvr2b""]",Inhbc,Acvr1c_Acvr2b,1
Inhbe_Acvr1b_Acvr2a,"[""Inhbe"",""Acvr1b_Acvr2a""]",Inhbe,Acvr1b_Acvr2a,1
Inhbe_Acvr1b_Acvr2b,"[""Inhbe"",""Acvr1b_Acvr2b""]",Inhbe,Acvr1b_Acvr2b,1
Inhbe_Acvr1c_Acvr2a,"[""Inhbe"",""Acvr1c_Acvr2a""]",Inhbe,Acvr1c_Acvr2a,1
Inhbe_Acvr1c_Acvr2b,"[""Inhbe"",""Acvr1c_Acvr2b""]",Inhbe,Acvr1c_Acvr2b,1
Ins2_Insr,"[""Ins2"",""Insr""]",Ins2,Insr,1
Insl5_Rxfp1,"[""Insl5"",""Rxfp1""]",Insl5,Rxfp1,1
Insl5_Rxfp2,"[""Insl5"",""Rxfp2""]",Insl5,Rxfp2,1
Insl5_Rxfp3,"[""Insl5"",""Rxfp3""]",Insl5,Rxfp3,1
Itga4_Itgb1_Vcam1,"[""Itga4_Itgb1"",""Vcam1""]",Itga4_Itgb1,Vcam1,1
Itga4_Itgb7_Vcam1,"[""Itga4_Itgb7"",""Vcam1""]",Itga4_Itgb7,Vcam1,1
Itga9_Itgb1_Vcam1,"[""Itga9_Itgb1"",""Vcam1""]",Itga9_Itgb1,Vcam1,1
Itgal_Itgb2_Cd226,"[""Itgal_Itgb2"",""Cd226""]",Itgal_Itgb2,Cd226,1
Itgal_Itgb2_Icam1,"[""Itgal_Itgb2"",""Icam1""]",Itgal_Itgb2,Icam1,1
Itgal_Itgb2_Icam2,"[""Itgal_Itgb2"",""Icam2""]",Itgal_Itgb2,Icam2,1
Jag1_Notch1,"[""Jag1"",""Notch1""]",Jag1,Notch1,1
Jag1_Notch2,"[""Jag1"",""Notch2""]",Jag1,Notch2,1
Jag1_Notch3,"[""Jag1"",""Notch3""]",Jag1,Notch3,1
Jag1_Notch4,"[""Jag1"",""Notch4""]",Jag1,Notch4,1
Jag2_Notch1,"[""Jag2"",""Notch1""]",Jag2,Notch1,1
Jag2_Notch2,"[""Jag2"",""Notch2""]",Jag2,Notch2,1
Jag2_Notch3,"[""Jag2"",""Notch3""]",Jag2,Notch3,1
Jag2_Notch4,"[""Jag2"",""Notch4""]",Jag2,Notch4,1
Jam2_F11r,"[""Jam2"",""F11r""]",Jam2,F11r,1
Jam2_Itga3_Itgb1,"[""Jam2"",""Itga3_Itgb1""]",Jam2,Itga3_Itgb1,1
Jam2_Itgav_Itgb1,"[""Jam2"",""Itgav_Itgb1""]",Jam2,Itgav_Itgb1,1
Jam2_Jam2,"[""Jam2"",""Jam2""]",Jam2,Jam2,1
Jam2_Jam3,"[""Jam2"",""Jam3""]",Jam2,Jam3,1
Jam3_F11r,"[""Jam3"",""F11r""]",Jam3,F11r,1
Jam3_Itgam_Itgb2,"[""Jam3"",""Itgam_Itgb2""]",Jam3,Itgam_Itgb2,1
Jam3_Jam2,"[""Jam3"",""Jam2""]",Jam3,Jam2,1
Jam3_Jam3,"[""Jam3"",""Jam3""]",Jam3,Jam3,1
Kitl_Kit,"[""Kitl"",""Kit""]",Kitl,Kit,1
Kng1_Bdkrb1,"[""Kng1"",""Bdkrb1""]",Kng1,Bdkrb1,2
Kng1_Bdkrb2,"[""Kng1"",""Bdkrb2""]",Kng1,Bdkrb2,3
Kng2_Bdkrb1,"[""Kng2"",""Bdkrb1""]",Kng2,Bdkrb1,1
Kng2_Bdkrb2,"[""Kng2"",""Bdkrb2""]",Kng2,Bdkrb2,1
L1cam_Itga4_Itgb7,"[""L1cam"",""Itga4_Itgb7""]",L1cam,Itga4_Itgb7,2
L1cam_Itgav_Itgb3,"[""L1cam"",""Itgav_Itgb3""]",L1cam,Itgav_Itgb3,2
L1cam_L1cam,"[""L1cam"",""L1cam""]",L1cam,L1cam,3
Lama1_Cd44,"[""Lama1"",""Cd44""]",Lama1,Cd44,1
Lama1_Dag1,"[""Lama1"",""Dag1""]",Lama1,Dag1,1
Lama1_Itga1_Itgb1,"[""Lama1"",""Itga1_Itgb1""]",Lama1,Itga1_Itgb1,1
Lama1_Itga2_Itgb1,"[""Lama1"",""Itga2_Itgb1""]",Lama1,Itga2_Itgb1,1
Lama1_Itga3_Itgb1,"[""Lama1"",""Itga3_Itgb1""]",Lama1,Itga3_Itgb1,1
Lama1_Itga6_Itgb1,"[""Lama1"",""Itga6_Itgb1""]",Lama1,Itga6_Itgb1,1
Lama1_Itga6_Itgb4,"[""Lama1"",""Itga6_Itgb4""]",Lama1,Itga6_Itgb4,1
Lama1_Itga7_Itgb1,"[""Lama1"",""Itga7_Itgb1""]",Lama1,Itga7_Itgb1,1
Lama1_Itga9_Itgb1,"[""Lama1"",""Itga9_Itgb1""]",Lama1,Itga9_Itgb1,1
Lama1_Itgav_Itgb8,"[""Lama1"",""Itgav_Itgb8""]",Lama1,Itgav_Itgb8,1
Lama1_Sv2a,"[""Lama1"",""Sv2a""]",Lama1,Sv2a,1
Lama1_Sv2b,"[""Lama1"",""Sv2b""]",Lama1,Sv2b,1
Lama1_Sv2c,"[""Lama1"",""Sv2c""]",Lama1,Sv2c,1
Lama2_Cd44,"[""Lama2"",""Cd44""]",Lama2,Cd44,1
Lama2_Dag1,"[""Lama2"",""Dag1""]",Lama2,Dag1,1
Lama2_Itga1_Itgb1,"[""Lama2"",""Itga1_Itgb1""]",Lama2,Itga1_Itgb1,1
Lama2_Itga2_Itgb1,"[""Lama2"",""Itga2_Itgb1""]",Lama2,Itga2_Itgb1,1
Lama2_Itga3_Itgb1,"[""Lama2"",""Itga3_Itgb1""]",Lama2,Itga3_Itgb1,1
Lama2_Itga6_Itgb1,"[""Lama2"",""Itga6_Itgb1""]",Lama2,Itga6_Itgb1,1
Lama2_Itga6_Itgb4,"[""Lama2"",""Itga6_Itgb4""]",Lama2,Itga6_Itgb4,1
Lama2_Itga7_Itgb1,"[""Lama2"",""Itga7_Itgb1""]",Lama2,Itga7_Itgb1,1
Lama2_Itga9_Itgb1,"[""Lama2"",""Itga9_Itgb1""]",Lama2,Itga9_Itgb1,1
Lama2_Itgav_Itgb8,"[""Lama2"",""Itgav_Itgb8""]",Lama2,Itgav_Itgb8,1
Lama2_Sv2a,"[""Lama2"",""Sv2a""]",Lama2,Sv2a,1
Lama2_Sv2b,"[""Lama2"",""Sv2b""]",Lama2,Sv2b,1
Lama2_Sv2c,"[""Lama2"",""Sv2c""]",Lama2,Sv2c,1
Lama3_Cd44,"[""Lama3"",""Cd44""]",Lama3,Cd44,2
Lama3_Dag1,"[""Lama3"",""Dag1""]",Lama3,Dag1,1
Lama3_Itga1_Itgb1,"[""Lama3"",""Itga1_Itgb1""]",Lama3,Itga1_Itgb1,1
Lama3_Itga2_Itgb1,"[""Lama3"",""Itga2_Itgb1""]",Lama3,Itga2_Itgb1,1
Lama3_Itga3_Itgb1,"[""Lama3"",""Itga3_Itgb1""]",Lama3,Itga3_Itgb1,1
Lama3_Itga6_Itgb1,"[""Lama3"",""Itga6_Itgb1""]",Lama3,Itga6_Itgb1,1
Lama3_Itga6_Itgb4,"[""Lama3"",""Itga6_Itgb4""]",Lama3,Itga6_Itgb4,1
Lama3_Itga7_Itgb1,"[""Lama3"",""Itga7_Itgb1""]",Lama3,Itga7_Itgb1,1
Lama3_Itga9_Itgb1,"[""Lama3"",""Itga9_Itgb1""]",Lama3,Itga9_Itgb1,1
Lama3_Itgav_Itgb8,"[""Lama3"",""Itgav_Itgb8""]",Lama3,Itgav_Itgb8,1
Lama3_Sv2a,"[""Lama3"",""Sv2a""]",Lama3,Sv2a,2
Lama3_Sv2b,"[""Lama3"",""Sv2b""]",Lama3,Sv2b,1
Lama3_Sv2c,"[""Lama3"",""Sv2c""]",Lama3,Sv2c,1
Lama4_Cd44,"[""Lama4"",""Cd44""]",Lama4,Cd44,1
Lama4_Dag1,"[""Lama4"",""Dag1""]",Lama4,Dag1,1
Lama4_Itga1_Itgb1,"[""Lama4"",""Itga1_Itgb1""]",Lama4,Itga1_Itgb1,1
Lama4_Itga2_Itgb1,"[""Lama4"",""Itga2_Itgb1""]",Lama4,Itga2_Itgb1,1
Lama4_Itga3_Itgb1,"[""Lama4"",""Itga3_Itgb1""]",Lama4,Itga3_Itgb1,1
Lama4_Itga6_Itgb1,"[""Lama4"",""Itga6_Itgb1""]",Lama4,Itga6_Itgb1,1
Lama4_Itga6_Itgb4,"[""Lama4"",""Itga6_Itgb4""]",Lama4,Itga6_Itgb4,1
Lama4_Itga7_Itgb1,"[""Lama4"",""Itga7_Itgb1""]",Lama4,Itga7_Itgb1,1
Lama4_Itga9_Itgb1,"[""Lama4"",""Itga9_Itgb1""]",Lama4,Itga9_Itgb1,1
Lama4_Itgav_Itgb8,"[""Lama4"",""Itgav_Itgb8""]",Lama4,Itgav_Itgb8,1
Lama4_Sv2a,"[""Lama4"",""Sv2a""]",Lama4,Sv2a,1
Lama4_Sv2b,"[""Lama4"",""Sv2b""]",Lama4,Sv2b,1
Lama4_Sv2c,"[""Lama4"",""Sv2c""]",Lama4,Sv2c,1
Lama5_Cd44,"[""Lama5"",""Cd44""]",Lama5,Cd44,3
Lama5_Dag1,"[""Lama5"",""Dag1""]",Lama5,Dag1,1
Lama5_Itga1_Itgb1,"[""Lama5"",""Itga1_Itgb1""]",Lama5,Itga1_Itgb1,1
Lama5_Itga2_Itgb1,"[""Lama5"",""Itga2_Itgb1""]",Lama5,Itga2_Itgb1,1
Lama5_Itga3_Itgb1,"[""Lama5"",""Itga3_Itgb1""]",Lama5,Itga3_Itgb1,1
Lama5_Itga6_Itgb1,"[""Lama5"",""Itga6_Itgb1""]",Lama5,Itga6_Itgb1,1
Lama5_Itga6_Itgb4,"[""Lama5"",""Itga6_Itgb4""]",Lama5,Itga6_Itgb4,1
Lama5_Itga7_Itgb1,"[""Lama5"",""Itga7_Itgb1""]",Lama5,Itga7_Itgb1,1
Lama5_Itga9_Itgb1,"[""Lama5"",""Itga9_Itgb1""]",Lama5,Itga9_Itgb1,1
Lama5_Itgav_Itgb8,"[""Lama5"",""Itgav_Itgb8""]",Lama5,Itgav_Itgb8,1
Lama5_Sv2a,"[""Lama5"",""Sv2a""]",Lama5,Sv2a,2
Lama5_Sv2b,"[""Lama5"",""Sv2b""]",Lama5,Sv2b,1
Lama5_Sv2c,"[""Lama5"",""Sv2c""]",Lama5,Sv2c,1
Lamb1_Cd44,"[""Lamb1"",""Cd44""]",Lamb1,Cd44,1
Lamb1_Dag1,"[""Lamb1"",""Dag1""]",Lamb1,Dag1,1
Lamb1_Itga1_Itgb1,"[""Lamb1"",""Itga1_Itgb1""]",Lamb1,Itga1_Itgb1,1
Lamb1_Itga2_Itgb1,"[""Lamb1"",""Itga2_Itgb1""]",Lamb1,Itga2_Itgb1,1
Lamb1_Itga3_Itgb1,"[""Lamb1"",""Itga3_Itgb1""]",Lamb1,Itga3_Itgb1,1
Lamb1_Itga6_Itgb1,"[""Lamb1"",""Itga6_Itgb1""]",Lamb1,Itga6_Itgb1,1
Lamb1_Itga6_Itgb4,"[""Lamb1"",""Itga6_Itgb4""]",Lamb1,Itga6_Itgb4,1
Lamb1_Itga7_Itgb1,"[""Lamb1"",""Itga7_Itgb1""]",Lamb1,Itga7_Itgb1,1
Lamb1_Itga9_Itgb1,"[""Lamb1"",""Itga9_Itgb1""]",Lamb1,Itga9_Itgb1,1
Lamb1_Itgav_Itgb8,"[""Lamb1"",""Itgav_Itgb8""]",Lamb1,Itgav_Itgb8,1
Lamb1_Sv2a,"[""Lamb1"",""Sv2a""]",Lamb1,Sv2a,1
Lamb1_Sv2b,"[""Lamb1"",""Sv2b""]",Lamb1,Sv2b,1
Lamb1_Sv2c,"[""Lamb1"",""Sv2c""]",Lamb1,Sv2c,1
Lamb2_Cd44,"[""Lamb2"",""Cd44""]",Lamb2,Cd44,2
Lamb2_Dag1,"[""Lamb2"",""Dag1""]",Lamb2,Dag1,1
Lamb2_Itga1_Itgb1,"[""Lamb2"",""Itga1_Itgb1""]",Lamb2,Itga1_Itgb1,1
Lamb2_Itga2_Itgb1,"[""Lamb2"",""Itga2_Itgb1""]",Lamb2,Itga2_Itgb1,1
Lamb2_Itga3_Itgb1,"[""Lamb2"",""Itga3_Itgb1""]",Lamb2,Itga3_Itgb1,1
Lamb2_Itga6_Itgb1,"[""Lamb2"",""Itga6_Itgb1""]",Lamb2,Itga6_Itgb1,1
Lamb2_Itga6_Itgb4,"[""Lamb2"",""Itga6_Itgb4""]",Lamb2,Itga6_Itgb4,1
Lamb2_Itga7_Itgb1,"[""Lamb2"",""Itga7_Itgb1""]",Lamb2,Itga7_Itgb1,1
Lamb2_Itga9_Itgb1,"[""Lamb2"",""Itga9_Itgb1""]",Lamb2,Itga9_Itgb1,1
Lamb2_Itgav_Itgb8,"[""Lamb2"",""Itgav_Itgb8""]",Lamb2,Itgav_Itgb8,1
Lamb2_Sv2a,"[""Lamb2"",""Sv2a""]",Lamb2,Sv2a,2
Lamb2_Sv2b,"[""Lamb2"",""Sv2b""]",Lamb2,Sv2b,1
Lamb2_Sv2c,"[""Lamb2"",""Sv2c""]",Lamb2,Sv2c,1
Lamb3_Cd44,"[""Lamb3"",""Cd44""]",Lamb3,Cd44,1
Lamb3_Dag1,"[""Lamb3"",""Dag1""]",Lamb3,Dag1,1
Lamb3_Itga1_Itgb1,"[""Lamb3"",""Itga1_Itgb1""]",Lamb3,Itga1_Itgb1,1
Lamb3_Itga2_Itgb1,"[""Lamb3"",""Itga2_Itgb1""]",Lamb3,Itga2_Itgb1,1
Lamb3_Itga3_Itgb1,"[""Lamb3"",""Itga3_Itgb1""]",Lamb3,Itga3_Itgb1,1
Lamb3_Itga6_Itgb1,"[""Lamb3"",""Itga6_Itgb1""]",Lamb3,Itga6_Itgb1,1
Lamb3_Itga6_Itgb4,"[""Lamb3"",""Itga6_Itgb4""]",Lamb3,Itga6_Itgb4,1
Lamb3_Itga7_Itgb1,"[""Lamb3"",""Itga7_Itgb1""]",Lamb3,Itga7_Itgb1,1
Lamb3_Itga9_Itgb1,"[""Lamb3"",""Itga9_Itgb1""]",Lamb3,Itga9_Itgb1,1
Lamb3_Itgav_Itgb8,"[""Lamb3"",""Itgav_Itgb8""]",Lamb3,Itgav_Itgb8,1
Lamb3_Sv2a,"[""Lamb3"",""Sv2a""]",Lamb3,Sv2a,1
Lamb3_Sv2b,"[""Lamb3"",""Sv2b""]",Lamb3,Sv2b,1
Lamb3_Sv2c,"[""Lamb3"",""Sv2c""]",Lamb3,Sv2c,1
Lamc1_Cd44,"[""Lamc1"",""Cd44""]",Lamc1,Cd44,1
Lamc1_Dag1,"[""Lamc1"",""Dag1""]",Lamc1,Dag1,1
Lamc1_Itga1_Itgb1,"[""Lamc1"",""Itga1_Itgb1""]",Lamc1,Itga1_Itgb1,1
Lamc1_Itga2_Itgb1,"[""Lamc1"",""Itga2_Itgb1""]",Lamc1,Itga2_Itgb1,1
Lamc1_Itga3_Itgb1,"[""Lamc1"",""Itga3_Itgb1""]",Lamc1,Itga3_Itgb1,1
Lamc1_Itga6_Itgb1,"[""Lamc1"",""Itga6_Itgb1""]",Lamc1,Itga6_Itgb1,1
Lamc1_Itga6_Itgb4,"[""Lamc1"",""Itga6_Itgb4""]",Lamc1,Itga6_Itgb4,1
Lamc1_Itga7_Itgb1,"[""Lamc1"",""Itga7_Itgb1""]",Lamc1,Itga7_Itgb1,1
Lamc1_Itga9_Itgb1,"[""Lamc1"",""Itga9_Itgb1""]",Lamc1,Itga9_Itgb1,1
Lamc1_Itgav_Itgb8,"[""Lamc1"",""Itgav_Itgb8""]",Lamc1,Itgav_Itgb8,1
Lamc1_Sv2a,"[""Lamc1"",""Sv2a""]",Lamc1,Sv2a,1
Lamc1_Sv2b,"[""Lamc1"",""Sv2b""]",Lamc1,Sv2b,1
Lamc1_Sv2c,"[""Lamc1"",""Sv2c""]",Lamc1,Sv2c,1
Lamc2_Cd44,"[""Lamc2"",""Cd44""]",Lamc2,Cd44,3
Lamc2_Dag1,"[""Lamc2"",""Dag1""]",Lamc2,Dag1,1
Lamc2_Itga1_Itgb1,"[""Lamc2"",""Itga1_Itgb1""]",Lamc2,Itga1_Itgb1,1
Lamc2_Itga2_Itgb1,"[""Lamc2"",""Itga2_Itgb1""]",Lamc2,Itga2_Itgb1,1
Lamc2_Itga3_Itgb1,"[""Lamc2"",""Itga3_Itgb1""]",Lamc2,Itga3_Itgb1,1
Lamc2_Itga6_Itgb1,"[""Lamc2"",""Itga6_Itgb1""]",Lamc2,Itga6_Itgb1,1
Lamc2_Itga6_Itgb4,"[""Lamc2"",""Itga6_Itgb4""]",Lamc2,Itga6_Itgb4,1
Lamc2_Itga7_Itgb1,"[""Lamc2"",""Itga7_Itgb1""]",Lamc2,Itga7_Itgb1,1
Lamc2_Itga9_Itgb1,"[""Lamc2"",""Itga9_Itgb1""]",Lamc2,Itga9_Itgb1,1
Lamc2_Itgav_Itgb8,"[""Lamc2"",""Itgav_Itgb8""]",Lamc2,Itgav_Itgb8,1
Lamc2_Sv2a,"[""Lamc2"",""Sv2a""]",Lamc2,Sv2a,2
Lamc2_Sv2b,"[""Lamc2"",""Sv2b""]",Lamc2,Sv2b,1
Lamc2_Sv2c,"[""Lamc2"",""Sv2c""]",Lamc2,Sv2c,1
Lamc3_Cd44,"[""Lamc3"",""Cd44""]",Lamc3,Cd44,1
Lamc3_Dag1,"[""Lamc3"",""Dag1""]",Lamc3,Dag1,1
Lamc3_Itga1_Itgb1,"[""Lamc3"",""Itga1_Itgb1""]",Lamc3,Itga1_Itgb1,1
Lamc3_Itga2_Itgb1,"[""Lamc3"",""Itga2_Itgb1""]",Lamc3,Itga2_Itgb1,1
Lamc3_Itga3_Itgb1,"[""Lamc3"",""Itga3_Itgb1""]",Lamc3,Itga3_Itgb1,1
Lamc3_Itga6_Itgb1,"[""Lamc3"",""Itga6_Itgb1""]",Lamc3,Itga6_Itgb1,1
Lamc3_Itga6_Itgb4,"[""Lamc3"",""Itga6_Itgb4""]",Lamc3,Itga6_Itgb4,1
Lamc3_Itga7_Itgb1,"[""Lamc3"",""Itga7_Itgb1""]",Lamc3,Itga7_Itgb1,1
Lamc3_Itga9_Itgb1,"[""Lamc3"",""Itga9_Itgb1""]",Lamc3,Itga9_Itgb1,1
Lamc3_Itgav_Itgb8,"[""Lamc3"",""Itgav_Itgb8""]",Lamc3,Itgav_Itgb8,1
Lamc3_Sv2a,"[""Lamc3"",""Sv2a""]",Lamc3,Sv2a,1
Lamc3_Sv2b,"[""Lamc3"",""Sv2b""]",Lamc3,Sv2b,1
Lamc3_Sv2c,"[""Lamc3"",""Sv2c""]",Lamc3,Sv2c,1
Lck_Cd8a_Cd8b1,"[""Lck"",""Cd8a_Cd8b1""]",Lck,Cd8a_Cd8b1,1
Lgals9_Cd44,"[""Lgals9"",""Cd44""]",Lgals9,Cd44,3
Lgals9_Havcr2,"[""Lgals9"",""Havcr2""]",Lgals9,Havcr2,1
Lgals9_Ighm,"[""Lgals9"",""Ighm""]",Lgals9,Ighm,1
Lgals9_Ptprc,"[""Lgals9"",""Ptprc""]",Lgals9,Ptprc,1
Lhb_Lhcgr,"[""Lhb"",""Lhcgr""]",Lhb,Lhcgr,1
Lif_Lifr_Il6st,"[""Lif"",""Lifr_Il6st""]",Lif,Lifr_Il6st,1
Lrrc4_Ntng2,"[""Lrrc4"",""Ntng2""]",Lrrc4,Ntng2,1
Lrrc4b_Ptprf,"[""Lrrc4b"",""Ptprf""]",Lrrc4b,Ptprf,1
Lrrc4c_Ntng1,"[""Lrrc4c"",""Ntng1""]",Lrrc4c,Ntng1,1
Lta_Tnfrsf14,"[""Lta"",""Tnfrsf14""]",Lta,Tnfrsf14,1
Lta_Tnfrsf1a,"[""Lta"",""Tnfrsf1a""]",Lta,Tnfrsf1a,1
Lta_Tnfrsf1b,"[""Lta"",""Tnfrsf1b""]",Lta,Tnfrsf1b,2
Lta_Ltb_Ltbr,"[""Lta_Ltb"",""Ltbr""]",Lta_Ltb,Ltbr,1
Madcam1_Itga4_Itgb7,"[""Madcam1"",""Itga4_Itgb7""]",Madcam1,Itga4_Itgb7,1
Mag_Mag,"[""Mag"",""Mag""]",Mag,Mag,2
Mdk_Alk,"[""Mdk"",""Alk""]",Mdk,Alk,1
Mdk_Itga4_Itgb1,"[""Mdk"",""Itga4_Itgb1""]",Mdk,Itga4_Itgb1,1
Mdk_Itga6_Itgb1,"[""Mdk"",""Itga6_Itgb1""]",Mdk,Itga6_Itgb1,1
Mdk_Lrp1,"[""Mdk"",""Lrp1""]",Mdk,Lrp1,1
Mdk_Ncl,"[""Mdk"",""Ncl""]",Mdk,Ncl,1
Mdk_Ptprz1,"[""Mdk"",""Ptprz1""]",Mdk,Ptprz1,1
Mdk_Sdc1,"[""Mdk"",""Sdc1""]",Mdk,Sdc1,1
Mdk_Sdc2,"[""Mdk"",""Sdc2""]",Mdk,Sdc2,1
Mdk_Sdc4,"[""Mdk"",""Sdc4""]",Mdk,Sdc4,1
Mif_Ackr3,"[""Mif"",""Ackr3""]",Mif,Ackr3,1
Mif_Cd74_Cd44,"[""Mif"",""Cd74_Cd44""]",Mif,Cd74_Cd44,1
Mif_Cd74_Cxcr2,"[""Mif"",""Cd74_Cxcr2""]",Mif,Cd74_Cxcr2,1
Mif_Cd74_Cxcr4,"[""Mif"",""Cd74_Cxcr4""]",Mif,Cd74_Cxcr4,1
Mpz_Mpz,"[""Mpz"",""Mpz""]",Mpz,Mpz,1
Mpz_Mpzl1,"[""Mpz"",""Mpzl1""]",Mpz,Mpzl1,1
Mpzl1_Mpzl1,"[""Mpzl1"",""Mpzl1""]",Mpzl1,Mpzl1,1
Mstn_Acvr1b_Acvr2a,"[""Mstn"",""Acvr1b_Acvr2a""]",Mstn,Acvr1b_Acvr2a,1
Mstn_Acvr1b_Acvr2b,"[""Mstn"",""Acvr1b_Acvr2b""]",Mstn,Acvr1b_Acvr2b,1
Mstn_Tgfbr1_Acvr2a,"[""Mstn"",""Tgfbr1_Acvr2a""]",Mstn,Tgfbr1_Acvr2a,1
Mstn_Tgfbr1_Acvr2b,"[""Mstn"",""Tgfbr1_Acvr2b""]",Mstn,Tgfbr1_Acvr2b,1
Nampt_Insr,"[""Nampt"",""Insr""]",Nampt,Insr,1
Nampt_Itga5_Itgb1,"[""Nampt"",""Itga5_Itgb1""]",Nampt,Itga5_Itgb1,1
Ncam1_Fgfr1,"[""Ncam1"",""Fgfr1""]",Ncam1,Fgfr1,1
Ncam1_L1cam,"[""Ncam1"",""L1cam""]",Ncam1,L1cam,2
Ncam1_Ncam1,"[""Ncam1"",""Ncam1""]",Ncam1,Ncam1,1
Ncam1_Ncam2,"[""Ncam1"",""Ncam2""]",Ncam1,Ncam2,1
Ncam2_L1cam,"[""Ncam2"",""L1cam""]",Ncam2,L1cam,2
Nectin1_Cadm3,"[""Nectin1"",""Cadm3""]",Nectin1,Cadm3,2
Nectin1_Cd96,"[""Nectin1"",""Cd96""]",Nectin1,Cd96,1
Nectin1_Nectin3,"[""Nectin1"",""Nectin3""]",Nectin1,Nectin3,1
Nectin1_Nectin4,"[""Nectin1"",""Nectin4""]",Nectin1,Nectin4,1
Nectin2_Cd226,"[""Nectin2"",""Cd226""]",Nectin2,Cd226,1
Nectin2_Tigit,"[""Nectin2"",""Tigit""]",Nectin2,Tigit,1
Nectin3_Nectin1,"[""Nectin3"",""Nectin1""]",Nectin3,Nectin1,1
Nectin3_Nectin2,"[""Nectin3"",""Nectin2""]",Nectin3,Nectin2,1
Nectin3_Pvr,"[""Nectin3"",""Pvr""]",Nectin3,Pvr,1
Nectin3_Tigit,"[""Nectin3"",""Tigit""]",Nectin3,Tigit,1
Negr1_Negr1,"[""Negr1"",""Negr1""]",Negr1,Negr1,1
Nfasc_Cntn1_Cntnap1,"[""Nfasc"",""Cntn1_Cntnap1""]",Nfasc,Cntn1_Cntnap1,2
Ngf_Ngfr,"[""Ngf"",""Ngfr""]",Ngf,Ngfr,1
Ngf_Ntrk1,"[""Ngf"",""Ntrk1""]",Ngf,Ntrk1,1
Nmb_Nmbr,"[""Nmb"",""Nmbr""]",Nmb,Nmbr,1
Nms_Nmur1,"[""Nms"",""Nmur1""]",Nms,Nmur1,1
Nms_Nmur2,"[""Nms"",""Nmur2""]",Nms,Nmur2,2
Nmu_Nmur1,"[""Nmu"",""Nmur1""]",Nmu,Nmur1,1
Nmu_Nmur2,"[""Nmu"",""Nmur2""]",Nmu,Nmur2,1
Nodal_Acvr1b_Acvr2a_Cfc1,"[""Nodal"",""Acvr1b_Acvr2a_Cfc1""]",Nodal,Acvr1b_Acvr2a_Cfc1,1
Nodal_Acvr1b_Acvr2b_Cfc1,"[""Nodal"",""Acvr1b_Acvr2b_Cfc1""]",Nodal,Acvr1b_Acvr2b_Cfc1,1
Nodal_Acvr1c_Acvr2a_Cfc1,"[""Nodal"",""Acvr1c_Acvr2a_Cfc1""]",Nodal,Acvr1c_Acvr2a_Cfc1,1
Nodal_Acvr1c_Acvr2b_Cfc1,"[""Nodal"",""Acvr1c_Acvr2b_Cfc1""]",Nodal,Acvr1c_Acvr2b_Cfc1,1
Npb_Npbwr1,"[""Npb"",""Npbwr1""]",Npb,Npbwr1,1
Npff_Npffr1,"[""Npff"",""Npffr1""]",Npff,Npffr1,1
Npff_Npffr2,"[""Npff"",""Npffr2""]",Npff,Npffr2,1
Npnt_Fras1_Frem1_Itga8_Itgb1,"[""Npnt_Fras1_Frem1"",""Itga8_Itgb1""]",Npnt_Fras1_Frem1,Itga8_Itgb1,1
Npnt_Fras1_Frem2_Itga8_Itgb1,"[""Npnt_Fras1_Frem2"",""Itga8_Itgb1""]",Npnt_Fras1_Frem2,Itga8_Itgb1,1
Nppa_Npr1,"[""Nppa"",""Npr1""]",Nppa,Npr1,1
Nppb_Npr1,"[""Nppb"",""Npr1""]",Nppb,Npr1,1
Nppc_Npr2,"[""Nppc"",""Npr2""]",Nppc,Npr2,1
Nps_Npsr1,"[""Nps"",""Npsr1""]",Nps,Npsr1,1
Npvf_Npffr1,"[""Npvf"",""Npffr1""]",Npvf,Npffr1,1
Npvf_Npffr2,"[""Npvf"",""Npffr2""]",Npvf,Npffr2,1
Npw_Npbwr1,"[""Npw"",""Npbwr1""]",Npw,Npbwr1,1
Npy_Gpr83,"[""Npy"",""Gpr83""]",Npy,Gpr83,1
Npy_Npy1r,"[""Npy"",""Npy1r""]",Npy,Npy1r,2
Npy_Npy2r,"[""Npy"",""Npy2r""]",Npy,Npy2r,2
Npy_Npy5r,"[""Npy"",""Npy5r""]",Npy,Npy5r,3
Nrg1_Erbb2_Erbb3,"[""Nrg1"",""Erbb2_Erbb3""]",Nrg1,Erbb2_Erbb3,1
Nrg1_Erbb2_Erbb4,"[""Nrg1"",""Erbb2_Erbb4""]",Nrg1,Erbb2_Erbb4,1
Nrg1_Erbb3,"[""Nrg1"",""Erbb3""]",Nrg1,Erbb3,1
Nrg1_Erbb4,"[""Nrg1"",""Erbb4""]",Nrg1,Erbb4,1
Nrg1_Itgav_Itgb3,"[""Nrg1"",""Itgav_Itgb3""]",Nrg1,Itgav_Itgb3,1
Nrg2_Erbb2_Erbb3,"[""Nrg2"",""Erbb2_Erbb3""]",Nrg2,Erbb2_Erbb3,1
Nrg2_Erbb2_Erbb4,"[""Nrg2"",""Erbb2_Erbb4""]",Nrg2,Erbb2_Erbb4,1
Nrg2_Erbb3,"[""Nrg2"",""Erbb3""]",Nrg2,Erbb3,1
Nrg2_Erbb4,"[""Nrg2"",""Erbb4""]",Nrg2,Erbb4,1
Nrg3_Erbb2_Erbb4,"[""Nrg3"",""Erbb2_Erbb4""]",Nrg3,Erbb2_Erbb4,1
Nrg3_Erbb4,"[""Nrg3"",""Erbb4""]",Nrg3,Erbb4,1
Nrg4_Erbb2_Erbb4,"[""Nrg4"",""Erbb2_Erbb4""]",Nrg4,Erbb2_Erbb4,1
Nrg4_Erbb4,"[""Nrg4"",""Erbb4""]",Nrg4,Erbb4,1
Nrtn_Gfra2_Ret,"[""Nrtn"",""Gfra2_Ret""]",Nrtn,Gfra2_Ret,1
Nrxn1_Nlgn1,"[""Nrxn1"",""Nlgn1""]",Nrxn1,Nlgn1,1
Nrxn1_Nlgn2,"[""Nrxn1"",""Nlgn2""]",Nrxn1,Nlgn2,1
Nrxn1_Nlgn3,"[""Nrxn1"",""Nlgn3""]",Nrxn1,Nlgn3,1
Nrxn2_Nlgn1,"[""Nrxn2"",""Nlgn1""]",Nrxn2,Nlgn1,2
Nrxn2_Nlgn2,"[""Nrxn2"",""Nlgn2""]",Nrxn2,Nlgn2,2
Nrxn2_Nlgn3,"[""Nrxn2"",""Nlgn3""]",Nrxn2,Nlgn3,2
Nrxn3_Nlgn1,"[""Nrxn3"",""Nlgn1""]",Nrxn3,Nlgn1,1
Nrxn3_Nlgn2,"[""Nrxn3"",""Nlgn2""]",Nrxn3,Nlgn2,1
Nrxn3_Nlgn3,"[""Nrxn3"",""Nlgn3""]",Nrxn3,Nlgn3,2
Ntf3_Ntrk1,"[""Ntf3"",""Ntrk1""]",Ntf3,Ntrk1,1
Ntf3_Ntrk2,"[""Ntf3"",""Ntrk2""]",Ntf3,Ntrk2,1
Ntf3_Ntrk3,"[""Ntf3"",""Ntrk3""]",Ntf3,Ntrk3,1
Ntf5_Ntrk2,"[""Ntf5"",""Ntrk2""]",Ntf5,Ntrk2,1
Nts_Ntsr1,"[""Nts"",""Ntsr1""]",Nts,Ntsr1,1
Ocln_Ocln,"[""Ocln"",""Ocln""]",Ocln,Ocln,1
Osm_Lifr_Il6st,"[""Osm"",""Lifr_Il6st""]",Osm,Lifr_Il6st,1
Osm_Osmr_Il6st,"[""Osm"",""Osmr_Il6st""]",Osm,Osmr_Il6st,1
Ostn_Npr3,"[""Ostn"",""Npr3""]",Ostn,Npr3,1
Oxt_Oxtr,"[""Oxt"",""Oxtr""]",Oxt,Oxtr,1
Pdcd1lg2_Pdcd1,"[""Pdcd1lg2"",""Pdcd1""]",Pdcd1lg2,Pdcd1,1
Pdgfa_Pdgfra,"[""Pdgfa"",""Pdgfra""]",Pdgfa,Pdgfra,1
Pdgfa_Pdgfrb,"[""Pdgfa"",""Pdgfrb""]",Pdgfa,Pdgfrb,1
Pdgfb_Pdgfra,"[""Pdgfb"",""Pdgfra""]",Pdgfb,Pdgfra,1
Pdgfb_Pdgfrb,"[""Pdgfb"",""Pdgfrb""]",Pdgfb,Pdgfrb,1
Pdgfc_Pdgfra,"[""Pdgfc"",""Pdgfra""]",Pdgfc,Pdgfra,1
Pdgfd_Pdgfrb,"[""Pdgfd"",""Pdgfrb""]",Pdgfd,Pdgfrb,1
Pdyn_Oprd1,"[""Pdyn"",""Oprd1""]",Pdyn,Oprd1,2
Pdyn_Oprk1,"[""Pdyn"",""Oprk1""]",Pdyn,Oprk1,3
Pdyn_Oprl1,"[""Pdyn"",""Oprl1""]",Pdyn,Oprl1,3
Pdyn_Oprm1,"[""Pdyn"",""Oprm1""]",Pdyn,Oprm1,3
Pecam1_Pecam1,"[""Pecam1"",""Pecam1""]",Pecam1,Pecam1,1
Penk_Oprd1,"[""Penk"",""Oprd1""]",Penk,Oprd1,1
Penk_Oprk1,"[""Penk"",""Oprk1""]",Penk,Oprk1,1
Penk_Oprl1,"[""Penk"",""Oprl1""]",Penk,Oprl1,2
Penk_Oprm1,"[""Penk"",""Oprm1""]",Penk,Oprm1,1
Pgf_Flt1,"[""Pgf"",""Flt1""]",Pgf,Flt1,1
Plg_F2rl3,"[""Plg"",""F2rl3""]",Plg,F2rl3,1
Plg_Pard3,"[""Plg"",""Pard3""]",Plg,Pard3,1
Pmch_Mchr1,"[""Pmch"",""Mchr1""]",Pmch,Mchr1,1
Pmch_Mertk,"[""Pmch"",""Mertk""]",Pmch,Mertk,1
Pomc_Mc1r,"[""Pomc"",""Mc1r""]",Pomc,Mc1r,1
Pomc_Mc2r,"[""Pomc"",""Mc2r""]",Pomc,Mc2r,1
Pomc_Mc4r,"[""Pomc"",""Mc4r""]",Pomc,Mc4r,1
Pomc_Oprd1,"[""Pomc"",""Oprd1""]",Pomc,Oprd1,1
Pomc_Oprk1,"[""Pomc"",""Oprk1""]",Pomc,Oprk1,1
Pomc_Oprl1,"[""Pomc"",""Oprl1""]",Pomc,Oprl1,2
Pomc_Oprm1,"[""Pomc"",""Oprm1""]",Pomc,Oprm1,1
Postn_Itgav_Itgb3,"[""Postn"",""Itgav_Itgb3""]",Postn,Itgav_Itgb3,1
Postn_Itgav_Itgb5,"[""Postn"",""Itgav_Itgb5""]",Postn,Itgav_Itgb5,1
Ppbp_Cxcr2,"[""Ppbp"",""Cxcr2""]",Ppbp,Cxcr2,1
Ppy_Gpr83,"[""Ppy"",""Gpr83""]",Ppy,Gpr83,1
Ppy_Npy1r,"[""Ppy"",""Npy1r""]",Ppy,Npy1r,1
Ppy_Npy2r,"[""Ppy"",""Npy2r""]",Ppy,Npy2r,1
Ppy_Npy5r,"[""Ppy"",""Npy5r""]",Ppy,Npy5r,2
Prok1_Prokr1,"[""Prok1"",""Prokr1""]",Prok1,Prokr1,1
Prok1_Prokr2,"[""Prok1"",""Prokr2""]",Prok1,Prokr2,1
Prok2_Prokr1,"[""Prok2"",""Prokr1""]",Prok2,Prokr1,1
Prok2_Prokr2,"[""Prok2"",""Prokr2""]",Prok2,Prokr2,1
Pros1_Axl,"[""Pros1"",""Axl""]",Pros1,Axl,1
Pros1_Tyro3,"[""Pros1"",""Tyro3""]",Pros1,Tyro3,1
Psap_Gpr37,"[""Psap"",""Gpr37""]",Psap,Gpr37,1
Psap_Gpr37l1,"[""Psap"",""Gpr37l1""]",Psap,Gpr37l1,1
Pspn_Gfra4_Ret,"[""Pspn"",""Gfra4_Ret""]",Pspn,Gfra4_Ret,1
Pth2_Pth1r,"[""Pth2"",""Pth1r""]",Pth2,Pth1r,1
Pth2_Pth2r,"[""Pth2"",""Pth2r""]",Pth2,Pth2r,1
Pthlh_Pth1r,"[""Pthlh"",""Pth1r""]",Pthlh,Pth1r,1
Ptn_Alk,"[""Ptn"",""Alk""]",Ptn,Alk,1
Ptn_Itgav_Itgb3,"[""Ptn"",""Itgav_Itgb3""]",Ptn,Itgav_Itgb3,1
Ptn_Ncl,"[""Ptn"",""Ncl""]",Ptn,Ncl,1
Ptn_Ptprz1,"[""Ptn"",""Ptprz1""]",Ptn,Ptprz1,1
Ptn_Sdc1,"[""Ptn"",""Sdc1""]",Ptn,Sdc1,1
Ptn_Sdc2,"[""Ptn"",""Sdc2""]",Ptn,Sdc2,1
Ptn_Sdc3,"[""Ptn"",""Sdc3""]",Ptn,Sdc3,1
Ptn_Sdc4,"[""Ptn"",""Sdc4""]",Ptn,Sdc4,1
Ptprc_Cd22,"[""Ptprc"",""Cd22""]",Ptprc,Cd22,1
Ptprc_Mrc1,"[""Ptprc"",""Mrc1""]",Ptprc,Mrc1,1
Ptprm_Ptprm,"[""Ptprm"",""Ptprm""]",Ptprm,Ptprm,1
Pvr_Cd226,"[""Pvr"",""Cd226""]",Pvr,Cd226,1
Pvr_Tigit,"[""Pvr"",""Tigit""]",Pvr,Tigit,1
Pyy_Gpr83,"[""Pyy"",""Gpr83""]",Pyy,Gpr83,1
Pyy_Npy1r,"[""Pyy"",""Npy1r""]",Pyy,Npy1r,2
Pyy_Npy2r,"[""Pyy"",""Npy2r""]",Pyy,Npy2r,1
Pyy_Npy5r,"[""Pyy"",""Npy5r""]",Pyy,Npy5r,2
Qrfp_Qrfpr,"[""Qrfp"",""Qrfpr""]",Qrfp,Qrfpr,1
Rarres2_Cmklr1,"[""Rarres2"",""Cmklr1""]",Rarres2,Cmklr1,1
Rarres2_Gpr1,"[""Rarres2"",""Gpr1""]",Rarres2,Gpr1,1
Reln_Itga3_Itgb1,"[""Reln"",""Itga3_Itgb1""]",Reln,Itga3_Itgb1,1
Retn_Cap1,"[""Retn"",""Cap1""]",Retn,Cap1,1
Retn_Tlr4,"[""Retn"",""Tlr4""]",Retn,Tlr4,1
Rln1_Rxfp1,"[""Rln1"",""Rxfp1""]",Rln1,Rxfp1,1
Rln1_Rxfp2,"[""Rln1"",""Rxfp2""]",Rln1,Rxfp2,1
Rln1_Rxfp3,"[""Rln1"",""Rxfp3""]",Rln1,Rxfp3,1
Rln3_Rxfp1,"[""Rln3"",""Rxfp1""]",Rln3,Rxfp1,1
Rln3_Rxfp2,"[""Rln3"",""Rxfp2""]",Rln3,Rxfp2,1
Rln3_Rxfp3,"[""Rln3"",""Rxfp3""]",Rln3,Rxfp3,1
Saa2_Fpr2,"[""Saa2"",""Fpr2""]",Saa2,Fpr2,1
Scgb3a2_Marco,"[""Scgb3a2"",""Marco""]",Scgb3a2,Marco,2
Sct_Sctr,"[""Sct"",""Sctr""]",Sct,Sctr,1
Sell_Cd34,"[""Sell"",""Cd34""]",Sell,Cd34,2
Sell_Madcam1,"[""Sell"",""Madcam1""]",Sell,Madcam1,2
Sell_Podxl,"[""Sell"",""Podxl""]",Sell,Podxl,1
Selplg_Sell,"[""Selplg"",""Sell""]",Selplg,Sell,2
Selplg_Selp,"[""Selplg"",""Selp""]",Selplg,Selp,1
Sema3a_Nrp1_Plxna1,"[""Sema3a"",""Nrp1_Plxna1""]",Sema3a,Nrp1_Plxna1,1
Sema3a_Nrp1_Plxna2,"[""Sema3a"",""Nrp1_Plxna2""]",Sema3a,Nrp1_Plxna2,1
Sema3a_Nrp1_Plxna3,"[""Sema3a"",""Nrp1_Plxna3""]",Sema3a,Nrp1_Plxna3,1
Sema3a_Nrp1_Plxna4,"[""Sema3a"",""Nrp1_Plxna4""]",Sema3a,Nrp1_Plxna4,1
Sema3b_Nrp1_Plxna1,"[""Sema3b"",""Nrp1_Plxna1""]",Sema3b,Nrp1_Plxna1,1
Sema3b_Nrp1_Plxna2,"[""Sema3b"",""Nrp1_Plxna2""]",Sema3b,Nrp1_Plxna2,1
Sema3b_Nrp1_Plxna3,"[""Sema3b"",""Nrp1_Plxna3""]",Sema3b,Nrp1_Plxna3,1
Sema3b_Nrp1_Plxna4,"[""Sema3b"",""Nrp1_Plxna4""]",Sema3b,Nrp1_Plxna4,1
Sema3b_Nrp2_Plxna1,"[""Sema3b"",""Nrp2_Plxna1""]",Sema3b,Nrp2_Plxna1,1
Sema3b_Nrp2_Plxna2,"[""Sema3b"",""Nrp2_Plxna2""]",Sema3b,Nrp2_Plxna2,1
Sema3b_Nrp2_Plxna3,"[""Sema3b"",""Nrp2_Plxna3""]",Sema3b,Nrp2_Plxna3,1
Sema3b_Nrp2_Plxna4,"[""Sema3b"",""Nrp2_Plxna4""]",Sema3b,Nrp2_Plxna4,1
Sema3c_Nrp1_Nrp2_Plxnd1,"[""Sema3c"",""Nrp1_Nrp2_Plxnd1""]",Sema3c,Nrp1_Nrp2_Plxnd1,1
Sema3c_Nrp1_Plxna1,"[""Sema3c"",""Nrp1_Plxna1""]",Sema3c,Nrp1_Plxna1,1
Sema3c_Nrp1_Plxna2,"[""Sema3c"",""Nrp1_Plxna2""]",Sema3c,Nrp1_Plxna2,1
Sema3c_Nrp1_Plxna3,"[""Sema3c"",""Nrp1_Plxna3""]",Sema3c,Nrp1_Plxna3,1
Sema3c_Nrp1_Plxna4,"[""Sema3c"",""Nrp1_Plxna4""]",Sema3c,Nrp1_Plxna4,1
Sema3c_Nrp2_Plxna1,"[""Sema3c"",""Nrp2_Plxna1""]",Sema3c,Nrp2_Plxna1,1
Sema3c_Nrp2_Plxna2,"[""Sema3c"",""Nrp2_Plxna2""]",Sema3c,Nrp2_Plxna2,1
Sema3c_Nrp2_Plxna3,"[""Sema3c"",""Nrp2_Plxna3""]",Sema3c,Nrp2_Plxna3,1
Sema3c_Nrp2_Plxna4,"[""Sema3c"",""Nrp2_Plxna4""]",Sema3c,Nrp2_Plxna4,1
Sema3c_Plxnd1,"[""Sema3c"",""Plxnd1""]",Sema3c,Plxnd1,1
Sema3d_Nrp1_Plxna1,"[""Sema3d"",""Nrp1_Plxna1""]",Sema3d,Nrp1_Plxna1,1
Sema3d_Nrp1_Plxna2,"[""Sema3d"",""Nrp1_Plxna2""]",Sema3d,Nrp1_Plxna2,1
Sema3d_Nrp1_Plxna3,"[""Sema3d"",""Nrp1_Plxna3""]",Sema3d,Nrp1_Plxna3,1
Sema3d_Nrp1_Plxna4,"[""Sema3d"",""Nrp1_Plxna4""]",Sema3d,Nrp1_Plxna4,1
Sema3d_Nrp2_Plxna1,"[""Sema3d"",""Nrp2_Plxna1""]",Sema3d,Nrp2_Plxna1,1
Sema3d_Nrp2_Plxna2,"[""Sema3d"",""Nrp2_Plxna2""]",Sema3d,Nrp2_Plxna2,1
Sema3d_Nrp2_Plxna3,"[""Sema3d"",""Nrp2_Plxna3""]",Sema3d,Nrp2_Plxna3,1
Sema3d_Nrp2_Plxna4,"[""Sema3d"",""Nrp2_Plxna4""]",Sema3d,Nrp2_Plxna4,1
Sema3e_Plxnd1,"[""Sema3e"",""Plxnd1""]",Sema3e,Plxnd1,1
Sema3f_Nrp2_Plxna1,"[""Sema3f"",""Nrp2_Plxna1""]",Sema3f,Nrp2_Plxna1,1
Sema3f_Nrp2_Plxna2,"[""Sema3f"",""Nrp2_Plxna2""]",Sema3f,Nrp2_Plxna2,1
Sema3f_Nrp2_Plxna3,"[""Sema3f"",""Nrp2_Plxna3""]",Sema3f,Nrp2_Plxna3,1
Sema3f_Nrp2_Plxna4,"[""Sema3f"",""Nrp2_Plxna4""]",Sema3f,Nrp2_Plxna4,1
Sema3g_Nrp2_Plxna1,"[""Sema3g"",""Nrp2_Plxna1""]",Sema3g,Nrp2_Plxna1,1
Sema3g_Nrp2_Plxna2,"[""Sema3g"",""Nrp2_Plxna2""]",Sema3g,Nrp2_Plxna2,1
Sema3g_Nrp2_Plxna3,"[""Sema3g"",""Nrp2_Plxna3""]",Sema3g,Nrp2_Plxna3,1
Sema3g_Nrp2_Plxna4,"[""Sema3g"",""Nrp2_Plxna4""]",Sema3g,Nrp2_Plxna4,1
Sema4a_Nrp1_Plxna1,"[""Sema4a"",""Nrp1_Plxna1""]",Sema4a,Nrp1_Plxna1,1
Sema4a_Nrp1_Plxna2,"[""Sema4a"",""Nrp1_Plxna2""]",Sema4a,Nrp1_Plxna2,1
Sema4a_Nrp1_Plxna3,"[""Sema4a"",""Nrp1_Plxna3""]",Sema4a,Nrp1_Plxna3,2
Sema4a_Nrp1_Plxna4,"[""Sema4a"",""Nrp1_Plxna4""]",Sema4a,Nrp1_Plxna4,1
Sema4a_Plxnb1,"[""Sema4a"",""Plxnb1""]",Sema4a,Plxnb1,1
Sema4a_Plxnb2,"[""Sema4a"",""Plxnb2""]",Sema4a,Plxnb2,1
Sema4a_Plxnb3,"[""Sema4a"",""Plxnb3""]",Sema4a,Plxnb3,1
Sema4a_Timd2,"[""Sema4a"",""Timd2""]",Sema4a,Timd2,2
Sema4c_Plxnb2,"[""Sema4c"",""Plxnb2""]",Sema4c,Plxnb2,1
Sema4d_Cd72,"[""Sema4d"",""Cd72""]",Sema4d,Cd72,1
Sema4d_Plxnb1,"[""Sema4d"",""Plxnb1""]",Sema4d,Plxnb1,1
Sema4d_Plxnb2,"[""Sema4d"",""Plxnb2""]",Sema4d,Plxnb2,1
Sema4d_Plxnb3,"[""Sema4d"",""Plxnb3""]",Sema4d,Plxnb3,1
Sema4g_Plxnb2,"[""Sema4g"",""Plxnb2""]",Sema4g,Plxnb2,1
Sema5a_Plxna1,"[""Sema5a"",""Plxna1""]",Sema5a,Plxna1,1
Sema5a_Plxna3,"[""Sema5a"",""Plxna3""]",Sema5a,Plxna3,1
Sema5a_Plxnb3,"[""Sema5a"",""Plxnb3""]",Sema5a,Plxnb3,1
Sema5b_Plxna1,"[""Sema5b"",""Plxna1""]",Sema5b,Plxna1,1
Sema5b_Plxna3,"[""Sema5b"",""Plxna3""]",Sema5b,Plxna3,1
Sema6a_Plxna2,"[""Sema6a"",""Plxna2""]",Sema6a,Plxna2,1
Sema6a_Plxna4,"[""Sema6a"",""Plxna4""]",Sema6a,Plxna4,1
Sema6b_Plxna2,"[""Sema6b"",""Plxna2""]",Sema6b,Plxna2,1
Sema6b_Plxna4,"[""Sema6b"",""Plxna4""]",Sema6b,Plxna4,1
Sema6d_Plxna1,"[""Sema6d"",""Plxna1""]",Sema6d,Plxna1,1
Sema6d_Plxna1_Kdr,"[""Sema6d"",""Plxna1_Kdr""]",Sema6d,Plxna1_Kdr,1
Sema6d_Plxna1_Trem2_Tyrobp,"[""Sema6d"",""Plxna1_Trem2_Tyrobp""]",Sema6d,Plxna1_Trem2_Tyrobp,1
Sema7a_Itgb1_Itga1,"[""Sema7a"",""Itgb1_Itga1""]",Sema7a,Itgb1_Itga1,1
Sema7a_Plxnc1,"[""Sema7a"",""Plxnc1""]",Sema7a,Plxnc1,1
Shh_Ptch1_Smo,"[""Shh"",""Ptch1_Smo""]",Shh,Ptch1_Smo,1
Shh_Ptch2_Smo,"[""Shh"",""Ptch2_Smo""]",Shh,Ptch2_Smo,1
Siglec1_Spn,"[""Siglec1"",""Spn""]",Siglec1,Spn,1
Slurp1_Chrna1,"[""Slurp1"",""Chrna1""]",Slurp1,Chrna1,1
Slurp1_Chrna2,"[""Slurp1"",""Chrna2""]",Slurp1,Chrna2,1
Slurp1_Chrna3,"[""Slurp1"",""Chrna3""]",Slurp1,Chrna3,2
Slurp1_Chrna4,"[""Slurp1"",""Chrna4""]",Slurp1,Chrna4,3
Slurp1_Chrna5,"[""Slurp1"",""Chrna5""]",Slurp1,Chrna5,1
Slurp1_Chrna6,"[""Slurp1"",""Chrna6""]",Slurp1,Chrna6,1
Slurp1_Chrna7,"[""Slurp1"",""Chrna7""]",Slurp1,Chrna7,1
Slurp1_Chrna9,"[""Slurp1"",""Chrna9""]",Slurp1,Chrna9,1
Slurp1_Chrnb1,"[""Slurp1"",""Chrnb1""]",Slurp1,Chrnb1,1
Slurp1_Chrnb2,"[""Slurp1"",""Chrnb2""]",Slurp1,Chrnb2,3
Slurp1_Chrnb3,"[""Slurp1"",""Chrnb3""]",Slurp1,Chrnb3,1
Slurp1_Chrnb4,"[""Slurp1"",""Chrnb4""]",Slurp1,Chrnb4,1
Slurp1_Chrnd,"[""Slurp1"",""Chrnd""]",Slurp1,Chrnd,1
Slurp1_Chrne,"[""Slurp1"",""Chrne""]",Slurp1,Chrne,1
Slurp1_Chrng,"[""Slurp1"",""Chrng""]",Slurp1,Chrng,1
Slurp2_Chrna1,"[""Slurp2"",""Chrna1""]",Slurp2,Chrna1,1
Slurp2_Chrna2,"[""Slurp2"",""Chrna2""]",Slurp2,Chrna2,2
Slurp2_Chrna3,"[""Slurp2"",""Chrna3""]",Slurp2,Chrna3,1
Slurp2_Chrna4,"[""Slurp2"",""Chrna4""]",Slurp2,Chrna4,2
Slurp2_Chrna5,"[""Slurp2"",""Chrna5""]",Slurp2,Chrna5,1
Slurp2_Chrna6,"[""Slurp2"",""Chrna6""]",Slurp2,Chrna6,1
Slurp2_Chrna7,"[""Slurp2"",""Chrna7""]",Slurp2,Chrna7,1
Slurp2_Chrna9,"[""Slurp2"",""Chrna9""]",Slurp2,Chrna9,1
Slurp2_Chrnb1,"[""Slurp2"",""Chrnb1""]",Slurp2,Chrnb1,1
Slurp2_Chrnb2,"[""Slurp2"",""Chrnb2""]",Slurp2,Chrnb2,2
Slurp2_Chrnb3,"[""Slurp2"",""Chrnb3""]",Slurp2,Chrnb3,1
Slurp2_Chrnb4,"[""Slurp2"",""Chrnb4""]",Slurp2,Chrnb4,1
Slurp2_Chrnd,"[""Slurp2"",""Chrnd""]",Slurp2,Chrnd,1
Slurp2_Chrne,"[""Slurp2"",""Chrne""]",Slurp2,Chrne,1
Slurp2_Chrng,"[""Slurp2"",""Chrng""]",Slurp2,Chrng,1
Spp1_Cd44,"[""Spp1"",""Cd44""]",Spp1,Cd44,3
Spp1_Itga4_Itgb1,"[""Spp1"",""Itga4_Itgb1""]",Spp1,Itga4_Itgb1,1
Spp1_Itga5_Itgb1,"[""Spp1"",""Itga5_Itgb1""]",Spp1,Itga5_Itgb1,1
Spp1_Itga8_Itgb1,"[""Spp1"",""Itga8_Itgb1""]",Spp1,Itga8_Itgb1,1
Spp1_Itga9_Itgb1,"[""Spp1"",""Itga9_Itgb1""]",Spp1,Itga9_Itgb1,1
Spp1_Itgav_Itgb1,"[""Spp1"",""Itgav_Itgb1""]",Spp1,Itgav_Itgb1,1
Spp1_Itgav_Itgb3,"[""Spp1"",""Itgav_Itgb3""]",Spp1,Itgav_Itgb3,1
Spp1_Itgav_Itgb5,"[""Spp1"",""Itgav_Itgb5""]",Spp1,Itgav_Itgb5,1
Spp1_Itgav_Itgb6,"[""Spp1"",""Itgav_Itgb6""]",Spp1,Itgav_Itgb6,1
Sst_Sstr1,"[""Sst"",""Sstr1""]",Sst,Sstr1,2
Sst_Sstr2,"[""Sst"",""Sstr2""]",Sst,Sstr2,2
Sst_Sstr3,"[""Sst"",""Sstr3""]",Sst,Sstr3,2
Sst_Sstr4,"[""Sst"",""Sstr4""]",Sst,Sstr4,1
Sst_Sstr5,"[""Sst"",""Sstr5""]",Sst,Sstr5,2
Tac1_Tacr1,"[""Tac1"",""Tacr1""]",Tac1,Tacr1,2
Tac1_Tacr2,"[""Tac1"",""Tacr2""]",Tac1,Tacr2,1
Tac2_Tacr3,"[""Tac2"",""Tacr3""]",Tac2,Tacr3,2
Tac4_Tacr1,"[""Tac4"",""Tacr1""]",Tac4,Tacr1,1
Tgfa_Egfr,"[""Tgfa"",""Egfr""]",Tgfa,Egfr,1
Tgfa_Egfr_Erbb2,"[""Tgfa"",""Egfr_Erbb2""]",Tgfa,Egfr_Erbb2,1
Tgfb1_Acvr1_Tgfbr1_Tgfbr2,"[""Tgfb1"",""Acvr1_Tgfbr1_Tgfbr2""]",Tgfb1,Acvr1_Tgfbr1_Tgfbr2,1
Tgfb1_Acvr1b_Tgfbr2,"[""Tgfb1"",""Acvr1b_Tgfbr2""]",Tgfb1,Acvr1b_Tgfbr2,1
Tgfb1_Acvr1c_Tgfbr2,"[""Tgfb1"",""Acvr1c_Tgfbr2""]",Tgfb1,Acvr1c_Tgfbr2,1
Tgfb1_Tgfbr1_Tgfbr2,"[""Tgfb1"",""Tgfbr1_Tgfbr2""]",Tgfb1,Tgfbr1_Tgfbr2,1
Tgfb2_Acvr1_Tgfbr1_Tgfbr2,"[""Tgfb2"",""Acvr1_Tgfbr1_Tgfbr2""]",Tgfb2,Acvr1_Tgfbr1_Tgfbr2,1
Tgfb2_Acvr1b_Tgfbr2,"[""Tgfb2"",""Acvr1b_Tgfbr2""]",Tgfb2,Acvr1b_Tgfbr2,1
Tgfb2_Acvr1c_Tgfbr2,"[""Tgfb2"",""Acvr1c_Tgfbr2""]",Tgfb2,Acvr1c_Tgfbr2,1
Tgfb2_Tgfbr1_Tgfbr2,"[""Tgfb2"",""Tgfbr1_Tgfbr2""]",Tgfb2,Tgfbr1_Tgfbr2,1
Tgfb3_Acvr1_Tgfbr1_Tgfbr2,"[""Tgfb3"",""Acvr1_Tgfbr1_Tgfbr2""]",Tgfb3,Acvr1_Tgfbr1_Tgfbr2,1
Tgfb3_Acvr1b_Tgfbr2,"[""Tgfb3"",""Acvr1b_Tgfbr2""]",Tgfb3,Acvr1b_Tgfbr2,1
Tgfb3_Acvr1c_Tgfbr2,"[""Tgfb3"",""Acvr1c_Tgfbr2""]",Tgfb3,Acvr1c_Tgfbr2,1
Tgfb3_Tgfbr1_Tgfbr2,"[""Tgfb3"",""Tgfbr1_Tgfbr2""]",Tgfb3,Tgfbr1_Tgfbr2,1
Thbs1_Cd36,"[""Thbs1"",""Cd36""]",Thbs1,Cd36,1
Thbs1_Cd47,"[""Thbs1"",""Cd47""]",Thbs1,Cd47,1
Thbs1_Itga3_Itgb1,"[""Thbs1"",""Itga3_Itgb1""]",Thbs1,Itga3_Itgb1,1
Thbs1_Itgav_Itgb3,"[""Thbs1"",""Itgav_Itgb3""]",Thbs1,Itgav_Itgb3,1
Thbs1_Sdc1,"[""Thbs1"",""Sdc1""]",Thbs1,Sdc1,1
Thbs1_Sdc4,"[""Thbs1"",""Sdc4""]",Thbs1,Sdc4,1
Thbs2_Cd36,"[""Thbs2"",""Cd36""]",Thbs2,Cd36,1
Thbs2_Cd47,"[""Thbs2"",""Cd47""]",Thbs2,Cd47,1
Thbs2_Itga3_Itgb1,"[""Thbs2"",""Itga3_Itgb1""]",Thbs2,Itga3_Itgb1,1
Thbs2_Itgav_Itgb3,"[""Thbs2"",""Itgav_Itgb3""]",Thbs2,Itgav_Itgb3,1
Thbs2_Sdc1,"[""Thbs2"",""Sdc1""]",Thbs2,Sdc1,1
Thbs2_Sdc4,"[""Thbs2"",""Sdc4""]",Thbs2,Sdc4,1
Thbs3_Cd36,"[""Thbs3"",""Cd36""]",Thbs3,Cd36,1
Thbs3_Cd47,"[""Thbs3"",""Cd47""]",Thbs3,Cd47,1
Thbs3_Itga3_Itgb1,"[""Thbs3"",""Itga3_Itgb1""]",Thbs3,Itga3_Itgb1,1
Thbs3_Itgav_Itgb3,"[""Thbs3"",""Itgav_Itgb3""]",Thbs3,Itgav_Itgb3,1
Thbs3_Sdc1,"[""Thbs3"",""Sdc1""]",Thbs3,Sdc1,1
Thbs3_Sdc4,"[""Thbs3"",""Sdc4""]",Thbs3,Sdc4,1
Thbs4_Cd36,"[""Thbs4"",""Cd36""]",Thbs4,Cd36,1
Thbs4_Cd47,"[""Thbs4"",""Cd47""]",Thbs4,Cd47,1
Thbs4_Itga3_Itgb1,"[""Thbs4"",""Itga3_Itgb1""]",Thbs4,Itga3_Itgb1,1
Thbs4_Itgav_Itgb3,"[""Thbs4"",""Itgav_Itgb3""]",Thbs4,Itgav_Itgb3,1
Thbs4_Sdc1,"[""Thbs4"",""Sdc1""]",Thbs4,Sdc1,1
Thbs4_Sdc4,"[""Thbs4"",""Sdc4""]",Thbs4,Sdc4,1
Thpo_Mpl,"[""Thpo"",""Mpl""]",Thpo,Mpl,1
Thy1_Itgam_Itgb2,"[""Thy1"",""Itgam_Itgb2""]",Thy1,Itgam_Itgb2,1
Thy1_Itgav_Itgb3,"[""Thy1"",""Itgav_Itgb3""]",Thy1,Itgav_Itgb3,1
Thy1_Itgax_Itgb2,"[""Thy1"",""Itgax_Itgb2""]",Thy1,Itgax_Itgb2,1
Tigit_Nectin2,"[""Tigit"",""Nectin2""]",Tigit,Nectin2,1
Tigit_Pvr,"[""Tigit"",""Pvr""]",Tigit,Pvr,1
Tnc_Itga2b_Itgb3,"[""Tnc"",""Itga2b_Itgb3""]",Tnc,Itga2b_Itgb3,1
Tnc_Itga8_Itgb1,"[""Tnc"",""Itga8_Itgb1""]",Tnc,Itga8_Itgb1,1
Tnc_Itga9_Itgb1,"[""Tnc"",""Itga9_Itgb1""]",Tnc,Itga9_Itgb1,1
Tnc_Itgav_Itgb3,"[""Tnc"",""Itgav_Itgb3""]",Tnc,Itgav_Itgb3,1
Tnc_Itgav_Itgb6,"[""Tnc"",""Itgav_Itgb6""]",Tnc,Itgav_Itgb6,1
Tnc_Sdc1,"[""Tnc"",""Sdc1""]",Tnc,Sdc1,1
Tnc_Sdc4,"[""Tnc"",""Sdc4""]",Tnc,Sdc4,1
Tnfsf10_Tnfrsf10b,"[""Tnfsf10"",""Tnfrsf10b""]",Tnfsf10,Tnfrsf10b,1
Tnfsf11_Tnfrsf11a,"[""Tnfsf11"",""Tnfrsf11a""]",Tnfsf11,Tnfrsf11a,1
Tnfsf11_Tnfrsf11b,"[""Tnfsf11"",""Tnfrsf11b""]",Tnfsf11,Tnfrsf11b,1
Tnfsf12_Tnfrsf12a,"[""Tnfsf12"",""Tnfrsf12a""]",Tnfsf12,Tnfrsf12a,1
Tnfsf13b_Tnfrsf13b,"[""Tnfsf13b"",""Tnfrsf13b""]",Tnfsf13b,Tnfrsf13b,1
Tnfsf13b_Tnfrsf13c,"[""Tnfsf13b"",""Tnfrsf13c""]",Tnfsf13b,Tnfrsf13c,1
Tnfsf13b_Tnfrsf17,"[""Tnfsf13b"",""Tnfrsf17""]",Tnfsf13b,Tnfrsf17,1
Tnfsf14_Ltbr,"[""Tnfsf14"",""Ltbr""]",Tnfsf14,Ltbr,1
Tnfsf14_Tnfrsf14,"[""Tnfsf14"",""Tnfrsf14""]",Tnfsf14,Tnfrsf14,1
Tnfsf15_Tnfrsf25,"[""Tnfsf15"",""Tnfrsf25""]",Tnfsf15,Tnfrsf25,1
Tnfsf18_Tnfrsf18,"[""Tnfsf18"",""Tnfrsf18""]",Tnfsf18,Tnfrsf18,1
Tnfsf4_Tnfrsf4,"[""Tnfsf4"",""Tnfrsf4""]",Tnfsf4,Tnfrsf4,1
Tnfsf8_Tnfrsf8,"[""Tnfsf8"",""Tnfrsf8""]",Tnfsf8,Tnfrsf8,1
Tnfsf9_Tnfrsf9,"[""Tnfsf9"",""Tnfrsf9""]",Tnfsf9,Tnfrsf9,1
Tnn_Itga2b_Itgb3,"[""Tnn"",""Itga2b_Itgb3""]",Tnn,Itga2b_Itgb3,1
Tnn_Itga8_Itgb1,"[""Tnn"",""Itga8_Itgb1""]",Tnn,Itga8_Itgb1,1
Tnn_Itga9_Itgb1,"[""Tnn"",""Itga9_Itgb1""]",Tnn,Itga9_Itgb1,1
Tnn_Itgav_Itgb3,"[""Tnn"",""Itgav_Itgb3""]",Tnn,Itgav_Itgb3,1
Tnn_Itgav_Itgb6,"[""Tnn"",""Itgav_Itgb6""]",Tnn,Itgav_Itgb6,1
Tnn_Sdc1,"[""Tnn"",""Sdc1""]",Tnn,Sdc1,1
Tnn_Sdc4,"[""Tnn"",""Sdc4""]",Tnn,Sdc4,1
Tnr_Itga2b_Itgb3,"[""Tnr"",""Itga2b_Itgb3""]",Tnr,Itga2b_Itgb3,1
Tnr_Itga8_Itgb1,"[""Tnr"",""Itga8_Itgb1""]",Tnr,Itga8_Itgb1,1
Tnr_Itga9_Itgb1,"[""Tnr"",""Itga9_Itgb1""]",Tnr,Itga9_Itgb1,1
Tnr_Itgav_Itgb3,"[""Tnr"",""Itgav_Itgb3""]",Tnr,Itgav_Itgb3,1
Tnr_Itgav_Itgb6,"[""Tnr"",""Itgav_Itgb6""]",Tnr,Itgav_Itgb6,1
Tnr_Sdc1,"[""Tnr"",""Sdc1""]",Tnr,Sdc1,1
Tnr_Sdc4,"[""Tnr"",""Sdc4""]",Tnr,Sdc4,2
Tnxb_Itga2b_Itgb3,"[""Tnxb"",""Itga2b_Itgb3""]",Tnxb,Itga2b_Itgb3,1
Tnxb_Itga8_Itgb1,"[""Tnxb"",""Itga8_Itgb1""]",Tnxb,Itga8_Itgb1,1
Tnxb_Itga9_Itgb1,"[""Tnxb"",""Itga9_Itgb1""]",Tnxb,Itga9_Itgb1,1
Tnxb_Itgav_Itgb3,"[""Tnxb"",""Itgav_Itgb3""]",Tnxb,Itgav_Itgb3,1
Tnxb_Itgav_Itgb6,"[""Tnxb"",""Itgav_Itgb6""]",Tnxb,Itgav_Itgb6,1
Tnxb_Sdc1,"[""Tnxb"",""Sdc1""]",Tnxb,Sdc1,1
Tnxb_Sdc4,"[""Tnxb"",""Sdc4""]",Tnxb,Sdc4,1
Trh_Trhr,"[""Trh"",""Trhr""]",Trh,Trhr,1
Try10_F2r,"[""Try10"",""F2r""]",Try10,F2r,1
Try10_F2rl1,"[""Try10"",""F2rl1""]",Try10,F2rl1,1
Try10_F2rl2,"[""Try10"",""F2rl2""]",Try10,F2rl2,1
Try10_F2rl3,"[""Try10"",""F2rl3""]",Try10,F2rl3,1
Try10_Pard3,"[""Try10"",""Pard3""]",Try10,Pard3,1
Try5_F2r,"[""Try5"",""F2r""]",Try5,F2r,1
Try5_F2rl1,"[""Try5"",""F2rl1""]",Try5,F2rl1,1
Try5_F2rl2,"[""Try5"",""F2rl2""]",Try5,F2rl2,1
Try5_F2rl3,"[""Try5"",""F2rl3""]",Try5,F2rl3,1
Try5_Pard3,"[""Try5"",""Pard3""]",Try5,Pard3,1
Tshb_Tshr,"[""Tshb"",""Tshr""]",Tshb,Tshr,1
Tslp_Il7r_Crlf2,"[""Tslp"",""Il7r_Crlf2""]",Tslp,Il7r_Crlf2,1
Ucn_Crhr1,"[""Ucn"",""Crhr1""]",Ucn,Crhr1,1
Ucn_Crhr2,"[""Ucn"",""Crhr2""]",Ucn,Crhr2,1
Ucn2_Crhr1,"[""Ucn2"",""Crhr1""]",Ucn2,Crhr1,2
Ucn2_Crhr2,"[""Ucn2"",""Crhr2""]",Ucn2,Crhr2,1
Uts2b_Sstr5,"[""Uts2b"",""Sstr5""]",Uts2b,Sstr5,1
Uts2b_Uts2r,"[""Uts2b"",""Uts2r""]",Uts2b,Uts2r,1
Vegfa_Flt1,"[""Vegfa"",""Flt1""]",Vegfa,Flt1,1
Vegfa_Flt1_Kdr,"[""Vegfa"",""Flt1_Kdr""]",Vegfa,Flt1_Kdr,1
Vegfa_Kdr,"[""Vegfa"",""Kdr""]",Vegfa,Kdr,1
Vegfb_Flt1,"[""Vegfb"",""Flt1""]",Vegfb,Flt1,1
Vegfc_Flt4,"[""Vegfc"",""Flt4""]",Vegfc,Flt4,1
Vegfc_Flt4_Kdr,"[""Vegfc"",""Flt4_Kdr""]",Vegfc,Flt4_Kdr,1
Vegfc_Kdr,"[""Vegfc"",""Kdr""]",Vegfc,Kdr,1
Vegfd_Flt4,"[""Vegfd"",""Flt4""]",Vegfd,Flt4,1
Vegfd_Flt4_Kdr,"[""Vegfd"",""Flt4_Kdr""]",Vegfd,Flt4_Kdr,1
Vegfd_Kdr,"[""Vegfd"",""Kdr""]",Vegfd,Kdr,1
Vsir_Igsf11,"[""Vsir"",""Igsf11""]",Vsir,Igsf11,1
Vtn_Itga2b_Itgb3,"[""Vtn"",""Itga2b_Itgb3""]",Vtn,Itga2b_Itgb3,1
Vtn_Itga8_Itgb1,"[""Vtn"",""Itga8_Itgb1""]",Vtn,Itga8_Itgb1,1
Vtn_Itgav_Itgb1,"[""Vtn"",""Itgav_Itgb1""]",Vtn,Itgav_Itgb1,1
Vtn_Itgav_Itgb3,"[""Vtn"",""Itgav_Itgb3""]",Vtn,Itgav_Itgb3,1
Vtn_Itgav_Itgb5,"[""Vtn"",""Itgav_Itgb5""]",Vtn,Itgav_Itgb5,1
Vtn_Itgav_Itgb8,"[""Vtn"",""Itgav_Itgb8""]",Vtn,Itgav_Itgb8,1
Vwf_Gp1ba_Gp1bb_Gp5_Gp9,"[""Vwf"",""Gp1ba_Gp1bb_Gp5_Gp9""]",Vwf,Gp1ba_Gp1bb_Gp5_Gp9,1
Vwf_Itga2b_Itgb3,"[""Vwf"",""Itga2b_Itgb3""]",Vwf,Itga2b_Itgb3,1
Vwf_Itgav_Itgb3,"[""Vwf"",""Itgav_Itgb3""]",Vwf,Itgav_Itgb3,1
Wnt1_Fzd10_Lrp5,"[""Wnt1"",""Fzd10_Lrp5""]",Wnt1,Fzd10_Lrp5,1
Wnt1_Fzd10_Lrp6,"[""Wnt1"",""Fzd10_Lrp6""]",Wnt1,Fzd10_Lrp6,1
Wnt1_Fzd1_Lrp5,"[""Wnt1"",""Fzd1_Lrp5""]",Wnt1,Fzd1_Lrp5,1
Wnt1_Fzd1_Lrp6,"[""Wnt1"",""Fzd1_Lrp6""]",Wnt1,Fzd1_Lrp6,1
Wnt1_Fzd2_Lrp5,"[""Wnt1"",""Fzd2_Lrp5""]",Wnt1,Fzd2_Lrp5,1
Wnt1_Fzd2_Lrp6,"[""Wnt1"",""Fzd2_Lrp6""]",Wnt1,Fzd2_Lrp6,1
Wnt1_Fzd3_Lrp5,"[""Wnt1"",""Fzd3_Lrp5""]",Wnt1,Fzd3_Lrp5,1
Wnt1_Fzd3_Lrp6,"[""Wnt1"",""Fzd3_Lrp6""]",Wnt1,Fzd3_Lrp6,1
Wnt1_Fzd4_Lrp5,"[""Wnt1"",""Fzd4_Lrp5""]",Wnt1,Fzd4_Lrp5,1
Wnt1_Fzd4_Lrp6,"[""Wnt1"",""Fzd4_Lrp6""]",Wnt1,Fzd4_Lrp6,1
Wnt1_Fzd5_Lrp5,"[""Wnt1"",""Fzd5_Lrp5""]",Wnt1,Fzd5_Lrp5,1
Wnt1_Fzd5_Lrp6,"[""Wnt1"",""Fzd5_Lrp6""]",Wnt1,Fzd5_Lrp6,1
Wnt1_Fzd6_Lrp5,"[""Wnt1"",""Fzd6_Lrp5""]",Wnt1,Fzd6_Lrp5,1
Wnt1_Fzd6_Lrp6,"[""Wnt1"",""Fzd6_Lrp6""]",Wnt1,Fzd6_Lrp6,1
Wnt1_Fzd7_Lrp5,"[""Wnt1"",""Fzd7_Lrp5""]",Wnt1,Fzd7_Lrp5,1
Wnt1_Fzd7_Lrp6,"[""Wnt1"",""Fzd7_Lrp6""]",Wnt1,Fzd7_Lrp6,1
Wnt1_Fzd8_Lrp5,"[""Wnt1"",""Fzd8_Lrp5""]",Wnt1,Fzd8_Lrp5,1
Wnt1_Fzd8_Lrp6,"[""Wnt1"",""Fzd8_Lrp6""]",Wnt1,Fzd8_Lrp6,1
Wnt1_Fzd9_Lrp5,"[""Wnt1"",""Fzd9_Lrp5""]",Wnt1,Fzd9_Lrp5,1
Wnt1_Fzd9_Lrp6,"[""Wnt1"",""Fzd9_Lrp6""]",Wnt1,Fzd9_Lrp6,1
Wnt10a_Fzd10_Lrp5,"[""Wnt10a"",""Fzd10_Lrp5""]",Wnt10a,Fzd10_Lrp5,1
Wnt10a_Fzd10_Lrp6,"[""Wnt10a"",""Fzd10_Lrp6""]",Wnt10a,Fzd10_Lrp6,1
Wnt10a_Fzd1_Lrp5,"[""Wnt10a"",""Fzd1_Lrp5""]",Wnt10a,Fzd1_Lrp5,1
Wnt10a_Fzd1_Lrp6,"[""Wnt10a"",""Fzd1_Lrp6""]",Wnt10a,Fzd1_Lrp6,1
Wnt10a_Fzd2_Lrp5,"[""Wnt10a"",""Fzd2_Lrp5""]",Wnt10a,Fzd2_Lrp5,1
Wnt10a_Fzd2_Lrp6,"[""Wnt10a"",""Fzd2_Lrp6""]",Wnt10a,Fzd2_Lrp6,1
Wnt10a_Fzd3_Lrp5,"[""Wnt10a"",""Fzd3_Lrp5""]",Wnt10a,Fzd3_Lrp5,1
Wnt10a_Fzd3_Lrp6,"[""Wnt10a"",""Fzd3_Lrp6""]",Wnt10a,Fzd3_Lrp6,1
Wnt10a_Fzd4_Lrp5,"[""Wnt10a"",""Fzd4_Lrp5""]",Wnt10a,Fzd4_Lrp5,1
Wnt10a_Fzd4_Lrp6,"[""Wnt10a"",""Fzd4_Lrp6""]",Wnt10a,Fzd4_Lrp6,1
Wnt10a_Fzd5_Lrp5,"[""Wnt10a"",""Fzd5_Lrp5""]",Wnt10a,Fzd5_Lrp5,1
Wnt10a_Fzd5_Lrp6,"[""Wnt10a"",""Fzd5_Lrp6""]",Wnt10a,Fzd5_Lrp6,1
Wnt10a_Fzd6_Lrp5,"[""Wnt10a"",""Fzd6_Lrp5""]",Wnt10a,Fzd6_Lrp5,1
Wnt10a_Fzd6_Lrp6,"[""Wnt10a"",""Fzd6_Lrp6""]",Wnt10a,Fzd6_Lrp6,1
Wnt10a_Fzd7_Lrp5,"[""Wnt10a"",""Fzd7_Lrp5""]",Wnt10a,Fzd7_Lrp5,1
Wnt10a_Fzd7_Lrp6,"[""Wnt10a"",""Fzd7_Lrp6""]",Wnt10a,Fzd7_Lrp6,1
Wnt10a_Fzd8_Lrp5,"[""Wnt10a"",""Fzd8_Lrp5""]",Wnt10a,Fzd8_Lrp5,1
Wnt10a_Fzd8_Lrp6,"[""Wnt10a"",""Fzd8_Lrp6""]",Wnt10a,Fzd8_Lrp6,1
Wnt10a_Fzd9_Lrp5,"[""Wnt10a"",""Fzd9_Lrp5""]",Wnt10a,Fzd9_Lrp5,1
Wnt10a_Fzd9_Lrp6,"[""Wnt10a"",""Fzd9_Lrp6""]",Wnt10a,Fzd9_Lrp6,1
Wnt10b_Fzd10_Lrp5,"[""Wnt10b"",""Fzd10_Lrp5""]",Wnt10b,Fzd10_Lrp5,1
Wnt10b_Fzd10_Lrp6,"[""Wnt10b"",""Fzd10_Lrp6""]",Wnt10b,Fzd10_Lrp6,1
Wnt10b_Fzd1_Lrp5,"[""Wnt10b"",""Fzd1_Lrp5""]",Wnt10b,Fzd1_Lrp5,1
Wnt10b_Fzd1_Lrp6,"[""Wnt10b"",""Fzd1_Lrp6""]",Wnt10b,Fzd1_Lrp6,1
Wnt10b_Fzd2_Lrp5,"[""Wnt10b"",""Fzd2_Lrp5""]",Wnt10b,Fzd2_Lrp5,1
Wnt10b_Fzd2_Lrp6,"[""Wnt10b"",""Fzd2_Lrp6""]",Wnt10b,Fzd2_Lrp6,1
Wnt10b_Fzd3_Lrp5,"[""Wnt10b"",""Fzd3_Lrp5""]",Wnt10b,Fzd3_Lrp5,1
Wnt10b_Fzd3_Lrp6,"[""Wnt10b"",""Fzd3_Lrp6""]",Wnt10b,Fzd3_Lrp6,1
Wnt10b_Fzd4_Lrp5,"[""Wnt10b"",""Fzd4_Lrp5""]",Wnt10b,Fzd4_Lrp5,1
Wnt10b_Fzd4_Lrp6,"[""Wnt10b"",""Fzd4_Lrp6""]",Wnt10b,Fzd4_Lrp6,1
Wnt10b_Fzd5_Lrp5,"[""Wnt10b"",""Fzd5_Lrp5""]",Wnt10b,Fzd5_Lrp5,1
Wnt10b_Fzd5_Lrp6,"[""Wnt10b"",""Fzd5_Lrp6""]",Wnt10b,Fzd5_Lrp6,1
Wnt10b_Fzd6_Lrp5,"[""Wnt10b"",""Fzd6_Lrp5""]",Wnt10b,Fzd6_Lrp5,1
Wnt10b_Fzd6_Lrp6,"[""Wnt10b"",""Fzd6_Lrp6""]",Wnt10b,Fzd6_Lrp6,1
Wnt10b_Fzd7_Lrp5,"[""Wnt10b"",""Fzd7_Lrp5""]",Wnt10b,Fzd7_Lrp5,1
Wnt10b_Fzd7_Lrp6,"[""Wnt10b"",""Fzd7_Lrp6""]",Wnt10b,Fzd7_Lrp6,1
Wnt10b_Fzd8_Lrp5,"[""Wnt10b"",""Fzd8_Lrp5""]",Wnt10b,Fzd8_Lrp5,1
Wnt10b_Fzd8_Lrp6,"[""Wnt10b"",""Fzd8_Lrp6""]",Wnt10b,Fzd8_Lrp6,1
Wnt10b_Fzd9_Lrp5,"[""Wnt10b"",""Fzd9_Lrp5""]",Wnt10b,Fzd9_Lrp5,1
Wnt10b_Fzd9_Lrp6,"[""Wnt10b"",""Fzd9_Lrp6""]",Wnt10b,Fzd9_Lrp6,1
Wnt11_Fzd1,"[""Wnt11"",""Fzd1""]",Wnt11,Fzd1,1
Wnt11_Fzd10,"[""Wnt11"",""Fzd10""]",Wnt11,Fzd10,1
Wnt11_Fzd2,"[""Wnt11"",""Fzd2""]",Wnt11,Fzd2,1
Wnt11_Fzd3,"[""Wnt11"",""Fzd3""]",Wnt11,Fzd3,1
Wnt11_Fzd4,"[""Wnt11"",""Fzd4""]",Wnt11,Fzd4,1
Wnt11_Fzd5,"[""Wnt11"",""Fzd5""]",Wnt11,Fzd5,1
Wnt11_Fzd6,"[""Wnt11"",""Fzd6""]",Wnt11,Fzd6,1
Wnt11_Fzd7,"[""Wnt11"",""Fzd7""]",Wnt11,Fzd7,1
Wnt11_Fzd8,"[""Wnt11"",""Fzd8""]",Wnt11,Fzd8,1
Wnt11_Fzd9,"[""Wnt11"",""Fzd9""]",Wnt11,Fzd9,1
Wnt16_Fzd10_Lrp5,"[""Wnt16"",""Fzd10_Lrp5""]",Wnt16,Fzd10_Lrp5,1
Wnt16_Fzd10_Lrp6,"[""Wnt16"",""Fzd10_Lrp6""]",Wnt16,Fzd10_Lrp6,1
Wnt16_Fzd1_Lrp5,"[""Wnt16"",""Fzd1_Lrp5""]",Wnt16,Fzd1_Lrp5,1
Wnt16_Fzd1_Lrp6,"[""Wnt16"",""Fzd1_Lrp6""]",Wnt16,Fzd1_Lrp6,1
Wnt16_Fzd2_Lrp5,"[""Wnt16"",""Fzd2_Lrp5""]",Wnt16,Fzd2_Lrp5,1
Wnt16_Fzd2_Lrp6,"[""Wnt16"",""Fzd2_Lrp6""]",Wnt16,Fzd2_Lrp6,1
Wnt16_Fzd3_Lrp5,"[""Wnt16"",""Fzd3_Lrp5""]",Wnt16,Fzd3_Lrp5,1
Wnt16_Fzd3_Lrp6,"[""Wnt16"",""Fzd3_Lrp6""]",Wnt16,Fzd3_Lrp6,1
Wnt16_Fzd4_Lrp5,"[""Wnt16"",""Fzd4_Lrp5""]",Wnt16,Fzd4_Lrp5,1
Wnt16_Fzd4_Lrp6,"[""Wnt16"",""Fzd4_Lrp6""]",Wnt16,Fzd4_Lrp6,1
Wnt16_Fzd5_Lrp5,"[""Wnt16"",""Fzd5_Lrp5""]",Wnt16,Fzd5_Lrp5,1
Wnt16_Fzd5_Lrp6,"[""Wnt16"",""Fzd5_Lrp6""]",Wnt16,Fzd5_Lrp6,1
Wnt16_Fzd6_Lrp5,"[""Wnt16"",""Fzd6_Lrp5""]",Wnt16,Fzd6_Lrp5,1
Wnt16_Fzd6_Lrp6,"[""Wnt16"",""Fzd6_Lrp6""]",Wnt16,Fzd6_Lrp6,1
Wnt16_Fzd7_Lrp5,"[""Wnt16"",""Fzd7_Lrp5""]",Wnt16,Fzd7_Lrp5,1
Wnt16_Fzd7_Lrp6,"[""Wnt16"",""Fzd7_Lrp6""]",Wnt16,Fzd7_Lrp6,1
Wnt16_Fzd8_Lrp5,"[""Wnt16"",""Fzd8_Lrp5""]",Wnt16,Fzd8_Lrp5,1
Wnt16_Fzd8_Lrp6,"[""Wnt16"",""Fzd8_Lrp6""]",Wnt16,Fzd8_Lrp6,1
Wnt16_Fzd9_Lrp5,"[""Wnt16"",""Fzd9_Lrp5""]",Wnt16,Fzd9_Lrp5,1
Wnt16_Fzd9_Lrp6,"[""Wnt16"",""Fzd9_Lrp6""]",Wnt16,Fzd9_Lrp6,1
Wnt2_Fzd10_Lrp5,"[""Wnt2"",""Fzd10_Lrp5""]",Wnt2,Fzd10_Lrp5,1
Wnt2_Fzd10_Lrp6,"[""Wnt2"",""Fzd10_Lrp6""]",Wnt2,Fzd10_Lrp6,1
Wnt2_Fzd1_Lrp5,"[""Wnt2"",""Fzd1_Lrp5""]",Wnt2,Fzd1_Lrp5,1
Wnt2_Fzd1_Lrp6,"[""Wnt2"",""Fzd1_Lrp6""]",Wnt2,Fzd1_Lrp6,1
Wnt2_Fzd2_Lrp5,"[""Wnt2"",""Fzd2_Lrp5""]",Wnt2,Fzd2_Lrp5,1
Wnt2_Fzd2_Lrp6,"[""Wnt2"",""Fzd2_Lrp6""]",Wnt2,Fzd2_Lrp6,1
Wnt2_Fzd3_Lrp5,"[""Wnt2"",""Fzd3_Lrp5""]",Wnt2,Fzd3_Lrp5,1
Wnt2_Fzd3_Lrp6,"[""Wnt2"",""Fzd3_Lrp6""]",Wnt2,Fzd3_Lrp6,1
Wnt2_Fzd4_Lrp5,"[""Wnt2"",""Fzd4_Lrp5""]",Wnt2,Fzd4_Lrp5,1
Wnt2_Fzd4_Lrp6,"[""Wnt2"",""Fzd4_Lrp6""]",Wnt2,Fzd4_Lrp6,1
Wnt2_Fzd5_Lrp5,"[""Wnt2"",""Fzd5_Lrp5""]",Wnt2,Fzd5_Lrp5,1
Wnt2_Fzd5_Lrp6,"[""Wnt2"",""Fzd5_Lrp6""]",Wnt2,Fzd5_Lrp6,1
Wnt2_Fzd6_Lrp5,"[""Wnt2"",""Fzd6_Lrp5""]",Wnt2,Fzd6_Lrp5,1
Wnt2_Fzd6_Lrp6,"[""Wnt2"",""Fzd6_Lrp6""]",Wnt2,Fzd6_Lrp6,1
Wnt2_Fzd7_Lrp5,"[""Wnt2"",""Fzd7_Lrp5""]",Wnt2,Fzd7_Lrp5,1
Wnt2_Fzd7_Lrp6,"[""Wnt2"",""Fzd7_Lrp6""]",Wnt2,Fzd7_Lrp6,1
Wnt2_Fzd8_Lrp5,"[""Wnt2"",""Fzd8_Lrp5""]",Wnt2,Fzd8_Lrp5,1
Wnt2_Fzd8_Lrp6,"[""Wnt2"",""Fzd8_Lrp6""]",Wnt2,Fzd8_Lrp6,1
Wnt2_Fzd9_Lrp5,"[""Wnt2"",""Fzd9_Lrp5""]",Wnt2,Fzd9_Lrp5,1
Wnt2_Fzd9_Lrp6,"[""Wnt2"",""Fzd9_Lrp6""]",Wnt2,Fzd9_Lrp6,1
Wnt2b_Fzd10_Lrp5,"[""Wnt2b"",""Fzd10_Lrp5""]",Wnt2b,Fzd10_Lrp5,1
Wnt2b_Fzd10_Lrp6,"[""Wnt2b"",""Fzd10_Lrp6""]",Wnt2b,Fzd10_Lrp6,1
Wnt2b_Fzd1_Lrp5,"[""Wnt2b"",""Fzd1_Lrp5""]",Wnt2b,Fzd1_Lrp5,1
Wnt2b_Fzd1_Lrp6,"[""Wnt2b"",""Fzd1_Lrp6""]",Wnt2b,Fzd1_Lrp6,1
Wnt2b_Fzd2_Lrp5,"[""Wnt2b"",""Fzd2_Lrp5""]",Wnt2b,Fzd2_Lrp5,1
Wnt2b_Fzd2_Lrp6,"[""Wnt2b"",""Fzd2_Lrp6""]",Wnt2b,Fzd2_Lrp6,1
Wnt2b_Fzd3_Lrp5,"[""Wnt2b"",""Fzd3_Lrp5""]",Wnt2b,Fzd3_Lrp5,1
Wnt2b_Fzd3_Lrp6,"[""Wnt2b"",""Fzd3_Lrp6""]",Wnt2b,Fzd3_Lrp6,1
Wnt2b_Fzd4_Lrp5,"[""Wnt2b"",""Fzd4_Lrp5""]",Wnt2b,Fzd4_Lrp5,1
Wnt2b_Fzd4_Lrp6,"[""Wnt2b"",""Fzd4_Lrp6""]",Wnt2b,Fzd4_Lrp6,1
Wnt2b_Fzd5_Lrp5,"[""Wnt2b"",""Fzd5_Lrp5""]",Wnt2b,Fzd5_Lrp5,1
Wnt2b_Fzd5_Lrp6,"[""Wnt2b"",""Fzd5_Lrp6""]",Wnt2b,Fzd5_Lrp6,1
Wnt2b_Fzd6_Lrp5,"[""Wnt2b"",""Fzd6_Lrp5""]",Wnt2b,Fzd6_Lrp5,1
Wnt2b_Fzd6_Lrp6,"[""Wnt2b"",""Fzd6_Lrp6""]",Wnt2b,Fzd6_Lrp6,1
Wnt2b_Fzd7_Lrp5,"[""Wnt2b"",""Fzd7_Lrp5""]",Wnt2b,Fzd7_Lrp5,1
Wnt2b_Fzd7_Lrp6,"[""Wnt2b"",""Fzd7_Lrp6""]",Wnt2b,Fzd7_Lrp6,1
Wnt2b_Fzd8_Lrp5,"[""Wnt2b"",""Fzd8_Lrp5""]",Wnt2b,Fzd8_Lrp5,1
Wnt2b_Fzd8_Lrp6,"[""Wnt2b"",""Fzd8_Lrp6""]",Wnt2b,Fzd8_Lrp6,1
Wnt2b_Fzd9_Lrp5,"[""Wnt2b"",""Fzd9_Lrp5""]",Wnt2b,Fzd9_Lrp5,1
Wnt2b_Fzd9_Lrp6,"[""Wnt2b"",""Fzd9_Lrp6""]",Wnt2b,Fzd9_Lrp6,1
Wnt3_Fzd10_Lrp5,"[""Wnt3"",""Fzd10_Lrp5""]",Wnt3,Fzd10_Lrp5,1
Wnt3_Fzd10_Lrp6,"[""Wnt3"",""Fzd10_Lrp6""]",Wnt3,Fzd10_Lrp6,1
Wnt3_Fzd1_Lrp5,"[""Wnt3"",""Fzd1_Lrp5""]",Wnt3,Fzd1_Lrp5,1
Wnt3_Fzd1_Lrp6,"[""Wnt3"",""Fzd1_Lrp6""]",Wnt3,Fzd1_Lrp6,1
Wnt3_Fzd2_Lrp5,"[""Wnt3"",""Fzd2_Lrp5""]",Wnt3,Fzd2_Lrp5,1
Wnt3_Fzd2_Lrp6,"[""Wnt3"",""Fzd2_Lrp6""]",Wnt3,Fzd2_Lrp6,1
Wnt3_Fzd3_Lrp5,"[""Wnt3"",""Fzd3_Lrp5""]",Wnt3,Fzd3_Lrp5,1
Wnt3_Fzd3_Lrp6,"[""Wnt3"",""Fzd3_Lrp6""]",Wnt3,Fzd3_Lrp6,1
Wnt3_Fzd4_Lrp5,"[""Wnt3"",""Fzd4_Lrp5""]",Wnt3,Fzd4_Lrp5,1
Wnt3_Fzd4_Lrp6,"[""Wnt3"",""Fzd4_Lrp6""]",Wnt3,Fzd4_Lrp6,1
Wnt3_Fzd5_Lrp5,"[""Wnt3"",""Fzd5_Lrp5""]",Wnt3,Fzd5_Lrp5,1
Wnt3_Fzd5_Lrp6,"[""Wnt3"",""Fzd5_Lrp6""]",Wnt3,Fzd5_Lrp6,1
Wnt3_Fzd6_Lrp5,"[""Wnt3"",""Fzd6_Lrp5""]",Wnt3,Fzd6_Lrp5,1
Wnt3_Fzd6_Lrp6,"[""Wnt3"",""Fzd6_Lrp6""]",Wnt3,Fzd6_Lrp6,1
Wnt3_Fzd7_Lrp5,"[""Wnt3"",""Fzd7_Lrp5""]",Wnt3,Fzd7_Lrp5,1
Wnt3_Fzd7_Lrp6,"[""Wnt3"",""Fzd7_Lrp6""]",Wnt3,Fzd7_Lrp6,1
Wnt3_Fzd8_Lrp5,"[""Wnt3"",""Fzd8_Lrp5""]",Wnt3,Fzd8_Lrp5,1
Wnt3_Fzd8_Lrp6,"[""Wnt3"",""Fzd8_Lrp6""]",Wnt3,Fzd8_Lrp6,1
Wnt3_Fzd9_Lrp5,"[""Wnt3"",""Fzd9_Lrp5""]",Wnt3,Fzd9_Lrp5,1
Wnt3_Fzd9_Lrp6,"[""Wnt3"",""Fzd9_Lrp6""]",Wnt3,Fzd9_Lrp6,1
Wnt3a_Fzd10_Lrp5,"[""Wnt3a"",""Fzd10_Lrp5""]",Wnt3a,Fzd10_Lrp5,1
Wnt3a_Fzd10_Lrp6,"[""Wnt3a"",""Fzd10_Lrp6""]",Wnt3a,Fzd10_Lrp6,1
Wnt3a_Fzd1_Lrp5,"[""Wnt3a"",""Fzd1_Lrp5""]",Wnt3a,Fzd1_Lrp5,1
Wnt3a_Fzd1_Lrp6,"[""Wnt3a"",""Fzd1_Lrp6""]",Wnt3a,Fzd1_Lrp6,1
Wnt3a_Fzd2_Lrp5,"[""Wnt3a"",""Fzd2_Lrp5""]",Wnt3a,Fzd2_Lrp5,1
Wnt3a_Fzd2_Lrp6,"[""Wnt3a"",""Fzd2_Lrp6""]",Wnt3a,Fzd2_Lrp6,1
Wnt3a_Fzd3_Lrp5,"[""Wnt3a"",""Fzd3_Lrp5""]",Wnt3a,Fzd3_Lrp5,1
Wnt3a_Fzd3_Lrp6,"[""Wnt3a"",""Fzd3_Lrp6""]",Wnt3a,Fzd3_Lrp6,1
Wnt3a_Fzd4_Lrp5,"[""Wnt3a"",""Fzd4_Lrp5""]",Wnt3a,Fzd4_Lrp5,1
Wnt3a_Fzd4_Lrp6,"[""Wnt3a"",""Fzd4_Lrp6""]",Wnt3a,Fzd4_Lrp6,1
Wnt3a_Fzd5_Lrp5,"[""Wnt3a"",""Fzd5_Lrp5""]",Wnt3a,Fzd5_Lrp5,1
Wnt3a_Fzd5_Lrp6,"[""Wnt3a"",""Fzd5_Lrp6""]",Wnt3a,Fzd5_Lrp6,1
Wnt3a_Fzd6_Lrp5,"[""Wnt3a"",""Fzd6_Lrp5""]",Wnt3a,Fzd6_Lrp5,1
Wnt3a_Fzd6_Lrp6,"[""Wnt3a"",""Fzd6_Lrp6""]",Wnt3a,Fzd6_Lrp6,1
Wnt3a_Fzd7_Lrp5,"[""Wnt3a"",""Fzd7_Lrp5""]",Wnt3a,Fzd7_Lrp5,1
Wnt3a_Fzd7_Lrp6,"[""Wnt3a"",""Fzd7_Lrp6""]",Wnt3a,Fzd7_Lrp6,1
Wnt3a_Fzd8_Lrp5,"[""Wnt3a"",""Fzd8_Lrp5""]",Wnt3a,Fzd8_Lrp5,1
Wnt3a_Fzd8_Lrp6,"[""Wnt3a"",""Fzd8_Lrp6""]",Wnt3a,Fzd8_Lrp6,1
Wnt3a_Fzd9_Lrp5,"[""Wnt3a"",""Fzd9_Lrp5""]",Wnt3a,Fzd9_Lrp5,1
Wnt3a_Fzd9_Lrp6,"[""Wnt3a"",""Fzd9_Lrp6""]",Wnt3a,Fzd9_Lrp6,1
Wnt4_Fzd10_Lrp5,"[""Wnt4"",""Fzd10_Lrp5""]",Wnt4,Fzd10_Lrp5,1
Wnt4_Fzd10_Lrp6,"[""Wnt4"",""Fzd10_Lrp6""]",Wnt4,Fzd10_Lrp6,1
Wnt4_Fzd1_Lrp5,"[""Wnt4"",""Fzd1_Lrp5""]",Wnt4,Fzd1_Lrp5,1
Wnt4_Fzd1_Lrp6,"[""Wnt4"",""Fzd1_Lrp6""]",Wnt4,Fzd1_Lrp6,1
Wnt4_Fzd2_Lrp5,"[""Wnt4"",""Fzd2_Lrp5""]",Wnt4,Fzd2_Lrp5,1
Wnt4_Fzd2_Lrp6,"[""Wnt4"",""Fzd2_Lrp6""]",Wnt4,Fzd2_Lrp6,1
Wnt4_Fzd3_Lrp5,"[""Wnt4"",""Fzd3_Lrp5""]",Wnt4,Fzd3_Lrp5,1
Wnt4_Fzd3_Lrp6,"[""Wnt4"",""Fzd3_Lrp6""]",Wnt4,Fzd3_Lrp6,1
Wnt4_Fzd4_Lrp5,"[""Wnt4"",""Fzd4_Lrp5""]",Wnt4,Fzd4_Lrp5,1
Wnt4_Fzd4_Lrp6,"[""Wnt4"",""Fzd4_Lrp6""]",Wnt4,Fzd4_Lrp6,1
Wnt4_Fzd5_Lrp5,"[""Wnt4"",""Fzd5_Lrp5""]",Wnt4,Fzd5_Lrp5,1
Wnt4_Fzd5_Lrp6,"[""Wnt4"",""Fzd5_Lrp6""]",Wnt4,Fzd5_Lrp6,1
Wnt4_Fzd6_Lrp5,"[""Wnt4"",""Fzd6_Lrp5""]",Wnt4,Fzd6_Lrp5,1
Wnt4_Fzd6_Lrp6,"[""Wnt4"",""Fzd6_Lrp6""]",Wnt4,Fzd6_Lrp6,1
Wnt4_Fzd7_Lrp5,"[""Wnt4"",""Fzd7_Lrp5""]",Wnt4,Fzd7_Lrp5,1
Wnt4_Fzd7_Lrp6,"[""Wnt4"",""Fzd7_Lrp6""]",Wnt4,Fzd7_Lrp6,1
Wnt4_Fzd8_Lrp5,"[""Wnt4"",""Fzd8_Lrp5""]",Wnt4,Fzd8_Lrp5,1
Wnt4_Fzd8_Lrp6,"[""Wnt4"",""Fzd8_Lrp6""]",Wnt4,Fzd8_Lrp6,1
Wnt4_Fzd9_Lrp5,"[""Wnt4"",""Fzd9_Lrp5""]",Wnt4,Fzd9_Lrp5,1
Wnt4_Fzd9_Lrp6,"[""Wnt4"",""Fzd9_Lrp6""]",Wnt4,Fzd9_Lrp6,1
Wnt5a_Fzd1,"[""Wnt5a"",""Fzd1""]",Wnt5a,Fzd1,1
Wnt5a_Fzd10,"[""Wnt5a"",""Fzd10""]",Wnt5a,Fzd10,1
Wnt5a_Fzd2,"[""Wnt5a"",""Fzd2""]",Wnt5a,Fzd2,1
Wnt5a_Fzd3,"[""Wnt5a"",""Fzd3""]",Wnt5a,Fzd3,1
Wnt5a_Fzd4,"[""Wnt5a"",""Fzd4""]",Wnt5a,Fzd4,1
Wnt5a_Fzd5,"[""Wnt5a"",""Fzd5""]",Wnt5a,Fzd5,1
Wnt5a_Fzd6,"[""Wnt5a"",""Fzd6""]",Wnt5a,Fzd6,1
Wnt5a_Fzd7,"[""Wnt5a"",""Fzd7""]",Wnt5a,Fzd7,1
Wnt5a_Fzd8,"[""Wnt5a"",""Fzd8""]",Wnt5a,Fzd8,1
Wnt5a_Fzd9,"[""Wnt5a"",""Fzd9""]",Wnt5a,Fzd9,1
Wnt5a_Mcam,"[""Wnt5a"",""Mcam""]",Wnt5a,Mcam,1
Wnt5b_Fzd1,"[""Wnt5b"",""Fzd1""]",Wnt5b,Fzd1,1
Wnt5b_Fzd10,"[""Wnt5b"",""Fzd10""]",Wnt5b,Fzd10,1
Wnt5b_Fzd2,"[""Wnt5b"",""Fzd2""]",Wnt5b,Fzd2,1
Wnt5b_Fzd3,"[""Wnt5b"",""Fzd3""]",Wnt5b,Fzd3,1
Wnt5b_Fzd4,"[""Wnt5b"",""Fzd4""]",Wnt5b,Fzd4,1
Wnt5b_Fzd5,"[""Wnt5b"",""Fzd5""]",Wnt5b,Fzd5,1
Wnt5b_Fzd6,"[""Wnt5b"",""Fzd6""]",Wnt5b,Fzd6,1
Wnt5b_Fzd7,"[""Wnt5b"",""Fzd7""]",Wnt5b,Fzd7,1
Wnt5b_Fzd8,"[""Wnt5b"",""Fzd8""]",Wnt5b,Fzd8,1
Wnt5b_Fzd9,"[""Wnt5b"",""Fzd9""]",Wnt5b,Fzd9,1
Wnt6_Fzd10_Lrp5,"[""Wnt6"",""Fzd10_Lrp5""]",Wnt6,Fzd10_Lrp5,1
Wnt6_Fzd10_Lrp6,"[""Wnt6"",""Fzd10_Lrp6""]",Wnt6,Fzd10_Lrp6,1
Wnt6_Fzd1_Lrp5,"[""Wnt6"",""Fzd1_Lrp5""]",Wnt6,Fzd1_Lrp5,1
Wnt6_Fzd1_Lrp6,"[""Wnt6"",""Fzd1_Lrp6""]",Wnt6,Fzd1_Lrp6,1
Wnt6_Fzd2_Lrp5,"[""Wnt6"",""Fzd2_Lrp5""]",Wnt6,Fzd2_Lrp5,1
Wnt6_Fzd2_Lrp6,"[""Wnt6"",""Fzd2_Lrp6""]",Wnt6,Fzd2_Lrp6,1
Wnt6_Fzd3_Lrp5,"[""Wnt6"",""Fzd3_Lrp5""]",Wnt6,Fzd3_Lrp5,1
Wnt6_Fzd3_Lrp6,"[""Wnt6"",""Fzd3_Lrp6""]",Wnt6,Fzd3_Lrp6,1
Wnt6_Fzd4_Lrp5,"[""Wnt6"",""Fzd4_Lrp5""]",Wnt6,Fzd4_Lrp5,1
Wnt6_Fzd4_Lrp6,"[""Wnt6"",""Fzd4_Lrp6""]",Wnt6,Fzd4_Lrp6,1
Wnt6_Fzd5_Lrp5,"[""Wnt6"",""Fzd5_Lrp5""]",Wnt6,Fzd5_Lrp5,1
Wnt6_Fzd5_Lrp6,"[""Wnt6"",""Fzd5_Lrp6""]",Wnt6,Fzd5_Lrp6,1
Wnt6_Fzd6_Lrp5,"[""Wnt6"",""Fzd6_Lrp5""]",Wnt6,Fzd6_Lrp5,1
Wnt6_Fzd6_Lrp6,"[""Wnt6"",""Fzd6_Lrp6""]",Wnt6,Fzd6_Lrp6,1
Wnt6_Fzd7_Lrp5,"[""Wnt6"",""Fzd7_Lrp5""]",Wnt6,Fzd7_Lrp5,1
Wnt6_Fzd7_Lrp6,"[""Wnt6"",""Fzd7_Lrp6""]",Wnt6,Fzd7_Lrp6,1
Wnt6_Fzd8_Lrp5,"[""Wnt6"",""Fzd8_Lrp5""]",Wnt6,Fzd8_Lrp5,1
Wnt6_Fzd8_Lrp6,"[""Wnt6"",""Fzd8_Lrp6""]",Wnt6,Fzd8_Lrp6,1
Wnt6_Fzd9_Lrp5,"[""Wnt6"",""Fzd9_Lrp5""]",Wnt6,Fzd9_Lrp5,1
Wnt6_Fzd9_Lrp6,"[""Wnt6"",""Fzd9_Lrp6""]",Wnt6,Fzd9_Lrp6,1
Wnt7a_Fzd10_Lrp5,"[""Wnt7a"",""Fzd10_Lrp5""]",Wnt7a,Fzd10_Lrp5,1
Wnt7a_Fzd10_Lrp6,"[""Wnt7a"",""Fzd10_Lrp6""]",Wnt7a,Fzd10_Lrp6,1
Wnt7a_Fzd1_Lrp5,"[""Wnt7a"",""Fzd1_Lrp5""]",Wnt7a,Fzd1_Lrp5,1
Wnt7a_Fzd1_Lrp6,"[""Wnt7a"",""Fzd1_Lrp6""]",Wnt7a,Fzd1_Lrp6,1
Wnt7a_Fzd2_Lrp5,"[""Wnt7a"",""Fzd2_Lrp5""]",Wnt7a,Fzd2_Lrp5,1
Wnt7a_Fzd2_Lrp6,"[""Wnt7a"",""Fzd2_Lrp6""]",Wnt7a,Fzd2_Lrp6,1
Wnt7a_Fzd3_Lrp5,"[""Wnt7a"",""Fzd3_Lrp5""]",Wnt7a,Fzd3_Lrp5,1
Wnt7a_Fzd3_Lrp6,"[""Wnt7a"",""Fzd3_Lrp6""]",Wnt7a,Fzd3_Lrp6,1
Wnt7a_Fzd4_Lrp5,"[""Wnt7a"",""Fzd4_Lrp5""]",Wnt7a,Fzd4_Lrp5,1
Wnt7a_Fzd4_Lrp6,"[""Wnt7a"",""Fzd4_Lrp6""]",Wnt7a,Fzd4_Lrp6,1
Wnt7a_Fzd5_Lrp5,"[""Wnt7a"",""Fzd5_Lrp5""]",Wnt7a,Fzd5_Lrp5,1
Wnt7a_Fzd5_Lrp6,"[""Wnt7a"",""Fzd5_Lrp6""]",Wnt7a,Fzd5_Lrp6,1
Wnt7a_Fzd6_Lrp5,"[""Wnt7a"",""Fzd6_Lrp5""]",Wnt7a,Fzd6_Lrp5,1
Wnt7a_Fzd6_Lrp6,"[""Wnt7a"",""Fzd6_Lrp6""]",Wnt7a,Fzd6_Lrp6,1
Wnt7a_Fzd7_Lrp5,"[""Wnt7a"",""Fzd7_Lrp5""]",Wnt7a,Fzd7_Lrp5,1
Wnt7a_Fzd7_Lrp6,"[""Wnt7a"",""Fzd7_Lrp6""]",Wnt7a,Fzd7_Lrp6,1
Wnt7a_Fzd8_Lrp5,"[""Wnt7a"",""Fzd8_Lrp5""]",Wnt7a,Fzd8_Lrp5,1
Wnt7a_Fzd8_Lrp6,"[""Wnt7a"",""Fzd8_Lrp6""]",Wnt7a,Fzd8_Lrp6,1
Wnt7a_Fzd9_Lrp5,"[""Wnt7a"",""Fzd9_Lrp5""]",Wnt7a,Fzd9_Lrp5,1
Wnt7a_Fzd9_Lrp6,"[""Wnt7a"",""Fzd9_Lrp6""]",Wnt7a,Fzd9_Lrp6,1
Wnt7b_Fzd10_Lrp5,"[""Wnt7b"",""Fzd10_Lrp5""]",Wnt7b,Fzd10_Lrp5,1
Wnt7b_Fzd10_Lrp6,"[""Wnt7b"",""Fzd10_Lrp6""]",Wnt7b,Fzd10_Lrp6,1
Wnt7b_Fzd1_Lrp5,"[""Wnt7b"",""Fzd1_Lrp5""]",Wnt7b,Fzd1_Lrp5,1
Wnt7b_Fzd1_Lrp6,"[""Wnt7b"",""Fzd1_Lrp6""]",Wnt7b,Fzd1_Lrp6,1
Wnt7b_Fzd2_Lrp5,"[""Wnt7b"",""Fzd2_Lrp5""]",Wnt7b,Fzd2_Lrp5,1
Wnt7b_Fzd2_Lrp6,"[""Wnt7b"",""Fzd2_Lrp6""]",Wnt7b,Fzd2_Lrp6,1
Wnt7b_Fzd3_Lrp5,"[""Wnt7b"",""Fzd3_Lrp5""]",Wnt7b,Fzd3_Lrp5,1
Wnt7b_Fzd3_Lrp6,"[""Wnt7b"",""Fzd3_Lrp6""]",Wnt7b,Fzd3_Lrp6,1
Wnt7b_Fzd4_Lrp5,"[""Wnt7b"",""Fzd4_Lrp5""]",Wnt7b,Fzd4_Lrp5,1
Wnt7b_Fzd4_Lrp6,"[""Wnt7b"",""Fzd4_Lrp6""]",Wnt7b,Fzd4_Lrp6,1
Wnt7b_Fzd5_Lrp5,"[""Wnt7b"",""Fzd5_Lrp5""]",Wnt7b,Fzd5_Lrp5,1
Wnt7b_Fzd5_Lrp6,"[""Wnt7b"",""Fzd5_Lrp6""]",Wnt7b,Fzd5_Lrp6,1
Wnt7b_Fzd6_Lrp5,"[""Wnt7b"",""Fzd6_Lrp5""]",Wnt7b,Fzd6_Lrp5,1
Wnt7b_Fzd6_Lrp6,"[""Wnt7b"",""Fzd6_Lrp6""]",Wnt7b,Fzd6_Lrp6,1
Wnt7b_Fzd7_Lrp5,"[""Wnt7b"",""Fzd7_Lrp5""]",Wnt7b,Fzd7_Lrp5,1
Wnt7b_Fzd7_Lrp6,"[""Wnt7b"",""Fzd7_Lrp6""]",Wnt7b,Fzd7_Lrp6,1
Wnt7b_Fzd8_Lrp5,"[""Wnt7b"",""Fzd8_Lrp5""]",Wnt7b,Fzd8_Lrp5,1
Wnt7b_Fzd8_Lrp6,"[""Wnt7b"",""Fzd8_Lrp6""]",Wnt7b,Fzd8_Lrp6,1
Wnt7b_Fzd9_Lrp5,"[""Wnt7b"",""Fzd9_Lrp5""]",Wnt7b,Fzd9_Lrp5,1
Wnt7b_Fzd9_Lrp6,"[""Wnt7b"",""Fzd9_Lrp6""]",Wnt7b,Fzd9_Lrp6,1
Wnt8a_Fzd10_Lrp5,"[""Wnt8a"",""Fzd10_Lrp5""]",Wnt8a,Fzd10_Lrp5,1
Wnt8a_Fzd10_Lrp6,"[""Wnt8a"",""Fzd10_Lrp6""]",Wnt8a,Fzd10_Lrp6,1
Wnt8a_Fzd1_Lrp5,"[""Wnt8a"",""Fzd1_Lrp5""]",Wnt8a,Fzd1_Lrp5,1
Wnt8a_Fzd1_Lrp6,"[""Wnt8a"",""Fzd1_Lrp6""]",Wnt8a,Fzd1_Lrp6,1
Wnt8a_Fzd2_Lrp5,"[""Wnt8a"",""Fzd2_Lrp5""]",Wnt8a,Fzd2_Lrp5,1
Wnt8a_Fzd2_Lrp6,"[""Wnt8a"",""Fzd2_Lrp6""]",Wnt8a,Fzd2_Lrp6,1
Wnt8a_Fzd3_Lrp5,"[""Wnt8a"",""Fzd3_Lrp5""]",Wnt8a,Fzd3_Lrp5,1
Wnt8a_Fzd3_Lrp6,"[""Wnt8a"",""Fzd3_Lrp6""]",Wnt8a,Fzd3_Lrp6,1
Wnt8a_Fzd4_Lrp5,"[""Wnt8a"",""Fzd4_Lrp5""]",Wnt8a,Fzd4_Lrp5,1
Wnt8a_Fzd4_Lrp6,"[""Wnt8a"",""Fzd4_Lrp6""]",Wnt8a,Fzd4_Lrp6,1
Wnt8a_Fzd5_Lrp5,"[""Wnt8a"",""Fzd5_Lrp5""]",Wnt8a,Fzd5_Lrp5,1
Wnt8a_Fzd5_Lrp6,"[""Wnt8a"",""Fzd5_Lrp6""]",Wnt8a,Fzd5_Lrp6,1
Wnt8a_Fzd6_Lrp5,"[""Wnt8a"",""Fzd6_Lrp5""]",Wnt8a,Fzd6_Lrp5,1
Wnt8a_Fzd6_Lrp6,"[""Wnt8a"",""Fzd6_Lrp6""]",Wnt8a,Fzd6_Lrp6,1
Wnt8a_Fzd7_Lrp5,"[""Wnt8a"",""Fzd7_Lrp5""]",Wnt8a,Fzd7_Lrp5,1
Wnt8a_Fzd7_Lrp6,"[""Wnt8a"",""Fzd7_Lrp6""]",Wnt8a,Fzd7_Lrp6,1
Wnt8a_Fzd8_Lrp5,"[""Wnt8a"",""Fzd8_Lrp5""]",Wnt8a,Fzd8_Lrp5,1
Wnt8a_Fzd8_Lrp6,"[""Wnt8a"",""Fzd8_Lrp6""]",Wnt8a,Fzd8_Lrp6,1
Wnt8a_Fzd9_Lrp5,"[""Wnt8a"",""Fzd9_Lrp5""]",Wnt8a,Fzd9_Lrp5,1
Wnt8a_Fzd9_Lrp6,"[""Wnt8a"",""Fzd9_Lrp6""]",Wnt8a,Fzd9_Lrp6,1
Wnt8b_Fzd10_Lrp5,"[""Wnt8b"",""Fzd10_Lrp5""]",Wnt8b,Fzd10_Lrp5,1
Wnt8b_Fzd10_Lrp6,"[""Wnt8b"",""Fzd10_Lrp6""]",Wnt8b,Fzd10_Lrp6,1
Wnt8b_Fzd1_Lrp5,"[""Wnt8b"",""Fzd1_Lrp5""]",Wnt8b,Fzd1_Lrp5,1
Wnt8b_Fzd1_Lrp6,"[""Wnt8b"",""Fzd1_Lrp6""]",Wnt8b,Fzd1_Lrp6,1
Wnt8b_Fzd2_Lrp5,"[""Wnt8b"",""Fzd2_Lrp5""]",Wnt8b,Fzd2_Lrp5,1
Wnt8b_Fzd2_Lrp6,"[""Wnt8b"",""Fzd2_Lrp6""]",Wnt8b,Fzd2_Lrp6,1
Wnt8b_Fzd3_Lrp5,"[""Wnt8b"",""Fzd3_Lrp5""]",Wnt8b,Fzd3_Lrp5,1
Wnt8b_Fzd3_Lrp6,"[""Wnt8b"",""Fzd3_Lrp6""]",Wnt8b,Fzd3_Lrp6,1
Wnt8b_Fzd4_Lrp5,"[""Wnt8b"",""Fzd4_Lrp5""]",Wnt8b,Fzd4_Lrp5,1
Wnt8b_Fzd4_Lrp6,"[""Wnt8b"",""Fzd4_Lrp6""]",Wnt8b,Fzd4_Lrp6,1
Wnt8b_Fzd5_Lrp5,"[""Wnt8b"",""Fzd5_Lrp5""]",Wnt8b,Fzd5_Lrp5,1
Wnt8b_Fzd5_Lrp6,"[""Wnt8b"",""Fzd5_Lrp6""]",Wnt8b,Fzd5_Lrp6,1
Wnt8b_Fzd6_Lrp5,"[""Wnt8b"",""Fzd6_Lrp5""]",Wnt8b,Fzd6_Lrp5,1
Wnt8b_Fzd6_Lrp6,"[""Wnt8b"",""Fzd6_Lrp6""]",Wnt8b,Fzd6_Lrp6,1
Wnt8b_Fzd7_Lrp5,"[""Wnt8b"",""Fzd7_Lrp5""]",Wnt8b,Fzd7_Lrp5,1
Wnt8b_Fzd7_Lrp6,"[""Wnt8b"",""Fzd7_Lrp6""]",Wnt8b,Fzd7_Lrp6,1
Wnt8b_Fzd8_Lrp5,"[""Wnt8b"",""Fzd8_Lrp5""]",Wnt8b,Fzd8_Lrp5,1
Wnt8b_Fzd8_Lrp6,"[""Wnt8b"",""Fzd8_Lrp6""]",Wnt8b,Fzd8_Lrp6,1
Wnt8b_Fzd9_Lrp5,"[""Wnt8b"",""Fzd9_Lrp5""]",Wnt8b,Fzd9_Lrp5,1
Wnt8b_Fzd9_Lrp6,"[""Wnt8b"",""Fzd9_Lrp6""]",Wnt8b,Fzd9_Lrp6,1
Wnt9a_Fzd10_Lrp5,"[""Wnt9a"",""Fzd10_Lrp5""]",Wnt9a,Fzd10_Lrp5,1
Wnt9a_Fzd10_Lrp6,"[""Wnt9a"",""Fzd10_Lrp6""]",Wnt9a,Fzd10_Lrp6,1
Wnt9a_Fzd1_Lrp5,"[""Wnt9a"",""Fzd1_Lrp5""]",Wnt9a,Fzd1_Lrp5,1
Wnt9a_Fzd1_Lrp6,"[""Wnt9a"",""Fzd1_Lrp6""]",Wnt9a,Fzd1_Lrp6,1
Wnt9a_Fzd2_Lrp5,"[""Wnt9a"",""Fzd2_Lrp5""]",Wnt9a,Fzd2_Lrp5,1
Wnt9a_Fzd2_Lrp6,"[""Wnt9a"",""Fzd2_Lrp6""]",Wnt9a,Fzd2_Lrp6,1
Wnt9a_Fzd3_Lrp5,"[""Wnt9a"",""Fzd3_Lrp5""]",Wnt9a,Fzd3_Lrp5,1
Wnt9a_Fzd3_Lrp6,"[""Wnt9a"",""Fzd3_Lrp6""]",Wnt9a,Fzd3_Lrp6,1
Wnt9a_Fzd4_Lrp5,"[""Wnt9a"",""Fzd4_Lrp5""]",Wnt9a,Fzd4_Lrp5,1
Wnt9a_Fzd4_Lrp6,"[""Wnt9a"",""Fzd4_Lrp6""]",Wnt9a,Fzd4_Lrp6,1
Wnt9a_Fzd5_Lrp5,"[""Wnt9a"",""Fzd5_Lrp5""]",Wnt9a,Fzd5_Lrp5,1
Wnt9a_Fzd5_Lrp6,"[""Wnt9a"",""Fzd5_Lrp6""]",Wnt9a,Fzd5_Lrp6,1
Wnt9a_Fzd6_Lrp5,"[""Wnt9a"",""Fzd6_Lrp5""]",Wnt9a,Fzd6_Lrp5,1
Wnt9a_Fzd6_Lrp6,"[""Wnt9a"",""Fzd6_Lrp6""]",Wnt9a,Fzd6_Lrp6,1
Wnt9a_Fzd7_Lrp5,"[""Wnt9a"",""Fzd7_Lrp5""]",Wnt9a,Fzd7_Lrp5,1
Wnt9a_Fzd7_Lrp6,"[""Wnt9a"",""Fzd7_Lrp6""]",Wnt9a,Fzd7_Lrp6,1
Wnt9a_Fzd8_Lrp5,"[""Wnt9a"",""Fzd8_Lrp5""]",Wnt9a,Fzd8_Lrp5,1
Wnt9a_Fzd8_Lrp6,"[""Wnt9a"",""Fzd8_Lrp6""]",Wnt9a,Fzd8_Lrp6,1
Wnt9a_Fzd9_Lrp5,"[""Wnt9a"",""Fzd9_Lrp5""]",Wnt9a,Fzd9_Lrp5,1
Wnt9a_Fzd9_Lrp6,"[""Wnt9a"",""Fzd9_Lrp6""]",Wnt9a,Fzd9_Lrp6,1
Wnt9b_Fzd10_Lrp5,"[""Wnt9b"",""Fzd10_Lrp5""]",Wnt9b,Fzd10_Lrp5,1
Wnt9b_Fzd10_Lrp6,"[""Wnt9b"",""Fzd10_Lrp6""]",Wnt9b,Fzd10_Lrp6,1
Wnt9b_Fzd1_Lrp5,"[""Wnt9b"",""Fzd1_Lrp5""]",Wnt9b,Fzd1_Lrp5,1
Wnt9b_Fzd1_Lrp6,"[""Wnt9b"",""Fzd1_Lrp6""]",Wnt9b,Fzd1_Lrp6,1
Wnt9b_Fzd2_Lrp5,"[""Wnt9b"",""Fzd2_Lrp5""]",Wnt9b,Fzd2_Lrp5,1
Wnt9b_Fzd2_Lrp6,"[""Wnt9b"",""Fzd2_Lrp6""]",Wnt9b,Fzd2_Lrp6,1
Wnt9b_Fzd3_Lrp5,"[""Wnt9b"",""Fzd3_Lrp5""]",Wnt9b,Fzd3_Lrp5,1
Wnt9b_Fzd3_Lrp6,"[""Wnt9b"",""Fzd3_Lrp6""]",Wnt9b,Fzd3_Lrp6,1
Wnt9b_Fzd4_Lrp5,"[""Wnt9b"",""Fzd4_Lrp5""]",Wnt9b,Fzd4_Lrp5,1
Wnt9b_Fzd4_Lrp6,"[""Wnt9b"",""Fzd4_Lrp6""]",Wnt9b,Fzd4_Lrp6,1
Wnt9b_Fzd5_Lrp5,"[""Wnt9b"",""Fzd5_Lrp5""]",Wnt9b,Fzd5_Lrp5,1
Wnt9b_Fzd5_Lrp6,"[""Wnt9b"",""Fzd5_Lrp6""]",Wnt9b,Fzd5_Lrp6,1
Wnt9b_Fzd6_Lrp5,"[""Wnt9b"",""Fzd6_Lrp5""]",Wnt9b,Fzd6_Lrp5,1
Wnt9b_Fzd6_Lrp6,"[""Wnt9b"",""Fzd6_Lrp6""]",Wnt9b,Fzd6_Lrp6,1
Wnt9b_Fzd7_Lrp5,"[""Wnt9b"",""Fzd7_Lrp5""]",Wnt9b,Fzd7_Lrp5,1
Wnt9b_Fzd7_Lrp6,"[""Wnt9b"",""Fzd7_Lrp6""]",Wnt9b,Fzd7_Lrp6,1
Wnt9b_Fzd8_Lrp5,"[""Wnt9b"",""Fzd8_Lrp5""]",Wnt9b,Fzd8_Lrp5,1
Wnt9b_Fzd8_Lrp6,"[""Wnt9b"",""Fzd8_Lrp6""]",Wnt9b,Fzd8_Lrp6,1
Wnt9b_Fzd9_Lrp5,"[""Wnt9b"",""Fzd9_Lrp5""]",Wnt9b,Fzd9_Lrp5,1
Wnt9b_Fzd9_Lrp6,"[""Wnt9b"",""Fzd9_Lrp6""]",Wnt9b,Fzd9_Lrp6,1
