pair_id,center_time,normalized_prominence
"[""Adcyap1"",""Adcyap1r1""]",0.5,0.3228861006125048
"[""Adgre5"",""Cd55b""]",0.5,-0.11775978375277868
"[""Adipoq"",""Adipor1""]",0.5,-0.05975440819829703
"[""Adipoq"",""Adipor2""]",0.5,-0.042706403654344416
"[""Adm"",""Calcr""]",0.5,0.13852668600621987
"[""Adm"",""Calcrl""]",0.5,-0.10288613257335588
"[""Agrn"",""Dag1""]",0.5,-0.0055670172731471235
"[""Agt"",""Agtr1a""]",0.5,0.1709396146107468
"[""Agt"",""Agtr1b""]",0.5,0.13368873433089523
"[""Agt"",""Mas1""]",0.5,0.11998846035655963
"[""Alcam"",""Cd6""]",0.5,-0.10022142009446966
"[""Amh"",""Amhr2_Acvr1""]",0.5,-0.1642680551365932
"[""Amh"",""Amhr2_Bmpr1a""]",0.5,-0.1642680551365932
"[""Angpt1"",""Tek""]",0.5,-0.11056163024281962
"[""Angpt2"",""Itga5_Itgb1""]",0.5,-0.1074450931652538
"[""Angpt2"",""Tek""]",0.5,-0.07663247371792825
"[""Angptl1"",""Itga1_Itgb1""]",0.5,-0.12340254511807836
"[""Angptl1"",""Pirb""]",0.5,-0.07757557503589196
"[""Angptl2"",""Itga5_Itgb1""]",0.5,-0.11533386747997632
"[""Angptl2"",""Pirb""]",0.5,-0.018020888771723476
"[""Angptl2"",""Tlr4""]",0.5,-0.0320322656863089
"[""Angptl3"",""Itgav_Itgb3""]",0.5,-0.01196470383146575
"[""Angptl4"",""Cdh11""]",0.5,-0.15568057678016645
"[""Angptl4"",""Cdh5""]",0.5,-0.06439976870417707
"[""Angptl4"",""Itga5_Itgb1""]",0.5,-0.09477132706038216
"[""Angptl4"",""Itgav_Itgb3""]",0.5,-0.05525011975025507
"[""Angptl4"",""Sdc1""]",0.5,-0.07259400076177847
"[""Angptl4"",""Sdc2""]",0.5,-0.10606204098203914
"[""Angptl4"",""Sdc3""]",0.5,0.13982579364138303
"[""Angptl4"",""Sdc4""]",0.5,0.03715870636503937
"[""Angptl7"",""Pirb""]",0.5,0.019778098585866988
"[""Anxa1"",""Fpr1""]",0.5,0.2713608647171484
"[""Anxa1"",""Fpr2""]",0.5,0.3558506405578692
"[""Anxa1"",""Fpr2_Fpr3""]",0.5,0.3558506405578692
"[""Apela"",""Aplnr""]",0.5,-0.08961841218200861
"[""Apln"",""Aplnr""]",0.5,-0.05287127823090776
"[""App"",""Cd74""]",0.5,0.06451899747184697
"[""Areg"",""Egfr""]",0.5,-0.008557692458574961
"[""Areg"",""Egfr_Erbb2""]",0.5,0.12480102709455843
"[""Artn"",""Gfra1_Ret""]",0.5,0.17470074410362957
"[""Artn"",""Gfra3_Ret""]",0.5,-0.0692998712422086
"[""Avp"",""Avpr1a""]",0.5,0.1007215940434737
"[""Bdnf"",""Ntrk2""]",0.5,-0.056428864545643775
"[""Bmp10"",""Acvrl1_Acvr2a""]",0.5,-0.025639074028178443
"[""Bmp10"",""Acvrl1_Bmpr2""]",0.5,-0.025639074028178443
"[""Bmp2"",""Bmpr1a_Acvr2a""]",0.5,-0.08668670985845628
"[""Bmp2"",""Bmpr1a_Acvr2b""]",0.5,-0.10582979641149703
"[""Bmp2"",""Bmpr1a_Bmpr2""]",0.5,-0.11974605466439464
"[""Bmp2"",""Bmpr1b_Acvr2a""]",0.5,-0.0894107676913174
"[""Bmp2"",""Bmpr1b_Acvr2b""]",0.5,-0.10701893533559614
"[""Bmp2"",""Bmpr1b_Bmpr2""]",0.5,-0.17431845349545538
"[""Bmp4"",""Bmpr1a_Acvr2a""]",0.5,-0.15634202829217353
"[""Bmp4"",""Bmpr1a_Acvr2b""]",0.5,-0.17368032234634223
"[""Bmp4"",""Bmpr1a_Bmpr2""]",0.5,-0.183107917458124
"[""Bmp4"",""Bmpr1b_Acvr2a""]",0.5,-0.15982390709676603
"[""Bmp4"",""Bmpr1b_Acvr2b""]",0.5,-0.17490817220531524
"[""Bmp4"",""Bmpr1b_Bmpr2""]",0.5,-0.23014430948725362
"[""Bmp5"",""Acvr1_Acvr2a""]",0.5,-0.17987142575959625
"[""Bmp5"",""Acvr1_Acvr2b""]",0.5,-0.16770610994836227
"[""Bmp5"",""Acvr1_Bmpr2""]",0.5,-0.1881375932395698
"[""Bmp5"",""Bmpr1a_Acvr2a""]",0.5,-0.1485584414256434
"[""Bmp5"",""Bmpr1a_Acvr2b""]",0.5,-0.16596366304277782
"[""Bmp5"",""Bmpr1a_Bmpr2""]",0.5,-0.17895800041826054
"[""Bmp5"",""Bmpr1b_Acvr2a""]",0.5,-0.15154123588078988
"[""Bmp5"",""Bmpr1b_Acvr2b""]",0.5,-0.167267760096235
"[""Bmp5"",""Bmpr1b_Bmpr2""]",0.5,-0.2266393218710217
"[""Bmp6"",""Acvr1_Acvr2a""]",0.5,-0.12695968927823026
"[""Bmp6"",""Acvr1_Acvr2b""]",0.5,-0.11877518748030447
"[""Bmp6"",""Acvr1_Bmpr2""]",0.5,-0.1368066961990621
"[""Bmp6"",""Bmpr1a_Acvr2a""]",0.5,-0.09657239642327131
"[""Bmp6"",""Bmpr1a_Acvr2b""]",0.5,-0.11321069129739303
"[""Bmp6"",""Bmpr1a_Bmpr2""]",0.5,-0.1278264783303295
"[""Bmp6"",""Bmpr1b_Acvr2a""]",0.5,-0.10057405498524474
"[""Bmp6"",""Bmpr1b_Acvr2b""]",0.5,-0.1166562299548844
"[""Bmp6"",""Bmpr1b_Bmpr2""]",0.5,-0.17444284483530587
"[""Bmp7"",""Acvr1_Acvr2a""]",0.5,-0.12396801472739427
"[""Bmp7"",""Acvr1_Acvr2b""]",0.5,-0.11798853365355294
"[""Bmp7"",""Acvr1_Bmpr2""]",0.5,-0.13449321309954387
"[""Bmp7"",""Bmpr1a_Acvr2a""]",0.5,-0.09482599676026049
"[""Bmp7"",""Bmpr1a_Acvr2b""]",0.5,-0.11388692478964724
"[""Bmp7"",""Bmpr1a_Bmpr2""]",0.5,-0.12451043243582116
"[""Bmp7"",""Bmpr1b_Acvr2a""]",0.5,-0.0999976171594189
"[""Bmp7"",""Bmpr1b_Acvr2b""]",0.5,-0.11658373113298781
"[""Bmp7"",""Bmpr1b_Bmpr2""]",0.5,-0.17273137072671396
"[""Bmp8a"",""Acvr1_Acvr2a""]",0.5,-0.10405161663708284
"[""Bmp8a"",""Acvr1_Acvr2b""]",0.5,-0.09810997998784232
"[""Bmp8a"",""Acvr1_Bmpr2""]",0.5,-0.11421030778170044
"[""Bmp8a"",""Bmpr1a_Acvr2a""]",0.5,-0.07395980779111622
"[""Bmp8a"",""Bmpr1a_Acvr2b""]",0.5,-0.09882920803707812
"[""Bmp8a"",""Bmpr1a_Bmpr2""]",0.5,-0.10247283078999425
"[""Bmp8a"",""Bmpr1b_Acvr2a""]",0.5,-0.07840073903181488
"[""Bmp8a"",""Bmpr1b_Acvr2b""]",0.5,-0.10092762436969888
"[""Bmp8a"",""Bmpr1b_Bmpr2""]",0.5,-0.15195054083891435
"[""Bmp8b"",""Acvr1_Acvr2a""]",0.5,-0.022432024968099706
"[""Bmp8b"",""Acvr1_Acvr2b""]",0.5,-0.012252812877762698
"[""Bmp8b"",""Acvr1_Bmpr2""]",0.5,-0.03250049275204492
"[""Bmp8b"",""Bmpr1a_Acvr2a""]",0.5,0.017610897657906133
"[""Bmp8b"",""Bmpr1a_Acvr2b""]",0.5,-0.01488516664765438
"[""Bmp8b"",""Bmpr1a_Bmpr2""]",0.5,-0.01885475141358106
"[""Bmp8b"",""Bmpr1b_Acvr2a""]",0.5,0.010170243189561723
"[""Bmp8b"",""Bmpr1b_Acvr2b""]",0.5,-0.017753976566674767
"[""Bmp8b"",""Bmpr1b_Bmpr2""]",0.5,-0.08032312662150731
"[""Btc"",""Egfr""]",0.5,-0.12706859991457742
"[""Btc"",""Egfr_Erbb2""]",0.5,-0.007556210083710546
"[""Btc"",""Erbb2_Erbb4""]",0.5,-0.009408373514552704
"[""Btc"",""Erbb4""]",0.5,-0.09190330894776133
"[""Btla"",""Tnfrsf14""]",0.5,-0.0911561437629822
"[""C3"",""C3ar1""]",0.5,0.30186019672374576
"[""C3"",""Cr2""]",0.5,0.10732750450754924
"[""C3"",""Itgam_Itgb2""]",0.5,0.27296299138243685
"[""C3"",""Itgax_Itgb2""]",0.5,0.26344355749060855
"[""C4b"",""Cr2""]",0.5,0.1129214044066833
"[""Cadm1"",""Cadm1""]",0.5,-0.13236175026368285
"[""Cadm3"",""Cadm3""]",0.5,0.4927975380615972
"[""Calca"",""Calcr""]",0.5,0.058791797951808
"[""Calca"",""Calcrl""]",0.5,-0.14015950518557085
"[""Calcb"",""Calcr""]",0.5,0.274612706329741
"[""Calcb"",""Calcrl""]",0.5,-0.02736201365051627
"[""Cck"",""Cckar""]",0.5,0.09979598433366677
"[""Cck"",""Cckbr""]",0.5,0.23740546247103644
"[""Ccl1"",""Ackr1""]",0.5,0.7293330811554333
"[""Ccl1"",""Ackr4""]",0.5,-0.02683257274476647
"[""Ccl11"",""Ackr1""]",0.5,0.5252644489471648
"[""Ccl11"",""Ackr2""]",0.5,0.024543905381189446
"[""Ccl12"",""Ccr2""]",0.5,0.06212575266586784
"[""Ccl17"",""Ackr1""]",0.5,0.486868837697211
"[""Ccl17"",""Ackr2""]",0.5,0.05242371062699214
"[""Ccl17"",""Ccr4""]",0.5,-0.0630369162696417
"[""Ccl2"",""Ackr1""]",0.5,0.3293044277280892
"[""Ccl2"",""Ackr2""]",0.5,-0.03846500387189389
"[""Ccl2"",""Ccr2""]",0.5,-0.04912404836422657
"[""Ccl20"",""Ccr6""]",0.5,0.046753766388683005
"[""Ccl22"",""Ackr2""]",0.5,-0.017463378005425745
"[""Ccl22"",""Ccr4""]",0.5,-0.11321587835174374
"[""Ccl24"",""Ackr2""]",0.5,0.09539632184336433
"[""Ccl25"",""Ackr4""]",0.5,-0.11042757801200642
"[""Ccl25"",""Ccr9""]",0.5,-0.1639117283739593
"[""Ccl27a"",""Ccr10""]",0.5,0.16009038059324876
"[""Ccl27a"",""Ccr2""]",0.5,0.20510468389511272
"[""Ccl28"",""Ccr10""]",0.5,-0.003808215399300985
"[""Ccl3"",""Ackr2""]",0.5,0.07276199700730124
"[""Ccl3"",""Ccr1""]",0.5,0.09324357793618387
"[""Ccl3"",""Ccr5""]",0.5,0.08599859079959538
"[""Ccl4"",""Ackr2""]",0.5,0.11437728574008144
"[""Ccl4"",""Ccr5""]",0.5,0.12533810577223103
"[""Ccl5"",""Ackr1""]",0.5,0.43276321547941854
"[""Ccl5"",""Ackr2""]",0.5,0.057888366010052095
"[""Ccl5"",""Ccr1""]",0.5,0.09821134452752522
"[""Ccl5"",""Ccr4""]",0.5,-0.07828663209166709
"[""Ccl5"",""Ccr5""]",0.5,0.0715832066287222
"[""Ccl6"",""Ccr1""]",0.5,0.15027325408639225
"[""Ccl6"",""Ccr2""]",0.5,0.16118775627117876
"[""Ccl7"",""Ackr1""]",0.5,0.35130638941116943
"[""Ccl7"",""Ccr1""]",0.5,-0.007594066827027901
"[""Ccl7"",""Ccr2""]",0.5,-0.04695297777143281
"[""Ccl9"",""Ccr1""]",0.5,0.21470920291392337
"[""Cd1d1"",""Ceacam5""]",0.5,-0.0013710685980753423
"[""Cd200"",""Cd200r1""]",0.5,0.2472587894932543
"[""Cd200"",""Cd200r2""]",0.5,0.20451703950223288
"[""Cd200"",""Cd200r3""]",0.5,0.30737451812591066
"[""Cd200"",""Cd200r4""]",0.5,0.2986666079530296
"[""Cd22"",""Ptprc""]",0.5,0.045767393748256
"[""Cd226"",""Nectin2""]",0.5,-0.026299908013950102
"[""Cd226"",""Pvr""]",0.5,-0.03582081135532611
"[""Cd274"",""Pdcd1""]",0.5,0.20314300045336764
"[""Cd34"",""Selp""]",0.5,-0.05706305246043131
"[""Cd46"",""Jag1""]",0.5,-0.11735993464989625
"[""Cd52"",""Siglecg""]",0.5,-0.0007780387048559323
"[""Cd6"",""Alcam""]",0.5,-0.10007490127743646
"[""Cd70"",""Cd27""]",0.5,0.14610904737125507
"[""Cd80"",""Cd274""]",0.5,0.03937234486446406
"[""Cd80"",""Cd28""]",0.5,0.0010568252116978094
"[""Cd80"",""Ctla4""]",0.5,-0.029924082212204994
"[""Cd86"",""Cd28""]",0.5,0.07256516743045571
"[""Cd86"",""Ctla4""]",0.5,0.050896309350990876
"[""Cd8a"",""Ceacam5""]",0.5,-0.11460153421053187
"[""Cd96"",""Nectin1""]",0.5,-0.03270032020258906
"[""Cd96"",""Pvr""]",0.5,-0.09048331742051052
"[""Cdh1"",""Cdh1""]",0.5,0.1034460960567406
"[""Cdh1"",""Itga2_Itgb1""]",0.5,-0.012476361946437975
"[""Cdh1"",""Itgae_Itgb7""]",0.5,0.0775069860508465
"[""Cdh1"",""Klrg1""]",0.5,0.05615495191772735
"[""Cdh15"",""Cdh15""]",0.5,-0.2753143472329426
"[""Cdh2"",""Cdh2""]",0.5,-0.10945765326880813
"[""Cdh4"",""Cdh4""]",0.5,-0.16521170188298528
"[""Cdh5"",""Cdh5""]",0.5,-0.06948408948959706
"[""Ceacam1"",""Ceacam5""]",0.5,-0.0775786465372662
"[""Cga"",""Fshr""]",0.5,-0.11317371004564497
"[""Cga"",""Lhcgr""]",0.5,-0.08361213594599537
"[""Cga"",""Tshr""]",0.5,-0.1136405424655546
"[""Chad"",""Itga2_Itgb1""]",0.5,-0.08583985715482312
"[""Clcf1"",""Cntfr_Lifr_Il6st""]",0.5,-0.13193227993088358
"[""Cldn11"",""Cldn11""]",0.5,-0.05712696281129204
"[""Clec2g"",""Klrb1""]",0.5,-0.10757394538275877
"[""Clec2g"",""Klrb1f""]",0.5,-0.08482367683275283
"[""Clec2h"",""Klrb1""]",0.5,-0.098633779371129
"[""Clec2i"",""Klrb1""]",0.5,-0.09073272939030463
"[""Clec2i"",""Klrb1f""]",0.5,-0.07497006405437545
"[""Cntf"",""Cntfr_Lifr_Il6st""]",0.5,-0.11462049557605486
"[""Cntn1"",""Nrcam""]",0.5,0.4181490574694733
"[""Cntn2"",""Cntn2""]",0.5,0.35871415443690924
"[""Cntn2"",""Cntn2_Cntnap2""]",0.5,0.35871415443690924
"[""Cntn2"",""L1cam""]",0.5,0.5106146473289791
"[""Col1a1"",""Cd44""]",0.5,0.25200705744959284
"[""Col1a1"",""Gp6""]",0.5,0.06873623585914324
"[""Col1a1"",""Itga10_Itgb1""]",0.5,0.24867825849424396
"[""Col1a1"",""Itga11_Itgb1""]",0.5,0.040631194745137766
"[""Col1a1"",""Itga1_Itgb1""]",0.5,0.04660636334486523
"[""Col1a1"",""Itga2_Itgb1""]",0.5,0.014418026141374773
"[""Col1a1"",""Itga3_Itgb1""]",0.5,0.060028383993514844
"[""Col1a1"",""Itga9_Itgb1""]",0.5,-0.00864875287114375
"[""Col1a1"",""Itgav_Itgb8""]",0.5,0.0055609355832132445
"[""Col1a1"",""Sdc1""]",0.5,0.037131747029516604
"[""Col1a1"",""Sdc4""]",0.5,0.29109690506446717
"[""Col1a2"",""Cd44""]",0.5,0.6430944025925291
"[""Col1a2"",""Gp6""]",0.5,0.0029858738197342527
"[""Col1a2"",""Itga10_Itgb1""]",0.5,0.09107249450181187
"[""Col1a2"",""Itga11_Itgb1""]",0.5,-0.03155172976391096
"[""Col1a2"",""Itga1_Itgb1""]",0.5,-0.02232589218574621
"[""Col1a2"",""Itga2_Itgb1""]",0.5,-0.04941973534643418
"[""Col1a2"",""Itga3_Itgb1""]",0.5,-0.012795478948808947
"[""Col1a2"",""Itga9_Itgb1""]",0.5,-0.07067515194368656
"[""Col1a2"",""Itgav_Itgb8""]",0.5,-0.05734799223484255
"[""Col1a2"",""Sdc1""]",0.5,-0.033876253200019524
"[""Col1a2"",""Sdc4""]",0.5,0.12079300715876018
"[""Col2a1"",""Cd44""]",0.5,0.149249953320447
"[""Col2a1"",""Gp6""]",0.5,-0.05116938196328247
"[""Col2a1"",""Itga10_Itgb1""]",0.5,-0.1320318762046493
"[""Col2a1"",""Itga11_Itgb1""]",0.5,-0.15859723760111577
"[""Col2a1"",""Itga1_Itgb1""]",0.5,-0.12451668146466188
"[""Col2a1"",""Itga2_Itgb1""]",0.5,-0.1435819402749724
"[""Col2a1"",""Itga3_Itgb1""]",0.5,-0.10830465891832347
"[""Col2a1"",""Itga9_Itgb1""]",0.5,-0.17939245098926093
"[""Col2a1"",""Itgav_Itgb8""]",0.5,-0.16990950689033002
"[""Col2a1"",""Sdc1""]",0.5,-0.15303014318368025
"[""Col2a1"",""Sdc4""]",0.5,-0.09120429487971082
"[""Col4a1"",""Cd44""]",0.5,0.290408172452542
"[""Col4a1"",""Gp6""]",0.5,-0.09914572607329342
"[""Col4a1"",""Itga10_Itgb1""]",0.5,0.024384057800184822
"[""Col4a1"",""Itga11_Itgb1""]",0.5,-0.08214105417642115
"[""Col4a1"",""Itga1_Itgb1""]",0.5,-0.09950585417694036
"[""Col4a1"",""Itga2_Itgb1""]",0.5,-0.10857311089542732
"[""Col4a1"",""Itga3_Itgb1""]",0.5,-0.089933521559313
"[""Col4a1"",""Itga9_Itgb1""]",0.5,-0.11975712607134897
"[""Col4a1"",""Itgav_Itgb8""]",0.5,-0.1075739576165069
"[""Col4a1"",""Sdc1""]",0.5,-0.08913504022325913
"[""Col4a1"",""Sdc4""]",0.5,0.020159802420785744
"[""Col4a2"",""Cd44""]",0.5,0.2696950934875707
"[""Col4a2"",""Gp6""]",0.5,-0.09480925449432254
"[""Col4a2"",""Itga10_Itgb1""]",0.5,0.0073935063116714606
"[""Col4a2"",""Itga11_Itgb1""]",0.5,-0.08898369921315297
"[""Col4a2"",""Itga1_Itgb1""]",0.5,-0.10197149401342698
"[""Col4a2"",""Itga2_Itgb1""]",0.5,-0.11275888317083871
"[""Col4a2"",""Itga3_Itgb1""]",0.5,-0.09451706252905623
"[""Col4a2"",""Itga9_Itgb1""]",0.5,-0.12900471061786023
"[""Col4a2"",""Itgav_Itgb8""]",0.5,-0.11891567640254308
"[""Col4a2"",""Sdc1""]",0.5,-0.0971254383488156
"[""Col4a2"",""Sdc4""]",0.5,0.005365796402787337
"[""Col4a3"",""Cd44""]",0.5,0.6034043099381512
"[""Col4a3"",""Gp6""]",0.5,-0.08457346876321403
"[""Col4a3"",""Itga10_Itgb1""]",0.5,0.010400821758168921
"[""Col4a3"",""Itga11_Itgb1""]",0.5,-0.08583817341445765
"[""Col4a3"",""Itga1_Itgb1""]",0.5,-0.09788675393509244
"[""Col4a3"",""Itga2_Itgb1""]",0.5,-0.11166895850530167
"[""Col4a3"",""Itga3_Itgb1""]",0.5,-0.09531115169955812
"[""Col4a3"",""Itga9_Itgb1""]",0.5,-0.13005527653814508
"[""Col4a3"",""Itgav_Itgb8""]",0.5,-0.12301573880014666
"[""Col4a3"",""Sdc1""]",0.5,-0.09649559839048072
"[""Col4a3"",""Sdc4""]",0.5,0.004366675012912435
"[""Col4a4"",""Cd44""]",0.5,0.7090544713216325
"[""Col4a4"",""Gp6""]",0.5,-0.074189981589462
"[""Col4a4"",""Itga10_Itgb1""]",0.5,0.02263629136704759
"[""Col4a4"",""Itga11_Itgb1""]",0.5,-0.07432271269552537
"[""Col4a4"",""Itga1_Itgb1""]",0.5,-0.08262006206287631
"[""Col4a4"",""Itga2_Itgb1""]",0.5,-0.0987216949917949
"[""Col4a4"",""Itga3_Itgb1""]",0.5,-0.0808639852213161
"[""Col4a4"",""Itga9_Itgb1""]",0.5,-0.11940786073705395
"[""Col4a4"",""Itgav_Itgb8""]",0.5,-0.11073702079200409
"[""Col4a4"",""Sdc1""]",0.5,-0.08572574839905178
"[""Col4a4"",""Sdc4""]",0.5,0.01739072146990428
"[""Col4a5"",""Cd44""]",0.5,0.18262358110782295
"[""Col4a5"",""Gp6""]",0.5,-0.11017154219590652
"[""Col4a5"",""Itga10_Itgb1""]",0.5,-0.0035289859190025252
"[""Col4a5"",""Itga11_Itgb1""]",0.5,-0.10060308085296638
"[""Col4a5"",""Itga1_Itgb1""]",0.5,-0.11710543089922792
"[""Col4a5"",""Itga2_Itgb1""]",0.5,-0.1275481613628302
"[""Col4a5"",""Itga3_Itgb1""]",0.5,-0.11502597900728018
"[""Col4a5"",""Itga9_Itgb1""]",0.5,-0.1450108390356727
"[""Col4a5"",""Itgav_Itgb8""]",0.5,-0.13918508224012077
"[""Col4a5"",""Sdc1""]",0.5,-0.11084688394582337
"[""Col4a5"",""Sdc4""]",0.5,-0.017734416225798855
"[""Col4a6"",""Cd44""]",0.5,0.4375260141750652
"[""Col4a6"",""Gp6""]",0.5,-0.07926235908521206
"[""Col4a6"",""Itga10_Itgb1""]",0.5,0.05789917109589504
"[""Col4a6"",""Itga11_Itgb1""]",0.5,-0.06346591679528268
"[""Col4a6"",""Itga1_Itgb1""]",0.5,-0.08412709561585963
"[""Col4a6"",""Itga2_Itgb1""]",0.5,-0.09527314971547518
"[""Col4a6"",""Itga3_Itgb1""]",0.5,-0.08002456699580096
"[""Col4a6"",""Itga9_Itgb1""]",0.5,-0.10865355775157709
"[""Col4a6"",""Itgav_Itgb8""]",0.5,-0.10235126711687997
"[""Col4a6"",""Sdc1""]",0.5,-0.07282264202609201
"[""Col4a6"",""Sdc4""]",0.5,0.03767636321802792
"[""Col6a1"",""Cd44""]",0.5,0.29559875367962896
"[""Col6a1"",""Gp6""]",0.5,0.06263731862657518
"[""Col6a1"",""Itga10_Itgb1""]",0.5,0.13697591987642888
"[""Col6a1"",""Itga11_Itgb1""]",0.5,0.0010709288440966525
"[""Col6a1"",""Itga1_Itgb1""]",0.5,0.01663174154916225
"[""Col6a1"",""Itga2_Itgb1""]",0.5,-0.02136694479470247
"[""Col6a1"",""Itga3_Itgb1""]",0.5,0.014502437608542196
"[""Col6a1"",""Itga9_Itgb1""]",0.5,-0.054275838071500604
"[""Col6a1"",""Itgav_Itgb8""]",0.5,-0.04193576600326554
"[""Col6a1"",""Sdc1""]",0.5,-0.013684851001566578
"[""Col6a1"",""Sdc4""]",0.5,0.16291893740033458
"[""Col6a2"",""Cd44""]",0.5,0.31970365163100595
"[""Col6a2"",""Gp6""]",0.5,0.051177411460642475
"[""Col6a2"",""Itga10_Itgb1""]",0.5,0.12894426547457583
"[""Col6a2"",""Itga11_Itgb1""]",0.5,-0.005596622029934273
"[""Col6a2"",""Itga1_Itgb1""]",0.5,0.00760237032135902
"[""Col6a2"",""Itga2_Itgb1""]",0.5,-0.02826349149640328
"[""Col6a2"",""Itga3_Itgb1""]",0.5,0.00717116617043867
"[""Col6a2"",""Itga9_Itgb1""]",0.5,-0.058775730281665384
"[""Col6a2"",""Itgav_Itgb8""]",0.5,-0.04717900739519687
"[""Col6a2"",""Sdc1""]",0.5,-0.018244028082140207
"[""Col6a2"",""Sdc4""]",0.5,0.15086421363267088
"[""Col6a3"",""Cd44""]",0.5,0.3061170997367142
"[""Col6a3"",""Gp6""]",0.5,-0.020006410109961403
"[""Col6a3"",""Itga10_Itgb1""]",0.5,0.014831137033372577
"[""Col6a3"",""Itga11_Itgb1""]",0.5,-0.07185605146025154
"[""Col6a3"",""Itga1_Itgb1""]",0.5,-0.05917586162399069
"[""Col6a3"",""Itga2_Itgb1""]",0.5,-0.08839139937028484
"[""Col6a3"",""Itga3_Itgb1""]",0.5,-0.05825339875355784
"[""Col6a3"",""Itga9_Itgb1""]",0.5,-0.11746348964603881
"[""Col6a3"",""Itgav_Itgb8""]",0.5,-0.10620234741219292
"[""Col6a3"",""Sdc1""]",0.5,-0.08207709488405623
"[""Col6a3"",""Sdc4""]",0.5,0.03263771392118664
"[""Col6a4"",""Cd44""]",0.5,0.2831609165999723
"[""Col6a4"",""Gp6""]",0.5,-0.02111006821313699
"[""Col6a4"",""Itga10_Itgb1""]",0.5,0.09806614938419367
"[""Col6a4"",""Itga11_Itgb1""]",0.5,-0.03734056172428912
"[""Col6a4"",""Itga1_Itgb1""]",0.5,-0.03961837099638721
"[""Col6a4"",""Itga2_Itgb1""]",0.5,-0.07256228380691587
"[""Col6a4"",""Itga3_Itgb1""]",0.5,-0.04668516775993958
"[""Col6a4"",""Itga9_Itgb1""]",0.5,-0.08935109109094452
"[""Col6a4"",""Itgav_Itgb8""]",0.5,-0.08362207639543273
"[""Col6a4"",""Sdc1""]",0.5,-0.053307099050002305
"[""Col6a4"",""Sdc4""]",0.5,0.07840960211908288
"[""Col6a5"",""Cd44""]",0.5,0.27362758357995376
"[""Col6a5"",""Gp6""]",0.5,-0.028140775425127273
"[""Col6a5"",""Itga10_Itgb1""]",0.5,0.03352654517405751
"[""Col6a5"",""Itga11_Itgb1""]",0.5,-0.06819829139665634
"[""Col6a5"",""Itga1_Itgb1""]",0.5,-0.06135126483881981
"[""Col6a5"",""Itga2_Itgb1""]",0.5,-0.0891080357238816
"[""Col6a5"",""Itga3_Itgb1""]",0.5,-0.06515412551438249
"[""Col6a5"",""Itga9_Itgb1""]",0.5,-0.11754699055220169
"[""Col6a5"",""Itgav_Itgb8""]",0.5,-0.10806098043317758
"[""Col6a5"",""Sdc1""]",0.5,-0.08351308299099425
"[""Col6a5"",""Sdc4""]",0.5,0.03235560446842356
"[""Col6a6"",""Cd44""]",0.5,0.30519947364867983
"[""Col6a6"",""Gp6""]",0.5,-0.06133395386287954
"[""Col6a6"",""Itga10_Itgb1""]",0.5,0.024404124794867643
"[""Col6a6"",""Itga11_Itgb1""]",0.5,-0.07993782076422651
"[""Col6a6"",""Itga1_Itgb1""]",0.5,-0.08323047068618616
"[""Col6a6"",""Itga2_Itgb1""]",0.5,-0.10387083243381368
"[""Col6a6"",""Itga3_Itgb1""]",0.5,-0.08542712018208831
"[""Col6a6"",""Itga9_Itgb1""]",0.5,-0.13090733376280406
"[""Col6a6"",""Itgav_Itgb8""]",0.5,-0.1224621914353195
"[""Col6a6"",""Sdc1""]",0.5,-0.09679827921346196
"[""Col6a6"",""Sdc4""]",0.5,0.015384558730746178
"[""Col9a1"",""Cd44""]",0.5,0.2058870352937885
"[""Col9a1"",""Gp6""]",0.5,-0.03182541619663526
"[""Col9a1"",""Itga10_Itgb1""]",0.5,-0.09463865173983899
"[""Col9a1"",""Itga11_Itgb1""]",0.5,-0.12843703531787204
"[""Col9a1"",""Itga1_Itgb1""]",0.5,-0.0976303275427175
"[""Col9a1"",""Itga2_Itgb1""]",0.5,-0.1198552669495101
"[""Col9a1"",""Itga3_Itgb1""]",0.5,-0.08058159555261091
"[""Col9a1"",""Itga9_Itgb1""]",0.5,-0.1525258678195449
"[""Col9a1"",""Itgav_Itgb8""]",0.5,-0.14274138134099507
"[""Col9a1"",""Sdc1""]",0.5,-0.12176002145590575
"[""Col9a1"",""Sdc4""]",0.5,-0.050068633762070824
"[""Col9a2"",""Cd44""]",0.5,0.42510106157763583
"[""Col9a2"",""Gp6""]",0.5,0.08292581537857113
"[""Col9a2"",""Itga10_Itgb1""]",0.5,-0.02452339981071383
"[""Col9a2"",""Itga11_Itgb1""]",0.5,-0.06291641159046368
"[""Col9a2"",""Itga1_Itgb1""]",0.5,-0.015172290400598532
"[""Col9a2"",""Itga2_Itgb1""]",0.5,-0.048965883232904184
"[""Col9a2"",""Itga3_Itgb1""]",0.5,0.004117392293788491
"[""Col9a2"",""Itga9_Itgb1""]",0.5,-0.08850876314083034
"[""Col9a2"",""Itgav_Itgb8""]",0.5,-0.07630686699585176
"[""Col9a2"",""Sdc1""]",0.5,-0.05431450303851937
"[""Col9a2"",""Sdc4""]",0.5,0.03841609958307812
"[""Col9a3"",""Cd44""]",0.5,0.3143239015651602
"[""Col9a3"",""Gp6""]",0.5,0.04605731921110634
"[""Col9a3"",""Itga10_Itgb1""]",0.5,-0.057727851299715804
"[""Col9a3"",""Itga11_Itgb1""]",0.5,-0.0897624992606183
"[""Col9a3"",""Itga1_Itgb1""]",0.5,-0.04577689593668466
"[""Col9a3"",""Itga2_Itgb1""]",0.5,-0.07495061917414969
"[""Col9a3"",""Itga3_Itgb1""]",0.5,-0.025301123447310392
"[""Col9a3"",""Itga9_Itgb1""]",0.5,-0.11307218523488105
"[""Col9a3"",""Itgav_Itgb8""]",0.5,-0.10128482643594916
"[""Col9a3"",""Sdc1""]",0.5,-0.08049243015656271
"[""Col9a3"",""Sdc4""]",0.5,-0.001141734061848254
"[""Comp"",""Cd36""]",0.5,0.16791352413837923
"[""Comp"",""Cd47""]",0.5,0.05481535484151434
"[""Comp"",""Itga3_Itgb1""]",0.5,0.031955863948280316
"[""Comp"",""Itgav_Itgb3""]",0.5,0.08931838083610111
"[""Comp"",""Sdc1""]",0.5,-0.03760335856736807
"[""Comp"",""Sdc4""]",0.5,0.058314347237657715
"[""Cort"",""Sstr1""]",0.5,0.14622249904852214
"[""Cort"",""Sstr2""]",0.5,0.14179715343311727
"[""Cort"",""Sstr3""]",0.5,0.21792464010774382
"[""Cort"",""Sstr4""]",0.5,-0.09613274958123019
"[""Cort"",""Sstr5""]",0.5,0.09250188046061858
"[""Crh"",""Crhr1""]",0.5,0.3802520052613191
"[""Crh"",""Crhr2""]",0.5,0.03631177810968389
"[""Csf1"",""Csf1r""]",0.5,0.04664044495453468
"[""Cspg4"",""Itga3_Itgb1""]",0.5,-0.029266439302267466
"[""Ctf1"",""Lifr_Il6st""]",0.5,-0.14656191746396607
"[""Cx3cl1"",""Cx3cr1""]",0.5,0.13484768007320802
"[""Cxcl1"",""Ackr1""]",0.5,0.6755268598263799
"[""Cxcl1"",""Cxcr2""]",0.5,0.056542147657470565
"[""Cxcl10"",""Ackr1""]",0.5,0.4951497308093826
"[""Cxcl12"",""Ackr3""]",0.5,-0.10852857288878542
"[""Cxcl12"",""Cxcr4""]",0.5,-0.0244941958202739
"[""Cxcl13"",""Ackr1""]",0.5,0.41040485775400715
"[""Cxcl13"",""Cxcr5""]",0.5,-0.016591591791097593
"[""Cxcl16"",""Cxcr6""]",0.5,-0.025225376539576683
"[""Cxcl2"",""Ackr1""]",0.5,0.6905731586239079
"[""Cxcl2"",""Cxcr2""]",0.5,-0.004549321203081047
"[""Cxcl3"",""Ackr1""]",0.5,0.30796804778650677
"[""Cxcl3"",""Cxcr2""]",0.5,-0.08301334374180402
"[""Cxcl5"",""Ackr1""]",0.5,0.3796860164534521
"[""Cxcl5"",""Cxcr2""]",0.5,-0.05123344745945446
"[""Dhh"",""Ptch1_Smo""]",0.5,-0.10314526869146723
"[""Dhh"",""Ptch2_Smo""]",0.5,-0.07552265853623563
"[""Dlk1"",""Notch1""]",0.5,-0.09898167877488917
"[""Dlk1"",""Notch2""]",0.5,-0.17451275281599182
"[""Dlk1"",""Notch3""]",0.5,-0.1628239999795572
"[""Dlk1"",""Notch4""]",0.5,-0.06896344528665099
"[""Dll1"",""Notch1""]",0.5,-0.08665932260208897
"[""Dll1"",""Notch2""]",0.5,-0.12969717307986134
"[""Dll1"",""Notch3""]",0.5,-0.12087780806148446
"[""Dll1"",""Notch4""]",0.5,-0.05238963408274122
"[""Dll3"",""Notch1""]",0.5,-0.016635031657770916
"[""Dll3"",""Notch2""]",0.5,-0.03461665100125244
"[""Dll3"",""Notch3""]",0.5,-0.026349362147961686
"[""Dll3"",""Notch4""]",0.5,0.026797149094076267
"[""Dll4"",""Notch1""]",0.5,-0.03288494828948518
"[""Dll4"",""Notch2""]",0.5,-0.11427534095685182
"[""Dll4"",""Notch3""]",0.5,-0.09220951850809689
"[""Dll4"",""Notch4""]",0.5,-0.02499710472271577
"[""Dmp1"",""Itgav_Itgb3""]",0.5,0.020103100603246493
"[""Dsc2"",""Dsg1c""]",0.5,0.06664594621401343
"[""Dsc2"",""Dsg2""]",0.5,-0.007893546429326048
"[""Dsg1c"",""Dsc3""]",0.5,0.060707472188146205
"[""Dsg2"",""Dsc3""]",0.5,0.05508119093207353
"[""Dspp"",""Itgav_Itgb1""]",0.5,-0.059016993730406475
"[""Dspp"",""Itgav_Itgb6""]",0.5,-0.14192774890332044
"[""Eda"",""Eda2r""]",0.5,-0.20310032938414602
"[""Eda"",""Edar""]",0.5,-0.12555597102841098
"[""Edn1"",""Ednra""]",0.5,-0.09240169652848174
"[""Edn1"",""Ednrb""]",0.5,-0.0186608504865009
"[""Edn2"",""Ednra""]",0.5,-0.017288175719054277
"[""Edn2"",""Ednrb""]",0.5,0.09775484668640133
"[""Edn3"",""Ednra""]",0.5,-0.1874945299490839
"[""Edn3"",""Ednrb""]",0.5,-0.10468611727463845
"[""Efna1"",""Epha1""]",0.5,-0.06429004842812236
"[""Efna1"",""Epha2""]",0.5,-0.001801580008033321
"[""Efna1"",""Epha3""]",0.5,-0.11616656769921557
"[""Efna1"",""Epha4""]",0.5,-0.0907977539640108
"[""Efna1"",""Epha5""]",0.5,0.08171625070621968
"[""Efna1"",""Epha7""]",0.5,-0.11996635006915063
"[""Efna1"",""Epha8""]",0.5,0.3033605610522587
"[""Efna2"",""Epha1""]",0.5,-0.12045992933216221
"[""Efna2"",""Epha2""]",0.5,-0.060931837721077686
"[""Efna2"",""Epha3""]",0.5,-0.17320337232134292
"[""Efna2"",""Epha4""]",0.5,-0.14881308222776607
"[""Efna2"",""Epha5""]",0.5,-0.007956183057398758
"[""Efna2"",""Epha7""]",0.5,-0.1715717180960908
"[""Efna2"",""Epha8""]",0.5,0.14943890153607264
"[""Efna3"",""Epha1""]",0.5,-0.005857854773102966
"[""Efna3"",""Epha2""]",0.5,0.07922404431941443
"[""Efna3"",""Epha3""]",0.5,-0.06669056208266377
"[""Efna3"",""Epha4""]",0.5,-0.039839209144577614
"[""Efna3"",""Epha5""]",0.5,0.15885314339367052
"[""Efna3"",""Epha7""]",0.5,-0.0718174318142244
"[""Efna3"",""Epha8""]",0.5,0.4467600109869202
"[""Efna4"",""Epha1""]",0.5,-0.12487157736084337
"[""Efna4"",""Epha2""]",0.5,-0.06685764923982884
"[""Efna4"",""Epha3""]",0.5,-0.17832624403578018
"[""Efna4"",""Epha4""]",0.5,-0.15300814244022087
"[""Efna4"",""Epha5""]",0.5,-0.009372700807027345
"[""Efna4"",""Epha7""]",0.5,-0.17533232589997327
"[""Efna4"",""Epha8""]",0.5,0.13910183235482654
"[""Efna5"",""Epha1""]",0.5,-0.1893538609460269
"[""Efna5"",""Epha2""]",0.5,-0.13772773502314944
"[""Efna5"",""Epha3""]",0.5,-0.23926050210181582
"[""Efna5"",""Epha4""]",0.5,-0.2197084880672382
"[""Efna5"",""Epha5""]",0.5,-0.09057719597405989
"[""Efna5"",""Epha7""]",0.5,-0.23907308093196505
"[""Efna5"",""Epha8""]",0.5,0.03530673357110503
"[""Efna5"",""Ephb2""]",0.5,-0.16489309501144445
"[""Efnb1"",""Epha4""]",0.5,-0.12211029745762869
"[""Efnb1"",""Ephb1""]",0.5,0.007245599666577673
"[""Efnb1"",""Ephb2""]",0.5,-0.058410560954466284
"[""Efnb1"",""Ephb3""]",0.5,-0.08295102133387311
"[""Efnb1"",""Ephb4""]",0.5,-0.10357140052728664
"[""Efnb2"",""Epha4""]",0.5,-0.13343709205008059
"[""Efnb2"",""Ephb1""]",0.5,-0.004818025928715719
"[""Efnb2"",""Ephb2""]",0.5,-0.0700114859452019
"[""Efnb2"",""Ephb3""]",0.5,-0.09501639286427055
"[""Efnb2"",""Ephb4""]",0.5,-0.11521319621603643
"[""Efnb3"",""Epha4""]",0.5,-0.10087465421481856
"[""Efnb3"",""Ephb1""]",0.5,0.03202686523904563
"[""Efnb3"",""Ephb2""]",0.5,-0.03546883472592266
"[""Efnb3"",""Ephb3""]",0.5,-0.06076445833733668
"[""Efnb3"",""Ephb4""]",0.5,-0.08292054739034482
"[""Efnb3"",""Ephb6""]",0.5,-0.015471117999915851
"[""Egf"",""Egfr""]",0.5,-0.17368398280382635
"[""Egf"",""Egfr_Erbb2""]",0.5,-0.08376558978072202
"[""Enho"",""Gpr19""]",0.5,0.09667861080811313
"[""Entpd1"",""Adora1""]",0.5,-0.11343685846722878
"[""Entpd1"",""Adora2a""]",0.5,-0.03909128011852003
"[""Entpd1"",""Adora2b""]",0.5,-0.05003755540882959
"[""Entpd1"",""Tmigd3""]",0.5,-0.0853012542002014
"[""Epgn"",""Egfr""]",0.5,-0.1539627575380731
"[""Epo"",""Epor""]",0.5,-0.09196372366243677
"[""Ereg"",""Egfr""]",0.5,-0.02894588254285113
"[""Ereg"",""Egfr_Erbb2""]",0.5,0.08809397957745402
"[""Ereg"",""Erbb2_Erbb4""]",0.5,0.08765752925101533
"[""Ereg"",""Erbb4""]",0.5,-0.01048380332118326
"[""Esam"",""Esam""]",0.5,-0.017243625466877854
"[""F11r"",""F11r""]",0.5,-0.05194790655967252
"[""F11r"",""Itgal_Itgb2""]",0.5,-0.017193520797724515
"[""F11r"",""Jam2""]",0.5,-0.07515854725428828
"[""F11r"",""Jam3""]",0.5,-0.11900403481777272
"[""F2"",""F2r""]",0.5,0.05873696986968502
"[""F2"",""F2rl1""]",0.5,0.1979135617867761
"[""F2"",""F2rl2""]",0.5,0.08792035130932363
"[""F2"",""F2rl3""]",0.5,0.1448675428875883
"[""F2"",""Pard3""]",0.5,-0.07382780726798588
"[""Fasl"",""Fas""]",0.5,0.4501138487383243
"[""Fcer2a"",""Cr2""]",0.5,-0.09995940081912957
"[""Fcer2a"",""Itgam_Itgb2""]",0.5,-0.011467439289036152
"[""Fcer2a"",""Itgav_Itgb3""]",0.5,-0.03038201452260436
"[""Fcer2a"",""Itgax_Itgb2""]",0.5,-0.002984005906264464
"[""Fgf1"",""Fgfr1""]",0.5,-0.11993247502837284
"[""Fgf1"",""Fgfr2""]",0.5,-0.003237405760586176
"[""Fgf1"",""Fgfr3""]",0.5,0.06962718367760157
"[""Fgf1"",""Fgfr4""]",0.5,-0.16965213241843424
"[""Fgf10"",""Fgfr1""]",0.5,-0.17782918067248554
"[""Fgf10"",""Fgfr2""]",0.5,-0.07168834450851702
"[""Fgf15"",""Fgfr1""]",0.5,-0.11195486908207347
"[""Fgf15"",""Fgfr2""]",0.5,0.00702504441993923
"[""Fgf15"",""Fgfr3""]",0.5,-0.05252154596190006
"[""Fgf15"",""Fgfr4""]",0.5,-0.13850426797389898
"[""Fgf16"",""Fgfr1""]",0.5,-0.1352191361615055
"[""Fgf16"",""Fgfr2""]",0.5,-0.010375138476147683
"[""Fgf16"",""Fgfr3""]",0.5,0.046061738627810156
"[""Fgf16"",""Fgfr4""]",0.5,-0.19791451405131705
"[""Fgf17"",""Fgfr1""]",0.5,-0.13527628905787292
"[""Fgf17"",""Fgfr2""]",0.5,-0.036087448981743764
"[""Fgf17"",""Fgfr3""]",0.5,-0.06083254623875556
"[""Fgf17"",""Fgfr4""]",0.5,-0.16565469373869962
"[""Fgf18"",""Fgfr1""]",0.5,-0.17664593440757215
"[""Fgf18"",""Fgfr2""]",0.5,-0.06223642105440075
"[""Fgf18"",""Fgfr3""]",0.5,-0.03497727766811287
"[""Fgf18"",""Fgfr4""]",0.5,-0.19278543603742088
"[""Fgf2"",""Fgfr1""]",0.5,-0.13461962331165406
"[""Fgf2"",""Fgfr2""]",0.5,-0.009849826351294277
"[""Fgf2"",""Fgfr3""]",0.5,0.01308325040509073
"[""Fgf2"",""Fgfr4""]",0.5,-0.14939442494524396
"[""Fgf20"",""Fgfr1""]",0.5,-0.08896317725856207
"[""Fgf20"",""Fgfr2""]",0.5,0.05273868900314527
"[""Fgf20"",""Fgfr3""]",0.5,0.04536555376863316
"[""Fgf20"",""Fgfr4""]",0.5,-0.11009407718518294
"[""Fgf22"",""Fgfr2""]",0.5,0.04278014744147185
"[""Fgf23"",""Fgfr1""]",0.5,-0.07613168713421004
"[""Fgf23"",""Fgfr3""]",0.5,0.10241134338608515
"[""Fgf23"",""Fgfr4""]",0.5,-0.10183741234296595
"[""Fgf3"",""Fgfr1""]",0.5,0.034454301372876195
"[""Fgf3"",""Fgfr2""]",0.5,0.24407982997703281
"[""Fgf4"",""Fgfr1""]",0.5,-0.1891077183299681
"[""Fgf4"",""Fgfr2""]",0.5,-0.08983755867576593
"[""Fgf4"",""Fgfr3""]",0.5,-0.03711968528393961
"[""Fgf4"",""Fgfr4""]",0.5,-0.252198360611826
"[""Fgf5"",""Fgfr1""]",0.5,-0.20212334036883872
"[""Fgf5"",""Fgfr2""]",0.5,-0.10549822789918167
"[""Fgf5"",""Fgfr3""]",0.5,-0.06160570762198059
"[""Fgf5"",""Fgfr4""]",0.5,-0.2468250901962062
"[""Fgf7"",""Fgfr1""]",0.5,-0.1989538936029222
"[""Fgf7"",""Fgfr2""]",0.5,-0.09549249238495028
"[""Fgf8"",""Fgfr1""]",0.5,-0.16247911898699868
"[""Fgf8"",""Fgfr2""]",0.5,-0.06230113145289662
"[""Fgf8"",""Fgfr3""]",0.5,-0.06261428388343515
"[""Fgf8"",""Fgfr4""]",0.5,-0.18845706557459074
"[""Fgf9"",""Fgfr1""]",0.5,-0.1639508337095461
"[""Fgf9"",""Fgfr2""]",0.5,-0.056869819917261366
"[""Fgf9"",""Fgfr3""]",0.5,-0.0074400721162479755
"[""Fgf9"",""Fgfr4""]",0.5,-0.21872751655719325
"[""Flt3l"",""Flt3""]",0.5,0.019774833211830267
"[""Fn1"",""Cd44""]",0.5,0.06599959907693309
"[""Fn1"",""Itga2b_Itgb3""]",0.5,-0.12107893454832624
"[""Fn1"",""Itga3_Itgb1""]",0.5,-0.14049304310207267
"[""Fn1"",""Itga4_Itgb1""]",0.5,-0.21081359045173792
"[""Fn1"",""Itga4_Itgb7""]",0.5,-0.11112559140743461
"[""Fn1"",""Itga5_Itgb1""]",0.5,-0.1770185009672096
"[""Fn1"",""Itga8_Itgb1""]",0.5,-0.1735087182501962
"[""Fn1"",""Itgav_Itgb1""]",0.5,-0.1562617432541692
"[""Fn1"",""Itgav_Itgb3""]",0.5,-0.1214018485442222
"[""Fn1"",""Itgav_Itgb6""]",0.5,-0.23039724366787873
"[""Fn1"",""Itgav_Itgb8""]",0.5,-0.1793578004082811
"[""Fn1"",""Sdc1""]",0.5,-0.15664914097888993
"[""Fn1"",""Sdc4""]",0.5,-0.07433363211970179
"[""Gal"",""Galr1""]",0.5,0.43995916389114353
"[""Gal"",""Galr2""]",0.5,0.01306457514601933
"[""Gal"",""Galr3""]",0.5,-0.02079654308393386
"[""Galp"",""Galr1""]",0.5,0.09782904183217678
"[""Galp"",""Galr2""]",0.5,-0.13189924901991806
"[""Gas6"",""Axl""]",0.5,-0.02956144282994777
"[""Gas6"",""Mertk""]",0.5,-0.09044262955050353
"[""Gas6"",""Tyro3""]",0.5,-0.03843988154900968
"[""Gcg"",""Gcgr""]",0.5,0.13021319241281937
"[""Gcg"",""Gipr""]",0.5,0.014187479982385343
"[""Gcg"",""Glp1r""]",0.5,-0.031056453640321613
"[""Gcg"",""Glp2r""]",0.5,0.01400348597518808
"[""Gdf10"",""Acvr1b_Acvr2a""]",0.5,-0.015364369622693053
"[""Gdf11"",""Acvr1b_Acvr2b""]",0.5,-0.04664396004431848
"[""Gdf11"",""Tgfbr1_Acvr2a""]",0.5,-0.09071967190697339
"[""Gdf11"",""Tgfbr1_Acvr2b""]",0.5,-0.11051884824358144
"[""Gdf15"",""Tgfbr2""]",0.5,-0.03097462924000083
"[""Gdf2"",""Acvrl1_Acvr2a""]",0.5,0.2082991984616992
"[""Gdf2"",""Acvrl1_Bmpr2""]",0.5,0.2082991984616992
"[""Gdf3"",""Acvr1b_Acvr2a_Cfc1""]",0.5,0.12194436151546584
"[""Gdf3"",""Acvr1b_Acvr2b_Cfc1""]",0.5,0.12194436151546584
"[""Gdf3"",""Acvr1c_Acvr2a_Cfc1""]",0.5,0.12194436151546584
"[""Gdf3"",""Acvr1c_Acvr2b_Cfc1""]",0.5,0.12194436151546584
"[""Gdf5"",""Bmpr1a_Acvr2a""]",0.5,-0.10176157818020692
"[""Gdf5"",""Bmpr1a_Acvr2b""]",0.5,-0.12009299633485326
"[""Gdf5"",""Bmpr1a_Bmpr2""]",0.5,-0.13901222475070069
"[""Gdf5"",""Bmpr1b_Acvr2a""]",0.5,-0.10468492950817293
"[""Gdf5"",""Bmpr1b_Acvr2b""]",0.5,-0.12187567980882508
"[""Gdf5"",""Bmpr1b_Bmpr2""]",0.5,-0.19372971811112627
"[""Gdf6"",""Bmpr1a_Acvr2a""]",0.5,-0.13656401785480993
"[""Gdf6"",""Bmpr1a_Acvr2b""]",0.5,-0.15562111431593872
"[""Gdf6"",""Bmpr1a_Bmpr2""]",0.5,-0.16453849709352358
"[""Gdf6"",""Bmpr1b_Acvr2a""]",0.5,-0.14025669118525708
"[""Gdf6"",""Bmpr1b_Acvr2b""]",0.5,-0.15669615157892308
"[""Gdf6"",""Bmpr1b_Bmpr2""]",0.5,-0.21406147404224712
"[""Gdf7"",""Bmpr1a_Acvr2a""]",0.5,-0.08093545298984084
"[""Gdf7"",""Bmpr1a_Acvr2b""]",0.5,-0.10123751464714281
"[""Gdf7"",""Bmpr1a_Bmpr2""]",0.5,-0.11457839137982379
"[""Gdf7"",""Bmpr1b_Acvr2a""]",0.5,-0.08507817363606762
"[""Gdf7"",""Bmpr1b_Acvr2b""]",0.5,-0.10429592075498106
"[""Gdf7"",""Bmpr1b_Bmpr2""]",0.5,-0.16592085507375653
"[""Gdf9"",""Acvr1b_Bmpr2""]",0.5,0.009157116972461687
"[""Gdnf"",""Gfra1_Ret""]",0.5,-0.015154023111696113
"[""Ghrh"",""Vipr1""]",0.5,-0.04650287978286072
"[""Ghrh"",""Vipr2""]",0.5,-0.05697254656700412
"[""Gip"",""Gipr""]",0.5,-0.009472765795602078
"[""Gm7030"",""Cd8a""]",0.5,-0.1270121557994321
"[""Gm7030"",""Cd8b1""]",0.5,-0.09390744245201843
"[""Gm8909"",""Cd8a""]",0.5,-0.1429627748146557
"[""Gm8909"",""Cd8b1""]",0.5,-0.11416178844475844
"[""Gp1ba"",""Itgam_Itgb2""]",0.5,0.013654291799839235
"[""Grn"",""Sort1""]",0.5,-0.011481862470641868
"[""Grp"",""Grpr""]",0.5,0.014080016826927277
"[""Guca2a"",""Gucy2c""]",0.5,-0.039289039871898135
"[""Guca2b"",""Gucy2c""]",0.5,0.12567061760027187
"[""Gzma"",""F2r""]",0.5,0.04421030408021587
"[""Gzma"",""F2rl1""]",0.5,0.17760175198235473
"[""Gzma"",""F2rl2""]",0.5,-0.0077086289097189065
"[""Gzma"",""F2rl3""]",0.5,0.09049405748279149
"[""Gzma"",""Pard3""]",0.5,-0.004357210140647383
"[""H2-Aa"",""Cd4""]",0.5,0.11321496744583637
"[""H2-Ab1"",""Cd4""]",0.5,0.02286544845858718
"[""H2-D1"",""Cd8a""]",0.5,0.054265020527705654
"[""H2-D1"",""Cd8b1""]",0.5,0.10192353799600429
"[""H2-DMa"",""Cd4""]",0.5,0.003687293121339641
"[""H2-DMb1"",""Cd4""]",0.5,0.014703876292512241
"[""H2-DMb2"",""Cd4""]",0.5,-0.030990055268552807
"[""H2-Eb1"",""Cd4""]",0.5,0.02735157783249964
"[""H2-K1"",""Cd8a""]",0.5,0.04794397281090712
"[""H2-K1"",""Cd8b1""]",0.5,0.10059345223865279
"[""H2-M3"",""Cd8a""]",0.5,-0.08579525503954766
"[""H2-M3"",""Cd8b1""]",0.5,-0.049554634230257744
"[""H2-M5"",""Cd8a""]",0.5,-0.08982651620195048
"[""H2-M5"",""Cd8b1""]",0.5,-0.04864667212613427
"[""H2-Oa"",""Cd4""]",0.5,-0.054293347097960076
"[""H2-Q1"",""Cd8a""]",0.5,-0.06744976387287782
"[""H2-Q1"",""Cd8b1""]",0.5,-0.030065315126495906
"[""H2-Q10"",""Cd8a""]",0.5,0.13990855215801723
"[""H2-Q10"",""Cd8b1""]",0.5,0.38591500274497825
"[""H2-Q2"",""Cd8a""]",0.5,-0.049305134608544465
"[""H2-Q2"",""Cd8b1""]",0.5,-0.03175425544563715
"[""H2-Q4"",""Cd8a""]",0.5,-0.12586938127300912
"[""H2-Q4"",""Cd8b1""]",0.5,-0.09967907527823233
"[""H2-Q6"",""Cd8a""]",0.5,-0.08654902846525381
"[""H2-Q6"",""Cd8b1""]",0.5,-0.061217678283521204
"[""H2-Q7"",""Cd8a""]",0.5,-0.10232551488762409
"[""H2-Q7"",""Cd8b1""]",0.5,-0.07504415469156278
"[""H2-T22"",""Cd8a""]",0.5,-0.11815938457378089
"[""H2-T22"",""Cd8b1""]",0.5,-0.08478590002432862
"[""H2-T23"",""Cd8a""]",0.5,-0.01667310017340662
"[""H2-T23"",""Cd8b1""]",0.5,0.02696734942343637
"[""H2-T24"",""Cd8a""]",0.5,-0.12234041690715347
"[""H2-T24"",""Cd8b1""]",0.5,-0.0901711738742097
"[""H2-T3"",""Cd8a""]",0.5,-0.06123655793712546
"[""H2-T3"",""Cd8b1""]",0.5,-0.02275445891826433
"[""Hbegf"",""Egfr""]",0.5,-0.12587202839176037
"[""Hbegf"",""Egfr_Erbb2""]",0.5,-0.02974077599729541
"[""Hbegf"",""Erbb2_Erbb4""]",0.5,-0.03218140262375502
"[""Hbegf"",""Erbb4""]",0.5,-0.1158632931489576
"[""Hc"",""C5ar1""]",0.5,0.15477919441066446
"[""Hcrt"",""Hcrtr1""]",0.5,0.47345593808809094
"[""Hcrt"",""Hcrtr2""]",0.5,0.21395045485876307
"[""Hgf"",""Met""]",0.5,-0.17113778511038508
"[""Hspg2"",""Dag1""]",0.5,-0.004201948073776496
"[""Iapp"",""Calcr""]",0.5,0.20449260817656267
"[""Iapp"",""Calcrl""]",0.5,0.010238456714319
"[""Ibsp"",""Itgav_Itgb3""]",0.5,0.09280286118899028
"[""Ibsp"",""Itgav_Itgb5""]",0.5,0.07268764208864076
"[""Icam1"",""Itgal""]",0.5,0.11472032704021051
"[""Icam1"",""Itgal_Itgb2""]",0.5,0.006769833467829445
"[""Icam1"",""Itgam_Itgb2""]",0.5,0.008702488824500865
"[""Icam1"",""Itgax_Itgb2""]",0.5,0.009578070131666672
"[""Icam1"",""Spn""]",0.5,0.21578026237742254
"[""Icam2"",""Itgal_Itgb2""]",0.5,-0.026988383518568804
"[""Icam2"",""Itgam_Itgb2""]",0.5,-0.025759943890410253
"[""Icosl"",""Cd28""]",0.5,-0.032187906408778444
"[""Icosl"",""Ctla4""]",0.5,-0.05816042864499604
"[""Icosl"",""Icos""]",0.5,-0.03663874339508877
"[""Ifnk"",""Ifnar1_Ifnar2""]",0.5,-0.1720327574539724
"[""Igf1"",""Igf1r""]",0.5,-0.14996636707623595
"[""Igf1"",""Itga6_Itgb4""]",0.5,-0.027722147098689698
"[""Igf1"",""Itgav_Itgb3""]",0.5,-0.0321892015420856
"[""Igf2"",""Igf1r""]",0.5,-0.11552488277257883
"[""Igf2"",""Igf2r""]",0.5,-0.08396023602140712
"[""Igf2"",""Itga6_Itgb4""]",0.5,0.03511441792896697
"[""Igf2"",""Itgav_Itgb3""]",0.5,0.03547274765508923
"[""Ihh"",""Ptch1_Smo""]",0.5,-0.058654646707058666
"[""Ihh"",""Ptch2_Smo""]",0.5,-0.026491518764024335
"[""Il10"",""Il10ra_Il10rb""]",0.5,0.06491323011709693
"[""Il11"",""Il11ra1_Il6st""]",0.5,-0.04172276667845776
"[""Il15"",""Il15ra_Il2rb_Il2rg""]",0.5,-0.01916967923056989
"[""Il16"",""Cd4""]",0.5,-0.030390880812421472
"[""Il17b"",""Il17rb""]",0.5,-0.07047480309007714
"[""Il17f"",""Il17ra_Il17rc""]",0.5,0.019704116495430468
"[""Il18"",""Il18r1_Il18rap""]",0.5,0.2571832024794235
"[""Il19"",""Il20ra_Il20rb""]",0.5,-0.11055654825318495
"[""Il1a"",""Il1r1_Il1rap""]",0.5,-0.06998051644034775
"[""Il1b"",""Il1r1_Il1rap""]",0.5,-0.0351117508435107
"[""Il2"",""Il2ra_Il2rb_Il2rg""]",0.5,0.07580566891331364
"[""Il2"",""Il2rb_Il2rg""]",0.5,0.05107201859197008
"[""Il22"",""Il22ra1_Il10rb""]",0.5,-0.053367660796304506
"[""Il25"",""Il17ra_Il17rb""]",0.5,0.04081724393391373
"[""Il27_Ebi3"",""Il27ra_Il6st""]",0.5,0.01839683660206992
"[""Il31"",""Il31ra_Osmr""]",0.5,0.013179824896270675
"[""Il33"",""Il1rl1_Il1rap""]",0.5,-0.09395905198611265
"[""Il34"",""Csf1r""]",0.5,0.04366099923802802
"[""Il4"",""Il4ra""]",0.5,0.31936816914383015
"[""Il4"",""Il4ra_Il13ra1""]",0.5,0.2752958592600555
"[""Il4"",""Il4ra_Il13ra2""]",0.5,0.1509952349104019
"[""Il4"",""Il4ra_Il2rg""]",0.5,0.19996908883788633
"[""Il5"",""Il5ra_Csf2rb""]",0.5,-0.07783386365507738
"[""Il6"",""Il6ra_Il6st""]",0.5,-0.03997696476660573
"[""Il7"",""Il7r_Il2rg""]",0.5,0.10683926485975792
"[""Inha_Inhba"",""Acvr2a""]",0.5,-0.036056418910425325
"[""Inha_Inhbb"",""Acvr2b""]",0.5,-0.02836755493717047
"[""Inhba"",""Acvr1b_Acvr2a""]",0.5,-0.05807849997949255
"[""Inhba"",""Acvr1b_Acvr2b""]",0.5,-0.06016404028993494
"[""Inhba_Inhbb"",""Acvr1b_Acvr2a""]",0.5,0.08845164614696976
"[""Inhba_Inhbb"",""Acvr1b_Acvr2b""]",0.5,0.08341956030557884
"[""Inhba_Inhbb"",""Acvr1c_Acvr2a""]",0.5,0.11403220299327343
"[""Inhba_Inhbb"",""Acvr1c_Acvr2b""]",0.5,0.11403220299327343
"[""Inhbb"",""Acvr1b_Acvr2a""]",0.5,0.062061050142741325
"[""Inhbb"",""Acvr1b_Acvr2b""]",0.5,0.05880923758304202
"[""Inhbb"",""Acvr1c_Acvr2a""]",0.5,0.09111167120660446
"[""Inhbb"",""Acvr1c_Acvr2b""]",0.5,0.09111167120660446
"[""Inhbc"",""Acvr1b_Acvr2a""]",0.5,0.24300255843698093
"[""Inhbc"",""Acvr1b_Acvr2b""]",0.5,0.21706718315946982
"[""Inhbc"",""Acvr1c_Acvr2a""]",0.5,0.22286767475313785
"[""Inhbc"",""Acvr1c_Acvr2b""]",0.5,0.22286767475313785
"[""Inhbe"",""Acvr1b_Acvr2a""]",0.5,-0.03085728464454318
"[""Inhbe"",""Acvr1b_Acvr2b""]",0.5,-0.028091387400211554
"[""Inhbe"",""Acvr1c_Acvr2a""]",0.5,-0.012219539584142347
"[""Inhbe"",""Acvr1c_Acvr2b""]",0.5,-0.012219539584142347
"[""Ins2"",""Insr""]",0.5,0.01583880053242992
"[""Insl5"",""Rxfp1""]",0.5,-0.15854717550300457
"[""Insl5"",""Rxfp2""]",0.5,-0.20990073349967914
"[""Insl5"",""Rxfp3""]",0.5,-0.19093206532064622
"[""Itga4_Itgb1"",""Vcam1""]",0.5,-0.15210891703516627
"[""Itga4_Itgb7"",""Vcam1""]",0.5,-0.042787935115787046
"[""Itga9_Itgb1"",""Vcam1""]",0.5,-0.12351560668293426
"[""Itgal_Itgb2"",""Cd226""]",0.5,0.004696889048950159
"[""Itgal_Itgb2"",""Icam1""]",0.5,0.006975179227872275
"[""Itgal_Itgb2"",""Icam2""]",0.5,-0.027325143667997098
"[""Jag1"",""Notch1""]",0.5,-0.0583300970673204
"[""Jag1"",""Notch2""]",0.5,-0.14441317014645388
"[""Jag1"",""Notch3""]",0.5,-0.12045967924535989
"[""Jag1"",""Notch4""]",0.5,-0.047863519493176465
"[""Jag2"",""Notch1""]",0.5,0.05071228803382821
"[""Jag2"",""Notch2""]",0.5,-0.04025720777357544
"[""Jag2"",""Notch3""]",0.5,-0.028062766754723856
"[""Jag2"",""Notch4""]",0.5,0.07470196594099576
"[""Jam2"",""F11r""]",0.5,-0.07533793327073912
"[""Jam2"",""Itga3_Itgb1""]",0.5,-0.09941981969200264
"[""Jam2"",""Itgav_Itgb1""]",0.5,-0.10370852402965164
"[""Jam2"",""Jam2""]",0.5,-0.135107867600963
"[""Jam2"",""Jam3""]",0.5,-0.1745829067945024
"[""Jam3"",""F11r""]",0.5,-0.11915941775880984
"[""Jam3"",""Itgam_Itgb2""]",0.5,-0.10871627443774984
"[""Jam3"",""Jam2""]",0.5,-0.17457041967316017
"[""Jam3"",""Jam3""]",0.5,-0.21566247822660445
"[""Kitl"",""Kit""]",0.5,-0.007883427982129598
"[""Kng1"",""Bdkrb1""]",0.5,0.3901077907262256
"[""Kng1"",""Bdkrb2""]",0.5,0.6296102068905765
"[""Kng2"",""Bdkrb1""]",0.5,-0.02466688725598909
"[""Kng2"",""Bdkrb2""]",0.5,-0.020525699393159402
"[""L1cam"",""Itga4_Itgb7""]",0.5,0.5023020791497013
"[""L1cam"",""Itgav_Itgb3""]",0.5,0.41531802849197885
"[""L1cam"",""L1cam""]",0.5,0.35415693477707644
"[""Lama1"",""Cd44""]",0.5,0.2216559621497738
"[""Lama1"",""Dag1""]",0.5,-0.11803579529959113
"[""Lama1"",""Itga1_Itgb1""]",0.5,-0.11566299929844326
"[""Lama1"",""Itga2_Itgb1""]",0.5,-0.12563161890456015
"[""Lama1"",""Itga3_Itgb1""]",0.5,-0.10900183185316825
"[""Lama1"",""Itga6_Itgb1""]",0.5,-0.1271527110155749
"[""Lama1"",""Itga6_Itgb4""]",0.5,-0.07591318875004982
"[""Lama1"",""Itga7_Itgb1""]",0.5,-0.08822381911558919
"[""Lama1"",""Itga9_Itgb1""]",0.5,-0.13722276966415703
"[""Lama1"",""Itgav_Itgb8""]",0.5,-0.12534437528131065
"[""Lama1"",""Sv2a""]",0.5,0.18209614467325608
"[""Lama1"",""Sv2b""]",0.5,-0.0022781777759671717
"[""Lama1"",""Sv2c""]",0.5,0.02785105265468224
"[""Lama2"",""Cd44""]",0.5,0.02379286214995535
"[""Lama2"",""Dag1""]",0.5,-0.19485052192706714
"[""Lama2"",""Itga1_Itgb1""]",0.5,-0.17708660572876977
"[""Lama2"",""Itga2_Itgb1""]",0.5,-0.18753072752176747
"[""Lama2"",""Itga3_Itgb1""]",0.5,-0.1732971022426671
"[""Lama2"",""Itga6_Itgb1""]",0.5,-0.19655033851348547
"[""Lama2"",""Itga6_Itgb4""]",0.5,-0.1491217037219466
"[""Lama2"",""Itga7_Itgb1""]",0.5,-0.2196687673427789
"[""Lama2"",""Itga9_Itgb1""]",0.5,-0.20987694232697268
"[""Lama2"",""Itgav_Itgb8""]",0.5,-0.20335206943946194
"[""Lama2"",""Sv2a""]",0.5,0.14560364138293913
"[""Lama2"",""Sv2b""]",0.5,-0.09319793979472729
"[""Lama2"",""Sv2c""]",0.5,-0.03824752555841471
"[""Lama3"",""Cd44""]",0.5,0.7150975749916146
"[""Lama3"",""Dag1""]",0.5,-0.08326459994152158
"[""Lama3"",""Itga1_Itgb1""]",0.5,-0.07269637802362217
"[""Lama3"",""Itga2_Itgb1""]",0.5,-0.09100554536563787
"[""Lama3"",""Itga3_Itgb1""]",0.5,-0.07052756164496443
"[""Lama3"",""Itga6_Itgb1""]",0.5,-0.09390158864036213
"[""Lama3"",""Itga6_Itgb4""]",0.5,-0.03574997232920851
"[""Lama3"",""Itga7_Itgb1""]",0.5,-0.06918668399749806
"[""Lama3"",""Itga9_Itgb1""]",0.5,-0.10943317384942958
"[""Lama3"",""Itgav_Itgb8""]",0.5,-0.10319695186239669
"[""Lama3"",""Sv2a""]",0.5,0.41675787113299534
"[""Lama3"",""Sv2b""]",0.5,0.06100028749529329
"[""Lama3"",""Sv2c""]",0.5,0.1210261386954885
"[""Lama4"",""Cd44""]",0.5,0.25689944528787056
"[""Lama4"",""Dag1""]",0.5,-0.11237596856034804
"[""Lama4"",""Itga1_Itgb1""]",0.5,-0.09732093301635714
"[""Lama4"",""Itga2_Itgb1""]",0.5,-0.1104826627201082
"[""Lama4"",""Itga3_Itgb1""]",0.5,-0.09263291804265172
"[""Lama4"",""Itga6_Itgb1""]",0.5,-0.11767464871757466
"[""Lama4"",""Itga6_Itgb4""]",0.5,-0.061961229953357955
"[""Lama4"",""Itga7_Itgb1""]",0.5,-0.1267754689632682
"[""Lama4"",""Itga9_Itgb1""]",0.5,-0.13256542777107155
"[""Lama4"",""Itgav_Itgb8""]",0.5,-0.12442915272324634
"[""Lama4"",""Sv2a""]",0.5,0.28951077376788104
"[""Lama4"",""Sv2b""]",0.5,0.015164741049227382
"[""Lama4"",""Sv2c""]",0.5,0.07671111604146552
"[""Lama5"",""Cd44""]",0.5,0.569904511879717
"[""Lama5"",""Dag1""]",0.5,-0.06579654476432006
"[""Lama5"",""Itga1_Itgb1""]",0.5,-0.04274894723645373
"[""Lama5"",""Itga2_Itgb1""]",0.5,-0.05012541381232993
"[""Lama5"",""Itga3_Itgb1""]",0.5,-0.04720392925531636
"[""Lama5"",""Itga6_Itgb1""]",0.5,-0.07324205863426259
"[""Lama5"",""Itga6_Itgb4""]",0.5,-0.005068261425865361
"[""Lama5"",""Itga7_Itgb1""]",0.5,-0.11008928198821732
"[""Lama5"",""Itga9_Itgb1""]",0.5,-0.06620908736267861
"[""Lama5"",""Itgav_Itgb8""]",0.5,-0.06350333559025123
"[""Lama5"",""Sv2a""]",0.5,0.4388065390518956
"[""Lama5"",""Sv2b""]",0.5,0.11519705128666569
"[""Lama5"",""Sv2c""]",0.5,0.23391280939190662
"[""Lamb1"",""Cd44""]",0.5,0.13173160803832074
"[""Lamb1"",""Dag1""]",0.5,-0.14249009259150375
"[""Lamb1"",""Itga1_Itgb1""]",0.5,-0.12339181741783167
"[""Lamb1"",""Itga2_Itgb1""]",0.5,-0.13814769740958166
"[""Lamb1"",""Itga3_Itgb1""]",0.5,-0.12329900776166836
"[""Lamb1"",""Itga6_Itgb1""]",0.5,-0.14584469646801373
"[""Lamb1"",""Itga6_Itgb4""]",0.5,-0.09787406844108137
"[""Lamb1"",""Itga7_Itgb1""]",0.5,-0.1687176881333074
"[""Lamb1"",""Itga9_Itgb1""]",0.5,-0.15890129475155468
"[""Lamb1"",""Itgav_Itgb8""]",0.5,-0.15309228462197977
"[""Lamb1"",""Sv2a""]",0.5,0.23718852336964336
"[""Lamb1"",""Sv2b""]",0.5,-0.032055042396684
"[""Lamb1"",""Sv2c""]",0.5,0.024666311192205526
"[""Lamb2"",""Cd44""]",0.5,0.47537221696328635
"[""Lamb2"",""Dag1""]",0.5,-0.058980163170248345
"[""Lamb2"",""Itga1_Itgb1""]",0.5,-0.048170009498825106
"[""Lamb2"",""Itga2_Itgb1""]",0.5,-0.06317805352229133
"[""Lamb2"",""Itga3_Itgb1""]",0.5,-0.04011136797430859
"[""Lamb2"",""Itga6_Itgb1""]",0.5,-0.06719146792035091
"[""Lamb2"",""Itga6_Itgb4""]",0.5,-0.0003562907234795354
"[""Lamb2"",""Itga7_Itgb1""]",0.5,-0.05289915060087469
"[""Lamb2"",""Itga9_Itgb1""]",0.5,-0.08465227560415234
"[""Lamb2"",""Itgav_Itgb8""]",0.5,-0.0749436484621494
"[""Lamb2"",""Sv2a""]",0.5,0.3534891278204686
"[""Lamb2"",""Sv2b""]",0.5,0.09473985885443637
"[""Lamb2"",""Sv2c""]",0.5,0.16017729367430056
"[""Lamb3"",""Cd44""]",0.5,0.5236425847106905
"[""Lamb3"",""Dag1""]",0.5,-0.11961649513446099
"[""Lamb3"",""Itga1_Itgb1""]",0.5,-0.09380741170791385
"[""Lamb3"",""Itga2_Itgb1""]",0.5,-0.10649240822796552
"[""Lamb3"",""Itga3_Itgb1""]",0.5,-0.0962047913408004
"[""Lamb3"",""Itga6_Itgb1""]",0.5,-0.12241107808681273
"[""Lamb3"",""Itga6_Itgb4""]",0.5,-0.06779570726298523
"[""Lamb3"",""Itga7_Itgb1""]",0.5,-0.1715581233599897
"[""Lamb3"",""Itga9_Itgb1""]",0.5,-0.12614123453287995
"[""Lamb3"",""Itgav_Itgb8""]",0.5,-0.12129111551483318
"[""Lamb3"",""Sv2a""]",0.5,0.3645306102915351
"[""Lamb3"",""Sv2b""]",0.5,0.012431089572439435
"[""Lamb3"",""Sv2c""]",0.5,0.1005248999986258
"[""Lamc1"",""Cd44""]",0.5,0.2209521289675751
"[""Lamc1"",""Dag1""]",0.5,-0.1306851684534343
"[""Lamc1"",""Itga1_Itgb1""]",0.5,-0.11543898610057751
"[""Lamc1"",""Itga2_Itgb1""]",0.5,-0.12767154876817233
"[""Lamc1"",""Itga3_Itgb1""]",0.5,-0.11380990752431375
"[""Lamc1"",""Itga6_Itgb1""]",0.5,-0.13684463938349362
"[""Lamc1"",""Itga6_Itgb4""]",0.5,-0.0845672233160335
"[""Lamc1"",""Itga7_Itgb1""]",0.5,-0.1432796447018096
"[""Lamc1"",""Itga9_Itgb1""]",0.5,-0.14700966773958113
"[""Lamc1"",""Itgav_Itgb8""]",0.5,-0.1404605024923336
"[""Lamc1"",""Sv2a""]",0.5,0.25770447235516425
"[""Lamc1"",""Sv2b""]",0.5,-0.011243543029282987
"[""Lamc1"",""Sv2c""]",0.5,0.04245784518836848
"[""Lamc2"",""Cd44""]",0.5,0.24373168947995855
"[""Lamc2"",""Dag1""]",0.5,0.004044698423744553
"[""Lamc2"",""Itga1_Itgb1""]",0.5,0.02703644050181986
"[""Lamc2"",""Itga2_Itgb1""]",0.5,0.013379862509219076
"[""Lamc2"",""Itga3_Itgb1""]",0.5,0.016064143998008484
"[""Lamc2"",""Itga6_Itgb1""]",0.5,-0.011686313316825014
"[""Lamc2"",""Itga6_Itgb4""]",0.5,0.07725942217519643
"[""Lamc2"",""Itga7_Itgb1""]",0.5,-0.012346805066986044
"[""Lamc2"",""Itga9_Itgb1""]",0.5,-0.004122061760221674
"[""Lamc2"",""Itgav_Itgb8""]",0.5,-0.0028039290086130375
"[""Lamc2"",""Sv2a""]",0.5,0.5805077758889658
"[""Lamc2"",""Sv2b""]",0.5,0.26286891877860163
"[""Lamc2"",""Sv2c""]",0.5,0.3572087677590077
"[""Lamc3"",""Cd44""]",0.5,0.619115292499873
"[""Lamc3"",""Dag1""]",0.5,-0.08472009968413252
"[""Lamc3"",""Itga1_Itgb1""]",0.5,-0.09061285832037069
"[""Lamc3"",""Itga2_Itgb1""]",0.5,-0.09594395916809706
"[""Lamc3"",""Itga3_Itgb1""]",0.5,-0.07674945446136627
"[""Lamc3"",""Itga6_Itgb1""]",0.5,-0.09348451483957876
"[""Lamc3"",""Itga6_Itgb4""]",0.5,-0.03634420963770468
"[""Lamc3"",""Itga7_Itgb1""]",0.5,-0.03392943341923771
"[""Lamc3"",""Itga9_Itgb1""]",0.5,-0.10076961029523607
"[""Lamc3"",""Itgav_Itgb8""]",0.5,-0.08811363183351695
"[""Lamc3"",""Sv2a""]",0.5,0.2633984330153071
"[""Lamc3"",""Sv2b""]",0.5,0.05626470815953177
"[""Lamc3"",""Sv2c""]",0.5,0.09177941113793064
"[""Lck"",""Cd8a_Cd8b1""]",0.5,-0.08840972905362487
"[""Lgals9"",""Cd44""]",0.5,0.40525871568606264
"[""Lgals9"",""Havcr2""]",0.5,-0.029656077017847005
"[""Lgals9"",""Ighm""]",0.5,0.11084169088840867
"[""Lgals9"",""Ptprc""]",0.5,0.06445983323984017
"[""Lhb"",""Lhcgr""]",0.5,-0.0162290994382962
"[""Lif"",""Lifr_Il6st""]",0.5,-0.10097514336933139
"[""Lrrc4"",""Ntng2""]",0.5,0.055354639131737104
"[""Lrrc4b"",""Ptprf""]",0.5,0.3123918798948293
"[""Lrrc4c"",""Ntng1""]",0.5,-0.07910284221074348
"[""Lta"",""Tnfrsf14""]",0.5,0.28491671770854254
"[""Lta"",""Tnfrsf1a""]",0.5,0.15167390884271337
"[""Lta"",""Tnfrsf1b""]",0.5,0.29700439386336297
"[""Lta_Ltb"",""Ltbr""]",0.5,0.12066745624274489
"[""Madcam1"",""Itga4_Itgb7""]",0.5,-0.013316433778961967
"[""Mag"",""Mag""]",0.5,0.39337963128208386
"[""Mdk"",""Alk""]",0.5,-0.18034559099835828
"[""Mdk"",""Itga4_Itgb1""]",0.5,-0.21450990574102535
"[""Mdk"",""Itga6_Itgb1""]",0.5,-0.1716598090540481
"[""Mdk"",""Lrp1""]",0.5,-0.16917622220791279
"[""Mdk"",""Ncl""]",0.5,-0.21311782753720476
"[""Mdk"",""Ptprz1""]",0.5,-0.0961252042013705
"[""Mdk"",""Sdc1""]",0.5,-0.16333909518391415
"[""Mdk"",""Sdc2""]",0.5,-0.18954476568484652
"[""Mdk"",""Sdc4""]",0.5,-0.085717030761011
"[""Mif"",""Ackr3""]",0.5,-0.09664070260031832
"[""Mif"",""Cd74_Cd44""]",0.5,0.050550057748549704
"[""Mif"",""Cd74_Cxcr2""]",0.5,-0.046378903709199615
"[""Mif"",""Cd74_Cxcr4""]",0.5,0.050820531990113715
"[""Mpz"",""Mpz""]",0.5,-0.06269606312294895
"[""Mpz"",""Mpzl1""]",0.5,-0.05284128907572405
"[""Mpzl1"",""Mpzl1""]",0.5,-0.0281916337687923
"[""Mstn"",""Acvr1b_Acvr2a""]",0.5,-0.14763327593638542
"[""Mstn"",""Acvr1b_Acvr2b""]",0.5,-0.14786777836515813
"[""Mstn"",""Tgfbr1_Acvr2a""]",0.5,-0.19336229685209633
"[""Mstn"",""Tgfbr1_Acvr2b""]",0.5,-0.20892068168886258
"[""Nampt"",""Insr""]",0.5,-0.10733284128764864
"[""Nampt"",""Itga5_Itgb1""]",0.5,-0.11405120346872161
"[""Ncam1"",""Fgfr1""]",0.5,-0.06877476011604444
"[""Ncam1"",""L1cam""]",0.5,0.632138876464122
"[""Ncam1"",""Ncam1""]",0.5,0.140166590980632
"[""Ncam1"",""Ncam2""]",0.5,0.10136706103305715
"[""Ncam2"",""L1cam""]",0.5,0.5373738702066467
"[""Nectin1"",""Cadm3""]",0.5,0.42587063131131053
"[""Nectin1"",""Cd96""]",0.5,-0.032732433537338346
"[""Nectin1"",""Nectin3""]",0.5,-0.10870802120836787
"[""Nectin1"",""Nectin4""]",0.5,0.1899094432447388
"[""Nectin2"",""Cd226""]",0.5,-0.026503343137489366
"[""Nectin2"",""Tigit""]",0.5,-0.11866984728962243
"[""Nectin3"",""Nectin1""]",0.5,-0.1085907724274206
"[""Nectin3"",""Nectin2""]",0.5,-0.13365657526115887
"[""Nectin3"",""Pvr""]",0.5,-0.15707949806637178
"[""Nectin3"",""Tigit""]",0.5,-0.1806182794096166
"[""Negr1"",""Negr1""]",0.5,-0.09064368609775397
"[""Nfasc"",""Cntn1_Cntnap1""]",0.5,0.5136511580547645
"[""Ngf"",""Ngfr""]",0.5,-0.1500144181817999
"[""Ngf"",""Ntrk1""]",0.5,-0.06584548494474218
"[""Nmb"",""Nmbr""]",0.5,-0.11484522934098024
"[""Nms"",""Nmur1""]",0.5,0.2742210099900586
"[""Nms"",""Nmur2""]",0.5,0.47969777460153573
"[""Nmu"",""Nmur1""]",0.5,-0.04576493920567082
"[""Nmu"",""Nmur2""]",0.5,0.2540617004496779
"[""Nodal"",""Acvr1b_Acvr2a_Cfc1""]",0.5,0.00961502711644624
"[""Nodal"",""Acvr1b_Acvr2b_Cfc1""]",0.5,0.00961502711644624
"[""Nodal"",""Acvr1c_Acvr2a_Cfc1""]",0.5,0.00961502711644624
"[""Nodal"",""Acvr1c_Acvr2b_Cfc1""]",0.5,0.00961502711644624
"[""Npb"",""Npbwr1""]",0.5,0.08709336528276745
"[""Npff"",""Npffr1""]",0.5,0.2963930829033321
"[""Npff"",""Npffr2""]",0.5,0.08219188707163427
"[""Npnt_Fras1_Frem1"",""Itga8_Itgb1""]",0.5,-0.1307406379234634
"[""Npnt_Fras1_Frem2"",""Itga8_Itgb1""]",0.5,-0.1651988589630679
"[""Nppa"",""Npr1""]",0.5,-0.11570644605785785
"[""Nppb"",""Npr1""]",0.5,-0.10309714435405432
"[""Nppc"",""Npr2""]",0.5,0.02602645212216137
"[""Nps"",""Npsr1""]",0.5,-0.04114898005172407
"[""Npvf"",""Npffr1""]",0.5,0.05465101332558475
"[""Npvf"",""Npffr2""]",0.5,-0.09108026060469676
"[""Npw"",""Npbwr1""]",0.5,0.06446584102396113
"[""Npy"",""Gpr83""]",0.5,0.3065065602037942
"[""Npy"",""Npy1r""]",0.5,0.5486432331725528
"[""Npy"",""Npy2r""]",0.5,0.29418528421565193
"[""Npy"",""Npy5r""]",0.5,0.38556545453259755
"[""Nrg1"",""Erbb2_Erbb3""]",0.5,-0.11127626720182471
"[""Nrg1"",""Erbb2_Erbb4""]",0.5,-0.009711836928019246
"[""Nrg1"",""Erbb3""]",0.5,-0.13752554680364426
"[""Nrg1"",""Erbb4""]",0.5,-0.09197788279682528
"[""Nrg1"",""Itgav_Itgb3""]",0.5,-0.03850557098557805
"[""Nrg2"",""Erbb2_Erbb3""]",0.5,-0.11265879306046744
"[""Nrg2"",""Erbb2_Erbb4""]",0.5,-0.019034804128014282
"[""Nrg2"",""Erbb3""]",0.5,-0.13269246108001626
"[""Nrg2"",""Erbb4""]",0.5,-0.09565363398049309
"[""Nrg3"",""Erbb2_Erbb4""]",0.5,0.2513635603011777
"[""Nrg3"",""Erbb4""]",0.5,0.10004952939337552
"[""Nrg4"",""Erbb2_Erbb4""]",0.5,-0.03918476260462889
"[""Nrg4"",""Erbb4""]",0.5,-0.11877755552136782
"[""Nrtn"",""Gfra2_Ret""]",0.5,0.1783713904163876
"[""Nrxn1"",""Nlgn1""]",0.5,0.17999401210680688
"[""Nrxn1"",""Nlgn2""]",0.5,0.20131100958974524
"[""Nrxn1"",""Nlgn3""]",0.5,0.31923016940453974
"[""Nrxn2"",""Nlgn1""]",0.5,0.36875334559150885
"[""Nrxn2"",""Nlgn2""]",0.5,0.3653908748068124
"[""Nrxn2"",""Nlgn3""]",0.5,0.47997379329260514
"[""Nrxn3"",""Nlgn1""]",0.5,0.23719128498776687
"[""Nrxn3"",""Nlgn2""]",0.5,0.24196377628303
"[""Nrxn3"",""Nlgn3""]",0.5,0.34765575839586527
"[""Ntf3"",""Ntrk1""]",0.5,-0.10159391974716714
"[""Ntf3"",""Ntrk2""]",0.5,-0.10231562909086894
"[""Ntf3"",""Ntrk3""]",0.5,-0.04731809840637968
"[""Ntf5"",""Ntrk2""]",0.5,-0.00673803152120156
"[""Nts"",""Ntsr1""]",0.5,0.10072768147666411
"[""Ocln"",""Ocln""]",0.5,0.04498031039116068
"[""Osm"",""Lifr_Il6st""]",0.5,-0.029298263829993343
"[""Osm"",""Osmr_Il6st""]",0.5,0.15048869935527565
"[""Ostn"",""Npr3""]",0.5,-0.15791230334217343
"[""Oxt"",""Oxtr""]",0.5,0.2540988388681491
"[""Pdcd1lg2"",""Pdcd1""]",0.5,0.12283512427169163
"[""Pdgfa"",""Pdgfra""]",0.5,-0.17236632607150743
"[""Pdgfa"",""Pdgfrb""]",0.5,-0.11734384321188224
"[""Pdgfb"",""Pdgfra""]",0.5,-0.12164344232357371
"[""Pdgfb"",""Pdgfrb""]",0.5,-0.06990809434105827
"[""Pdgfc"",""Pdgfra""]",0.5,-0.21831290171590628
"[""Pdgfd"",""Pdgfrb""]",0.5,-0.16036167235110121
"[""Pdyn"",""Oprd1""]",0.5,0.3834958315347188
"[""Pdyn"",""Oprk1""]",0.5,0.5100669665799995
"[""Pdyn"",""Oprl1""]",0.5,0.2845179996005845
"[""Pdyn"",""Oprm1""]",0.5,0.5231323072443643
"[""Pecam1"",""Pecam1""]",0.5,-0.06066070461806716
"[""Penk"",""Oprd1""]",0.5,-0.08401853161992978
"[""Penk"",""Oprk1""]",0.5,0.09881241802207952
"[""Penk"",""Oprl1""]",0.5,0.3909239081525646
"[""Penk"",""Oprm1""]",0.5,0.039237783364857726
"[""Pgf"",""Flt1""]",0.5,-0.08040576506557362
"[""Plg"",""F2rl3""]",0.5,0.1857428233365891
"[""Plg"",""Pard3""]",0.5,-0.018700119124378634
"[""Pmch"",""Mchr1""]",0.5,-0.03747886669283107
"[""Pmch"",""Mertk""]",0.5,-0.06103000706959749
"[""Pomc"",""Mc1r""]",0.5,0.056092653726568464
"[""Pomc"",""Mc2r""]",0.5,-0.06830881226931029
"[""Pomc"",""Mc4r""]",0.5,0.08153728772457502
"[""Pomc"",""Oprd1""]",0.5,-0.04555277397681967
"[""Pomc"",""Oprk1""]",0.5,0.10457434346768224
"[""Pomc"",""Oprl1""]",0.5,0.34934389174701375
"[""Pomc"",""Oprm1""]",0.5,0.11094147332721227
"[""Postn"",""Itgav_Itgb3""]",0.5,0.036262140882332816
"[""Postn"",""Itgav_Itgb5""]",0.5,-0.022602625824470368
"[""Ppbp"",""Cxcr2""]",0.5,-0.014991559378692565
"[""Ppy"",""Gpr83""]",0.5,-0.09096673574212233
"[""Ppy"",""Npy1r""]",0.5,0.20046404854822153
"[""Ppy"",""Npy2r""]",0.5,0.03386308825671713
"[""Ppy"",""Npy5r""]",0.5,0.38322872923424334
"[""Prok1"",""Prokr1""]",0.5,-0.0733511803924064
"[""Prok1"",""Prokr2""]",0.5,-0.05573223833757124
"[""Prok2"",""Prokr1""]",0.5,-0.08607021974076146
"[""Prok2"",""Prokr2""]",0.5,-0.0636103344147172
"[""Pros1"",""Axl""]",0.5,-0.0649013288181336
"[""Pros1"",""Tyro3""]",0.5,-0.07152118788185902
"[""Psap"",""Gpr37""]",0.5,-0.06439745822025822
"[""Psap"",""Gpr37l1""]",0.5,0.05651487731209148
"[""Pspn"",""Gfra4_Ret""]",0.5,0.11731834106318673
"[""Pth2"",""Pth1r""]",0.5,-0.00010665251516017715
"[""Pth2"",""Pth2r""]",0.5,-0.0012174985423080154
"[""Pthlh"",""Pth1r""]",0.5,-0.08704992059161265
"[""Ptn"",""Alk""]",0.5,-0.07901787886355993
"[""Ptn"",""Itgav_Itgb3""]",0.5,-0.03243984364593666
"[""Ptn"",""Ncl""]",0.5,-0.12246715019626159
"[""Ptn"",""Ptprz1""]",0.5,0.01567254400104723
"[""Ptn"",""Sdc1""]",0.5,-0.060914883805477826
"[""Ptn"",""Sdc2""]",0.5,-0.09753731411511246
"[""Ptn"",""Sdc3""]",0.5,0.1762077699547071
"[""Ptn"",""Sdc4""]",0.5,0.057295020240456185
"[""Ptprc"",""Cd22""]",0.5,0.04578825110694584
"[""Ptprc"",""Mrc1""]",0.5,0.0429137495469859
"[""Ptprm"",""Ptprm""]",0.5,-0.2100422098870997
"[""Pvr"",""Cd226""]",0.5,-0.03586791602209305
"[""Pvr"",""Tigit""]",0.5,-0.13567352336563415
"[""Pyy"",""Gpr83""]",0.5,-0.05696554560163036
"[""Pyy"",""Npy1r""]",0.5,0.2305540344113589
"[""Pyy"",""Npy2r""]",0.5,0.06225826432121462
"[""Pyy"",""Npy5r""]",0.5,0.3476901882002158
"[""Qrfp"",""Qrfpr""]",0.5,0.10532662028417394
"[""Rarres2"",""Cmklr1""]",0.5,-0.052314571634521356
"[""Rarres2"",""Gpr1""]",0.5,-0.06717580185956795
"[""Reln"",""Itga3_Itgb1""]",0.5,0.08147710118211515
"[""Retn"",""Cap1""]",0.5,-0.06993009688460117
"[""Retn"",""Tlr4""]",0.5,-0.0093078013112039
"[""Rln1"",""Rxfp1""]",0.5,-0.006021090010791985
"[""Rln1"",""Rxfp2""]",0.5,-0.06595945854083574
"[""Rln1"",""Rxfp3""]",0.5,-0.03444306545710574
"[""Rln3"",""Rxfp1""]",0.5,0.018460489682683878
"[""Rln3"",""Rxfp2""]",0.5,-0.07761530317228937
"[""Rln3"",""Rxfp3""]",0.5,-0.05155331082743164
"[""Saa2"",""Fpr2""]",0.5,-0.07238236337727177
"[""Scgb3a2"",""Marco""]",0.5,0.7275731657559639
"[""Sct"",""Sctr""]",0.5,-0.1269517192280995
"[""Sell"",""Cd34""]",0.5,0.21166402799483341
"[""Sell"",""Madcam1""]",0.5,0.23266895099427476
"[""Sell"",""Podxl""]",0.5,0.17346060125350993
"[""Selplg"",""Sell""]",0.5,0.26024746986479963
"[""Selplg"",""Selp""]",0.5,0.04004401901221866
"[""Sema3a"",""Nrp1_Plxna1""]",0.5,-0.14271020706262583
"[""Sema3a"",""Nrp1_Plxna2""]",0.5,-0.1535134612325041
"[""Sema3a"",""Nrp1_Plxna3""]",0.5,-0.012532452328176458
"[""Sema3a"",""Nrp1_Plxna4""]",0.5,-0.1229831145636312
"[""Sema3b"",""Nrp1_Plxna1""]",0.5,-0.058642988969116905
"[""Sema3b"",""Nrp1_Plxna2""]",0.5,-0.0752736323109513
"[""Sema3b"",""Nrp1_Plxna3""]",0.5,0.12378407176182615
"[""Sema3b"",""Nrp1_Plxna4""]",0.5,-0.02267801091967625
"[""Sema3b"",""Nrp2_Plxna1""]",0.5,-0.0514994497725364
"[""Sema3b"",""Nrp2_Plxna2""]",0.5,-0.05051213928195186
"[""Sema3b"",""Nrp2_Plxna3""]",0.5,0.12234265578853021
"[""Sema3b"",""Nrp2_Plxna4""]",0.5,0.009841793666734988
"[""Sema3c"",""Nrp1_Nrp2_Plxnd1""]",0.5,-0.021420368487450325
"[""Sema3c"",""Nrp1_Plxna1""]",0.5,-0.10344394871397739
"[""Sema3c"",""Nrp1_Plxna2""]",0.5,-0.1136683691408803
"[""Sema3c"",""Nrp1_Plxna3""]",0.5,0.04715718740720454
"[""Sema3c"",""Nrp1_Plxna4""]",0.5,-0.0765918265358625
"[""Sema3c"",""Nrp2_Plxna1""]",0.5,-0.09609039730256286
"[""Sema3c"",""Nrp2_Plxna2""]",0.5,-0.09088521020688167
"[""Sema3c"",""Nrp2_Plxna3""]",0.5,0.04727114818079581
"[""Sema3c"",""Nrp2_Plxna4""]",0.5,-0.0650055802126478
"[""Sema3c"",""Plxnd1""]",0.5,-0.027840326461559428
"[""Sema3d"",""Nrp1_Plxna1""]",0.5,-0.11944368009376999
"[""Sema3d"",""Nrp1_Plxna2""]",0.5,-0.13113617360634827
"[""Sema3d"",""Nrp1_Plxna3""]",0.5,0.02248438030571931
"[""Sema3d"",""Nrp1_Plxna4""]",0.5,-0.10172552357458953
"[""Sema3d"",""Nrp2_Plxna1""]",0.5,-0.11069573970102237
"[""Sema3d"",""Nrp2_Plxna2""]",0.5,-0.10921816280820523
"[""Sema3d"",""Nrp2_Plxna3""]",0.5,0.022693002024767095
"[""Sema3d"",""Nrp2_Plxna4""]",0.5,-0.0883087681548198
"[""Sema3e"",""Plxnd1""]",0.5,-0.025431852945448585
"[""Sema3f"",""Nrp2_Plxna1""]",0.5,-0.04293410515905549
"[""Sema3f"",""Nrp2_Plxna2""]",0.5,-0.0339969204019841
"[""Sema3f"",""Nrp2_Plxna3""]",0.5,0.12834387183166307
"[""Sema3f"",""Nrp2_Plxna4""]",0.5,-0.01080077544857383
"[""Sema3g"",""Nrp2_Plxna1""]",0.5,-0.03267402607648362
"[""Sema3g"",""Nrp2_Plxna2""]",0.5,-0.022333444532031788
"[""Sema3g"",""Nrp2_Plxna3""]",0.5,0.1411587109330188
"[""Sema3g"",""Nrp2_Plxna4""]",0.5,0.009045373261255207
"[""Sema4a"",""Nrp1_Plxna1""]",0.5,0.20191329652142742
"[""Sema4a"",""Nrp1_Plxna2""]",0.5,0.17918422528800249
"[""Sema4a"",""Nrp1_Plxna3""]",0.5,0.4204069915718396
"[""Sema4a"",""Nrp1_Plxna4""]",0.5,0.2624545408132608
"[""Sema4a"",""Plxnb1""]",0.5,0.25313100613684103
"[""Sema4a"",""Plxnb2""]",0.5,0.20072215339033483
"[""Sema4a"",""Plxnb3""]",0.5,0.19549033844374764
"[""Sema4a"",""Timd2""]",0.5,0.6736660372999377
"[""Sema4c"",""Plxnb2""]",0.5,-0.05955939862725457
"[""Sema4d"",""Cd72""]",0.5,0.008414595579895323
"[""Sema4d"",""Plxnb1""]",0.5,0.008856978860593334
"[""Sema4d"",""Plxnb2""]",0.5,-0.03648315098903032
"[""Sema4d"",""Plxnb3""]",0.5,-0.062476162772857835
"[""Sema4g"",""Plxnb2""]",0.5,0.2232890883873273
"[""Sema5a"",""Plxna1""]",0.5,-0.11894271859696887
"[""Sema5a"",""Plxna3""]",0.5,0.010718338563537988
"[""Sema5a"",""Plxnb3""]",0.5,-0.13578442553676534
"[""Sema5b"",""Plxna1""]",0.5,-0.05787783689474524
"[""Sema5b"",""Plxna3""]",0.5,0.07649272986761568
"[""Sema6a"",""Plxna2""]",0.5,-0.1378080073632802
"[""Sema6a"",""Plxna4""]",0.5,-0.10230630200893909
"[""Sema6b"",""Plxna2""]",0.5,0.05921676022891553
"[""Sema6b"",""Plxna4""]",0.5,0.23566442704943524
"[""Sema6d"",""Plxna1""]",0.5,-0.007207887977756733
"[""Sema6d"",""Plxna1_Kdr""]",0.5,-0.0015704635385521692
"[""Sema6d"",""Plxna1_Trem2_Tyrobp""]",0.5,0.16789315144373607
"[""Sema7a"",""Itgb1_Itga1""]",0.5,0.14924984584537238
"[""Sema7a"",""Plxnc1""]",0.5,0.2546796650364892
"[""Shh"",""Ptch1_Smo""]",0.5,-0.1448904076984498
"[""Shh"",""Ptch2_Smo""]",0.5,-0.1230443900494006
"[""Siglec1"",""Spn""]",0.5,0.21575785995007468
"[""Slurp1"",""Chrna1""]",0.5,-0.03983670631308822
"[""Slurp1"",""Chrna2""]",0.5,0.32953292800774303
"[""Slurp1"",""Chrna3""]",0.5,0.4393310928866858
"[""Slurp1"",""Chrna4""]",0.5,0.5836313505609122
"[""Slurp1"",""Chrna5""]",0.5,0.3018847908134963
"[""Slurp1"",""Chrna6""]",0.5,0.406928063876696
"[""Slurp1"",""Chrna7""]",0.5,0.04282959977208156
"[""Slurp1"",""Chrna9""]",0.5,0.025896149205491104
"[""Slurp1"",""Chrnb1""]",0.5,-0.049480894573129985
"[""Slurp1"",""Chrnb2""]",0.5,0.5493946610903077
"[""Slurp1"",""Chrnb3""]",0.5,0.36507834224502
"[""Slurp1"",""Chrnb4""]",0.5,0.10435999071481872
"[""Slurp1"",""Chrnd""]",0.5,-0.03990546217083202
"[""Slurp1"",""Chrne""]",0.5,0.12793368934889993
"[""Slurp1"",""Chrng""]",0.5,-0.04368003764022932
"[""Slurp2"",""Chrna1""]",0.5,-0.12219753347949885
"[""Slurp2"",""Chrna2""]",0.5,0.2712415235048462
"[""Slurp2"",""Chrna3""]",0.5,0.2952256841611631
"[""Slurp2"",""Chrna4""]",0.5,0.4140935573490747
"[""Slurp2"",""Chrna5""]",0.5,0.16138503461668274
"[""Slurp2"",""Chrna6""]",0.5,0.18726107946102377
"[""Slurp2"",""Chrna7""]",0.5,0.005264271915432994
"[""Slurp2"",""Chrna9""]",0.5,-0.005168924599391556
"[""Slurp2"",""Chrnb1""]",0.5,-0.11628713101845589
"[""Slurp2"",""Chrnb2""]",0.5,0.43350265359221907
"[""Slurp2"",""Chrnb3""]",0.5,0.19907694860202174
"[""Slurp2"",""Chrnb4""]",0.5,0.06377279930004143
"[""Slurp2"",""Chrnd""]",0.5,-0.12292008477113098
"[""Slurp2"",""Chrne""]",0.5,0.06046339169494075
"[""Slurp2"",""Chrng""]",0.5,-0.1243983083851305
"[""Spp1"",""Cd44""]",0.5,0.3091954469759019
"[""Spp1"",""Itga4_Itgb1""]",0.5,-0.021686030732977035
"[""Spp1"",""Itga5_Itgb1""]",0.5,0.014983512147742295
"[""Spp1"",""Itga8_Itgb1""]",0.5,0.005541175078634941
"[""Spp1"",""Itga9_Itgb1""]",0.5,-0.0013170123269926615
"[""Spp1"",""Itgav_Itgb1""]",0.5,0.04431172486186474
"[""Spp1"",""Itgav_Itgb3""]",0.5,0.08369290635952664
"[""Spp1"",""Itgav_Itgb5""]",0.5,0.044507949355746534
"[""Spp1"",""Itgav_Itgb6""]",0.5,-0.0488168462912183
"[""Sst"",""Sstr1""]",0.5,0.29308666616795653
"[""Sst"",""Sstr2""]",0.5,0.15501399099812962
"[""Sst"",""Sstr3""]",0.5,0.2651007724107348
"[""Sst"",""Sstr4""]",0.5,0.10323019899185959
"[""Sst"",""Sstr5""]",0.5,0.32233278349775174
"[""Tac1"",""Tacr1""]",0.5,0.35375300028018297
"[""Tac1"",""Tacr2""]",0.5,0.25037090506195137
"[""Tac2"",""Tacr3""]",0.5,0.24497330259103256
"[""Tac4"",""Tacr1""]",0.5,-0.09059013678141103
"[""Tgfa"",""Egfr""]",0.5,0.07570174123431217
"[""Tgfa"",""Egfr_Erbb2""]",0.5,0.2578704563813028
"[""Tgfb1"",""Acvr1_Tgfbr1_Tgfbr2""]",0.5,-0.09900448311750776
"[""Tgfb1"",""Acvr1b_Tgfbr2""]",0.5,-0.02409351599787235
"[""Tgfb1"",""Acvr1c_Tgfbr2""]",0.5,-0.027477552027843744
"[""Tgfb1"",""Tgfbr1_Tgfbr2""]",0.5,-0.09294490907420228
"[""Tgfb2"",""Acvr1_Tgfbr1_Tgfbr2""]",0.5,-0.1761299232824587
"[""Tgfb2"",""Acvr1b_Tgfbr2""]",0.5,-0.09776273380375844
"[""Tgfb2"",""Acvr1c_Tgfbr2""]",0.5,-0.08186942209651116
"[""Tgfb2"",""Tgfbr1_Tgfbr2""]",0.5,-0.1662218918487547
"[""Tgfb3"",""Acvr1_Tgfbr1_Tgfbr2""]",0.5,-0.15079265878991005
"[""Tgfb3"",""Acvr1b_Tgfbr2""]",0.5,-0.06514733948878415
"[""Tgfb3"",""Acvr1c_Tgfbr2""]",0.5,-0.04046108102250212
"[""Tgfb3"",""Tgfbr1_Tgfbr2""]",0.5,-0.14075855863308195
"[""Thbs1"",""Cd36""]",0.5,-0.04292405707420677
"[""Thbs1"",""Cd47""]",0.5,-0.03445954976510346
"[""Thbs1"",""Itga3_Itgb1""]",0.5,-0.07269812606770087
"[""Thbs1"",""Itgav_Itgb3""]",0.5,-0.04582116033214967
"[""Thbs1"",""Sdc1""]",0.5,-0.09686800599409207
"[""Thbs1"",""Sdc4""]",0.5,-0.008400502360710327
"[""Thbs2"",""Cd36""]",0.5,-0.035941688042734454
"[""Thbs2"",""Cd47""]",0.5,0.01002559976812567
"[""Thbs2"",""Itga3_Itgb1""]",0.5,-0.03278139333871666
"[""Thbs2"",""Itgav_Itgb3""]",0.5,-0.013728773927420224
"[""Thbs2"",""Sdc1""]",0.5,-0.058586068077223774
"[""Thbs2"",""Sdc4""]",0.5,0.06316598419070918
"[""Thbs3"",""Cd36""]",0.5,0.01267505649845646
"[""Thbs3"",""Cd47""]",0.5,0.06373298530577831
"[""Thbs3"",""Itga3_Itgb1""]",0.5,0.005181713104064345
"[""Thbs3"",""Itgav_Itgb3""]",0.5,0.03988800009958515
"[""Thbs3"",""Sdc1""]",0.5,-0.012204491006572615
"[""Thbs3"",""Sdc4""]",0.5,0.12796257800195698
"[""Thbs4"",""Cd36""]",0.5,-0.16816015611699686
"[""Thbs4"",""Cd47""]",0.5,-0.07411713677900467
"[""Thbs4"",""Itga3_Itgb1""]",0.5,-0.11717464666955296
"[""Thbs4"",""Itgav_Itgb3""]",0.5,-0.09131660656328167
"[""Thbs4"",""Sdc1""]",0.5,-0.13062020373295025
"[""Thbs4"",""Sdc4""]",0.5,-0.03152242882766598
"[""Thpo"",""Mpl""]",0.5,0.00882787827728082
"[""Thy1"",""Itgam_Itgb2""]",0.5,0.10649929650814072
"[""Thy1"",""Itgav_Itgb3""]",0.5,0.09217288248458178
"[""Thy1"",""Itgax_Itgb2""]",0.5,0.1273123072947876
"[""Tigit"",""Nectin2""]",0.5,-0.11875017861355841
"[""Tigit"",""Pvr""]",0.5,-0.13583947246624384
"[""Tnc"",""Itga2b_Itgb3""]",0.5,-0.03495911838115828
"[""Tnc"",""Itga8_Itgb1""]",0.5,-0.10648128364332621
"[""Tnc"",""Itga9_Itgb1""]",0.5,-0.12182644629401379
"[""Tnc"",""Itgav_Itgb3""]",0.5,-0.035531015965428736
"[""Tnc"",""Itgav_Itgb6""]",0.5,-0.17059735896899686
"[""Tnc"",""Sdc1""]",0.5,-0.08612672271277799
"[""Tnc"",""Sdc4""]",0.5,0.00920347640795427
"[""Tnfsf10"",""Tnfrsf10b""]",0.5,-0.05409117268483643
"[""Tnfsf11"",""Tnfrsf11a""]",0.5,-0.041933339399726655
"[""Tnfsf11"",""Tnfrsf11b""]",0.5,-0.07691704257283505
"[""Tnfsf12"",""Tnfrsf12a""]",0.5,-0.06215593800907393
"[""Tnfsf13b"",""Tnfrsf13b""]",0.5,-0.059148713307543344
"[""Tnfsf13b"",""Tnfrsf13c""]",0.5,-0.09177610015006477
"[""Tnfsf13b"",""Tnfrsf17""]",0.5,-0.09857823982845937
"[""Tnfsf14"",""Ltbr""]",0.5,-0.018813183357304974
"[""Tnfsf14"",""Tnfrsf14""]",0.5,0.013163755651945497
"[""Tnfsf15"",""Tnfrsf25""]",0.5,-0.023294317312393842
"[""Tnfsf18"",""Tnfrsf18""]",0.5,-0.10391619200599944
"[""Tnfsf4"",""Tnfrsf4""]",0.5,0.01988488734096827
"[""Tnfsf8"",""Tnfrsf8""]",0.5,0.1039990451182613
"[""Tnfsf9"",""Tnfrsf9""]",0.5,-0.07660320194139303
"[""Tnn"",""Itga2b_Itgb3""]",0.5,0.00825004184106648
"[""Tnn"",""Itga8_Itgb1""]",0.5,-0.07200106631173675
"[""Tnn"",""Itga9_Itgb1""]",0.5,-0.08553072643560311
"[""Tnn"",""Itgav_Itgb3""]",0.5,0.007352724538402744
"[""Tnn"",""Itgav_Itgb6""]",0.5,-0.10151535158718339
"[""Tnn"",""Sdc1""]",0.5,-0.047637266665555456
"[""Tnn"",""Sdc4""]",0.5,0.06315858613519121
"[""Tnr"",""Itga2b_Itgb3""]",0.5,0.2901929673776773
"[""Tnr"",""Itga8_Itgb1""]",0.5,0.16189979122138132
"[""Tnr"",""Itga9_Itgb1""]",0.5,0.1595270394920365
"[""Tnr"",""Itgav_Itgb3""]",0.5,0.2888523639651781
"[""Tnr"",""Itgav_Itgb6""]",0.5,0.15381381027424357
"[""Tnr"",""Sdc1""]",0.5,0.2233351215173779
"[""Tnr"",""Sdc4""]",0.5,0.459763508960495
"[""Tnxb"",""Itga2b_Itgb3""]",0.5,-0.02775076450516356
"[""Tnxb"",""Itga8_Itgb1""]",0.5,-0.08515257374235574
"[""Tnxb"",""Itga9_Itgb1""]",0.5,-0.09079354846556109
"[""Tnxb"",""Itgav_Itgb3""]",0.5,-0.02857505028908247
"[""Tnxb"",""Itgav_Itgb6""]",0.5,-0.18799393307923812
"[""Tnxb"",""Sdc1""]",0.5,-0.05321177302890323
"[""Tnxb"",""Sdc4""]",0.5,0.09809211077244195
"[""Trh"",""Trhr""]",0.5,0.010642831245045503
"[""Try10"",""F2r""]",0.5,-0.028346101475728358
"[""Try10"",""F2rl1""]",0.5,0.0228573765805532
"[""Try10"",""F2rl2""]",0.5,-0.059105993667711854
"[""Try10"",""F2rl3""]",0.5,0.009673122587237626
"[""Try10"",""Pard3""]",0.5,-0.10680035125027393
"[""Try5"",""F2r""]",0.5,-0.09709314881387698
"[""Try5"",""F2rl1""]",0.5,-0.0966266532221709
"[""Try5"",""F2rl2""]",0.5,-0.10896251815729219
"[""Try5"",""F2rl3""]",0.5,-0.05735422410184399
"[""Try5"",""Pard3""]",0.5,-0.1744867975629214
"[""Tshb"",""Tshr""]",0.5,-0.041925182861745625
"[""Tslp"",""Il7r_Crlf2""]",0.5,-0.04441499522195125
"[""Ucn"",""Crhr1""]",0.5,0.3043838649248334
"[""Ucn"",""Crhr2""]",0.5,-0.08274936107590547
"[""Ucn2"",""Crhr1""]",0.5,0.6002409272601964
"[""Ucn2"",""Crhr2""]",0.5,0.0917975255981035
"[""Uts2b"",""Sstr5""]",0.5,0.20960821550350572
"[""Uts2b"",""Uts2r""]",0.5,-0.03704376950471622
"[""Vegfa"",""Flt1""]",0.5,-0.09244819455392439
"[""Vegfa"",""Flt1_Kdr""]",0.5,-0.09244819455392439
"[""Vegfa"",""Kdr""]",0.5,-0.06567844962673308
"[""Vegfb"",""Flt1""]",0.5,-0.07757596663873512
"[""Vegfc"",""Flt4""]",0.5,-0.1325227491006828
"[""Vegfc"",""Flt4_Kdr""]",0.5,-0.1325227491006828
"[""Vegfc"",""Kdr""]",0.5,-0.11352756701777483
"[""Vegfd"",""Flt4""]",0.5,-0.044015535500631975
"[""Vegfd"",""Flt4_Kdr""]",0.5,-0.044015535500631975
"[""Vegfd"",""Kdr""]",0.5,-0.023387101847595293
"[""Vsir"",""Igsf11""]",0.5,0.07723863694294975
"[""Vtn"",""Itga2b_Itgb3""]",0.5,0.05119100105079999
"[""Vtn"",""Itga8_Itgb1""]",0.5,7.049034409789545e-05
"[""Vtn"",""Itgav_Itgb1""]",0.5,0.04996326440998655
"[""Vtn"",""Itgav_Itgb3""]",0.5,0.050818520112063004
"[""Vtn"",""Itgav_Itgb5""]",0.5,0.0502267087720516
"[""Vtn"",""Itgav_Itgb8""]",0.5,0.011253428856187409
"[""Vwf"",""Gp1ba_Gp1bb_Gp5_Gp9""]",0.5,-0.05142423777595673
"[""Vwf"",""Itga2b_Itgb3""]",0.5,-0.051835858026731296
"[""Vwf"",""Itgav_Itgb3""]",0.5,-0.05215772950836062
"[""Wnt1"",""Fzd10_Lrp5""]",0.5,-0.10742450583538937
"[""Wnt1"",""Fzd10_Lrp6""]",0.5,-0.10885225201502674
"[""Wnt1"",""Fzd1_Lrp5""]",0.5,-0.12841593062764928
"[""Wnt1"",""Fzd1_Lrp6""]",0.5,-0.0864085688142745
"[""Wnt1"",""Fzd2_Lrp5""]",0.5,-0.12922831852510314
"[""Wnt1"",""Fzd2_Lrp6""]",0.5,-0.09862720662410429
"[""Wnt1"",""Fzd3_Lrp5""]",0.5,-0.12922831852510314
"[""Wnt1"",""Fzd3_Lrp6""]",0.5,-0.04848620459677999
"[""Wnt1"",""Fzd4_Lrp5""]",0.5,-0.09939514412170886
"[""Wnt1"",""Fzd4_Lrp6""]",0.5,-0.09943751862056549
"[""Wnt1"",""Fzd5_Lrp5""]",0.5,-0.06956959695595055
"[""Wnt1"",""Fzd5_Lrp6""]",0.5,-0.06956959695595055
"[""Wnt1"",""Fzd6_Lrp5""]",0.5,-0.05560571740008713
"[""Wnt1"",""Fzd6_Lrp6""]",0.5,-0.05876359438437129
"[""Wnt1"",""Fzd7_Lrp5""]",0.5,-0.12835664352925197
"[""Wnt1"",""Fzd7_Lrp6""]",0.5,-0.11683066066709158
"[""Wnt1"",""Fzd8_Lrp5""]",0.5,-0.09402676506993313
"[""Wnt1"",""Fzd8_Lrp6""]",0.5,-0.09549929996601425
"[""Wnt1"",""Fzd9_Lrp5""]",0.5,-0.019775524632028807
"[""Wnt1"",""Fzd9_Lrp6""]",0.5,-0.024595733422407062
"[""Wnt10a"",""Fzd10_Lrp5""]",0.5,-0.005647644732500456
"[""Wnt10a"",""Fzd10_Lrp6""]",0.5,-0.012870629053152283
"[""Wnt10a"",""Fzd1_Lrp5""]",0.5,-0.04698101724817616
"[""Wnt10a"",""Fzd1_Lrp6""]",0.5,0.0052098450373739835
"[""Wnt10a"",""Fzd2_Lrp5""]",0.5,-0.0471337423634447
"[""Wnt10a"",""Fzd2_Lrp6""]",0.5,-0.012505230578995663
"[""Wnt10a"",""Fzd3_Lrp5""]",0.5,-0.0471337423634447
"[""Wnt10a"",""Fzd3_Lrp6""]",0.5,0.06549648680686349
"[""Wnt10a"",""Fzd4_Lrp5""]",0.5,-0.021035728042606783
"[""Wnt10a"",""Fzd4_Lrp6""]",0.5,-0.02105732753159184
"[""Wnt10a"",""Fzd5_Lrp5""]",0.5,0.02309705187593536
"[""Wnt10a"",""Fzd5_Lrp6""]",0.5,0.02309705187593536
"[""Wnt10a"",""Fzd6_Lrp5""]",0.5,0.056506739943714135
"[""Wnt10a"",""Fzd6_Lrp6""]",0.5,0.056546780276587216
"[""Wnt10a"",""Fzd7_Lrp5""]",0.5,-0.047083378770970796
"[""Wnt10a"",""Fzd7_Lrp6""]",0.5,-0.032570600955398765
"[""Wnt10a"",""Fzd8_Lrp5""]",0.5,-0.015604105424482984
"[""Wnt10a"",""Fzd8_Lrp6""]",0.5,-0.018658568210820348
"[""Wnt10a"",""Fzd9_Lrp5""]",0.5,0.08438467634158076
"[""Wnt10a"",""Fzd9_Lrp6""]",0.5,0.0805522341487237
"[""Wnt10b"",""Fzd10_Lrp5""]",0.5,0.05893279166558596
"[""Wnt10b"",""Fzd10_Lrp6""]",0.5,0.04767456762078115
"[""Wnt10b"",""Fzd1_Lrp5""]",0.5,0.017893557384414116
"[""Wnt10b"",""Fzd1_Lrp6""]",0.5,0.07970066551268074
"[""Wnt10b"",""Fzd2_Lrp5""]",0.5,0.017571988344730727
"[""Wnt10b"",""Fzd2_Lrp6""]",0.5,0.05909167128676385
"[""Wnt10b"",""Fzd3_Lrp5""]",0.5,0.017571988344730727
"[""Wnt10b"",""Fzd3_Lrp6""]",0.5,0.15860161242010895
"[""Wnt10b"",""Fzd4_Lrp5""]",0.5,0.059619387119119516
"[""Wnt10b"",""Fzd4_Lrp6""]",0.5,0.05973793429595442
"[""Wnt10b"",""Fzd5_Lrp5""]",0.5,0.1295976420898326
"[""Wnt10b"",""Fzd5_Lrp6""]",0.5,0.1295976420898326
"[""Wnt10b"",""Fzd6_Lrp5""]",0.5,0.1511008100738246
"[""Wnt10b"",""Fzd6_Lrp6""]",0.5,0.16364898693096597
"[""Wnt10b"",""Fzd7_Lrp5""]",0.5,0.017773127990935667
"[""Wnt10b"",""Fzd7_Lrp6""]",0.5,0.03437048385011743
"[""Wnt10b"",""Fzd8_Lrp5""]",0.5,0.06573417029697726
"[""Wnt10b"",""Fzd8_Lrp6""]",0.5,0.06113885894297255
"[""Wnt10b"",""Fzd9_Lrp5""]",0.5,0.19916308854146403
"[""Wnt10b"",""Fzd9_Lrp6""]",0.5,0.19502016488657536
"[""Wnt11"",""Fzd1""]",0.5,-0.12912503255377789
"[""Wnt11"",""Fzd10""]",0.5,-0.11348928125075447
"[""Wnt11"",""Fzd2""]",0.5,-0.1368224012965517
"[""Wnt11"",""Fzd3""]",0.5,-0.07322648198634785
"[""Wnt11"",""Fzd4""]",0.5,-0.15368231310854286
"[""Wnt11"",""Fzd5""]",0.5,-0.1148828891394143
"[""Wnt11"",""Fzd6""]",0.5,-0.06523564865263431
"[""Wnt11"",""Fzd7""]",0.5,-0.1589811531007529
"[""Wnt11"",""Fzd8""]",0.5,-0.15541479058674262
"[""Wnt11"",""Fzd9""]",0.5,-0.0929641161178596
"[""Wnt16"",""Fzd10_Lrp5""]",0.5,-0.1488006731750049
"[""Wnt16"",""Fzd10_Lrp6""]",0.5,-0.1474560262608236
"[""Wnt16"",""Fzd1_Lrp5""]",0.5,-0.20450648663844195
"[""Wnt16"",""Fzd1_Lrp6""]",0.5,-0.16270249011476318
"[""Wnt16"",""Fzd2_Lrp5""]",0.5,-0.20458206435005954
"[""Wnt16"",""Fzd2_Lrp6""]",0.5,-0.1882229012288048
"[""Wnt16"",""Fzd3_Lrp5""]",0.5,-0.20458206435005954
"[""Wnt16"",""Fzd3_Lrp6""]",0.5,-0.1109951638021962
"[""Wnt16"",""Fzd4_Lrp5""]",0.5,-0.18550981240593517
"[""Wnt16"",""Fzd4_Lrp6""]",0.5,-0.185538176075562
"[""Wnt16"",""Fzd5_Lrp5""]",0.5,-0.15063430078787843
"[""Wnt16"",""Fzd5_Lrp6""]",0.5,-0.15063430078787843
"[""Wnt16"",""Fzd6_Lrp5""]",0.5,-0.1012793130632737
"[""Wnt16"",""Fzd6_Lrp6""]",0.5,-0.10297961478348228
"[""Wnt16"",""Fzd7_Lrp5""]",0.5,-0.2045472720387833
"[""Wnt16"",""Fzd7_Lrp6""]",0.5,-0.18991471742612503
"[""Wnt16"",""Fzd8_Lrp5""]",0.5,-0.18629410759342357
"[""Wnt16"",""Fzd8_Lrp6""]",0.5,-0.1871755714099802
"[""Wnt16"",""Fzd9_Lrp5""]",0.5,-0.1300577604088441
"[""Wnt16"",""Fzd9_Lrp6""]",0.5,-0.1307101729271991
"[""Wnt2"",""Fzd10_Lrp5""]",0.5,-0.10264779322624179
"[""Wnt2"",""Fzd10_Lrp6""]",0.5,-0.10166368126523251
"[""Wnt2"",""Fzd1_Lrp5""]",0.5,-0.1472844464856971
"[""Wnt2"",""Fzd1_Lrp6""]",0.5,-0.10153170675729117
"[""Wnt2"",""Fzd2_Lrp5""]",0.5,-0.1476130879356778
"[""Wnt2"",""Fzd2_Lrp6""]",0.5,-0.1318492650006048
"[""Wnt2"",""Fzd3_Lrp5""]",0.5,-0.1476130879356778
"[""Wnt2"",""Fzd3_Lrp6""]",0.5,-0.04671562442958899
"[""Wnt2"",""Fzd4_Lrp5""]",0.5,-0.12343119574035549
"[""Wnt2"",""Fzd4_Lrp6""]",0.5,-0.12351213365489266
"[""Wnt2"",""Fzd5_Lrp5""]",0.5,-0.0828640039324684
"[""Wnt2"",""Fzd5_Lrp6""]",0.5,-0.0828640039324684
"[""Wnt2"",""Fzd6_Lrp5""]",0.5,-0.045868148300785117
"[""Wnt2"",""Fzd6_Lrp6""]",0.5,-0.048799931050343526
"[""Wnt2"",""Fzd7_Lrp5""]",0.5,-0.14740071735071453
"[""Wnt2"",""Fzd7_Lrp6""]",0.5,-0.13373893723843933
"[""Wnt2"",""Fzd8_Lrp5""]",0.5,-0.12204114725292448
"[""Wnt2"",""Fzd8_Lrp6""]",0.5,-0.12362886918098442
"[""Wnt2"",""Fzd9_Lrp5""]",0.5,-0.03904021948538272
"[""Wnt2"",""Fzd9_Lrp6""]",0.5,-0.040561139602983354
"[""Wnt2b"",""Fzd10_Lrp5""]",0.5,-0.11823646444613078
"[""Wnt2b"",""Fzd10_Lrp6""]",0.5,-0.11625943959333096
"[""Wnt2b"",""Fzd1_Lrp5""]",0.5,-0.1739693628316839
"[""Wnt2b"",""Fzd1_Lrp6""]",0.5,-0.13006786339715404
"[""Wnt2b"",""Fzd2_Lrp5""]",0.5,-0.1741309982602564
"[""Wnt2b"",""Fzd2_Lrp6""]",0.5,-0.15625320315213637
"[""Wnt2b"",""Fzd3_Lrp5""]",0.5,-0.1741309982602564
"[""Wnt2b"",""Fzd3_Lrp6""]",0.5,-0.07497942080259323
"[""Wnt2b"",""Fzd4_Lrp5""]",0.5,-0.15470667177291575
"[""Wnt2b"",""Fzd4_Lrp6""]",0.5,-0.15475524820016018
"[""Wnt2b"",""Fzd5_Lrp5""]",0.5,-0.11559714049329867
"[""Wnt2b"",""Fzd5_Lrp6""]",0.5,-0.11559714049329867
"[""Wnt2b"",""Fzd6_Lrp5""]",0.5,-0.06578477005901817
"[""Wnt2b"",""Fzd6_Lrp6""]",0.5,-0.0684668406772474
"[""Wnt2b"",""Fzd7_Lrp5""]",0.5,-0.17404255215271108
"[""Wnt2b"",""Fzd7_Lrp6""]",0.5,-0.15947009734992545
"[""Wnt2b"",""Fzd8_Lrp5""]",0.5,-0.15448517654455568
"[""Wnt2b"",""Fzd8_Lrp6""]",0.5,-0.15577589760254829
"[""Wnt2b"",""Fzd9_Lrp5""]",0.5,-0.08968458848453686
"[""Wnt2b"",""Fzd9_Lrp6""]",0.5,-0.09162260069846828
"[""Wnt3"",""Fzd10_Lrp5""]",0.5,-0.04272716405327537
"[""Wnt3"",""Fzd10_Lrp6""]",0.5,-0.05116449642909504
"[""Wnt3"",""Fzd1_Lrp5""]",0.5,-0.07522952152871809
"[""Wnt3"",""Fzd1_Lrp6""]",0.5,-0.02740452847263486
"[""Wnt3"",""Fzd2_Lrp5""]",0.5,-0.07544817953724414
"[""Wnt3"",""Fzd2_Lrp6""]",0.5,-0.03995444857501218
"[""Wnt3"",""Fzd3_Lrp5""]",0.5,-0.07544817953724414
"[""Wnt3"",""Fzd3_Lrp6""]",0.5,0.021760188042395656
"[""Wnt3"",""Fzd4_Lrp5""]",0.5,-0.041091945612536374
"[""Wnt3"",""Fzd4_Lrp6""]",0.5,-0.041117301335415024
"[""Wnt3"",""Fzd5_Lrp5""]",0.5,-0.01684103117511704
"[""Wnt3"",""Fzd5_Lrp6""]",0.5,-0.01684103117511704
"[""Wnt3"",""Fzd6_Lrp5""]",0.5,0.031113671792795228
"[""Wnt3"",""Fzd6_Lrp6""]",0.5,0.030515535033129315
"[""Wnt3"",""Fzd7_Lrp5""]",0.5,-0.07527716061426637
"[""Wnt3"",""Fzd7_Lrp6""]",0.5,-0.059547396363980654
"[""Wnt3"",""Fzd8_Lrp5""]",0.5,-0.040010474161455756
"[""Wnt3"",""Fzd8_Lrp6""]",0.5,-0.04238594975914456
"[""Wnt3"",""Fzd9_Lrp5""]",0.5,0.03183844249921253
"[""Wnt3"",""Fzd9_Lrp6""]",0.5,0.02545879188629785
"[""Wnt3a"",""Fzd10_Lrp5""]",0.5,-0.0850719382919245
"[""Wnt3a"",""Fzd10_Lrp6""]",0.5,-0.08922215033458036
"[""Wnt3a"",""Fzd1_Lrp5""]",0.5,-0.11026928028282901
"[""Wnt3a"",""Fzd1_Lrp6""]",0.5,-0.06636944644427645
"[""Wnt3a"",""Fzd2_Lrp5""]",0.5,-0.1108990302930904
"[""Wnt3a"",""Fzd2_Lrp6""]",0.5,-0.07808625456149809
"[""Wnt3a"",""Fzd3_Lrp5""]",0.5,-0.1108990302930904
"[""Wnt3a"",""Fzd3_Lrp6""]",0.5,-0.026013555745293515
"[""Wnt3a"",""Fzd4_Lrp5""]",0.5,-0.08162860808461425
"[""Wnt3a"",""Fzd4_Lrp6""]",0.5,-0.08166767490269633
"[""Wnt3a"",""Fzd5_Lrp5""]",0.5,-0.054202965303467576
"[""Wnt3a"",""Fzd5_Lrp6""]",0.5,-0.054202965303467576
"[""Wnt3a"",""Fzd6_Lrp5""]",0.5,-0.031613999729071085
"[""Wnt3a"",""Fzd6_Lrp6""]",0.5,-0.034271303806033604
"[""Wnt3a"",""Fzd7_Lrp5""]",0.5,-0.11023409682880841
"[""Wnt3a"",""Fzd7_Lrp6""]",0.5,-0.09778990803364063
"[""Wnt3a"",""Fzd8_Lrp5""]",0.5,-0.07772242219344472
"[""Wnt3a"",""Fzd8_Lrp6""]",0.5,-0.07944611137671509
"[""Wnt3a"",""Fzd9_Lrp5""]",0.5,-0.0025348023563916966
"[""Wnt3a"",""Fzd9_Lrp6""]",0.5,-0.007155473222956177
"[""Wnt4"",""Fzd10_Lrp5""]",0.5,-0.02724927299823876
"[""Wnt4"",""Fzd10_Lrp6""]",0.5,-0.0304166364384838
"[""Wnt4"",""Fzd1_Lrp5""]",0.5,-0.06341728651274348
"[""Wnt4"",""Fzd1_Lrp6""]",0.5,-0.016384596765986803
"[""Wnt4"",""Fzd2_Lrp5""]",0.5,-0.06372769973084835
"[""Wnt4"",""Fzd2_Lrp6""]",0.5,-0.03326514422856164
"[""Wnt4"",""Fzd3_Lrp5""]",0.5,-0.06372769973084835
"[""Wnt4"",""Fzd3_Lrp6""]",0.5,0.043774763031414254
"[""Wnt4"",""Fzd4_Lrp5""]",0.5,-0.03726654894609194
"[""Wnt4"",""Fzd4_Lrp6""]",0.5,-0.03730472570413712
"[""Wnt4"",""Fzd5_Lrp5""]",0.5,0.005263448860689857
"[""Wnt4"",""Fzd5_Lrp6""]",0.5,0.005263448860689857
"[""Wnt4"",""Fzd6_Lrp5""]",0.5,0.028578898801907338
"[""Wnt4"",""Fzd6_Lrp6""]",0.5,0.026895255757844905
"[""Wnt4"",""Fzd7_Lrp5""]",0.5,-0.06351151188987836
"[""Wnt4"",""Fzd7_Lrp6""]",0.5,-0.05253326434144545
"[""Wnt4"",""Fzd8_Lrp5""]",0.5,-0.026515125697009312
"[""Wnt4"",""Fzd8_Lrp6""]",0.5,-0.029449258915587584
"[""Wnt4"",""Fzd9_Lrp5""]",0.5,0.09233955103972835
"[""Wnt4"",""Fzd9_Lrp6""]",0.5,0.08768722052114686
"[""Wnt5a"",""Fzd1""]",0.5,-0.10800504433509006
"[""Wnt5a"",""Fzd10""]",0.5,-0.08991477272208293
"[""Wnt5a"",""Fzd2""]",0.5,-0.11548126925547553
"[""Wnt5a"",""Fzd3""]",0.5,-0.0580792070909274
"[""Wnt5a"",""Fzd4""]",0.5,-0.1346915537245199
"[""Wnt5a"",""Fzd5""]",0.5,-0.0907454083025595
"[""Wnt5a"",""Fzd6""]",0.5,-0.039014318617701216
"[""Wnt5a"",""Fzd7""]",0.5,-0.13748166128020356
"[""Wnt5a"",""Fzd8""]",0.5,-0.13567443996710182
"[""Wnt5a"",""Fzd9""]",0.5,-0.07185716508232243
"[""Wnt5a"",""Mcam""]",0.5,-0.07080506873613246
"[""Wnt5b"",""Fzd1""]",0.5,-0.14175016780699629
"[""Wnt5b"",""Fzd10""]",0.5,-0.12756804368619518
"[""Wnt5b"",""Fzd2""]",0.5,-0.14955251888215176
"[""Wnt5b"",""Fzd3""]",0.5,-0.09000411024270272
"[""Wnt5b"",""Fzd4""]",0.5,-0.16530194874295673
"[""Wnt5b"",""Fzd5""]",0.5,-0.12842831326976734
"[""Wnt5b"",""Fzd6""]",0.5,-0.07932276965041607
"[""Wnt5b"",""Fzd7""]",0.5,-0.1705111836831723
"[""Wnt5b"",""Fzd8""]",0.5,-0.16729570781678538
"[""Wnt5b"",""Fzd9""]",0.5,-0.10912376480354613
"[""Wnt6"",""Fzd10_Lrp5""]",0.5,-0.02748427274586762
"[""Wnt6"",""Fzd10_Lrp6""]",0.5,-0.030679751913984643
"[""Wnt6"",""Fzd1_Lrp5""]",0.5,-0.05823009464834561
"[""Wnt6"",""Fzd1_Lrp6""]",0.5,-0.010303384826911177
"[""Wnt6"",""Fzd2_Lrp5""]",0.5,-0.058505395434034546
"[""Wnt6"",""Fzd2_Lrp6""]",0.5,-0.025133948945542106
"[""Wnt6"",""Fzd3_Lrp5""]",0.5,-0.058505395434034546
"[""Wnt6"",""Fzd3_Lrp6""]",0.5,0.04531341737401451
"[""Wnt6"",""Fzd4_Lrp5""]",0.5,-0.03169038961712167
"[""Wnt6"",""Fzd4_Lrp6""]",0.5,-0.03172534649490255
"[""Wnt6"",""Fzd5_Lrp5""]",0.5,0.0173201045079856
"[""Wnt6"",""Fzd5_Lrp6""]",0.5,0.0173201045079856
"[""Wnt6"",""Fzd6_Lrp5""]",0.5,0.025438735991701655
"[""Wnt6"",""Fzd6_Lrp6""]",0.5,0.02369008178663201
"[""Wnt6"",""Fzd7_Lrp5""]",0.5,-0.058330331563211546
"[""Wnt6"",""Fzd7_Lrp6""]",0.5,-0.04659476860541856
"[""Wnt6"",""Fzd8_Lrp5""]",0.5,-0.020587004068742587
"[""Wnt6"",""Fzd8_Lrp6""]",0.5,-0.023618093104652793
"[""Wnt6"",""Fzd9_Lrp5""]",0.5,0.09053496280647555
"[""Wnt6"",""Fzd9_Lrp6""]",0.5,0.08646680587896083
"[""Wnt7a"",""Fzd10_Lrp5""]",0.5,0.03870549390699185
"[""Wnt7a"",""Fzd10_Lrp6""]",0.5,0.015117604168005117
"[""Wnt7a"",""Fzd1_Lrp5""]",0.5,0.023760180628627947
"[""Wnt7a"",""Fzd1_Lrp6""]",0.5,0.07697461772974157
"[""Wnt7a"",""Fzd2_Lrp5""]",0.5,0.02314673540423584
"[""Wnt7a"",""Fzd2_Lrp6""]",0.5,0.0723138850764865
"[""Wnt7a"",""Fzd3_Lrp5""]",0.5,0.02314673540423584
"[""Wnt7a"",""Fzd3_Lrp6""]",0.5,0.12586785230267128
"[""Wnt7a"",""Fzd4_Lrp5""]",0.5,0.08255607111813879
"[""Wnt7a"",""Fzd4_Lrp6""]",0.5,0.08264913032877352
"[""Wnt7a"",""Fzd5_Lrp5""]",0.5,0.09895214741622171
"[""Wnt7a"",""Fzd5_Lrp6""]",0.5,0.09895214741622171
"[""Wnt7a"",""Fzd6_Lrp5""]",0.5,0.16072194097725445
"[""Wnt7a"",""Fzd6_Lrp6""]",0.5,0.16877337392382752
"[""Wnt7a"",""Fzd7_Lrp5""]",0.5,0.0237485756462974
"[""Wnt7a"",""Fzd7_Lrp6""]",0.5,0.04281320908338204
"[""Wnt7a"",""Fzd8_Lrp5""]",0.5,0.06992715135155925
"[""Wnt7a"",""Fzd8_Lrp6""]",0.5,0.0662953437330348
"[""Wnt7a"",""Fzd9_Lrp5""]",0.5,0.1466274871313813
"[""Wnt7a"",""Fzd9_Lrp6""]",0.5,0.13516332406721998
"[""Wnt7b"",""Fzd10_Lrp5""]",0.5,0.003649450980790392
"[""Wnt7b"",""Fzd10_Lrp6""]",0.5,-0.01842216085094006
"[""Wnt7b"",""Fzd1_Lrp5""]",0.5,-0.012172034501600315
"[""Wnt7b"",""Fzd1_Lrp6""]",0.5,0.03802505820222957
"[""Wnt7b"",""Fzd2_Lrp5""]",0.5,-0.01265068524909263
"[""Wnt7b"",""Fzd2_Lrp6""]",0.5,0.03538051913703677
"[""Wnt7b"",""Fzd3_Lrp5""]",0.5,-0.01265068524909263
"[""Wnt7b"",""Fzd3_Lrp6""]",0.5,0.08017837650407234
"[""Wnt7b"",""Fzd4_Lrp5""]",0.5,0.03731861759039168
"[""Wnt7b"",""Fzd4_Lrp6""]",0.5,0.03735377549176788
"[""Wnt7b"",""Fzd5_Lrp5""]",0.5,0.043263839503970614
"[""Wnt7b"",""Fzd5_Lrp6""]",0.5,0.043263839503970614
"[""Wnt7b"",""Fzd6_Lrp5""]",0.5,0.11081459988237397
"[""Wnt7b"",""Fzd6_Lrp6""]",0.5,0.11380066460362115
"[""Wnt7b"",""Fzd7_Lrp5""]",0.5,-0.01220612609944527
"[""Wnt7b"",""Fzd7_Lrp6""]",0.5,0.005672624750710176
"[""Wnt7b"",""Fzd8_Lrp5""]",0.5,0.02461992623192888
"[""Wnt7b"",""Fzd8_Lrp6""]",0.5,0.021619982755467615
"[""Wnt7b"",""Fzd9_Lrp5""]",0.5,0.09412056813737102
"[""Wnt7b"",""Fzd9_Lrp6""]",0.5,0.08405817028827378
"[""Wnt8a"",""Fzd10_Lrp5""]",0.5,-0.14473546881892208
"[""Wnt8a"",""Fzd10_Lrp6""]",0.5,-0.1438956606135065
"[""Wnt8a"",""Fzd1_Lrp5""]",0.5,-0.18942455613202003
"[""Wnt8a"",""Fzd1_Lrp6""]",0.5,-0.1458376907606791
"[""Wnt8a"",""Fzd2_Lrp5""]",0.5,-0.1898419032404542
"[""Wnt8a"",""Fzd2_Lrp6""]",0.5,-0.1684689948833329
"[""Wnt8a"",""Fzd3_Lrp5""]",0.5,-0.1898419032404542
"[""Wnt8a"",""Fzd3_Lrp6""]",0.5,-0.10738004097122184
"[""Wnt8a"",""Fzd4_Lrp5""]",0.5,-0.1724298442325391
"[""Wnt8a"",""Fzd4_Lrp6""]",0.5,-0.1724748287140654
"[""Wnt8a"",""Fzd5_Lrp5""]",0.5,-0.13040569968611943
"[""Wnt8a"",""Fzd5_Lrp6""]",0.5,-0.13040569968611943
"[""Wnt8a"",""Fzd6_Lrp5""]",0.5,-0.09670495317365546
"[""Wnt8a"",""Fzd6_Lrp6""]",0.5,-0.09918094681512218
"[""Wnt8a"",""Fzd7_Lrp5""]",0.5,-0.1894653639248231
"[""Wnt8a"",""Fzd7_Lrp6""]",0.5,-0.1755975590541401
"[""Wnt8a"",""Fzd8_Lrp5""]",0.5,-0.1740261099516574
"[""Wnt8a"",""Fzd8_Lrp6""]",0.5,-0.1747685720285378
"[""Wnt8a"",""Fzd9_Lrp5""]",0.5,-0.1114066901506357
"[""Wnt8a"",""Fzd9_Lrp6""]",0.5,-0.1136034262301458
"[""Wnt8b"",""Fzd10_Lrp5""]",0.5,-0.12378099975152368
"[""Wnt8b"",""Fzd10_Lrp6""]",0.5,-0.12446442331394197
"[""Wnt8b"",""Fzd1_Lrp5""]",0.5,-0.16654624037026067
"[""Wnt8b"",""Fzd1_Lrp6""]",0.5,-0.11938103748619888
"[""Wnt8b"",""Fzd2_Lrp5""]",0.5,-0.16685066967349177
"[""Wnt8b"",""Fzd2_Lrp6""]",0.5,-0.13964391866701553
"[""Wnt8b"",""Fzd3_Lrp5""]",0.5,-0.16685066967349177
"[""Wnt8b"",""Fzd3_Lrp6""]",0.5,-0.08166395978186458
"[""Wnt8b"",""Fzd4_Lrp5""]",0.5,-0.14553865240336472
"[""Wnt8b"",""Fzd4_Lrp6""]",0.5,-0.14556638299122265
"[""Wnt8b"",""Fzd5_Lrp5""]",0.5,-0.11640863266331875
"[""Wnt8b"",""Fzd5_Lrp6""]",0.5,-0.11640863266331875
"[""Wnt8b"",""Fzd6_Lrp5""]",0.5,-0.06307831223007887
"[""Wnt8b"",""Fzd6_Lrp6""]",0.5,-0.06569928400389091
"[""Wnt8b"",""Fzd7_Lrp5""]",0.5,-0.1665547997589809
"[""Wnt8b"",""Fzd7_Lrp6""]",0.5,-0.15072889637173958
"[""Wnt8b"",""Fzd8_Lrp5""]",0.5,-0.14788307090544467
"[""Wnt8b"",""Fzd8_Lrp6""]",0.5,-0.14874579844918306
"[""Wnt8b"",""Fzd9_Lrp5""]",0.5,-0.08397071704686931
"[""Wnt8b"",""Fzd9_Lrp6""]",0.5,-0.08908995396491881
"[""Wnt9a"",""Fzd10_Lrp5""]",0.5,-0.11807773281085299
"[""Wnt9a"",""Fzd10_Lrp6""]",0.5,-0.1158850271842955
"[""Wnt9a"",""Fzd1_Lrp5""]",0.5,-0.171504379047487
"[""Wnt9a"",""Fzd1_Lrp6""]",0.5,-0.12636259338206168
"[""Wnt9a"",""Fzd2_Lrp5""]",0.5,-0.1716308179564574
"[""Wnt9a"",""Fzd2_Lrp6""]",0.5,-0.15257436926005208
"[""Wnt9a"",""Fzd3_Lrp5""]",0.5,-0.1716308179564574
"[""Wnt9a"",""Fzd3_Lrp6""]",0.5,-0.07296520955073627
"[""Wnt9a"",""Fzd4_Lrp5""]",0.5,-0.15225475754713774
"[""Wnt9a"",""Fzd4_Lrp6""]",0.5,-0.15229567013190515
"[""Wnt9a"",""Fzd5_Lrp5""]",0.5,-0.11347676340074137
"[""Wnt9a"",""Fzd5_Lrp6""]",0.5,-0.11347676340074137
"[""Wnt9a"",""Fzd6_Lrp5""]",0.5,-0.06655769117830768
"[""Wnt9a"",""Fzd6_Lrp6""]",0.5,-0.06915650181536415
"[""Wnt9a"",""Fzd7_Lrp5""]",0.5,-0.17156853652133175
"[""Wnt9a"",""Fzd7_Lrp6""]",0.5,-0.1564612440132348
"[""Wnt9a"",""Fzd8_Lrp5""]",0.5,-0.15193036893118922
"[""Wnt9a"",""Fzd8_Lrp6""]",0.5,-0.15323500774662957
"[""Wnt9a"",""Fzd9_Lrp5""]",0.5,-0.08611435115627852
"[""Wnt9a"",""Fzd9_Lrp6""]",0.5,-0.08798877823476137
"[""Wnt9b"",""Fzd10_Lrp5""]",0.5,-0.07278865698597992
"[""Wnt9b"",""Fzd10_Lrp6""]",0.5,-0.07509890065017089
"[""Wnt9b"",""Fzd1_Lrp5""]",0.5,-0.12411613722391246
"[""Wnt9b"",""Fzd1_Lrp6""]",0.5,-0.07703072796825039
"[""Wnt9b"",""Fzd2_Lrp5""]",0.5,-0.12432992558187755
"[""Wnt9b"",""Fzd2_Lrp6""]",0.5,-0.09746683535772727
"[""Wnt9b"",""Fzd3_Lrp5""]",0.5,-0.12432992558187755
"[""Wnt9b"",""Fzd3_Lrp6""]",0.5,-0.02345244622506959
"[""Wnt9b"",""Fzd4_Lrp5""]",0.5,-0.10345713936631129
"[""Wnt9b"",""Fzd4_Lrp6""]",0.5,-0.10351503058096456
"[""Wnt9b"",""Fzd5_Lrp5""]",0.5,-0.06791324677817812
"[""Wnt9b"",""Fzd5_Lrp6""]",0.5,-0.06791324677817812
"[""Wnt9b"",""Fzd6_Lrp5""]",0.5,-0.02364398267516543
"[""Wnt9b"",""Fzd6_Lrp6""]",0.5,-0.02597614258274583
"[""Wnt9b"",""Fzd7_Lrp5""]",0.5,-0.12417579711807042
"[""Wnt9b"",""Fzd7_Lrp6""]",0.5,-0.10965162657542293
"[""Wnt9b"",""Fzd8_Lrp5""]",0.5,-0.10081447722279041
"[""Wnt9b"",""Fzd8_Lrp6""]",0.5,-0.10249497241446232
"[""Wnt9b"",""Fzd9_Lrp5""]",0.5,-0.026442388852207954
"[""Wnt9b"",""Fzd9_Lrp6""]",0.5,-0.028645868956676535
"[""Adcyap1"",""Adcyap1r1""]",1.0,-0.043569511240452496
"[""Adgre5"",""Cd55b""]",1.0,-0.09909930050589197
"[""Adipoq"",""Adipor1""]",1.0,-0.10109454148268934
"[""Adipoq"",""Adipor2""]",1.0,-0.10111264283991911
"[""Adm"",""Calcr""]",1.0,-0.09210211288463854
"[""Adm"",""Calcrl""]",1.0,-0.09319045926281813
"[""Agrn"",""Dag1""]",1.0,-0.10095312212840252
"[""Agt"",""Agtr1a""]",1.0,-0.14733339203372142
"[""Agt"",""Agtr1b""]",1.0,-0.18750280151550902
"[""Agt"",""Mas1""]",1.0,-0.12395826088852668
"[""Alcam"",""Cd6""]",1.0,-0.09888839133550922
"[""Amh"",""Amhr2_Acvr1""]",1.0,-0.0896028978010488
"[""Amh"",""Amhr2_Bmpr1a""]",1.0,-0.0896028978010488
"[""Angpt1"",""Tek""]",1.0,-0.0964168697539679
"[""Angpt2"",""Itga5_Itgb1""]",1.0,-0.09331789689131775
"[""Angpt2"",""Tek""]",1.0,-0.09757574007795322
"[""Angptl1"",""Itga1_Itgb1""]",1.0,-0.09178129940094215
"[""Angptl1"",""Pirb""]",1.0,-0.09275906676624385
"[""Angptl2"",""Itga5_Itgb1""]",1.0,-0.09028633443313969
"[""Angptl2"",""Pirb""]",1.0,-0.09676388161197896
"[""Angptl2"",""Tlr4""]",1.0,-0.09673686795495473
"[""Angptl3"",""Itgav_Itgb3""]",1.0,-0.12325361066140222
"[""Angptl4"",""Cdh11""]",1.0,-0.0865861262932221
"[""Angptl4"",""Cdh5""]",1.0,-0.09307299311610778
"[""Angptl4"",""Itga5_Itgb1""]",1.0,-0.09211028782376204
"[""Angptl4"",""Itgav_Itgb3""]",1.0,-0.09753120973650514
"[""Angptl4"",""Sdc1""]",1.0,-0.09184124512904082
"[""Angptl4"",""Sdc2""]",1.0,-0.09138387567097073
"[""Angptl4"",""Sdc3""]",1.0,-0.0949337976227631
"[""Angptl4"",""Sdc4""]",1.0,-0.09645176186199933
"[""Angptl7"",""Pirb""]",1.0,-0.09256556510566438
"[""Anxa1"",""Fpr1""]",1.0,-0.11419893055587393
"[""Anxa1"",""Fpr2""]",1.0,-0.14691976662164663
"[""Anxa1"",""Fpr2_Fpr3""]",1.0,-0.14691976662164663
"[""Apela"",""Aplnr""]",1.0,-0.09210338017607761
"[""Apln"",""Aplnr""]",1.0,-0.0924350939431452
"[""App"",""Cd74""]",1.0,-0.09462867886111992
"[""Areg"",""Egfr""]",1.0,-0.11003116296827697
"[""Areg"",""Egfr_Erbb2""]",1.0,-0.10419775375990564
"[""Artn"",""Gfra1_Ret""]",1.0,-0.12609009371009716
"[""Artn"",""Gfra3_Ret""]",1.0,-0.10531830784694449
"[""Avp"",""Avpr1a""]",1.0,-0.061468470058323565
"[""Bdnf"",""Ntrk2""]",1.0,-0.0989008567939588
"[""Bmp10"",""Acvrl1_Acvr2a""]",1.0,-0.10464778868963887
"[""Bmp10"",""Acvrl1_Bmpr2""]",1.0,-0.10464778868963887
"[""Bmp2"",""Bmpr1a_Acvr2a""]",1.0,-0.09294824359884735
"[""Bmp2"",""Bmpr1a_Acvr2b""]",1.0,-0.09278229348232392
"[""Bmp2"",""Bmpr1a_Bmpr2""]",1.0,-0.09042706782768645
"[""Bmp2"",""Bmpr1b_Acvr2a""]",1.0,-0.09250863839896645
"[""Bmp2"",""Bmpr1b_Acvr2b""]",1.0,-0.09316516527906937
"[""Bmp2"",""Bmpr1b_Bmpr2""]",1.0,-0.08790499558755435
"[""Bmp4"",""Bmpr1a_Acvr2a""]",1.0,-0.0901427580373827
"[""Bmp4"",""Bmpr1a_Acvr2b""]",1.0,-0.08971213031503336
"[""Bmp4"",""Bmpr1a_Bmpr2""]",1.0,-0.08686397184107925
"[""Bmp4"",""Bmpr1b_Acvr2a""]",1.0,-0.0913447683177959
"[""Bmp4"",""Bmpr1b_Acvr2b""]",1.0,-0.08983923902878574
"[""Bmp4"",""Bmpr1b_Bmpr2""]",1.0,-0.0818332835955223
"[""Bmp5"",""Acvr1_Acvr2a""]",1.0,-0.08815460154896695
"[""Bmp5"",""Acvr1_Acvr2b""]",1.0,-0.09033784770527728
"[""Bmp5"",""Acvr1_Bmpr2""]",1.0,-0.08628740758094128
"[""Bmp5"",""Bmpr1a_Acvr2a""]",1.0,-0.0907962735582524
"[""Bmp5"",""Bmpr1a_Acvr2b""]",1.0,-0.09024604395590485
"[""Bmp5"",""Bmpr1a_Bmpr2""]",1.0,-0.08730446584608403
"[""Bmp5"",""Bmpr1b_Acvr2a""]",1.0,-0.0913393364925622
"[""Bmp5"",""Bmpr1b_Acvr2b""]",1.0,-0.09044963978786605
"[""Bmp5"",""Bmpr1b_Bmpr2""]",1.0,-0.08289076675312106
"[""Bmp6"",""Acvr1_Acvr2a""]",1.0,-0.09492010757327204
"[""Bmp6"",""Acvr1_Acvr2b""]",1.0,-0.09723094415605518
"[""Bmp6"",""Acvr1_Bmpr2""]",1.0,-0.093163756538159
"[""Bmp6"",""Bmpr1a_Acvr2a""]",1.0,-0.09764423047801929
"[""Bmp6"",""Bmpr1a_Acvr2b""]",1.0,-0.09647009754726873
"[""Bmp6"",""Bmpr1a_Bmpr2""]",1.0,-0.0938145226603965
"[""Bmp6"",""Bmpr1b_Acvr2a""]",1.0,-0.09842772000220493
"[""Bmp6"",""Bmpr1b_Acvr2b""]",1.0,-0.0972455923263339
"[""Bmp6"",""Bmpr1b_Bmpr2""]",1.0,-0.09055932213331322
"[""Bmp7"",""Acvr1_Acvr2a""]",1.0,-0.09369870448868206
"[""Bmp7"",""Acvr1_Acvr2b""]",1.0,-0.09536656243072922
"[""Bmp7"",""Acvr1_Bmpr2""]",1.0,-0.09203486970994917
"[""Bmp7"",""Bmpr1a_Acvr2a""]",1.0,-0.09553327283153501
"[""Bmp7"",""Bmpr1a_Acvr2b""]",1.0,-0.09462133375685458
"[""Bmp7"",""Bmpr1a_Bmpr2""]",1.0,-0.09253260487682485
"[""Bmp7"",""Bmpr1b_Acvr2a""]",1.0,-0.0960467079274065
"[""Bmp7"",""Bmpr1b_Acvr2b""]",1.0,-0.09533449443978545
"[""Bmp7"",""Bmpr1b_Bmpr2""]",1.0,-0.09000482726493494
"[""Bmp8a"",""Acvr1_Acvr2a""]",1.0,-0.09792735500956279
"[""Bmp8a"",""Acvr1_Acvr2b""]",1.0,-0.09912611335263191
"[""Bmp8a"",""Acvr1_Bmpr2""]",1.0,-0.0962788084293899
"[""Bmp8a"",""Bmpr1a_Acvr2a""]",1.0,-0.10047958847171964
"[""Bmp8a"",""Bmpr1a_Acvr2b""]",1.0,-0.09701786457565734
"[""Bmp8a"",""Bmpr1a_Bmpr2""]",1.0,-0.09643363745824232
"[""Bmp8a"",""Bmpr1b_Acvr2a""]",1.0,-0.09761619184916456
"[""Bmp8a"",""Bmpr1b_Acvr2b""]",1.0,-0.0979986810373395
"[""Bmp8a"",""Bmpr1b_Bmpr2""]",1.0,-0.09363372071059112
"[""Bmp8b"",""Acvr1_Acvr2a""]",1.0,-0.09742245620154244
"[""Bmp8b"",""Acvr1_Acvr2b""]",1.0,-0.09898815280360301
"[""Bmp8b"",""Acvr1_Bmpr2""]",1.0,-0.09633530749559033
"[""Bmp8b"",""Bmpr1a_Acvr2a""]",1.0,-0.09727453478597309
"[""Bmp8b"",""Bmpr1a_Acvr2b""]",1.0,-0.09478229218272821
"[""Bmp8b"",""Bmpr1a_Bmpr2""]",1.0,-0.09467099874394186
"[""Bmp8b"",""Bmpr1b_Acvr2a""]",1.0,-0.0924603703482938
"[""Bmp8b"",""Bmpr1b_Acvr2b""]",1.0,-0.09752630848372185
"[""Bmp8b"",""Bmpr1b_Bmpr2""]",1.0,-0.09800980327135525
"[""Btc"",""Egfr""]",1.0,-0.09476108491809782
"[""Btc"",""Egfr_Erbb2""]",1.0,-0.10058168058755695
"[""Btc"",""Erbb2_Erbb4""]",1.0,-0.09733360350155063
"[""Btc"",""Erbb4""]",1.0,-0.09851333735081702
"[""Btla"",""Tnfrsf14""]",1.0,-0.10630788727563667
"[""C3"",""C3ar1""]",1.0,-0.09404129592757926
"[""C3"",""Cr2""]",1.0,-0.14091312817205798
"[""C3"",""Itgam_Itgb2""]",1.0,-0.141213370890509
"[""C3"",""Itgax_Itgb2""]",1.0,-0.16223142357772546
"[""C4b"",""Cr2""]",1.0,-0.12969237237939418
"[""Cadm1"",""Cadm1""]",1.0,-0.10179277788137434
"[""Cadm3"",""Cadm3""]",1.0,0.029206717924315173
"[""Calca"",""Calcr""]",1.0,-0.0977790773342902
"[""Calca"",""Calcrl""]",1.0,-0.08983849321481241
"[""Calcb"",""Calcr""]",1.0,-0.07255526492647157
"[""Calcb"",""Calcrl""]",1.0,-0.09235803625421474
"[""Cck"",""Cckar""]",1.0,-0.09516674880955434
"[""Cck"",""Cckbr""]",1.0,-0.12389493792408501
"[""Ccl1"",""Ackr1""]",1.0,-0.11337665063473912
"[""Ccl1"",""Ackr4""]",1.0,-0.09833289218039232
"[""Ccl11"",""Ackr1""]",1.0,-0.051568035885684815
"[""Ccl11"",""Ackr2""]",1.0,-0.08654649652493607
"[""Ccl12"",""Ccr2""]",1.0,-0.0829030957461997
"[""Ccl17"",""Ackr1""]",1.0,-0.034595752998052065
"[""Ccl17"",""Ackr2""]",1.0,-0.08225955417845537
"[""Ccl17"",""Ccr4""]",1.0,-0.0989350659281669
"[""Ccl2"",""Ackr1""]",1.0,-0.08536937682835488
"[""Ccl2"",""Ackr2""]",1.0,-0.09128315972073797
"[""Ccl2"",""Ccr2""]",1.0,-0.09047993922021075
"[""Ccl20"",""Ccr6""]",1.0,-0.10788027886881946
"[""Ccl22"",""Ackr2""]",1.0,-0.0986809134235892
"[""Ccl22"",""Ccr4""]",1.0,-0.1015906490708128
"[""Ccl24"",""Ackr2""]",1.0,-0.08323103219548733
"[""Ccl25"",""Ackr4""]",1.0,-0.08762265568098668
"[""Ccl25"",""Ccr9""]",1.0,-0.08991348934773022
"[""Ccl27a"",""Ccr10""]",1.0,-0.08498906382033977
"[""Ccl27a"",""Ccr2""]",1.0,-0.06111099069401915
"[""Ccl28"",""Ccr10""]",1.0,-0.10395855000843574
"[""Ccl3"",""Ackr2""]",1.0,-0.07873601670846797
"[""Ccl3"",""Ccr1""]",1.0,-0.08549831010868925
"[""Ccl3"",""Ccr5""]",1.0,-0.08932534819806959
"[""Ccl4"",""Ackr2""]",1.0,-0.07485782164688914
"[""Ccl4"",""Ccr5""]",1.0,-0.08714596629899574
"[""Ccl5"",""Ackr1""]",1.0,-0.031210171220801386
"[""Ccl5"",""Ackr2""]",1.0,-0.08256122785090231
"[""Ccl5"",""Ccr1""]",1.0,-0.08496737344929572
"[""Ccl5"",""Ccr4""]",1.0,-0.09536389392225378
"[""Ccl5"",""Ccr5""]",1.0,-0.08906131442081466
"[""Ccl6"",""Ccr1""]",1.0,-0.0878011542655609
"[""Ccl6"",""Ccr2""]",1.0,-0.09297756377158961
"[""Ccl7"",""Ackr1""]",1.0,-0.08554438376608531
"[""Ccl7"",""Ccr1""]",1.0,-0.0928595970655342
"[""Ccl7"",""Ccr2""]",1.0,-0.09180376751185926
"[""Ccl9"",""Ccr1""]",1.0,-0.08288993673157774
"[""Cd1d1"",""Ceacam5""]",1.0,-0.09848831941377295
"[""Cd200"",""Cd200r1""]",1.0,-0.06931152969969956
"[""Cd200"",""Cd200r2""]",1.0,-0.12413305107317746
"[""Cd200"",""Cd200r3""]",1.0,-0.09378582429837312
"[""Cd200"",""Cd200r4""]",1.0,-0.06488118870446435
"[""Cd22"",""Ptprc""]",1.0,-0.10812811600567834
"[""Cd226"",""Nectin2""]",1.0,-0.10726924844494026
"[""Cd226"",""Pvr""]",1.0,-0.11030445716405463
"[""Cd274"",""Pdcd1""]",1.0,-0.09251933944963175
"[""Cd34"",""Selp""]",1.0,-0.1010713328114354
"[""Cd46"",""Jag1""]",1.0,-0.09498315968589022
"[""Cd52"",""Siglecg""]",1.0,-0.09693663670154007
"[""Cd6"",""Alcam""]",1.0,-0.09892445575891892
"[""Cd70"",""Cd27""]",1.0,-0.09748462991895002
"[""Cd80"",""Cd274""]",1.0,-0.09254942589164605
"[""Cd80"",""Cd28""]",1.0,-0.09444649687045403
"[""Cd80"",""Ctla4""]",1.0,-0.08845729028795735
"[""Cd86"",""Cd28""]",1.0,-0.09776666882480228
"[""Cd86"",""Ctla4""]",1.0,-0.09014172181327657
"[""Cd8a"",""Ceacam5""]",1.0,-0.10040794255041147
"[""Cd96"",""Nectin1""]",1.0,-0.10569171013956977
"[""Cd96"",""Pvr""]",1.0,-0.09920630037371336
"[""Cdh1"",""Cdh1""]",1.0,-0.15401675555684208
"[""Cdh1"",""Itga2_Itgb1""]",1.0,-0.10993399162610676
"[""Cdh1"",""Itgae_Itgb7""]",1.0,-0.121833692334464
"[""Cdh1"",""Klrg1""]",1.0,-0.1126862796514273
"[""Cdh15"",""Cdh15""]",1.0,-0.06737912532321762
"[""Cdh2"",""Cdh2""]",1.0,-0.09303802728775049
"[""Cdh4"",""Cdh4""]",1.0,-0.08968855129289574
"[""Cdh5"",""Cdh5""]",1.0,-0.09337953628032558
"[""Ceacam1"",""Ceacam5""]",1.0,-0.10705020556650338
"[""Cga"",""Fshr""]",1.0,-0.09625945698428845
"[""Cga"",""Lhcgr""]",1.0,-0.09715623137700119
"[""Cga"",""Tshr""]",1.0,-0.09649775230184846
"[""Chad"",""Itga2_Itgb1""]",1.0,-0.09516211578980749
"[""Clcf1"",""Cntfr_Lifr_Il6st""]",1.0,-0.08968492998409888
"[""Cldn11"",""Cldn11""]",1.0,-0.11345919020240322
"[""Clec2g"",""Klrb1""]",1.0,-0.1003092813913469
"[""Clec2g"",""Klrb1f""]",1.0,-0.09290430307060157
"[""Clec2h"",""Klrb1""]",1.0,-0.10500165559654004
"[""Clec2i"",""Klrb1""]",1.0,-0.09794389860586072
"[""Clec2i"",""Klrb1f""]",1.0,-0.08925232775805858
"[""Cntf"",""Cntfr_Lifr_Il6st""]",1.0,-0.09345130498601315
"[""Cntn1"",""Nrcam""]",1.0,-0.08050028321697966
"[""Cntn2"",""Cntn2""]",1.0,-0.03119813015376327
"[""Cntn2"",""Cntn2_Cntnap2""]",1.0,-0.03119813015376327
"[""Cntn2"",""L1cam""]",1.0,-0.01390614876581131
"[""Col1a1"",""Cd44""]",1.0,-0.07016598498595439
"[""Col1a1"",""Gp6""]",1.0,-0.12486838887836038
"[""Col1a1"",""Itga10_Itgb1""]",1.0,-0.1178020454710973
"[""Col1a1"",""Itga11_Itgb1""]",1.0,-0.10992045445514576
"[""Col1a1"",""Itga1_Itgb1""]",1.0,-0.11998913373775022
"[""Col1a1"",""Itga2_Itgb1""]",1.0,-0.11499063741147164
"[""Col1a1"",""Itga3_Itgb1""]",1.0,-0.11742575830084895
"[""Col1a1"",""Itga9_Itgb1""]",1.0,-0.10687723216944545
"[""Col1a1"",""Itgav_Itgb8""]",1.0,-0.10643445921234718
"[""Col1a1"",""Sdc1""]",1.0,-0.106631159935205
"[""Col1a1"",""Sdc4""]",1.0,-0.1319719436376523
"[""Col1a2"",""Cd44""]",1.0,-0.22479522508859007
"[""Col1a2"",""Gp6""]",1.0,-0.10718778976692028
"[""Col1a2"",""Itga10_Itgb1""]",1.0,-0.09689953677639301
"[""Col1a2"",""Itga11_Itgb1""]",1.0,-0.0961882031059299
"[""Col1a2"",""Itga1_Itgb1""]",1.0,-0.10334839262098616
"[""Col1a2"",""Itga2_Itgb1""]",1.0,-0.09942419826924892
"[""Col1a2"",""Itga3_Itgb1""]",1.0,-0.10122601636983286
"[""Col1a2"",""Itga9_Itgb1""]",1.0,-0.09538722705562414
"[""Col1a2"",""Itgav_Itgb8""]",1.0,-0.09607766761790149
"[""Col1a2"",""Sdc1""]",1.0,-0.09441497432481416
"[""Col1a2"",""Sdc4""]",1.0,-0.10640142754352111
"[""Col2a1"",""Cd44""]",1.0,-0.08894702822392975
"[""Col2a1"",""Gp6""]",1.0,-0.09266296214208614
"[""Col2a1"",""Itga10_Itgb1""]",1.0,-0.08560165174301887
"[""Col2a1"",""Itga11_Itgb1""]",1.0,-0.08449176629182259
"[""Col2a1"",""Itga1_Itgb1""]",1.0,-0.09058626112992968
"[""Col2a1"",""Itga2_Itgb1""]",1.0,-0.09117527543067269
"[""Col2a1"",""Itga3_Itgb1""]",1.0,-0.08746317786665891
"[""Col2a1"",""Itga9_Itgb1""]",1.0,-0.0842530248516537
"[""Col2a1"",""Itgav_Itgb8""]",1.0,-0.08808699489551816
"[""Col2a1"",""Sdc1""]",1.0,-0.08323901051782584
"[""Col2a1"",""Sdc4""]",1.0,-0.08590100906934356
"[""Col4a1"",""Cd44""]",1.0,-0.16108067959402994
"[""Col4a1"",""Gp6""]",1.0,-0.09312112509969134
"[""Col4a1"",""Itga10_Itgb1""]",1.0,-0.09788684437913275
"[""Col4a1"",""Itga11_Itgb1""]",1.0,-0.09298095746543689
"[""Col4a1"",""Itga1_Itgb1""]",1.0,-0.09130162417455834
"[""Col4a1"",""Itga2_Itgb1""]",1.0,-0.09238330866608699
"[""Col4a1"",""Itga3_Itgb1""]",1.0,-0.09185300447947045
"[""Col4a1"",""Itga9_Itgb1""]",1.0,-0.09101366855223472
"[""Col4a1"",""Itgav_Itgb8""]",1.0,-0.09016941740591869
"[""Col4a1"",""Sdc1""]",1.0,-0.0909378543689491
"[""Col4a1"",""Sdc4""]",1.0,-0.09804867390001659
"[""Col4a2"",""Cd44""]",1.0,-0.16001929703905338
"[""Col4a2"",""Gp6""]",1.0,-0.09478067519976657
"[""Col4a2"",""Itga10_Itgb1""]",1.0,-0.09785791115688053
"[""Col4a2"",""Itga11_Itgb1""]",1.0,-0.09353245755698791
"[""Col4a2"",""Itga1_Itgb1""]",1.0,-0.09287639884049273
"[""Col4a2"",""Itga2_Itgb1""]",1.0,-0.09313414811351459
"[""Col4a2"",""Itga3_Itgb1""]",1.0,-0.09274281821587863
"[""Col4a2"",""Itga9_Itgb1""]",1.0,-0.09090913011923601
"[""Col4a2"",""Itgav_Itgb8""]",1.0,-0.0902942585415861
"[""Col4a2"",""Sdc1""]",1.0,-0.0911570972455952
"[""Col4a2"",""Sdc4""]",1.0,-0.09807267971799266
"[""Col4a3"",""Cd44""]",1.0,-0.3855070233070978
"[""Col4a3"",""Gp6""]",1.0,-0.10348332663652762
"[""Col4a3"",""Itga10_Itgb1""]",1.0,-0.1071155460715007
"[""Col4a3"",""Itga11_Itgb1""]",1.0,-0.0991182727601187
"[""Col4a3"",""Itga1_Itgb1""]",1.0,-0.09960696884011394
"[""Col4a3"",""Itga2_Itgb1""]",1.0,-0.09868175110208144
"[""Col4a3"",""Itga3_Itgb1""]",1.0,-0.09852649355606719
"[""Col4a3"",""Itga9_Itgb1""]",1.0,-0.09417423046045048
"[""Col4a3"",""Itgav_Itgb8""]",1.0,-0.09222975049281931
"[""Col4a3"",""Sdc1""]",1.0,-0.09561980252861063
"[""Col4a3"",""Sdc4""]",1.0,-0.10867489832213256
"[""Col4a4"",""Cd44""]",1.0,-0.38188145459611444
"[""Col4a4"",""Gp6""]",1.0,-0.10099431700879236
"[""Col4a4"",""Itga10_Itgb1""]",1.0,-0.10424853383243299
"[""Col4a4"",""Itga11_Itgb1""]",1.0,-0.09774316275770017
"[""Col4a4"",""Itga1_Itgb1""]",1.0,-0.09917287163110328
"[""Col4a4"",""Itga2_Itgb1""]",1.0,-0.0981869526578873
"[""Col4a4"",""Itga3_Itgb1""]",1.0,-0.09718200739086605
"[""Col4a4"",""Itga9_Itgb1""]",1.0,-0.09366953705983011
"[""Col4a4"",""Itgav_Itgb8""]",1.0,-0.09148038540104522
"[""Col4a4"",""Sdc1""]",1.0,-0.09388566844703378
"[""Col4a4"",""Sdc4""]",1.0,-0.10484828743056496
"[""Col4a5"",""Cd44""]",1.0,-0.13352420561962514
"[""Col4a5"",""Gp6""]",1.0,-0.0951959895577128
"[""Col4a5"",""Itga10_Itgb1""]",1.0,-0.10062081332634593
"[""Col4a5"",""Itga11_Itgb1""]",1.0,-0.09565805014159084
"[""Col4a5"",""Itga1_Itgb1""]",1.0,-0.09442243153919996
"[""Col4a5"",""Itga2_Itgb1""]",1.0,-0.093467165777917
"[""Col4a5"",""Itga3_Itgb1""]",1.0,-0.0939448427594625
"[""Col4a5"",""Itga9_Itgb1""]",1.0,-0.09134455950544829
"[""Col4a5"",""Itgav_Itgb8""]",1.0,-0.09013140512372264
"[""Col4a5"",""Sdc1""]",1.0,-0.09344642578839951
"[""Col4a5"",""Sdc4""]",1.0,-0.10026171428816816
"[""Col4a6"",""Cd44""]",1.0,-0.21763783193470843
"[""Col4a6"",""Gp6""]",1.0,-0.09990674105245612
"[""Col4a6"",""Itga10_Itgb1""]",1.0,-0.10418395135739472
"[""Col4a6"",""Itga11_Itgb1""]",1.0,-0.09798355784938936
"[""Col4a6"",""Itga1_Itgb1""]",1.0,-0.09818648129755733
"[""Col4a6"",""Itga2_Itgb1""]",1.0,-0.09671861960750644
"[""Col4a6"",""Itga3_Itgb1""]",1.0,-0.09734242383370392
"[""Col4a6"",""Itga9_Itgb1""]",1.0,-0.09442594460777934
"[""Col4a6"",""Itgav_Itgb8""]",1.0,-0.09273564563085612
"[""Col4a6"",""Sdc1""]",1.0,-0.09558577542470986
"[""Col4a6"",""Sdc4""]",1.0,-0.10565397114246156
"[""Col6a1"",""Cd44""]",1.0,-0.07657371168282345
"[""Col6a1"",""Gp6""]",1.0,-0.10640196051834894
"[""Col6a1"",""Itga10_Itgb1""]",1.0,-0.09349566243052243
"[""Col6a1"",""Itga11_Itgb1""]",1.0,-0.09386966099864541
"[""Col6a1"",""Itga1_Itgb1""]",1.0,-0.10244421489444128
"[""Col6a1"",""Itga2_Itgb1""]",1.0,-0.09797852176263072
"[""Col6a1"",""Itga3_Itgb1""]",1.0,-0.09600250585987885
"[""Col6a1"",""Itga9_Itgb1""]",1.0,-0.09289917802590231
"[""Col6a1"",""Itgav_Itgb8""]",1.0,-0.09150682144981293
"[""Col6a1"",""Sdc1""]",1.0,-0.09015113372014255
"[""Col6a1"",""Sdc4""]",1.0,-0.10111067803021268
"[""Col6a2"",""Cd44""]",1.0,-0.08474908035387285
"[""Col6a2"",""Gp6""]",1.0,-0.1069572521496851
"[""Col6a2"",""Itga10_Itgb1""]",1.0,-0.09319649829934562
"[""Col6a2"",""Itga11_Itgb1""]",1.0,-0.09355224071195373
"[""Col6a2"",""Itga1_Itgb1""]",1.0,-0.10172373633582599
"[""Col6a2"",""Itga2_Itgb1""]",1.0,-0.09755716958571192
"[""Col6a2"",""Itga3_Itgb1""]",1.0,-0.09637708436898001
"[""Col6a2"",""Itga9_Itgb1""]",1.0,-0.09258568682981272
"[""Col6a2"",""Itgav_Itgb8""]",1.0,-0.09153121320119895
"[""Col6a2"",""Sdc1""]",1.0,-0.09030260649280664
"[""Col6a2"",""Sdc4""]",1.0,-0.10092507024314035
"[""Col6a3"",""Cd44""]",1.0,-0.14440674118691443
"[""Col6a3"",""Gp6""]",1.0,-0.09853205605307563
"[""Col6a3"",""Itga10_Itgb1""]",1.0,-0.08876701892292405
"[""Col6a3"",""Itga11_Itgb1""]",1.0,-0.089030912899564
"[""Col6a3"",""Itga1_Itgb1""]",1.0,-0.09484702644860582
"[""Col6a3"",""Itga2_Itgb1""]",1.0,-0.09171526623982834
"[""Col6a3"",""Itga3_Itgb1""]",1.0,-0.09078563929080385
"[""Col6a3"",""Itga9_Itgb1""]",1.0,-0.08722832443713294
"[""Col6a3"",""Itgav_Itgb8""]",1.0,-0.08846265913331686
"[""Col6a3"",""Sdc1""]",1.0,-0.08637898054471588
"[""Col6a3"",""Sdc4""]",1.0,-0.09225725780620342
"[""Col6a4"",""Cd44""]",1.0,-0.1102078020640137
"[""Col6a4"",""Gp6""]",1.0,-0.10862842777382575
"[""Col6a4"",""Itga10_Itgb1""]",1.0,-0.10428394633437793
"[""Col6a4"",""Itga11_Itgb1""]",1.0,-0.09567399983885683
"[""Col6a4"",""Itga1_Itgb1""]",1.0,-0.09825975575675733
"[""Col6a4"",""Itga2_Itgb1""]",1.0,-0.0962310795748027
"[""Col6a4"",""Itga3_Itgb1""]",1.0,-0.0957339124992177
"[""Col6a4"",""Itga9_Itgb1""]",1.0,-0.09169189170028691
"[""Col6a4"",""Itgav_Itgb8""]",1.0,-0.09050096133733215
"[""Col6a4"",""Sdc1""]",1.0,-0.09158612696083529
"[""Col6a4"",""Sdc4""]",1.0,-0.10820604756489022
"[""Col6a5"",""Cd44""]",1.0,-0.14534636111975108
"[""Col6a5"",""Gp6""]",1.0,-0.09649123179705327
"[""Col6a5"",""Itga10_Itgb1""]",1.0,-0.09436557627164999
"[""Col6a5"",""Itga11_Itgb1""]",1.0,-0.09278723052753501
"[""Col6a5"",""Itga1_Itgb1""]",1.0,-0.09645893763666669
"[""Col6a5"",""Itga2_Itgb1""]",1.0,-0.0933741407498434
"[""Col6a5"",""Itga3_Itgb1""]",1.0,-0.09222812046881157
"[""Col6a5"",""Itga9_Itgb1""]",1.0,-0.09019170083205205
"[""Col6a5"",""Itgav_Itgb8""]",1.0,-0.08903207369140706
"[""Col6a5"",""Sdc1""]",1.0,-0.08930442556841262
"[""Col6a5"",""Sdc4""]",1.0,-0.09561008749279276
"[""Col6a6"",""Cd44""]",1.0,-0.21288524531969133
"[""Col6a6"",""Gp6""]",1.0,-0.09778510082956088
"[""Col6a6"",""Itga10_Itgb1""]",1.0,-0.10049018174469221
"[""Col6a6"",""Itga11_Itgb1""]",1.0,-0.09564861725351229
"[""Col6a6"",""Itga1_Itgb1""]",1.0,-0.09785578472861431
"[""Col6a6"",""Itga2_Itgb1""]",1.0,-0.0956487192395179
"[""Col6a6"",""Itga3_Itgb1""]",1.0,-0.09479306724091441
"[""Col6a6"",""Itga9_Itgb1""]",1.0,-0.09131475857756058
"[""Col6a6"",""Itgav_Itgb8""]",1.0,-0.09101824516268842
"[""Col6a6"",""Sdc1""]",1.0,-0.0915394744821399
"[""Col6a6"",""Sdc4""]",1.0,-0.10134473255605625
"[""Col9a1"",""Cd44""]",1.0,-0.08902097015606569
"[""Col9a1"",""Gp6""]",1.0,-0.09834317172423035
"[""Col9a1"",""Itga10_Itgb1""]",1.0,-0.08712191004125572
"[""Col9a1"",""Itga11_Itgb1""]",1.0,-0.08710146284969211
"[""Col9a1"",""Itga1_Itgb1""]",1.0,-0.09342462152450787
"[""Col9a1"",""Itga2_Itgb1""]",1.0,-0.09268144685411961
"[""Col9a1"",""Itga3_Itgb1""]",1.0,-0.0907724021786234
"[""Col9a1"",""Itga9_Itgb1""]",1.0,-0.08684743756358562
"[""Col9a1"",""Itgav_Itgb8""]",1.0,-0.08984397134723465
"[""Col9a1"",""Sdc1""]",1.0,-0.08597401135359073
"[""Col9a1"",""Sdc4""]",1.0,-0.08810032274513074
"[""Col9a2"",""Cd44""]",1.0,-0.07557975707927012
"[""Col9a2"",""Gp6""]",1.0,-0.10405084144220583
"[""Col9a2"",""Itga10_Itgb1""]",1.0,-0.0861004014004329
"[""Col9a2"",""Itga11_Itgb1""]",1.0,-0.08871691113209695
"[""Col9a2"",""Itga1_Itgb1""]",1.0,-0.09739915209003286
"[""Col9a2"",""Itga2_Itgb1""]",1.0,-0.09661836088422238
"[""Col9a2"",""Itga3_Itgb1""]",1.0,-0.09250176435959667
"[""Col9a2"",""Itga9_Itgb1""]",1.0,-0.09039629682441441
"[""Col9a2"",""Itgav_Itgb8""]",1.0,-0.09133239038727861
"[""Col9a2"",""Sdc1""]",1.0,-0.08681593204724497
"[""Col9a2"",""Sdc4""]",1.0,-0.08715665423824626
"[""Col9a3"",""Cd44""]",1.0,-0.07205283061178058
"[""Col9a3"",""Gp6""]",1.0,-0.10023979665689253
"[""Col9a3"",""Itga10_Itgb1""]",1.0,-0.08565039389273488
"[""Col9a3"",""Itga11_Itgb1""]",1.0,-0.08721567871941507
"[""Col9a3"",""Itga1_Itgb1""]",1.0,-0.09486887145742662
"[""Col9a3"",""Itga2_Itgb1""]",1.0,-0.09466812937474431
"[""Col9a3"",""Itga3_Itgb1""]",1.0,-0.09045236536059276
"[""Col9a3"",""Itga9_Itgb1""]",1.0,-0.08832437259998571
"[""Col9a3"",""Itgav_Itgb8""]",1.0,-0.09001605284827072
"[""Col9a3"",""Sdc1""]",1.0,-0.08556830512685615
"[""Col9a3"",""Sdc4""]",1.0,-0.08587786684642174
"[""Comp"",""Cd36""]",1.0,-0.09150136861242641
"[""Comp"",""Cd47""]",1.0,-0.08939225295269748
"[""Comp"",""Itga3_Itgb1""]",1.0,-0.08892981829614577
"[""Comp"",""Itgav_Itgb3""]",1.0,-0.09646005011082526
"[""Comp"",""Sdc1""]",1.0,-0.08379676974055239
"[""Comp"",""Sdc4""]",1.0,-0.0828456863491091
"[""Cort"",""Sstr1""]",1.0,-0.09472460554310291
"[""Cort"",""Sstr2""]",1.0,-0.06901397604201331
"[""Cort"",""Sstr3""]",1.0,-0.056688950542594485
"[""Cort"",""Sstr4""]",1.0,-0.09605820964198503
"[""Cort"",""Sstr5""]",1.0,-0.09566711903663566
"[""Crh"",""Crhr1""]",1.0,0.005381840849966513
"[""Crh"",""Crhr2""]",1.0,-0.08877853205200209
"[""Csf1"",""Csf1r""]",1.0,-0.10111089069698215
"[""Cspg4"",""Itga3_Itgb1""]",1.0,-0.09274465049032254
"[""Ctf1"",""Lifr_Il6st""]",1.0,-0.08877535451693022
"[""Cx3cl1"",""Cx3cr1""]",1.0,-0.09694467439483345
"[""Cxcl1"",""Ackr1""]",1.0,-0.17143829729117144
"[""Cxcl1"",""Cxcr2""]",1.0,-0.13310524201643376
"[""Cxcl10"",""Ackr1""]",1.0,-0.0653958112987677
"[""Cxcl12"",""Ackr3""]",1.0,-0.09086245835004234
"[""Cxcl12"",""Cxcr4""]",1.0,-0.09620060915746981
"[""Cxcl13"",""Ackr1""]",1.0,-0.056889083286840725
"[""Cxcl13"",""Cxcr5""]",1.0,-0.09436443256403448
"[""Cxcl16"",""Cxcr6""]",1.0,-0.10146185522627388
"[""Cxcl2"",""Ackr1""]",1.0,-0.13194324032007465
"[""Cxcl2"",""Cxcr2""]",1.0,-0.11749508122253938
"[""Cxcl3"",""Ackr1""]",1.0,-0.09779736480613854
"[""Cxcl3"",""Cxcr2""]",1.0,-0.09417751561596091
"[""Cxcl5"",""Ackr1""]",1.0,-0.07975565502291737
"[""Cxcl5"",""Cxcr2""]",1.0,-0.09599465800453949
"[""Dhh"",""Ptch1_Smo""]",1.0,-0.0957760244169053
"[""Dhh"",""Ptch2_Smo""]",1.0,-0.09731166672052799
"[""Dlk1"",""Notch1""]",1.0,-0.08631468580614976
"[""Dlk1"",""Notch2""]",1.0,-0.08396218357781396
"[""Dlk1"",""Notch3""]",1.0,-0.08228606487668494
"[""Dlk1"",""Notch4""]",1.0,-0.08432743066574844
"[""Dll1"",""Notch1""]",1.0,-0.0835419357775325
"[""Dll1"",""Notch2""]",1.0,-0.09394472965120773
"[""Dll1"",""Notch3""]",1.0,-0.0899637108646284
"[""Dll1"",""Notch4""]",1.0,-0.08393656876192995
"[""Dll3"",""Notch1""]",1.0,-0.07725437003857072
"[""Dll3"",""Notch2""]",1.0,-0.09878430877458699
"[""Dll3"",""Notch3""]",1.0,-0.09160871793463998
"[""Dll3"",""Notch4""]",1.0,-0.07377860359927535
"[""Dll4"",""Notch1""]",1.0,-0.0918317685034068
"[""Dll4"",""Notch2""]",1.0,-0.09366343197149168
"[""Dll4"",""Notch3""]",1.0,-0.0918973113883044
"[""Dll4"",""Notch4""]",1.0,-0.08612570729125257
"[""Dmp1"",""Itgav_Itgb3""]",1.0,-0.10461754489191488
"[""Dsc2"",""Dsg1c""]",1.0,-0.12633227219750076
"[""Dsc2"",""Dsg2""]",1.0,-0.1008994741251929
"[""Dsg1c"",""Dsc3""]",1.0,-0.12340062867072688
"[""Dsg2"",""Dsc3""]",1.0,-0.10869566421358712
"[""Dspp"",""Itgav_Itgb1""]",1.0,-0.09915778305748041
"[""Dspp"",""Itgav_Itgb6""]",1.0,-0.09369113681640295
"[""Eda"",""Eda2r""]",1.0,-0.08353895931440045
"[""Eda"",""Edar""]",1.0,-0.09676339836327102
"[""Edn1"",""Ednra""]",1.0,-0.09620984064042779
"[""Edn1"",""Ednrb""]",1.0,-0.09847776296528904
"[""Edn2"",""Ednra""]",1.0,-0.09380918426218349
"[""Edn2"",""Ednrb""]",1.0,-0.09790080597767215
"[""Edn3"",""Ednra""]",1.0,-0.08557775221884431
"[""Edn3"",""Ednrb""]",1.0,-0.09361327155474444
"[""Efna1"",""Epha1""]",1.0,-0.09353022137338368
"[""Efna1"",""Epha2""]",1.0,-0.09416395598901839
"[""Efna1"",""Epha3""]",1.0,-0.09046114258626226
"[""Efna1"",""Epha4""]",1.0,-0.09134732803661441
"[""Efna1"",""Epha5""]",1.0,-0.08302291535776984
"[""Efna1"",""Epha7""]",1.0,-0.09259281663397942
"[""Efna1"",""Epha8""]",1.0,-0.10071333386033221
"[""Efna2"",""Epha1""]",1.0,-0.09099680101465224
"[""Efna2"",""Epha2""]",1.0,-0.09251107162605193
"[""Efna2"",""Epha3""]",1.0,-0.08684719217420428
"[""Efna2"",""Epha4""]",1.0,-0.08821148346364238
"[""Efna2"",""Epha5""]",1.0,-0.08661990076303866
"[""Efna2"",""Epha7""]",1.0,-0.08856092445975938
"[""Efna2"",""Epha8""]",1.0,-0.10134860130831624
"[""Efna3"",""Epha1""]",1.0,-0.09655121631809227
"[""Efna3"",""Epha2""]",1.0,-0.09315386848988189
"[""Efna3"",""Epha3""]",1.0,-0.09642350217184958
"[""Efna3"",""Epha4""]",1.0,-0.09546044565670014
"[""Efna3"",""Epha5""]",1.0,-0.07825334137239026
"[""Efna3"",""Epha7""]",1.0,-0.09813763864979988
"[""Efna3"",""Epha8""]",1.0,-0.06625983836178206
"[""Efna4"",""Epha1""]",1.0,-0.08960468914695366
"[""Efna4"",""Epha2""]",1.0,-0.09169445484226751
"[""Efna4"",""Epha3""]",1.0,-0.08559336243048471
"[""Efna4"",""Epha4""]",1.0,-0.08753641230615677
"[""Efna4"",""Epha5""]",1.0,-0.08773576001427835
"[""Efna4"",""Epha7""]",1.0,-0.08744773883422893
"[""Efna4"",""Epha8""]",1.0,-0.09709878838978392
"[""Efna5"",""Epha1""]",1.0,-0.08759122711764408
"[""Efna5"",""Epha2""]",1.0,-0.09425106552610343
"[""Efna5"",""Epha3""]",1.0,-0.08030946554372148
"[""Efna5"",""Epha4""]",1.0,-0.08265298779457227
"[""Efna5"",""Epha5""]",1.0,-0.09836496206064455
"[""Efna5"",""Epha7""]",1.0,-0.08081693252997187
"[""Efna5"",""Epha8""]",1.0,-0.11637359245889367
"[""Efna5"",""Ephb2""]",1.0,-0.09164484553080801
"[""Efnb1"",""Epha4""]",1.0,-0.08985096708025311
"[""Efnb1"",""Ephb1""]",1.0,-0.09271506666229146
"[""Efnb1"",""Ephb2""]",1.0,-0.09315786078126681
"[""Efnb1"",""Ephb3""]",1.0,-0.09224989340969045
"[""Efnb1"",""Ephb4""]",1.0,-0.09134746340078331
"[""Efnb2"",""Epha4""]",1.0,-0.09008770520576803
"[""Efnb2"",""Ephb1""]",1.0,-0.09525543782605994
"[""Efnb2"",""Ephb2""]",1.0,-0.09427716765985411
"[""Efnb2"",""Ephb3""]",1.0,-0.09285430485102544
"[""Efnb2"",""Ephb4""]",1.0,-0.09158434740190521
"[""Efnb3"",""Epha4""]",1.0,-0.09201083831895876
"[""Efnb3"",""Ephb1""]",1.0,-0.09158675845828823
"[""Efnb3"",""Ephb2""]",1.0,-0.09371189841581279
"[""Efnb3"",""Ephb3""]",1.0,-0.09399635388937749
"[""Efnb3"",""Ephb4""]",1.0,-0.09349536486412335
"[""Efnb3"",""Ephb6""]",1.0,-0.09272615321575295
"[""Egf"",""Egfr""]",1.0,-0.0885951609933962
"[""Egf"",""Egfr_Erbb2""]",1.0,-0.09475370994954316
"[""Enho"",""Gpr19""]",1.0,-0.07249162672739207
"[""Entpd1"",""Adora1""]",1.0,-0.09060693427448266
"[""Entpd1"",""Adora2a""]",1.0,-0.09369339984495006
"[""Entpd1"",""Adora2b""]",1.0,-0.0918539786868276
"[""Entpd1"",""Tmigd3""]",1.0,-0.094664098553769
"[""Epgn"",""Egfr""]",1.0,-0.09046764879311073
"[""Epo"",""Epor""]",1.0,-0.10014992954520927
"[""Ereg"",""Egfr""]",1.0,-0.10170082988691775
"[""Ereg"",""Egfr_Erbb2""]",1.0,-0.09910385077192851
"[""Ereg"",""Erbb2_Erbb4""]",1.0,-0.09367342988244165
"[""Ereg"",""Erbb4""]",1.0,-0.10158467872747806
"[""Esam"",""Esam""]",1.0,-0.09056185539356376
"[""F11r"",""F11r""]",1.0,-0.09407586398962803
"[""F11r"",""Itgal_Itgb2""]",1.0,-0.09833642281066374
"[""F11r"",""Jam2""]",1.0,-0.09267587417424386
"[""F11r"",""Jam3""]",1.0,-0.09025014803990233
"[""F2"",""F2r""]",1.0,-0.11992371223552878
"[""F2"",""F2rl1""]",1.0,-0.2657751880107261
"[""F2"",""F2rl2""]",1.0,-0.14124386304970304
"[""F2"",""F2rl3""]",1.0,-0.1556833769880071
"[""F2"",""Pard3""]",1.0,-0.10341098295220275
"[""Fasl"",""Fas""]",1.0,-0.0375946721428021
"[""Fcer2a"",""Cr2""]",1.0,-0.10221980323897112
"[""Fcer2a"",""Itgam_Itgb2""]",1.0,-0.0990483736173613
"[""Fcer2a"",""Itgav_Itgb3""]",1.0,-0.10347758952657266
"[""Fcer2a"",""Itgax_Itgb2""]",1.0,-0.09910950627507903
"[""Fgf1"",""Fgfr1""]",1.0,-0.09456122223873381
"[""Fgf1"",""Fgfr2""]",1.0,-0.12187572443743988
"[""Fgf1"",""Fgfr3""]",1.0,-0.11240584605824722
"[""Fgf1"",""Fgfr4""]",1.0,-0.08579554208600948
"[""Fgf10"",""Fgfr1""]",1.0,-0.08426584010641519
"[""Fgf10"",""Fgfr2""]",1.0,-0.09614217187812776
"[""Fgf15"",""Fgfr1""]",1.0,-0.09712468028058696
"[""Fgf15"",""Fgfr2""]",1.0,-0.10218635243142044
"[""Fgf15"",""Fgfr3""]",1.0,-0.0815703647288849
"[""Fgf15"",""Fgfr4""]",1.0,-0.09400838662202121
"[""Fgf16"",""Fgfr1""]",1.0,-0.08710138558685351
"[""Fgf16"",""Fgfr2""]",1.0,-0.0947330911472406
"[""Fgf16"",""Fgfr3""]",1.0,-0.08781830049084038
"[""Fgf16"",""Fgfr4""]",1.0,-0.07723423468902868
"[""Fgf17"",""Fgfr1""]",1.0,-0.09477481340716387
"[""Fgf17"",""Fgfr2""]",1.0,-0.10003341043777156
"[""Fgf17"",""Fgfr3""]",1.0,-0.08808471137358587
"[""Fgf17"",""Fgfr4""]",1.0,-0.08798776865177435
"[""Fgf18"",""Fgfr1""]",1.0,-0.08635511299444651
"[""Fgf18"",""Fgfr2""]",1.0,-0.09705429781055266
"[""Fgf18"",""Fgfr3""]",1.0,-0.09475044826163653
"[""Fgf18"",""Fgfr4""]",1.0,-0.0831192163028136
"[""Fgf2"",""Fgfr1""]",1.0,-0.08780371326969197
"[""Fgf2"",""Fgfr2""]",1.0,-0.09695756364905916
"[""Fgf2"",""Fgfr3""]",1.0,-0.08993579976030652
"[""Fgf2"",""Fgfr4""]",1.0,-0.08679492056420887
"[""Fgf20"",""Fgfr1""]",1.0,-0.09236005248569171
"[""Fgf20"",""Fgfr2""]",1.0,-0.1085650909993458
"[""Fgf20"",""Fgfr3""]",1.0,-0.08653358750474993
"[""Fgf20"",""Fgfr4""]",1.0,-0.09404215448632822
"[""Fgf22"",""Fgfr2""]",1.0,-0.1098260511639666
"[""Fgf23"",""Fgfr1""]",1.0,-0.0983520890700344
"[""Fgf23"",""Fgfr3""]",1.0,-0.09675441696609294
"[""Fgf23"",""Fgfr4""]",1.0,-0.09746562548731674
"[""Fgf3"",""Fgfr1""]",1.0,-0.09463835669747461
"[""Fgf3"",""Fgfr2""]",1.0,-0.08301905409683574
"[""Fgf4"",""Fgfr1""]",1.0,-0.08528356416393776
"[""Fgf4"",""Fgfr2""]",1.0,-0.0990498715789784
"[""Fgf4"",""Fgfr3""]",1.0,-0.09462594282632053
"[""Fgf4"",""Fgfr4""]",1.0,-0.07254264167581083
"[""Fgf5"",""Fgfr1""]",1.0,-0.08508545624822116
"[""Fgf5"",""Fgfr2""]",1.0,-0.0969434857516889
"[""Fgf5"",""Fgfr3""]",1.0,-0.09641834175590475
"[""Fgf5"",""Fgfr4""]",1.0,-0.07442351980690548
"[""Fgf7"",""Fgfr1""]",1.0,-0.08199961230661584
"[""Fgf7"",""Fgfr2""]",1.0,-0.09125634866494142
"[""Fgf8"",""Fgfr1""]",1.0,-0.09147861678692329
"[""Fgf8"",""Fgfr2""]",1.0,-0.09958707040365145
"[""Fgf8"",""Fgfr3""]",1.0,-0.09213981420100553
"[""Fgf8"",""Fgfr4""]",1.0,-0.08543238970285794
"[""Fgf9"",""Fgfr1""]",1.0,-0.08674102359826158
"[""Fgf9"",""Fgfr2""]",1.0,-0.09816770380749287
"[""Fgf9"",""Fgfr3""]",1.0,-0.09025768846307619
"[""Fgf9"",""Fgfr4""]",1.0,-0.07755330648296446
"[""Flt3l"",""Flt3""]",1.0,-0.11054072468448406
"[""Fn1"",""Cd44""]",1.0,-0.10854700079530416
"[""Fn1"",""Itga2b_Itgb3""]",1.0,-0.09197580706583922
"[""Fn1"",""Itga3_Itgb1""]",1.0,-0.08862076687030596
"[""Fn1"",""Itga4_Itgb1""]",1.0,-0.08108518115424176
"[""Fn1"",""Itga4_Itgb7""]",1.0,-0.0901494491146784
"[""Fn1"",""Itga5_Itgb1""]",1.0,-0.0845694683707067
"[""Fn1"",""Itga8_Itgb1""]",1.0,-0.08424817065007018
"[""Fn1"",""Itgav_Itgb1""]",1.0,-0.08715016831645048
"[""Fn1"",""Itgav_Itgb3""]",1.0,-0.09190411084518738
"[""Fn1"",""Itgav_Itgb6""]",1.0,-0.07825060410764674
"[""Fn1"",""Itgav_Itgb8""]",1.0,-0.0855768696599302
"[""Fn1"",""Sdc1""]",1.0,-0.08514531846013748
"[""Fn1"",""Sdc4""]",1.0,-0.0915072850526516
"[""Gal"",""Galr1""]",1.0,-0.2686414281936316
"[""Gal"",""Galr2""]",1.0,-0.1394410450934436
"[""Gal"",""Galr3""]",1.0,-0.11200168217467277
"[""Galp"",""Galr1""]",1.0,-0.13085441303386092
"[""Galp"",""Galr2""]",1.0,-0.09764675321321109
"[""Gas6"",""Axl""]",1.0,-0.09703699910670849
"[""Gas6"",""Mertk""]",1.0,-0.09545147404565138
"[""Gas6"",""Tyro3""]",1.0,-0.09309189852828414
"[""Gcg"",""Gcgr""]",1.0,-0.07964618039027616
"[""Gcg"",""Gipr""]",1.0,-0.08183891442690161
"[""Gcg"",""Glp1r""]",1.0,-0.0806315125515959
"[""Gcg"",""Glp2r""]",1.0,-0.09722136195305431
"[""Gdf10"",""Acvr1b_Acvr2a""]",1.0,-0.09422106428960125
"[""Gdf11"",""Acvr1b_Acvr2b""]",1.0,-0.09045229297879132
"[""Gdf11"",""Tgfbr1_Acvr2a""]",1.0,-0.09432791959139708
"[""Gdf11"",""Tgfbr1_Acvr2b""]",1.0,-0.09282121540611055
"[""Gdf15"",""Tgfbr2""]",1.0,-0.09599198841475831
"[""Gdf2"",""Acvrl1_Acvr2a""]",1.0,-0.1252994758320859
"[""Gdf2"",""Acvrl1_Bmpr2""]",1.0,-0.1252994758320859
"[""Gdf3"",""Acvr1b_Acvr2a_Cfc1""]",1.0,-0.10018732308220535
"[""Gdf3"",""Acvr1b_Acvr2b_Cfc1""]",1.0,-0.10018732308220535
"[""Gdf3"",""Acvr1c_Acvr2a_Cfc1""]",1.0,-0.10018732308220535
"[""Gdf3"",""Acvr1c_Acvr2b_Cfc1""]",1.0,-0.10018732308220535
"[""Gdf5"",""Bmpr1a_Acvr2a""]",1.0,-0.09134681681574422
"[""Gdf5"",""Bmpr1a_Acvr2b""]",1.0,-0.09148535715666958
"[""Gdf5"",""Bmpr1a_Bmpr2""]",1.0,-0.08895631595902279
"[""Gdf5"",""Bmpr1b_Acvr2a""]",1.0,-0.09143495237751134
"[""Gdf5"",""Bmpr1b_Acvr2b""]",1.0,-0.09222988969156784
"[""Gdf5"",""Bmpr1b_Bmpr2""]",1.0,-0.08666527823753903
"[""Gdf6"",""Bmpr1a_Acvr2a""]",1.0,-0.09136813452770617
"[""Gdf6"",""Bmpr1a_Acvr2b""]",1.0,-0.09057145762213539
"[""Gdf6"",""Bmpr1a_Bmpr2""]",1.0,-0.08876700451803479
"[""Gdf6"",""Bmpr1b_Acvr2a""]",1.0,-0.09210561625329913
"[""Gdf6"",""Bmpr1b_Acvr2b""]",1.0,-0.09078241747486468
"[""Gdf6"",""Bmpr1b_Bmpr2""]",1.0,-0.08410960326124264
"[""Gdf7"",""Bmpr1a_Acvr2a""]",1.0,-0.09271951715531912
"[""Gdf7"",""Bmpr1a_Acvr2b""]",1.0,-0.0923361389434652
"[""Gdf7"",""Bmpr1a_Bmpr2""]",1.0,-0.09094616426130508
"[""Gdf7"",""Bmpr1b_Acvr2a""]",1.0,-0.09339307522563667
"[""Gdf7"",""Bmpr1b_Acvr2b""]",1.0,-0.09403277675627988
"[""Gdf7"",""Bmpr1b_Bmpr2""]",1.0,-0.09001609466858207
"[""Gdf9"",""Acvr1b_Bmpr2""]",1.0,-0.0916891162841349
"[""Gdnf"",""Gfra1_Ret""]",1.0,-0.09721657135147743
"[""Ghrh"",""Vipr1""]",1.0,-0.08990524085474477
"[""Ghrh"",""Vipr2""]",1.0,-0.09125850682449455
"[""Gip"",""Gipr""]",1.0,-0.09473333312737231
"[""Gm7030"",""Cd8a""]",1.0,-0.09241941995891947
"[""Gm7030"",""Cd8b1""]",1.0,-0.10213489835211134
"[""Gm8909"",""Cd8a""]",1.0,-0.09056442014804944
"[""Gm8909"",""Cd8b1""]",1.0,-0.10012384226410373
"[""Gp1ba"",""Itgam_Itgb2""]",1.0,-0.10370675820952768
"[""Grn"",""Sort1""]",1.0,-0.09528932630420528
"[""Grp"",""Grpr""]",1.0,-0.10788102562915708
"[""Guca2a"",""Gucy2c""]",1.0,-0.09708053877266687
"[""Guca2b"",""Gucy2c""]",1.0,-0.1027577732405986
"[""Gzma"",""F2r""]",1.0,-0.08136576834379722
"[""Gzma"",""F2rl1""]",1.0,-0.048004800770592104
"[""Gzma"",""F2rl2""]",1.0,-0.08862788350132556
"[""Gzma"",""F2rl3""]",1.0,-0.07788305026574294
"[""Gzma"",""Pard3""]",1.0,-0.0895852238880992
"[""H2-Aa"",""Cd4""]",1.0,-0.09509775192999825
"[""H2-Ab1"",""Cd4""]",1.0,-0.09168732551561698
"[""H2-D1"",""Cd8a""]",1.0,-0.10241685392479877
"[""H2-D1"",""Cd8b1""]",1.0,-0.1231796471157397
"[""H2-DMa"",""Cd4""]",1.0,-0.09464344215374987
"[""H2-DMb1"",""Cd4""]",1.0,-0.09715896073445918
"[""H2-DMb2"",""Cd4""]",1.0,-0.10067173274493191
"[""H2-Eb1"",""Cd4""]",1.0,-0.09269603549510907
"[""H2-K1"",""Cd8a""]",1.0,-0.1069004053649743
"[""H2-K1"",""Cd8b1""]",1.0,-0.14016955305367368
"[""H2-M3"",""Cd8a""]",1.0,-0.09052572373343828
"[""H2-M3"",""Cd8b1""]",1.0,-0.09992769372727606
"[""H2-M5"",""Cd8a""]",1.0,-0.10039357940231367
"[""H2-M5"",""Cd8b1""]",1.0,-0.11253047082307516
"[""H2-Oa"",""Cd4""]",1.0,-0.0933972817763633
"[""H2-Q1"",""Cd8a""]",1.0,-0.10414692151739516
"[""H2-Q1"",""Cd8b1""]",1.0,-0.12314799230522883
"[""H2-Q10"",""Cd8a""]",1.0,-0.14975882731072598
"[""H2-Q10"",""Cd8b1""]",1.0,-0.3476732666019301
"[""H2-Q2"",""Cd8a""]",1.0,-0.10263738121726831
"[""H2-Q2"",""Cd8b1""]",1.0,-0.11596193426677712
"[""H2-Q4"",""Cd8a""]",1.0,-0.09345083780630342
"[""H2-Q4"",""Cd8b1""]",1.0,-0.10191011695531962
"[""H2-Q6"",""Cd8a""]",1.0,-0.09635059983684638
"[""H2-Q6"",""Cd8b1""]",1.0,-0.11391726796814972
"[""H2-Q7"",""Cd8a""]",1.0,-0.09432443390324549
"[""H2-Q7"",""Cd8b1""]",1.0,-0.10279333806355939
"[""H2-T22"",""Cd8a""]",1.0,-0.09097631499450295
"[""H2-T22"",""Cd8b1""]",1.0,-0.09974017119055112
"[""H2-T23"",""Cd8a""]",1.0,-0.09655289347617796
"[""H2-T23"",""Cd8b1""]",1.0,-0.1145959329703704
"[""H2-T24"",""Cd8a""]",1.0,-0.09694452188489688
"[""H2-T24"",""Cd8b1""]",1.0,-0.10567444875627963
"[""H2-T3"",""Cd8a""]",1.0,-0.10197979766704532
"[""H2-T3"",""Cd8b1""]",1.0,-0.11956728109773473
"[""Hbegf"",""Egfr""]",1.0,-0.09170345467350885
"[""Hbegf"",""Egfr_Erbb2""]",1.0,-0.09151030658382475
"[""Hbegf"",""Erbb2_Erbb4""]",1.0,-0.08892966444228434
"[""Hbegf"",""Erbb4""]",1.0,-0.09084020288976105
"[""Hc"",""C5ar1""]",1.0,-0.1475852207782407
"[""Hcrt"",""Hcrtr1""]",1.0,0.02210755369991224
"[""Hcrt"",""Hcrtr2""]",1.0,-0.06794999642575983
"[""Hgf"",""Met""]",1.0,-0.0885803217072883
"[""Hspg2"",""Dag1""]",1.0,-0.1040253614447832
"[""Iapp"",""Calcr""]",1.0,-0.017162340113627494
"[""Iapp"",""Calcrl""]",1.0,-0.07988742980604135
"[""Ibsp"",""Itgav_Itgb3""]",1.0,-0.10061458351147168
"[""Ibsp"",""Itgav_Itgb5""]",1.0,-0.09256875504927242
"[""Icam1"",""Itgal""]",1.0,-0.11151058186575713
"[""Icam1"",""Itgal_Itgb2""]",1.0,-0.100611834976927
"[""Icam1"",""Itgam_Itgb2""]",1.0,-0.09995270935276751
"[""Icam1"",""Itgax_Itgb2""]",1.0,-0.09814535526052287
"[""Icam1"",""Spn""]",1.0,-0.14389164468960192
"[""Icam2"",""Itgal_Itgb2""]",1.0,-0.09424560194652176
"[""Icam2"",""Itgam_Itgb2""]",1.0,-0.09376339700118941
"[""Icosl"",""Cd28""]",1.0,-0.09300745916860814
"[""Icosl"",""Ctla4""]",1.0,-0.08674174184585959
"[""Icosl"",""Icos""]",1.0,-0.09581126810555796
"[""Ifnk"",""Ifnar1_Ifnar2""]",1.0,-0.0907284301060663
"[""Igf1"",""Igf1r""]",1.0,-0.09059636074845567
"[""Igf1"",""Itga6_Itgb4""]",1.0,-0.09673478243210415
"[""Igf1"",""Itgav_Itgb3""]",1.0,-0.10100397021097351
"[""Igf2"",""Igf1r""]",1.0,-0.09208968743509777
"[""Igf2"",""Igf2r""]",1.0,-0.09347022859021903
"[""Igf2"",""Itga6_Itgb4""]",1.0,-0.09684921140541136
"[""Igf2"",""Itgav_Itgb3""]",1.0,-0.1024829172518808
"[""Ihh"",""Ptch1_Smo""]",1.0,-0.0880513851191656
"[""Ihh"",""Ptch2_Smo""]",1.0,-0.08782673873247293
"[""Il10"",""Il10ra_Il10rb""]",1.0,-0.08557626731407708
"[""Il11"",""Il11ra1_Il6st""]",1.0,-0.1005900396947787
"[""Il15"",""Il15ra_Il2rb_Il2rg""]",1.0,-0.09435738341945787
"[""Il16"",""Cd4""]",1.0,-0.09855838989880822
"[""Il17b"",""Il17rb""]",1.0,-0.09639783336469682
"[""Il17f"",""Il17ra_Il17rc""]",1.0,-0.11407306775698711
"[""Il18"",""Il18r1_Il18rap""]",1.0,-0.06758673199860032
"[""Il19"",""Il20ra_Il20rb""]",1.0,-0.09896600922717214
"[""Il1a"",""Il1r1_Il1rap""]",1.0,-0.09612910492243815
"[""Il1b"",""Il1r1_Il1rap""]",1.0,-0.09773524538181722
"[""Il2"",""Il2ra_Il2rb_Il2rg""]",1.0,-0.0819663727423473
"[""Il2"",""Il2rb_Il2rg""]",1.0,-0.0820179453437484
"[""Il22"",""Il22ra1_Il10rb""]",1.0,-0.11606708075349143
"[""Il25"",""Il17ra_Il17rb""]",1.0,-0.1023122735624245
"[""Il27_Ebi3"",""Il27ra_Il6st""]",1.0,-0.11011945256983191
"[""Il31"",""Il31ra_Osmr""]",1.0,-0.11088097353446424
"[""Il33"",""Il1rl1_Il1rap""]",1.0,-0.09515962770454864
"[""Il34"",""Csf1r""]",1.0,-0.1057335995571162
"[""Il4"",""Il4ra""]",1.0,-0.08002505329372245
"[""Il4"",""Il4ra_Il13ra1""]",1.0,-0.10179334505830862
"[""Il4"",""Il4ra_Il13ra2""]",1.0,-0.12157132313747304
"[""Il4"",""Il4ra_Il2rg""]",1.0,-0.09801670899521986
"[""Il5"",""Il5ra_Csf2rb""]",1.0,-0.10874785204364287
"[""Il6"",""Il6ra_Il6st""]",1.0,-0.11554354871181158
"[""Il7"",""Il7r_Il2rg""]",1.0,-0.0850742493504244
"[""Inha_Inhba"",""Acvr2a""]",1.0,-0.10590002302439597
"[""Inha_Inhbb"",""Acvr2b""]",1.0,-0.09316440870289155
"[""Inhba"",""Acvr1b_Acvr2a""]",1.0,-0.09478376586249104
"[""Inhba"",""Acvr1b_Acvr2b""]",1.0,-0.08951490478516266
"[""Inhba_Inhbb"",""Acvr1b_Acvr2a""]",1.0,-0.08813228824889746
"[""Inhba_Inhbb"",""Acvr1b_Acvr2b""]",1.0,-0.07812333291183154
"[""Inhba_Inhbb"",""Acvr1c_Acvr2a""]",1.0,-0.10177400059242209
"[""Inhba_Inhbb"",""Acvr1c_Acvr2b""]",1.0,-0.10177400059242209
"[""Inhbb"",""Acvr1b_Acvr2a""]",1.0,-0.09383644640570671
"[""Inhbb"",""Acvr1b_Acvr2b""]",1.0,-0.08529474909876161
"[""Inhbb"",""Acvr1c_Acvr2a""]",1.0,-0.10494620248505543
"[""Inhbb"",""Acvr1c_Acvr2b""]",1.0,-0.10494620248505543
"[""Inhbc"",""Acvr1b_Acvr2a""]",1.0,-0.16494444292475663
"[""Inhbc"",""Acvr1b_Acvr2b""]",1.0,-0.1214833869309927
"[""Inhbc"",""Acvr1c_Acvr2a""]",1.0,-0.18382960004294374
"[""Inhbc"",""Acvr1c_Acvr2b""]",1.0,-0.18382960004294374
"[""Inhbe"",""Acvr1b_Acvr2a""]",1.0,-0.10552599290226838
"[""Inhbe"",""Acvr1b_Acvr2b""]",1.0,-0.09632791878077013
"[""Inhbe"",""Acvr1c_Acvr2a""]",1.0,-0.11397372084135923
"[""Inhbe"",""Acvr1c_Acvr2b""]",1.0,-0.11397372084135923
"[""Ins2"",""Insr""]",1.0,-0.08758727124923998
"[""Insl5"",""Rxfp1""]",1.0,-0.09121793369483919
"[""Insl5"",""Rxfp2""]",1.0,-0.08572281365307007
"[""Insl5"",""Rxfp3""]",1.0,-0.08791177568638799
"[""Itga4_Itgb1"",""Vcam1""]",1.0,-0.09135338290436307
"[""Itga4_Itgb7"",""Vcam1""]",1.0,-0.09677228158059492
"[""Itga9_Itgb1"",""Vcam1""]",1.0,-0.09133960335327795
"[""Itgal_Itgb2"",""Cd226""]",1.0,-0.11352941152508217
"[""Itgal_Itgb2"",""Icam1""]",1.0,-0.10097544046607554
"[""Itgal_Itgb2"",""Icam2""]",1.0,-0.0942751724574627
"[""Jag1"",""Notch1""]",1.0,-0.09613011844799438
"[""Jag1"",""Notch2""]",1.0,-0.09235692245361732
"[""Jag1"",""Notch3""]",1.0,-0.09249127978590915
"[""Jag1"",""Notch4""]",1.0,-0.09147950767230695
"[""Jag2"",""Notch1""]",1.0,-0.09369683574300797
"[""Jag2"",""Notch2""]",1.0,-0.09942304967404958
"[""Jag2"",""Notch3""]",1.0,-0.09359826040886965
"[""Jag2"",""Notch4""]",1.0,-0.0837136696086031
"[""Jam2"",""F11r""]",1.0,-0.0926409536959858
"[""Jam2"",""Itga3_Itgb1""]",1.0,-0.09162761487480112
"[""Jam2"",""Itgav_Itgb1""]",1.0,-0.09321437661405449
"[""Jam2"",""Jam2""]",1.0,-0.08495395562781802
"[""Jam2"",""Jam3""]",1.0,-0.08480473948164985
"[""Jam3"",""F11r""]",1.0,-0.09011856086511327
"[""Jam3"",""Itgam_Itgb2""]",1.0,-0.09167576893063539
"[""Jam3"",""Jam2""]",1.0,-0.08476998659579829
"[""Jam3"",""Jam3""]",1.0,-0.08013763673730756
"[""Kitl"",""Kit""]",1.0,-0.10517323780158738
"[""Kng1"",""Bdkrb1""]",1.0,-0.20804969212926605
"[""Kng1"",""Bdkrb2""]",1.0,-0.3013142405422621
"[""Kng2"",""Bdkrb1""]",1.0,-0.10643847891892327
"[""Kng2"",""Bdkrb2""]",1.0,-0.12170190153097413
"[""L1cam"",""Itga4_Itgb7""]",1.0,-0.04322215882720204
"[""L1cam"",""Itgav_Itgb3""]",1.0,-0.07681829685493702
"[""L1cam"",""L1cam""]",1.0,0.0008129374967289493
"[""Lama1"",""Cd44""]",1.0,-0.1551012356150902
"[""Lama1"",""Dag1""]",1.0,-0.09491184371785655
"[""Lama1"",""Itga1_Itgb1""]",1.0,-0.09337328546599627
"[""Lama1"",""Itga2_Itgb1""]",1.0,-0.09313143987171191
"[""Lama1"",""Itga3_Itgb1""]",1.0,-0.09380641003486531
"[""Lama1"",""Itga6_Itgb1""]",1.0,-0.09347339501658891
"[""Lama1"",""Itga6_Itgb4""]",1.0,-0.09967351563942708
"[""Lama1"",""Itga7_Itgb1""]",1.0,-0.10274795685976182
"[""Lama1"",""Itga9_Itgb1""]",1.0,-0.09212724546821921
"[""Lama1"",""Itgav_Itgb8""]",1.0,-0.08557123098141955
"[""Lama1"",""Sv2a""]",1.0,-0.09776164640577956
"[""Lama1"",""Sv2b""]",1.0,-0.10508372197093346
"[""Lama1"",""Sv2c""]",1.0,-0.1076184543416594
"[""Lama2"",""Cd44""]",1.0,-0.11328544402047391
"[""Lama2"",""Dag1""]",1.0,-0.08726375545682646
"[""Lama2"",""Itga1_Itgb1""]",1.0,-0.08942778898761711
"[""Lama2"",""Itga2_Itgb1""]",1.0,-0.08842219401895289
"[""Lama2"",""Itga3_Itgb1""]",1.0,-0.0899231786554974
"[""Lama2"",""Itga6_Itgb1""]",1.0,-0.08674854437350224
"[""Lama2"",""Itga6_Itgb4""]",1.0,-0.0929135426206503
"[""Lama2"",""Itga7_Itgb1""]",1.0,-0.08127656271695578
"[""Lama2"",""Itga9_Itgb1""]",1.0,-0.08453755254687775
"[""Lama2"",""Itgav_Itgb8""]",1.0,-0.08684303651236622
"[""Lama2"",""Sv2a""]",1.0,-0.1288660513138017
"[""Lama2"",""Sv2b""]",1.0,-0.10404236919607682
"[""Lama2"",""Sv2c""]",1.0,-0.11310163812376353
"[""Lama3"",""Cd44""]",1.0,-0.29876776889294476
"[""Lama3"",""Dag1""]",1.0,-0.09947271269114016
"[""Lama3"",""Itga1_Itgb1""]",1.0,-0.09946789250462118
"[""Lama3"",""Itga2_Itgb1""]",1.0,-0.0979955952886617
"[""Lama3"",""Itga3_Itgb1""]",1.0,-0.0971616296204161
"[""Lama3"",""Itga6_Itgb1""]",1.0,-0.09728260713871631
"[""Lama3"",""Itga6_Itgb4""]",1.0,-0.10331099122763598
"[""Lama3"",""Itga7_Itgb1""]",1.0,-0.11198684906223907
"[""Lama3"",""Itga9_Itgb1""]",1.0,-0.09343798688410881
"[""Lama3"",""Itgav_Itgb8""]",1.0,-0.09484394847753666
"[""Lama3"",""Sv2a""]",1.0,-0.09518279559045473
"[""Lama3"",""Sv2b""]",1.0,-0.12055476401499299
"[""Lama3"",""Sv2c""]",1.0,-0.13085255852155286
"[""Lama4"",""Cd44""]",1.0,-0.15463894724808347
"[""Lama4"",""Dag1""]",1.0,-0.0937973215027485
"[""Lama4"",""Itga1_Itgb1""]",1.0,-0.09503137080976518
"[""Lama4"",""Itga2_Itgb1""]",1.0,-0.0945269982834297
"[""Lama4"",""Itga3_Itgb1""]",1.0,-0.09377137732517996
"[""Lama4"",""Itga6_Itgb1""]",1.0,-0.0931059647007213
"[""Lama4"",""Itga6_Itgb4""]",1.0,-0.09758163653381
"[""Lama4"",""Itga7_Itgb1""]",1.0,-0.09345183062938436
"[""Lama4"",""Itga9_Itgb1""]",1.0,-0.09099915149354201
"[""Lama4"",""Itgav_Itgb8""]",1.0,-0.09170358741705914
"[""Lama4"",""Sv2a""]",1.0,-0.09389561837226013
"[""Lama4"",""Sv2b""]",1.0,-0.10818356667507789
"[""Lama4"",""Sv2c""]",1.0,-0.1164469201380045
"[""Lama5"",""Cd44""]",1.0,-0.1470755593185321
"[""Lama5"",""Dag1""]",1.0,-0.09614241633065987
"[""Lama5"",""Itga1_Itgb1""]",1.0,-0.09757797501952925
"[""Lama5"",""Itga2_Itgb1""]",1.0,-0.09786129732572282
"[""Lama5"",""Itga3_Itgb1""]",1.0,-0.09571677682318191
"[""Lama5"",""Itga6_Itgb1""]",1.0,-0.0949234847552595
"[""Lama5"",""Itga6_Itgb4""]",1.0,-0.10247897997563093
"[""Lama5"",""Itga7_Itgb1""]",1.0,-0.09615969194415577
"[""Lama5"",""Itga9_Itgb1""]",1.0,-0.09479494161087099
"[""Lama5"",""Itgav_Itgb8""]",1.0,-0.09364223291473134
"[""Lama5"",""Sv2a""]",1.0,-0.06170829070200112
"[""Lama5"",""Sv2b""]",1.0,-0.11341653473949431
"[""Lama5"",""Sv2c""]",1.0,-0.12701563233183455
"[""Lamb1"",""Cd44""]",1.0,-0.12651793978917142
"[""Lamb1"",""Dag1""]",1.0,-0.08944451229563691
"[""Lamb1"",""Itga1_Itgb1""]",1.0,-0.09111958722275626
"[""Lamb1"",""Itga2_Itgb1""]",1.0,-0.08974809397934383
"[""Lamb1"",""Itga3_Itgb1""]",1.0,-0.08991049498756115
"[""Lamb1"",""Itga6_Itgb1""]",1.0,-0.08908963121905761
"[""Lamb1"",""Itga6_Itgb4""]",1.0,-0.09258532761763485
"[""Lamb1"",""Itga7_Itgb1""]",1.0,-0.08474315862725268
"[""Lamb1"",""Itga9_Itgb1""]",1.0,-0.08697103462826256
"[""Lamb1"",""Itgav_Itgb8""]",1.0,-0.08823207844850944
"[""Lamb1"",""Sv2a""]",1.0,-0.10493135555373134
"[""Lamb1"",""Sv2b""]",1.0,-0.10039024090787357
"[""Lamb1"",""Sv2c""]",1.0,-0.10665914742597621
"[""Lamb2"",""Cd44""]",1.0,-0.1525369732807711
"[""Lamb2"",""Dag1""]",1.0,-0.0980673025396176
"[""Lamb2"",""Itga1_Itgb1""]",1.0,-0.09856783414667458
"[""Lamb2"",""Itga2_Itgb1""]",1.0,-0.09787428926573044
"[""Lamb2"",""Itga3_Itgb1""]",1.0,-0.09682410981667466
"[""Lamb2"",""Itga6_Itgb1""]",1.0,-0.09709023371206785
"[""Lamb2"",""Itga6_Itgb4""]",1.0,-0.10211280455358507
"[""Lamb2"",""Itga7_Itgb1""]",1.0,-0.10347074379104687
"[""Lamb2"",""Itga9_Itgb1""]",1.0,-0.09444296956830614
"[""Lamb2"",""Itgav_Itgb8""]",1.0,-0.091842437752821
"[""Lamb2"",""Sv2a""]",1.0,-0.06289844782708354
"[""Lamb2"",""Sv2b""]",1.0,-0.11010600736357201
"[""Lamb2"",""Sv2c""]",1.0,-0.11639722184501
"[""Lamb3"",""Cd44""]",1.0,-0.2844563779861191
"[""Lamb3"",""Dag1""]",1.0,-0.09314021493581948
"[""Lamb3"",""Itga1_Itgb1""]",1.0,-0.0957504917792466
"[""Lamb3"",""Itga2_Itgb1""]",1.0,-0.09544735501556267
"[""Lamb3"",""Itga3_Itgb1""]",1.0,-0.09470445403775216
"[""Lamb3"",""Itga6_Itgb1""]",1.0,-0.09244304431372644
"[""Lamb3"",""Itga6_Itgb4""]",1.0,-0.10021503866319123
"[""Lamb3"",""Itga7_Itgb1""]",1.0,-0.08912289376085014
"[""Lamb3"",""Itga9_Itgb1""]",1.0,-0.09132986548387684
"[""Lamb3"",""Itgav_Itgb8""]",1.0,-0.09088897130021004
"[""Lamb3"",""Sv2a""]",1.0,-0.10373136643965652
"[""Lamb3"",""Sv2b""]",1.0,-0.11173991401944461
"[""Lamb3"",""Sv2c""]",1.0,-0.12535899949937102
"[""Lamc1"",""Cd44""]",1.0,-0.16805281341404338
"[""Lamc1"",""Dag1""]",1.0,-0.09305629348967787
"[""Lamc1"",""Itga1_Itgb1""]",1.0,-0.09423923794008299
"[""Lamc1"",""Itga2_Itgb1""]",1.0,-0.09351443690969496
"[""Lamc1"",""Itga3_Itgb1""]",1.0,-0.09315179920988073
"[""Lamc1"",""Itga6_Itgb1""]",1.0,-0.0920077569514528
"[""Lamc1"",""Itga6_Itgb4""]",1.0,-0.09759459356845415
"[""Lamc1"",""Itga7_Itgb1""]",1.0,-0.0928340710501567
"[""Lamc1"",""Itga9_Itgb1""]",1.0,-0.09033613144834055
"[""Lamc1"",""Itgav_Itgb8""]",1.0,-0.0900086955509036
"[""Lamc1"",""Sv2a""]",1.0,-0.1114586962878803
"[""Lamc1"",""Sv2b""]",1.0,-0.10824505168237541
"[""Lamc1"",""Sv2c""]",1.0,-0.11615948299473039
"[""Lamc2"",""Cd44""]",1.0,-0.02830784817130716
"[""Lamc2"",""Dag1""]",1.0,-0.09942743748563704
"[""Lamc2"",""Itga1_Itgb1""]",1.0,-0.1002933381174217
"[""Lamc2"",""Itga2_Itgb1""]",1.0,-0.099997167503098
"[""Lamc2"",""Itga3_Itgb1""]",1.0,-0.09696999759556513
"[""Lamc2"",""Itga6_Itgb1""]",1.0,-0.09754525206893094
"[""Lamc2"",""Itga6_Itgb4""]",1.0,-0.10663855876000095
"[""Lamc2"",""Itga7_Itgb1""]",1.0,-0.11381801814647341
"[""Lamc2"",""Itga9_Itgb1""]",1.0,-0.09561335067864007
"[""Lamc2"",""Itgav_Itgb8""]",1.0,-0.09232619767432476
"[""Lamc2"",""Sv2a""]",1.0,-0.006634252447679345
"[""Lamc2"",""Sv2b""]",1.0,-0.10870745939961246
"[""Lamc2"",""Sv2c""]",1.0,-0.09650376984784437
"[""Lamc3"",""Cd44""]",1.0,-0.3007646750598537
"[""Lamc3"",""Dag1""]",1.0,-0.09914303436008343
"[""Lamc3"",""Itga1_Itgb1""]",1.0,-0.0955306020903266
"[""Lamc3"",""Itga2_Itgb1""]",1.0,-0.0966264491901565
"[""Lamc3"",""Itga3_Itgb1""]",1.0,-0.09754524926484653
"[""Lamc3"",""Itga6_Itgb1""]",1.0,-0.09727797766637403
"[""Lamc3"",""Itga6_Itgb4""]",1.0,-0.10496850447412778
"[""Lamc3"",""Itga7_Itgb1""]",1.0,-0.11666053550750957
"[""Lamc3"",""Itga9_Itgb1""]",1.0,-0.09590260533722728
"[""Lamc3"",""Itgav_Itgb8""]",1.0,-0.09056111568927966
"[""Lamc3"",""Sv2a""]",1.0,-0.09552282690608382
"[""Lamc3"",""Sv2b""]",1.0,-0.11571445134905822
"[""Lamc3"",""Sv2c""]",1.0,-0.12090257284307038
"[""Lck"",""Cd8a_Cd8b1""]",1.0,-0.09506659042083038
"[""Lgals9"",""Cd44""]",1.0,-0.11927135337077754
"[""Lgals9"",""Havcr2""]",1.0,-0.09203455664882015
"[""Lgals9"",""Ighm""]",1.0,-0.09195534090476709
"[""Lgals9"",""Ptprc""]",1.0,-0.10022293575611424
"[""Lhb"",""Lhcgr""]",1.0,-0.09258129985150987
"[""Lif"",""Lifr_Il6st""]",1.0,-0.09699814017783576
"[""Lrrc4"",""Ntng2""]",1.0,-0.09574370754668138
"[""Lrrc4b"",""Ptprf""]",1.0,-0.09412539488940008
"[""Lrrc4c"",""Ntng1""]",1.0,-0.1080331551843676
"[""Lta"",""Tnfrsf14""]",1.0,-0.1519709448004274
"[""Lta"",""Tnfrsf1a""]",1.0,-0.0920086102975135
"[""Lta"",""Tnfrsf1b""]",1.0,-0.049686295412069814
"[""Lta_Ltb"",""Ltbr""]",1.0,-0.08568344041160691
"[""Madcam1"",""Itga4_Itgb7""]",1.0,-0.0917083345612632
"[""Mag"",""Mag""]",1.0,-0.09165114171819033
"[""Mdk"",""Alk""]",1.0,-0.0868607042178946
"[""Mdk"",""Itga4_Itgb1""]",1.0,-0.0805852818870477
"[""Mdk"",""Itga6_Itgb1""]",1.0,-0.08702058151529596
"[""Mdk"",""Lrp1""]",1.0,-0.08531362109433191
"[""Mdk"",""Ncl""]",1.0,-0.0806884226386507
"[""Mdk"",""Ptprz1""]",1.0,-0.09115998299896055
"[""Mdk"",""Sdc1""]",1.0,-0.08540654402409434
"[""Mdk"",""Sdc2""]",1.0,-0.08336913562993478
"[""Mdk"",""Sdc4""]",1.0,-0.09013251026065239
"[""Mif"",""Ackr3""]",1.0,-0.08729858146609018
"[""Mif"",""Cd74_Cd44""]",1.0,-0.07570245776089879
"[""Mif"",""Cd74_Cxcr2""]",1.0,-0.08816604547749529
"[""Mif"",""Cd74_Cxcr4""]",1.0,-0.0704468716998446
"[""Mpz"",""Mpz""]",1.0,-0.12178966832687477
"[""Mpz"",""Mpzl1""]",1.0,-0.10222951650292855
"[""Mpzl1"",""Mpzl1""]",1.0,-0.09325667346825994
"[""Mstn"",""Acvr1b_Acvr2a""]",1.0,-0.08814043065587385
"[""Mstn"",""Acvr1b_Acvr2b""]",1.0,-0.08576322607675124
"[""Mstn"",""Tgfbr1_Acvr2a""]",1.0,-0.08359269291163723
"[""Mstn"",""Tgfbr1_Acvr2b""]",1.0,-0.08272161628953012
"[""Nampt"",""Insr""]",1.0,-0.09277846119582614
"[""Nampt"",""Itga5_Itgb1""]",1.0,-0.09015818888362409
"[""Ncam1"",""Fgfr1""]",1.0,-0.09672706979340273
"[""Ncam1"",""L1cam""]",1.0,-0.06902056233654164
"[""Ncam1"",""Ncam1""]",1.0,-0.13911238443746243
"[""Ncam1"",""Ncam2""]",1.0,-0.1505253772277001
"[""Ncam2"",""L1cam""]",1.0,-0.1634629632544189
"[""Nectin1"",""Cadm3""]",1.0,-0.0761739087060106
"[""Nectin1"",""Cd96""]",1.0,-0.10560438430109179
"[""Nectin1"",""Nectin3""]",1.0,-0.09562147821806932
"[""Nectin1"",""Nectin4""]",1.0,-0.1104034838535698
"[""Nectin2"",""Cd226""]",1.0,-0.10710937775018373
"[""Nectin2"",""Tigit""]",1.0,-0.09528517646034318
"[""Nectin3"",""Nectin1""]",1.0,-0.09568240110106421
"[""Nectin3"",""Nectin2""]",1.0,-0.09170751729506538
"[""Nectin3"",""Pvr""]",1.0,-0.0890310453166778
"[""Nectin3"",""Tigit""]",1.0,-0.09015051245359462
"[""Negr1"",""Negr1""]",1.0,-0.098380633899427
"[""Nfasc"",""Cntn1_Cntnap1""]",1.0,-0.07452548480035481
"[""Ngf"",""Ngfr""]",1.0,-0.08828211955617571
"[""Ngf"",""Ntrk1""]",1.0,-0.10856390198508778
"[""Nmb"",""Nmbr""]",1.0,-0.08853408386623227
"[""Nms"",""Nmur1""]",1.0,-0.13859139154870342
"[""Nms"",""Nmur2""]",1.0,0.00012217789939872326
"[""Nmu"",""Nmur1""]",1.0,-0.1018881188619733
"[""Nmu"",""Nmur2""]",1.0,-0.06824293970847428
"[""Nodal"",""Acvr1b_Acvr2a_Cfc1""]",1.0,-0.09089710411536545
"[""Nodal"",""Acvr1b_Acvr2b_Cfc1""]",1.0,-0.09089710411536545
"[""Nodal"",""Acvr1c_Acvr2a_Cfc1""]",1.0,-0.09089710411536545
"[""Nodal"",""Acvr1c_Acvr2b_Cfc1""]",1.0,-0.09089710411536545
"[""Npb"",""Npbwr1""]",1.0,-0.10981437926848775
"[""Npff"",""Npffr1""]",1.0,-0.08924537026761348
"[""Npff"",""Npffr2""]",1.0,-0.1350942111059633
"[""Npnt_Fras1_Frem1"",""Itga8_Itgb1""]",1.0,-0.09077209623351257
"[""Npnt_Fras1_Frem2"",""Itga8_Itgb1""]",1.0,-0.0876029805278728
"[""Nppa"",""Npr1""]",1.0,-0.09112309180279973
"[""Nppb"",""Npr1""]",1.0,-0.09387550917680323
"[""Nppc"",""Npr2""]",1.0,-0.09573109069056956
"[""Nps"",""Npsr1""]",1.0,-0.1106769271938248
"[""Npvf"",""Npffr1""]",1.0,-0.096947202671818
"[""Npvf"",""Npffr2""]",1.0,-0.10005468884717442
"[""Npw"",""Npbwr1""]",1.0,-0.10297812210476542
"[""Npy"",""Gpr83""]",1.0,-0.11614083581750112
"[""Npy"",""Npy1r""]",1.0,-0.003275719531024235
"[""Npy"",""Npy2r""]",1.0,-0.0635551490760684
"[""Npy"",""Npy5r""]",1.0,0.03956233293774514
"[""Nrg1"",""Erbb2_Erbb3""]",1.0,-0.1017650598514753
"[""Nrg1"",""Erbb2_Erbb4""]",1.0,-0.09624499527329278
"[""Nrg1"",""Erbb3""]",1.0,-0.09501768171141295
"[""Nrg1"",""Erbb4""]",1.0,-0.09783414133883073
"[""Nrg1"",""Itgav_Itgb3""]",1.0,-0.10243064882487884
"[""Nrg2"",""Erbb2_Erbb3""]",1.0,-0.10237063742276728
"[""Nrg2"",""Erbb2_Erbb4""]",1.0,-0.09991325086978725
"[""Nrg2"",""Erbb3""]",1.0,-0.09716143753836404
"[""Nrg2"",""Erbb4""]",1.0,-0.10135035207332252
"[""Nrg3"",""Erbb2_Erbb4""]",1.0,-0.08668697136529635
"[""Nrg3"",""Erbb4""]",1.0,-0.11183208867269989
"[""Nrg4"",""Erbb2_Erbb4""]",1.0,-0.09276063203887253
"[""Nrg4"",""Erbb4""]",1.0,-0.09379352565860527
"[""Nrtn"",""Gfra2_Ret""]",1.0,-0.08734883013486383
"[""Nrxn1"",""Nlgn1""]",1.0,-0.12451783834602592
"[""Nrxn1"",""Nlgn2""]",1.0,-0.11336818764995005
"[""Nrxn1"",""Nlgn3""]",1.0,-0.11524270890390731
"[""Nrxn2"",""Nlgn1""]",1.0,-0.06941496188849006
"[""Nrxn2"",""Nlgn2""]",1.0,-0.05592438213071915
"[""Nrxn2"",""Nlgn3""]",1.0,-0.03364165655942308
"[""Nrxn3"",""Nlgn1""]",1.0,-0.08512658304126863
"[""Nrxn3"",""Nlgn2""]",1.0,-0.07124076796436107
"[""Nrxn3"",""Nlgn3""]",1.0,-0.04648469713722636
"[""Ntf3"",""Ntrk1""]",1.0,-0.10261669161484835
"[""Ntf3"",""Ntrk2""]",1.0,-0.09582152779830735
"[""Ntf3"",""Ntrk3""]",1.0,-0.10245798209531612
"[""Ntf5"",""Ntrk2""]",1.0,-0.09801808338504026
"[""Nts"",""Ntsr1""]",1.0,-0.10253838472313087
"[""Ocln"",""Ocln""]",1.0,-0.12696282870980574
"[""Osm"",""Lifr_Il6st""]",1.0,-0.11259211958924675
"[""Osm"",""Osmr_Il6st""]",1.0,-0.12640048929397907
"[""Ostn"",""Npr3""]",1.0,-0.08462427679915893
"[""Oxt"",""Oxtr""]",1.0,-0.11942897388532092
"[""Pdcd1lg2"",""Pdcd1""]",1.0,-0.11195337792563975
"[""Pdgfa"",""Pdgfra""]",1.0,-0.08653722946753342
"[""Pdgfa"",""Pdgfrb""]",1.0,-0.09082104585399425
"[""Pdgfb"",""Pdgfra""]",1.0,-0.09063886702514201
"[""Pdgfb"",""Pdgfrb""]",1.0,-0.09086110742366821
"[""Pdgfc"",""Pdgfra""]",1.0,-0.08185993286279104
"[""Pdgfd"",""Pdgfrb""]",1.0,-0.08958025751062695
"[""Pdyn"",""Oprd1""]",1.0,-0.07430668825649389
"[""Pdyn"",""Oprk1""]",1.0,0.035856616660269736
"[""Pdyn"",""Oprl1""]",1.0,0.0847827820178727
"[""Pdyn"",""Oprm1""]",1.0,-0.005569017473367355
"[""Pecam1"",""Pecam1""]",1.0,-0.0938152981826767
"[""Penk"",""Oprd1""]",1.0,-0.09254108165930111
"[""Penk"",""Oprk1""]",1.0,-0.09202995889815185
"[""Penk"",""Oprl1""]",1.0,-0.03805885905687589
"[""Penk"",""Oprm1""]",1.0,-0.09812150830018679
"[""Pgf"",""Flt1""]",1.0,-0.09416473521234459
"[""Plg"",""F2rl3""]",1.0,-0.16986304007639663
"[""Plg"",""Pard3""]",1.0,-0.11394863834279939
"[""Pmch"",""Mchr1""]",1.0,-0.07401895791437552
"[""Pmch"",""Mertk""]",1.0,-0.08577255021713154
"[""Pomc"",""Mc1r""]",1.0,-0.08658262776524417
"[""Pomc"",""Mc2r""]",1.0,-0.09199037125391368
"[""Pomc"",""Mc4r""]",1.0,-0.06716817298573752
"[""Pomc"",""Oprd1""]",1.0,-0.09355627905415154
"[""Pomc"",""Oprk1""]",1.0,-0.08424454959273753
"[""Pomc"",""Oprl1""]",1.0,-0.013297049178718545
"[""Pomc"",""Oprm1""]",1.0,-0.09480242451514603
"[""Postn"",""Itgav_Itgb3""]",1.0,-0.1102087036904944
"[""Postn"",""Itgav_Itgb5""]",1.0,-0.09906874600513116
"[""Ppbp"",""Cxcr2""]",1.0,-0.11101205289295413
"[""Ppy"",""Gpr83""]",1.0,-0.0836319751193676
"[""Ppy"",""Npy1r""]",1.0,-0.09747133758794868
"[""Ppy"",""Npy2r""]",1.0,-0.08831553892177174
"[""Ppy"",""Npy5r""]",1.0,-0.01231708670559084
"[""Prok1"",""Prokr1""]",1.0,-0.10208743329221806
"[""Prok1"",""Prokr2""]",1.0,-0.10057239557855926
"[""Prok2"",""Prokr1""]",1.0,-0.0959609841738692
"[""Prok2"",""Prokr2""]",1.0,-0.09537627517543712
"[""Pros1"",""Axl""]",1.0,-0.09461755696201302
"[""Pros1"",""Tyro3""]",1.0,-0.0932250050797448
"[""Psap"",""Gpr37""]",1.0,-0.09499646613829471
"[""Psap"",""Gpr37l1""]",1.0,-0.10143260216386657
"[""Pspn"",""Gfra4_Ret""]",1.0,-0.08945973769586768
"[""Pth2"",""Pth1r""]",1.0,-0.0825743127393016
"[""Pth2"",""Pth2r""]",1.0,-0.0942835474525146
"[""Pthlh"",""Pth1r""]",1.0,-0.08803595518281868
"[""Ptn"",""Alk""]",1.0,-0.1092945636830043
"[""Ptn"",""Itgav_Itgb3""]",1.0,-0.11366349415713578
"[""Ptn"",""Ncl""]",1.0,-0.09721541848758566
"[""Ptn"",""Ptprz1""]",1.0,-0.10712001573787433
"[""Ptn"",""Sdc1""]",1.0,-0.10336773795081414
"[""Ptn"",""Sdc2""]",1.0,-0.1014435745320009
"[""Ptn"",""Sdc3""]",1.0,-0.12428417924441648
"[""Ptn"",""Sdc4""]",1.0,-0.11554074318360774
"[""Ptprc"",""Cd22""]",1.0,-0.10818263262439531
"[""Ptprc"",""Mrc1""]",1.0,-0.09824326904117231
"[""Ptprm"",""Ptprm""]",1.0,-0.08543741186145704
"[""Pvr"",""Cd226""]",1.0,-0.11017431194896418
"[""Pvr"",""Tigit""]",1.0,-0.09378079374327375
"[""Pyy"",""Gpr83""]",1.0,-0.07684307372427523
"[""Pyy"",""Npy1r""]",1.0,-0.049523765757649385
"[""Pyy"",""Npy2r""]",1.0,-0.07099149698943741
"[""Pyy"",""Npy5r""]",1.0,0.03224415268146186
"[""Qrfp"",""Qrfpr""]",1.0,-0.10695484769449853
"[""Rarres2"",""Cmklr1""]",1.0,-0.09035659083223546
"[""Rarres2"",""Gpr1""]",1.0,-0.08814071811432311
"[""Reln"",""Itga3_Itgb1""]",1.0,-0.10191117452799864
"[""Retn"",""Cap1""]",1.0,-0.08850713021578399
"[""Retn"",""Tlr4""]",1.0,-0.09427869692942037
"[""Rln1"",""Rxfp1""]",1.0,-0.08696872340554568
"[""Rln1"",""Rxfp2""]",1.0,-0.09273557907340191
"[""Rln1"",""Rxfp3""]",1.0,-0.09092723769947225
"[""Rln3"",""Rxfp1""]",1.0,-0.09861001476633746
"[""Rln3"",""Rxfp2""]",1.0,-0.0965624903496076
"[""Rln3"",""Rxfp3""]",1.0,-0.09663129828890166
"[""Saa2"",""Fpr2""]",1.0,-0.09631762699457591
"[""Scgb3a2"",""Marco""]",1.0,-0.5845390801677992
"[""Sct"",""Sctr""]",1.0,-0.08896260518550997
"[""Sell"",""Cd34""]",1.0,-0.09241023580256036
"[""Sell"",""Madcam1""]",1.0,-0.08275531152574689
"[""Sell"",""Podxl""]",1.0,-0.1157971703622912
"[""Selplg"",""Sell""]",1.0,-0.09092759568598419
"[""Selplg"",""Selp""]",1.0,-0.11065911850004745
"[""Sema3a"",""Nrp1_Plxna1""]",1.0,-0.09212940502499462
"[""Sema3a"",""Nrp1_Plxna2""]",1.0,-0.09063645557507938
"[""Sema3a"",""Nrp1_Plxna3""]",1.0,-0.10185487918327574
"[""Sema3a"",""Nrp1_Plxna4""]",1.0,-0.09556405767212212
"[""Sema3b"",""Nrp1_Plxna1""]",1.0,-0.09546538249244668
"[""Sema3b"",""Nrp1_Plxna2""]",1.0,-0.09241263646089873
"[""Sema3b"",""Nrp1_Plxna3""]",1.0,-0.10265705973281292
"[""Sema3b"",""Nrp1_Plxna4""]",1.0,-0.10607348491037533
"[""Sema3b"",""Nrp2_Plxna1""]",1.0,-0.09319805578544221
"[""Sema3b"",""Nrp2_Plxna2""]",1.0,-0.09541173211528114
"[""Sema3b"",""Nrp2_Plxna3""]",1.0,-0.09991215418992361
"[""Sema3b"",""Nrp2_Plxna4""]",1.0,-0.1100242086558662
"[""Sema3c"",""Nrp1_Nrp2_Plxnd1""]",1.0,-0.10115348781738909
"[""Sema3c"",""Nrp1_Plxna1""]",1.0,-0.09503530899513171
"[""Sema3c"",""Nrp1_Plxna2""]",1.0,-0.09346984121077412
"[""Sema3c"",""Nrp1_Plxna3""]",1.0,-0.10476860271635885
"[""Sema3c"",""Nrp1_Plxna4""]",1.0,-0.10252760819797593
"[""Sema3c"",""Nrp2_Plxna1""]",1.0,-0.09355732039058648
"[""Sema3c"",""Nrp2_Plxna2""]",1.0,-0.09706169177422125
"[""Sema3c"",""Nrp2_Plxna3""]",1.0,-0.1034580775193239
"[""Sema3c"",""Nrp2_Plxna4""]",1.0,-0.10347455023476904
"[""Sema3c"",""Plxnd1""]",1.0,-0.1028087548313209
"[""Sema3d"",""Nrp1_Plxna1""]",1.0,-0.09521886357773049
"[""Sema3d"",""Nrp1_Plxna2""]",1.0,-0.09316533591429876
"[""Sema3d"",""Nrp1_Plxna3""]",1.0,-0.10584511011360087
"[""Sema3d"",""Nrp1_Plxna4""]",1.0,-0.0996537547270547
"[""Sema3d"",""Nrp2_Plxna1""]",1.0,-0.09412133213257559
"[""Sema3d"",""Nrp2_Plxna2""]",1.0,-0.09734761250606083
"[""Sema3d"",""Nrp2_Plxna3""]",1.0,-0.10506250609867357
"[""Sema3d"",""Nrp2_Plxna4""]",1.0,-0.10177088603260231
"[""Sema3e"",""Plxnd1""]",1.0,-0.10263749341151218
"[""Sema3f"",""Nrp2_Plxna1""]",1.0,-0.09566680794203675
"[""Sema3f"",""Nrp2_Plxna2""]",1.0,-0.0997069059324377
"[""Sema3f"",""Nrp2_Plxna3""]",1.0,-0.10046767461178135
"[""Sema3f"",""Nrp2_Plxna4""]",1.0,-0.1050321510897112
"[""Sema3g"",""Nrp2_Plxna1""]",1.0,-0.09545739364637124
"[""Sema3g"",""Nrp2_Plxna2""]",1.0,-0.0985416346245328
"[""Sema3g"",""Nrp2_Plxna3""]",1.0,-0.09991840221564097
"[""Sema3g"",""Nrp2_Plxna4""]",1.0,-0.10883545562342678
"[""Sema4a"",""Nrp1_Plxna1""]",1.0,-0.11316927106945429
"[""Sema4a"",""Nrp1_Plxna2""]",1.0,-0.10872788869287142
"[""Sema4a"",""Nrp1_Plxna3""]",1.0,-0.050362138774800336
"[""Sema4a"",""Nrp1_Plxna4""]",1.0,-0.12578116976937292
"[""Sema4a"",""Plxnb1""]",1.0,-0.08320545110719857
"[""Sema4a"",""Plxnb2""]",1.0,-0.09511225517119215
"[""Sema4a"",""Plxnb3""]",1.0,-0.1188640603503438
"[""Sema4a"",""Timd2""]",1.0,-0.20971836555654
"[""Sema4c"",""Plxnb2""]",1.0,-0.09281162383300906
"[""Sema4d"",""Cd72""]",1.0,-0.10419930706265035
"[""Sema4d"",""Plxnb1""]",1.0,-0.10238715058556369
"[""Sema4d"",""Plxnb2""]",1.0,-0.09759381341166967
"[""Sema4d"",""Plxnb3""]",1.0,-0.10416885094947875
"[""Sema4g"",""Plxnb2""]",1.0,-0.09833928727349295
"[""Sema5a"",""Plxna1""]",1.0,-0.09127977940058782
"[""Sema5a"",""Plxna3""]",1.0,-0.10147558625218339
"[""Sema5a"",""Plxnb3""]",1.0,-0.09237096864809258
"[""Sema5b"",""Plxna1""]",1.0,-0.09143010874504576
"[""Sema5b"",""Plxna3""]",1.0,-0.0923210131848437
"[""Sema6a"",""Plxna2""]",1.0,-0.0927053781791202
"[""Sema6a"",""Plxna4""]",1.0,-0.09919449950841983
"[""Sema6b"",""Plxna2""]",1.0,-0.1005012620343671
"[""Sema6b"",""Plxna4""]",1.0,-0.12989797881603393
"[""Sema6d"",""Plxna1""]",1.0,-0.10337716892329346
"[""Sema6d"",""Plxna1_Kdr""]",1.0,-0.10721483658769698
"[""Sema6d"",""Plxna1_Trem2_Tyrobp""]",1.0,-0.09428476347768089
"[""Sema7a"",""Itgb1_Itga1""]",1.0,-0.10328930873508113
"[""Sema7a"",""Plxnc1""]",1.0,-0.07855200029964293
"[""Shh"",""Ptch1_Smo""]",1.0,-0.08905075890215688
"[""Shh"",""Ptch2_Smo""]",1.0,-0.09009179221432231
"[""Siglec1"",""Spn""]",1.0,-0.1440046145091185
"[""Slurp1"",""Chrna1""]",1.0,-0.09337002992880722
"[""Slurp1"",""Chrna2""]",1.0,-0.1353029861327516
"[""Slurp1"",""Chrna3""]",1.0,-0.06794616284879573
"[""Slurp1"",""Chrna4""]",1.0,-0.01812568059201336
"[""Slurp1"",""Chrna5""]",1.0,-0.09911373681303715
"[""Slurp1"",""Chrna6""]",1.0,-0.13847760888782618
"[""Slurp1"",""Chrna7""]",1.0,-0.11271196635068698
"[""Slurp1"",""Chrna9""]",1.0,-0.11366890009819075
"[""Slurp1"",""Chrnb1""]",1.0,-0.09660201193120016
"[""Slurp1"",""Chrnb2""]",1.0,0.0007862148227235632
"[""Slurp1"",""Chrnb3""]",1.0,-0.18706876196874395
"[""Slurp1"",""Chrnb4""]",1.0,-0.12043139597599328
"[""Slurp1"",""Chrnd""]",1.0,-0.09976497279885466
"[""Slurp1"",""Chrne""]",1.0,-0.12270509227310583
"[""Slurp1"",""Chrng""]",1.0,-0.09797555822854165
"[""Slurp2"",""Chrna1""]",1.0,-0.08582544232059483
"[""Slurp2"",""Chrna2""]",1.0,-0.06995861765433009
"[""Slurp2"",""Chrna3""]",1.0,-0.06341288583848859
"[""Slurp2"",""Chrna4""]",1.0,-0.038269653177646856
"[""Slurp2"",""Chrna5""]",1.0,-0.09289298817225833
"[""Slurp2"",""Chrna6""]",1.0,-0.10617226311214067
"[""Slurp2"",""Chrna7""]",1.0,-0.10065530917089616
"[""Slurp2"",""Chrna9""]",1.0,-0.0998041820809521
"[""Slurp2"",""Chrnb1""]",1.0,-0.08951092814355652
"[""Slurp2"",""Chrnb2""]",1.0,-0.03592935445283374
"[""Slurp2"",""Chrnb3""]",1.0,-0.12640023205979145
"[""Slurp2"",""Chrnb4""]",1.0,-0.09914440066391644
"[""Slurp2"",""Chrnd""]",1.0,-0.08864239435371152
"[""Slurp2"",""Chrne""]",1.0,-0.09201700238282706
"[""Slurp2"",""Chrng""]",1.0,-0.08804945123707769
"[""Spp1"",""Cd44""]",1.0,-0.03852512779503536
"[""Spp1"",""Itga4_Itgb1""]",1.0,-0.09609098009630512
"[""Spp1"",""Itga5_Itgb1""]",1.0,-0.0929964199279178
"[""Spp1"",""Itga8_Itgb1""]",1.0,-0.0943462100028013
"[""Spp1"",""Itga9_Itgb1""]",1.0,-0.09306875776727491
"[""Spp1"",""Itgav_Itgb1""]",1.0,-0.09487201956420493
"[""Spp1"",""Itgav_Itgb3""]",1.0,-0.10241850150877108
"[""Spp1"",""Itgav_Itgb5""]",1.0,-0.09464289056358766
"[""Spp1"",""Itgav_Itgb6""]",1.0,-0.09327319116673283
"[""Sst"",""Sstr1""]",1.0,0.01821146771507398
"[""Sst"",""Sstr2""]",1.0,0.006439970067233736
"[""Sst"",""Sstr3""]",1.0,0.05554152454190531
"[""Sst"",""Sstr4""]",1.0,-0.08531638026801447
"[""Sst"",""Sstr5""]",1.0,0.0014299733322211683
"[""Tac1"",""Tacr1""]",1.0,-0.03383980518410201
"[""Tac1"",""Tacr2""]",1.0,-0.06167244845808206
"[""Tac2"",""Tacr3""]",1.0,-0.05041391802972883
"[""Tac4"",""Tacr1""]",1.0,-0.10054059654216002
"[""Tgfa"",""Egfr""]",1.0,-0.10972248991758043
"[""Tgfa"",""Egfr_Erbb2""]",1.0,-0.08363804252124563
"[""Tgfb1"",""Acvr1_Tgfbr1_Tgfbr2""]",1.0,-0.0954053743969333
"[""Tgfb1"",""Acvr1b_Tgfbr2""]",1.0,-0.09674948371483594
"[""Tgfb1"",""Acvr1c_Tgfbr2""]",1.0,-0.1001309060576982
"[""Tgfb1"",""Tgfbr1_Tgfbr2""]",1.0,-0.09310384166284763
"[""Tgfb2"",""Acvr1_Tgfbr1_Tgfbr2""]",1.0,-0.08754986143760746
"[""Tgfb2"",""Acvr1b_Tgfbr2""]",1.0,-0.09349085542237451
"[""Tgfb2"",""Acvr1c_Tgfbr2""]",1.0,-0.09725300293345349
"[""Tgfb2"",""Tgfbr1_Tgfbr2""]",1.0,-0.08713857008629114
"[""Tgfb3"",""Acvr1_Tgfbr1_Tgfbr2""]",1.0,-0.08868598209420767
"[""Tgfb3"",""Acvr1b_Tgfbr2""]",1.0,-0.09325440471629737
"[""Tgfb3"",""Acvr1c_Tgfbr2""]",1.0,-0.09887831901363597
"[""Tgfb3"",""Tgfbr1_Tgfbr2""]",1.0,-0.08823661726107035
"[""Thbs1"",""Cd36""]",1.0,-0.09643468332437816
"[""Thbs1"",""Cd47""]",1.0,-0.09338612784129902
"[""Thbs1"",""Itga3_Itgb1""]",1.0,-0.09235381381186497
"[""Thbs1"",""Itgav_Itgb3""]",1.0,-0.09684574028561194
"[""Thbs1"",""Sdc1""]",1.0,-0.08831388438017937
"[""Thbs1"",""Sdc4""]",1.0,-0.09097933031025995
"[""Thbs2"",""Cd36""]",1.0,-0.09923185356468489
"[""Thbs2"",""Cd47""]",1.0,-0.09586518138522576
"[""Thbs2"",""Itga3_Itgb1""]",1.0,-0.09558764275123893
"[""Thbs2"",""Itgav_Itgb3""]",1.0,-0.10195238789574806
"[""Thbs2"",""Sdc1""]",1.0,-0.09008557063006412
"[""Thbs2"",""Sdc4""]",1.0,-0.09558038606086267
"[""Thbs3"",""Cd36""]",1.0,-0.09873065405842385
"[""Thbs3"",""Cd47""]",1.0,-0.09419345944981244
"[""Thbs3"",""Itga3_Itgb1""]",1.0,-0.0949855932501778
"[""Thbs3"",""Itgav_Itgb3""]",1.0,-0.10167409174840258
"[""Thbs3"",""Sdc1""]",1.0,-0.09245226613197943
"[""Thbs3"",""Sdc4""]",1.0,-0.0926007110524707
"[""Thbs4"",""Cd36""]",1.0,-0.08025768146905832
"[""Thbs4"",""Cd47""]",1.0,-0.09107503747834184
"[""Thbs4"",""Itga3_Itgb1""]",1.0,-0.08846315655435122
"[""Thbs4"",""Itgav_Itgb3""]",1.0,-0.09266268192513621
"[""Thbs4"",""Sdc1""]",1.0,-0.08633837607835584
"[""Thbs4"",""Sdc4""]",1.0,-0.09129790865740889
"[""Thpo"",""Mpl""]",1.0,-0.1169964909296457
"[""Thy1"",""Itgam_Itgb2""]",1.0,-0.0996915570639697
"[""Thy1"",""Itgav_Itgb3""]",1.0,-0.11389904487888702
"[""Thy1"",""Itgax_Itgb2""]",1.0,-0.10053137625649566
"[""Tigit"",""Nectin2""]",1.0,-0.09527211892712759
"[""Tigit"",""Pvr""]",1.0,-0.09375108096336174
"[""Tnc"",""Itga2b_Itgb3""]",1.0,-0.09689773708190397
"[""Tnc"",""Itga8_Itgb1""]",1.0,-0.08938059567895296
"[""Tnc"",""Itga9_Itgb1""]",1.0,-0.08896615131482902
"[""Tnc"",""Itgav_Itgb3""]",1.0,-0.09679021476082661
"[""Tnc"",""Itgav_Itgb6""]",1.0,-0.08535742144954342
"[""Tnc"",""Sdc1""]",1.0,-0.08851946461309365
"[""Tnc"",""Sdc4""]",1.0,-0.0900619846080587
"[""Tnfsf10"",""Tnfrsf10b""]",1.0,-0.09770194831875981
"[""Tnfsf11"",""Tnfrsf11a""]",1.0,-0.09483192792852785
"[""Tnfsf11"",""Tnfrsf11b""]",1.0,-0.09288305106059488
"[""Tnfsf12"",""Tnfrsf12a""]",1.0,-0.09253679389095626
"[""Tnfsf13b"",""Tnfrsf13b""]",1.0,-0.09654350315248972
"[""Tnfsf13b"",""Tnfrsf13c""]",1.0,-0.09451169465411063
"[""Tnfsf13b"",""Tnfrsf17""]",1.0,-0.09409731678685102
"[""Tnfsf14"",""Ltbr""]",1.0,-0.09553111684743698
"[""Tnfsf14"",""Tnfrsf14""]",1.0,-0.12667700769951262
"[""Tnfsf15"",""Tnfrsf25""]",1.0,-0.11231705913837253
"[""Tnfsf18"",""Tnfrsf18""]",1.0,-0.09708808735492194
"[""Tnfsf4"",""Tnfrsf4""]",1.0,-0.10502902837122569
"[""Tnfsf8"",""Tnfrsf8""]",1.0,-0.13387106302394347
"[""Tnfsf9"",""Tnfrsf9""]",1.0,-0.0903185575196048
"[""Tnn"",""Itga2b_Itgb3""]",1.0,-0.1028456315740266
"[""Tnn"",""Itga8_Itgb1""]",1.0,-0.09131901107180482
"[""Tnn"",""Itga9_Itgb1""]",1.0,-0.09113557380778056
"[""Tnn"",""Itgav_Itgb3""]",1.0,-0.10267693505293257
"[""Tnn"",""Itgav_Itgb6""]",1.0,-0.09564076607481445
"[""Tnn"",""Sdc1""]",1.0,-0.08989524120231229
"[""Tnn"",""Sdc4""]",1.0,-0.09197360857161319
"[""Tnr"",""Itga2b_Itgb3""]",1.0,-0.11612296168181824
"[""Tnr"",""Itga8_Itgb1""]",1.0,-0.11153455019912062
"[""Tnr"",""Itga9_Itgb1""]",1.0,-0.11316813048754609
"[""Tnr"",""Itgav_Itgb3""]",1.0,-0.11633047142524733
"[""Tnr"",""Itgav_Itgb6""]",1.0,-0.14220409903909015
"[""Tnr"",""Sdc1""]",1.0,-0.0992416234150808
"[""Tnr"",""Sdc4""]",1.0,-0.05442432942140696
"[""Tnxb"",""Itga2b_Itgb3""]",1.0,-0.1123402984002782
"[""Tnxb"",""Itga8_Itgb1""]",1.0,-0.10257168557140586
"[""Tnxb"",""Itga9_Itgb1""]",1.0,-0.09866971186042064
"[""Tnxb"",""Itgav_Itgb3""]",1.0,-0.11217956842608445
"[""Tnxb"",""Itgav_Itgb6""]",1.0,-0.08271644533901903
"[""Tnxb"",""Sdc1""]",1.0,-0.10033010558911354
"[""Tnxb"",""Sdc4""]",1.0,-0.12286580763399652
"[""Trh"",""Trhr""]",1.0,-0.07993927652032207
"[""Try10"",""F2r""]",1.0,-0.09755797801703953
"[""Try10"",""F2rl1""]",1.0,-0.11177116302259965
"[""Try10"",""F2rl2""]",1.0,-0.10488328877964459
"[""Try10"",""F2rl3""]",1.0,-0.10543766668788856
"[""Try10"",""Pard3""]",1.0,-0.0973432722313208
"[""Try5"",""F2r""]",1.0,-0.0876993692569227
"[""Try5"",""F2rl1""]",1.0,-0.08590490824371438
"[""Try5"",""F2rl2""]",1.0,-0.09333017677575384
"[""Try5"",""F2rl3""]",1.0,-0.09186128561722384
"[""Try5"",""Pard3""]",1.0,-0.08521699689579543
"[""Tshb"",""Tshr""]",1.0,-0.10708875430273923
"[""Tslp"",""Il7r_Crlf2""]",1.0,-0.09107915243344761
"[""Ucn"",""Crhr1""]",1.0,-0.07811943943941813
"[""Ucn"",""Crhr2""]",1.0,-0.09203919715112513
"[""Ucn2"",""Crhr1""]",1.0,-0.009869921002288007
"[""Ucn2"",""Crhr2""]",1.0,-0.10198323036035173
"[""Uts2b"",""Sstr5""]",1.0,-0.11025776648146979
"[""Uts2b"",""Uts2r""]",1.0,-0.09475396860233987
"[""Vegfa"",""Flt1""]",1.0,-0.09482066032171518
"[""Vegfa"",""Flt1_Kdr""]",1.0,-0.09482066032171518
"[""Vegfa"",""Kdr""]",1.0,-0.09487720808979735
"[""Vegfb"",""Flt1""]",1.0,-0.09229625647356818
"[""Vegfc"",""Flt4""]",1.0,-0.09191340771916409
"[""Vegfc"",""Flt4_Kdr""]",1.0,-0.09191340771916409
"[""Vegfc"",""Kdr""]",1.0,-0.09320203849999126
"[""Vegfd"",""Flt4""]",1.0,-0.09765445165051778
"[""Vegfd"",""Flt4_Kdr""]",1.0,-0.09765445165051778
"[""Vegfd"",""Kdr""]",1.0,-0.09894554473382111
"[""Vsir"",""Igsf11""]",1.0,-0.09624720712697704
"[""Vtn"",""Itga2b_Itgb3""]",1.0,-0.1349190458160835
"[""Vtn"",""Itga8_Itgb1""]",1.0,-0.116441318289704
"[""Vtn"",""Itgav_Itgb1""]",1.0,-0.12289409841058757
"[""Vtn"",""Itgav_Itgb3""]",1.0,-0.1348810576779414
"[""Vtn"",""Itgav_Itgb5""]",1.0,-0.12262428602536424
"[""Vtn"",""Itgav_Itgb8""]",1.0,-0.09487996017156108
"[""Vwf"",""Gp1ba_Gp1bb_Gp5_Gp9""]",1.0,-0.09402607477595393
"[""Vwf"",""Itga2b_Itgb3""]",1.0,-0.10013508885448164
"[""Vwf"",""Itgav_Itgb3""]",1.0,-0.10008124475116059
"[""Wnt1"",""Fzd10_Lrp5""]",1.0,-0.10019624916382175
"[""Wnt1"",""Fzd10_Lrp6""]",1.0,-0.0972284877611376
"[""Wnt1"",""Fzd1_Lrp5""]",1.0,-0.09815256206225592
"[""Wnt1"",""Fzd1_Lrp6""]",1.0,-0.0962950597814087
"[""Wnt1"",""Fzd2_Lrp5""]",1.0,-0.09793797279405037
"[""Wnt1"",""Fzd2_Lrp6""]",1.0,-0.10282110832967598
"[""Wnt1"",""Fzd3_Lrp5""]",1.0,-0.09793797279405037
"[""Wnt1"",""Fzd3_Lrp6""]",1.0,-0.10352114815134622
"[""Wnt1"",""Fzd4_Lrp5""]",1.0,-0.09741637905834749
"[""Wnt1"",""Fzd4_Lrp6""]",1.0,-0.09844303931412829
"[""Wnt1"",""Fzd5_Lrp5""]",1.0,-0.10063265308517469
"[""Wnt1"",""Fzd5_Lrp6""]",1.0,-0.10063265308517469
"[""Wnt1"",""Fzd6_Lrp5""]",1.0,-0.09286862634790241
"[""Wnt1"",""Fzd6_Lrp6""]",1.0,-0.101769667642641
"[""Wnt1"",""Fzd7_Lrp5""]",1.0,-0.09802129012790459
"[""Wnt1"",""Fzd7_Lrp6""]",1.0,-0.0981154136022657
"[""Wnt1"",""Fzd8_Lrp5""]",1.0,-0.09987608558512373
"[""Wnt1"",""Fzd8_Lrp6""]",1.0,-0.09841087259677272
"[""Wnt1"",""Fzd9_Lrp5""]",1.0,-0.09857336353416624
"[""Wnt1"",""Fzd9_Lrp6""]",1.0,-0.0969285155131549
"[""Wnt10a"",""Fzd10_Lrp5""]",1.0,-0.10487228780099173
"[""Wnt10a"",""Fzd10_Lrp6""]",1.0,-0.10320231905377958
"[""Wnt10a"",""Fzd1_Lrp5""]",1.0,-0.09937330677285108
"[""Wnt10a"",""Fzd1_Lrp6""]",1.0,-0.0941337755959899
"[""Wnt10a"",""Fzd2_Lrp5""]",1.0,-0.09933980530754977
"[""Wnt10a"",""Fzd2_Lrp6""]",1.0,-0.10369784544566268
"[""Wnt10a"",""Fzd3_Lrp5""]",1.0,-0.09933980530754977
"[""Wnt10a"",""Fzd3_Lrp6""]",1.0,-0.09629644452250558
"[""Wnt10a"",""Fzd4_Lrp5""]",1.0,-0.09348669716930602
"[""Wnt10a"",""Fzd4_Lrp6""]",1.0,-0.09526952915439213
"[""Wnt10a"",""Fzd5_Lrp5""]",1.0,-0.10713852895703602
"[""Wnt10a"",""Fzd5_Lrp6""]",1.0,-0.10713852895703602
"[""Wnt10a"",""Fzd6_Lrp5""]",1.0,-0.08465045098741264
"[""Wnt10a"",""Fzd6_Lrp6""]",1.0,-0.10117853379369063
"[""Wnt10a"",""Fzd7_Lrp5""]",1.0,-0.0992862522670458
"[""Wnt10a"",""Fzd7_Lrp6""]",1.0,-0.09834957695667929
"[""Wnt10a"",""Fzd8_Lrp5""]",1.0,-0.09688019258960678
"[""Wnt10a"",""Fzd8_Lrp6""]",1.0,-0.09428283122936798
"[""Wnt10a"",""Fzd9_Lrp5""]",1.0,-0.08661989311388829
"[""Wnt10a"",""Fzd9_Lrp6""]",1.0,-0.08768457079230801
"[""Wnt10b"",""Fzd10_Lrp5""]",1.0,-0.11110908069635778
"[""Wnt10b"",""Fzd10_Lrp6""]",1.0,-0.11025190970114068
"[""Wnt10b"",""Fzd1_Lrp5""]",1.0,-0.10592966655419978
"[""Wnt10b"",""Fzd1_Lrp6""]",1.0,-0.10010588064045989
"[""Wnt10b"",""Fzd2_Lrp5""]",1.0,-0.10586389299771864
"[""Wnt10b"",""Fzd2_Lrp6""]",1.0,-0.11048404479053175
"[""Wnt10b"",""Fzd3_Lrp5""]",1.0,-0.10586389299771864
"[""Wnt10b"",""Fzd3_Lrp6""]",1.0,-0.09678728858281954
"[""Wnt10b"",""Fzd4_Lrp5""]",1.0,-0.10061170200957037
"[""Wnt10b"",""Fzd4_Lrp6""]",1.0,-0.10373352883350045
"[""Wnt10b"",""Fzd5_Lrp5""]",1.0,-0.13153136882246624
"[""Wnt10b"",""Fzd5_Lrp6""]",1.0,-0.13153136882246624
"[""Wnt10b"",""Fzd6_Lrp5""]",1.0,-0.08794828974219748
"[""Wnt10b"",""Fzd6_Lrp6""]",1.0,-0.11857038537618136
"[""Wnt10b"",""Fzd7_Lrp5""]",1.0,-0.10578988838375086
"[""Wnt10b"",""Fzd7_Lrp6""]",1.0,-0.10538830325524323
"[""Wnt10b"",""Fzd8_Lrp5""]",1.0,-0.10368236186678237
"[""Wnt10b"",""Fzd8_Lrp6""]",1.0,-0.10062511821006026
"[""Wnt10b"",""Fzd9_Lrp5""]",1.0,-0.08863244771745182
"[""Wnt10b"",""Fzd9_Lrp6""]",1.0,-0.09182027235492762
"[""Wnt11"",""Fzd1""]",1.0,-0.08849009613958092
"[""Wnt11"",""Fzd10""]",1.0,-0.09323835382611426
"[""Wnt11"",""Fzd2""]",1.0,-0.08910773534650629
"[""Wnt11"",""Fzd3""]",1.0,-0.0946547751904781
"[""Wnt11"",""Fzd4""]",1.0,-0.0879289214830449
"[""Wnt11"",""Fzd5""]",1.0,-0.08962937179807895
"[""Wnt11"",""Fzd6""]",1.0,-0.0930732199684724
"[""Wnt11"",""Fzd7""]",1.0,-0.0884414962421245
"[""Wnt11"",""Fzd8""]",1.0,-0.08824809547812262
"[""Wnt11"",""Fzd9""]",1.0,-0.08910177843016376
"[""Wnt16"",""Fzd10_Lrp5""]",1.0,-0.09446243039105762
"[""Wnt16"",""Fzd10_Lrp6""]",1.0,-0.0942661858195426
"[""Wnt16"",""Fzd1_Lrp5""]",1.0,-0.0858174986241628
"[""Wnt16"",""Fzd1_Lrp6""]",1.0,-0.08838319106653852
"[""Wnt16"",""Fzd2_Lrp5""]",1.0,-0.08579554927546482
"[""Wnt16"",""Fzd2_Lrp6""]",1.0,-0.09026491075617177
"[""Wnt16"",""Fzd3_Lrp5""]",1.0,-0.08579554927546482
"[""Wnt16"",""Fzd3_Lrp6""]",1.0,-0.09888818555211726
"[""Wnt16"",""Fzd4_Lrp5""]",1.0,-0.08630562801064307
"[""Wnt16"",""Fzd4_Lrp6""]",1.0,-0.08662868729448536
"[""Wnt16"",""Fzd5_Lrp5""]",1.0,-0.08963541162616542
"[""Wnt16"",""Fzd5_Lrp6""]",1.0,-0.08963541162616542
"[""Wnt16"",""Fzd6_Lrp5""]",1.0,-0.0925231368207503
"[""Wnt16"",""Fzd6_Lrp6""]",1.0,-0.0953374354829766
"[""Wnt16"",""Fzd7_Lrp5""]",1.0,-0.08578385060410555
"[""Wnt16"",""Fzd7_Lrp6""]",1.0,-0.08709217440147067
"[""Wnt16"",""Fzd8_Lrp5""]",1.0,-0.08882075787051077
"[""Wnt16"",""Fzd8_Lrp6""]",1.0,-0.08700122757349767
"[""Wnt16"",""Fzd9_Lrp5""]",1.0,-0.09046956141053977
"[""Wnt16"",""Fzd9_Lrp6""]",1.0,-0.0906541500137728
"[""Wnt2"",""Fzd10_Lrp5""]",1.0,-0.09359517632751518
"[""Wnt2"",""Fzd10_Lrp6""]",1.0,-0.0929604188107093
"[""Wnt2"",""Fzd1_Lrp5""]",1.0,-0.0899446970111045
"[""Wnt2"",""Fzd1_Lrp6""]",1.0,-0.09073113450285064
"[""Wnt2"",""Fzd2_Lrp5""]",1.0,-0.08986089136275902
"[""Wnt2"",""Fzd2_Lrp6""]",1.0,-0.09318508923631191
"[""Wnt2"",""Fzd3_Lrp5""]",1.0,-0.08986089136275902
"[""Wnt2"",""Fzd3_Lrp6""]",1.0,-0.09676891270083243
"[""Wnt2"",""Fzd4_Lrp5""]",1.0,-0.08953802649428935
"[""Wnt2"",""Fzd4_Lrp6""]",1.0,-0.0911156645462051
"[""Wnt2"",""Fzd5_Lrp5""]",1.0,-0.0949954951100011
"[""Wnt2"",""Fzd5_Lrp6""]",1.0,-0.0949954951100011
"[""Wnt2"",""Fzd6_Lrp5""]",1.0,-0.08941910961610872
"[""Wnt2"",""Fzd6_Lrp6""]",1.0,-0.09649119542515511
"[""Wnt2"",""Fzd7_Lrp5""]",1.0,-0.08981909860418491
"[""Wnt2"",""Fzd7_Lrp6""]",1.0,-0.09090934685947016
"[""Wnt2"",""Fzd8_Lrp5""]",1.0,-0.09183314713930515
"[""Wnt2"",""Fzd8_Lrp6""]",1.0,-0.0904653137796329
"[""Wnt2"",""Fzd9_Lrp5""]",1.0,-0.09017213217844633
"[""Wnt2"",""Fzd9_Lrp6""]",1.0,-0.09094167006048709
"[""Wnt2b"",""Fzd10_Lrp5""]",1.0,-0.09655367515276589
"[""Wnt2b"",""Fzd10_Lrp6""]",1.0,-0.095759105504136
"[""Wnt2b"",""Fzd1_Lrp5""]",1.0,-0.0888193442092318
"[""Wnt2b"",""Fzd1_Lrp6""]",1.0,-0.08997751165822376
"[""Wnt2b"",""Fzd2_Lrp5""]",1.0,-0.08877531045555923
"[""Wnt2b"",""Fzd2_Lrp6""]",1.0,-0.09289567610198968
"[""Wnt2b"",""Fzd3_Lrp5""]",1.0,-0.08877531045555923
"[""Wnt2b"",""Fzd3_Lrp6""]",1.0,-0.09912871801073189
"[""Wnt2b"",""Fzd4_Lrp5""]",1.0,-0.08878970793012994
"[""Wnt2b"",""Fzd4_Lrp6""]",1.0,-0.08948283663861373
"[""Wnt2b"",""Fzd5_Lrp5""]",1.0,-0.09346533569908952
"[""Wnt2b"",""Fzd5_Lrp6""]",1.0,-0.09346533569908952
"[""Wnt2b"",""Fzd6_Lrp5""]",1.0,-0.09198816735807444
"[""Wnt2b"",""Fzd6_Lrp6""]",1.0,-0.09878053452263935
"[""Wnt2b"",""Fzd7_Lrp5""]",1.0,-0.08875195324557286
"[""Wnt2b"",""Fzd7_Lrp6""]",1.0,-0.08986998319486314
"[""Wnt2b"",""Fzd8_Lrp5""]",1.0,-0.09119493092416014
"[""Wnt2b"",""Fzd8_Lrp6""]",1.0,-0.08938170224843325
"[""Wnt2b"",""Fzd9_Lrp5""]",1.0,-0.09121223764291092
"[""Wnt2b"",""Fzd9_Lrp6""]",1.0,-0.0914980315193284
"[""Wnt3"",""Fzd10_Lrp5""]",1.0,-0.10603600251175124
"[""Wnt3"",""Fzd10_Lrp6""]",1.0,-0.10140090830185708
"[""Wnt3"",""Fzd1_Lrp5""]",1.0,-0.10219631735036183
"[""Wnt3"",""Fzd1_Lrp6""]",1.0,-0.09674638072373681
"[""Wnt3"",""Fzd2_Lrp5""]",1.0,-0.10214371001448733
"[""Wnt3"",""Fzd2_Lrp6""]",1.0,-0.10653359255118067
"[""Wnt3"",""Fzd3_Lrp5""]",1.0,-0.10214371001448733
"[""Wnt3"",""Fzd3_Lrp6""]",1.0,-0.10265305158248972
"[""Wnt3"",""Fzd4_Lrp5""]",1.0,-0.10021725951973087
"[""Wnt3"",""Fzd4_Lrp6""]",1.0,-0.10127686967020338
"[""Wnt3"",""Fzd5_Lrp5""]",1.0,-0.10554129220271669
"[""Wnt3"",""Fzd5_Lrp6""]",1.0,-0.10554129220271669
"[""Wnt3"",""Fzd6_Lrp5""]",1.0,-0.08984629154005724
"[""Wnt3"",""Fzd6_Lrp6""]",1.0,-0.10680200794751277
"[""Wnt3"",""Fzd7_Lrp5""]",1.0,-0.10212500757886322
"[""Wnt3"",""Fzd7_Lrp6""]",1.0,-0.10150291386381674
"[""Wnt3"",""Fzd8_Lrp5""]",1.0,-0.10285194510147924
"[""Wnt3"",""Fzd8_Lrp6""]",1.0,-0.100284590537874
"[""Wnt3"",""Fzd9_Lrp5""]",1.0,-0.09537557279699183
"[""Wnt3"",""Fzd9_Lrp6""]",1.0,-0.09404617835862067
"[""Wnt3a"",""Fzd10_Lrp5""]",1.0,-0.10266983192135551
"[""Wnt3a"",""Fzd10_Lrp6""]",1.0,-0.09970819738666775
"[""Wnt3a"",""Fzd1_Lrp5""]",1.0,-0.09931735922943394
"[""Wnt3a"",""Fzd1_Lrp6""]",1.0,-0.09663092105587778
"[""Wnt3a"",""Fzd2_Lrp5""]",1.0,-0.09915687635028275
"[""Wnt3a"",""Fzd2_Lrp6""]",1.0,-0.10424832491481689
"[""Wnt3a"",""Fzd3_Lrp5""]",1.0,-0.09915687635028275
"[""Wnt3a"",""Fzd3_Lrp6""]",1.0,-0.10328615143573644
"[""Wnt3a"",""Fzd4_Lrp5""]",1.0,-0.0974168823477772
"[""Wnt3a"",""Fzd4_Lrp6""]",1.0,-0.09837928858264108
"[""Wnt3a"",""Fzd5_Lrp5""]",1.0,-0.10179978712696566
"[""Wnt3a"",""Fzd5_Lrp6""]",1.0,-0.10179978712696566
"[""Wnt3a"",""Fzd6_Lrp5""]",1.0,-0.09262674156895345
"[""Wnt3a"",""Fzd6_Lrp6""]",1.0,-0.10269510444032434
"[""Wnt3a"",""Fzd7_Lrp5""]",1.0,-0.09920542395100815
"[""Wnt3a"",""Fzd7_Lrp6""]",1.0,-0.09893689398031616
"[""Wnt3a"",""Fzd8_Lrp5""]",1.0,-0.09995540807202244
"[""Wnt3a"",""Fzd8_Lrp6""]",1.0,-0.09813994761936515
"[""Wnt3a"",""Fzd9_Lrp5""]",1.0,-0.0974402070999702
"[""Wnt3a"",""Fzd9_Lrp6""]",1.0,-0.09609543240142182
"[""Wnt4"",""Fzd10_Lrp5""]",1.0,-0.1066108347223311
"[""Wnt4"",""Fzd10_Lrp6""]",1.0,-0.1058244122709038
"[""Wnt4"",""Fzd1_Lrp5""]",1.0,-0.10188554874604425
"[""Wnt4"",""Fzd1_Lrp6""]",1.0,-0.09870732384763131
"[""Wnt4"",""Fzd2_Lrp5""]",1.0,-0.10181310744205391
"[""Wnt4"",""Fzd2_Lrp6""]",1.0,-0.1062391185197886
"[""Wnt4"",""Fzd3_Lrp5""]",1.0,-0.10181310744205391
"[""Wnt4"",""Fzd3_Lrp6""]",1.0,-0.1025086423331828
"[""Wnt4"",""Fzd4_Lrp5""]",1.0,-0.09890437139750147
"[""Wnt4"",""Fzd4_Lrp6""]",1.0,-0.10068253268423111
"[""Wnt4"",""Fzd5_Lrp5""]",1.0,-0.11324890846565067
"[""Wnt4"",""Fzd5_Lrp6""]",1.0,-0.11324890846565067
"[""Wnt4"",""Fzd6_Lrp5""]",1.0,-0.09282340303540926
"[""Wnt4"",""Fzd6_Lrp6""]",1.0,-0.11008603683132723
"[""Wnt4"",""Fzd7_Lrp5""]",1.0,-0.10176911578285575
"[""Wnt4"",""Fzd7_Lrp6""]",1.0,-0.10136155401024644
"[""Wnt4"",""Fzd8_Lrp5""]",1.0,-0.10226785625282431
"[""Wnt4"",""Fzd8_Lrp6""]",1.0,-0.09989996576222199
"[""Wnt4"",""Fzd9_Lrp5""]",1.0,-0.09942603477007522
"[""Wnt4"",""Fzd9_Lrp6""]",1.0,-0.10074737182492821
"[""Wnt5a"",""Fzd1""]",1.0,-0.08759412431701047
"[""Wnt5a"",""Fzd10""]",1.0,-0.09562849106762619
"[""Wnt5a"",""Fzd2""]",1.0,-0.08819145446774362
"[""Wnt5a"",""Fzd3""]",1.0,-0.09247984294205303
"[""Wnt5a"",""Fzd4""]",1.0,-0.08725756884651847
"[""Wnt5a"",""Fzd5""]",1.0,-0.09191464613609618
"[""Wnt5a"",""Fzd6""]",1.0,-0.09487996827354006
"[""Wnt5a"",""Fzd7""]",1.0,-0.08843218728823629
"[""Wnt5a"",""Fzd8""]",1.0,-0.08720640954381689
"[""Wnt5a"",""Fzd9""]",1.0,-0.08593187783258294
"[""Wnt5a"",""Mcam""]",1.0,-0.09043506707415366
"[""Wnt5b"",""Fzd1""]",1.0,-0.08926017401676653
"[""Wnt5b"",""Fzd10""]",1.0,-0.09461118105209515
"[""Wnt5b"",""Fzd2""]",1.0,-0.09005290955110487
"[""Wnt5b"",""Fzd3""]",1.0,-0.09587884401568239
"[""Wnt5b"",""Fzd4""]",1.0,-0.08854393272114555
"[""Wnt5b"",""Fzd5""]",1.0,-0.09117053898313454
"[""Wnt5b"",""Fzd6""]",1.0,-0.09633552727461125
"[""Wnt5b"",""Fzd7""]",1.0,-0.08895893965283605
"[""Wnt5b"",""Fzd8""]",1.0,-0.08877633140473215
"[""Wnt5b"",""Fzd9""]",1.0,-0.09086263306809628
"[""Wnt6"",""Fzd10_Lrp5""]",1.0,-0.10695054545462476
"[""Wnt6"",""Fzd10_Lrp6""]",1.0,-0.1065227165938327
"[""Wnt6"",""Fzd1_Lrp5""]",1.0,-0.10182199791474256
"[""Wnt6"",""Fzd1_Lrp6""]",1.0,-0.09831449626438504
"[""Wnt6"",""Fzd2_Lrp5""]",1.0,-0.10175854480105878
"[""Wnt6"",""Fzd2_Lrp6""]",1.0,-0.1066197100154464
"[""Wnt6"",""Fzd3_Lrp5""]",1.0,-0.10175854480105878
"[""Wnt6"",""Fzd3_Lrp6""]",1.0,-0.10149599265766712
"[""Wnt6"",""Fzd4_Lrp5""]",1.0,-0.09714856551862572
"[""Wnt6"",""Fzd4_Lrp6""]",1.0,-0.09895152591537776
"[""Wnt6"",""Fzd5_Lrp5""]",1.0,-0.115446443684387
"[""Wnt6"",""Fzd5_Lrp6""]",1.0,-0.115446443684387
"[""Wnt6"",""Fzd6_Lrp5""]",1.0,-0.09087012909943504
"[""Wnt6"",""Fzd6_Lrp6""]",1.0,-0.1081514226977448
"[""Wnt6"",""Fzd7_Lrp5""]",1.0,-0.10170974538786715
"[""Wnt6"",""Fzd7_Lrp6""]",1.0,-0.1011218619917276
"[""Wnt6"",""Fzd8_Lrp5""]",1.0,-0.10049590018909432
"[""Wnt6"",""Fzd8_Lrp6""]",1.0,-0.09828098679337
"[""Wnt6"",""Fzd9_Lrp5""]",1.0,-0.0959460706748888
"[""Wnt6"",""Fzd9_Lrp6""]",1.0,-0.09752859156905275
"[""Wnt7a"",""Fzd10_Lrp5""]",1.0,-0.10224971254221099
"[""Wnt7a"",""Fzd10_Lrp6""]",1.0,-0.09414250153642328
"[""Wnt7a"",""Fzd1_Lrp5""]",1.0,-0.10516802576729922
"[""Wnt7a"",""Fzd1_Lrp6""]",1.0,-0.09145338559803473
"[""Wnt7a"",""Fzd2_Lrp5""]",1.0,-0.10504484950161164
"[""Wnt7a"",""Fzd2_Lrp6""]",1.0,-0.10812966868820417
"[""Wnt7a"",""Fzd3_Lrp5""]",1.0,-0.10504484950161164
"[""Wnt7a"",""Fzd3_Lrp6""]",1.0,-0.0930133362264558
"[""Wnt7a"",""Fzd4_Lrp5""]",1.0,-0.09962812300279505
"[""Wnt7a"",""Fzd4_Lrp6""]",1.0,-0.10209261425189836
"[""Wnt7a"",""Fzd5_Lrp5""]",1.0,-0.10132560642912852
"[""Wnt7a"",""Fzd5_Lrp6""]",1.0,-0.10132560642912852
"[""Wnt7a"",""Fzd6_Lrp5""]",1.0,-0.06845466111494058
"[""Wnt7a"",""Fzd6_Lrp6""]",1.0,-0.09811373004649471
"[""Wnt7a"",""Fzd7_Lrp5""]",1.0,-0.10500836339444297
"[""Wnt7a"",""Fzd7_Lrp6""]",1.0,-0.1027668580940268
"[""Wnt7a"",""Fzd8_Lrp5""]",1.0,-0.10197799062740232
"[""Wnt7a"",""Fzd8_Lrp6""]",1.0,-0.09890020078986284
"[""Wnt7a"",""Fzd9_Lrp5""]",1.0,-0.08139677170580906
"[""Wnt7a"",""Fzd9_Lrp6""]",1.0,-0.07937832421436497
"[""Wnt7b"",""Fzd10_Lrp5""]",1.0,-0.09998056906788816
"[""Wnt7b"",""Fzd10_Lrp6""]",1.0,-0.09203583489509726
"[""Wnt7b"",""Fzd1_Lrp5""]",1.0,-0.10233455313020534
"[""Wnt7b"",""Fzd1_Lrp6""]",1.0,-0.09044312370394408
"[""Wnt7b"",""Fzd2_Lrp5""]",1.0,-0.1022341437362912
"[""Wnt7b"",""Fzd2_Lrp6""]",1.0,-0.10555817498675957
"[""Wnt7b"",""Fzd3_Lrp5""]",1.0,-0.1022341437362912
"[""Wnt7b"",""Fzd3_Lrp6""]",1.0,-0.0933141795670876
"[""Wnt7b"",""Fzd4_Lrp5""]",1.0,-0.09721582898809611
"[""Wnt7b"",""Fzd4_Lrp6""]",1.0,-0.09926122607345733
"[""Wnt7b"",""Fzd5_Lrp5""]",1.0,-0.0963370377762709
"[""Wnt7b"",""Fzd5_Lrp6""]",1.0,-0.0963370377762709
"[""Wnt7b"",""Fzd6_Lrp5""]",1.0,-0.07205874866556777
"[""Wnt7b"",""Fzd6_Lrp6""]",1.0,-0.09532384659860194
"[""Wnt7b"",""Fzd7_Lrp5""]",1.0,-0.10220110009381461
"[""Wnt7b"",""Fzd7_Lrp6""]",1.0,-0.10025945075502174
"[""Wnt7b"",""Fzd8_Lrp5""]",1.0,-0.09898396871099241
"[""Wnt7b"",""Fzd8_Lrp6""]",1.0,-0.09627195251300602
"[""Wnt7b"",""Fzd9_Lrp5""]",1.0,-0.08277713995796832
"[""Wnt7b"",""Fzd9_Lrp6""]",1.0,-0.07986147956260942
"[""Wnt8a"",""Fzd10_Lrp5""]",1.0,-0.09462311562943482
"[""Wnt8a"",""Fzd10_Lrp6""]",1.0,-0.0930569524328421
"[""Wnt8a"",""Fzd1_Lrp5""]",1.0,-0.08746062963814358
"[""Wnt8a"",""Fzd1_Lrp6""]",1.0,-0.08905747337520298
"[""Wnt8a"",""Fzd2_Lrp5""]",1.0,-0.08734310121919742
"[""Wnt8a"",""Fzd2_Lrp6""]",1.0,-0.09161803878259087
"[""Wnt8a"",""Fzd3_Lrp5""]",1.0,-0.08734310121919742
"[""Wnt8a"",""Fzd3_Lrp6""]",1.0,-0.0976716628001485
"[""Wnt8a"",""Fzd4_Lrp5""]",1.0,-0.08650242564392976
"[""Wnt8a"",""Fzd4_Lrp6""]",1.0,-0.0871010586368601
"[""Wnt8a"",""Fzd5_Lrp5""]",1.0,-0.09121485290461576
"[""Wnt8a"",""Fzd5_Lrp6""]",1.0,-0.09121485290461576
"[""Wnt8a"",""Fzd6_Lrp5""]",1.0,-0.09097291689184639
"[""Wnt8a"",""Fzd6_Lrp6""]",1.0,-0.09573187006054609
"[""Wnt8a"",""Fzd7_Lrp5""]",1.0,-0.08736379798991595
"[""Wnt8a"",""Fzd7_Lrp6""]",1.0,-0.08855296120264217
"[""Wnt8a"",""Fzd8_Lrp5""]",1.0,-0.08808458672948027
"[""Wnt8a"",""Fzd8_Lrp6""]",1.0,-0.08687826906889629
"[""Wnt8a"",""Fzd9_Lrp5""]",1.0,-0.0896755326229842
"[""Wnt8a"",""Fzd9_Lrp6""]",1.0,-0.08872622665372837
"[""Wnt8b"",""Fzd10_Lrp5""]",1.0,-0.09984234888531687
"[""Wnt8b"",""Fzd10_Lrp6""]",1.0,-0.09560830088907382
"[""Wnt8b"",""Fzd1_Lrp5""]",1.0,-0.09359500998214737
"[""Wnt8b"",""Fzd1_Lrp6""]",1.0,-0.09267451945336894
"[""Wnt8b"",""Fzd2_Lrp5""]",1.0,-0.0935095616617973
"[""Wnt8b"",""Fzd2_Lrp6""]",1.0,-0.09788402189900008
"[""Wnt8b"",""Fzd3_Lrp5""]",1.0,-0.0935095616617973
"[""Wnt8b"",""Fzd3_Lrp6""]",1.0,-0.10247728406365653
"[""Wnt8b"",""Fzd4_Lrp5""]",1.0,-0.09265819876621095
"[""Wnt8b"",""Fzd4_Lrp6""]",1.0,-0.09304193866470398
"[""Wnt8b"",""Fzd5_Lrp5""]",1.0,-0.0936813366304231
"[""Wnt8b"",""Fzd5_Lrp6""]",1.0,-0.0936813366304231
"[""Wnt8b"",""Fzd6_Lrp5""]",1.0,-0.09221279767614157
"[""Wnt8b"",""Fzd6_Lrp6""]",1.0,-0.10135374868491534
"[""Wnt8b"",""Fzd7_Lrp5""]",1.0,-0.0935347892167536
"[""Wnt8b"",""Fzd7_Lrp6""]",1.0,-0.09422335829619549
"[""Wnt8b"",""Fzd8_Lrp5""]",1.0,-0.09405721301116257
"[""Wnt8b"",""Fzd8_Lrp6""]",1.0,-0.09242239643609335
"[""Wnt8b"",""Fzd9_Lrp5""]",1.0,-0.09450904846524533
"[""Wnt8b"",""Fzd9_Lrp6""]",1.0,-0.09208230467964351
"[""Wnt9a"",""Fzd10_Lrp5""]",1.0,-0.09694736262356154
"[""Wnt9a"",""Fzd10_Lrp6""]",1.0,-0.096166617717586
"[""Wnt9a"",""Fzd1_Lrp5""]",1.0,-0.08958068828276874
"[""Wnt9a"",""Fzd1_Lrp6""]",1.0,-0.09060986247850039
"[""Wnt9a"",""Fzd2_Lrp5""]",1.0,-0.08954620841829306
"[""Wnt9a"",""Fzd2_Lrp6""]",1.0,-0.09398085177907536
"[""Wnt9a"",""Fzd3_Lrp5""]",1.0,-0.08954620841829306
"[""Wnt9a"",""Fzd3_Lrp6""]",1.0,-0.09999989692976222
"[""Wnt9a"",""Fzd4_Lrp5""]",1.0,-0.0888492069181814
"[""Wnt9a"",""Fzd4_Lrp6""]",1.0,-0.08948093483806233
"[""Wnt9a"",""Fzd5_Lrp5""]",1.0,-0.09284803607176076
"[""Wnt9a"",""Fzd5_Lrp6""]",1.0,-0.09284803607176076
"[""Wnt9a"",""Fzd6_Lrp5""]",1.0,-0.09138528453070122
"[""Wnt9a"",""Fzd6_Lrp6""]",1.0,-0.09752341756910918
"[""Wnt9a"",""Fzd7_Lrp5""]",1.0,-0.08952455306078008
"[""Wnt9a"",""Fzd7_Lrp6""]",1.0,-0.09051438780867924
"[""Wnt9a"",""Fzd8_Lrp5""]",1.0,-0.09148691832993205
"[""Wnt9a"",""Fzd8_Lrp6""]",1.0,-0.08957413458879268
"[""Wnt9a"",""Fzd9_Lrp5""]",1.0,-0.09142906387640107
"[""Wnt9a"",""Fzd9_Lrp6""]",1.0,-0.09160777028219882
"[""Wnt9b"",""Fzd10_Lrp5""]",1.0,-0.10057577222352268
"[""Wnt9b"",""Fzd10_Lrp6""]",1.0,-0.09953667591227713
"[""Wnt9b"",""Fzd1_Lrp5""]",1.0,-0.09393424964052835
"[""Wnt9b"",""Fzd1_Lrp6""]",1.0,-0.09270671842025574
"[""Wnt9b"",""Fzd2_Lrp5""]",1.0,-0.09388082343372339
"[""Wnt9b"",""Fzd2_Lrp6""]",1.0,-0.09854030932172828
"[""Wnt9b"",""Fzd3_Lrp5""]",1.0,-0.09388082343372339
"[""Wnt9b"",""Fzd3_Lrp6""]",1.0,-0.09927202885790609
"[""Wnt9b"",""Fzd4_Lrp5""]",1.0,-0.09143690498443713
"[""Wnt9b"",""Fzd4_Lrp6""]",1.0,-0.09250218637787533
"[""Wnt9b"",""Fzd5_Lrp5""]",1.0,-0.09842551748336992
"[""Wnt9b"",""Fzd5_Lrp6""]",1.0,-0.09842551748336992
"[""Wnt9b"",""Fzd6_Lrp5""]",1.0,-0.09040589845681307
"[""Wnt9b"",""Fzd6_Lrp6""]",1.0,-0.09914444854606091
"[""Wnt9b"",""Fzd7_Lrp5""]",1.0,-0.09385964917898912
"[""Wnt9b"",""Fzd7_Lrp6""]",1.0,-0.09413544144090177
"[""Wnt9b"",""Fzd8_Lrp5""]",1.0,-0.09433381541950692
"[""Wnt9b"",""Fzd8_Lrp6""]",1.0,-0.09244870678171119
"[""Wnt9b"",""Fzd9_Lrp5""]",1.0,-0.09094895528858205
"[""Wnt9b"",""Fzd9_Lrp6""]",1.0,-0.09120125360886294
"[""Adcyap1"",""Adcyap1r1""]",1.5,-0.0004903161138940515
"[""Adgre5"",""Cd55b""]",1.5,-0.029707384249169355
"[""Adipoq"",""Adipor1""]",1.5,-0.02050578723967944
"[""Adipoq"",""Adipor2""]",1.5,-0.02493617678813098
"[""Adm"",""Calcr""]",1.5,-0.032466823043033166
"[""Adm"",""Calcrl""]",1.5,-0.0286755475533539
"[""Agrn"",""Dag1""]",1.5,-0.03683124548265662
"[""Agt"",""Agtr1a""]",1.5,0.05929455040707193
"[""Agt"",""Agtr1b""]",1.5,0.05009504542721871
"[""Agt"",""Mas1""]",1.5,0.021782140903404412
"[""Alcam"",""Cd6""]",1.5,-0.03228989237850985
"[""Amh"",""Amhr2_Acvr1""]",1.5,-0.026160220314607692
"[""Amh"",""Amhr2_Bmpr1a""]",1.5,-0.026160220314607692
"[""Angpt1"",""Tek""]",1.5,-0.0303206642507087
"[""Angpt2"",""Itga5_Itgb1""]",1.5,-0.026980497182069643
"[""Angpt2"",""Tek""]",1.5,-0.029241361776788613
"[""Angptl1"",""Itga1_Itgb1""]",1.5,-0.023189932313642178
"[""Angptl1"",""Pirb""]",1.5,-0.023022547775188806
"[""Angptl2"",""Itga5_Itgb1""]",1.5,-0.025873608348131655
"[""Angptl2"",""Pirb""]",1.5,-0.024120880054418647
"[""Angptl2"",""Tlr4""]",1.5,-0.026767423646113286
"[""Angptl3"",""Itgav_Itgb3""]",1.5,0.011296557600191992
"[""Angptl4"",""Cdh11""]",1.5,-0.02695361621508148
"[""Angptl4"",""Cdh5""]",1.5,-0.030631655977489763
"[""Angptl4"",""Itga5_Itgb1""]",1.5,-0.0285931358315982
"[""Angptl4"",""Itgav_Itgb3""]",1.5,-0.027855207201176346
"[""Angptl4"",""Sdc1""]",1.5,-0.031157749035214954
"[""Angptl4"",""Sdc2""]",1.5,-0.029436304758321832
"[""Angptl4"",""Sdc3""]",1.5,-0.033122350601719086
"[""Angptl4"",""Sdc4""]",1.5,-0.03126723937975026
"[""Angptl7"",""Pirb""]",1.5,-0.007091458834951103
"[""Anxa1"",""Fpr1""]",1.5,-0.017360579058656733
"[""Anxa1"",""Fpr2""]",1.5,0.008689944735539412
"[""Anxa1"",""Fpr2_Fpr3""]",1.5,0.008689944735539412
"[""Apela"",""Aplnr""]",1.5,-0.030445318171259603
"[""Apln"",""Aplnr""]",1.5,-0.03004412773250148
"[""App"",""Cd74""]",1.5,-0.027509777471220798
"[""Areg"",""Egfr""]",1.5,-0.03686096998607345
"[""Areg"",""Egfr_Erbb2""]",1.5,-0.04515236371657416
"[""Artn"",""Gfra1_Ret""]",1.5,-0.030003044331142703
"[""Artn"",""Gfra3_Ret""]",1.5,-0.029825041265757787
"[""Avp"",""Avpr1a""]",1.5,0.01817398017154981
"[""Bdnf"",""Ntrk2""]",1.5,-0.030139972134645976
"[""Bmp10"",""Acvrl1_Acvr2a""]",1.5,-0.038928508663568645
"[""Bmp10"",""Acvrl1_Bmpr2""]",1.5,-0.038928508663568645
"[""Bmp2"",""Bmpr1a_Acvr2a""]",1.5,-0.02875316266935246
"[""Bmp2"",""Bmpr1a_Acvr2b""]",1.5,-0.030035857137505395
"[""Bmp2"",""Bmpr1a_Bmpr2""]",1.5,-0.029224779813677965
"[""Bmp2"",""Bmpr1b_Acvr2a""]",1.5,-0.03344255968894008
"[""Bmp2"",""Bmpr1b_Acvr2b""]",1.5,-0.030223904737829987
"[""Bmp2"",""Bmpr1b_Bmpr2""]",1.5,-0.024779123656347192
"[""Bmp4"",""Bmpr1a_Acvr2a""]",1.5,-0.026577235474332515
"[""Bmp4"",""Bmpr1a_Acvr2b""]",1.5,-0.025930385424189684
"[""Bmp4"",""Bmpr1a_Bmpr2""]",1.5,-0.025239544685887468
"[""Bmp4"",""Bmpr1b_Acvr2a""]",1.5,-0.02808126127616197
"[""Bmp4"",""Bmpr1b_Acvr2b""]",1.5,-0.025774135734238937
"[""Bmp4"",""Bmpr1b_Bmpr2""]",1.5,-0.02023802178407091
"[""Bmp5"",""Acvr1_Acvr2a""]",1.5,-0.023845514562037116
"[""Bmp5"",""Acvr1_Acvr2b""]",1.5,-0.025582918318740204
"[""Bmp5"",""Acvr1_Bmpr2""]",1.5,-0.023094137231931218
"[""Bmp5"",""Bmpr1a_Acvr2a""]",1.5,-0.025976760429241463
"[""Bmp5"",""Bmpr1a_Acvr2b""]",1.5,-0.025744616553949884
"[""Bmp5"",""Bmpr1a_Bmpr2""]",1.5,-0.024616003793397255
"[""Bmp5"",""Bmpr1b_Acvr2a""]",1.5,-0.028289852728165137
"[""Bmp5"",""Bmpr1b_Acvr2b""]",1.5,-0.02564025786046996
"[""Bmp5"",""Bmpr1b_Bmpr2""]",1.5,-0.019955497848352106
"[""Bmp6"",""Acvr1_Acvr2a""]",1.5,-0.028129031103951596
"[""Bmp6"",""Acvr1_Acvr2b""]",1.5,-0.029688480381222723
"[""Bmp6"",""Acvr1_Bmpr2""]",1.5,-0.027156445049314762
"[""Bmp6"",""Bmpr1a_Acvr2a""]",1.5,-0.02863954350678452
"[""Bmp6"",""Bmpr1a_Acvr2b""]",1.5,-0.03008935780495975
"[""Bmp6"",""Bmpr1a_Bmpr2""]",1.5,-0.028921963454975178
"[""Bmp6"",""Bmpr1b_Acvr2a""]",1.5,-0.032020703305087134
"[""Bmp6"",""Bmpr1b_Acvr2b""]",1.5,-0.03007491441323447
"[""Bmp6"",""Bmpr1b_Bmpr2""]",1.5,-0.02463650787820639
"[""Bmp7"",""Acvr1_Acvr2a""]",1.5,-0.028960824267398752
"[""Bmp7"",""Acvr1_Acvr2b""]",1.5,-0.02996175384399037
"[""Bmp7"",""Acvr1_Bmpr2""]",1.5,-0.027855796911038858
"[""Bmp7"",""Bmpr1a_Acvr2a""]",1.5,-0.02922064202170603
"[""Bmp7"",""Bmpr1a_Acvr2b""]",1.5,-0.030179102071616087
"[""Bmp7"",""Bmpr1a_Bmpr2""]",1.5,-0.029742216713519287
"[""Bmp7"",""Bmpr1b_Acvr2a""]",1.5,-0.032779151422443364
"[""Bmp7"",""Bmpr1b_Acvr2b""]",1.5,-0.03024198918759745
"[""Bmp7"",""Bmpr1b_Bmpr2""]",1.5,-0.02509058714906047
"[""Bmp8a"",""Acvr1_Acvr2a""]",1.5,-0.032906662951980845
"[""Bmp8a"",""Acvr1_Acvr2b""]",1.5,-0.03477722814342831
"[""Bmp8a"",""Acvr1_Bmpr2""]",1.5,-0.031778230011512615
"[""Bmp8a"",""Bmpr1a_Acvr2a""]",1.5,-0.035425228504850526
"[""Bmp8a"",""Bmpr1a_Acvr2b""]",1.5,-0.03491571622188308
"[""Bmp8a"",""Bmpr1a_Bmpr2""]",1.5,-0.034344084464235244
"[""Bmp8a"",""Bmpr1b_Acvr2a""]",1.5,-0.038155384701998904
"[""Bmp8a"",""Bmpr1b_Acvr2b""]",1.5,-0.034516112643838956
"[""Bmp8a"",""Bmpr1b_Bmpr2""]",1.5,-0.02887585472637208
"[""Bmp8b"",""Acvr1_Acvr2a""]",1.5,-0.03310728523126913
"[""Bmp8b"",""Acvr1_Acvr2b""]",1.5,-0.03479234291101066
"[""Bmp8b"",""Acvr1_Bmpr2""]",1.5,-0.032182866304347274
"[""Bmp8b"",""Bmpr1a_Acvr2a""]",1.5,-0.02901538861247971
"[""Bmp8b"",""Bmpr1a_Acvr2b""]",1.5,-0.0342637184473063
"[""Bmp8b"",""Bmpr1a_Bmpr2""]",1.5,-0.03529191400673359
"[""Bmp8b"",""Bmpr1b_Acvr2a""]",1.5,-0.04194571655217502
"[""Bmp8b"",""Bmpr1b_Acvr2b""]",1.5,-0.03546046729446406
"[""Bmp8b"",""Bmpr1b_Bmpr2""]",1.5,-0.03276803094571665
"[""Btc"",""Egfr""]",1.5,-0.027221662615392953
"[""Btc"",""Egfr_Erbb2""]",1.5,-0.03786686293593686
"[""Btc"",""Erbb2_Erbb4""]",1.5,-0.032586303324730115
"[""Btc"",""Erbb4""]",1.5,-0.03275166294861928
"[""Btla"",""Tnfrsf14""]",1.5,-0.0231473105064927
"[""C3"",""C3ar1""]",1.5,0.10944798342391848
"[""C3"",""Cr2""]",1.5,0.002421173609293531
"[""C3"",""Itgam_Itgb2""]",1.5,0.0995008589480475
"[""C3"",""Itgax_Itgb2""]",1.5,0.09332324556641586
"[""C4b"",""Cr2""]",1.5,-0.025492161074590902
"[""Cadm1"",""Cadm1""]",1.5,-0.030737090345956952
"[""Cadm3"",""Cadm3""]",1.5,0.05466503480085394
"[""Calca"",""Calcr""]",1.5,-0.034726167943720576
"[""Calca"",""Calcrl""]",1.5,-0.025884954931291948
"[""Calcb"",""Calcr""]",1.5,0.008017117645936933
"[""Calcb"",""Calcrl""]",1.5,-0.025828973509206737
"[""Cck"",""Cckar""]",1.5,-0.008495834338582808
"[""Cck"",""Cckbr""]",1.5,-0.025565036572149147
"[""Ccl1"",""Ackr1""]",1.5,-0.039988081561051936
"[""Ccl1"",""Ackr4""]",1.5,-0.026334710952914286
"[""Ccl11"",""Ackr1""]",1.5,0.0488880580890001
"[""Ccl11"",""Ackr2""]",1.5,-0.01892644379684766
"[""Ccl12"",""Ccr2""]",1.5,0.009104396075108656
"[""Ccl17"",""Ackr1""]",1.5,0.040391269088838055
"[""Ccl17"",""Ackr2""]",1.5,-0.02207781992488539
"[""Ccl17"",""Ccr4""]",1.5,-0.03329007586849721
"[""Ccl2"",""Ackr1""]",1.5,-0.025557865001391844
"[""Ccl2"",""Ackr2""]",1.5,-0.028098050304521227
"[""Ccl2"",""Ccr2""]",1.5,-0.019029342451120562
"[""Ccl20"",""Ccr6""]",1.5,-0.036017297638994056
"[""Ccl22"",""Ackr2""]",1.5,-0.017710816200419283
"[""Ccl22"",""Ccr4""]",1.5,-0.022821539413751604
"[""Ccl24"",""Ackr2""]",1.5,-0.008447326598003346
"[""Ccl25"",""Ackr4""]",1.5,-0.022547142982727975
"[""Ccl25"",""Ccr9""]",1.5,-0.024826733994667102
"[""Ccl27a"",""Ccr10""]",1.5,-0.01237025511996337
"[""Ccl27a"",""Ccr2""]",1.5,0.016881308830350994
"[""Ccl28"",""Ccr10""]",1.5,-0.028956764861647583
"[""Ccl3"",""Ackr2""]",1.5,-0.01486996096605181
"[""Ccl3"",""Ccr1""]",1.5,0.001206816455776194
"[""Ccl3"",""Ccr5""]",1.5,-0.0054574356770795696
"[""Ccl4"",""Ackr2""]",1.5,-0.012005963240377504
"[""Ccl4"",""Ccr5""]",1.5,-0.001472245015049778
"[""Ccl5"",""Ackr1""]",1.5,0.03083439938824073
"[""Ccl5"",""Ackr2""]",1.5,-0.02085423885258908
"[""Ccl5"",""Ccr1""]",1.5,-0.0036030927396905055
"[""Ccl5"",""Ccr4""]",1.5,-0.03124660201543243
"[""Ccl5"",""Ccr5""]",1.5,-0.011440124865866264
"[""Ccl6"",""Ccr1""]",1.5,0.02298256264760612
"[""Ccl6"",""Ccr2""]",1.5,0.04140285646502573
"[""Ccl7"",""Ackr1""]",1.5,-0.02203451668297962
"[""Ccl7"",""Ccr1""]",1.5,-0.020044775030854528
"[""Ccl7"",""Ccr2""]",1.5,-0.018015996871725476
"[""Ccl9"",""Ccr1""]",1.5,0.056638321140797365
"[""Cd1d1"",""Ceacam5""]",1.5,-0.03659776490087974
"[""Cd200"",""Cd200r1""]",1.5,0.00877457703363449
"[""Cd200"",""Cd200r2""]",1.5,-0.05440131115635319
"[""Cd200"",""Cd200r3""]",1.5,-0.007632198381952837
"[""Cd200"",""Cd200r4""]",1.5,0.011099544735553746
"[""Cd22"",""Ptprc""]",1.5,-0.017792152146719753
"[""Cd226"",""Nectin2""]",1.5,-0.041605948447140426
"[""Cd226"",""Pvr""]",1.5,-0.0414870722934773
"[""Cd274"",""Pdcd1""]",1.5,-0.025989926350613757
"[""Cd34"",""Selp""]",1.5,-0.03180401732639242
"[""Cd46"",""Jag1""]",1.5,-0.0290642472709009
"[""Cd52"",""Siglecg""]",1.5,-0.02155885851728878
"[""Cd6"",""Alcam""]",1.5,-0.032197517120450714
"[""Cd70"",""Cd27""]",1.5,-0.026389668454206094
"[""Cd80"",""Cd274""]",1.5,-0.029095352297721838
"[""Cd80"",""Cd28""]",1.5,-0.029394671714601417
"[""Cd80"",""Ctla4""]",1.5,-0.028406337910784285
"[""Cd86"",""Cd28""]",1.5,-0.015382791124760209
"[""Cd86"",""Ctla4""]",1.5,-0.01671482546974723
"[""Cd8a"",""Ceacam5""]",1.5,-0.03322463118437321
"[""Cd96"",""Nectin1""]",1.5,-0.03479470080111252
"[""Cd96"",""Pvr""]",1.5,-0.02919222014952705
"[""Cdh1"",""Cdh1""]",1.5,-0.05193155503636228
"[""Cdh1"",""Itga2_Itgb1""]",1.5,-0.0392368151611595
"[""Cdh1"",""Itgae_Itgb7""]",1.5,-0.0294086886564561
"[""Cdh1"",""Klrg1""]",1.5,-0.040957469148433484
"[""Cdh15"",""Cdh15""]",1.5,-0.014732086987601818
"[""Cdh2"",""Cdh2""]",1.5,-0.02847865631779277
"[""Cdh4"",""Cdh4""]",1.5,-0.023445763961491686
"[""Cdh5"",""Cdh5""]",1.5,-0.030740069182633417
"[""Ceacam1"",""Ceacam5""]",1.5,-0.0327236890530505
"[""Cga"",""Fshr""]",1.5,-0.0338244183901531
"[""Cga"",""Lhcgr""]",1.5,-0.032743769513812554
"[""Cga"",""Tshr""]",1.5,-0.03237420835124574
"[""Chad"",""Itga2_Itgb1""]",1.5,-0.027753478061717574
"[""Clcf1"",""Cntfr_Lifr_Il6st""]",1.5,-0.026438134533172578
"[""Cldn11"",""Cldn11""]",1.5,-0.043754244809714224
"[""Clec2g"",""Klrb1""]",1.5,-0.030806245963343706
"[""Clec2g"",""Klrb1f""]",1.5,-0.02734310311281228
"[""Clec2h"",""Klrb1""]",1.5,-0.0335573170221286
"[""Clec2i"",""Klrb1""]",1.5,-0.027705768405661427
"[""Clec2i"",""Klrb1f""]",1.5,-0.02172376288331701
"[""Cntf"",""Cntfr_Lifr_Il6st""]",1.5,-0.027216436556065093
"[""Cntn1"",""Nrcam""]",1.5,0.029399657215409714
"[""Cntn2"",""Cntn2""]",1.5,0.01570941149384497
"[""Cntn2"",""Cntn2_Cntnap2""]",1.5,0.01570941149384497
"[""Cntn2"",""L1cam""]",1.5,0.05896316076266772
"[""Col1a1"",""Cd44""]",1.5,0.03579149954705929
"[""Col1a1"",""Gp6""]",1.5,-0.03000030030538567
"[""Col1a1"",""Itga10_Itgb1""]",1.5,-0.024395708818293782
"[""Col1a1"",""Itga11_Itgb1""]",1.5,-0.03591807796999669
"[""Col1a1"",""Itga1_Itgb1""]",1.5,-0.03831235334562458
"[""Col1a1"",""Itga2_Itgb1""]",1.5,-0.03898732287571113
"[""Col1a1"",""Itga3_Itgb1""]",1.5,-0.040334744094216085
"[""Col1a1"",""Itga9_Itgb1""]",1.5,-0.03473021251255845
"[""Col1a1"",""Itgav_Itgb8""]",1.5,-0.03815551841239642
"[""Col1a1"",""Sdc1""]",1.5,-0.03639711224106365
"[""Col1a1"",""Sdc4""]",1.5,-0.025978081672113074
"[""Col1a2"",""Cd44""]",1.5,0.07201432498407456
"[""Col1a2"",""Gp6""]",1.5,-0.025651136704433114
"[""Col1a2"",""Itga10_Itgb1""]",1.5,-0.024735553652650843
"[""Col1a2"",""Itga11_Itgb1""]",1.5,-0.03042696253615554
"[""Col1a2"",""Itga1_Itgb1""]",1.5,-0.031489749504476
"[""Col1a2"",""Itga2_Itgb1""]",1.5,-0.03156194314619884
"[""Col1a2"",""Itga3_Itgb1""]",1.5,-0.03232840213431151
"[""Col1a2"",""Itga9_Itgb1""]",1.5,-0.029209693765030006
"[""Col1a2"",""Itgav_Itgb8""]",1.5,-0.03138802153546838
"[""Col1a2"",""Sdc1""]",1.5,-0.03055687695981868
"[""Col1a2"",""Sdc4""]",1.5,-0.024769431395537445
"[""Col2a1"",""Cd44""]",1.5,-0.016138993113581634
"[""Col2a1"",""Gp6""]",1.5,-0.027809652680794883
"[""Col2a1"",""Itga10_Itgb1""]",1.5,-0.02201077634231967
"[""Col2a1"",""Itga11_Itgb1""]",1.5,-0.023433221262255957
"[""Col2a1"",""Itga1_Itgb1""]",1.5,-0.024440284252091132
"[""Col2a1"",""Itga2_Itgb1""]",1.5,-0.023816107618975554
"[""Col2a1"",""Itga3_Itgb1""]",1.5,-0.02766155124161468
"[""Col2a1"",""Itga9_Itgb1""]",1.5,-0.022356898385811744
"[""Col2a1"",""Itgav_Itgb8""]",1.5,-0.023883224621380726
"[""Col2a1"",""Sdc1""]",1.5,-0.024446356356205484
"[""Col2a1"",""Sdc4""]",1.5,-0.024751907949608826
"[""Col4a1"",""Cd44""]",1.5,-0.03521919418608199
"[""Col4a1"",""Gp6""]",1.5,-0.027320284137823225
"[""Col4a1"",""Itga10_Itgb1""]",1.5,-0.033990829541793804
"[""Col4a1"",""Itga11_Itgb1""]",1.5,-0.03186116531961415
"[""Col4a1"",""Itga1_Itgb1""]",1.5,-0.032567354209030994
"[""Col4a1"",""Itga2_Itgb1""]",1.5,-0.03110720899640003
"[""Col4a1"",""Itga3_Itgb1""]",1.5,-0.03174176861869153
"[""Col4a1"",""Itga9_Itgb1""]",1.5,-0.028890216988055398
"[""Col4a1"",""Itgav_Itgb8""]",1.5,-0.02981833162011585
"[""Col4a1"",""Sdc1""]",1.5,-0.03078507396001591
"[""Col4a1"",""Sdc4""]",1.5,-0.03329579636513111
"[""Col4a2"",""Cd44""]",1.5,-0.033539345822996114
"[""Col4a2"",""Gp6""]",1.5,-0.026491273275515176
"[""Col4a2"",""Itga10_Itgb1""]",1.5,-0.03319642053511768
"[""Col4a2"",""Itga11_Itgb1""]",1.5,-0.03098815573356073
"[""Col4a2"",""Itga1_Itgb1""]",1.5,-0.0311404361822525
"[""Col4a2"",""Itga2_Itgb1""]",1.5,-0.029984006685470715
"[""Col4a2"",""Itga3_Itgb1""]",1.5,-0.030869212711024774
"[""Col4a2"",""Itga9_Itgb1""]",1.5,-0.027822704881200366
"[""Col4a2"",""Itgav_Itgb8""]",1.5,-0.02882153038872977
"[""Col4a2"",""Sdc1""]",1.5,-0.03007952608917734
"[""Col4a2"",""Sdc4""]",1.5,-0.03242259941598166
"[""Col4a3"",""Cd44""]",1.5,-0.0648727797713085
"[""Col4a3"",""Gp6""]",1.5,-0.02334232836960974
"[""Col4a3"",""Itga10_Itgb1""]",1.5,-0.033937342799410464
"[""Col4a3"",""Itga11_Itgb1""]",1.5,-0.031815040069020126
"[""Col4a3"",""Itga1_Itgb1""]",1.5,-0.03099598574508576
"[""Col4a3"",""Itga2_Itgb1""]",1.5,-0.030241318537237646
"[""Col4a3"",""Itga3_Itgb1""]",1.5,-0.031439316438812204
"[""Col4a3"",""Itga9_Itgb1""]",1.5,-0.027979704836895353
"[""Col4a3"",""Itgav_Itgb8""]",1.5,-0.02972666838466337
"[""Col4a3"",""Sdc1""]",1.5,-0.0307824533209385
"[""Col4a3"",""Sdc4""]",1.5,-0.03214937280309815
"[""Col4a4"",""Cd44""]",1.5,-0.03345066858519652
"[""Col4a4"",""Gp6""]",1.5,-0.025210841821259364
"[""Col4a4"",""Itga10_Itgb1""]",1.5,-0.0322777820262882
"[""Col4a4"",""Itga11_Itgb1""]",1.5,-0.03160589122965489
"[""Col4a4"",""Itga1_Itgb1""]",1.5,-0.031174899502485198
"[""Col4a4"",""Itga2_Itgb1""]",1.5,-0.030550420758795674
"[""Col4a4"",""Itga3_Itgb1""]",1.5,-0.03181405036156573
"[""Col4a4"",""Itga9_Itgb1""]",1.5,-0.02831628123183172
"[""Col4a4"",""Itgav_Itgb8""]",1.5,-0.02966045078691862
"[""Col4a4"",""Sdc1""]",1.5,-0.030801611316313898
"[""Col4a4"",""Sdc4""]",1.5,-0.03119732333410677
"[""Col4a5"",""Cd44""]",1.5,-0.04036751289228291
"[""Col4a5"",""Gp6""]",1.5,-0.02728494324581597
"[""Col4a5"",""Itga10_Itgb1""]",1.5,-0.03580686493744817
"[""Col4a5"",""Itga11_Itgb1""]",1.5,-0.03091018096258387
"[""Col4a5"",""Itga1_Itgb1""]",1.5,-0.03053392721438053
"[""Col4a5"",""Itga2_Itgb1""]",1.5,-0.029125667311901027
"[""Col4a5"",""Itga3_Itgb1""]",1.5,-0.030103593742981688
"[""Col4a5"",""Itga9_Itgb1""]",1.5,-0.02703938410686428
"[""Col4a5"",""Itgav_Itgb8""]",1.5,-0.02786962063109888
"[""Col4a5"",""Sdc1""]",1.5,-0.030046787197217345
"[""Col4a5"",""Sdc4""]",1.5,-0.03478107949198622
"[""Col4a6"",""Cd44""]",1.5,-0.031557833470531316
"[""Col4a6"",""Gp6""]",1.5,-0.026995610599225256
"[""Col4a6"",""Itga10_Itgb1""]",1.5,-0.03593195544939584
"[""Col4a6"",""Itga11_Itgb1""]",1.5,-0.03307593263049688
"[""Col4a6"",""Itga1_Itgb1""]",1.5,-0.03267895871494515
"[""Col4a6"",""Itga2_Itgb1""]",1.5,-0.03169665281463757
"[""Col4a6"",""Itga3_Itgb1""]",1.5,-0.03244781711797565
"[""Col4a6"",""Itga9_Itgb1""]",1.5,-0.02962872230169572
"[""Col4a6"",""Itgav_Itgb8""]",1.5,-0.03053564420753814
"[""Col4a6"",""Sdc1""]",1.5,-0.03226724109446828
"[""Col4a6"",""Sdc4""]",1.5,-0.034610927238788
"[""Col6a1"",""Cd44""]",1.5,0.08779942078286718
"[""Col6a1"",""Gp6""]",1.5,-0.011530668983594783
"[""Col6a1"",""Itga10_Itgb1""]",1.5,-0.01035533412004569
"[""Col6a1"",""Itga11_Itgb1""]",1.5,-0.026535187596279874
"[""Col6a1"",""Itga1_Itgb1""]",1.5,-0.02716277262704031
"[""Col6a1"",""Itga2_Itgb1""]",1.5,-0.02777063111999095
"[""Col6a1"",""Itga3_Itgb1""]",1.5,-0.027497973656063684
"[""Col6a1"",""Itga9_Itgb1""]",1.5,-0.026465447977724627
"[""Col6a1"",""Itgav_Itgb8""]",1.5,-0.0285355423276894
"[""Col6a1"",""Sdc1""]",1.5,-0.026534855965496984
"[""Col6a1"",""Sdc4""]",1.5,-0.006432916848475689
"[""Col6a2"",""Cd44""]",1.5,0.08249577095848382
"[""Col6a2"",""Gp6""]",1.5,-0.014826679029329576
"[""Col6a2"",""Itga10_Itgb1""]",1.5,-0.014630826556139398
"[""Col6a2"",""Itga11_Itgb1""]",1.5,-0.02798790636629217
"[""Col6a2"",""Itga1_Itgb1""]",1.5,-0.028758377099126847
"[""Col6a2"",""Itga2_Itgb1""]",1.5,-0.02894849548801487
"[""Col6a2"",""Itga3_Itgb1""]",1.5,-0.029174155745378322
"[""Col6a2"",""Itga9_Itgb1""]",1.5,-0.02739741046960545
"[""Col6a2"",""Itgav_Itgb8""]",1.5,-0.029268509372310098
"[""Col6a2"",""Sdc1""]",1.5,-0.027933467437345788
"[""Col6a2"",""Sdc4""]",1.5,-0.011745244772963903
"[""Col6a3"",""Cd44""]",1.5,0.05287389499561668
"[""Col6a3"",""Gp6""]",1.5,-0.01871326179701885
"[""Col6a3"",""Itga10_Itgb1""]",1.5,-0.02011303779592366
"[""Col6a3"",""Itga11_Itgb1""]",1.5,-0.02597549766410498
"[""Col6a3"",""Itga1_Itgb1""]",1.5,-0.025657060232713913
"[""Col6a3"",""Itga2_Itgb1""]",1.5,-0.025997634858318158
"[""Col6a3"",""Itga3_Itgb1""]",1.5,-0.02672146328568234
"[""Col6a3"",""Itga9_Itgb1""]",1.5,-0.024540262915640043
"[""Col6a3"",""Itgav_Itgb8""]",1.5,-0.026390889686168276
"[""Col6a3"",""Sdc1""]",1.5,-0.0258194724685904
"[""Col6a3"",""Sdc4""]",1.5,-0.018574379149381204
"[""Col6a4"",""Cd44""]",1.5,0.04590743108210815
"[""Col6a4"",""Gp6""]",1.5,-0.013401182667998557
"[""Col6a4"",""Itga10_Itgb1""]",1.5,-0.023911068187887574
"[""Col6a4"",""Itga11_Itgb1""]",1.5,-0.03240821363854085
"[""Col6a4"",""Itga1_Itgb1""]",1.5,-0.03235617863267526
"[""Col6a4"",""Itga2_Itgb1""]",1.5,-0.03114478501152089
"[""Col6a4"",""Itga3_Itgb1""]",1.5,-0.03252799751872114
"[""Col6a4"",""Itga9_Itgb1""]",1.5,-0.02928522492749415
"[""Col6a4"",""Itgav_Itgb8""]",1.5,-0.031029292117233404
"[""Col6a4"",""Sdc1""]",1.5,-0.03109732567590398
"[""Col6a4"",""Sdc4""]",1.5,-0.020080938745450805
"[""Col6a5"",""Cd44""]",1.5,0.05512247162496409
"[""Col6a5"",""Gp6""]",1.5,-0.013503127093775297
"[""Col6a5"",""Itga10_Itgb1""]",1.5,-0.017891734266151316
"[""Col6a5"",""Itga11_Itgb1""]",1.5,-0.024379089572915097
"[""Col6a5"",""Itga1_Itgb1""]",1.5,-0.023113315901061054
"[""Col6a5"",""Itga2_Itgb1""]",1.5,-0.023819007515903212
"[""Col6a5"",""Itga3_Itgb1""]",1.5,-0.023954670091651975
"[""Col6a5"",""Itga9_Itgb1""]",1.5,-0.023110547788944877
"[""Col6a5"",""Itgav_Itgb8""]",1.5,-0.02423915322960951
"[""Col6a5"",""Sdc1""]",1.5,-0.024160193659808732
"[""Col6a5"",""Sdc4""]",1.5,-0.014696138779304757
"[""Col6a6"",""Cd44""]",1.5,0.022353941498843177
"[""Col6a6"",""Gp6""]",1.5,-0.01944468814446071
"[""Col6a6"",""Itga10_Itgb1""]",1.5,-0.02408705318208154
"[""Col6a6"",""Itga11_Itgb1""]",1.5,-0.026464191781760127
"[""Col6a6"",""Itga1_Itgb1""]",1.5,-0.02537695661376882
"[""Col6a6"",""Itga2_Itgb1""]",1.5,-0.025757093397881223
"[""Col6a6"",""Itga3_Itgb1""]",1.5,-0.026070827498070465
"[""Col6a6"",""Itga9_Itgb1""]",1.5,-0.024108932743693023
"[""Col6a6"",""Itgav_Itgb8""]",1.5,-0.025072468986818683
"[""Col6a6"",""Sdc1""]",1.5,-0.025820168991403505
"[""Col6a6"",""Sdc4""]",1.5,-0.021919977910030475
"[""Col9a1"",""Cd44""]",1.5,-0.01552491790199878
"[""Col9a1"",""Gp6""]",1.5,-0.027318731680126246
"[""Col9a1"",""Itga10_Itgb1""]",1.5,-0.024791807104283664
"[""Col9a1"",""Itga11_Itgb1""]",1.5,-0.02626269718454824
"[""Col9a1"",""Itga1_Itgb1""]",1.5,-0.02705558625317038
"[""Col9a1"",""Itga2_Itgb1""]",1.5,-0.02628057677729137
"[""Col9a1"",""Itga3_Itgb1""]",1.5,-0.030514455275674077
"[""Col9a1"",""Itga9_Itgb1""]",1.5,-0.024952778320383978
"[""Col9a1"",""Itgav_Itgb8""]",1.5,-0.026987090019876633
"[""Col9a1"",""Sdc1""]",1.5,-0.027366655850885088
"[""Col9a1"",""Sdc4""]",1.5,-0.027550529439403088
"[""Col9a2"",""Cd44""]",1.5,0.05090586075462389
"[""Col9a2"",""Gp6""]",1.5,-0.021323532574646642
"[""Col9a2"",""Itga10_Itgb1""]",1.5,-0.02163967508371681
"[""Col9a2"",""Itga11_Itgb1""]",1.5,-0.02784558188512201
"[""Col9a2"",""Itga1_Itgb1""]",1.5,-0.028782122807729793
"[""Col9a2"",""Itga2_Itgb1""]",1.5,-0.028464115875317803
"[""Col9a2"",""Itga3_Itgb1""]",1.5,-0.03213002011899024
"[""Col9a2"",""Itga9_Itgb1""]",1.5,-0.027627787334381385
"[""Col9a2"",""Itgav_Itgb8""]",1.5,-0.030074460444714277
"[""Col9a2"",""Sdc1""]",1.5,-0.029141816998981385
"[""Col9a2"",""Sdc4""]",1.5,-0.02233755722862657
"[""Col9a3"",""Cd44""]",1.5,0.025882327483464973
"[""Col9a3"",""Gp6""]",1.5,-0.02291368712173522
"[""Col9a3"",""Itga10_Itgb1""]",1.5,-0.021940613335995562
"[""Col9a3"",""Itga11_Itgb1""]",1.5,-0.02663027223867971
"[""Col9a3"",""Itga1_Itgb1""]",1.5,-0.027199447772490143
"[""Col9a3"",""Itga2_Itgb1""]",1.5,-0.027004270791820245
"[""Col9a3"",""Itga3_Itgb1""]",1.5,-0.03096129868575276
"[""Col9a3"",""Itga9_Itgb1""]",1.5,-0.026252098641299612
"[""Col9a3"",""Itgav_Itgb8""]",1.5,-0.028684587011908805
"[""Col9a3"",""Sdc1""]",1.5,-0.027985576334994017
"[""Col9a3"",""Sdc4""]",1.5,-0.023416454036265355
"[""Comp"",""Cd36""]",1.5,-0.023959966588302795
"[""Comp"",""Cd47""]",1.5,-0.006657023023341757
"[""Comp"",""Itga3_Itgb1""]",1.5,-0.029376495303577638
"[""Comp"",""Itgav_Itgb3""]",1.5,-0.015198652647477717
"[""Comp"",""Sdc1""]",1.5,-0.027367064294795185
"[""Comp"",""Sdc4""]",1.5,-0.014748292463721668
"[""Cort"",""Sstr1""]",1.5,-0.0269121718477352
"[""Cort"",""Sstr2""]",1.5,-0.01838999607269437
"[""Cort"",""Sstr3""]",1.5,-0.010526037642716146
"[""Cort"",""Sstr4""]",1.5,-0.027929415476876204
"[""Cort"",""Sstr5""]",1.5,-0.033736455256954456
"[""Crh"",""Crhr1""]",1.5,0.036899065571954215
"[""Crh"",""Crhr2""]",1.5,-0.024290788157818044
"[""Csf1"",""Csf1r""]",1.5,-0.024300648420925552
"[""Cspg4"",""Itga3_Itgb1""]",1.5,-0.03158039611038457
"[""Ctf1"",""Lifr_Il6st""]",1.5,-0.0249232759845064
"[""Cx3cl1"",""Cx3cr1""]",1.5,-0.026747346139893158
"[""Cxcl1"",""Ackr1""]",1.5,0.09979800208440731
"[""Cxcl1"",""Cxcr2""]",1.5,0.007977815761736368
"[""Cxcl10"",""Ackr1""]",1.5,0.13028957052013534
"[""Cxcl12"",""Ackr3""]",1.5,-0.02862865640402884
"[""Cxcl12"",""Cxcr4""]",1.5,-0.03130054666117024
"[""Cxcl13"",""Ackr1""]",1.5,0.0025341317660808604
"[""Cxcl13"",""Cxcr5""]",1.5,-0.028131493548465836
"[""Cxcl16"",""Cxcr6""]",1.5,-0.033874451674442446
"[""Cxcl2"",""Ackr1""]",1.5,-0.022260142130338223
"[""Cxcl2"",""Cxcr2""]",1.5,-0.027950818308552172
"[""Cxcl3"",""Ackr1""]",1.5,-0.049912465014425644
"[""Cxcl3"",""Cxcr2""]",1.5,-0.030230133774446194
"[""Cxcl5"",""Ackr1""]",1.5,-0.03635672191630113
"[""Cxcl5"",""Cxcr2""]",1.5,-0.02950952182468855
"[""Dhh"",""Ptch1_Smo""]",1.5,-0.029063318763969684
"[""Dhh"",""Ptch2_Smo""]",1.5,-0.032054947076583754
"[""Dlk1"",""Notch1""]",1.5,-0.020576049861469242
"[""Dlk1"",""Notch2""]",1.5,-0.020596509822977435
"[""Dlk1"",""Notch3""]",1.5,-0.02133531208708421
"[""Dlk1"",""Notch4""]",1.5,-0.01908528885171501
"[""Dll1"",""Notch1""]",1.5,-0.02882135742925873
"[""Dll1"",""Notch2""]",1.5,-0.027507238453197483
"[""Dll1"",""Notch3""]",1.5,-0.028195667031662597
"[""Dll1"",""Notch4""]",1.5,-0.02951384082082026
"[""Dll3"",""Notch1""]",1.5,-0.029205601650198976
"[""Dll3"",""Notch2""]",1.5,-0.03338056966868569
"[""Dll3"",""Notch3""]",1.5,-0.033358751645811424
"[""Dll3"",""Notch4""]",1.5,-0.028357883504754544
"[""Dll4"",""Notch1""]",1.5,-0.031035236156940815
"[""Dll4"",""Notch2""]",1.5,-0.028414179902860284
"[""Dll4"",""Notch3""]",1.5,-0.029760141682782293
"[""Dll4"",""Notch4""]",1.5,-0.028947401372023118
"[""Dmp1"",""Itgav_Itgb3""]",1.5,-0.03003951412255304
"[""Dsc2"",""Dsg1c""]",1.5,-0.06369426347478009
"[""Dsc2"",""Dsg2""]",1.5,-0.045783564667610424
"[""Dsg1c"",""Dsc3""]",1.5,-0.06689574506820428
"[""Dsg2"",""Dsc3""]",1.5,-0.059028793028751414
"[""Dspp"",""Itgav_Itgb1""]",1.5,-0.033315741756084954
"[""Dspp"",""Itgav_Itgb6""]",1.5,-0.0292033147904647
"[""Eda"",""Eda2r""]",1.5,-0.02211300889836501
"[""Eda"",""Edar""]",1.5,-0.03244162001088151
"[""Edn1"",""Ednra""]",1.5,-0.03279971797507622
"[""Edn1"",""Ednrb""]",1.5,-0.03497040054806058
"[""Edn2"",""Ednra""]",1.5,-0.03769768297399703
"[""Edn2"",""Ednrb""]",1.5,-0.032306334902801215
"[""Edn3"",""Ednra""]",1.5,-0.02416125904152179
"[""Edn3"",""Ednrb""]",1.5,-0.029583198845986883
"[""Efna1"",""Epha1""]",1.5,-0.03286640599349579
"[""Efna1"",""Epha2""]",1.5,-0.03184517301872708
"[""Efna1"",""Epha3""]",1.5,-0.026992616701740663
"[""Efna1"",""Epha4""]",1.5,-0.029899021818540386
"[""Efna1"",""Epha5""]",1.5,-0.02554001194713751
"[""Efna1"",""Epha7""]",1.5,-0.029834478307377205
"[""Efna1"",""Epha8""]",1.5,-0.04000217146035984
"[""Efna2"",""Epha1""]",1.5,-0.02924925525572568
"[""Efna2"",""Epha2""]",1.5,-0.03154281970285344
"[""Efna2"",""Epha3""]",1.5,-0.023541634206839634
"[""Efna2"",""Epha4""]",1.5,-0.026182960763026397
"[""Efna2"",""Epha5""]",1.5,-0.030286640481858584
"[""Efna2"",""Epha7""]",1.5,-0.025310101382982633
"[""Efna2"",""Epha8""]",1.5,-0.04507265126134591
"[""Efna3"",""Epha1""]",1.5,-0.03479838817361844
"[""Efna3"",""Epha2""]",1.5,-0.03167357846371932
"[""Efna3"",""Epha3""]",1.5,-0.029238889538036494
"[""Efna3"",""Epha4""]",1.5,-0.031438287915134505
"[""Efna3"",""Epha5""]",1.5,-0.015659063578348065
"[""Efna3"",""Epha7""]",1.5,-0.03249345984187395
"[""Efna3"",""Epha8""]",1.5,-0.0086727740994883
"[""Efna4"",""Epha1""]",1.5,-0.028989994026574567
"[""Efna4"",""Epha2""]",1.5,-0.03114496003909513
"[""Efna4"",""Epha3""]",1.5,-0.02336049673441723
"[""Efna4"",""Epha4""]",1.5,-0.026073047270813263
"[""Efna4"",""Epha5""]",1.5,-0.031128503404272395
"[""Efna4"",""Epha7""]",1.5,-0.025053112576304132
"[""Efna4"",""Epha8""]",1.5,-0.04409012608084714
"[""Efna5"",""Epha1""]",1.5,-0.024673976015102378
"[""Efna5"",""Epha2""]",1.5,-0.0292640469474595
"[""Efna5"",""Epha3""]",1.5,-0.018691609336203542
"[""Efna5"",""Epha4""]",1.5,-0.021166030085871694
"[""Efna5"",""Epha5""]",1.5,-0.03215225873845193
"[""Efna5"",""Epha7""]",1.5,-0.01954691962130775
"[""Efna5"",""Epha8""]",1.5,-0.04842953695663861
"[""Efna5"",""Ephb2""]",1.5,-0.02637371906499715
"[""Efnb1"",""Epha4""]",1.5,-0.027406841804656176
"[""Efnb1"",""Ephb1""]",1.5,-0.03021962719173077
"[""Efnb1"",""Ephb2""]",1.5,-0.029775112694848976
"[""Efnb1"",""Ephb3""]",1.5,-0.029964718948307267
"[""Efnb1"",""Ephb4""]",1.5,-0.028288413806550297
"[""Efnb2"",""Epha4""]",1.5,-0.026765344132265556
"[""Efnb2"",""Ephb1""]",1.5,-0.030955306350288314
"[""Efnb2"",""Ephb2""]",1.5,-0.029813748771541804
"[""Efnb2"",""Ephb3""]",1.5,-0.029685199066189286
"[""Efnb2"",""Ephb4""]",1.5,-0.028039693510545458
"[""Efnb3"",""Epha4""]",1.5,-0.02969009083194639
"[""Efnb3"",""Ephb1""]",1.5,-0.03258091068422078
"[""Efnb3"",""Ephb2""]",1.5,-0.03257720743377196
"[""Efnb3"",""Ephb3""]",1.5,-0.03308091380225173
"[""Efnb3"",""Ephb4""]",1.5,-0.031290411717836336
"[""Efnb3"",""Ephb6""]",1.5,-0.03285617778662925
"[""Egf"",""Egfr""]",1.5,-0.02410889226993758
"[""Egf"",""Egfr_Erbb2""]",1.5,-0.03303788602429973
"[""Enho"",""Gpr19""]",1.5,-0.023161863670881744
"[""Entpd1"",""Adora1""]",1.5,-0.026245590059972693
"[""Entpd1"",""Adora2a""]",1.5,-0.030925189934365688
"[""Entpd1"",""Adora2b""]",1.5,-0.02968408677744752
"[""Entpd1"",""Tmigd3""]",1.5,-0.029935480246807672
"[""Epgn"",""Egfr""]",1.5,-0.027530930765018093
"[""Epo"",""Epor""]",1.5,-0.02303730862559271
"[""Ereg"",""Egfr""]",1.5,-0.038346154356000986
"[""Ereg"",""Egfr_Erbb2""]",1.5,-0.04914663994831284
"[""Ereg"",""Erbb2_Erbb4""]",1.5,-0.04339088023808921
"[""Ereg"",""Erbb4""]",1.5,-0.04195293969063313
"[""Esam"",""Esam""]",1.5,-0.02948607060429831
"[""F11r"",""F11r""]",1.5,-0.028553842623541603
"[""F11r"",""Itgal_Itgb2""]",1.5,-0.019343035145001464
"[""F11r"",""Jam2""]",1.5,-0.02930715893565175
"[""F11r"",""Jam3""]",1.5,-0.02754879554932664
"[""F2"",""F2r""]",1.5,0.013653010665834076
"[""F2"",""F2rl1""]",1.5,0.20099196570190292
"[""F2"",""F2rl2""]",1.5,0.03307955801295598
"[""F2"",""F2rl3""]",1.5,0.05662471014064602
"[""F2"",""Pard3""]",1.5,-0.016035125233189854
"[""Fasl"",""Fas""]",1.5,0.016076320223733842
"[""Fcer2a"",""Cr2""]",1.5,-0.03144721243292041
"[""Fcer2a"",""Itgam_Itgb2""]",1.5,-0.025612837812440448
"[""Fcer2a"",""Itgav_Itgb3""]",1.5,-0.03078297288549492
"[""Fcer2a"",""Itgax_Itgb2""]",1.5,-0.03197073973921463
"[""Fgf1"",""Fgfr1""]",1.5,-0.026894813485642585
"[""Fgf1"",""Fgfr2""]",1.5,-0.038100091276234635
"[""Fgf1"",""Fgfr3""]",1.5,-0.033175163282886416
"[""Fgf1"",""Fgfr4""]",1.5,-0.02237903195004988
"[""Fgf10"",""Fgfr1""]",1.5,-0.02339692759092802
"[""Fgf10"",""Fgfr2""]",1.5,-0.03107814213601731
"[""Fgf15"",""Fgfr1""]",1.5,-0.029000837646466784
"[""Fgf15"",""Fgfr2""]",1.5,-0.03624914970781232
"[""Fgf15"",""Fgfr3""]",1.5,-0.031095410114092364
"[""Fgf15"",""Fgfr4""]",1.5,-0.024836861344200226
"[""Fgf16"",""Fgfr1""]",1.5,-0.024591468296031205
"[""Fgf16"",""Fgfr2""]",1.5,-0.02723614328221019
"[""Fgf16"",""Fgfr3""]",1.5,-0.026017431204462038
"[""Fgf16"",""Fgfr4""]",1.5,-0.018859438863595757
"[""Fgf17"",""Fgfr1""]",1.5,-0.028445045101362254
"[""Fgf17"",""Fgfr2""]",1.5,-0.03695714001509667
"[""Fgf17"",""Fgfr3""]",1.5,-0.033275059372078614
"[""Fgf17"",""Fgfr4""]",1.5,-0.024476811531126033
"[""Fgf18"",""Fgfr1""]",1.5,-0.022525934614980175
"[""Fgf18"",""Fgfr2""]",1.5,-0.029034090570370735
"[""Fgf18"",""Fgfr3""]",1.5,-0.028269449275061115
"[""Fgf18"",""Fgfr4""]",1.5,-0.020724921050634282
"[""Fgf2"",""Fgfr1""]",1.5,-0.02634024579475172
"[""Fgf2"",""Fgfr2""]",1.5,-0.03271638876192898
"[""Fgf2"",""Fgfr3""]",1.5,-0.02988563125261412
"[""Fgf2"",""Fgfr4""]",1.5,-0.023564403497140965
"[""Fgf20"",""Fgfr1""]",1.5,-0.029824034034665367
"[""Fgf20"",""Fgfr2""]",1.5,-0.037685650530687675
"[""Fgf20"",""Fgfr3""]",1.5,-0.030122114675821154
"[""Fgf20"",""Fgfr4""]",1.5,-0.025817340824478036
"[""Fgf22"",""Fgfr2""]",1.5,-0.041926436929820565
"[""Fgf23"",""Fgfr1""]",1.5,-0.032811432691104564
"[""Fgf23"",""Fgfr3""]",1.5,-0.0402544223094774
"[""Fgf23"",""Fgfr4""]",1.5,-0.02984099710038031
"[""Fgf3"",""Fgfr1""]",1.5,-0.03469579236910436
"[""Fgf3"",""Fgfr2""]",1.5,-0.0231179345328989
"[""Fgf4"",""Fgfr1""]",1.5,-0.023561691583647792
"[""Fgf4"",""Fgfr2""]",1.5,-0.03424898161475258
"[""Fgf4"",""Fgfr3""]",1.5,-0.03706736920022122
"[""Fgf4"",""Fgfr4""]",1.5,-0.017390261761079905
"[""Fgf5"",""Fgfr1""]",1.5,-0.022171722245124037
"[""Fgf5"",""Fgfr2""]",1.5,-0.03164805048165377
"[""Fgf5"",""Fgfr3""]",1.5,-0.034230319738457984
"[""Fgf5"",""Fgfr4""]",1.5,-0.01772588872633936
"[""Fgf7"",""Fgfr1""]",1.5,-0.02035690961673721
"[""Fgf7"",""Fgfr2""]",1.5,-0.02514177240579213
"[""Fgf8"",""Fgfr1""]",1.5,-0.025943098194541117
"[""Fgf8"",""Fgfr2""]",1.5,-0.03495726867290401
"[""Fgf8"",""Fgfr3""]",1.5,-0.03329564863141192
"[""Fgf8"",""Fgfr4""]",1.5,-0.02258107473268428
"[""Fgf9"",""Fgfr1""]",1.5,-0.0246946735037554
"[""Fgf9"",""Fgfr2""]",1.5,-0.03284774558774589
"[""Fgf9"",""Fgfr3""]",1.5,-0.03335463407891684
"[""Fgf9"",""Fgfr4""]",1.5,-0.01899090602613735
"[""Flt3l"",""Flt3""]",1.5,-0.028280726957837787
"[""Fn1"",""Cd44""]",1.5,-0.018045552170189605
"[""Fn1"",""Itga2b_Itgb3""]",1.5,-0.02388648170202652
"[""Fn1"",""Itga3_Itgb1""]",1.5,-0.02476531785728396
"[""Fn1"",""Itga4_Itgb1""]",1.5,-0.018846390206554577
"[""Fn1"",""Itga4_Itgb7""]",1.5,-0.02379670198410022
"[""Fn1"",""Itga5_Itgb1""]",1.5,-0.021686891719957024
"[""Fn1"",""Itga8_Itgb1""]",1.5,-0.022004663730959287
"[""Fn1"",""Itgav_Itgb1""]",1.5,-0.023378474728260087
"[""Fn1"",""Itgav_Itgb3""]",1.5,-0.023869164093621997
"[""Fn1"",""Itgav_Itgb6""]",1.5,-0.019325280127728967
"[""Fn1"",""Itgav_Itgb8""]",1.5,-0.022211625997249226
"[""Fn1"",""Sdc1""]",1.5,-0.023610874041573096
"[""Fn1"",""Sdc4""]",1.5,-0.025785798589098158
"[""Gal"",""Galr1""]",1.5,-0.03793651039654877
"[""Gal"",""Galr2""]",1.5,-0.03622589055008277
"[""Gal"",""Galr3""]",1.5,-0.026569975531930273
"[""Galp"",""Galr1""]",1.5,-0.04736946088794651
"[""Galp"",""Galr2""]",1.5,-0.029257969638845457
"[""Gas6"",""Axl""]",1.5,-0.02595376206848557
"[""Gas6"",""Mertk""]",1.5,-0.02802147761576347
"[""Gas6"",""Tyro3""]",1.5,-0.028220695329548906
"[""Gcg"",""Gcgr""]",1.5,0.033265943405175746
"[""Gcg"",""Gipr""]",1.5,-0.019019893192796622
"[""Gcg"",""Glp1r""]",1.5,-0.022662808955343478
"[""Gcg"",""Glp2r""]",1.5,0.0007388834236120578
"[""Gdf10"",""Acvr1b_Acvr2a""]",1.5,-0.028012450749020812
"[""Gdf11"",""Acvr1b_Acvr2b""]",1.5,-0.03352092555730016
"[""Gdf11"",""Tgfbr1_Acvr2a""]",1.5,-0.028833764063464704
"[""Gdf11"",""Tgfbr1_Acvr2b""]",1.5,-0.029338935986609013
"[""Gdf15"",""Tgfbr2""]",1.5,-0.017025386183474767
"[""Gdf2"",""Acvrl1_Acvr2a""]",1.5,0.035927932474951296
"[""Gdf2"",""Acvrl1_Bmpr2""]",1.5,0.035927932474951296
"[""Gdf3"",""Acvr1b_Acvr2a_Cfc1""]",1.5,-0.004844286912593032
"[""Gdf3"",""Acvr1b_Acvr2b_Cfc1""]",1.5,-0.004844286912593032
"[""Gdf3"",""Acvr1c_Acvr2a_Cfc1""]",1.5,-0.004844286912593032
"[""Gdf3"",""Acvr1c_Acvr2b_Cfc1""]",1.5,-0.004844286912593032
"[""Gdf5"",""Bmpr1a_Acvr2a""]",1.5,-0.025522015301387396
"[""Gdf5"",""Bmpr1a_Acvr2b""]",1.5,-0.027069479297246388
"[""Gdf5"",""Bmpr1a_Bmpr2""]",1.5,-0.025942013474549067
"[""Gdf5"",""Bmpr1b_Acvr2a""]",1.5,-0.03106753118001447
"[""Gdf5"",""Bmpr1b_Acvr2b""]",1.5,-0.02735749215389234
"[""Gdf5"",""Bmpr1b_Bmpr2""]",1.5,-0.022049505979994548
"[""Gdf6"",""Bmpr1a_Acvr2a""]",1.5,-0.026299381546442624
"[""Gdf6"",""Bmpr1a_Acvr2b""]",1.5,-0.026295388636380396
"[""Gdf6"",""Bmpr1a_Bmpr2""]",1.5,-0.025599728795296706
"[""Gdf6"",""Bmpr1b_Acvr2a""]",1.5,-0.029178794190426988
"[""Gdf6"",""Bmpr1b_Acvr2b""]",1.5,-0.02625263994893008
"[""Gdf6"",""Bmpr1b_Bmpr2""]",1.5,-0.021193396827191832
"[""Gdf7"",""Bmpr1a_Acvr2a""]",1.5,-0.027571048826988992
"[""Gdf7"",""Bmpr1a_Acvr2b""]",1.5,-0.029546632409759715
"[""Gdf7"",""Bmpr1a_Bmpr2""]",1.5,-0.029022046762297846
"[""Gdf7"",""Bmpr1b_Acvr2a""]",1.5,-0.0338746291075462
"[""Gdf7"",""Bmpr1b_Acvr2b""]",1.5,-0.029949422664542827
"[""Gdf7"",""Bmpr1b_Bmpr2""]",1.5,-0.02536668962952615
"[""Gdf9"",""Acvr1b_Bmpr2""]",1.5,-0.03056096975477582
"[""Gdnf"",""Gfra1_Ret""]",1.5,-0.03681306575930057
"[""Ghrh"",""Vipr1""]",1.5,-0.026139825011710832
"[""Ghrh"",""Vipr2""]",1.5,-0.029255196234650976
"[""Gip"",""Gipr""]",1.5,-0.03457365714503502
"[""Gm7030"",""Cd8a""]",1.5,-0.028483108371869265
"[""Gm7030"",""Cd8b1""]",1.5,-0.036625521058219854
"[""Gm8909"",""Cd8a""]",1.5,-0.02823723002446768
"[""Gm8909"",""Cd8b1""]",1.5,-0.03678991497509226
"[""Gp1ba"",""Itgam_Itgb2""]",1.5,-0.013276922492040238
"[""Grn"",""Sort1""]",1.5,-0.029106080738048157
"[""Grp"",""Grpr""]",1.5,-0.03294312842463765
"[""Guca2a"",""Gucy2c""]",1.5,-0.02005458155344031
"[""Guca2b"",""Gucy2c""]",1.5,-0.026373574661782362
"[""Gzma"",""F2r""]",1.5,-0.021889005582281462
"[""Gzma"",""F2rl1""]",1.5,0.015405084081148379
"[""Gzma"",""F2rl2""]",1.5,-0.017103065044024396
"[""Gzma"",""F2rl3""]",1.5,-0.010928953128923447
"[""Gzma"",""Pard3""]",1.5,-0.030453686239031108
"[""H2-Aa"",""Cd4""]",1.5,-0.013167084343137792
"[""H2-Ab1"",""Cd4""]",1.5,-0.026327056111667024
"[""H2-D1"",""Cd8a""]",1.5,-0.031399824319199826
"[""H2-D1"",""Cd8b1""]",1.5,-0.04536264865398598
"[""H2-DMa"",""Cd4""]",1.5,-0.02749806207685873
"[""H2-DMb1"",""Cd4""]",1.5,-0.025868756446964042
"[""H2-DMb2"",""Cd4""]",1.5,-0.02993182146012116
"[""H2-Eb1"",""Cd4""]",1.5,-0.024199765847407323
"[""H2-K1"",""Cd8a""]",1.5,-0.026477309843120994
"[""H2-K1"",""Cd8b1""]",1.5,-0.039970928322885596
"[""H2-M3"",""Cd8a""]",1.5,-0.026613290371238357
"[""H2-M3"",""Cd8b1""]",1.5,-0.03338574923996611
"[""H2-M5"",""Cd8a""]",1.5,-0.030236570002333887
"[""H2-M5"",""Cd8b1""]",1.5,-0.040511788895091765
"[""H2-Oa"",""Cd4""]",1.5,-0.026761588138741327
"[""H2-Q1"",""Cd8a""]",1.5,-0.028344288058868156
"[""H2-Q1"",""Cd8b1""]",1.5,-0.04068113666870618
"[""H2-Q10"",""Cd8a""]",1.5,0.014745954138453421
"[""H2-Q10"",""Cd8b1""]",1.5,0.0428953156612112
"[""H2-Q2"",""Cd8a""]",1.5,-0.034406514332922744
"[""H2-Q2"",""Cd8b1""]",1.5,-0.04790756354282694
"[""H2-Q4"",""Cd8a""]",1.5,-0.028204553639270033
"[""H2-Q4"",""Cd8b1""]",1.5,-0.03580787314555169
"[""H2-Q6"",""Cd8a""]",1.5,-0.021095674338720213
"[""H2-Q6"",""Cd8b1""]",1.5,-0.025774495304441758
"[""H2-Q7"",""Cd8a""]",1.5,-0.02735634842325023
"[""H2-Q7"",""Cd8b1""]",1.5,-0.03321288036023859
"[""H2-T22"",""Cd8a""]",1.5,-0.027167759781657003
"[""H2-T22"",""Cd8b1""]",1.5,-0.03431612957402362
"[""H2-T23"",""Cd8a""]",1.5,-0.030462927787052924
"[""H2-T23"",""Cd8b1""]",1.5,-0.04207433514501563
"[""H2-T24"",""Cd8a""]",1.5,-0.028287792630666497
"[""H2-T24"",""Cd8b1""]",1.5,-0.035848141205408066
"[""H2-T3"",""Cd8a""]",1.5,-0.03487131320838027
"[""H2-T3"",""Cd8b1""]",1.5,-0.05054014893345911
"[""Hbegf"",""Egfr""]",1.5,-0.02579937614018213
"[""Hbegf"",""Egfr_Erbb2""]",1.5,-0.03274799572713105
"[""Hbegf"",""Erbb2_Erbb4""]",1.5,-0.027792211310200182
"[""Hbegf"",""Erbb4""]",1.5,-0.027362443468982936
"[""Hc"",""C5ar1""]",1.5,0.04366267407290697
"[""Hcrt"",""Hcrtr1""]",1.5,0.0695663188122787
"[""Hcrt"",""Hcrtr2""]",1.5,0.002537872262105334
"[""Hgf"",""Met""]",1.5,-0.02325813919403038
"[""Hspg2"",""Dag1""]",1.5,-0.03798881018364875
"[""Iapp"",""Calcr""]",1.5,0.033522689263468686
"[""Iapp"",""Calcrl""]",1.5,-0.01996480009060403
"[""Ibsp"",""Itgav_Itgb3""]",1.5,-0.018629923620745947
"[""Ibsp"",""Itgav_Itgb5""]",1.5,-0.03249691998466381
"[""Icam1"",""Itgal""]",1.5,-0.008953224689589256
"[""Icam1"",""Itgal_Itgb2""]",1.5,-0.017274744391540336
"[""Icam1"",""Itgam_Itgb2""]",1.5,-0.01745854175949324
"[""Icam1"",""Itgax_Itgb2""]",1.5,-0.02667157464460368
"[""Icam1"",""Spn""]",1.5,0.05336295556920623
"[""Icam2"",""Itgal_Itgb2""]",1.5,-0.02176279079109203
"[""Icam2"",""Itgam_Itgb2""]",1.5,-0.021930520497654538
"[""Icosl"",""Cd28""]",1.5,-0.023436088318605053
"[""Icosl"",""Ctla4""]",1.5,-0.023144194788125322
"[""Icosl"",""Icos""]",1.5,-0.02535091838563505
"[""Ifnk"",""Ifnar1_Ifnar2""]",1.5,-0.02448765038269351
"[""Igf1"",""Igf1r""]",1.5,-0.024810542815359132
"[""Igf1"",""Itga6_Itgb4""]",1.5,-0.029141078875992182
"[""Igf1"",""Itgav_Itgb3""]",1.5,-0.020716609417087112
"[""Igf2"",""Igf1r""]",1.5,-0.02795851755780658
"[""Igf2"",""Igf2r""]",1.5,-0.027764198569466547
"[""Igf2"",""Itga6_Itgb4""]",1.5,-0.03188303182661745
"[""Igf2"",""Itgav_Itgb3""]",1.5,-0.021080923404966118
"[""Ihh"",""Ptch1_Smo""]",1.5,-0.02526666915214057
"[""Ihh"",""Ptch2_Smo""]",1.5,-0.024642418124496634
"[""Il10"",""Il10ra_Il10rb""]",1.5,-0.020584929922393524
"[""Il11"",""Il11ra1_Il6st""]",1.5,-0.03298739486949895
"[""Il15"",""Il15ra_Il2rb_Il2rg""]",1.5,-0.025225575199456618
"[""Il16"",""Cd4""]",1.5,-0.02841590009462358
"[""Il17b"",""Il17rb""]",1.5,-0.025868525269541476
"[""Il17f"",""Il17ra_Il17rc""]",1.5,-0.04470362978827966
"[""Il18"",""Il18r1_Il18rap""]",1.5,-0.0006333215108488277
"[""Il19"",""Il20ra_Il20rb""]",1.5,-0.030296379663194886
"[""Il1a"",""Il1r1_Il1rap""]",1.5,-0.019222192729078685
"[""Il1b"",""Il1r1_Il1rap""]",1.5,-0.02092575923550194
"[""Il2"",""Il2ra_Il2rb_Il2rg""]",1.5,-0.02079847045634181
"[""Il2"",""Il2rb_Il2rg""]",1.5,-0.019615614690280114
"[""Il22"",""Il22ra1_Il10rb""]",1.5,-0.040489580832566305
"[""Il25"",""Il17ra_Il17rb""]",1.5,-0.012222974670407394
"[""Il27_Ebi3"",""Il27ra_Il6st""]",1.5,-0.03794174618638968
"[""Il31"",""Il31ra_Osmr""]",1.5,-0.04763649101726351
"[""Il33"",""Il1rl1_Il1rap""]",1.5,-0.020467100465456134
"[""Il34"",""Csf1r""]",1.5,-0.03482737370819772
"[""Il4"",""Il4ra""]",1.5,-0.014276511787400303
"[""Il4"",""Il4ra_Il13ra1""]",1.5,-0.029325704192140145
"[""Il4"",""Il4ra_Il13ra2""]",1.5,-0.03564971848547249
"[""Il4"",""Il4ra_Il2rg""]",1.5,-0.02477106738640139
"[""Il5"",""Il5ra_Csf2rb""]",1.5,-0.03136663101587718
"[""Il6"",""Il6ra_Il6st""]",1.5,-0.03319825690490241
"[""Il7"",""Il7r_Il2rg""]",1.5,-0.001406940951808322
"[""Inha_Inhba"",""Acvr2a""]",1.5,-0.032610694050048225
"[""Inha_Inhbb"",""Acvr2b""]",1.5,-0.03194577668117893
"[""Inhba"",""Acvr1b_Acvr2a""]",1.5,-0.0318572704860252
"[""Inhba"",""Acvr1b_Acvr2b""]",1.5,-0.03383759661402229
"[""Inhba_Inhbb"",""Acvr1b_Acvr2a""]",1.5,-0.022621026755342
"[""Inhba_Inhbb"",""Acvr1b_Acvr2b""]",1.5,-0.02819063610420064
"[""Inhba_Inhbb"",""Acvr1c_Acvr2a""]",1.5,-0.03372787770151525
"[""Inhba_Inhbb"",""Acvr1c_Acvr2b""]",1.5,-0.03372787770151525
"[""Inhbb"",""Acvr1b_Acvr2a""]",1.5,-0.028205905557197652
"[""Inhbb"",""Acvr1b_Acvr2b""]",1.5,-0.032654784272327125
"[""Inhbb"",""Acvr1c_Acvr2a""]",1.5,-0.03784349261394446
"[""Inhbb"",""Acvr1c_Acvr2b""]",1.5,-0.03784349261394446
"[""Inhbc"",""Acvr1b_Acvr2a""]",1.5,0.051615701618648535
"[""Inhbc"",""Acvr1b_Acvr2b""]",1.5,0.01501316746562914
"[""Inhbc"",""Acvr1c_Acvr2a""]",1.5,0.021268754549229635
"[""Inhbc"",""Acvr1c_Acvr2b""]",1.5,0.021268754549229635
"[""Inhbe"",""Acvr1b_Acvr2a""]",1.5,-0.02229076735957991
"[""Inhbe"",""Acvr1b_Acvr2b""]",1.5,-0.02751141305005919
"[""Inhbe"",""Acvr1c_Acvr2a""]",1.5,-0.029667278240804174
"[""Inhbe"",""Acvr1c_Acvr2b""]",1.5,-0.029667278240804174
"[""Ins2"",""Insr""]",1.5,-0.02020621055494276
"[""Insl5"",""Rxfp1""]",1.5,-0.026846368337048898
"[""Insl5"",""Rxfp2""]",1.5,-0.021364056265298095
"[""Insl5"",""Rxfp3""]",1.5,-0.024196975207662744
"[""Itga4_Itgb1"",""Vcam1""]",1.5,-0.021048698388214646
"[""Itga4_Itgb7"",""Vcam1""]",1.5,-0.02492870436437447
"[""Itga9_Itgb1"",""Vcam1""]",1.5,-0.02629384004841509
"[""Itgal_Itgb2"",""Cd226""]",1.5,-0.03213850307148486
"[""Itgal_Itgb2"",""Icam1""]",1.5,-0.016915019006969734
"[""Itgal_Itgb2"",""Icam2""]",1.5,-0.021416904858984454
"[""Jag1"",""Notch1""]",1.5,-0.0332806696573134
"[""Jag1"",""Notch2""]",1.5,-0.02745188017040079
"[""Jag1"",""Notch3""]",1.5,-0.029387877342535923
"[""Jag1"",""Notch4""]",1.5,-0.03182275924432895
"[""Jag2"",""Notch1""]",1.5,-0.036782956042393566
"[""Jag2"",""Notch2""]",1.5,-0.03564587791470457
"[""Jag2"",""Notch3""]",1.5,-0.03562243184360678
"[""Jag2"",""Notch4""]",1.5,-0.03116956273859328
"[""Jam2"",""F11r""]",1.5,-0.02914498855626907
"[""Jam2"",""Itga3_Itgb1""]",1.5,-0.028624337003635147
"[""Jam2"",""Itgav_Itgb1""]",1.5,-0.028266566727967013
"[""Jam2"",""Jam2""]",1.5,-0.02589534333861454
"[""Jam2"",""Jam3""]",1.5,-0.023466141980817853
"[""Jam3"",""F11r""]",1.5,-0.027464368746143636
"[""Jam3"",""Itgam_Itgb2""]",1.5,-0.0246980033517763
"[""Jam3"",""Jam2""]",1.5,-0.023488884533741566
"[""Jam3"",""Jam3""]",1.5,-0.020523882582999663
"[""Kitl"",""Kit""]",1.5,-0.026002253066173098
"[""Kng1"",""Bdkrb1""]",1.5,0.1108122665457748
"[""Kng1"",""Bdkrb2""]",1.5,0.2621800762775366
"[""Kng2"",""Bdkrb1""]",1.5,-0.03026351126773713
"[""Kng2"",""Bdkrb2""]",1.5,-0.02709403752743164
"[""L1cam"",""Itga4_Itgb7""]",1.5,0.010247356488180315
"[""L1cam"",""Itgav_Itgb3""]",1.5,-0.0038515689539044273
"[""L1cam"",""L1cam""]",1.5,0.07452755412706447
"[""Lama1"",""Cd44""]",1.5,-0.05231922993874463
"[""Lama1"",""Dag1""]",1.5,-0.03039278522199665
"[""Lama1"",""Itga1_Itgb1""]",1.5,-0.030976692272408346
"[""Lama1"",""Itga2_Itgb1""]",1.5,-0.03023029714849386
"[""Lama1"",""Itga3_Itgb1""]",1.5,-0.03115834795814175
"[""Lama1"",""Itga6_Itgb1""]",1.5,-0.029756294709799458
"[""Lama1"",""Itga6_Itgb4""]",1.5,-0.03655332776774259
"[""Lama1"",""Itga7_Itgb1""]",1.5,-0.03281741066911559
"[""Lama1"",""Itga9_Itgb1""]",1.5,-0.02851772307010876
"[""Lama1"",""Itgav_Itgb8""]",1.5,-0.03001503914183845
"[""Lama1"",""Sv2a""]",1.5,-0.04876707539655489
"[""Lama1"",""Sv2b""]",1.5,-0.03765606857039583
"[""Lama1"",""Sv2c""]",1.5,-0.038970078211450404
"[""Lama2"",""Cd44""]",1.5,-0.04503371044313731
"[""Lama2"",""Dag1""]",1.5,-0.02378358256389297
"[""Lama2"",""Itga1_Itgb1""]",1.5,-0.025588200183706528
"[""Lama2"",""Itga2_Itgb1""]",1.5,-0.02467691060048506
"[""Lama2"",""Itga3_Itgb1""]",1.5,-0.025909812551001013
"[""Lama2"",""Itga6_Itgb1""]",1.5,-0.02372788341397862
"[""Lama2"",""Itga6_Itgb4""]",1.5,-0.02945289298482813
"[""Lama2"",""Itga7_Itgb1""]",1.5,-0.021143325397726336
"[""Lama2"",""Itga9_Itgb1""]",1.5,-0.022118083942075185
"[""Lama2"",""Itgav_Itgb8""]",1.5,-0.022693490425823352
"[""Lama2"",""Sv2a""]",1.5,-0.05459385307944531
"[""Lama2"",""Sv2b""]",1.5,-0.03228509007935773
"[""Lama2"",""Sv2c""]",1.5,-0.03668844185588015
"[""Lama3"",""Cd44""]",1.5,-0.047116994628211534
"[""Lama3"",""Dag1""]",1.5,-0.03340893594334289
"[""Lama3"",""Itga1_Itgb1""]",1.5,-0.03340520192233526
"[""Lama3"",""Itga2_Itgb1""]",1.5,-0.03242199819996319
"[""Lama3"",""Itga3_Itgb1""]",1.5,-0.03456193681111856
"[""Lama3"",""Itga6_Itgb1""]",1.5,-0.032605360996245655
"[""Lama3"",""Itga6_Itgb4""]",1.5,-0.04121477645002851
"[""Lama3"",""Itga7_Itgb1""]",1.5,-0.035117372786557244
"[""Lama3"",""Itga9_Itgb1""]",1.5,-0.03031996041431967
"[""Lama3"",""Itgav_Itgb8""]",1.5,-0.03184408656638231
"[""Lama3"",""Sv2a""]",1.5,-0.04587166590491981
"[""Lama3"",""Sv2b""]",1.5,-0.040893898106468485
"[""Lama3"",""Sv2c""]",1.5,-0.04301139670932641
"[""Lama4"",""Cd44""]",1.5,-0.020513513916213644
"[""Lama4"",""Dag1""]",1.5,-0.029090454307776833
"[""Lama4"",""Itga1_Itgb1""]",1.5,-0.029866308588755802
"[""Lama4"",""Itga2_Itgb1""]",1.5,-0.02862281366849563
"[""Lama4"",""Itga3_Itgb1""]",1.5,-0.02980754350677893
"[""Lama4"",""Itga6_Itgb1""]",1.5,-0.029013038250649173
"[""Lama4"",""Itga6_Itgb4""]",1.5,-0.034022466777410484
"[""Lama4"",""Itga7_Itgb1""]",1.5,-0.02651243114078229
"[""Lama4"",""Itga9_Itgb1""]",1.5,-0.026486438278852345
"[""Lama4"",""Itgav_Itgb8""]",1.5,-0.02745956406096914
"[""Lama4"",""Sv2a""]",1.5,-0.03782472214882271
"[""Lama4"",""Sv2b""]",1.5,-0.032574545610654565
"[""Lama4"",""Sv2c""]",1.5,-0.03320121956723243
"[""Lama5"",""Cd44""]",1.5,0.02972271179373498
"[""Lama5"",""Dag1""]",1.5,-0.03423036778132334
"[""Lama5"",""Itga1_Itgb1""]",1.5,-0.03564058761481695
"[""Lama5"",""Itga2_Itgb1""]",1.5,-0.03501183737348537
"[""Lama5"",""Itga3_Itgb1""]",1.5,-0.034999112025986795
"[""Lama5"",""Itga6_Itgb1""]",1.5,-0.03436598009874031
"[""Lama5"",""Itga6_Itgb4""]",1.5,-0.04306393979808863
"[""Lama5"",""Itga7_Itgb1""]",1.5,-0.02957516863099957
"[""Lama5"",""Itga9_Itgb1""]",1.5,-0.03295032491468028
"[""Lama5"",""Itgav_Itgb8""]",1.5,-0.03399927550031892
"[""Lama5"",""Sv2a""]",1.5,-0.02717414862799561
"[""Lama5"",""Sv2b""]",1.5,-0.03825242134058843
"[""Lama5"",""Sv2c""]",1.5,-0.04005193122326678
"[""Lamb1"",""Cd44""]",1.5,-0.02273903881832695
"[""Lamb1"",""Dag1""]",1.5,-0.02634255303615722
"[""Lamb1"",""Itga1_Itgb1""]",1.5,-0.02778019265023908
"[""Lamb1"",""Itga2_Itgb1""]",1.5,-0.02651544894221279
"[""Lamb1"",""Itga3_Itgb1""]",1.5,-0.027614752742497514
"[""Lamb1"",""Itga6_Itgb1""]",1.5,-0.02644575934181631
"[""Lamb1"",""Itga6_Itgb4""]",1.5,-0.031090222861662256
"[""Lamb1"",""Itga7_Itgb1""]",1.5,-0.022581770433186155
"[""Lamb1"",""Itga9_Itgb1""]",1.5,-0.02455704366854196
"[""Lamb1"",""Itgav_Itgb8""]",1.5,-0.025255998373194505
"[""Lamb1"",""Sv2a""]",1.5,-0.041169379475656465
"[""Lamb1"",""Sv2b""]",1.5,-0.030123579380953003
"[""Lamb1"",""Sv2c""]",1.5,-0.03172389315202814
"[""Lamb2"",""Cd44""]",1.5,0.023299075001815273
"[""Lamb2"",""Dag1""]",1.5,-0.031912663095373675
"[""Lamb2"",""Itga1_Itgb1""]",1.5,-0.03175579511795701
"[""Lamb2"",""Itga2_Itgb1""]",1.5,-0.031048746094191143
"[""Lamb2"",""Itga3_Itgb1""]",1.5,-0.032239374783396474
"[""Lamb2"",""Itga6_Itgb1""]",1.5,-0.031942184143888386
"[""Lamb2"",""Itga6_Itgb4""]",1.5,-0.0374767700174386
"[""Lamb2"",""Itga7_Itgb1""]",1.5,-0.029210609139109278
"[""Lamb2"",""Itga9_Itgb1""]",1.5,-0.02938807093728127
"[""Lamb2"",""Itgav_Itgb8""]",1.5,-0.031046503770535763
"[""Lamb2"",""Sv2a""]",1.5,-0.021365654358647013
"[""Lamb2"",""Sv2b""]",1.5,-0.031827890478532184
"[""Lamb2"",""Sv2c""]",1.5,-0.029519609031003813
"[""Lamb3"",""Cd44""]",1.5,-0.057331979667188865
"[""Lamb3"",""Dag1""]",1.5,-0.030797588457164363
"[""Lamb3"",""Itga1_Itgb1""]",1.5,-0.032700552651023826
"[""Lamb3"",""Itga2_Itgb1""]",1.5,-0.03164337996105361
"[""Lamb3"",""Itga3_Itgb1""]",1.5,-0.032371034192661255
"[""Lamb3"",""Itga6_Itgb1""]",1.5,-0.03092016799486283
"[""Lamb3"",""Itga6_Itgb4""]",1.5,-0.03865127746709629
"[""Lamb3"",""Itga7_Itgb1""]",1.5,-0.02636997185626269
"[""Lamb3"",""Itga9_Itgb1""]",1.5,-0.02913837050579028
"[""Lamb3"",""Itgav_Itgb8""]",1.5,-0.03046025956268411
"[""Lamb3"",""Sv2a""]",1.5,-0.04969036559283152
"[""Lamb3"",""Sv2b""]",1.5,-0.03850030229717552
"[""Lamb3"",""Sv2c""]",1.5,-0.04371011951634782
"[""Lamc1"",""Cd44""]",1.5,-0.03757812990053666
"[""Lamc1"",""Dag1""]",1.5,-0.028510896174442094
"[""Lamc1"",""Itga1_Itgb1""]",1.5,-0.0297386452656805
"[""Lamc1"",""Itga2_Itgb1""]",1.5,-0.028434537977824664
"[""Lamc1"",""Itga3_Itgb1""]",1.5,-0.02946443886288226
"[""Lamc1"",""Itga6_Itgb1""]",1.5,-0.028280845644295394
"[""Lamc1"",""Itga6_Itgb4""]",1.5,-0.034104093479532305
"[""Lamc1"",""Itga7_Itgb1""]",1.5,-0.02680760806387554
"[""Lamc1"",""Itga9_Itgb1""]",1.5,-0.026262352958986213
"[""Lamc1"",""Itgav_Itgb8""]",1.5,-0.027313663600952803
"[""Lamc1"",""Sv2a""]",1.5,-0.047745787976537224
"[""Lamc1"",""Sv2b""]",1.5,-0.03406797792768418
"[""Lamc1"",""Sv2c""]",1.5,-0.03602399867084455
"[""Lamc2"",""Cd44""]",1.5,0.046864301334007874
"[""Lamc2"",""Dag1""]",1.5,-0.03677037268576411
"[""Lamc2"",""Itga1_Itgb1""]",1.5,-0.03726149642014959
"[""Lamc2"",""Itga2_Itgb1""]",1.5,-0.03633272579153321
"[""Lamc2"",""Itga3_Itgb1""]",1.5,-0.036077608433116415
"[""Lamc2"",""Itga6_Itgb1""]",1.5,-0.03700215645139676
"[""Lamc2"",""Itga6_Itgb4""]",1.5,-0.046026198001935525
"[""Lamc2"",""Itga7_Itgb1""]",1.5,-0.0316750279022851
"[""Lamc2"",""Itga9_Itgb1""]",1.5,-0.03503538200754827
"[""Lamc2"",""Itgav_Itgb8""]",1.5,-0.036384524981919825
"[""Lamc2"",""Sv2a""]",1.5,0.01511348128046719
"[""Lamc2"",""Sv2b""]",1.5,-0.026782098416969935
"[""Lamc2"",""Sv2c""]",1.5,-0.01412898791217404
"[""Lamc3"",""Cd44""]",1.5,-0.09737862288479818
"[""Lamc3"",""Dag1""]",1.5,-0.03495483663421073
"[""Lamc3"",""Itga1_Itgb1""]",1.5,-0.03499210165919017
"[""Lamc3"",""Itga2_Itgb1""]",1.5,-0.03462301356002788
"[""Lamc3"",""Itga3_Itgb1""]",1.5,-0.03538709604083362
"[""Lamc3"",""Itga6_Itgb1""]",1.5,-0.03431721232730346
"[""Lamc3"",""Itga6_Itgb4""]",1.5,-0.04284489929489341
"[""Lamc3"",""Itga7_Itgb1""]",1.5,-0.04152519865368766
"[""Lamc3"",""Itga9_Itgb1""]",1.5,-0.032643352570994724
"[""Lamc3"",""Itgav_Itgb8""]",1.5,-0.033590293953191935
"[""Lamc3"",""Sv2a""]",1.5,-0.05241457166014568
"[""Lamc3"",""Sv2b""]",1.5,-0.044049084457836785
"[""Lamc3"",""Sv2c""]",1.5,-0.04501507220518086
"[""Lck"",""Cd8a_Cd8b1""]",1.5,-0.02961734152018257
"[""Lgals9"",""Cd44""]",1.5,0.13121360340756616
"[""Lgals9"",""Havcr2""]",1.5,-0.02088971334770967
"[""Lgals9"",""Ighm""]",1.5,0.005599467631824562
"[""Lgals9"",""Ptprc""]",1.5,0.004772556193788746
"[""Lhb"",""Lhcgr""]",1.5,-0.020646450560335955
"[""Lif"",""Lifr_Il6st""]",1.5,-0.028154232967818535
"[""Lrrc4"",""Ntng2""]",1.5,-0.03408833530696584
"[""Lrrc4b"",""Ptprf""]",1.5,-0.04507877213579148
"[""Lrrc4c"",""Ntng1""]",1.5,-0.029614662457225258
"[""Lta"",""Tnfrsf14""]",1.5,0.007076130201058628
"[""Lta"",""Tnfrsf1a""]",1.5,-0.02361705466028069
"[""Lta"",""Tnfrsf1b""]",1.5,0.028189164557845592
"[""Lta_Ltb"",""Ltbr""]",1.5,-0.02000616692497531
"[""Madcam1"",""Itga4_Itgb7""]",1.5,-0.025737650822010766
"[""Mag"",""Mag""]",1.5,0.02501738090354233
"[""Mdk"",""Alk""]",1.5,-0.02209443441329574
"[""Mdk"",""Itga4_Itgb1""]",1.5,-0.019127326985554756
"[""Mdk"",""Itga6_Itgb1""]",1.5,-0.023106814135666287
"[""Mdk"",""Lrp1""]",1.5,-0.022600584096731796
"[""Mdk"",""Ncl""]",1.5,-0.019812769075097547
"[""Mdk"",""Ptprz1""]",1.5,-0.026943442384796304
"[""Mdk"",""Sdc1""]",1.5,-0.02414827942594401
"[""Mdk"",""Sdc2""]",1.5,-0.02209133239069535
"[""Mdk"",""Sdc4""]",1.5,-0.026861925615734056
"[""Mif"",""Ackr3""]",1.5,-0.02838783154245346
"[""Mif"",""Cd74_Cd44""]",1.5,-0.01803490749440162
"[""Mif"",""Cd74_Cxcr2""]",1.5,-0.0204561937310532
"[""Mif"",""Cd74_Cxcr4""]",1.5,-0.018355878514175805
"[""Mpz"",""Mpz""]",1.5,-0.02899057817307235
"[""Mpz"",""Mpzl1""]",1.5,-0.029154850726919895
"[""Mpzl1"",""Mpzl1""]",1.5,-0.029841336892459713
"[""Mstn"",""Acvr1b_Acvr2a""]",1.5,-0.025088617755107526
"[""Mstn"",""Acvr1b_Acvr2b""]",1.5,-0.02558211736001914
"[""Mstn"",""Tgfbr1_Acvr2a""]",1.5,-0.021609892364048637
"[""Mstn"",""Tgfbr1_Acvr2b""]",1.5,-0.020947763535399073
"[""Nampt"",""Insr""]",1.5,-0.0277743814100731
"[""Nampt"",""Itga5_Itgb1""]",1.5,-0.026501552708146345
"[""Ncam1"",""Fgfr1""]",1.5,-0.03165746320187776
"[""Ncam1"",""L1cam""]",1.5,0.016046123747634033
"[""Ncam1"",""Ncam1""]",1.5,-0.0391670927046312
"[""Ncam1"",""Ncam2""]",1.5,-0.03583563096458972
"[""Ncam2"",""L1cam""]",1.5,-0.00555263033671155
"[""Nectin1"",""Cadm3""]",1.5,-0.023039541189285084
"[""Nectin1"",""Cd96""]",1.5,-0.034615241104635514
"[""Nectin1"",""Nectin3""]",1.5,-0.030148971340546796
"[""Nectin1"",""Nectin4""]",1.5,-0.06676837991582399
"[""Nectin2"",""Cd226""]",1.5,-0.04159756949692747
"[""Nectin2"",""Tigit""]",1.5,-0.030874803013137567
"[""Nectin3"",""Nectin1""]",1.5,-0.030104714622212356
"[""Nectin3"",""Nectin2""]",1.5,-0.027748046413971134
"[""Nectin3"",""Pvr""]",1.5,-0.02568033836522675
"[""Nectin3"",""Tigit""]",1.5,-0.025082964959932348
"[""Negr1"",""Negr1""]",1.5,-0.027962238415132984
"[""Nfasc"",""Cntn1_Cntnap1""]",1.5,-0.00018544009955356877
"[""Ngf"",""Ngfr""]",1.5,-0.025637459923209316
"[""Ngf"",""Ntrk1""]",1.5,-0.03542698662497508
"[""Nmb"",""Nmbr""]",1.5,-0.026604135628775893
"[""Nms"",""Nmur1""]",1.5,-0.060872410530496995
"[""Nms"",""Nmur2""]",1.5,0.04132434526569473
"[""Nmu"",""Nmur1""]",1.5,-0.036308003519884
"[""Nmu"",""Nmur2""]",1.5,-0.012065476270141484
"[""Nodal"",""Acvr1b_Acvr2a_Cfc1""]",1.5,-0.028580043888206785
"[""Nodal"",""Acvr1b_Acvr2b_Cfc1""]",1.5,-0.028580043888206785
"[""Nodal"",""Acvr1c_Acvr2a_Cfc1""]",1.5,-0.028580043888206785
"[""Nodal"",""Acvr1c_Acvr2b_Cfc1""]",1.5,-0.028580043888206785
"[""Npb"",""Npbwr1""]",1.5,-0.018620901344183927
"[""Npff"",""Npffr1""]",1.5,-0.03135219231296099
"[""Npff"",""Npffr2""]",1.5,-0.04572837465758767
"[""Npnt_Fras1_Frem1"",""Itga8_Itgb1""]",1.5,-0.0291789995829978
"[""Npnt_Fras1_Frem2"",""Itga8_Itgb1""]",1.5,-0.02521538935850684
"[""Nppa"",""Npr1""]",1.5,-0.031934925172082976
"[""Nppb"",""Npr1""]",1.5,-0.03385221702884458
"[""Nppc"",""Npr2""]",1.5,-0.026481591362343737
"[""Nps"",""Npsr1""]",1.5,-0.041046493192046105
"[""Npvf"",""Npffr1""]",1.5,-0.033932050770654754
"[""Npvf"",""Npffr2""]",1.5,-0.030367513318831932
"[""Npw"",""Npbwr1""]",1.5,-0.03609988837618894
"[""Npy"",""Gpr83""]",1.5,-0.02711096449705286
"[""Npy"",""Npy1r""]",1.5,0.05220254843075767
"[""Npy"",""Npy2r""]",1.5,0.011299515209245325
"[""Npy"",""Npy5r""]",1.5,0.06922088517488945
"[""Nrg1"",""Erbb2_Erbb3""]",1.5,-0.02848608064686997
"[""Nrg1"",""Erbb2_Erbb4""]",1.5,-0.025303065990405105
"[""Nrg1"",""Erbb3""]",1.5,-0.026524207481366344
"[""Nrg1"",""Erbb4""]",1.5,-0.025868336998195907
"[""Nrg1"",""Itgav_Itgb3""]",1.5,-0.02576997199405537
"[""Nrg2"",""Erbb2_Erbb3""]",1.5,-0.030064680708243842
"[""Nrg2"",""Erbb2_Erbb4""]",1.5,-0.03023515618945624
"[""Nrg2"",""Erbb3""]",1.5,-0.028481547754317715
"[""Nrg2"",""Erbb4""]",1.5,-0.028934810854785664
"[""Nrg3"",""Erbb2_Erbb4""]",1.5,-0.012376077916114891
"[""Nrg3"",""Erbb4""]",1.5,-0.03181297366269281
"[""Nrg4"",""Erbb2_Erbb4""]",1.5,-0.03065621974678101
"[""Nrg4"",""Erbb4""]",1.5,-0.028488880881759937
"[""Nrtn"",""Gfra2_Ret""]",1.5,-0.02913019913691617
"[""Nrxn1"",""Nlgn1""]",1.5,-0.018787242918093194
"[""Nrxn1"",""Nlgn2""]",1.5,-0.019436571094296473
"[""Nrxn1"",""Nlgn3""]",1.5,-0.00494542868161385
"[""Nrxn2"",""Nlgn1""]",1.5,-0.013356501256486575
"[""Nrxn2"",""Nlgn2""]",1.5,-0.013227213638831725
"[""Nrxn2"",""Nlgn3""]",1.5,0.006411985324378033
"[""Nrxn3"",""Nlgn1""]",1.5,-0.010663414877561894
"[""Nrxn3"",""Nlgn2""]",1.5,-0.01039442055751566
"[""Nrxn3"",""Nlgn3""]",1.5,0.011222448130591922
"[""Ntf3"",""Ntrk1""]",1.5,-0.03210854001941952
"[""Ntf3"",""Ntrk2""]",1.5,-0.02974180749808039
"[""Ntf3"",""Ntrk3""]",1.5,-0.033802627213530195
"[""Ntf5"",""Ntrk2""]",1.5,-0.03176775847281693
"[""Nts"",""Ntsr1""]",1.5,-0.038622396609911486
"[""Ocln"",""Ocln""]",1.5,-0.024441740353524255
"[""Osm"",""Lifr_Il6st""]",1.5,-0.02165858807105417
"[""Osm"",""Osmr_Il6st""]",1.5,-0.011377333788639032
"[""Ostn"",""Npr3""]",1.5,-0.023786477663780323
"[""Oxt"",""Oxtr""]",1.5,-0.048379268551798305
"[""Pdcd1lg2"",""Pdcd1""]",1.5,-0.04283807916536511
"[""Pdgfa"",""Pdgfra""]",1.5,-0.024861447805262102
"[""Pdgfa"",""Pdgfrb""]",1.5,-0.02894842390895999
"[""Pdgfb"",""Pdgfra""]",1.5,-0.027545612782583495
"[""Pdgfb"",""Pdgfrb""]",1.5,-0.028960707342318315
"[""Pdgfc"",""Pdgfra""]",1.5,-0.02101876756802723
"[""Pdgfd"",""Pdgfrb""]",1.5,-0.02564806078522376
"[""Pdyn"",""Oprd1""]",1.5,-0.047963788572107036
"[""Pdyn"",""Oprk1""]",1.5,0.03417738650505331
"[""Pdyn"",""Oprl1""]",1.5,0.06310167802968669
"[""Pdyn"",""Oprm1""]",1.5,0.02969879785534313
"[""Pecam1"",""Pecam1""]",1.5,-0.031275234803182145
"[""Penk"",""Oprd1""]",1.5,-0.03059713754153899
"[""Penk"",""Oprk1""]",1.5,-0.03160181770102821
"[""Penk"",""Oprl1""]",1.5,-0.0175997335285501
"[""Penk"",""Oprm1""]",1.5,-0.030389583248158908
"[""Pgf"",""Flt1""]",1.5,-0.03068857238459599
"[""Plg"",""F2rl3""]",1.5,0.07167411726577244
"[""Plg"",""Pard3""]",1.5,-0.014483526186081452
"[""Pmch"",""Mchr1""]",1.5,-0.010493860849813741
"[""Pmch"",""Mertk""]",1.5,-0.026147603380991924
"[""Pomc"",""Mc1r""]",1.5,-0.034489785104823895
"[""Pomc"",""Mc2r""]",1.5,-0.026239877242554777
"[""Pomc"",""Mc4r""]",1.5,-0.020593688429976165
"[""Pomc"",""Oprd1""]",1.5,-0.03420087445570541
"[""Pomc"",""Oprk1""]",1.5,-0.02996826786454021
"[""Pomc"",""Oprl1""]",1.5,-0.0064134312691943585
"[""Pomc"",""Oprm1""]",1.5,-0.03076970612566743
"[""Postn"",""Itgav_Itgb3""]",1.5,-0.017277719423839488
"[""Postn"",""Itgav_Itgb5""]",1.5,-0.025139644274659062
"[""Ppbp"",""Cxcr2""]",1.5,-0.007576256801211961
"[""Ppy"",""Gpr83""]",1.5,-0.023027693474112848
"[""Ppy"",""Npy1r""]",1.5,-0.021535394722875023
"[""Ppy"",""Npy2r""]",1.5,-0.014340691441858566
"[""Ppy"",""Npy5r""]",1.5,0.023884929677699174
"[""Prok1"",""Prokr1""]",1.5,-0.027308230889183757
"[""Prok1"",""Prokr2""]",1.5,-0.033815415829078446
"[""Prok2"",""Prokr1""]",1.5,-0.025628898738576184
"[""Prok2"",""Prokr2""]",1.5,-0.03187856987404178
"[""Pros1"",""Axl""]",1.5,-0.028018678730596047
"[""Pros1"",""Tyro3""]",1.5,-0.030093080810596612
"[""Psap"",""Gpr37""]",1.5,-0.028468107410508925
"[""Psap"",""Gpr37l1""]",1.5,-0.02228100086895618
"[""Pspn"",""Gfra4_Ret""]",1.5,-0.027911901894036584
"[""Pth2"",""Pth1r""]",1.5,-0.028602661723583056
"[""Pth2"",""Pth2r""]",1.5,-0.03171896594557924
"[""Pthlh"",""Pth1r""]",1.5,-0.030789653399505415
"[""Ptn"",""Alk""]",1.5,-0.027217568201994044
"[""Ptn"",""Itgav_Itgb3""]",1.5,-0.025128983737827626
"[""Ptn"",""Ncl""]",1.5,-0.02475542683261102
"[""Ptn"",""Ptprz1""]",1.5,-0.0295107585104242
"[""Ptn"",""Sdc1""]",1.5,-0.029137873901153258
"[""Ptn"",""Sdc2""]",1.5,-0.02700345588786912
"[""Ptn"",""Sdc3""]",1.5,-0.02978052261034614
"[""Ptn"",""Sdc4""]",1.5,-0.029292260739090026
"[""Ptprc"",""Cd22""]",1.5,-0.017662615723954056
"[""Ptprc"",""Mrc1""]",1.5,-0.005802928540694197
"[""Ptprm"",""Ptprm""]",1.5,-0.021813292114692184
"[""Pvr"",""Cd226""]",1.5,-0.04150903790219804
"[""Pvr"",""Tigit""]",1.5,-0.029382402019258735
"[""Pyy"",""Gpr83""]",1.5,-0.009674873795423755
"[""Pyy"",""Npy1r""]",1.5,0.01787380385196713
"[""Pyy"",""Npy2r""]",1.5,0.004248041919474976
"[""Pyy"",""Npy5r""]",1.5,0.0771533980433402
"[""Qrfp"",""Qrfpr""]",1.5,-0.03925151841382643
"[""Rarres2"",""Cmklr1""]",1.5,-0.01592280707909194
"[""Rarres2"",""Gpr1""]",1.5,-0.022513925278107444
"[""Reln"",""Itga3_Itgb1""]",1.5,-0.02899645879842172
"[""Retn"",""Cap1""]",1.5,-0.02827494374063469
"[""Retn"",""Tlr4""]",1.5,-0.027523523591662075
"[""Rln1"",""Rxfp1""]",1.5,-0.03044669144196796
"[""Rln1"",""Rxfp2""]",1.5,-0.029157453512857534
"[""Rln1"",""Rxfp3""]",1.5,-0.03204271674302772
"[""Rln3"",""Rxfp1""]",1.5,-0.035725270403293125
"[""Rln3"",""Rxfp2""]",1.5,-0.029566921675445404
"[""Rln3"",""Rxfp3""]",1.5,-0.03334038440631158
"[""Saa2"",""Fpr2""]",1.5,-0.024542941349117275
"[""Scgb3a2"",""Marco""]",1.5,0.41675177343537784
"[""Sct"",""Sctr""]",1.5,-0.026346572242467267
"[""Sell"",""Cd34""]",1.5,0.03315080408054838
"[""Sell"",""Madcam1""]",1.5,0.037403393766946014
"[""Sell"",""Podxl""]",1.5,0.024929850841270695
"[""Selplg"",""Sell""]",1.5,0.09367325635148238
"[""Selplg"",""Selp""]",1.5,-0.023098309327105798
"[""Sema3a"",""Nrp1_Plxna1""]",1.5,-0.0262405482420401
"[""Sema3a"",""Nrp1_Plxna2""]",1.5,-0.025527592862826007
"[""Sema3a"",""Nrp1_Plxna3""]",1.5,-0.03588823704830127
"[""Sema3a"",""Nrp1_Plxna4""]",1.5,-0.027078567340456855
"[""Sema3b"",""Nrp1_Plxna1""]",1.5,-0.027325452368857583
"[""Sema3b"",""Nrp1_Plxna2""]",1.5,-0.026976178622857366
"[""Sema3b"",""Nrp1_Plxna3""]",1.5,-0.029081441128424868
"[""Sema3b"",""Nrp1_Plxna4""]",1.5,-0.029621403878025726
"[""Sema3b"",""Nrp2_Plxna1""]",1.5,-0.027165959855944194
"[""Sema3b"",""Nrp2_Plxna2""]",1.5,-0.029729222918328913
"[""Sema3b"",""Nrp2_Plxna3""]",1.5,-0.027443603644550396
"[""Sema3b"",""Nrp2_Plxna4""]",1.5,-0.03248070627490385
"[""Sema3c"",""Nrp1_Nrp2_Plxnd1""]",1.5,-0.0313327869432134
"[""Sema3c"",""Nrp1_Plxna1""]",1.5,-0.026779939505670786
"[""Sema3c"",""Nrp1_Plxna2""]",1.5,-0.026403376234994752
"[""Sema3c"",""Nrp1_Plxna3""]",1.5,-0.033173572066511614
"[""Sema3c"",""Nrp1_Plxna4""]",1.5,-0.027684956272828534
"[""Sema3c"",""Nrp2_Plxna1""]",1.5,-0.027474477514038448
"[""Sema3c"",""Nrp2_Plxna2""]",1.5,-0.02917084099678867
"[""Sema3c"",""Nrp2_Plxna3""]",1.5,-0.03250851806789348
"[""Sema3c"",""Nrp2_Plxna4""]",1.5,-0.029126983016695113
"[""Sema3c"",""Plxnd1""]",1.5,-0.03144112830145654
"[""Sema3d"",""Nrp1_Plxna1""]",1.5,-0.028349675676349648
"[""Sema3d"",""Nrp1_Plxna2""]",1.5,-0.027219765339975527
"[""Sema3d"",""Nrp1_Plxna3""]",1.5,-0.038439434940151784
"[""Sema3d"",""Nrp1_Plxna4""]",1.5,-0.029365368394109123
"[""Sema3d"",""Nrp2_Plxna1""]",1.5,-0.02951959508854156
"[""Sema3d"",""Nrp2_Plxna2""]",1.5,-0.029765110515980076
"[""Sema3d"",""Nrp2_Plxna3""]",1.5,-0.03821053362010271
"[""Sema3d"",""Nrp2_Plxna4""]",1.5,-0.03095083090815963
"[""Sema3e"",""Plxnd1""]",1.5,-0.03541848100917802
"[""Sema3f"",""Nrp2_Plxna1""]",1.5,-0.033301204634193116
"[""Sema3f"",""Nrp2_Plxna2""]",1.5,-0.03564969351078706
"[""Sema3f"",""Nrp2_Plxna3""]",1.5,-0.04013948982641835
"[""Sema3f"",""Nrp2_Plxna4""]",1.5,-0.03566962015174294
"[""Sema3g"",""Nrp2_Plxna1""]",1.5,-0.0316312464288247
"[""Sema3g"",""Nrp2_Plxna2""]",1.5,-0.0346609618578646
"[""Sema3g"",""Nrp2_Plxna3""]",1.5,-0.03559822807351615
"[""Sema3g"",""Nrp2_Plxna4""]",1.5,-0.03554320373789677
"[""Sema4a"",""Nrp1_Plxna1""]",1.5,-0.033195494950221005
"[""Sema4a"",""Nrp1_Plxna2""]",1.5,-0.036854722248314375
"[""Sema4a"",""Nrp1_Plxna3""]",1.5,-0.0005686361121751693
"[""Sema4a"",""Nrp1_Plxna4""]",1.5,-0.031023685305565485
"[""Sema4a"",""Plxnb1""]",1.5,-0.026707481092728746
"[""Sema4a"",""Plxnb2""]",1.5,-0.029774098800540216
"[""Sema4a"",""Plxnb3""]",1.5,-0.035048853304948446
"[""Sema4a"",""Timd2""]",1.5,0.24984396220326244
"[""Sema4c"",""Plxnb2""]",1.5,-0.030570529486560055
"[""Sema4d"",""Cd72""]",1.5,-0.034316493292974454
"[""Sema4d"",""Plxnb1""]",1.5,-0.03559478010829409
"[""Sema4d"",""Plxnb2""]",1.5,-0.031230999248311075
"[""Sema4d"",""Plxnb3""]",1.5,-0.03139091343551391
"[""Sema4g"",""Plxnb2""]",1.5,-0.03265827369386942
"[""Sema5a"",""Plxna1""]",1.5,-0.028116674430864436
"[""Sema5a"",""Plxna3""]",1.5,-0.03533166672057103
"[""Sema5a"",""Plxnb3""]",1.5,-0.025873998604312623
"[""Sema5b"",""Plxna1""]",1.5,-0.030689330149625993
"[""Sema5b"",""Plxna3""]",1.5,-0.034034324988576004
"[""Sema6a"",""Plxna2""]",1.5,-0.026208828558951097
"[""Sema6a"",""Plxna4""]",1.5,-0.02893475099763336
"[""Sema6b"",""Plxna2""]",1.5,-0.02811529431365961
"[""Sema6b"",""Plxna4""]",1.5,-0.034992109701505236
"[""Sema6d"",""Plxna1""]",1.5,-0.031470603678809245
"[""Sema6d"",""Plxna1_Kdr""]",1.5,-0.030200364176285494
"[""Sema6d"",""Plxna1_Trem2_Tyrobp""]",1.5,-0.012559027988753246
"[""Sema7a"",""Itgb1_Itga1""]",1.5,-0.03947617610830689
"[""Sema7a"",""Plxnc1""]",1.5,-0.018048809945852395
"[""Shh"",""Ptch1_Smo""]",1.5,-0.02736284108449929
"[""Shh"",""Ptch2_Smo""]",1.5,-0.029877447839476393
"[""Siglec1"",""Spn""]",1.5,0.06904845937260246
"[""Slurp1"",""Chrna1""]",1.5,-0.03538496897086746
"[""Slurp1"",""Chrna2""]",1.5,-0.022304110890341067
"[""Slurp1"",""Chrna3""]",1.5,-0.008346712062400785
"[""Slurp1"",""Chrna4""]",1.5,-0.00906975326738102
"[""Slurp1"",""Chrna5""]",1.5,-0.02852143615607544
"[""Slurp1"",""Chrna6""]",1.5,-0.0850596919463292
"[""Slurp1"",""Chrna7""]",1.5,-0.04202242184089641
"[""Slurp1"",""Chrna9""]",1.5,-0.05116821519378913
"[""Slurp1"",""Chrnb1""]",1.5,-0.03730464708494341
"[""Slurp1"",""Chrnb2""]",1.5,-0.001872139139442175
"[""Slurp1"",""Chrnb3""]",1.5,-0.09917854546057832
"[""Slurp1"",""Chrnb4""]",1.5,-0.04037441147643778
"[""Slurp1"",""Chrnd""]",1.5,-0.04110407396367849
"[""Slurp1"",""Chrne""]",1.5,-0.036776598931560295
"[""Slurp1"",""Chrng""]",1.5,-0.04030415860918951
"[""Slurp2"",""Chrna1""]",1.5,-0.023297289321404638
"[""Slurp2"",""Chrna2""]",1.5,0.00113958951304316
"[""Slurp2"",""Chrna3""]",1.5,-0.007459073189824417
"[""Slurp2"",""Chrna4""]",1.5,0.00039553031705652497
"[""Slurp2"",""Chrna5""]",1.5,-0.021684484727191977
"[""Slurp2"",""Chrna6""]",1.5,-0.0393655845301194
"[""Slurp2"",""Chrna7""]",1.5,-0.03182702946579549
"[""Slurp2"",""Chrna9""]",1.5,-0.03533868679557675
"[""Slurp2"",""Chrnb1""]",1.5,-0.02574300686025152
"[""Slurp2"",""Chrnb2""]",1.5,0.002745602230921018
"[""Slurp2"",""Chrnb3""]",1.5,-0.04286370831515818
"[""Slurp2"",""Chrnb4""]",1.5,-0.030573501496927002
"[""Slurp2"",""Chrnd""]",1.5,-0.024812507081872964
"[""Slurp2"",""Chrne""]",1.5,-0.023203514851159512
"[""Slurp2"",""Chrng""]",1.5,-0.02507041189470738
"[""Spp1"",""Cd44""]",1.5,0.10809988496337286
"[""Spp1"",""Itga4_Itgb1""]",1.5,-0.0184634387172668
"[""Spp1"",""Itga5_Itgb1""]",1.5,-0.024934848190941467
"[""Spp1"",""Itga8_Itgb1""]",1.5,-0.024263698163251468
"[""Spp1"",""Itga9_Itgb1""]",1.5,-0.02657564480183988
"[""Spp1"",""Itgav_Itgb1""]",1.5,-0.02494833664081325
"[""Spp1"",""Itgav_Itgb3""]",1.5,-0.009014729331369098
"[""Spp1"",""Itgav_Itgb5""]",1.5,-0.024812191214443946
"[""Spp1"",""Itgav_Itgb6""]",1.5,-0.031260002191888875
"[""Sst"",""Sstr1""]",1.5,0.059570185666585784
"[""Sst"",""Sstr2""]",1.5,0.02357068980472099
"[""Sst"",""Sstr3""]",1.5,0.070053502714712
"[""Sst"",""Sstr4""]",1.5,-0.02786136022720992
"[""Sst"",""Sstr5""]",1.5,0.026057142826444224
"[""Tac1"",""Tacr1""]",1.5,0.007321001666008797
"[""Tac1"",""Tacr2""]",1.5,-0.020705711219407785
"[""Tac2"",""Tacr3""]",1.5,0.02444085873620805
"[""Tac4"",""Tacr1""]",1.5,-0.0326853851754631
"[""Tgfa"",""Egfr""]",1.5,-0.038692830172771225
"[""Tgfa"",""Egfr_Erbb2""]",1.5,-0.04276964346882517
"[""Tgfb1"",""Acvr1_Tgfbr1_Tgfbr2""]",1.5,-0.026999517429095884
"[""Tgfb1"",""Acvr1b_Tgfbr2""]",1.5,-0.0279938708471289
"[""Tgfb1"",""Acvr1c_Tgfbr2""]",1.5,-0.033518281091261204
"[""Tgfb1"",""Tgfbr1_Tgfbr2""]",1.5,-0.02542135705195879
"[""Tgfb2"",""Acvr1_Tgfbr1_Tgfbr2""]",1.5,-0.023332007075922215
"[""Tgfb2"",""Acvr1b_Tgfbr2""]",1.5,-0.02867599585561506
"[""Tgfb2"",""Acvr1c_Tgfbr2""]",1.5,-0.03204104868065351
"[""Tgfb2"",""Tgfbr1_Tgfbr2""]",1.5,-0.023252128261502483
"[""Tgfb3"",""Acvr1_Tgfbr1_Tgfbr2""]",1.5,-0.02402918093750532
"[""Tgfb3"",""Acvr1b_Tgfbr2""]",1.5,-0.02773770703670228
"[""Tgfb3"",""Acvr1c_Tgfbr2""]",1.5,-0.032090076863177996
"[""Tgfb3"",""Tgfbr1_Tgfbr2""]",1.5,-0.023212130088239025
"[""Thbs1"",""Cd36""]",1.5,-0.02752336586950821
"[""Thbs1"",""Cd47""]",1.5,-0.021884719765268956
"[""Thbs1"",""Itga3_Itgb1""]",1.5,-0.030359476736045513
"[""Thbs1"",""Itgav_Itgb3""]",1.5,-0.026193110780464907
"[""Thbs1"",""Sdc1""]",1.5,-0.028710000639366462
"[""Thbs1"",""Sdc4""]",1.5,-0.027993449791473918
"[""Thbs2"",""Cd36""]",1.5,-0.022569782269122846
"[""Thbs2"",""Cd47""]",1.5,-0.015193454861373523
"[""Thbs2"",""Itga3_Itgb1""]",1.5,-0.02828731059004047
"[""Thbs2"",""Itgav_Itgb3""]",1.5,-0.021386767375896815
"[""Thbs2"",""Sdc1""]",1.5,-0.02724729186972749
"[""Thbs2"",""Sdc4""]",1.5,-0.02030843481946165
"[""Thbs3"",""Cd36""]",1.5,-0.02469968104524259
"[""Thbs3"",""Cd47""]",1.5,-0.015351611774396146
"[""Thbs3"",""Itga3_Itgb1""]",1.5,-0.031247377755402372
"[""Thbs3"",""Itgav_Itgb3""]",1.5,-0.023590424983255365
"[""Thbs3"",""Sdc1""]",1.5,-0.0308740280356809
"[""Thbs3"",""Sdc4""]",1.5,-0.02183334760096789
"[""Thbs4"",""Cd36""]",1.5,-0.02127019318512452
"[""Thbs4"",""Cd47""]",1.5,-0.019892053435557416
"[""Thbs4"",""Itga3_Itgb1""]",1.5,-0.02505704328805855
"[""Thbs4"",""Itgav_Itgb3""]",1.5,-0.02349661742735179
"[""Thbs4"",""Sdc1""]",1.5,-0.02419118918787233
"[""Thbs4"",""Sdc4""]",1.5,-0.025295574316046232
"[""Thpo"",""Mpl""]",1.5,-0.0291838859624797
"[""Thy1"",""Itgam_Itgb2""]",1.5,-0.003473202233499062
"[""Thy1"",""Itgav_Itgb3""]",1.5,-0.01688814860969834
"[""Thy1"",""Itgax_Itgb2""]",1.5,-0.01759055386602887
"[""Tigit"",""Nectin2""]",1.5,-0.03086869099155043
"[""Tigit"",""Pvr""]",1.5,-0.02935740824302077
"[""Tnc"",""Itga2b_Itgb3""]",1.5,-0.026928975977391967
"[""Tnc"",""Itga8_Itgb1""]",1.5,-0.026624984349424494
"[""Tnc"",""Itga9_Itgb1""]",1.5,-0.02634828349752885
"[""Tnc"",""Itgav_Itgb3""]",1.5,-0.02690091153883134
"[""Tnc"",""Itgav_Itgb6""]",1.5,-0.02489395183085684
"[""Tnc"",""Sdc1""]",1.5,-0.028667594069439736
"[""Tnc"",""Sdc4""]",1.5,-0.02852674576294867
"[""Tnfsf10"",""Tnfrsf10b""]",1.5,-0.0318673223728204
"[""Tnfsf11"",""Tnfrsf11a""]",1.5,-0.02718473119677456
"[""Tnfsf11"",""Tnfrsf11b""]",1.5,-0.025109783384852147
"[""Tnfsf12"",""Tnfrsf12a""]",1.5,-0.0257051237090824
"[""Tnfsf13b"",""Tnfrsf13b""]",1.5,-0.02534696190822297
"[""Tnfsf13b"",""Tnfrsf13c""]",1.5,-0.02373232962462417
"[""Tnfsf13b"",""Tnfrsf17""]",1.5,-0.02675953113383822
"[""Tnfsf14"",""Ltbr""]",1.5,-0.01991993975436862
"[""Tnfsf14"",""Tnfrsf14""]",1.5,0.0025886868824710474
"[""Tnfsf15"",""Tnfrsf25""]",1.5,-0.042448145281984206
"[""Tnfsf18"",""Tnfrsf18""]",1.5,-0.02849856346701389
"[""Tnfsf4"",""Tnfrsf4""]",1.5,-0.03988323394691615
"[""Tnfsf8"",""Tnfrsf8""]",1.5,-0.06603871484405109
"[""Tnfsf9"",""Tnfrsf9""]",1.5,-0.029964710468002698
"[""Tnn"",""Itga2b_Itgb3""]",1.5,-0.02820522092605668
"[""Tnn"",""Itga8_Itgb1""]",1.5,-0.030376131958137403
"[""Tnn"",""Itga9_Itgb1""]",1.5,-0.029994061363665406
"[""Tnn"",""Itgav_Itgb3""]",1.5,-0.028162661859617633
"[""Tnn"",""Itgav_Itgb6""]",1.5,-0.032333027956602284
"[""Tnn"",""Sdc1""]",1.5,-0.03223288036847813
"[""Tnn"",""Sdc4""]",1.5,-0.029593501651021648
"[""Tnr"",""Itga2b_Itgb3""]",1.5,-0.01894196269727949
"[""Tnr"",""Itga8_Itgb1""]",1.5,-0.039966219534567915
"[""Tnr"",""Itga9_Itgb1""]",1.5,-0.042335308385473086
"[""Tnr"",""Itgav_Itgb3""]",1.5,-0.018985504824887145
"[""Tnr"",""Itgav_Itgb6""]",1.5,-0.05251835988588188
"[""Tnr"",""Sdc1""]",1.5,-0.04015387879241278
"[""Tnr"",""Sdc4""]",1.5,0.00967187132567926
"[""Tnxb"",""Itga2b_Itgb3""]",1.5,-0.019184838551716016
"[""Tnxb"",""Itga8_Itgb1""]",1.5,-0.02279366051837714
"[""Tnxb"",""Itga9_Itgb1""]",1.5,-0.024381418698880525
"[""Tnxb"",""Itgav_Itgb3""]",1.5,-0.01916110239909613
"[""Tnxb"",""Itgav_Itgb6""]",1.5,-0.022352235187787423
"[""Tnxb"",""Sdc1""]",1.5,-0.02482976176851337
"[""Tnxb"",""Sdc4""]",1.5,-0.014222405333424781
"[""Trh"",""Trhr""]",1.5,-0.020661892045887364
"[""Try10"",""F2r""]",1.5,-0.02889435233640228
"[""Try10"",""F2rl1""]",1.5,-0.027010559882235413
"[""Try10"",""F2rl2""]",1.5,-0.02280464411036169
"[""Try10"",""F2rl3""]",1.5,-0.02742768677105975
"[""Try10"",""Pard3""]",1.5,-0.03000115293157067
"[""Try5"",""F2r""]",1.5,-0.02304926139119645
"[""Try5"",""F2rl1""]",1.5,-0.017707276762401025
"[""Try5"",""F2rl2""]",1.5,-0.018477995950448953
"[""Try5"",""F2rl3""]",1.5,-0.021803167562504583
"[""Try5"",""Pard3""]",1.5,-0.02293705177677413
"[""Tshb"",""Tshr""]",1.5,-0.03689390966073179
"[""Tslp"",""Il7r_Crlf2""]",1.5,-0.022016005359932256
"[""Ucn"",""Crhr1""]",1.5,-0.02628131911878684
"[""Ucn"",""Crhr2""]",1.5,-0.032102538154336446
"[""Ucn2"",""Crhr1""]",1.5,-0.013480821318568648
"[""Ucn2"",""Crhr2""]",1.5,-0.04853026924054943
"[""Uts2b"",""Sstr5""]",1.5,-0.020421409317598116
"[""Uts2b"",""Uts2r""]",1.5,-0.03458420005929716
"[""Vegfa"",""Flt1""]",1.5,-0.030648673145632382
"[""Vegfa"",""Flt1_Kdr""]",1.5,-0.030648673145632382
"[""Vegfa"",""Kdr""]",1.5,-0.030282509035361754
"[""Vegfb"",""Flt1""]",1.5,-0.030401501763259065
"[""Vegfc"",""Flt4""]",1.5,-0.027330237207721195
"[""Vegfc"",""Flt4_Kdr""]",1.5,-0.027330237207721195
"[""Vegfc"",""Kdr""]",1.5,-0.029093351186035163
"[""Vegfd"",""Flt4""]",1.5,-0.027782282118074764
"[""Vegfd"",""Flt4_Kdr""]",1.5,-0.027782282118074764
"[""Vegfd"",""Kdr""]",1.5,-0.029485439985539902
"[""Vsir"",""Igsf11""]",1.5,-0.021827368079262
"[""Vtn"",""Itga2b_Itgb3""]",1.5,0.001088416950446619
"[""Vtn"",""Itga8_Itgb1""]",1.5,-0.02015207014289991
"[""Vtn"",""Itgav_Itgb1""]",1.5,-0.023496929975545283
"[""Vtn"",""Itgav_Itgb3""]",1.5,0.0010840704676075008
"[""Vtn"",""Itgav_Itgb5""]",1.5,-0.02330188464018304
"[""Vtn"",""Itgav_Itgb8""]",1.5,-0.030624615083922557
"[""Vwf"",""Gp1ba_Gp1bb_Gp5_Gp9""]",1.5,-0.028997760348419138
"[""Vwf"",""Itga2b_Itgb3""]",1.5,-0.029419093717013123
"[""Vwf"",""Itgav_Itgb3""]",1.5,-0.029405989647320385
"[""Wnt1"",""Fzd10_Lrp5""]",1.5,-0.03276171211670488
"[""Wnt1"",""Fzd10_Lrp6""]",1.5,-0.03234268937177563
"[""Wnt1"",""Fzd1_Lrp5""]",1.5,-0.029478707851587682
"[""Wnt1"",""Fzd1_Lrp6""]",1.5,-0.03064216693821742
"[""Wnt1"",""Fzd2_Lrp5""]",1.5,-0.029414259056644305
"[""Wnt1"",""Fzd2_Lrp6""]",1.5,-0.031588212422251724
"[""Wnt1"",""Fzd3_Lrp5""]",1.5,-0.029414259056644305
"[""Wnt1"",""Fzd3_Lrp6""]",1.5,-0.03709933212033925
"[""Wnt1"",""Fzd4_Lrp5""]",1.5,-0.030402827650341926
"[""Wnt1"",""Fzd4_Lrp6""]",1.5,-0.029680141576934035
"[""Wnt1"",""Fzd5_Lrp5""]",1.5,-0.029010111660212626
"[""Wnt1"",""Fzd5_Lrp6""]",1.5,-0.029010111660212626
"[""Wnt1"",""Fzd6_Lrp5""]",1.5,-0.03876941923602499
"[""Wnt1"",""Fzd6_Lrp6""]",1.5,-0.035351422456371226
"[""Wnt1"",""Fzd7_Lrp5""]",1.5,-0.029532833924992126
"[""Wnt1"",""Fzd7_Lrp6""]",1.5,-0.030332884416503864
"[""Wnt1"",""Fzd8_Lrp5""]",1.5,-0.031097077298748124
"[""Wnt1"",""Fzd8_Lrp6""]",1.5,-0.030602237266581137
"[""Wnt1"",""Fzd9_Lrp5""]",1.5,-0.03607654209325417
"[""Wnt1"",""Fzd9_Lrp6""]",1.5,-0.033497641840875975
"[""Wnt10a"",""Fzd10_Lrp5""]",1.5,-0.04548030591823565
"[""Wnt10a"",""Fzd10_Lrp6""]",1.5,-0.044200786970136824
"[""Wnt10a"",""Fzd1_Lrp5""]",1.5,-0.03970551666162016
"[""Wnt10a"",""Fzd1_Lrp6""]",1.5,-0.03946337813628864
"[""Wnt10a"",""Fzd2_Lrp5""]",1.5,-0.03969213084371889
"[""Wnt10a"",""Fzd2_Lrp6""]",1.5,-0.041012574986138986
"[""Wnt10a"",""Fzd3_Lrp5""]",1.5,-0.03969213084371889
"[""Wnt10a"",""Fzd3_Lrp6""]",1.5,-0.04956518330258042
"[""Wnt10a"",""Fzd4_Lrp5""]",1.5,-0.03932222995986262
"[""Wnt10a"",""Fzd4_Lrp6""]",1.5,-0.038752483558833206
"[""Wnt10a"",""Fzd5_Lrp5""]",1.5,-0.04140252451286491
"[""Wnt10a"",""Fzd5_Lrp6""]",1.5,-0.04140252451286491
"[""Wnt10a"",""Fzd6_Lrp5""]",1.5,-0.054123831138507966
"[""Wnt10a"",""Fzd6_Lrp6""]",1.5,-0.05143546567728294
"[""Wnt10a"",""Fzd7_Lrp5""]",1.5,-0.03971672028205876
"[""Wnt10a"",""Fzd7_Lrp6""]",1.5,-0.04081418358863424
"[""Wnt10a"",""Fzd8_Lrp5""]",1.5,-0.03974892819407355
"[""Wnt10a"",""Fzd8_Lrp6""]",1.5,-0.03894303733115631
"[""Wnt10a"",""Fzd9_Lrp5""]",1.5,-0.041822653103394614
"[""Wnt10a"",""Fzd9_Lrp6""]",1.5,-0.04043040986153018
"[""Wnt10b"",""Fzd10_Lrp5""]",1.5,-0.05468599569879551
"[""Wnt10b"",""Fzd10_Lrp6""]",1.5,-0.053390327154379524
"[""Wnt10b"",""Fzd1_Lrp5""]",1.5,-0.046906796125520886
"[""Wnt10b"",""Fzd1_Lrp6""]",1.5,-0.045572221287678044
"[""Wnt10b"",""Fzd2_Lrp5""]",1.5,-0.04687767088700488
"[""Wnt10b"",""Fzd2_Lrp6""]",1.5,-0.04830802542849982
"[""Wnt10b"",""Fzd3_Lrp5""]",1.5,-0.04687767088700488
"[""Wnt10b"",""Fzd3_Lrp6""]",1.5,-0.059290066172454026
"[""Wnt10b"",""Fzd4_Lrp5""]",1.5,-0.04729237578811882
"[""Wnt10b"",""Fzd4_Lrp6""]",1.5,-0.04648693609214244
"[""Wnt10b"",""Fzd5_Lrp5""]",1.5,-0.049643700107386585
"[""Wnt10b"",""Fzd5_Lrp6""]",1.5,-0.049643700107386585
"[""Wnt10b"",""Fzd6_Lrp5""]",1.5,-0.06873111644528643
"[""Wnt10b"",""Fzd6_Lrp6""]",1.5,-0.07019604810150473
"[""Wnt10b"",""Fzd7_Lrp5""]",1.5,-0.04693118599661561
"[""Wnt10b"",""Fzd7_Lrp6""]",1.5,-0.048544709641043335
"[""Wnt10b"",""Fzd8_Lrp5""]",1.5,-0.04780210788451053
"[""Wnt10b"",""Fzd8_Lrp6""]",1.5,-0.046461747440067286
"[""Wnt10b"",""Fzd9_Lrp5""]",1.5,-0.047584289895660714
"[""Wnt10b"",""Fzd9_Lrp6""]",1.5,-0.04747021693468584
"[""Wnt11"",""Fzd1""]",1.5,-0.026122021397744888
"[""Wnt11"",""Fzd10""]",1.5,-0.030410741194165813
"[""Wnt11"",""Fzd2""]",1.5,-0.02661761094102981
"[""Wnt11"",""Fzd3""]",1.5,-0.02950743839295858
"[""Wnt11"",""Fzd4""]",1.5,-0.02400214718422386
"[""Wnt11"",""Fzd5""]",1.5,-0.02501775319912146
"[""Wnt11"",""Fzd6""]",1.5,-0.032146504444166724
"[""Wnt11"",""Fzd7""]",1.5,-0.025304265975313656
"[""Wnt11"",""Fzd8""]",1.5,-0.024354513159513702
"[""Wnt11"",""Fzd9""]",1.5,-0.026947523746817886
"[""Wnt16"",""Fzd10_Lrp5""]",1.5,-0.029092012242390768
"[""Wnt16"",""Fzd10_Lrp6""]",1.5,-0.029162235752581617
"[""Wnt16"",""Fzd1_Lrp5""]",1.5,-0.022690447942453444
"[""Wnt16"",""Fzd1_Lrp6""]",1.5,-0.025740081672473998
"[""Wnt16"",""Fzd2_Lrp5""]",1.5,-0.022684644457593287
"[""Wnt16"",""Fzd2_Lrp6""]",1.5,-0.02354062739712092
"[""Wnt16"",""Fzd3_Lrp5""]",1.5,-0.022684644457593287
"[""Wnt16"",""Fzd3_Lrp6""]",1.5,-0.03218293992545278
"[""Wnt16"",""Fzd4_Lrp5""]",1.5,-0.02353915852963391
"[""Wnt16"",""Fzd4_Lrp6""]",1.5,-0.023379368455616667
"[""Wnt16"",""Fzd5_Lrp5""]",1.5,-0.026333109554900834
"[""Wnt16"",""Fzd5_Lrp6""]",1.5,-0.026333109554900834
"[""Wnt16"",""Fzd6_Lrp5""]",1.5,-0.034412023974640604
"[""Wnt16"",""Fzd6_Lrp6""]",1.5,-0.03278322483884387
"[""Wnt16"",""Fzd7_Lrp5""]",1.5,-0.022695304599149875
"[""Wnt16"",""Fzd7_Lrp6""]",1.5,-0.024027495813704627
"[""Wnt16"",""Fzd8_Lrp5""]",1.5,-0.023396494573857
"[""Wnt16"",""Fzd8_Lrp6""]",1.5,-0.023367955923983212
"[""Wnt16"",""Fzd9_Lrp5""]",1.5,-0.027947840728996656
"[""Wnt16"",""Fzd9_Lrp6""]",1.5,-0.0275902930261831
"[""Wnt2"",""Fzd10_Lrp5""]",1.5,-0.03229036943138573
"[""Wnt2"",""Fzd10_Lrp6""]",1.5,-0.031981750498275785
"[""Wnt2"",""Fzd1_Lrp5""]",1.5,-0.026110424917711733
"[""Wnt2"",""Fzd1_Lrp6""]",1.5,-0.026420694383855275
"[""Wnt2"",""Fzd2_Lrp5""]",1.5,-0.02608609662308714
"[""Wnt2"",""Fzd2_Lrp6""]",1.5,-0.026607568416357544
"[""Wnt2"",""Fzd3_Lrp5""]",1.5,-0.02608609662308714
"[""Wnt2"",""Fzd3_Lrp6""]",1.5,-0.03433118553649506
"[""Wnt2"",""Fzd4_Lrp5""]",1.5,-0.025557857662366387
"[""Wnt2"",""Fzd4_Lrp6""]",1.5,-0.0246621730994257
"[""Wnt2"",""Fzd5_Lrp5""]",1.5,-0.022171721311134485
"[""Wnt2"",""Fzd5_Lrp6""]",1.5,-0.022171721311134485
"[""Wnt2"",""Fzd6_Lrp5""]",1.5,-0.035736298315582726
"[""Wnt2"",""Fzd6_Lrp6""]",1.5,-0.03301946132838193
"[""Wnt2"",""Fzd7_Lrp5""]",1.5,-0.026130809411971823
"[""Wnt2"",""Fzd7_Lrp6""]",1.5,-0.026748086441375607
"[""Wnt2"",""Fzd8_Lrp5""]",1.5,-0.026142949730375023
"[""Wnt2"",""Fzd8_Lrp6""]",1.5,-0.02546371176332342
"[""Wnt2"",""Fzd9_Lrp5""]",1.5,-0.026635712594253597
"[""Wnt2"",""Fzd9_Lrp6""]",1.5,-0.02660492113881885
"[""Wnt2b"",""Fzd10_Lrp5""]",1.5,-0.030888753396032878
"[""Wnt2b"",""Fzd10_Lrp6""]",1.5,-0.030679986446646434
"[""Wnt2b"",""Fzd1_Lrp5""]",1.5,-0.024593349745994725
"[""Wnt2b"",""Fzd1_Lrp6""]",1.5,-0.025923717505193525
"[""Wnt2b"",""Fzd2_Lrp5""]",1.5,-0.024581157159860027
"[""Wnt2b"",""Fzd2_Lrp6""]",1.5,-0.02537857971185825
"[""Wnt2b"",""Fzd3_Lrp5""]",1.5,-0.024581157159860027
"[""Wnt2b"",""Fzd3_Lrp6""]",1.5,-0.03344611395603564
"[""Wnt2b"",""Fzd4_Lrp5""]",1.5,-0.02425266979049584
"[""Wnt2b"",""Fzd4_Lrp6""]",1.5,-0.023896429140938008
"[""Wnt2b"",""Fzd5_Lrp5""]",1.5,-0.024634616519447636
"[""Wnt2b"",""Fzd5_Lrp6""]",1.5,-0.024634616519447636
"[""Wnt2b"",""Fzd6_Lrp5""]",1.5,-0.035070481288671795
"[""Wnt2b"",""Fzd6_Lrp6""]",1.5,-0.03275073992265312
"[""Wnt2b"",""Fzd7_Lrp5""]",1.5,-0.024603557634771962
"[""Wnt2b"",""Fzd7_Lrp6""]",1.5,-0.02553561454729574
"[""Wnt2b"",""Fzd8_Lrp5""]",1.5,-0.02452205246059326
"[""Wnt2b"",""Fzd8_Lrp6""]",1.5,-0.024220510762230904
"[""Wnt2b"",""Fzd9_Lrp5""]",1.5,-0.027708573386544588
"[""Wnt2b"",""Fzd9_Lrp6""]",1.5,-0.026653771957814626
"[""Wnt3"",""Fzd10_Lrp5""]",1.5,-0.03955844941705956
"[""Wnt3"",""Fzd10_Lrp6""]",1.5,-0.03808827342875373
"[""Wnt3"",""Fzd1_Lrp5""]",1.5,-0.03558450204222832
"[""Wnt3"",""Fzd1_Lrp6""]",1.5,-0.0355073898196471
"[""Wnt3"",""Fzd2_Lrp5""]",1.5,-0.03556618429948183
"[""Wnt3"",""Fzd2_Lrp6""]",1.5,-0.03740286351910954
"[""Wnt3"",""Fzd3_Lrp5""]",1.5,-0.03556618429948183
"[""Wnt3"",""Fzd3_Lrp6""]",1.5,-0.044118749058329854
"[""Wnt3"",""Fzd4_Lrp5""]",1.5,-0.03555526682776815
"[""Wnt3"",""Fzd4_Lrp6""]",1.5,-0.03518443733142407
"[""Wnt3"",""Fzd5_Lrp5""]",1.5,-0.03611209582426987
"[""Wnt3"",""Fzd5_Lrp6""]",1.5,-0.03611209582426987
"[""Wnt3"",""Fzd6_Lrp5""]",1.5,-0.047616688858483774
"[""Wnt3"",""Fzd6_Lrp6""]",1.5,-0.0443147580510265
"[""Wnt3"",""Fzd7_Lrp5""]",1.5,-0.03559983857617491
"[""Wnt3"",""Fzd7_Lrp6""]",1.5,-0.03665110721916759
"[""Wnt3"",""Fzd8_Lrp5""]",1.5,-0.03579805741479267
"[""Wnt3"",""Fzd8_Lrp6""]",1.5,-0.0352840976762607
"[""Wnt3"",""Fzd9_Lrp5""]",1.5,-0.03973028672837109
"[""Wnt3"",""Fzd9_Lrp6""]",1.5,-0.036040775091162436
"[""Wnt3a"",""Fzd10_Lrp5""]",1.5,-0.0354409281965847
"[""Wnt3a"",""Fzd10_Lrp6""]",1.5,-0.03467046243103629
"[""Wnt3a"",""Fzd1_Lrp5""]",1.5,-0.03185549611677995
"[""Wnt3a"",""Fzd1_Lrp6""]",1.5,-0.0330818525186089
"[""Wnt3a"",""Fzd2_Lrp5""]",1.5,-0.03180402211693466
"[""Wnt3a"",""Fzd2_Lrp6""]",1.5,-0.033959163291775105
"[""Wnt3a"",""Fzd3_Lrp5""]",1.5,-0.03180402211693466
"[""Wnt3a"",""Fzd3_Lrp6""]",1.5,-0.03984507345764442
"[""Wnt3a"",""Fzd4_Lrp5""]",1.5,-0.032743985859050376
"[""Wnt3a"",""Fzd4_Lrp6""]",1.5,-0.03221796455029084
"[""Wnt3a"",""Fzd5_Lrp5""]",1.5,-0.03159885416943051
"[""Wnt3a"",""Fzd5_Lrp6""]",1.5,-0.03159885416943051
"[""Wnt3a"",""Fzd6_Lrp5""]",1.5,-0.042116295936593315
"[""Wnt3a"",""Fzd6_Lrp6""]",1.5,-0.038822303962810334
"[""Wnt3a"",""Fzd7_Lrp5""]",1.5,-0.031898680139381345
"[""Wnt3a"",""Fzd7_Lrp6""]",1.5,-0.03294150053922583
"[""Wnt3a"",""Fzd8_Lrp5""]",1.5,-0.03322333718118846
"[""Wnt3a"",""Fzd8_Lrp6""]",1.5,-0.032798845892781786
"[""Wnt3a"",""Fzd9_Lrp5""]",1.5,-0.037635938044758316
"[""Wnt3a"",""Fzd9_Lrp6""]",1.5,-0.03518010903685986
"[""Wnt4"",""Fzd10_Lrp5""]",1.5,-0.042934729264669916
"[""Wnt4"",""Fzd10_Lrp6""]",1.5,-0.04218145721059892
"[""Wnt4"",""Fzd1_Lrp5""]",1.5,-0.036616524800868314
"[""Wnt4"",""Fzd1_Lrp6""]",1.5,-0.035831675684030756
"[""Wnt4"",""Fzd2_Lrp5""]",1.5,-0.03659049020777032
"[""Wnt4"",""Fzd2_Lrp6""]",1.5,-0.0376614208111245
"[""Wnt4"",""Fzd3_Lrp5""]",1.5,-0.03659049020777032
"[""Wnt4"",""Fzd3_Lrp6""]",1.5,-0.045601447818065965
"[""Wnt4"",""Fzd4_Lrp5""]",1.5,-0.03595192371058556
"[""Wnt4"",""Fzd4_Lrp6""]",1.5,-0.035325683310199474
"[""Wnt4"",""Fzd5_Lrp5""]",1.5,-0.03499761358456646
"[""Wnt4"",""Fzd5_Lrp6""]",1.5,-0.03499761358456646
"[""Wnt4"",""Fzd6_Lrp5""]",1.5,-0.050356482347160975
"[""Wnt4"",""Fzd6_Lrp6""]",1.5,-0.047678754709116325
"[""Wnt4"",""Fzd7_Lrp5""]",1.5,-0.03663833013514266
"[""Wnt4"",""Fzd7_Lrp6""]",1.5,-0.037351003467402166
"[""Wnt4"",""Fzd8_Lrp5""]",1.5,-0.036564922862775115
"[""Wnt4"",""Fzd8_Lrp6""]",1.5,-0.03590698453635788
"[""Wnt4"",""Fzd9_Lrp5""]",1.5,-0.039476529174183844
"[""Wnt4"",""Fzd9_Lrp6""]",1.5,-0.037677775360744126
"[""Wnt5a"",""Fzd1""]",1.5,-0.03021817489867286
"[""Wnt5a"",""Fzd10""]",1.5,-0.0340273288181383
"[""Wnt5a"",""Fzd2""]",1.5,-0.030580248318036754
"[""Wnt5a"",""Fzd3""]",1.5,-0.03326419987155575
"[""Wnt5a"",""Fzd4""]",1.5,-0.027551101174967993
"[""Wnt5a"",""Fzd5""]",1.5,-0.03098048934524307
"[""Wnt5a"",""Fzd6""]",1.5,-0.037553571334028035
"[""Wnt5a"",""Fzd7""]",1.5,-0.029255458294251233
"[""Wnt5a"",""Fzd8""]",1.5,-0.0277692137476961
"[""Wnt5a"",""Fzd9""]",1.5,-0.031168731155376495
"[""Wnt5a"",""Mcam""]",1.5,-0.03344627546997468
"[""Wnt5b"",""Fzd1""]",1.5,-0.026399308298547336
"[""Wnt5b"",""Fzd10""]",1.5,-0.030239145527675718
"[""Wnt5b"",""Fzd2""]",1.5,-0.026645135978353093
"[""Wnt5b"",""Fzd3""]",1.5,-0.030414146125467417
"[""Wnt5b"",""Fzd4""]",1.5,-0.02408430101617863
"[""Wnt5b"",""Fzd5""]",1.5,-0.025705279591717783
"[""Wnt5b"",""Fzd6""]",1.5,-0.03309907659034042
"[""Wnt5b"",""Fzd7""]",1.5,-0.025137916627003494
"[""Wnt5b"",""Fzd8""]",1.5,-0.024211393620743094
"[""Wnt5b"",""Fzd9""]",1.5,-0.027470338507450842
"[""Wnt6"",""Fzd10_Lrp5""]",1.5,-0.043265792096206374
"[""Wnt6"",""Fzd10_Lrp6""]",1.5,-0.04268475234106309
"[""Wnt6"",""Fzd1_Lrp5""]",1.5,-0.038057878756105126
"[""Wnt6"",""Fzd1_Lrp6""]",1.5,-0.03786217857227864
"[""Wnt6"",""Fzd2_Lrp5""]",1.5,-0.03803416196644542
"[""Wnt6"",""Fzd2_Lrp6""]",1.5,-0.03927036241391377
"[""Wnt6"",""Fzd3_Lrp5""]",1.5,-0.03803416196644542
"[""Wnt6"",""Fzd3_Lrp6""]",1.5,-0.047138024214072316
"[""Wnt6"",""Fzd4_Lrp5""]",1.5,-0.03814532934187578
"[""Wnt6"",""Fzd4_Lrp6""]",1.5,-0.03756829601913689
"[""Wnt6"",""Fzd5_Lrp5""]",1.5,-0.039444166070914555
"[""Wnt6"",""Fzd5_Lrp6""]",1.5,-0.039444166070914555
"[""Wnt6"",""Fzd6_Lrp5""]",1.5,-0.0521305961536382
"[""Wnt6"",""Fzd6_Lrp6""]",1.5,-0.04973144933512083
"[""Wnt6"",""Fzd7_Lrp5""]",1.5,-0.03807773960103551
"[""Wnt6"",""Fzd7_Lrp6""]",1.5,-0.03916902012295327
"[""Wnt6"",""Fzd8_Lrp5""]",1.5,-0.038713446970906784
"[""Wnt6"",""Fzd8_Lrp6""]",1.5,-0.03786383895186898
"[""Wnt6"",""Fzd9_Lrp5""]",1.5,-0.041186799934983614
"[""Wnt6"",""Fzd9_Lrp6""]",1.5,-0.03985499129403047
"[""Wnt7a"",""Fzd10_Lrp5""]",1.5,-0.044439526152540265
"[""Wnt7a"",""Fzd10_Lrp6""]",1.5,-0.04032417251058654
"[""Wnt7a"",""Fzd1_Lrp5""]",1.5,-0.04216155234616925
"[""Wnt7a"",""Fzd1_Lrp6""]",1.5,-0.03607887844972077
"[""Wnt7a"",""Fzd2_Lrp5""]",1.5,-0.04211217134338155
"[""Wnt7a"",""Fzd2_Lrp6""]",1.5,-0.044269907608606884
"[""Wnt7a"",""Fzd3_Lrp5""]",1.5,-0.04211217134338155
"[""Wnt7a"",""Fzd3_Lrp6""]",1.5,-0.04813455003244746
"[""Wnt7a"",""Fzd4_Lrp5""]",1.5,-0.03937707928415804
"[""Wnt7a"",""Fzd4_Lrp6""]",1.5,-0.03829467561691158
"[""Wnt7a"",""Fzd5_Lrp5""]",1.5,-0.030606020144594598
"[""Wnt7a"",""Fzd5_Lrp6""]",1.5,-0.030606020144594598
"[""Wnt7a"",""Fzd6_Lrp5""]",1.5,-0.05051625998635523
"[""Wnt7a"",""Fzd6_Lrp6""]",1.5,-0.04372312523042704
"[""Wnt7a"",""Fzd7_Lrp5""]",1.5,-0.04220294655199916
"[""Wnt7a"",""Fzd7_Lrp6""]",1.5,-0.04181552320590387
"[""Wnt7a"",""Fzd8_Lrp5""]",1.5,-0.04036411878062027
"[""Wnt7a"",""Fzd8_Lrp6""]",1.5,-0.038930280132424916
"[""Wnt7a"",""Fzd9_Lrp5""]",1.5,-0.03894600467871967
"[""Wnt7a"",""Fzd9_Lrp6""]",1.5,-0.0318113722620178
"[""Wnt7b"",""Fzd10_Lrp5""]",1.5,-0.042373856019250394
"[""Wnt7b"",""Fzd10_Lrp6""]",1.5,-0.03874971639498548
"[""Wnt7b"",""Fzd1_Lrp5""]",1.5,-0.03966687292246246
"[""Wnt7b"",""Fzd1_Lrp6""]",1.5,-0.0357646963676328
"[""Wnt7b"",""Fzd2_Lrp5""]",1.5,-0.0396279522788794
"[""Wnt7b"",""Fzd2_Lrp6""]",1.5,-0.04219183531977755
"[""Wnt7b"",""Fzd3_Lrp5""]",1.5,-0.0396279522788794
"[""Wnt7b"",""Fzd3_Lrp6""]",1.5,-0.04580998849991991
"[""Wnt7b"",""Fzd4_Lrp5""]",1.5,-0.0376855279517872
"[""Wnt7b"",""Fzd4_Lrp6""]",1.5,-0.036796465935065276
"[""Wnt7b"",""Fzd5_Lrp5""]",1.5,-0.030472076818791327
"[""Wnt7b"",""Fzd5_Lrp6""]",1.5,-0.030472076818791327
"[""Wnt7b"",""Fzd6_Lrp5""]",1.5,-0.049454546554005024
"[""Wnt7b"",""Fzd6_Lrp6""]",1.5,-0.0429405960775634
"[""Wnt7b"",""Fzd7_Lrp5""]",1.5,-0.03969948720201094
"[""Wnt7b"",""Fzd7_Lrp6""]",1.5,-0.039699635907621156
"[""Wnt7b"",""Fzd8_Lrp5""]",1.5,-0.03834901629723628
"[""Wnt7b"",""Fzd8_Lrp6""]",1.5,-0.03722939325863561
"[""Wnt7b"",""Fzd9_Lrp5""]",1.5,-0.03871039518811531
"[""Wnt7b"",""Fzd9_Lrp6""]",1.5,-0.03267325486666828
"[""Wnt8a"",""Fzd10_Lrp5""]",1.5,-0.029741681945909267
"[""Wnt8a"",""Fzd10_Lrp6""]",1.5,-0.029788840499404452
"[""Wnt8a"",""Fzd1_Lrp5""]",1.5,-0.024520244524129674
"[""Wnt8a"",""Fzd1_Lrp6""]",1.5,-0.027687754418533342
"[""Wnt8a"",""Fzd2_Lrp5""]",1.5,-0.024487294549003537
"[""Wnt8a"",""Fzd2_Lrp6""]",1.5,-0.026132476726904316
"[""Wnt8a"",""Fzd3_Lrp5""]",1.5,-0.024487294549003537
"[""Wnt8a"",""Fzd3_Lrp6""]",1.5,-0.032916669853889635
"[""Wnt8a"",""Fzd4_Lrp5""]",1.5,-0.025380202708045342
"[""Wnt8a"",""Fzd4_Lrp6""]",1.5,-0.024971882205060428
"[""Wnt8a"",""Fzd5_Lrp5""]",1.5,-0.02700195899215259
"[""Wnt8a"",""Fzd5_Lrp6""]",1.5,-0.02700195899215259
"[""Wnt8a"",""Fzd6_Lrp5""]",1.5,-0.03590406076594864
"[""Wnt8a"",""Fzd6_Lrp6""]",1.5,-0.033672165930440534
"[""Wnt8a"",""Fzd7_Lrp5""]",1.5,-0.024547874002259627
"[""Wnt8a"",""Fzd7_Lrp6""]",1.5,-0.025865127108633992
"[""Wnt8a"",""Fzd8_Lrp5""]",1.5,-0.025261073010803783
"[""Wnt8a"",""Fzd8_Lrp6""]",1.5,-0.02510390447828576
"[""Wnt8a"",""Fzd9_Lrp5""]",1.5,-0.030623386690761797
"[""Wnt8a"",""Fzd9_Lrp6""]",1.5,-0.029599614841167035
"[""Wnt8b"",""Fzd10_Lrp5""]",1.5,-0.030754778564694683
"[""Wnt8b"",""Fzd10_Lrp6""]",1.5,-0.03027867938847651
"[""Wnt8b"",""Fzd1_Lrp5""]",1.5,-0.026066178087940324
"[""Wnt8b"",""Fzd1_Lrp6""]",1.5,-0.028604024719303345
"[""Wnt8b"",""Fzd2_Lrp5""]",1.5,-0.026042380760112872
"[""Wnt8b"",""Fzd2_Lrp6""]",1.5,-0.027831449509523827
"[""Wnt8b"",""Fzd3_Lrp5""]",1.5,-0.026042380760112872
"[""Wnt8b"",""Fzd3_Lrp6""]",1.5,-0.03414154846590571
"[""Wnt8b"",""Fzd4_Lrp5""]",1.5,-0.026581832442592768
"[""Wnt8b"",""Fzd4_Lrp6""]",1.5,-0.026356001802748483
"[""Wnt8b"",""Fzd5_Lrp5""]",1.5,-0.027730932334648115
"[""Wnt8b"",""Fzd5_Lrp6""]",1.5,-0.027730932334648115
"[""Wnt8b"",""Fzd6_Lrp5""]",1.5,-0.038131489177450587
"[""Wnt8b"",""Fzd6_Lrp6""]",1.5,-0.03448417669651481
"[""Wnt8b"",""Fzd7_Lrp5""]",1.5,-0.02608611699998141
"[""Wnt8b"",""Fzd7_Lrp6""]",1.5,-0.027408703307541617
"[""Wnt8b"",""Fzd8_Lrp5""]",1.5,-0.02633266053680066
"[""Wnt8b"",""Fzd8_Lrp6""]",1.5,-0.02625178185568903
"[""Wnt8b"",""Fzd9_Lrp5""]",1.5,-0.03239931279571501
"[""Wnt8b"",""Fzd9_Lrp6""]",1.5,-0.029265434463541184
"[""Wnt9a"",""Fzd10_Lrp5""]",1.5,-0.03078925288650984
"[""Wnt9a"",""Fzd10_Lrp6""]",1.5,-0.03063690348157784
"[""Wnt9a"",""Fzd1_Lrp5""]",1.5,-0.02486390853281943
"[""Wnt9a"",""Fzd1_Lrp6""]",1.5,-0.026377376669331223
"[""Wnt9a"",""Fzd2_Lrp5""]",1.5,-0.02485433834293832
"[""Wnt9a"",""Fzd2_Lrp6""]",1.5,-0.025651331436992997
"[""Wnt9a"",""Fzd3_Lrp5""]",1.5,-0.02485433834293832
"[""Wnt9a"",""Fzd3_Lrp6""]",1.5,-0.033798751934055765
"[""Wnt9a"",""Fzd4_Lrp5""]",1.5,-0.024713274976186847
"[""Wnt9a"",""Fzd4_Lrp6""]",1.5,-0.024375358808674613
"[""Wnt9a"",""Fzd5_Lrp5""]",1.5,-0.025935092264171802
"[""Wnt9a"",""Fzd5_Lrp6""]",1.5,-0.025935092264171802
"[""Wnt9a"",""Fzd6_Lrp5""]",1.5,-0.03556419173022038
"[""Wnt9a"",""Fzd6_Lrp6""]",1.5,-0.03280851262213824
"[""Wnt9a"",""Fzd7_Lrp5""]",1.5,-0.024871919264005227
"[""Wnt9a"",""Fzd7_Lrp6""]",1.5,-0.025861701594636008
"[""Wnt9a"",""Fzd8_Lrp5""]",1.5,-0.02493183156062538
"[""Wnt9a"",""Fzd8_Lrp6""]",1.5,-0.024596916778870145
"[""Wnt9a"",""Fzd9_Lrp5""]",1.5,-0.028220410957785103
"[""Wnt9a"",""Fzd9_Lrp6""]",1.5,-0.027163937010451653
"[""Wnt9b"",""Fzd10_Lrp5""]",1.5,-0.03823949044695678
"[""Wnt9b"",""Fzd10_Lrp6""]",1.5,-0.03772748871969879
"[""Wnt9b"",""Fzd1_Lrp5""]",1.5,-0.0318293559700965
"[""Wnt9b"",""Fzd1_Lrp6""]",1.5,-0.034126154582390475
"[""Wnt9b"",""Fzd2_Lrp5""]",1.5,-0.03181125265036981
"[""Wnt9b"",""Fzd2_Lrp6""]",1.5,-0.03334084100919564
"[""Wnt9b"",""Fzd3_Lrp5""]",1.5,-0.03181125265036981
"[""Wnt9b"",""Fzd3_Lrp6""]",1.5,-0.04176222516850438
"[""Wnt9b"",""Fzd4_Lrp5""]",1.5,-0.03251438825812354
"[""Wnt9b"",""Fzd4_Lrp6""]",1.5,-0.03204856151214805
"[""Wnt9b"",""Fzd5_Lrp5""]",1.5,-0.034312700031302115
"[""Wnt9b"",""Fzd5_Lrp6""]",1.5,-0.034312700031302115
"[""Wnt9b"",""Fzd6_Lrp5""]",1.5,-0.04522821446501625
"[""Wnt9b"",""Fzd6_Lrp6""]",1.5,-0.04323669446310323
"[""Wnt9b"",""Fzd7_Lrp5""]",1.5,-0.03184451448283963
"[""Wnt9b"",""Fzd7_Lrp6""]",1.5,-0.033206560286202016
"[""Wnt9b"",""Fzd8_Lrp5""]",1.5,-0.032502089955755806
"[""Wnt9b"",""Fzd8_Lrp6""]",1.5,-0.03217032516049065
"[""Wnt9b"",""Fzd9_Lrp5""]",1.5,-0.03698018391728122
"[""Wnt9b"",""Fzd9_Lrp6""]",1.5,-0.03616224863321568
"[""Adcyap1"",""Adcyap1r1""]",2.0,0.019821395051142943
"[""Adgre5"",""Cd55b""]",2.0,-0.013735404709994053
"[""Adipoq"",""Adipor1""]",2.0,-0.020317491316192017
"[""Adipoq"",""Adipor2""]",2.0,-0.01800243096799796
"[""Adm"",""Calcr""]",2.0,-0.0015924498014167066
"[""Adm"",""Calcrl""]",2.0,-0.008028021054984992
"[""Agrn"",""Dag1""]",2.0,-0.011702557167344599
"[""Agt"",""Agtr1a""]",2.0,-0.07626157258558619
"[""Agt"",""Agtr1b""]",2.0,-0.08772852644947718
"[""Agt"",""Mas1""]",2.0,-0.043663266334784595
"[""Alcam"",""Cd6""]",2.0,-0.013681017972000723
"[""Amh"",""Amhr2_Acvr1""]",2.0,-0.010552536993036547
"[""Amh"",""Amhr2_Bmpr1a""]",2.0,-0.010552536993036547
"[""Angpt1"",""Tek""]",2.0,-0.009599088338019195
"[""Angpt2"",""Itga5_Itgb1""]",2.0,-0.009177361066197827
"[""Angpt2"",""Tek""]",2.0,-0.00803104787539892
"[""Angptl1"",""Itga1_Itgb1""]",2.0,-0.007499551166153709
"[""Angptl1"",""Pirb""]",2.0,-0.008990559641154583
"[""Angptl2"",""Itga5_Itgb1""]",2.0,-0.008803438095171055
"[""Angptl2"",""Pirb""]",2.0,-0.011487097829602458
"[""Angptl2"",""Tlr4""]",2.0,-0.008401642139372723
"[""Angptl3"",""Itgav_Itgb3""]",2.0,-0.04893010371605276
"[""Angptl4"",""Cdh11""]",2.0,-0.009749241981317266
"[""Angptl4"",""Cdh5""]",2.0,-0.00860558939941071
"[""Angptl4"",""Itga5_Itgb1""]",2.0,-0.010155171696203537
"[""Angptl4"",""Itgav_Itgb3""]",2.0,-0.012905963491727374
"[""Angptl4"",""Sdc1""]",2.0,-0.012545496752798542
"[""Angptl4"",""Sdc2""]",2.0,-0.011061356711580608
"[""Angptl4"",""Sdc3""]",2.0,-0.00986473844388383
"[""Angptl4"",""Sdc4""]",2.0,-0.01449128889321663
"[""Angptl7"",""Pirb""]",2.0,-0.0008169591567346035
"[""Anxa1"",""Fpr1""]",2.0,-0.01859847327827646
"[""Anxa1"",""Fpr2""]",2.0,-0.030657091270228254
"[""Anxa1"",""Fpr2_Fpr3""]",2.0,-0.030657091270228254
"[""Apela"",""Aplnr""]",2.0,-0.010551330426255973
"[""Apln"",""Aplnr""]",2.0,-0.00923789591401565
"[""App"",""Cd74""]",2.0,-0.008228380963978293
"[""Areg"",""Egfr""]",2.0,-0.017001412964423125
"[""Areg"",""Egfr_Erbb2""]",2.0,-0.028353616612009178
"[""Artn"",""Gfra1_Ret""]",2.0,-0.03255076977784427
"[""Artn"",""Gfra3_Ret""]",2.0,-0.016230561111206868
"[""Avp"",""Avpr1a""]",2.0,0.02401213303469718
"[""Bdnf"",""Ntrk2""]",2.0,-0.01018241497430497
"[""Bmp10"",""Acvrl1_Acvr2a""]",2.0,-0.006649008346599317
"[""Bmp10"",""Acvrl1_Bmpr2""]",2.0,-0.006649008346599317
"[""Bmp2"",""Bmpr1a_Acvr2a""]",2.0,-0.01105406507779362
"[""Bmp2"",""Bmpr1a_Acvr2b""]",2.0,-0.011918718177396509
"[""Bmp2"",""Bmpr1a_Bmpr2""]",2.0,-0.01114436594079908
"[""Bmp2"",""Bmpr1b_Acvr2a""]",2.0,-0.013848476770324573
"[""Bmp2"",""Bmpr1b_Acvr2b""]",2.0,-0.01306835435287302
"[""Bmp2"",""Bmpr1b_Bmpr2""]",2.0,-0.009293301705474308
"[""Bmp4"",""Bmpr1a_Acvr2a""]",2.0,-0.010221522096652783
"[""Bmp4"",""Bmpr1a_Acvr2b""]",2.0,-0.009475269095432951
"[""Bmp4"",""Bmpr1a_Bmpr2""]",2.0,-0.008880442257150251
"[""Bmp4"",""Bmpr1b_Acvr2a""]",2.0,-0.009998976359374589
"[""Bmp4"",""Bmpr1b_Acvr2b""]",2.0,-0.00970829235279277
"[""Bmp4"",""Bmpr1b_Bmpr2""]",2.0,-0.00653739118599103
"[""Bmp5"",""Acvr1_Acvr2a""]",2.0,-0.008459755422677791
"[""Bmp5"",""Acvr1_Acvr2b""]",2.0,-0.009600584039319161
"[""Bmp5"",""Acvr1_Bmpr2""]",2.0,-0.008193186696458719
"[""Bmp5"",""Bmpr1a_Acvr2a""]",2.0,-0.010055922771192854
"[""Bmp5"",""Bmpr1a_Acvr2b""]",2.0,-0.009596654783430265
"[""Bmp5"",""Bmpr1a_Bmpr2""]",2.0,-0.008903816392916722
"[""Bmp5"",""Bmpr1b_Acvr2a""]",2.0,-0.010418248756852853
"[""Bmp5"",""Bmpr1b_Acvr2b""]",2.0,-0.009911634819649458
"[""Bmp5"",""Bmpr1b_Bmpr2""]",2.0,-0.006620453108512789
"[""Bmp6"",""Acvr1_Acvr2a""]",2.0,-0.009904194821910725
"[""Bmp6"",""Acvr1_Acvr2b""]",2.0,-0.011033032759936601
"[""Bmp6"",""Acvr1_Bmpr2""]",2.0,-0.009561748552410754
"[""Bmp6"",""Bmpr1a_Acvr2a""]",2.0,-0.010103516053456364
"[""Bmp6"",""Bmpr1a_Acvr2b""]",2.0,-0.010859963798148135
"[""Bmp6"",""Bmpr1a_Bmpr2""]",2.0,-0.010665996967995247
"[""Bmp6"",""Bmpr1b_Acvr2a""]",2.0,-0.013175022566157546
"[""Bmp6"",""Bmpr1b_Acvr2b""]",2.0,-0.012507347772826968
"[""Bmp6"",""Bmpr1b_Bmpr2""]",2.0,-0.009451520280971012
"[""Bmp7"",""Acvr1_Acvr2a""]",2.0,-0.009903627132300613
"[""Bmp7"",""Acvr1_Acvr2b""]",2.0,-0.011272929772582457
"[""Bmp7"",""Acvr1_Bmpr2""]",2.0,-0.009525744969578483
"[""Bmp7"",""Bmpr1a_Acvr2a""]",2.0,-0.010382752428138957
"[""Bmp7"",""Bmpr1a_Acvr2b""]",2.0,-0.01111867912192993
"[""Bmp7"",""Bmpr1a_Bmpr2""]",2.0,-0.01072808411450564
"[""Bmp7"",""Bmpr1b_Acvr2a""]",2.0,-0.013179987534480964
"[""Bmp7"",""Bmpr1b_Acvr2b""]",2.0,-0.012516662770408134
"[""Bmp7"",""Bmpr1b_Bmpr2""]",2.0,-0.009347520001673812
"[""Bmp8a"",""Acvr1_Acvr2a""]",2.0,-0.013528882006150583
"[""Bmp8a"",""Acvr1_Acvr2b""]",2.0,-0.01528212795965421
"[""Bmp8a"",""Acvr1_Bmpr2""]",2.0,-0.013064950548690862
"[""Bmp8a"",""Bmpr1a_Acvr2a""]",2.0,-0.015977931574434435
"[""Bmp8a"",""Bmpr1a_Acvr2b""]",2.0,-0.015128363167922914
"[""Bmp8a"",""Bmpr1a_Bmpr2""]",2.0,-0.014690108977960897
"[""Bmp8a"",""Bmpr1b_Acvr2a""]",2.0,-0.016522287823289968
"[""Bmp8a"",""Bmpr1b_Acvr2b""]",2.0,-0.016070914628560577
"[""Bmp8a"",""Bmpr1b_Bmpr2""]",2.0,-0.01150224535732564
"[""Bmp8b"",""Acvr1_Acvr2a""]",2.0,-0.01381996269943471
"[""Bmp8b"",""Acvr1_Acvr2b""]",2.0,-0.01549230804002387
"[""Bmp8b"",""Acvr1_Bmpr2""]",2.0,-0.013434082824371876
"[""Bmp8b"",""Bmpr1a_Acvr2a""]",2.0,-0.011456210293962113
"[""Bmp8b"",""Bmpr1a_Acvr2b""]",2.0,-0.014775622739515215
"[""Bmp8b"",""Bmpr1a_Bmpr2""]",2.0,-0.015789790453477268
"[""Bmp8b"",""Bmpr1b_Acvr2a""]",2.0,-0.019998156153732252
"[""Bmp8b"",""Bmpr1b_Acvr2b""]",2.0,-0.017925179497693976
"[""Bmp8b"",""Bmpr1b_Bmpr2""]",2.0,-0.014035857007075339
"[""Btc"",""Egfr""]",2.0,-0.010749328581494924
"[""Btc"",""Egfr_Erbb2""]",2.0,-0.018110387145900714
"[""Btc"",""Erbb2_Erbb4""]",2.0,-0.012128739597902505
"[""Btc"",""Erbb4""]",2.0,-0.010130892074716638
"[""Btla"",""Tnfrsf14""]",2.0,-0.02152999506009731
"[""C3"",""C3ar1""]",2.0,-0.04703439427476608
"[""C3"",""Cr2""]",2.0,-0.06216502011455774
"[""C3"",""Itgam_Itgb2""]",2.0,-0.10437613561327364
"[""C3"",""Itgax_Itgb2""]",2.0,-0.10417737400658039
"[""C4b"",""Cr2""]",2.0,-0.04422256225450165
"[""Cadm1"",""Cadm1""]",2.0,-0.013252733085455576
"[""Cadm3"",""Cadm3""]",2.0,0.06216275974624608
"[""Calca"",""Calcr""]",2.0,-0.007503503884216417
"[""Calca"",""Calcrl""]",2.0,-0.007926362396935512
"[""Calcb"",""Calcr""]",2.0,0.02859853429394138
"[""Calcb"",""Calcrl""]",2.0,-0.008253754776449782
"[""Cck"",""Cckar""]",2.0,-0.005090481645183442
"[""Cck"",""Cckbr""]",2.0,-0.0007588718907847181
"[""Ccl1"",""Ackr1""]",2.0,-0.029216209072053606
"[""Ccl1"",""Ackr4""]",2.0,-0.005392748349754339
"[""Ccl11"",""Ackr1""]",2.0,0.016008482504043853
"[""Ccl11"",""Ackr2""]",2.0,0.0013357498318653238
"[""Ccl12"",""Ccr2""]",2.0,0.0074756555914148315
"[""Ccl17"",""Ackr1""]",2.0,0.0008858668020526594
"[""Ccl17"",""Ackr2""]",2.0,-0.0012771195274864644
"[""Ccl17"",""Ccr4""]",2.0,-0.0189637703772849
"[""Ccl2"",""Ackr1""]",2.0,-0.01534115751863857
"[""Ccl2"",""Ackr2""]",2.0,-0.008626856671514055
"[""Ccl2"",""Ccr2""]",2.0,-0.008517553427329294
"[""Ccl20"",""Ccr6""]",2.0,-0.025218418204948072
"[""Ccl22"",""Ackr2""]",2.0,-0.01636181451633356
"[""Ccl22"",""Ccr4""]",2.0,-0.023746290497573083
"[""Ccl24"",""Ackr2""]",2.0,0.006561949898044539
"[""Ccl25"",""Ackr4""]",2.0,-0.006812938502414254
"[""Ccl25"",""Ccr9""]",2.0,-0.008948233245679817
"[""Ccl27a"",""Ccr10""]",2.0,0.015940995572467143
"[""Ccl27a"",""Ccr2""]",2.0,0.014178836547221074
"[""Ccl28"",""Ccr10""]",2.0,-0.006359278184160336
"[""Ccl3"",""Ackr2""]",2.0,0.005678006146025483
"[""Ccl3"",""Ccr1""]",2.0,0.010904781748018788
"[""Ccl3"",""Ccr5""]",2.0,0.0046458875092487695
"[""Ccl4"",""Ackr2""]",2.0,0.00908532350983915
"[""Ccl4"",""Ccr5""]",2.0,0.008363900926394663
"[""Ccl5"",""Ackr1""]",2.0,0.008777233971844545
"[""Ccl5"",""Ackr2""]",2.0,-0.00056044820116391
"[""Ccl5"",""Ccr1""]",2.0,0.007250188177368666
"[""Ccl5"",""Ccr4""]",2.0,-0.01563034406408493
"[""Ccl5"",""Ccr5""]",2.0,-0.00033102719609681697
"[""Ccl6"",""Ccr1""]",2.0,0.01690494001533921
"[""Ccl6"",""Ccr2""]",2.0,1.655650981002843e-05
"[""Ccl7"",""Ackr1""]",2.0,-0.010463844593103344
"[""Ccl7"",""Ccr1""]",2.0,-0.004425456519596277
"[""Ccl7"",""Ccr2""]",2.0,-0.006732007981683177
"[""Ccl9"",""Ccr1""]",2.0,0.006184085826725971
"[""Cd1d1"",""Ceacam5""]",2.0,-0.013792839907402737
"[""Cd200"",""Cd200r1""]",2.0,0.018676961711877216
"[""Cd200"",""Cd200r2""]",2.0,-0.024647982477586608
"[""Cd200"",""Cd200r3""]",2.0,-0.0012674167630845057
"[""Cd200"",""Cd200r4""]",2.0,0.01611886276363239
"[""Cd22"",""Ptprc""]",2.0,-0.013825189887400252
"[""Cd226"",""Nectin2""]",2.0,-0.019099174889601896
"[""Cd226"",""Pvr""]",2.0,-0.018386634542496057
"[""Cd274"",""Pdcd1""]",2.0,0.000562605380100667
"[""Cd34"",""Selp""]",2.0,-0.014364131157260457
"[""Cd46"",""Jag1""]",2.0,-0.010262003713403169
"[""Cd52"",""Siglecg""]",2.0,-0.014936258200321767
"[""Cd6"",""Alcam""]",2.0,-0.013755426629025253
"[""Cd70"",""Cd27""]",2.0,-0.001412302290129841
"[""Cd80"",""Cd274""]",2.0,-0.00788169586000212
"[""Cd80"",""Cd28""]",2.0,-0.009556840138949502
"[""Cd80"",""Ctla4""]",2.0,-0.011093583987141983
"[""Cd86"",""Cd28""]",2.0,-0.005074423085359714
"[""Cd86"",""Ctla4""]",2.0,-0.009889734718374649
"[""Cd8a"",""Ceacam5""]",2.0,-0.012954686346263193
"[""Cd96"",""Nectin1""]",2.0,-0.014945153524412738
"[""Cd96"",""Pvr""]",2.0,-0.012262619297766682
"[""Cdh1"",""Cdh1""]",2.0,-0.05605237045600435
"[""Cdh1"",""Itga2_Itgb1""]",2.0,-0.020996851461665585
"[""Cdh1"",""Itgae_Itgb7""]",2.0,-0.03243702670089242
"[""Cdh1"",""Klrg1""]",2.0,-0.025802059137461197
"[""Cdh15"",""Cdh15""]",2.0,-0.0038736867795808004
"[""Cdh2"",""Cdh2""]",2.0,-0.0082356335273681
"[""Cdh4"",""Cdh4""]",2.0,-0.00713762927163248
"[""Cdh5"",""Cdh5""]",2.0,-0.005560219728448432
"[""Ceacam1"",""Ceacam5""]",2.0,-0.02135932130587375
"[""Cga"",""Fshr""]",2.0,-0.015419776321636406
"[""Cga"",""Lhcgr""]",2.0,-0.012542396181617281
"[""Cga"",""Tshr""]",2.0,-0.015078706191418071
"[""Chad"",""Itga2_Itgb1""]",2.0,-0.012139432327167944
"[""Clcf1"",""Cntfr_Lifr_Il6st""]",2.0,-0.009938903103264209
"[""Cldn11"",""Cldn11""]",2.0,-0.012421139470540495
"[""Clec2g"",""Klrb1""]",2.0,-0.019720577799404858
"[""Clec2g"",""Klrb1f""]",2.0,-0.013112215719481242
"[""Clec2h"",""Klrb1""]",2.0,-0.029585271245237858
"[""Clec2i"",""Klrb1""]",2.0,-0.014269062055376494
"[""Clec2i"",""Klrb1f""]",2.0,-0.006742882521242458
"[""Cntf"",""Cntfr_Lifr_Il6st""]",2.0,-0.010487681943587936
"[""Cntn1"",""Nrcam""]",2.0,0.07396740966756937
"[""Cntn2"",""Cntn2""]",2.0,0.020776633982669657
"[""Cntn2"",""Cntn2_Cntnap2""]",2.0,0.020776633982669657
"[""Cntn2"",""L1cam""]",2.0,0.06966641531813622
"[""Col1a1"",""Cd44""]",2.0,0.05848139328769275
"[""Col1a1"",""Gp6""]",2.0,-0.0300837046058854
"[""Col1a1"",""Itga10_Itgb1""]",2.0,-0.022055262729143377
"[""Col1a1"",""Itga11_Itgb1""]",2.0,-0.01952001586551322
"[""Col1a1"",""Itga1_Itgb1""]",2.0,-0.012696445096031447
"[""Col1a1"",""Itga2_Itgb1""]",2.0,-0.01635185975157214
"[""Col1a1"",""Itga3_Itgb1""]",2.0,-0.020562817754488344
"[""Col1a1"",""Itga9_Itgb1""]",2.0,-0.01749299443014332
"[""Col1a1"",""Itgav_Itgb8""]",2.0,-0.014324650267730894
"[""Col1a1"",""Sdc1""]",2.0,-0.018938026305305666
"[""Col1a1"",""Sdc4""]",2.0,-0.019299320627514605
"[""Col1a2"",""Cd44""]",2.0,0.16632765184168075
"[""Col1a2"",""Gp6""]",2.0,-0.019195753012985678
"[""Col1a2"",""Itga10_Itgb1""]",2.0,-0.013236706416251937
"[""Col1a2"",""Itga11_Itgb1""]",2.0,-0.013300674740208143
"[""Col1a2"",""Itga1_Itgb1""]",2.0,-0.008678561526648462
"[""Col1a2"",""Itga2_Itgb1""]",2.0,-0.010737284318106624
"[""Col1a2"",""Itga3_Itgb1""]",2.0,-0.013669000028367712
"[""Col1a2"",""Itga9_Itgb1""]",2.0,-0.01233778490319079
"[""Col1a2"",""Itgav_Itgb8""]",2.0,-0.010498566805590873
"[""Col1a2"",""Sdc1""]",2.0,-0.013293520272708345
"[""Col1a2"",""Sdc4""]",2.0,-0.01162890812428774
"[""Col2a1"",""Cd44""]",2.0,-0.02197451732895167
"[""Col2a1"",""Gp6""]",2.0,-0.020092342807302932
"[""Col2a1"",""Itga10_Itgb1""]",2.0,-0.013866342557754714
"[""Col2a1"",""Itga11_Itgb1""]",2.0,-0.011652184686864443
"[""Col2a1"",""Itga1_Itgb1""]",2.0,-0.012141438073183013
"[""Col2a1"",""Itga2_Itgb1""]",2.0,-0.010592864058409673
"[""Col2a1"",""Itga3_Itgb1""]",2.0,-0.013322896129215986
"[""Col2a1"",""Itga9_Itgb1""]",2.0,-0.009564077397646437
"[""Col2a1"",""Itgav_Itgb8""]",2.0,-0.009006421331198701
"[""Col2a1"",""Sdc1""]",2.0,-0.011024230571520216
"[""Col2a1"",""Sdc4""]",2.0,-0.014938288884385281
"[""Col4a1"",""Cd44""]",2.0,0.061840056343823835
"[""Col4a1"",""Gp6""]",2.0,-0.015111061732287108
"[""Col4a1"",""Itga10_Itgb1""]",2.0,-0.012412949374986937
"[""Col4a1"",""Itga11_Itgb1""]",2.0,-0.011123749164562921
"[""Col4a1"",""Itga1_Itgb1""]",2.0,-0.0076768317762056296
"[""Col4a1"",""Itga2_Itgb1""]",2.0,-0.008926007511272392
"[""Col4a1"",""Itga3_Itgb1""]",2.0,-0.011065859373162047
"[""Col4a1"",""Itga9_Itgb1""]",2.0,-0.010200551196342778
"[""Col4a1"",""Itgav_Itgb8""]",2.0,-0.008400419467310342
"[""Col4a1"",""Sdc1""]",2.0,-0.01131802822174887
"[""Col4a1"",""Sdc4""]",2.0,-0.012167572842928479
"[""Col4a2"",""Cd44""]",2.0,0.04265952884267965
"[""Col4a2"",""Gp6""]",2.0,-0.0156654227118811
"[""Col4a2"",""Itga10_Itgb1""]",2.0,-0.013059709932526878
"[""Col4a2"",""Itga11_Itgb1""]",2.0,-0.011363526057567727
"[""Col4a2"",""Itga1_Itgb1""]",2.0,-0.008317495736922545
"[""Col4a2"",""Itga2_Itgb1""]",2.0,-0.009435144893886055
"[""Col4a2"",""Itga3_Itgb1""]",2.0,-0.011445082335876315
"[""Col4a2"",""Itga9_Itgb1""]",2.0,-0.010155058360718575
"[""Col4a2"",""Itgav_Itgb8""]",2.0,-0.008632503790520885
"[""Col4a2"",""Sdc1""]",2.0,-0.011421411365488923
"[""Col4a2"",""Sdc4""]",2.0,-0.013086866127849164
"[""Col4a3"",""Cd44""]",2.0,0.011652624734929052
"[""Col4a3"",""Gp6""]",2.0,-0.024060603584390796
"[""Col4a3"",""Itga10_Itgb1""]",2.0,-0.019649959295120256
"[""Col4a3"",""Itga11_Itgb1""]",2.0,-0.014900613864955364
"[""Col4a3"",""Itga1_Itgb1""]",2.0,-0.012548418089730541
"[""Col4a3"",""Itga2_Itgb1""]",2.0,-0.013414877424262516
"[""Col4a3"",""Itga3_Itgb1""]",2.0,-0.015743399482026337
"[""Col4a3"",""Itga9_Itgb1""]",2.0,-0.012802965412357831
"[""Col4a3"",""Itgav_Itgb8""]",2.0,-0.010988651205269775
"[""Col4a3"",""Sdc1""]",2.0,-0.014605075166042591
"[""Col4a3"",""Sdc4""]",2.0,-0.021557921611251286
"[""Col4a4"",""Cd44""]",2.0,0.09736443530716918
"[""Col4a4"",""Gp6""]",2.0,-0.0213906841912216
"[""Col4a4"",""Itga10_Itgb1""]",2.0,-0.01598642094878125
"[""Col4a4"",""Itga11_Itgb1""]",2.0,-0.01367783743095187
"[""Col4a4"",""Itga1_Itgb1""]",2.0,-0.010953825016780806
"[""Col4a4"",""Itga2_Itgb1""]",2.0,-0.01189338534251242
"[""Col4a4"",""Itga3_Itgb1""]",2.0,-0.014295502255600591
"[""Col4a4"",""Itga9_Itgb1""]",2.0,-0.011987423128542084
"[""Col4a4"",""Itgav_Itgb8""]",2.0,-0.009931447889144393
"[""Col4a4"",""Sdc1""]",2.0,-0.013585128101830192
"[""Col4a4"",""Sdc4""]",2.0,-0.017058602627612968
"[""Col4a5"",""Cd44""]",2.0,0.009877016559442536
"[""Col4a5"",""Gp6""]",2.0,-0.01378471263704003
"[""Col4a5"",""Itga10_Itgb1""]",2.0,-0.013383371169934738
"[""Col4a5"",""Itga11_Itgb1""]",2.0,-0.010865149511769631
"[""Col4a5"",""Itga1_Itgb1""]",2.0,-0.008050216065816365
"[""Col4a5"",""Itga2_Itgb1""]",2.0,-0.009366626839018712
"[""Col4a5"",""Itga3_Itgb1""]",2.0,-0.01070295165344378
"[""Col4a5"",""Itga9_Itgb1""]",2.0,-0.00946633349736431
"[""Col4a5"",""Itgav_Itgb8""]",2.0,-0.008706469597968593
"[""Col4a5"",""Sdc1""]",2.0,-0.010799321229988966
"[""Col4a5"",""Sdc4""]",2.0,-0.013127749996331525
"[""Col4a6"",""Cd44""]",2.0,0.0645181808600751
"[""Col4a6"",""Gp6""]",2.0,-0.01745192807571474
"[""Col4a6"",""Itga10_Itgb1""]",2.0,-0.014716132454977882
"[""Col4a6"",""Itga11_Itgb1""]",2.0,-0.01264035452427352
"[""Col4a6"",""Itga1_Itgb1""]",2.0,-0.008936907838783863
"[""Col4a6"",""Itga2_Itgb1""]",2.0,-0.010867889673102496
"[""Col4a6"",""Itga3_Itgb1""]",2.0,-0.012685510041768884
"[""Col4a6"",""Itga9_Itgb1""]",2.0,-0.011451446114719835
"[""Col4a6"",""Itgav_Itgb8""]",2.0,-0.009851076586053269
"[""Col4a6"",""Sdc1""]",2.0,-0.012695048216456471
"[""Col4a6"",""Sdc4""]",2.0,-0.01468180885375478
"[""Col6a1"",""Cd44""]",2.0,0.13247169216803378
"[""Col6a1"",""Gp6""]",2.0,-0.023688234726683022
"[""Col6a1"",""Itga10_Itgb1""]",2.0,-0.005191110004827082
"[""Col6a1"",""Itga11_Itgb1""]",2.0,-0.01146189625215692
"[""Col6a1"",""Itga1_Itgb1""]",2.0,-0.005792922160046621
"[""Col6a1"",""Itga2_Itgb1""]",2.0,-0.008742849302311062
"[""Col6a1"",""Itga3_Itgb1""]",2.0,-0.011525096108157717
"[""Col6a1"",""Itga9_Itgb1""]",2.0,-0.011189090260780646
"[""Col6a1"",""Itgav_Itgb8""]",2.0,-0.009129948521471545
"[""Col6a1"",""Sdc1""]",2.0,-0.010998401719354317
"[""Col6a1"",""Sdc4""]",2.0,-0.0021037596345124254
"[""Col6a2"",""Cd44""]",2.0,0.13047578757903167
"[""Col6a2"",""Gp6""]",2.0,-0.024210804801205077
"[""Col6a2"",""Itga10_Itgb1""]",2.0,-0.0074718776886670835
"[""Col6a2"",""Itga11_Itgb1""]",2.0,-0.01224952110190182
"[""Col6a2"",""Itga1_Itgb1""]",2.0,-0.006899633207158196
"[""Col6a2"",""Itga2_Itgb1""]",2.0,-0.00964733309297286
"[""Col6a2"",""Itga3_Itgb1""]",2.0,-0.012520074025310385
"[""Col6a2"",""Itga9_Itgb1""]",2.0,-0.01171802074581503
"[""Col6a2"",""Itgav_Itgb8""]",2.0,-0.009640295497836446
"[""Col6a2"",""Sdc1""]",2.0,-0.011814941838901388
"[""Col6a2"",""Sdc4""]",2.0,-0.005247337538690833
"[""Col6a3"",""Cd44""]",2.0,0.11613799921407797
"[""Col6a3"",""Gp6""]",2.0,-0.015998373612060454
"[""Col6a3"",""Itga10_Itgb1""]",2.0,-0.0079846900044096
"[""Col6a3"",""Itga11_Itgb1""]",2.0,-0.010096803230631196
"[""Col6a3"",""Itga1_Itgb1""]",2.0,-0.00622410718701745
"[""Col6a3"",""Itga2_Itgb1""]",2.0,-0.007795932537762382
"[""Col6a3"",""Itga3_Itgb1""]",2.0,-0.009767889330820914
"[""Col6a3"",""Itga9_Itgb1""]",2.0,-0.009195409901087324
"[""Col6a3"",""Itgav_Itgb8""]",2.0,-0.00825091566720415
"[""Col6a3"",""Sdc1""]",2.0,-0.009455014686372235
"[""Col6a3"",""Sdc4""]",2.0,-0.005556818072488812
"[""Col6a4"",""Cd44""]",2.0,0.07241393902338
"[""Col6a4"",""Gp6""]",2.0,-0.03786583642582866
"[""Col6a4"",""Itga10_Itgb1""]",2.0,-0.019390708927583766
"[""Col6a4"",""Itga11_Itgb1""]",2.0,-0.017048317902864013
"[""Col6a4"",""Itga1_Itgb1""]",2.0,-0.015317833219153462
"[""Col6a4"",""Itga2_Itgb1""]",2.0,-0.015920496309016055
"[""Col6a4"",""Itga3_Itgb1""]",2.0,-0.019830580029406422
"[""Col6a4"",""Itga9_Itgb1""]",2.0,-0.01564075653883637
"[""Col6a4"",""Itgav_Itgb8""]",2.0,-0.011868342632543438
"[""Col6a4"",""Sdc1""]",2.0,-0.017095083596937156
"[""Col6a4"",""Sdc4""]",2.0,-0.025599583162191936
"[""Col6a5"",""Cd44""]",2.0,0.10446058635367561
"[""Col6a5"",""Gp6""]",2.0,-0.01788041417355485
"[""Col6a5"",""Itga10_Itgb1""]",2.0,-0.007547454666504028
"[""Col6a5"",""Itga11_Itgb1""]",2.0,-0.009621142030278501
"[""Col6a5"",""Itga1_Itgb1""]",2.0,-0.006596576580423508
"[""Col6a5"",""Itga2_Itgb1""]",2.0,-0.007837215319248247
"[""Col6a5"",""Itga3_Itgb1""]",2.0,-0.009659887714127721
"[""Col6a5"",""Itga9_Itgb1""]",2.0,-0.008949925706603273
"[""Col6a5"",""Itgav_Itgb8""]",2.0,-0.007477570218160201
"[""Col6a5"",""Sdc1""]",2.0,-0.009436816539309278
"[""Col6a5"",""Sdc4""]",2.0,-0.006398812807715065
"[""Col6a6"",""Cd44""]",2.0,0.10253725975548866
"[""Col6a6"",""Gp6""]",2.0,-0.01583580216620195
"[""Col6a6"",""Itga10_Itgb1""]",2.0,-0.008924990900851332
"[""Col6a6"",""Itga11_Itgb1""]",2.0,-0.009902688253582759
"[""Col6a6"",""Itga1_Itgb1""]",2.0,-0.006769626763233061
"[""Col6a6"",""Itga2_Itgb1""]",2.0,-0.007987980597140551
"[""Col6a6"",""Itga3_Itgb1""]",2.0,-0.009540705861816115
"[""Col6a6"",""Itga9_Itgb1""]",2.0,-0.008798437487203346
"[""Col6a6"",""Itgav_Itgb8""]",2.0,-0.007382741549013971
"[""Col6a6"",""Sdc1""]",2.0,-0.009395235630605
"[""Col6a6"",""Sdc4""]",2.0,-0.007394919668603228
"[""Col9a1"",""Cd44""]",2.0,-0.013707162913557891
"[""Col9a1"",""Gp6""]",2.0,-0.020609284064479885
"[""Col9a1"",""Itga10_Itgb1""]",2.0,-0.014735263095863822
"[""Col9a1"",""Itga11_Itgb1""]",2.0,-0.012538825029081553
"[""Col9a1"",""Itga1_Itgb1""]",2.0,-0.012126742611630985
"[""Col9a1"",""Itga2_Itgb1""]",2.0,-0.011329563295978451
"[""Col9a1"",""Itga3_Itgb1""]",2.0,-0.014116493269788075
"[""Col9a1"",""Itga9_Itgb1""]",2.0,-0.010654188400142879
"[""Col9a1"",""Itgav_Itgb8""]",2.0,-0.009889454055502317
"[""Col9a1"",""Sdc1""]",2.0,-0.012238429551104428
"[""Col9a1"",""Sdc4""]",2.0,-0.01602015142607098
"[""Col9a2"",""Cd44""]",2.0,0.06271062921982284
"[""Col9a2"",""Gp6""]",2.0,-0.02642013871869328
"[""Col9a2"",""Itga10_Itgb1""]",2.0,-0.01422688658926273
"[""Col9a2"",""Itga11_Itgb1""]",2.0,-0.01401941353705509
"[""Col9a2"",""Itga1_Itgb1""]",2.0,-0.011153081181294697
"[""Col9a2"",""Itga2_Itgb1""]",2.0,-0.011824318458961203
"[""Col9a2"",""Itga3_Itgb1""]",2.0,-0.015181482930179263
"[""Col9a2"",""Itga9_Itgb1""]",2.0,-0.012481238420233
"[""Col9a2"",""Itgav_Itgb8""]",2.0,-0.010792060453515322
"[""Col9a2"",""Sdc1""]",2.0,-0.013736176030811537
"[""Col9a2"",""Sdc4""]",2.0,-0.014193024559294831
"[""Col9a3"",""Cd44""]",2.0,0.027964495467244332
"[""Col9a3"",""Gp6""]",2.0,-0.023509986693728016
"[""Col9a3"",""Itga10_Itgb1""]",2.0,-0.014382021497503006
"[""Col9a3"",""Itga11_Itgb1""]",2.0,-0.013453322050383791
"[""Col9a3"",""Itga1_Itgb1""]",2.0,-0.011544822457211987
"[""Col9a3"",""Itga2_Itgb1""]",2.0,-0.011494942880877893
"[""Col9a3"",""Itga3_Itgb1""]",2.0,-0.014573990951292332
"[""Col9a3"",""Itga9_Itgb1""]",2.0,-0.011757969720217892
"[""Col9a3"",""Itgav_Itgb8""]",2.0,-0.010417647410934323
"[""Col9a3"",""Sdc1""]",2.0,-0.013119104482903793
"[""Col9a3"",""Sdc4""]",2.0,-0.01465593278879071
"[""Comp"",""Cd36""]",2.0,0.001678750754818048
"[""Comp"",""Cd47""]",2.0,-0.008750397090756923
"[""Comp"",""Itga3_Itgb1""]",2.0,-0.012427166227098024
"[""Comp"",""Itgav_Itgb3""]",2.0,-0.010600251179001319
"[""Comp"",""Sdc1""]",2.0,-0.012611791115343357
"[""Comp"",""Sdc4""]",2.0,-0.008607528271900838
"[""Cort"",""Sstr1""]",2.0,-0.008115706823596358
"[""Cort"",""Sstr2""]",2.0,-0.005206030716165322
"[""Cort"",""Sstr3""]",2.0,0.00041538020195813763
"[""Cort"",""Sstr4""]",2.0,-0.011032776396654814
"[""Cort"",""Sstr5""]",2.0,-0.013457678709935972
"[""Crh"",""Crhr1""]",2.0,0.05571983247593615
"[""Crh"",""Crhr2""]",2.0,0.005670413746732522
"[""Csf1"",""Csf1r""]",2.0,-0.006574731482903329
"[""Cspg4"",""Itga3_Itgb1""]",2.0,-0.012699358317050602
"[""Ctf1"",""Lifr_Il6st""]",2.0,-0.009878424253218235
"[""Cx3cl1"",""Cx3cr1""]",2.0,-0.0010573390629753932
"[""Cxcl1"",""Ackr1""]",2.0,-0.1314202378071464
"[""Cxcl1"",""Cxcr2""]",2.0,-0.053826751654147104
"[""Cxcl10"",""Ackr1""]",2.0,-0.04823756381504618
"[""Cxcl12"",""Ackr3""]",2.0,-0.010031254807385329
"[""Cxcl12"",""Cxcr4""]",2.0,-0.00963266094999815
"[""Cxcl13"",""Ackr1""]",2.0,-0.0034164310624685834
"[""Cxcl13"",""Cxcr5""]",2.0,-0.009742728665504088
"[""Cxcl16"",""Cxcr6""]",2.0,-0.010678413792072738
"[""Cxcl2"",""Ackr1""]",2.0,-0.05167709009501929
"[""Cxcl2"",""Cxcr2""]",2.0,-0.023307621557953608
"[""Cxcl3"",""Ackr1""]",2.0,-0.028127491361222945
"[""Cxcl3"",""Cxcr2""]",2.0,-0.013032859380843191
"[""Cxcl5"",""Ackr1""]",2.0,-0.022568203956483096
"[""Cxcl5"",""Cxcr2""]",2.0,-0.013689338618101607
"[""Dhh"",""Ptch1_Smo""]",2.0,-0.01192068410750586
"[""Dhh"",""Ptch2_Smo""]",2.0,-0.012978256094163962
"[""Dlk1"",""Notch1""]",2.0,-0.009620014632148705
"[""Dlk1"",""Notch2""]",2.0,-0.009278729382981708
"[""Dlk1"",""Notch3""]",2.0,-0.009083972518022343
"[""Dlk1"",""Notch4""]",2.0,-0.010898102034880106
"[""Dll1"",""Notch1""]",2.0,-0.009649342510814535
"[""Dll1"",""Notch2""]",2.0,-0.00982707377443482
"[""Dll1"",""Notch3""]",2.0,-0.010244693213842852
"[""Dll1"",""Notch4""]",2.0,-0.010818015860814906
"[""Dll3"",""Notch1""]",2.0,-0.009742124268993652
"[""Dll3"",""Notch2""]",2.0,-0.013528258103713928
"[""Dll3"",""Notch3""]",2.0,-0.013705726659440143
"[""Dll3"",""Notch4""]",2.0,-0.011662328929513605
"[""Dll4"",""Notch1""]",2.0,-0.006943660997191306
"[""Dll4"",""Notch2""]",2.0,-0.010190156796221414
"[""Dll4"",""Notch3""]",2.0,-0.010394880820315304
"[""Dll4"",""Notch4""]",2.0,-0.00843615409815536
"[""Dmp1"",""Itgav_Itgb3""]",2.0,-0.02145908792979513
"[""Dsc2"",""Dsg1c""]",2.0,-0.031975950505160305
"[""Dsc2"",""Dsg2""]",2.0,-0.01331903522932222
"[""Dsg1c"",""Dsc3""]",2.0,-0.033017958977998904
"[""Dsg2"",""Dsc3""]",2.0,-0.01931425367832626
"[""Dspp"",""Itgav_Itgb1""]",2.0,-0.012270274531947713
"[""Dspp"",""Itgav_Itgb6""]",2.0,-0.01076449685435573
"[""Eda"",""Eda2r""]",2.0,-0.007300457884818333
"[""Eda"",""Edar""]",2.0,-0.012730790668329562
"[""Edn1"",""Ednra""]",2.0,-0.01041860574935951
"[""Edn1"",""Ednrb""]",2.0,-0.005402629367489739
"[""Edn2"",""Ednra""]",2.0,-0.015678600188732558
"[""Edn2"",""Ednrb""]",2.0,-0.004222774643376087
"[""Edn3"",""Ednra""]",2.0,-0.008474386139048114
"[""Edn3"",""Ednrb""]",2.0,-0.010441004555483337
"[""Efna1"",""Epha1""]",2.0,-0.012221122511441251
"[""Efna1"",""Epha2""]",2.0,-0.012110480132525595
"[""Efna1"",""Epha3""]",2.0,-0.009881633253731238
"[""Efna1"",""Epha4""]",2.0,-0.010417642050001612
"[""Efna1"",""Epha5""]",2.0,-0.003794219845504848
"[""Efna1"",""Epha7""]",2.0,-0.011133988030280893
"[""Efna1"",""Epha8""]",2.0,-0.009579739818902394
"[""Efna2"",""Epha1""]",2.0,-0.011251421915938871
"[""Efna2"",""Epha2""]",2.0,-0.013233640038000954
"[""Efna2"",""Epha3""]",2.0,-0.008255342567129415
"[""Efna2"",""Epha4""]",2.0,-0.009207739948167822
"[""Efna2"",""Epha5""]",2.0,-0.010681147540263447
"[""Efna2"",""Epha7""]",2.0,-0.008900115372440606
"[""Efna2"",""Epha8""]",2.0,-0.02147904827839474
"[""Efna3"",""Epha1""]",2.0,-0.0144195024420527
"[""Efna3"",""Epha2""]",2.0,-0.012590198631608762
"[""Efna3"",""Epha3""]",2.0,-0.011233266521955346
"[""Efna3"",""Epha4""]",2.0,-0.01159052274778391
"[""Efna3"",""Epha5""]",2.0,0.004587103373858259
"[""Efna3"",""Epha7""]",2.0,-0.012940487656624373
"[""Efna3"",""Epha8""]",2.0,0.00927474121053129
"[""Efna4"",""Epha1""]",2.0,-0.010979376045516985
"[""Efna4"",""Epha2""]",2.0,-0.013246972900161025
"[""Efna4"",""Epha3""]",2.0,-0.008171520267001482
"[""Efna4"",""Epha4""]",2.0,-0.009208927566744827
"[""Efna4"",""Epha5""]",2.0,-0.012620805000527036
"[""Efna4"",""Epha7""]",2.0,-0.008837581465468428
"[""Efna4"",""Epha8""]",2.0,-0.02304857414690789
"[""Efna5"",""Epha1""]",2.0,-0.008911329141487992
"[""Efna5"",""Epha2""]",2.0,-0.01150437911760746
"[""Efna5"",""Epha3""]",2.0,-0.005900118916336525
"[""Efna5"",""Epha4""]",2.0,-0.006928995574164444
"[""Efna5"",""Epha5""]",2.0,-0.012514729187197988
"[""Efna5"",""Epha7""]",2.0,-0.006278575315139354
"[""Efna5"",""Epha8""]",2.0,-0.025396809212208778
"[""Efna5"",""Ephb2""]",2.0,-0.009642053699628698
"[""Efnb1"",""Epha4""]",2.0,-0.009462994900934468
"[""Efnb1"",""Ephb1""]",2.0,-0.0069198892570264126
"[""Efnb1"",""Ephb2""]",2.0,-0.010647945299324474
"[""Efnb1"",""Ephb3""]",2.0,-0.011526639647162815
"[""Efnb1"",""Ephb4""]",2.0,-0.010778683473971512
"[""Efnb2"",""Epha4""]",2.0,-0.009196587380675518
"[""Efnb2"",""Ephb1""]",2.0,-0.0077481767081791775
"[""Efnb2"",""Ephb2""]",2.0,-0.01062323020661153
"[""Efnb2"",""Ephb3""]",2.0,-0.011341954204027303
"[""Efnb2"",""Ephb4""]",2.0,-0.01055597841634242
"[""Efnb3"",""Epha4""]",2.0,-0.009923898309226499
"[""Efnb3"",""Ephb1""]",2.0,-0.005292442738326852
"[""Efnb3"",""Ephb2""]",2.0,-0.010723929319285785
"[""Efnb3"",""Ephb3""]",2.0,-0.012149049054510475
"[""Efnb3"",""Ephb4""]",2.0,-0.011312664374151231
"[""Efnb3"",""Ephb6""]",2.0,-0.010319176517621334
"[""Egf"",""Egfr""]",2.0,-0.008386717524522289
"[""Egf"",""Egfr_Erbb2""]",2.0,-0.013564190286807408
"[""Enho"",""Gpr19""]",2.0,-0.0032948511238359846
"[""Entpd1"",""Adora1""]",2.0,-0.0057071012764470935
"[""Entpd1"",""Adora2a""]",2.0,-0.008786333281169553
"[""Entpd1"",""Adora2b""]",2.0,-0.00832934313956303
"[""Entpd1"",""Tmigd3""]",2.0,-0.0104889678773264
"[""Epgn"",""Egfr""]",2.0,-0.010191404982918154
"[""Epo"",""Epor""]",2.0,-0.022562955917353772
"[""Ereg"",""Egfr""]",2.0,-0.014782440273619149
"[""Ereg"",""Egfr_Erbb2""]",2.0,-0.02263102085213775
"[""Ereg"",""Erbb2_Erbb4""]",2.0,-0.01312952677198509
"[""Ereg"",""Erbb4""]",2.0,-0.012639077546076585
"[""Esam"",""Esam""]",2.0,-0.006154602418723079
"[""F11r"",""F11r""]",2.0,-0.012167410177555599
"[""F11r"",""Itgal_Itgb2""]",2.0,-0.01654224497125488
"[""F11r"",""Jam2""]",2.0,-0.00937434879375064
"[""F11r"",""Jam3""]",2.0,-0.010552532079397464
"[""F2"",""F2r""]",2.0,-0.051062514613340215
"[""F2"",""F2rl1""]",2.0,-0.18425369929461166
"[""F2"",""F2rl2""]",2.0,-0.07719581602844106
"[""F2"",""F2rl3""]",2.0,-0.09124186943486212
"[""F2"",""Pard3""]",2.0,-0.02878754312756185
"[""Fasl"",""Fas""]",2.0,0.01095655590771566
"[""Fcer2a"",""Cr2""]",2.0,-0.012528937415269257
"[""Fcer2a"",""Itgam_Itgb2""]",2.0,-0.013288061727068465
"[""Fcer2a"",""Itgav_Itgb3""]",2.0,-0.014968842439259868
"[""Fcer2a"",""Itgax_Itgb2""]",2.0,-0.014145972002481216
"[""Fgf1"",""Fgfr1""]",2.0,-0.010712845746088544
"[""Fgf1"",""Fgfr2""]",2.0,-0.018049395090132814
"[""Fgf1"",""Fgfr3""]",2.0,-0.008678349972328414
"[""Fgf1"",""Fgfr4""]",2.0,-0.00905081395422775
"[""Fgf10"",""Fgfr1""]",2.0,-0.00853257478605269
"[""Fgf10"",""Fgfr2""]",2.0,-0.014009301362771502
"[""Fgf15"",""Fgfr1""]",2.0,-0.010625383705980616
"[""Fgf15"",""Fgfr2""]",2.0,-0.013858544970121414
"[""Fgf15"",""Fgfr3""]",2.0,-0.011374105689579
"[""Fgf15"",""Fgfr4""]",2.0,-0.009120594247218422
"[""Fgf16"",""Fgfr1""]",2.0,-0.008712232060879545
"[""Fgf16"",""Fgfr2""]",2.0,-0.008089672110080742
"[""Fgf16"",""Fgfr3""]",2.0,-0.006974181246292038
"[""Fgf16"",""Fgfr4""]",2.0,-0.005043289320432562
"[""Fgf17"",""Fgfr1""]",2.0,-0.011162543017993479
"[""Fgf17"",""Fgfr2""]",2.0,-0.019040224343447636
"[""Fgf17"",""Fgfr3""]",2.0,-0.015442138564139035
"[""Fgf17"",""Fgfr4""]",2.0,-0.01062328257931838
"[""Fgf18"",""Fgfr1""]",2.0,-0.008087039368249997
"[""Fgf18"",""Fgfr2""]",2.0,-0.012135144165149651
"[""Fgf18"",""Fgfr3""]",2.0,-0.011444727858627698
"[""Fgf18"",""Fgfr4""]",2.0,-0.006605392709949982
"[""Fgf2"",""Fgfr1""]",2.0,-0.009911628749627366
"[""Fgf2"",""Fgfr2""]",2.0,-0.013620771539078882
"[""Fgf2"",""Fgfr3""]",2.0,-0.01085367241088668
"[""Fgf2"",""Fgfr4""]",2.0,-0.008095099460972713
"[""Fgf20"",""Fgfr1""]",2.0,-0.011929788717218393
"[""Fgf20"",""Fgfr2""]",2.0,-0.014943118160522531
"[""Fgf20"",""Fgfr3""]",2.0,-0.008261510581990705
"[""Fgf20"",""Fgfr4""]",2.0,-0.009162105561981111
"[""Fgf22"",""Fgfr2""]",2.0,-0.017734376797343715
"[""Fgf23"",""Fgfr1""]",2.0,-0.012753329960694587
"[""Fgf23"",""Fgfr3""]",2.0,-0.011590207907945349
"[""Fgf23"",""Fgfr4""]",2.0,-0.01068635730017986
"[""Fgf3"",""Fgfr1""]",2.0,-0.014242561523186953
"[""Fgf3"",""Fgfr2""]",2.0,0.0036065205023944613
"[""Fgf4"",""Fgfr1""]",2.0,-0.007714918974919532
"[""Fgf4"",""Fgfr2""]",2.0,-0.013002906315313246
"[""Fgf4"",""Fgfr3""]",2.0,-0.011919558598664226
"[""Fgf4"",""Fgfr4""]",2.0,-0.005106597234608316
"[""Fgf5"",""Fgfr1""]",2.0,-0.0075154788610869855
"[""Fgf5"",""Fgfr2""]",2.0,-0.013952317313843866
"[""Fgf5"",""Fgfr3""]",2.0,-0.013817093862299679
"[""Fgf5"",""Fgfr4""]",2.0,-0.005786514863461699
"[""Fgf7"",""Fgfr1""]",2.0,-0.006099541751782463
"[""Fgf7"",""Fgfr2""]",2.0,-0.006663071943158391
"[""Fgf8"",""Fgfr1""]",2.0,-0.00970363974605953
"[""Fgf8"",""Fgfr2""]",2.0,-0.017503041107434468
"[""Fgf8"",""Fgfr3""]",2.0,-0.015357762508619845
"[""Fgf8"",""Fgfr4""]",2.0,-0.00926065166880884
"[""Fgf9"",""Fgfr1""]",2.0,-0.00875479265659701
"[""Fgf9"",""Fgfr2""]",2.0,-0.012935588336481688
"[""Fgf9"",""Fgfr3""]",2.0,-0.010832389896733463
"[""Fgf9"",""Fgfr4""]",2.0,-0.006169507421503611
"[""Flt3l"",""Flt3""]",2.0,-0.0255074395810522
"[""Fn1"",""Cd44""]",2.0,0.013406375731500525
"[""Fn1"",""Itga2b_Itgb3""]",2.0,-0.008120938863211483
"[""Fn1"",""Itga3_Itgb1""]",2.0,-0.008398423258156526
"[""Fn1"",""Itga4_Itgb1""]",2.0,-0.006787323999509237
"[""Fn1"",""Itga4_Itgb7""]",2.0,-0.008831389482475319
"[""Fn1"",""Itga5_Itgb1""]",2.0,-0.006437085159678155
"[""Fn1"",""Itga8_Itgb1""]",2.0,-0.007083263152449601
"[""Fn1"",""Itgav_Itgb1""]",2.0,-0.00736317981975345
"[""Fn1"",""Itgav_Itgb3""]",2.0,-0.008112004127465808
"[""Fn1"",""Itgav_Itgb6""]",2.0,-0.005852353118027887
"[""Fn1"",""Itgav_Itgb8""]",2.0,-0.006499751441354021
"[""Fn1"",""Sdc1""]",2.0,-0.008103782652748137
"[""Fn1"",""Sdc4""]",2.0,-0.008796337509415234
"[""Gal"",""Galr1""]",2.0,-0.006855993662260307
"[""Gal"",""Galr2""]",2.0,-0.011506716672557371
"[""Gal"",""Galr3""]",2.0,-0.013593792896143986
"[""Galp"",""Galr1""]",2.0,-0.02657970381696876
"[""Galp"",""Galr2""]",2.0,-0.013306671542413988
"[""Gas6"",""Axl""]",2.0,-0.004763741849782871
"[""Gas6"",""Mertk""]",2.0,-0.010698806189446922
"[""Gas6"",""Tyro3""]",2.0,-0.008065461789400735
"[""Gcg"",""Gcgr""]",2.0,-0.029091268147207472
"[""Gcg"",""Gipr""]",2.0,-0.0043761686523254295
"[""Gcg"",""Glp1r""]",2.0,-0.01035654906545537
"[""Gcg"",""Glp2r""]",2.0,-0.027725709301457097
"[""Gdf10"",""Acvr1b_Acvr2a""]",2.0,-0.011326889232024268
"[""Gdf11"",""Acvr1b_Acvr2b""]",2.0,-0.015941408305941825
"[""Gdf11"",""Tgfbr1_Acvr2a""]",2.0,-0.010764082226189797
"[""Gdf11"",""Tgfbr1_Acvr2b""]",2.0,-0.01141831842820245
"[""Gdf15"",""Tgfbr2""]",2.0,-0.014845166238204005
"[""Gdf2"",""Acvrl1_Acvr2a""]",2.0,-0.05833322019976944
"[""Gdf2"",""Acvrl1_Bmpr2""]",2.0,-0.05833322019976944
"[""Gdf3"",""Acvr1b_Acvr2a_Cfc1""]",2.0,-0.027606035933997908
"[""Gdf3"",""Acvr1b_Acvr2b_Cfc1""]",2.0,-0.027606035933997908
"[""Gdf3"",""Acvr1c_Acvr2a_Cfc1""]",2.0,-0.027606035933997908
"[""Gdf3"",""Acvr1c_Acvr2b_Cfc1""]",2.0,-0.027606035933997908
"[""Gdf5"",""Bmpr1a_Acvr2a""]",2.0,-0.009841162632076836
"[""Gdf5"",""Bmpr1a_Acvr2b""]",2.0,-0.010388771111235803
"[""Gdf5"",""Bmpr1a_Bmpr2""]",2.0,-0.009862973314758064
"[""Gdf5"",""Bmpr1b_Acvr2a""]",2.0,-0.012459801437885533
"[""Gdf5"",""Bmpr1b_Acvr2b""]",2.0,-0.011203039558056897
"[""Gdf5"",""Bmpr1b_Bmpr2""]",2.0,-0.007909152248369543
"[""Gdf6"",""Bmpr1a_Acvr2a""]",2.0,-0.010769744714818688
"[""Gdf6"",""Bmpr1a_Acvr2b""]",2.0,-0.010398044639262537
"[""Gdf6"",""Bmpr1a_Bmpr2""]",2.0,-0.009660854728652472
"[""Gdf6"",""Bmpr1b_Acvr2a""]",2.0,-0.01102814212710785
"[""Gdf6"",""Bmpr1b_Acvr2b""]",2.0,-0.010720236951647168
"[""Gdf6"",""Bmpr1b_Bmpr2""]",2.0,-0.00724002795578849
"[""Gdf7"",""Bmpr1a_Acvr2a""]",2.0,-0.01057894953752949
"[""Gdf7"",""Bmpr1a_Acvr2b""]",2.0,-0.0112398057328386
"[""Gdf7"",""Bmpr1a_Bmpr2""]",2.0,-0.011279329905520039
"[""Gdf7"",""Bmpr1b_Acvr2a""]",2.0,-0.013770348042353081
"[""Gdf7"",""Bmpr1b_Acvr2b""]",2.0,-0.012440582791251112
"[""Gdf7"",""Bmpr1b_Bmpr2""]",2.0,-0.009328886870942445
"[""Gdf9"",""Acvr1b_Bmpr2""]",2.0,-0.009261939625625895
"[""Gdnf"",""Gfra1_Ret""]",2.0,-0.02172056026957831
"[""Ghrh"",""Vipr1""]",2.0,-0.010676707411613709
"[""Ghrh"",""Vipr2""]",2.0,-0.01087693477368698
"[""Gip"",""Gipr""]",2.0,-0.007358941599909644
"[""Gm7030"",""Cd8a""]",2.0,-0.010868795553203792
"[""Gm7030"",""Cd8b1""]",2.0,-0.01739954537609864
"[""Gm8909"",""Cd8a""]",2.0,-0.012678641083628414
"[""Gm8909"",""Cd8b1""]",2.0,-0.022423019978302795
"[""Gp1ba"",""Itgam_Itgb2""]",2.0,-0.02473908473974684
"[""Grn"",""Sort1""]",2.0,-0.008938692381953911
"[""Grp"",""Grpr""]",2.0,-0.017361744030665704
"[""Guca2a"",""Gucy2c""]",2.0,-0.030334929391925752
"[""Guca2b"",""Gucy2c""]",2.0,-0.02964050848670355
"[""Gzma"",""F2r""]",2.0,0.0014894359235077537
"[""Gzma"",""F2rl1""]",2.0,0.03816512043104381
"[""Gzma"",""F2rl2""]",2.0,-0.013853480871971996
"[""Gzma"",""F2rl3""]",2.0,0.009229226322631179
"[""Gzma"",""Pard3""]",2.0,-0.011096541555286166
"[""H2-Aa"",""Cd4""]",2.0,-0.0011839600854819388
"[""H2-Ab1"",""Cd4""]",2.0,-0.00892110035788074
"[""H2-D1"",""Cd8a""]",2.0,-0.012150036151792387
"[""H2-D1"",""Cd8b1""]",2.0,-0.023667739577806907
"[""H2-DMa"",""Cd4""]",2.0,-0.012006752134324561
"[""H2-DMb1"",""Cd4""]",2.0,-0.01209465059940093
"[""H2-DMb2"",""Cd4""]",2.0,-0.015163761390556654
"[""H2-Eb1"",""Cd4""]",2.0,-0.008311837779021503
"[""H2-K1"",""Cd8a""]",2.0,-0.018004743065966805
"[""H2-K1"",""Cd8b1""]",2.0,-0.041361107644391326
"[""H2-M3"",""Cd8a""]",2.0,-0.009977161941726834
"[""H2-M3"",""Cd8b1""]",2.0,-0.014458547667040654
"[""H2-M5"",""Cd8a""]",2.0,-0.010206930332876764
"[""H2-M5"",""Cd8b1""]",2.0,-0.018492164769696062
"[""H2-Oa"",""Cd4""]",2.0,-0.013384565692305839
"[""H2-Q1"",""Cd8a""]",2.0,-0.01431012563929459
"[""H2-Q1"",""Cd8b1""]",2.0,-0.030095549759113265
"[""H2-Q10"",""Cd8a""]",2.0,-0.05212225419975852
"[""H2-Q10"",""Cd8b1""]",2.0,-0.24483164346482905
"[""H2-Q2"",""Cd8a""]",2.0,-0.01754839072353094
"[""H2-Q2"",""Cd8b1""]",2.0,-0.031024323049014438
"[""H2-Q4"",""Cd8a""]",2.0,-0.011271022886969781
"[""H2-Q4"",""Cd8b1""]",2.0,-0.01739963146038253
"[""H2-Q6"",""Cd8a""]",2.0,-0.016969227582072574
"[""H2-Q6"",""Cd8b1""]",2.0,-0.03337830294566682
"[""H2-Q7"",""Cd8a""]",2.0,-0.013415401127776914
"[""H2-Q7"",""Cd8b1""]",2.0,-0.021653947279681042
"[""H2-T22"",""Cd8a""]",2.0,-0.010087447355266295
"[""H2-T22"",""Cd8b1""]",2.0,-0.014879965560354026
"[""H2-T23"",""Cd8a""]",2.0,-0.013231224228830052
"[""H2-T23"",""Cd8b1""]",2.0,-0.022340535080300213
"[""H2-T24"",""Cd8a""]",2.0,-0.010171656081182926
"[""H2-T24"",""Cd8b1""]",2.0,-0.017255546486939576
"[""H2-T3"",""Cd8a""]",2.0,-0.01916750236720854
"[""H2-T3"",""Cd8b1""]",2.0,-0.04047717205900633
"[""Hbegf"",""Egfr""]",2.0,-0.008376538951059484
"[""Hbegf"",""Egfr_Erbb2""]",2.0,-0.013117481712525803
"[""Hbegf"",""Erbb2_Erbb4""]",2.0,-0.004964379030450813
"[""Hbegf"",""Erbb4""]",2.0,-0.005565550535441791
"[""Hc"",""C5ar1""]",2.0,-0.08020196882572803
"[""Hcrt"",""Hcrtr1""]",2.0,0.08506833627895127
"[""Hcrt"",""Hcrtr2""]",2.0,0.03589493312297526
"[""Hgf"",""Met""]",2.0,-0.010508774990294907
"[""Hspg2"",""Dag1""]",2.0,-0.013068916562951824
"[""Iapp"",""Calcr""]",2.0,0.042747109015686235
"[""Iapp"",""Calcrl""]",2.0,-0.006904163066988239
"[""Ibsp"",""Itgav_Itgb3""]",2.0,-0.01624652187128081
"[""Ibsp"",""Itgav_Itgb5""]",2.0,-0.016061300127590855
"[""Icam1"",""Itgal""]",2.0,-0.024210482893650936
"[""Icam1"",""Itgal_Itgb2""]",2.0,-0.017268113579714375
"[""Icam1"",""Itgam_Itgb2""]",2.0,-0.017451840398098883
"[""Icam1"",""Itgax_Itgb2""]",2.0,-0.0156604978062376
"[""Icam1"",""Spn""]",2.0,-0.0791802264513489
"[""Icam2"",""Itgal_Itgb2""]",2.0,-0.01143915451516736
"[""Icam2"",""Itgam_Itgb2""]",2.0,-0.01152731811737126
"[""Icosl"",""Cd28""]",2.0,-0.00914879712296858
"[""Icosl"",""Ctla4""]",2.0,-0.01054472580751778
"[""Icosl"",""Icos""]",2.0,-0.012649133670692203
"[""Ifnk"",""Ifnar1_Ifnar2""]",2.0,-0.009612962169787534
"[""Igf1"",""Igf1r""]",2.0,-0.008896986926360685
"[""Igf1"",""Itga6_Itgb4""]",2.0,-0.008755024027011615
"[""Igf1"",""Itgav_Itgb3""]",2.0,-0.008848763814424301
"[""Igf2"",""Igf1r""]",2.0,-0.01131414794451105
"[""Igf2"",""Igf2r""]",2.0,-0.008640733922193916
"[""Igf2"",""Itga6_Itgb4""]",2.0,-0.01164778390940191
"[""Igf2"",""Itgav_Itgb3""]",2.0,-0.01226435226336442
"[""Ihh"",""Ptch1_Smo""]",2.0,-0.016472829011776283
"[""Ihh"",""Ptch2_Smo""]",2.0,-0.01728480978110973
"[""Il10"",""Il10ra_Il10rb""]",2.0,-0.011332293155329104
"[""Il11"",""Il11ra1_Il6st""]",2.0,-0.014492042505053891
"[""Il15"",""Il15ra_Il2rb_Il2rg""]",2.0,-0.010378182349670459
"[""Il16"",""Cd4""]",2.0,-0.012839781654529106
"[""Il17b"",""Il17rb""]",2.0,-0.005761787592212672
"[""Il17f"",""Il17ra_Il17rc""]",2.0,-0.024252883317994824
"[""Il18"",""Il18r1_Il18rap""]",2.0,0.01620640156240888
"[""Il19"",""Il20ra_Il20rb""]",2.0,-0.013618548818643498
"[""Il1a"",""Il1r1_Il1rap""]",2.0,-0.0176475903592328
"[""Il1b"",""Il1r1_Il1rap""]",2.0,-0.017208369531210424
"[""Il2"",""Il2ra_Il2rb_Il2rg""]",2.0,-0.0057142559572615215
"[""Il2"",""Il2rb_Il2rg""]",2.0,-0.0053718157008032785
"[""Il22"",""Il22ra1_Il10rb""]",2.0,-0.009002948281200112
"[""Il25"",""Il17ra_Il17rb""]",2.0,0.00602427169508038
"[""Il27_Ebi3"",""Il27ra_Il6st""]",2.0,-0.013236931285697487
"[""Il31"",""Il31ra_Osmr""]",2.0,-0.015269173676998316
"[""Il33"",""Il1rl1_Il1rap""]",2.0,-0.011947783690848784
"[""Il34"",""Csf1r""]",2.0,-0.01089519976782595
"[""Il4"",""Il4ra""]",2.0,0.003919342935947812
"[""Il4"",""Il4ra_Il13ra1""]",2.0,2.857952991253132e-05
"[""Il4"",""Il4ra_Il13ra2""]",2.0,-0.008173424777049854
"[""Il4"",""Il4ra_Il2rg""]",2.0,-0.0038535621296935663
"[""Il5"",""Il5ra_Csf2rb""]",2.0,-0.015276802416626021
"[""Il6"",""Il6ra_Il6st""]",2.0,-0.024642849911916398
"[""Il7"",""Il7r_Il2rg""]",2.0,0.0029886097231430764
"[""Inha_Inhba"",""Acvr2a""]",2.0,-0.013767826371303186
"[""Inha_Inhbb"",""Acvr2b""]",2.0,-0.011147906673561178
"[""Inhba"",""Acvr1b_Acvr2a""]",2.0,-0.012094787723092255
"[""Inhba"",""Acvr1b_Acvr2b""]",2.0,-0.016871972380435453
"[""Inhba_Inhbb"",""Acvr1b_Acvr2a""]",2.0,-0.0034140689036336047
"[""Inhba_Inhbb"",""Acvr1b_Acvr2b""]",2.0,-0.015282420500607408
"[""Inhba_Inhbb"",""Acvr1c_Acvr2a""]",2.0,-0.007479816791418958
"[""Inhba_Inhbb"",""Acvr1c_Acvr2b""]",2.0,-0.007479816791418958
"[""Inhbb"",""Acvr1b_Acvr2a""]",2.0,-0.002873444956295018
"[""Inhbb"",""Acvr1b_Acvr2b""]",2.0,-0.012947696348876825
"[""Inhbb"",""Acvr1c_Acvr2a""]",2.0,-0.006473874648689482
"[""Inhbb"",""Acvr1c_Acvr2b""]",2.0,-0.006473874648689482
"[""Inhbc"",""Acvr1b_Acvr2a""]",2.0,-0.07567426392152463
"[""Inhbc"",""Acvr1b_Acvr2b""]",2.0,-0.08225688286616106
"[""Inhbc"",""Acvr1c_Acvr2a""]",2.0,-0.09019368199123065
"[""Inhbc"",""Acvr1c_Acvr2b""]",2.0,-0.09019368199123065
"[""Inhbe"",""Acvr1b_Acvr2a""]",2.0,-0.019379702286185185
"[""Inhbe"",""Acvr1b_Acvr2b""]",2.0,-0.02463562914690258
"[""Inhbe"",""Acvr1c_Acvr2a""]",2.0,-0.024754357886025792
"[""Inhbe"",""Acvr1c_Acvr2b""]",2.0,-0.024754357886025792
"[""Ins2"",""Insr""]",2.0,-0.004223406621392062
"[""Insl5"",""Rxfp1""]",2.0,-0.009516986108057561
"[""Insl5"",""Rxfp2""]",2.0,-0.0075119973056145505
"[""Insl5"",""Rxfp3""]",2.0,-0.008508252738022073
"[""Itga4_Itgb1"",""Vcam1""]",2.0,-0.011614340475329554
"[""Itga4_Itgb7"",""Vcam1""]",2.0,-0.01480228159415145
"[""Itga9_Itgb1"",""Vcam1""]",2.0,-0.010840362206948152
"[""Itgal_Itgb2"",""Cd226""]",2.0,-0.02172004078305355
"[""Itgal_Itgb2"",""Icam1""]",2.0,-0.017837818231835487
"[""Itgal_Itgb2"",""Icam2""]",2.0,-0.01199682014391222
"[""Jag1"",""Notch1""]",2.0,-0.009092847911450416
"[""Jag1"",""Notch2""]",2.0,-0.009586176706197408
"[""Jag1"",""Notch3""]",2.0,-0.010103550319938676
"[""Jag1"",""Notch4""]",2.0,-0.010102095974166475
"[""Jag2"",""Notch1""]",2.0,-0.005164342674713801
"[""Jag2"",""Notch2""]",2.0,-0.014156637653653395
"[""Jag2"",""Notch3""]",2.0,-0.013112981628182196
"[""Jag2"",""Notch4""]",2.0,-0.006703752586379452
"[""Jam2"",""F11r""]",2.0,-0.00946169440313735
"[""Jam2"",""Itga3_Itgb1""]",2.0,-0.009805939046132903
"[""Jam2"",""Itgav_Itgb1""]",2.0,-0.009199945308429547
"[""Jam2"",""Jam2""]",2.0,-0.0076811255437176165
"[""Jam2"",""Jam3""]",2.0,-0.007603229368087477
"[""Jam3"",""F11r""]",2.0,-0.010659272131196107
"[""Jam3"",""Itgam_Itgb2""]",2.0,-0.011570581715436498
"[""Jam3"",""Jam2""]",2.0,-0.007607009117890889
"[""Jam3"",""Jam3""]",2.0,-0.00668858812234779
"[""Kitl"",""Kit""]",2.0,-0.00926059510710886
"[""Kng1"",""Bdkrb1""]",2.0,-0.09979869618096576
"[""Kng1"",""Bdkrb2""]",2.0,-0.22927725045691716
"[""Kng2"",""Bdkrb1""]",2.0,-0.018288537956291144
"[""Kng2"",""Bdkrb2""]",2.0,-0.027265202622556155
"[""L1cam"",""Itga4_Itgb7""]",2.0,0.001984616831430752
"[""L1cam"",""Itgav_Itgb3""]",2.0,-0.0042697055557126
"[""L1cam"",""L1cam""]",2.0,0.09039258234186154
"[""Lama1"",""Cd44""]",2.0,0.00870814907402745
"[""Lama1"",""Dag1""]",2.0,-0.010898545552378638
"[""Lama1"",""Itga1_Itgb1""]",2.0,-0.010124632052661155
"[""Lama1"",""Itga2_Itgb1""]",2.0,-0.010566770620562292
"[""Lama1"",""Itga3_Itgb1""]",2.0,-0.012435826585368778
"[""Lama1"",""Itga6_Itgb1""]",2.0,-0.010204476298469333
"[""Lama1"",""Itga6_Itgb4""]",2.0,-0.014885568014864368
"[""Lama1"",""Itga7_Itgb1""]",2.0,-0.010505388483645836
"[""Lama1"",""Itga9_Itgb1""]",2.0,-0.010818499352575069
"[""Lama1"",""Itgav_Itgb8""]",2.0,-0.009995936703326512
"[""Lama1"",""Sv2a""]",2.0,-0.014433060721872115
"[""Lama1"",""Sv2b""]",2.0,-0.013938544192452641
"[""Lama1"",""Sv2c""]",2.0,-0.014619015280725317
"[""Lama2"",""Cd44""]",2.0,-0.016333335940341816
"[""Lama2"",""Dag1""]",2.0,-0.007804849339060331
"[""Lama2"",""Itga1_Itgb1""]",2.0,-0.008233943791421894
"[""Lama2"",""Itga2_Itgb1""]",2.0,-0.008112980120345436
"[""Lama2"",""Itga3_Itgb1""]",2.0,-0.009255016363199926
"[""Lama2"",""Itga6_Itgb1""]",2.0,-0.007514383108625485
"[""Lama2"",""Itga6_Itgb4""]",2.0,-0.010966107400054943
"[""Lama2"",""Itga7_Itgb1""]",2.0,-0.006963338664987164
"[""Lama2"",""Itga9_Itgb1""]",2.0,-0.007332169368276102
"[""Lama2"",""Itgav_Itgb8""]",2.0,-0.006855936361598463
"[""Lama2"",""Sv2a""]",2.0,-0.022170921099625818
"[""Lama2"",""Sv2b""]",2.0,-0.01237466824283226
"[""Lama2"",""Sv2c""]",2.0,-0.014962363580614577
"[""Lama3"",""Cd44""]",2.0,0.04956761623316483
"[""Lama3"",""Dag1""]",2.0,-0.01335459631253224
"[""Lama3"",""Itga1_Itgb1""]",2.0,-0.012320513554893199
"[""Lama3"",""Itga2_Itgb1""]",2.0,-0.013302169604650659
"[""Lama3"",""Itga3_Itgb1""]",2.0,-0.015745229156926194
"[""Lama3"",""Itga6_Itgb1""]",2.0,-0.011935795894051172
"[""Lama3"",""Itga6_Itgb4""]",2.0,-0.01875673271535106
"[""Lama3"",""Itga7_Itgb1""]",2.0,-0.011279654764182023
"[""Lama3"",""Itga9_Itgb1""]",2.0,-0.012966937065612201
"[""Lama3"",""Itgav_Itgb8""]",2.0,-0.011252081193642398
"[""Lama3"",""Sv2a""]",2.0,-0.015963799326181027
"[""Lama3"",""Sv2b""]",2.0,-0.019409846594388255
"[""Lama3"",""Sv2c""]",2.0,-0.022149801912054026
"[""Lama4"",""Cd44""]",2.0,0.04763856055693344
"[""Lama4"",""Dag1""]",2.0,-0.00834146483060283
"[""Lama4"",""Itga1_Itgb1""]",2.0,-0.0072041227028283306
"[""Lama4"",""Itga2_Itgb1""]",2.0,-0.008540485656528402
"[""Lama4"",""Itga3_Itgb1""]",2.0,-0.010225845452346026
"[""Lama4"",""Itga6_Itgb1""]",2.0,-0.007464274090660972
"[""Lama4"",""Itga6_Itgb4""]",2.0,-0.01111031081167499
"[""Lama4"",""Itga7_Itgb1""]",2.0,-0.0043447498735097595
"[""Lama4"",""Itga9_Itgb1""]",2.0,-0.009270822969600509
"[""Lama4"",""Itgav_Itgb8""]",2.0,-0.008042903057044193
"[""Lama4"",""Sv2a""]",2.0,-0.00152297422397768
"[""Lama4"",""Sv2b""]",2.0,-0.008987634183794141
"[""Lama4"",""Sv2c""]",2.0,-0.00903467593153473
"[""Lama5"",""Cd44""]",2.0,0.11037537691091293
"[""Lama5"",""Dag1""]",2.0,-0.0125838333414994
"[""Lama5"",""Itga1_Itgb1""]",2.0,-0.011308282343206646
"[""Lama5"",""Itga2_Itgb1""]",2.0,-0.014037421765704196
"[""Lama5"",""Itga3_Itgb1""]",2.0,-0.015719494531057997
"[""Lama5"",""Itga6_Itgb1""]",2.0,-0.0111773248664074
"[""Lama5"",""Itga6_Itgb4""]",2.0,-0.018152530329664143
"[""Lama5"",""Itga7_Itgb1""]",2.0,-0.006542324061154993
"[""Lama5"",""Itga9_Itgb1""]",2.0,-0.014324901955303601
"[""Lama5"",""Itgav_Itgb8""]",2.0,-0.011981240162952406
"[""Lama5"",""Sv2a""]",2.0,0.002118049330530003
"[""Lama5"",""Sv2b""]",2.0,-0.016786428564143363
"[""Lama5"",""Sv2c""]",2.0,-0.02003013194081396
"[""Lamb1"",""Cd44""]",2.0,0.02177734419819416
"[""Lamb1"",""Dag1""]",2.0,-0.008090157504456241
"[""Lamb1"",""Itga1_Itgb1""]",2.0,-0.007624714880647344
"[""Lamb1"",""Itga2_Itgb1""]",2.0,-0.008423807063282343
"[""Lamb1"",""Itga3_Itgb1""]",2.0,-0.009889980849152338
"[""Lamb1"",""Itga6_Itgb1""]",2.0,-0.007459913953271974
"[""Lamb1"",""Itga6_Itgb4""]",2.0,-0.0105447046374876
"[""Lamb1"",""Itga7_Itgb1""]",2.0,-0.004820215706056827
"[""Lamb1"",""Itga9_Itgb1""]",2.0,-0.008633784451872448
"[""Lamb1"",""Itgav_Itgb8""]",2.0,-0.007641228233555897
"[""Lamb1"",""Sv2a""]",2.0,-0.007896930143219849
"[""Lamb1"",""Sv2b""]",2.0,-0.009766976894221596
"[""Lamb1"",""Sv2c""]",2.0,-0.010563711630805814
"[""Lamb2"",""Cd44""]",2.0,0.09934518780929591
"[""Lamb2"",""Dag1""]",2.0,-0.01040145011524278
"[""Lamb2"",""Itga1_Itgb1""]",2.0,-0.008615782102647698
"[""Lamb2"",""Itga2_Itgb1""]",2.0,-0.010468070266285892
"[""Lamb2"",""Itga3_Itgb1""]",2.0,-0.012675318774249017
"[""Lamb2"",""Itga6_Itgb1""]",2.0,-0.009303631908756313
"[""Lamb2"",""Itga6_Itgb4""]",2.0,-0.013770285254634917
"[""Lamb2"",""Itga7_Itgb1""]",2.0,-0.004481198711449849
"[""Lamb2"",""Itga9_Itgb1""]",2.0,-0.011637042762028954
"[""Lamb2"",""Itgav_Itgb8""]",2.0,-0.009967261082783604
"[""Lamb2"",""Sv2a""]",2.0,0.0057800112868499065
"[""Lamb2"",""Sv2b""]",2.0,-0.009656380126012554
"[""Lamb2"",""Sv2c""]",2.0,-0.008920836369445712
"[""Lamb3"",""Cd44""]",2.0,0.04073845039727245
"[""Lamb3"",""Dag1""]",2.0,-0.011575197690560327
"[""Lamb3"",""Itga1_Itgb1""]",2.0,-0.011328579247656255
"[""Lamb3"",""Itga2_Itgb1""]",2.0,-0.012693488290806285
"[""Lamb3"",""Itga3_Itgb1""]",2.0,-0.014193850320061062
"[""Lamb3"",""Itga6_Itgb1""]",2.0,-0.010546198252177723
"[""Lamb3"",""Itga6_Itgb4""]",2.0,-0.01646481529578423
"[""Lamb3"",""Itga7_Itgb1""]",2.0,-0.00809611692381658
"[""Lamb3"",""Itga9_Itgb1""]",2.0,-0.012062898816180417
"[""Lamb3"",""Itgav_Itgb8""]",2.0,-0.010750492652604172
"[""Lamb3"",""Sv2a""]",2.0,-0.015911726456479425
"[""Lamb3"",""Sv2b""]",2.0,-0.017702770618862558
"[""Lamb3"",""Sv2c""]",2.0,-0.022348088224845727
"[""Lamc1"",""Cd44""]",2.0,0.01910170332210248
"[""Lamc1"",""Dag1""]",2.0,-0.009448767404218746
"[""Lamc1"",""Itga1_Itgb1""]",2.0,-0.008757030577247013
"[""Lamc1"",""Itga2_Itgb1""]",2.0,-0.009864883527484651
"[""Lamc1"",""Itga3_Itgb1""]",2.0,-0.01158306724799682
"[""Lamc1"",""Itga6_Itgb1""]",2.0,-0.008588684642781029
"[""Lamc1"",""Itga6_Itgb4""]",2.0,-0.01334861981643514
"[""Lamc1"",""Itga7_Itgb1""]",2.0,-0.006887120322493438
"[""Lamc1"",""Itga9_Itgb1""]",2.0,-0.009902345356450095
"[""Lamc1"",""Itgav_Itgb8""]",2.0,-0.00874234263801553
"[""Lamc1"",""Sv2a""]",2.0,-0.011829177881682723
"[""Lamc1"",""Sv2b""]",2.0,-0.012497210911140796
"[""Lamc1"",""Sv2c""]",2.0,-0.013676414598765535
"[""Lamc2"",""Cd44""]",2.0,0.08255994385037457
"[""Lamc2"",""Dag1""]",2.0,-0.012860140923546176
"[""Lamc2"",""Itga1_Itgb1""]",2.0,-0.00990108082340413
"[""Lamc2"",""Itga2_Itgb1""]",2.0,-0.01404850788367333
"[""Lamc2"",""Itga3_Itgb1""]",2.0,-0.016577282296137558
"[""Lamc2"",""Itga6_Itgb1""]",2.0,-0.010972360854137955
"[""Lamc2"",""Itga6_Itgb4""]",2.0,-0.017807770047870444
"[""Lamc2"",""Itga7_Itgb1""]",2.0,0.0010498108997861189
"[""Lamc2"",""Itga9_Itgb1""]",2.0,-0.015956668512150426
"[""Lamc2"",""Itgav_Itgb8""]",2.0,-0.012383565591822757
"[""Lamc2"",""Sv2a""]",2.0,0.03903543885330496
"[""Lamc2"",""Sv2b""]",2.0,-0.006788786080160647
"[""Lamc2"",""Sv2c""]",2.0,-0.0020045602076600444
"[""Lamc3"",""Cd44""]",2.0,0.06185783035788381
"[""Lamc3"",""Dag1""]",2.0,-0.012727983097100007
"[""Lamc3"",""Itga1_Itgb1""]",2.0,-0.011033966260864371
"[""Lamc3"",""Itga2_Itgb1""]",2.0,-0.012179046117344952
"[""Lamc3"",""Itga3_Itgb1""]",2.0,-0.014579728381901011
"[""Lamc3"",""Itga6_Itgb1""]",2.0,-0.011758160923790142
"[""Lamc3"",""Itga6_Itgb4""]",2.0,-0.01837590181306544
"[""Lamc3"",""Itga7_Itgb1""]",2.0,-0.013552256520400163
"[""Lamc3"",""Itga9_Itgb1""]",2.0,-0.013078929238394571
"[""Lamc3"",""Itgav_Itgb8""]",2.0,-0.010833877421127368
"[""Lamc3"",""Sv2a""]",2.0,-0.010213441330800738
"[""Lamc3"",""Sv2b""]",2.0,-0.0169413961698804
"[""Lamc3"",""Sv2c""]",2.0,-0.01836838366696049
"[""Lck"",""Cd8a_Cd8b1""]",2.0,-0.011198706680035038
"[""Lgals9"",""Cd44""]",2.0,0.1274625906380913
"[""Lgals9"",""Havcr2""]",2.0,-0.0187668420583071
"[""Lgals9"",""Ighm""]",2.0,-0.0014239228903548118
"[""Lgals9"",""Ptprc""]",2.0,-0.011714217715287772
"[""Lhb"",""Lhcgr""]",2.0,0.0017410811314290953
"[""Lif"",""Lifr_Il6st""]",2.0,-0.011606510176375755
"[""Lrrc4"",""Ntng2""]",2.0,-0.007788736016919068
"[""Lrrc4b"",""Ptprf""]",2.0,-0.01434364695631879
"[""Lrrc4c"",""Ntng1""]",2.0,-0.007362683350132973
"[""Lta"",""Tnfrsf14""]",2.0,-0.06571670086818521
"[""Lta"",""Tnfrsf1a""]",2.0,-0.010264913061138026
"[""Lta"",""Tnfrsf1b""]",2.0,0.017766813948731586
"[""Lta_Ltb"",""Ltbr""]",2.0,-0.008952340560454713
"[""Madcam1"",""Itga4_Itgb7""]",2.0,-0.013539308823586046
"[""Mag"",""Mag""]",2.0,0.050634593948444606
"[""Mdk"",""Alk""]",2.0,-0.007807896827431708
"[""Mdk"",""Itga4_Itgb1""]",2.0,-0.00726225673731495
"[""Mdk"",""Itga6_Itgb1""]",2.0,-0.007924053729172032
"[""Mdk"",""Lrp1""]",2.0,-0.008146814798239733
"[""Mdk"",""Ncl""]",2.0,-0.007165206712630146
"[""Mdk"",""Ptprz1""]",2.0,-0.008841107888525303
"[""Mdk"",""Sdc1""]",2.0,-0.009104858172187598
"[""Mdk"",""Sdc2""]",2.0,-0.007958099955073565
"[""Mdk"",""Sdc4""]",2.0,-0.012182407720029022
"[""Mif"",""Ackr3""]",2.0,-0.011363567426004785
"[""Mif"",""Cd74_Cd44""]",2.0,-0.008808403932140996
"[""Mif"",""Cd74_Cxcr2""]",2.0,-0.01582205614699729
"[""Mif"",""Cd74_Cxcr4""]",2.0,-0.010419992187589405
"[""Mpz"",""Mpz""]",2.0,-0.0072572755509451164
"[""Mpz"",""Mpzl1""]",2.0,-0.011651193123164497
"[""Mpzl1"",""Mpzl1""]",2.0,-0.012526862827938023
"[""Mstn"",""Acvr1b_Acvr2a""]",2.0,-0.008047198589763507
"[""Mstn"",""Acvr1b_Acvr2b""]",2.0,-0.01072239219316444
"[""Mstn"",""Tgfbr1_Acvr2a""]",2.0,-0.0066031166783707546
"[""Mstn"",""Tgfbr1_Acvr2b""]",2.0,-0.006639670467856875
"[""Nampt"",""Insr""]",2.0,-0.010946534400658244
"[""Nampt"",""Itga5_Itgb1""]",2.0,-0.010406495010749674
"[""Ncam1"",""Fgfr1""]",2.0,-0.01323483698783294
"[""Ncam1"",""L1cam""]",2.0,0.030899007525872824
"[""Ncam1"",""Ncam1""]",2.0,-0.01221387723817731
"[""Ncam1"",""Ncam2""]",2.0,-0.005203249737965127
"[""Ncam2"",""L1cam""]",2.0,0.04742575173014141
"[""Nectin1"",""Cadm3""]",2.0,0.0011544926165683034
"[""Nectin1"",""Cd96""]",2.0,-0.015121320296242767
"[""Nectin1"",""Nectin3""]",2.0,-0.011456806880379547
"[""Nectin1"",""Nectin4""]",2.0,-0.025620991802435947
"[""Nectin2"",""Cd226""]",2.0,-0.01919226589965566
"[""Nectin2"",""Tigit""]",2.0,-0.01164093885959367
"[""Nectin3"",""Nectin1""]",2.0,-0.01151813777154815
"[""Nectin3"",""Nectin2""]",2.0,-0.010850052893278308
"[""Nectin3"",""Pvr""]",2.0,-0.009558776615878051
"[""Nectin3"",""Tigit""]",2.0,-0.008854510954809942
"[""Negr1"",""Negr1""]",2.0,-0.005740558335155153
"[""Nfasc"",""Cntn1_Cntnap1""]",2.0,0.017260592217623105
"[""Ngf"",""Ngfr""]",2.0,-0.010019729614322272
"[""Ngf"",""Ntrk1""]",2.0,-0.020920884850806336
"[""Nmb"",""Nmbr""]",2.0,-0.010588794016808553
"[""Nms"",""Nmur1""]",2.0,-0.03563547753239353
"[""Nms"",""Nmur2""]",2.0,0.03508857711204938
"[""Nmu"",""Nmur1""]",2.0,-0.015251538046122656
"[""Nmu"",""Nmur2""]",2.0,0.004569094484226377
"[""Nodal"",""Acvr1b_Acvr2a_Cfc1""]",2.0,-0.012053649516874348
"[""Nodal"",""Acvr1b_Acvr2b_Cfc1""]",2.0,-0.012053649516874348
"[""Nodal"",""Acvr1c_Acvr2a_Cfc1""]",2.0,-0.012053649516874348
"[""Nodal"",""Acvr1c_Acvr2b_Cfc1""]",2.0,-0.012053649516874348
"[""Npb"",""Npbwr1""]",2.0,-0.01158552589523032
"[""Npff"",""Npffr1""]",2.0,-0.008563166794284982
"[""Npff"",""Npffr2""]",2.0,-0.025049768929499623
"[""Npnt_Fras1_Frem1"",""Itga8_Itgb1""]",2.0,-0.011168345902135439
"[""Npnt_Fras1_Frem2"",""Itga8_Itgb1""]",2.0,-0.010042288869279936
"[""Nppa"",""Npr1""]",2.0,-0.0030221432229947595
"[""Nppb"",""Npr1""]",2.0,-0.004055182302524274
"[""Nppc"",""Npr2""]",2.0,-0.00545437536268481
"[""Nps"",""Npsr1""]",2.0,-0.0193608852437501
"[""Npvf"",""Npffr1""]",2.0,-0.0050127731011563315
"[""Npvf"",""Npffr2""]",2.0,-0.012030917616909172
"[""Npw"",""Npbwr1""]",2.0,-0.015506862825048928
"[""Npy"",""Gpr83""]",2.0,0.007753770312904473
"[""Npy"",""Npy1r""]",2.0,0.05268833754106583
"[""Npy"",""Npy2r""]",2.0,0.01832724020190024
"[""Npy"",""Npy5r""]",2.0,0.06474412485088987
"[""Nrg1"",""Erbb2_Erbb3""]",2.0,-0.010374717148689067
"[""Nrg1"",""Erbb2_Erbb4""]",2.0,-0.005065058189347826
"[""Nrg1"",""Erbb3""]",2.0,-0.009660196979136022
"[""Nrg1"",""Erbb4""]",2.0,-0.004935453216430935
"[""Nrg1"",""Itgav_Itgb3""]",2.0,-0.008588228022900976
"[""Nrg2"",""Erbb2_Erbb3""]",2.0,-0.012540393089907967
"[""Nrg2"",""Erbb2_Erbb4""]",2.0,-0.010804346879254315
"[""Nrg2"",""Erbb3""]",2.0,-0.011880046494230422
"[""Nrg2"",""Erbb4""]",2.0,-0.007690263557409857
"[""Nrg3"",""Erbb2_Erbb4""]",2.0,0.011791625888321056
"[""Nrg3"",""Erbb4""]",2.0,0.0014164128930164444
"[""Nrg4"",""Erbb2_Erbb4""]",2.0,-0.012491876368370139
"[""Nrg4"",""Erbb4""]",2.0,-0.008943195225359128
"[""Nrtn"",""Gfra2_Ret""]",2.0,-0.02020362770631573
"[""Nrxn1"",""Nlgn1""]",2.0,0.010567220957051926
"[""Nrxn1"",""Nlgn2""]",2.0,0.006727209836641379
"[""Nrxn1"",""Nlgn3""]",2.0,0.029959333835444912
"[""Nrxn2"",""Nlgn1""]",2.0,0.010500161250343087
"[""Nrxn2"",""Nlgn2""]",2.0,0.007126674021915302
"[""Nrxn2"",""Nlgn3""]",2.0,0.0317412154407723
"[""Nrxn3"",""Nlgn1""]",2.0,0.017758454816767577
"[""Nrxn3"",""Nlgn2""]",2.0,0.012857515651022722
"[""Nrxn3"",""Nlgn3""]",2.0,0.04053204513986075
"[""Ntf3"",""Ntrk1""]",2.0,-0.017037726255324924
"[""Ntf3"",""Ntrk2""]",2.0,-0.011440055228398464
"[""Ntf3"",""Ntrk3""]",2.0,-0.015148024693542587
"[""Ntf5"",""Ntrk2""]",2.0,-0.011287603483660855
"[""Nts"",""Ntsr1""]",2.0,-0.016265723846614358
"[""Ocln"",""Ocln""]",2.0,-0.032567633102147955
"[""Osm"",""Lifr_Il6st""]",2.0,-0.02203048223923664
"[""Osm"",""Osmr_Il6st""]",2.0,-0.010269833590151128
"[""Ostn"",""Npr3""]",2.0,-0.005817869047979901
"[""Oxt"",""Oxtr""]",2.0,-0.021044609442592677
"[""Pdcd1lg2"",""Pdcd1""]",2.0,-0.01388066978546372
"[""Pdgfa"",""Pdgfra""]",2.0,-0.008819952449174929
"[""Pdgfa"",""Pdgfrb""]",2.0,-0.010351015234249042
"[""Pdgfb"",""Pdgfra""]",2.0,-0.009999511857896319
"[""Pdgfb"",""Pdgfrb""]",2.0,-0.00923373880276239
"[""Pdgfc"",""Pdgfra""]",2.0,-0.007035869856690554
"[""Pdgfd"",""Pdgfrb""]",2.0,-0.009277551618085238
"[""Pdyn"",""Oprd1""]",2.0,-0.02336436997193117
"[""Pdyn"",""Oprk1""]",2.0,0.044898121513252676
"[""Pdyn"",""Oprl1""]",2.0,0.06081288555955944
"[""Pdyn"",""Oprm1""]",2.0,0.04692483155643856
"[""Pecam1"",""Pecam1""]",2.0,-0.008259853916781218
"[""Penk"",""Oprd1""]",2.0,-0.012176103345401944
"[""Penk"",""Oprk1""]",2.0,-0.010763515244091637
"[""Penk"",""Oprl1""]",2.0,-0.004007550339852284
"[""Penk"",""Oprm1""]",2.0,-0.011993583465471053
"[""Pgf"",""Flt1""]",2.0,-0.010318154393733237
"[""Plg"",""F2rl3""]",2.0,-0.10784524717976268
"[""Plg"",""Pard3""]",2.0,-0.03767276274927403
"[""Pmch"",""Mchr1""]",2.0,0.0014247884688244616
"[""Pmch"",""Mertk""]",2.0,-0.012325356972211127
"[""Pomc"",""Mc1r""]",2.0,-0.012145665069534378
"[""Pomc"",""Mc2r""]",2.0,-0.013802532594108075
"[""Pomc"",""Mc4r""]",2.0,-0.0036859721673595247
"[""Pomc"",""Oprd1""]",2.0,-0.01368045583147924
"[""Pomc"",""Oprk1""]",2.0,-0.008175038207227397
"[""Pomc"",""Oprl1""]",2.0,0.007474069607830591
"[""Pomc"",""Oprm1""]",2.0,-0.008026875101469544
"[""Postn"",""Itgav_Itgb3""]",2.0,-0.004045867756087729
"[""Postn"",""Itgav_Itgb5""]",2.0,-0.005804209662429297
"[""Ppbp"",""Cxcr2""]",2.0,-0.034704063979594246
"[""Ppy"",""Gpr83""]",2.0,-0.0014980827284745424
"[""Ppy"",""Npy1r""]",2.0,0.003344449461132326
"[""Ppy"",""Npy2r""]",2.0,-0.00029175348832524706
"[""Ppy"",""Npy5r""]",2.0,0.03176012945275508
"[""Prok1"",""Prokr1""]",2.0,-0.011090618459409604
"[""Prok1"",""Prokr2""]",2.0,-0.012908947610265016
"[""Prok2"",""Prokr1""]",2.0,-0.009056949875881959
"[""Prok2"",""Prokr2""]",2.0,-0.01044946662698052
"[""Pros1"",""Axl""]",2.0,-0.010274574438441486
"[""Pros1"",""Tyro3""]",2.0,-0.01174873941042786
"[""Psap"",""Gpr37""]",2.0,-0.007722780270906934
"[""Psap"",""Gpr37l1""]",2.0,0.0019026121134645135
"[""Pspn"",""Gfra4_Ret""]",2.0,-0.006402246599535755
"[""Pth2"",""Pth1r""]",2.0,-0.004874253278805057
"[""Pth2"",""Pth2r""]",2.0,-0.0016078743464414957
"[""Pthlh"",""Pth1r""]",2.0,-0.012102089655120614
"[""Ptn"",""Alk""]",2.0,-0.009072707450440698
"[""Ptn"",""Itgav_Itgb3""]",2.0,-0.01035976024279954
"[""Ptn"",""Ncl""]",2.0,-0.009668029635474855
"[""Ptn"",""Ptprz1""]",2.0,-0.002931314508783256
"[""Ptn"",""Sdc1""]",2.0,-0.011073561832041084
"[""Ptn"",""Sdc2""]",2.0,-0.009902064512289692
"[""Ptn"",""Sdc3""]",2.0,-0.006389743700131456
"[""Ptn"",""Sdc4""]",2.0,-0.010946239712074757
"[""Ptprc"",""Cd22""]",2.0,-0.014159677038804885
"[""Ptprc"",""Mrc1""]",2.0,-0.0009494293814943378
"[""Ptprm"",""Ptprm""]",2.0,-0.007312774905327342
"[""Pvr"",""Cd226""]",2.0,-0.018465412543477517
"[""Pvr"",""Tigit""]",2.0,-0.010635071331972872
"[""Pyy"",""Gpr83""]",2.0,0.005700409958446201
"[""Pyy"",""Npy1r""]",2.0,0.01976727746280854
"[""Pyy"",""Npy2r""]",2.0,0.007189130440127034
"[""Pyy"",""Npy5r""]",2.0,0.0601457446393977
"[""Qrfp"",""Qrfpr""]",2.0,-0.011837643529025874
"[""Rarres2"",""Cmklr1""]",2.0,-0.003530581947493061
"[""Rarres2"",""Gpr1""]",2.0,-0.0034142263563917002
"[""Reln"",""Itga3_Itgb1""]",2.0,-0.01829674770207393
"[""Retn"",""Cap1""]",2.0,-0.011715420797152112
"[""Retn"",""Tlr4""]",2.0,-0.013340982992498987
"[""Rln1"",""Rxfp1""]",2.0,-0.007033465667116712
"[""Rln1"",""Rxfp2""]",2.0,-0.012043193408040942
"[""Rln1"",""Rxfp3""]",2.0,-0.010926042948246853
"[""Rln3"",""Rxfp1""]",2.0,-0.008121360934450567
"[""Rln3"",""Rxfp2""]",2.0,-0.011881615662666267
"[""Rln3"",""Rxfp3""]",2.0,-0.01112135048893257
"[""Saa2"",""Fpr2""]",2.0,-0.02307340710352585
"[""Scgb3a2"",""Marco""]",2.0,-0.3518212612141204
"[""Sct"",""Sctr""]",2.0,-0.011461169838199808
"[""Sell"",""Cd34""]",2.0,0.0012074862994115865
"[""Sell"",""Madcam1""]",2.0,-0.007374921570710069
"[""Sell"",""Podxl""]",2.0,-0.03003673119727651
"[""Selplg"",""Sell""]",2.0,-0.025435495271837694
"[""Selplg"",""Selp""]",2.0,-0.02535100929819517
"[""Sema3a"",""Nrp1_Plxna1""]",2.0,-0.01022100131184751
"[""Sema3a"",""Nrp1_Plxna2""]",2.0,-0.009632899821387472
"[""Sema3a"",""Nrp1_Plxna3""]",2.0,-0.016092455235972143
"[""Sema3a"",""Nrp1_Plxna4""]",2.0,-0.01106600600999813
"[""Sema3b"",""Nrp1_Plxna1""]",2.0,-0.009471072854661575
"[""Sema3b"",""Nrp1_Plxna2""]",2.0,-0.009663238875354113
"[""Sema3b"",""Nrp1_Plxna3""]",2.0,-0.0052138803075955364
"[""Sema3b"",""Nrp1_Plxna4""]",2.0,-0.007174907169386235
"[""Sema3b"",""Nrp2_Plxna1""]",2.0,-0.0075272678534439585
"[""Sema3b"",""Nrp2_Plxna2""]",2.0,-0.009931257458916154
"[""Sema3b"",""Nrp2_Plxna3""]",2.0,-0.0018404644778369228
"[""Sema3b"",""Nrp2_Plxna4""]",2.0,-0.007249997214814882
"[""Sema3c"",""Nrp1_Nrp2_Plxnd1""]",2.0,-0.016417748080532285
"[""Sema3c"",""Nrp1_Plxna1""]",2.0,-0.01092957340445877
"[""Sema3c"",""Nrp1_Plxna2""]",2.0,-0.010609075459607702
"[""Sema3c"",""Nrp1_Plxna3""]",2.0,-0.014584742877789561
"[""Sema3c"",""Nrp1_Plxna4""]",2.0,-0.01074789715759715
"[""Sema3c"",""Nrp2_Plxna1""]",2.0,-0.010239583355289204
"[""Sema3c"",""Nrp2_Plxna2""]",2.0,-0.011033235127164198
"[""Sema3c"",""Nrp2_Plxna3""]",2.0,-0.012846146931509914
"[""Sema3c"",""Nrp2_Plxna4""]",2.0,-0.010814532418375392
"[""Sema3c"",""Plxnd1""]",2.0,-0.012451600617107816
"[""Sema3d"",""Nrp1_Plxna1""]",2.0,-0.012151865532236676
"[""Sema3d"",""Nrp1_Plxna2""]",2.0,-0.011421006562953147
"[""Sema3d"",""Nrp1_Plxna3""]",2.0,-0.019032310342279368
"[""Sema3d"",""Nrp1_Plxna4""]",2.0,-0.012852158384410832
"[""Sema3d"",""Nrp2_Plxna1""]",2.0,-0.011934762579609792
"[""Sema3d"",""Nrp2_Plxna2""]",2.0,-0.011983250345055964
"[""Sema3d"",""Nrp2_Plxna3""]",2.0,-0.017817677436522086
"[""Sema3d"",""Nrp2_Plxna4""]",2.0,-0.013168791344579142
"[""Sema3e"",""Plxnd1""]",2.0,-0.01608008900139657
"[""Sema3f"",""Nrp2_Plxna1""]",2.0,-0.012465617712219074
"[""Sema3f"",""Nrp2_Plxna2""]",2.0,-0.014012156825182663
"[""Sema3f"",""Nrp2_Plxna3""]",2.0,-0.015502346365193514
"[""Sema3f"",""Nrp2_Plxna4""]",2.0,-0.014439242979913204
"[""Sema3g"",""Nrp2_Plxna1""]",2.0,-0.009864705134484925
"[""Sema3g"",""Nrp2_Plxna2""]",2.0,-0.012107537246758185
"[""Sema3g"",""Nrp2_Plxna3""]",2.0,-0.007417755731030096
"[""Sema3g"",""Nrp2_Plxna4""]",2.0,-0.009554301192102072
"[""Sema4a"",""Nrp1_Plxna1""]",2.0,-0.018082321092014714
"[""Sema4a"",""Nrp1_Plxna2""]",2.0,-0.01910683730037871
"[""Sema4a"",""Nrp1_Plxna3""]",2.0,-0.00013532043475467104
"[""Sema4a"",""Nrp1_Plxna4""]",2.0,-0.011079710397763204
"[""Sema4a"",""Plxnb1""]",2.0,-0.012084480254001356
"[""Sema4a"",""Plxnb2""]",2.0,-0.012149230799709837
"[""Sema4a"",""Plxnb3""]",2.0,-0.012520994451423711
"[""Sema4a"",""Timd2""]",2.0,-0.17118884304327014
"[""Sema4c"",""Plxnb2""]",2.0,-0.011558501101446461
"[""Sema4d"",""Cd72""]",2.0,-0.016287059655412772
"[""Sema4d"",""Plxnb1""]",2.0,-0.016937281214213326
"[""Sema4d"",""Plxnb2""]",2.0,-0.013550046367191801
"[""Sema4d"",""Plxnb3""]",2.0,-0.013010484244125271
"[""Sema4g"",""Plxnb2""]",2.0,-0.01141480037839826
"[""Sema5a"",""Plxna1""]",2.0,-0.01044897076541642
"[""Sema5a"",""Plxna3""]",2.0,-0.014328622395802973
"[""Sema5a"",""Plxnb3""]",2.0,-0.009314421309128885
"[""Sema5b"",""Plxna1""]",2.0,-0.0112060784728987
"[""Sema5b"",""Plxna3""]",2.0,-0.011787044502228422
"[""Sema6a"",""Plxna2""]",2.0,-0.00903826998005152
"[""Sema6a"",""Plxna4""]",2.0,-0.010691586736808062
"[""Sema6b"",""Plxna2""]",2.0,-0.005087008258236214
"[""Sema6b"",""Plxna4""]",2.0,-0.0031011029604216256
"[""Sema6d"",""Plxna1""]",2.0,-0.009439993109483999
"[""Sema6d"",""Plxna1_Kdr""]",2.0,-0.006914750628026128
"[""Sema6d"",""Plxna1_Trem2_Tyrobp""]",2.0,0.013345424111627258
"[""Sema7a"",""Itgb1_Itga1""]",2.0,-0.006716628651716683
"[""Sema7a"",""Plxnc1""]",2.0,0.013493588003335055
"[""Shh"",""Ptch1_Smo""]",2.0,-0.012551344003288716
"[""Shh"",""Ptch2_Smo""]",2.0,-0.014579384371442416
"[""Siglec1"",""Spn""]",2.0,-0.06788543042893591
"[""Slurp1"",""Chrna1""]",2.0,-0.006794331767127862
"[""Slurp1"",""Chrna2""]",2.0,0.023632431369116302
"[""Slurp1"",""Chrna3""]",2.0,0.005191725357402477
"[""Slurp1"",""Chrna4""]",2.0,0.01936621619581469
"[""Slurp1"",""Chrna5""]",2.0,-0.0049328008017763825
"[""Slurp1"",""Chrna6""]",2.0,-0.03576574741130816
"[""Slurp1"",""Chrna7""]",2.0,-0.01815641307816787
"[""Slurp1"",""Chrna9""]",2.0,-0.01936412029062861
"[""Slurp1"",""Chrnb1""]",2.0,-0.010468665585507353
"[""Slurp1"",""Chrnb2""]",2.0,0.02003599594362615
"[""Slurp1"",""Chrnb3""]",2.0,-0.03692248410106597
"[""Slurp1"",""Chrnb4""]",2.0,-0.023582941545228706
"[""Slurp1"",""Chrnd""]",2.0,-0.009697205471537962
"[""Slurp1"",""Chrne""]",2.0,-0.008253157012225149
"[""Slurp1"",""Chrng""]",2.0,-0.010290652144389296
"[""Slurp2"",""Chrna1""]",2.0,-0.006145983291387963
"[""Slurp2"",""Chrna2""]",2.0,0.01788808286263177
"[""Slurp2"",""Chrna3""]",2.0,0.0034654431859654222
"[""Slurp2"",""Chrna4""]",2.0,0.011486638367287028
"[""Slurp2"",""Chrna5""]",2.0,-0.004480712353516519
"[""Slurp2"",""Chrna6""]",2.0,-0.013491626219511554
"[""Slurp2"",""Chrna7""]",2.0,-0.011884503679338576
"[""Slurp2"",""Chrna9""]",2.0,-0.012931312440159548
"[""Slurp2"",""Chrnb1""]",2.0,-0.008102233065791609
"[""Slurp2"",""Chrnb2""]",2.0,0.0137257734556131
"[""Slurp2"",""Chrnb3""]",2.0,-0.013242546704256508
"[""Slurp2"",""Chrnb4""]",2.0,-0.013522384949487348
"[""Slurp2"",""Chrnd""]",2.0,-0.006493704856950416
"[""Slurp2"",""Chrne""]",2.0,-0.007206281401687192
"[""Slurp2"",""Chrng""]",2.0,-0.0072699007193654935
"[""Spp1"",""Cd44""]",2.0,0.1202445017050976
"[""Spp1"",""Itga4_Itgb1""]",2.0,-0.017068819265075308
"[""Spp1"",""Itga5_Itgb1""]",2.0,-0.011116234363157645
"[""Spp1"",""Itga8_Itgb1""]",2.0,-0.012015572086475912
"[""Spp1"",""Itga9_Itgb1""]",2.0,-0.0138544261764868
"[""Spp1"",""Itgav_Itgb1""]",2.0,-0.011417347008708945
"[""Spp1"",""Itgav_Itgb3""]",2.0,-0.013787775960245496
"[""Spp1"",""Itgav_Itgb5""]",2.0,-0.011192600037401523
"[""Spp1"",""Itgav_Itgb6""]",2.0,-0.013892096614935054
"[""Sst"",""Sstr1""]",2.0,0.06485092912546297
"[""Sst"",""Sstr2""]",2.0,0.027446501366814036
"[""Sst"",""Sstr3""]",2.0,0.06372030238342663
"[""Sst"",""Sstr4""]",2.0,-0.004919759376573574
"[""Sst"",""Sstr5""]",2.0,0.030181937933844827
"[""Tac1"",""Tacr1""]",2.0,0.025279231180650008
"[""Tac1"",""Tacr2""]",2.0,-0.0035773826580675627
"[""Tac2"",""Tacr3""]",2.0,0.02023151059107614
"[""Tac4"",""Tacr1""]",2.0,-0.013677274437730896
"[""Tgfa"",""Egfr""]",2.0,-0.017274171434622898
"[""Tgfa"",""Egfr_Erbb2""]",2.0,-0.02716257517517015
"[""Tgfb1"",""Acvr1_Tgfbr1_Tgfbr2""]",2.0,-0.011933305244783858
"[""Tgfb1"",""Acvr1b_Tgfbr2""]",2.0,-0.013589391906026593
"[""Tgfb1"",""Acvr1c_Tgfbr2""]",2.0,-0.014896698529440325
"[""Tgfb1"",""Tgfbr1_Tgfbr2""]",2.0,-0.01106885031959657
"[""Tgfb2"",""Acvr1_Tgfbr1_Tgfbr2""]",2.0,-0.008075141394325636
"[""Tgfb2"",""Acvr1b_Tgfbr2""]",2.0,-0.010690374979257164
"[""Tgfb2"",""Acvr1c_Tgfbr2""]",2.0,-0.011867715196767922
"[""Tgfb2"",""Tgfbr1_Tgfbr2""]",2.0,-0.00809319760334247
"[""Tgfb3"",""Acvr1_Tgfbr1_Tgfbr2""]",2.0,-0.008925584219449681
"[""Tgfb3"",""Acvr1b_Tgfbr2""]",2.0,-0.010593461232596718
"[""Tgfb3"",""Acvr1c_Tgfbr2""]",2.0,-0.012459279119791195
"[""Tgfb3"",""Tgfbr1_Tgfbr2""]",2.0,-0.008482555795838155
"[""Thbs1"",""Cd36""]",2.0,-0.00894615044452507
"[""Thbs1"",""Cd47""]",2.0,-0.01603111263089725
"[""Thbs1"",""Itga3_Itgb1""]",2.0,-0.013556071715570786
"[""Thbs1"",""Itgav_Itgb3""]",2.0,-0.014850138933546211
"[""Thbs1"",""Sdc1""]",2.0,-0.012525580160282775
"[""Thbs1"",""Sdc4""]",2.0,-0.015717439890452947
"[""Thbs2"",""Cd36""]",2.0,-0.002910957922752283
"[""Thbs2"",""Cd47""]",2.0,-0.009327022280784192
"[""Thbs2"",""Itga3_Itgb1""]",2.0,-0.011206621097162223
"[""Thbs2"",""Itgav_Itgb3""]",2.0,-0.009570231840777918
"[""Thbs2"",""Sdc1""]",2.0,-0.01117921371526559
"[""Thbs2"",""Sdc4""]",2.0,-0.008468152099183557
"[""Thbs3"",""Cd36""]",2.0,-0.002926866847517001
"[""Thbs3"",""Cd47""]",2.0,-0.011467913475158992
"[""Thbs3"",""Itga3_Itgb1""]",2.0,-0.012425019300435589
"[""Thbs3"",""Itgav_Itgb3""]",2.0,-0.011773506770753034
"[""Thbs3"",""Sdc1""]",2.0,-0.012892039542336156
"[""Thbs3"",""Sdc4""]",2.0,-0.009594126721138546
"[""Thbs4"",""Cd36""]",2.0,-0.0010361658957611375
"[""Thbs4"",""Cd47""]",2.0,-0.004657514107973826
"[""Thbs4"",""Itga3_Itgb1""]",2.0,-0.006195730216896442
"[""Thbs4"",""Itgav_Itgb3""]",2.0,-0.004640607970276878
"[""Thbs4"",""Sdc1""]",2.0,-0.006543366917314095
"[""Thbs4"",""Sdc4""]",2.0,-0.0030762251810970143
"[""Thpo"",""Mpl""]",2.0,-0.02824311039868277
"[""Thy1"",""Itgam_Itgb2""]",2.0,-0.0065841477089153
"[""Thy1"",""Itgav_Itgb3""]",2.0,-0.008379863249421776
"[""Thy1"",""Itgax_Itgb2""]",2.0,-0.004683218599819128
"[""Tigit"",""Nectin2""]",2.0,-0.011614276578160037
"[""Tigit"",""Pvr""]",2.0,-0.010614335117938974
"[""Tnc"",""Itga2b_Itgb3""]",2.0,-0.00898571851744992
"[""Tnc"",""Itga8_Itgb1""]",2.0,-0.008760416947982838
"[""Tnc"",""Itga9_Itgb1""]",2.0,-0.009348118107505174
"[""Tnc"",""Itgav_Itgb3""]",2.0,-0.008972113079635857
"[""Tnc"",""Itgav_Itgb6""]",2.0,-0.00782689113871314
"[""Tnc"",""Sdc1""]",2.0,-0.010334385830107734
"[""Tnc"",""Sdc4""]",2.0,-0.009244006735337956
"[""Tnfsf10"",""Tnfrsf10b""]",2.0,-0.013756509955156329
"[""Tnfsf11"",""Tnfrsf11a""]",2.0,-0.011448557643049473
"[""Tnfsf11"",""Tnfrsf11b""]",2.0,-0.011703531342751414
"[""Tnfsf12"",""Tnfrsf12a""]",2.0,-0.004707009200860882
"[""Tnfsf13b"",""Tnfrsf13b""]",2.0,-0.011835617830886686
"[""Tnfsf13b"",""Tnfrsf13c""]",2.0,-0.013576565822470806
"[""Tnfsf13b"",""Tnfrsf17""]",2.0,-0.009828717006310335
"[""Tnfsf14"",""Ltbr""]",2.0,-0.016041695831491898
"[""Tnfsf14"",""Tnfrsf14""]",2.0,-0.04705224955303912
"[""Tnfsf15"",""Tnfrsf25""]",2.0,-0.01971140162450557
"[""Tnfsf18"",""Tnfrsf18""]",2.0,-0.009308005014692644
"[""Tnfsf4"",""Tnfrsf4""]",2.0,-0.018547683002959586
"[""Tnfsf8"",""Tnfrsf8""]",2.0,-0.03172437826462316
"[""Tnfsf9"",""Tnfrsf9""]",2.0,-0.012070681323216564
"[""Tnn"",""Itga2b_Itgb3""]",2.0,-0.01824778250854002
"[""Tnn"",""Itga8_Itgb1""]",2.0,-0.01388554289323251
"[""Tnn"",""Itga9_Itgb1""]",2.0,-0.014141836792626976
"[""Tnn"",""Itgav_Itgb3""]",2.0,-0.01821043960415343
"[""Tnn"",""Itgav_Itgb6""]",2.0,-0.013700066400293563
"[""Tnn"",""Sdc1""]",2.0,-0.015599073327485197
"[""Tnn"",""Sdc4""]",2.0,-0.019242513165316943
"[""Tnr"",""Itga2b_Itgb3""]",2.0,-0.016437512425955647
"[""Tnr"",""Itga8_Itgb1""]",2.0,-0.01887266068086338
"[""Tnr"",""Itga9_Itgb1""]",2.0,-0.021464374125677366
"[""Tnr"",""Itgav_Itgb3""]",2.0,-0.016447499649641484
"[""Tnr"",""Itgav_Itgb6""]",2.0,-0.0245588217754708
"[""Tnr"",""Sdc1""]",2.0,-0.02401092851700498
"[""Tnr"",""Sdc4""]",2.0,0.0006303338146256277
"[""Tnxb"",""Itga2b_Itgb3""]",2.0,-0.008196435625287282
"[""Tnxb"",""Itga8_Itgb1""]",2.0,-0.007255085415673337
"[""Tnxb"",""Itga9_Itgb1""]",2.0,-0.009035406422991568
"[""Tnxb"",""Itgav_Itgb3""]",2.0,-0.008177283841008146
"[""Tnxb"",""Itgav_Itgb6""]",2.0,-0.007873374718472558
"[""Tnxb"",""Sdc1""]",2.0,-0.008832974725652407
"[""Tnxb"",""Sdc4""]",2.0,-0.0020380767280046563
"[""Trh"",""Trhr""]",2.0,-0.004928051685342688
"[""Try10"",""F2r""]",2.0,-0.01284170928883241
"[""Try10"",""F2rl1""]",2.0,-0.014474689815986735
"[""Try10"",""F2rl2""]",2.0,-0.025460521390220314
"[""Try10"",""F2rl3""]",2.0,-0.017981345608035798
"[""Try10"",""Pard3""]",2.0,-0.013011383312654543
"[""Try5"",""F2r""]",2.0,-0.00857409716132218
"[""Try5"",""F2rl1""]",2.0,-0.0055334970784104015
"[""Try5"",""F2rl2""]",2.0,-0.017525433246747192
"[""Try5"",""F2rl3""]",2.0,-0.01059255181607828
"[""Try5"",""Pard3""]",2.0,-0.00859023731002614
"[""Tshb"",""Tshr""]",2.0,-0.01720564545725514
"[""Tslp"",""Il7r_Crlf2""]",2.0,-0.004706511866015811
"[""Ucn"",""Crhr1""]",2.0,0.01243468823312932
"[""Ucn"",""Crhr2""]",2.0,-0.0029715256998563006
"[""Ucn2"",""Crhr1""]",2.0,0.023153564930515624
"[""Ucn2"",""Crhr2""]",2.0,-0.0016748103482484566
"[""Uts2b"",""Sstr5""]",2.0,-0.0010156218659488347
"[""Uts2b"",""Uts2r""]",2.0,-0.012384873428393076
"[""Vegfa"",""Flt1""]",2.0,-0.0102953033812802
"[""Vegfa"",""Flt1_Kdr""]",2.0,-0.0102953033812802
"[""Vegfa"",""Kdr""]",2.0,-0.009610111765026907
"[""Vegfb"",""Flt1""]",2.0,-0.008888450853758403
"[""Vegfc"",""Flt4""]",2.0,-0.010132291057605637
"[""Vegfc"",""Flt4_Kdr""]",2.0,-0.010132291057605637
"[""Vegfc"",""Kdr""]",2.0,-0.01002202813670857
"[""Vegfd"",""Flt4""]",2.0,-0.012601855731386474
"[""Vegfd"",""Flt4_Kdr""]",2.0,-0.012601855731386474
"[""Vegfd"",""Kdr""]",2.0,-0.009452832282938306
"[""Vsir"",""Igsf11""]",2.0,-0.004843186448774239
"[""Vtn"",""Itga2b_Itgb3""]",2.0,-0.04515157335999019
"[""Vtn"",""Itga8_Itgb1""]",2.0,-0.027488971782754557
"[""Vtn"",""Itgav_Itgb1""]",2.0,-0.029173918160175782
"[""Vtn"",""Itgav_Itgb3""]",2.0,-0.045130780321047156
"[""Vtn"",""Itgav_Itgb5""]",2.0,-0.028942317758210143
"[""Vtn"",""Itgav_Itgb8""]",2.0,-0.016677867961558207
"[""Vwf"",""Gp1ba_Gp1bb_Gp5_Gp9""]",2.0,-0.014774521296817777
"[""Vwf"",""Itga2b_Itgb3""]",2.0,-0.012432960851030156
"[""Vwf"",""Itgav_Itgb3""]",2.0,-0.012420845450525977
"[""Wnt1"",""Fzd10_Lrp5""]",2.0,-0.013138753547149783
"[""Wnt1"",""Fzd10_Lrp6""]",2.0,-0.012490210567001215
"[""Wnt1"",""Fzd1_Lrp5""]",2.0,-0.012676127787083304
"[""Wnt1"",""Fzd1_Lrp6""]",2.0,-0.012911003815385
"[""Wnt1"",""Fzd2_Lrp5""]",2.0,-0.01264841418564124
"[""Wnt1"",""Fzd2_Lrp6""]",2.0,-0.01234527431417121
"[""Wnt1"",""Fzd3_Lrp5""]",2.0,-0.01264841418564124
"[""Wnt1"",""Fzd3_Lrp6""]",2.0,-0.01594200559265859
"[""Wnt1"",""Fzd4_Lrp5""]",2.0,-0.013351445063202065
"[""Wnt1"",""Fzd4_Lrp6""]",2.0,-0.01264079202922478
"[""Wnt1"",""Fzd5_Lrp5""]",2.0,-0.01939190186085892
"[""Wnt1"",""Fzd5_Lrp6""]",2.0,-0.01939190186085892
"[""Wnt1"",""Fzd6_Lrp5""]",2.0,-0.01833545366812084
"[""Wnt1"",""Fzd6_Lrp6""]",2.0,-0.014795707990101402
"[""Wnt1"",""Fzd7_Lrp5""]",2.0,-0.012699402519020055
"[""Wnt1"",""Fzd7_Lrp6""]",2.0,-0.01289860310439988
"[""Wnt1"",""Fzd8_Lrp5""]",2.0,-0.014303378203600624
"[""Wnt1"",""Fzd8_Lrp6""]",2.0,-0.012723772389778273
"[""Wnt1"",""Fzd9_Lrp5""]",2.0,-0.01946004849412985
"[""Wnt1"",""Fzd9_Lrp6""]",2.0,-0.014462207552807124
"[""Wnt10a"",""Fzd10_Lrp5""]",2.0,-0.01852610381788656
"[""Wnt10a"",""Fzd10_Lrp6""]",2.0,-0.017116544342238305
"[""Wnt10a"",""Fzd1_Lrp5""]",2.0,-0.01740223064959379
"[""Wnt10a"",""Fzd1_Lrp6""]",2.0,-0.014690341584833608
"[""Wnt10a"",""Fzd2_Lrp5""]",2.0,-0.01739636388068768
"[""Wnt10a"",""Fzd2_Lrp6""]",2.0,-0.016258235159465458
"[""Wnt10a"",""Fzd3_Lrp5""]",2.0,-0.01739636388068768
"[""Wnt10a"",""Fzd3_Lrp6""]",2.0,-0.021949961455795586
"[""Wnt10a"",""Fzd4_Lrp5""]",2.0,-0.015509843142658866
"[""Wnt10a"",""Fzd4_Lrp6""]",2.0,-0.013549951277611216
"[""Wnt10a"",""Fzd5_Lrp5""]",2.0,-0.0219741027554807
"[""Wnt10a"",""Fzd5_Lrp6""]",2.0,-0.0219741027554807
"[""Wnt10a"",""Fzd6_Lrp5""]",2.0,-0.022594129152272054
"[""Wnt10a"",""Fzd6_Lrp6""]",2.0,-0.016604630688550365
"[""Wnt10a"",""Fzd7_Lrp5""]",2.0,-0.01740714099967549
"[""Wnt10a"",""Fzd7_Lrp6""]",2.0,-0.017077564774655947
"[""Wnt10a"",""Fzd8_Lrp5""]",2.0,-0.018612863790564788
"[""Wnt10a"",""Fzd8_Lrp6""]",2.0,-0.014610808200069395
"[""Wnt10a"",""Fzd9_Lrp5""]",2.0,-0.02193272660125982
"[""Wnt10a"",""Fzd9_Lrp6""]",2.0,-0.012446361731814154
"[""Wnt10b"",""Fzd10_Lrp5""]",2.0,-0.025219002772712454
"[""Wnt10b"",""Fzd10_Lrp6""]",2.0,-0.0233756623631496
"[""Wnt10b"",""Fzd1_Lrp5""]",2.0,-0.023527552141969534
"[""Wnt10b"",""Fzd1_Lrp6""]",2.0,-0.018685960110232117
"[""Wnt10b"",""Fzd2_Lrp5""]",2.0,-0.02351294347916514
"[""Wnt10b"",""Fzd2_Lrp6""]",2.0,-0.021200372597540006
"[""Wnt10b"",""Fzd3_Lrp5""]",2.0,-0.02351294347916514
"[""Wnt10b"",""Fzd3_Lrp6""]",2.0,-0.030015395777794524
"[""Wnt10b"",""Fzd4_Lrp5""]",2.0,-0.02127339471222739
"[""Wnt10b"",""Fzd4_Lrp6""]",2.0,-0.01782410165723855
"[""Wnt10b"",""Fzd5_Lrp5""]",2.0,-0.03653210401725521
"[""Wnt10b"",""Fzd5_Lrp6""]",2.0,-0.03653210401725521
"[""Wnt10b"",""Fzd6_Lrp5""]",2.0,-0.03269383352811302
"[""Wnt10b"",""Fzd6_Lrp6""]",2.0,-0.025406984725276263
"[""Wnt10b"",""Fzd7_Lrp5""]",2.0,-0.023539785635009258
"[""Wnt10b"",""Fzd7_Lrp6""]",2.0,-0.023020523871192633
"[""Wnt10b"",""Fzd8_Lrp5""]",2.0,-0.025736487585860578
"[""Wnt10b"",""Fzd8_Lrp6""]",2.0,-0.018907618678810245
"[""Wnt10b"",""Fzd9_Lrp5""]",2.0,-0.030703208150376887
"[""Wnt10b"",""Fzd9_Lrp6""]",2.0,-0.014463083007780736
"[""Wnt11"",""Fzd1""]",2.0,-0.009333120860361553
"[""Wnt11"",""Fzd10""]",2.0,-0.010895338768693544
"[""Wnt11"",""Fzd2""]",2.0,-0.009532823728411334
"[""Wnt11"",""Fzd3""]",2.0,-0.010357333285619413
"[""Wnt11"",""Fzd4""]",2.0,-0.008171182737226307
"[""Wnt11"",""Fzd5""]",2.0,-0.011596431544158611
"[""Wnt11"",""Fzd6""]",2.0,-0.010797565889583971
"[""Wnt11"",""Fzd7""]",2.0,-0.009236531866524043
"[""Wnt11"",""Fzd8""]",2.0,-0.008459219007960067
"[""Wnt11"",""Fzd9""]",2.0,-0.009638733801724517
"[""Wnt16"",""Fzd10_Lrp5""]",2.0,-0.010739251402737602
"[""Wnt16"",""Fzd10_Lrp6""]",2.0,-0.010754374531789318
"[""Wnt16"",""Fzd1_Lrp5""]",2.0,-0.008062976975730132
"[""Wnt16"",""Fzd1_Lrp6""]",2.0,-0.009697031648669235
"[""Wnt16"",""Fzd2_Lrp5""]",2.0,-0.008060914726235314
"[""Wnt16"",""Fzd2_Lrp6""]",2.0,-0.008043104776603369
"[""Wnt16"",""Fzd3_Lrp5""]",2.0,-0.008060914726235314
"[""Wnt16"",""Fzd3_Lrp6""]",2.0,-0.0123137578667443
"[""Wnt16"",""Fzd4_Lrp5""]",2.0,-0.008736271945252734
"[""Wnt16"",""Fzd4_Lrp6""]",2.0,-0.008414457651573858
"[""Wnt16"",""Fzd5_Lrp5""]",2.0,-0.012269952837619579
"[""Wnt16"",""Fzd5_Lrp6""]",2.0,-0.012269952837619579
"[""Wnt16"",""Fzd6_Lrp5""]",2.0,-0.013926647945705268
"[""Wnt16"",""Fzd6_Lrp6""]",2.0,-0.013283253525439485
"[""Wnt16"",""Fzd7_Lrp5""]",2.0,-0.008064702772912349
"[""Wnt16"",""Fzd7_Lrp6""]",2.0,-0.008706389704968537
"[""Wnt16"",""Fzd8_Lrp5""]",2.0,-0.008907866927514
"[""Wnt16"",""Fzd8_Lrp6""]",2.0,-0.008304832488283492
"[""Wnt16"",""Fzd9_Lrp5""]",2.0,-0.012234705723436472
"[""Wnt16"",""Fzd9_Lrp6""]",2.0,-0.010910145869286
"[""Wnt2"",""Fzd10_Lrp5""]",2.0,-0.013610988517032845
"[""Wnt2"",""Fzd10_Lrp6""]",2.0,-0.01293486017048863
"[""Wnt2"",""Fzd1_Lrp5""]",2.0,-0.011752480992743675
"[""Wnt2"",""Fzd1_Lrp6""]",2.0,-0.011238389594339641
"[""Wnt2"",""Fzd2_Lrp5""]",2.0,-0.011741530660795332
"[""Wnt2"",""Fzd2_Lrp6""]",2.0,-0.010712780057599541
"[""Wnt2"",""Fzd3_Lrp5""]",2.0,-0.011741530660795332
"[""Wnt2"",""Fzd3_Lrp6""]",2.0,-0.015965021966495907
"[""Wnt2"",""Fzd4_Lrp5""]",2.0,-0.011227320482422573
"[""Wnt2"",""Fzd4_Lrp6""]",2.0,-0.009816641921613627
"[""Wnt2"",""Fzd5_Lrp5""]",2.0,-0.017192349418051464
"[""Wnt2"",""Fzd5_Lrp6""]",2.0,-0.017192349418051464
"[""Wnt2"",""Fzd6_Lrp5""]",2.0,-0.01629169212957462
"[""Wnt2"",""Fzd6_Lrp6""]",2.0,-0.012129766455983002
"[""Wnt2"",""Fzd7_Lrp5""]",2.0,-0.011761656193150932
"[""Wnt2"",""Fzd7_Lrp6""]",2.0,-0.01156618907181349
"[""Wnt2"",""Fzd8_Lrp5""]",2.0,-0.012450104139117478
"[""Wnt2"",""Fzd8_Lrp6""]",2.0,-0.010089682656055872
"[""Wnt2"",""Fzd9_Lrp5""]",2.0,-0.01606046878407494
"[""Wnt2"",""Fzd9_Lrp6""]",2.0,-0.010537667594303829
"[""Wnt2b"",""Fzd10_Lrp5""]",2.0,-0.012101060233107173
"[""Wnt2b"",""Fzd10_Lrp6""]",2.0,-0.01138869415511137
"[""Wnt2b"",""Fzd1_Lrp5""]",2.0,-0.00983439132839867
"[""Wnt2b"",""Fzd1_Lrp6""]",2.0,-0.009998574838944056
"[""Wnt2b"",""Fzd2_Lrp5""]",2.0,-0.009829515755750282
"[""Wnt2b"",""Fzd2_Lrp6""]",2.0,-0.009249261965318407
"[""Wnt2b"",""Fzd3_Lrp5""]",2.0,-0.009829515755750282
"[""Wnt2b"",""Fzd3_Lrp6""]",2.0,-0.013835188365674517
"[""Wnt2b"",""Fzd4_Lrp5""]",2.0,-0.009561369518612944
"[""Wnt2b"",""Fzd4_Lrp6""]",2.0,-0.008896413346742738
"[""Wnt2b"",""Fzd5_Lrp5""]",2.0,-0.014155822445587558
"[""Wnt2b"",""Fzd5_Lrp6""]",2.0,-0.014155822445587558
"[""Wnt2b"",""Fzd6_Lrp5""]",2.0,-0.015307674965329011
"[""Wnt2b"",""Fzd6_Lrp6""]",2.0,-0.012166938712890457
"[""Wnt2b"",""Fzd7_Lrp5""]",2.0,-0.00983847326005535
"[""Wnt2b"",""Fzd7_Lrp6""]",2.0,-0.010048457192820243
"[""Wnt2b"",""Fzd8_Lrp5""]",2.0,-0.010289168923074618
"[""Wnt2b"",""Fzd8_Lrp6""]",2.0,-0.009002816398933404
"[""Wnt2b"",""Fzd9_Lrp5""]",2.0,-0.013622169928955971
"[""Wnt2b"",""Fzd9_Lrp6""]",2.0,-0.009918890140471134
"[""Wnt3"",""Fzd10_Lrp5""]",2.0,-0.01575861874283023
"[""Wnt3"",""Fzd10_Lrp6""]",2.0,-0.014172355072392059
"[""Wnt3"",""Fzd1_Lrp5""]",2.0,-0.015158856561082883
"[""Wnt3"",""Fzd1_Lrp6""]",2.0,-0.013428147744259211
"[""Wnt3"",""Fzd2_Lrp5""]",2.0,-0.015151053275414099
"[""Wnt3"",""Fzd2_Lrp6""]",2.0,-0.014358956586488204
"[""Wnt3"",""Fzd3_Lrp5""]",2.0,-0.015151053275414099
"[""Wnt3"",""Fzd3_Lrp6""]",2.0,-0.018786293679833782
"[""Wnt3"",""Fzd4_Lrp5""]",2.0,-0.014382874178595212
"[""Wnt3"",""Fzd4_Lrp6""]",2.0,-0.013278146112940883
"[""Wnt3"",""Fzd5_Lrp5""]",2.0,-0.019732563551215644
"[""Wnt3"",""Fzd5_Lrp6""]",2.0,-0.019732563551215644
"[""Wnt3"",""Fzd6_Lrp5""]",2.0,-0.022255480283591512
"[""Wnt3"",""Fzd6_Lrp6""]",2.0,-0.015509350627929706
"[""Wnt3"",""Fzd7_Lrp5""]",2.0,-0.01516538986364152
"[""Wnt3"",""Fzd7_Lrp6""]",2.0,-0.0152135093984518
"[""Wnt3"",""Fzd8_Lrp5""]",2.0,-0.0162091765168837
"[""Wnt3"",""Fzd8_Lrp6""]",2.0,-0.01368739093591205
"[""Wnt3"",""Fzd9_Lrp5""]",2.0,-0.01977543775477804
"[""Wnt3"",""Fzd9_Lrp6""]",2.0,-0.011980004121806276
"[""Wnt3a"",""Fzd10_Lrp5""]",2.0,-0.014095898238640134
"[""Wnt3a"",""Fzd10_Lrp6""]",2.0,-0.013351471768895461
"[""Wnt3a"",""Fzd1_Lrp5""]",2.0,-0.013639995709293386
"[""Wnt3a"",""Fzd1_Lrp6""]",2.0,-0.013585092736184731
"[""Wnt3a"",""Fzd2_Lrp5""]",2.0,-0.013617955395293698
"[""Wnt3a"",""Fzd2_Lrp6""]",2.0,-0.013259854059858106
"[""Wnt3a"",""Fzd3_Lrp5""]",2.0,-0.013617955395293698
"[""Wnt3a"",""Fzd3_Lrp6""]",2.0,-0.017102505308825865
"[""Wnt3a"",""Fzd4_Lrp5""]",2.0,-0.014050195163661051
"[""Wnt3a"",""Fzd4_Lrp6""]",2.0,-0.013238768760033555
"[""Wnt3a"",""Fzd5_Lrp5""]",2.0,-0.020237288158591913
"[""Wnt3a"",""Fzd5_Lrp6""]",2.0,-0.020237288158591913
"[""Wnt3a"",""Fzd6_Lrp5""]",2.0,-0.01951238574308737
"[""Wnt3a"",""Fzd6_Lrp6""]",2.0,-0.01592281748635583
"[""Wnt3a"",""Fzd7_Lrp5""]",2.0,-0.013658486392371553
"[""Wnt3a"",""Fzd7_Lrp6""]",2.0,-0.013891594618163201
"[""Wnt3a"",""Fzd8_Lrp5""]",2.0,-0.015197815562745215
"[""Wnt3a"",""Fzd8_Lrp6""]",2.0,-0.013343302924253397
"[""Wnt3a"",""Fzd9_Lrp5""]",2.0,-0.019767196142424434
"[""Wnt3a"",""Fzd9_Lrp6""]",2.0,-0.014552928874558904
"[""Wnt4"",""Fzd10_Lrp5""]",2.0,-0.018201937781212943
"[""Wnt4"",""Fzd10_Lrp6""]",2.0,-0.01644947405763463
"[""Wnt4"",""Fzd1_Lrp5""]",2.0,-0.017136052141804085
"[""Wnt4"",""Fzd1_Lrp6""]",2.0,-0.013852985882865224
"[""Wnt4"",""Fzd2_Lrp5""]",2.0,-0.017123868294559048
"[""Wnt4"",""Fzd2_Lrp6""]",2.0,-0.015283781458917858
"[""Wnt4"",""Fzd3_Lrp5""]",2.0,-0.017123868294559048
"[""Wnt4"",""Fzd3_Lrp6""]",2.0,-0.021058313477078594
"[""Wnt4"",""Fzd4_Lrp5""]",2.0,-0.015082546190870995
"[""Wnt4"",""Fzd4_Lrp6""]",2.0,-0.013216698868453475
"[""Wnt4"",""Fzd5_Lrp5""]",2.0,-0.024494069997343354
"[""Wnt4"",""Fzd5_Lrp6""]",2.0,-0.024494069997343354
"[""Wnt4"",""Fzd6_Lrp5""]",2.0,-0.02255052199168952
"[""Wnt4"",""Fzd6_Lrp6""]",2.0,-0.016002526259750426
"[""Wnt4"",""Fzd7_Lrp5""]",2.0,-0.01714625675152952
"[""Wnt4"",""Fzd7_Lrp6""]",2.0,-0.016517659219780767
"[""Wnt4"",""Fzd8_Lrp5""]",2.0,-0.018303508704190057
"[""Wnt4"",""Fzd8_Lrp6""]",2.0,-0.014197999805227124
"[""Wnt4"",""Fzd9_Lrp5""]",2.0,-0.02288954796186969
"[""Wnt4"",""Fzd9_Lrp6""]",2.0,-0.011705800308260572
"[""Wnt5a"",""Fzd1""]",2.0,-0.010695733517667429
"[""Wnt5a"",""Fzd10""]",2.0,-0.012328808217358295
"[""Wnt5a"",""Fzd2""]",2.0,-0.011256265407703393
"[""Wnt5a"",""Fzd3""]",2.0,-0.011794252075376814
"[""Wnt5a"",""Fzd4""]",2.0,-0.009549628596990184
"[""Wnt5a"",""Fzd5""]",2.0,-0.013413121211817446
"[""Wnt5a"",""Fzd6""]",2.0,-0.012827623071282997
"[""Wnt5a"",""Fzd7""]",2.0,-0.010910178934493985
"[""Wnt5a"",""Fzd8""]",2.0,-0.00991525692538836
"[""Wnt5a"",""Fzd9""]",2.0,-0.011155637465990909
"[""Wnt5a"",""Mcam""]",2.0,-0.010098518578762178
"[""Wnt5b"",""Fzd1""]",2.0,-0.010030430561981121
"[""Wnt5b"",""Fzd10""]",2.0,-0.011268159821691208
"[""Wnt5b"",""Fzd2""]",2.0,-0.010202379929881027
"[""Wnt5b"",""Fzd3""]",2.0,-0.011384338761017278
"[""Wnt5b"",""Fzd4""]",2.0,-0.008948003522642363
"[""Wnt5b"",""Fzd5""]",2.0,-0.013630077259928538
"[""Wnt5b"",""Fzd6""]",2.0,-0.013095013812306204
"[""Wnt5b"",""Fzd7""]",2.0,-0.00956417557817018
"[""Wnt5b"",""Fzd8""]",2.0,-0.008893151473396112
"[""Wnt5b"",""Fzd9""]",2.0,-0.010787138940581135
"[""Wnt6"",""Fzd10_Lrp5""]",2.0,-0.018221785572675283
"[""Wnt6"",""Fzd10_Lrp6""]",2.0,-0.01679700495079166
"[""Wnt6"",""Fzd1_Lrp5""]",2.0,-0.017637165758631026
"[""Wnt6"",""Fzd1_Lrp6""]",2.0,-0.014725101992941178
"[""Wnt6"",""Fzd2_Lrp5""]",2.0,-0.01762617468492533
"[""Wnt6"",""Fzd2_Lrp6""]",2.0,-0.0160387577465725
"[""Wnt6"",""Fzd3_Lrp5""]",2.0,-0.01762617468492533
"[""Wnt6"",""Fzd3_Lrp6""]",2.0,-0.02156927535867348
"[""Wnt6"",""Fzd4_Lrp5""]",2.0,-0.016102282103838392
"[""Wnt6"",""Fzd4_Lrp6""]",2.0,-0.014193257645667652
"[""Wnt6"",""Fzd5_Lrp5""]",2.0,-0.025660668632518997
"[""Wnt6"",""Fzd5_Lrp6""]",2.0,-0.025660668632518997
"[""Wnt6"",""Fzd6_Lrp5""]",2.0,-0.022887911994481917
"[""Wnt6"",""Fzd6_Lrp6""]",2.0,-0.01751657751673512
"[""Wnt6"",""Fzd7_Lrp5""]",2.0,-0.017646369871566175
"[""Wnt6"",""Fzd7_Lrp6""]",2.0,-0.017249192398638778
"[""Wnt6"",""Fzd8_Lrp5""]",2.0,-0.019404881124307674
"[""Wnt6"",""Fzd8_Lrp6""]",2.0,-0.015229454191430486
"[""Wnt6"",""Fzd9_Lrp5""]",2.0,-0.024142462282685392
"[""Wnt6"",""Fzd9_Lrp6""]",2.0,-0.013287469375158484
"[""Wnt7a"",""Fzd10_Lrp5""]",2.0,-0.017977950844372162
"[""Wnt7a"",""Fzd10_Lrp6""]",2.0,-0.014039262719231796
"[""Wnt7a"",""Fzd1_Lrp5""]",2.0,-0.01965757007606094
"[""Wnt7a"",""Fzd1_Lrp6""]",2.0,-0.012828483186341472
"[""Wnt7a"",""Fzd2_Lrp5""]",2.0,-0.019634546480659237
"[""Wnt7a"",""Fzd2_Lrp6""]",2.0,-0.017720317197332164
"[""Wnt7a"",""Fzd3_Lrp5""]",2.0,-0.019634546480659237
"[""Wnt7a"",""Fzd3_Lrp6""]",2.0,-0.021935184559455798
"[""Wnt7a"",""Fzd4_Lrp5""]",2.0,-0.015915302469485706
"[""Wnt7a"",""Fzd4_Lrp6""]",2.0,-0.013386221966514622
"[""Wnt7a"",""Fzd5_Lrp5""]",2.0,-0.020236392510606743
"[""Wnt7a"",""Fzd5_Lrp6""]",2.0,-0.020236392510606743
"[""Wnt7a"",""Fzd6_Lrp5""]",2.0,-0.024470961029823268
"[""Wnt7a"",""Fzd6_Lrp6""]",2.0,-0.006706788266449798
"[""Wnt7a"",""Fzd7_Lrp5""]",2.0,-0.019676869875441268
"[""Wnt7a"",""Fzd7_Lrp6""]",2.0,-0.01816428246888903
"[""Wnt7a"",""Fzd8_Lrp5""]",2.0,-0.01954749975127358
"[""Wnt7a"",""Fzd8_Lrp6""]",2.0,-0.015020415314275268
"[""Wnt7a"",""Fzd9_Lrp5""]",2.0,-0.021774130595289598
"[""Wnt7a"",""Fzd9_Lrp6""]",2.0,-0.006747862021118295
"[""Wnt7b"",""Fzd10_Lrp5""]",2.0,-0.01685544818060055
"[""Wnt7b"",""Fzd10_Lrp6""]",2.0,-0.013874173642105941
"[""Wnt7b"",""Fzd1_Lrp5""]",2.0,-0.01794635738023405
"[""Wnt7b"",""Fzd1_Lrp6""]",2.0,-0.013346980969953223
"[""Wnt7b"",""Fzd2_Lrp5""]",2.0,-0.017928748637024677
"[""Wnt7b"",""Fzd2_Lrp6""]",2.0,-0.01679674480878443
"[""Wnt7b"",""Fzd3_Lrp5""]",2.0,-0.017928748637024677
"[""Wnt7b"",""Fzd3_Lrp6""]",2.0,-0.020528516442287426
"[""Wnt7b"",""Fzd4_Lrp5""]",2.0,-0.015405059402919585
"[""Wnt7b"",""Fzd4_Lrp6""]",2.0,-0.013291120405998558
"[""Wnt7b"",""Fzd5_Lrp5""]",2.0,-0.019638225143648047
"[""Wnt7b"",""Fzd5_Lrp6""]",2.0,-0.019638225143648047
"[""Wnt7b"",""Fzd6_Lrp5""]",2.0,-0.02367163292884905
"[""Wnt7b"",""Fzd6_Lrp6""]",2.0,-0.009751231527431264
"[""Wnt7b"",""Fzd7_Lrp5""]",2.0,-0.017961112955184974
"[""Wnt7b"",""Fzd7_Lrp6""]",2.0,-0.01699196306993911
"[""Wnt7b"",""Fzd8_Lrp5""]",2.0,-0.018064895851503324
"[""Wnt7b"",""Fzd8_Lrp6""]",2.0,-0.014439390467096108
"[""Wnt7b"",""Fzd9_Lrp5""]",2.0,-0.02067204830665026
"[""Wnt7b"",""Fzd9_Lrp6""]",2.0,-0.009415198759293475
"[""Wnt8a"",""Fzd10_Lrp5""]",2.0,-0.011519058502595169
"[""Wnt8a"",""Fzd10_Lrp6""]",2.0,-0.011508304768559673
"[""Wnt8a"",""Fzd1_Lrp5""]",2.0,-0.009517207582239862
"[""Wnt8a"",""Fzd1_Lrp6""]",2.0,-0.011166348421509154
"[""Wnt8a"",""Fzd2_Lrp5""]",2.0,-0.009504418486568461
"[""Wnt8a"",""Fzd2_Lrp6""]",2.0,-0.009548644458076535
"[""Wnt8a"",""Fzd3_Lrp5""]",2.0,-0.009504418486568461
"[""Wnt8a"",""Fzd3_Lrp6""]",2.0,-0.01320254958482616
"[""Wnt8a"",""Fzd4_Lrp5""]",2.0,-0.010341757657388335
"[""Wnt8a"",""Fzd4_Lrp6""]",2.0,-0.00990320478296489
"[""Wnt8a"",""Fzd5_Lrp5""]",2.0,-0.015690269920472157
"[""Wnt8a"",""Fzd5_Lrp6""]",2.0,-0.015690269920472157
"[""Wnt8a"",""Fzd6_Lrp5""]",2.0,-0.0161424233400652
"[""Wnt8a"",""Fzd6_Lrp6""]",2.0,-0.014517673278096988
"[""Wnt8a"",""Fzd7_Lrp5""]",2.0,-0.009527931597593495
"[""Wnt8a"",""Fzd7_Lrp6""]",2.0,-0.0101581076031802
"[""Wnt8a"",""Fzd8_Lrp5""]",2.0,-0.010353022692504005
"[""Wnt8a"",""Fzd8_Lrp6""]",2.0,-0.009632355064149771
"[""Wnt8a"",""Fzd9_Lrp5""]",2.0,-0.014660253199808806
"[""Wnt8a"",""Fzd9_Lrp6""]",2.0,-0.012621053753238166
"[""Wnt8b"",""Fzd10_Lrp5""]",2.0,-0.011418741901230557
"[""Wnt8b"",""Fzd10_Lrp6""]",2.0,-0.01079528714567958
"[""Wnt8b"",""Fzd1_Lrp5""]",2.0,-0.009987981472383958
"[""Wnt8b"",""Fzd1_Lrp6""]",2.0,-0.0109025534141724
"[""Wnt8b"",""Fzd2_Lrp5""]",2.0,-0.00997886286402369
"[""Wnt8b"",""Fzd2_Lrp6""]",2.0,-0.009908949901077047
"[""Wnt8b"",""Fzd3_Lrp5""]",2.0,-0.00997886286402369
"[""Wnt8b"",""Fzd3_Lrp6""]",2.0,-0.013280271213972562
"[""Wnt8b"",""Fzd4_Lrp5""]",2.0,-0.01041823704799387
"[""Wnt8b"",""Fzd4_Lrp6""]",2.0,-0.010109836982470637
"[""Wnt8b"",""Fzd5_Lrp5""]",2.0,-0.015086930832678345
"[""Wnt8b"",""Fzd5_Lrp6""]",2.0,-0.015086930832678345
"[""Wnt8b"",""Fzd6_Lrp5""]",2.0,-0.01771796736904329
"[""Wnt8b"",""Fzd6_Lrp6""]",2.0,-0.013308820361995183
"[""Wnt8b"",""Fzd7_Lrp5""]",2.0,-0.00999562162136835
"[""Wnt8b"",""Fzd7_Lrp6""]",2.0,-0.010524438595062722
"[""Wnt8b"",""Fzd8_Lrp5""]",2.0,-0.010591627752139926
"[""Wnt8b"",""Fzd8_Lrp6""]",2.0,-0.009949769937857952
"[""Wnt8b"",""Fzd9_Lrp5""]",2.0,-0.014911829027967963
"[""Wnt8b"",""Fzd9_Lrp6""]",2.0,-0.011459854261802176
"[""Wnt9a"",""Fzd10_Lrp5""]",2.0,-0.011405182253864759
"[""Wnt9a"",""Fzd10_Lrp6""]",2.0,-0.010791806091450643
"[""Wnt9a"",""Fzd1_Lrp5""]",2.0,-0.00949105836134519
"[""Wnt9a"",""Fzd1_Lrp6""]",2.0,-0.009821084710185252
"[""Wnt9a"",""Fzd2_Lrp5""]",2.0,-0.009487405225693933
"[""Wnt9a"",""Fzd2_Lrp6""]",2.0,-0.009102067536791148
"[""Wnt9a"",""Fzd3_Lrp5""]",2.0,-0.009487405225693933
"[""Wnt9a"",""Fzd3_Lrp6""]",2.0,-0.013447588239688085
"[""Wnt9a"",""Fzd4_Lrp5""]",2.0,-0.009332450029930446
"[""Wnt9a"",""Fzd4_Lrp6""]",2.0,-0.008725140580331206
"[""Wnt9a"",""Fzd5_Lrp5""]",2.0,-0.012847431598668045
"[""Wnt9a"",""Fzd5_Lrp6""]",2.0,-0.012847431598668045
"[""Wnt9a"",""Fzd6_Lrp5""]",2.0,-0.014260750196833774
"[""Wnt9a"",""Fzd6_Lrp6""]",2.0,-0.011434368900796875
"[""Wnt9a"",""Fzd7_Lrp5""]",2.0,-0.00949411621997192
"[""Wnt9a"",""Fzd7_Lrp6""]",2.0,-0.009718453462458396
"[""Wnt9a"",""Fzd8_Lrp5""]",2.0,-0.010150373826430421
"[""Wnt9a"",""Fzd8_Lrp6""]",2.0,-0.008964151270071156
"[""Wnt9a"",""Fzd9_Lrp5""]",2.0,-0.013461513707071285
"[""Wnt9a"",""Fzd9_Lrp6""]",2.0,-0.010095557575035136
"[""Wnt9b"",""Fzd10_Lrp5""]",2.0,-0.01544499941685282
"[""Wnt9b"",""Fzd10_Lrp6""]",2.0,-0.014852858042457593
"[""Wnt9b"",""Fzd1_Lrp5""]",2.0,-0.013160159241207794
"[""Wnt9b"",""Fzd1_Lrp6""]",2.0,-0.01333686892943104
"[""Wnt9b"",""Fzd2_Lrp5""]",2.0,-0.0131526742462044
"[""Wnt9b"",""Fzd2_Lrp6""]",2.0,-0.012720606300496356
"[""Wnt9b"",""Fzd3_Lrp5""]",2.0,-0.0131526742462044
"[""Wnt9b"",""Fzd3_Lrp6""]",2.0,-0.017765713479644764
"[""Wnt9b"",""Fzd4_Lrp5""]",2.0,-0.01307572031600452
"[""Wnt9b"",""Fzd4_Lrp6""]",2.0,-0.012022413378545344
"[""Wnt9b"",""Fzd5_Lrp5""]",2.0,-0.019009566989106923
"[""Wnt9b"",""Fzd5_Lrp6""]",2.0,-0.019009566989106923
"[""Wnt9b"",""Fzd6_Lrp5""]",2.0,-0.019864135998695014
"[""Wnt9b"",""Fzd6_Lrp6""]",2.0,-0.016814758632552065
"[""Wnt9b"",""Fzd7_Lrp5""]",2.0,-0.013166426676896627
"[""Wnt9b"",""Fzd7_Lrp6""]",2.0,-0.013535356956048142
"[""Wnt9b"",""Fzd8_Lrp5""]",2.0,-0.014190923933111808
"[""Wnt9b"",""Fzd8_Lrp6""]",2.0,-0.012201329559161804
"[""Wnt9b"",""Fzd9_Lrp5""]",2.0,-0.018117451560398054
"[""Wnt9b"",""Fzd9_Lrp6""]",2.0,-0.013486802351235061
"[""Adcyap1"",""Adcyap1r1""]",2.5,-0.026268209570632056
"[""Adgre5"",""Cd55b""]",2.5,-0.006222562645526325
"[""Adipoq"",""Adipor1""]",2.5,-0.003537318068744244
"[""Adipoq"",""Adipor2""]",2.5,-0.00631940734289748
"[""Adm"",""Calcr""]",2.5,-0.008089850648163685
"[""Adm"",""Calcrl""]",2.5,-0.00263057046339318
"[""Agrn"",""Dag1""]",2.5,-0.00979262920193641
"[""Agt"",""Agtr1a""]",2.5,0.030237678049195388
"[""Agt"",""Agtr1b""]",2.5,0.035652485108025225
"[""Agt"",""Mas1""]",2.5,0.02095054358067998
"[""Alcam"",""Cd6""]",2.5,-0.00989156056726145
"[""Amh"",""Amhr2_Acvr1""]",2.5,-0.004534408963370278
"[""Amh"",""Amhr2_Bmpr1a""]",2.5,-0.004534408963370278
"[""Angpt1"",""Tek""]",2.5,-0.004640732660394692
"[""Angpt2"",""Itga5_Itgb1""]",2.5,-0.004213088840127315
"[""Angpt2"",""Tek""]",2.5,-0.004337715724092146
"[""Angptl1"",""Itga1_Itgb1""]",2.5,-0.002810114079888449
"[""Angptl1"",""Pirb""]",2.5,-0.003739172432235094
"[""Angptl2"",""Itga5_Itgb1""]",2.5,-0.0038455879578635256
"[""Angptl2"",""Pirb""]",2.5,-0.004147646241156426
"[""Angptl2"",""Tlr4""]",2.5,-0.004351802456255306
"[""Angptl3"",""Itgav_Itgb3""]",2.5,0.0075526656699689415
"[""Angptl4"",""Cdh11""]",2.5,-0.005285739892016427
"[""Angptl4"",""Cdh5""]",2.5,-0.005327197249056177
"[""Angptl4"",""Itga5_Itgb1""]",2.5,-0.004947772959300382
"[""Angptl4"",""Itgav_Itgb3""]",2.5,-0.004879442018354451
"[""Angptl4"",""Sdc1""]",2.5,-0.007176741562307364
"[""Angptl4"",""Sdc2""]",2.5,-0.006272173141350319
"[""Angptl4"",""Sdc3""]",2.5,-0.014941218454254238
"[""Angptl4"",""Sdc4""]",2.5,-0.00789620309877212
"[""Angptl7"",""Pirb""]",2.5,0.004393230545952503
"[""Anxa1"",""Fpr1""]",2.5,-0.0016523701304179822
"[""Anxa1"",""Fpr2""]",2.5,0.016410987334303906
"[""Anxa1"",""Fpr2_Fpr3""]",2.5,0.016410987334303906
"[""Apela"",""Aplnr""]",2.5,-0.005401160295847779
"[""Apln"",""Aplnr""]",2.5,-0.004846583542013366
"[""App"",""Cd74""]",2.5,-0.005779667918104192
"[""Areg"",""Egfr""]",2.5,-0.004655148489838851
"[""Areg"",""Egfr_Erbb2""]",2.5,-0.008205359314656227
"[""Artn"",""Gfra1_Ret""]",2.5,-0.013000332988492999
"[""Artn"",""Gfra3_Ret""]",2.5,-0.004632020404415094
"[""Avp"",""Avpr1a""]",2.5,-0.003864548714425653
"[""Bdnf"",""Ntrk2""]",2.5,-0.00865421157952273
"[""Bmp10"",""Acvrl1_Acvr2a""]",2.5,0.000716330199462073
"[""Bmp10"",""Acvrl1_Bmpr2""]",2.5,0.000716330199462073
"[""Bmp2"",""Bmpr1a_Acvr2a""]",2.5,-0.006136139109433308
"[""Bmp2"",""Bmpr1a_Acvr2b""]",2.5,-0.006853556882519965
"[""Bmp2"",""Bmpr1a_Bmpr2""]",2.5,-0.0050101814987495875
"[""Bmp2"",""Bmpr1b_Acvr2a""]",2.5,-0.006373886493989305
"[""Bmp2"",""Bmpr1b_Acvr2b""]",2.5,-0.006431768025962107
"[""Bmp2"",""Bmpr1b_Bmpr2""]",2.5,-0.003717867541341848
"[""Bmp4"",""Bmpr1a_Acvr2a""]",2.5,-0.005602469175114151
"[""Bmp4"",""Bmpr1a_Acvr2b""]",2.5,-0.0052433967769239444
"[""Bmp4"",""Bmpr1a_Bmpr2""]",2.5,-0.0041495646241447364
"[""Bmp4"",""Bmpr1b_Acvr2a""]",2.5,-0.004649239926340906
"[""Bmp4"",""Bmpr1b_Acvr2b""]",2.5,-0.00495432693229438
"[""Bmp4"",""Bmpr1b_Bmpr2""]",2.5,-0.0027718538139601422
"[""Bmp5"",""Acvr1_Acvr2a""]",2.5,-0.0033902005103782227
"[""Bmp5"",""Acvr1_Acvr2b""]",2.5,-0.0040705466981263184
"[""Bmp5"",""Acvr1_Bmpr2""]",2.5,-0.0032833745577914393
"[""Bmp5"",""Bmpr1a_Acvr2a""]",2.5,-0.004588512973544231
"[""Bmp5"",""Bmpr1a_Acvr2b""]",2.5,-0.004543650798193565
"[""Bmp5"",""Bmpr1a_Bmpr2""]",2.5,-0.0035655894088971653
"[""Bmp5"",""Bmpr1b_Acvr2a""]",2.5,-0.004179240062398128
"[""Bmp5"",""Bmpr1b_Acvr2b""]",2.5,-0.00429056171661374
"[""Bmp5"",""Bmpr1b_Bmpr2""]",2.5,-0.002356854557594967
"[""Bmp6"",""Acvr1_Acvr2a""]",2.5,-0.005646600297951887
"[""Bmp6"",""Acvr1_Acvr2b""]",2.5,-0.007562275067254252
"[""Bmp6"",""Acvr1_Bmpr2""]",2.5,-0.005451364113470414
"[""Bmp6"",""Bmpr1a_Acvr2a""]",2.5,-0.009249555500421003
"[""Bmp6"",""Bmpr1a_Acvr2b""]",2.5,-0.00973991985575362
"[""Bmp6"",""Bmpr1a_Bmpr2""]",2.5,-0.00605610746882615
"[""Bmp6"",""Bmpr1b_Acvr2a""]",2.5,-0.0070362819892644465
"[""Bmp6"",""Bmpr1b_Acvr2b""]",2.5,-0.008627466257349517
"[""Bmp6"",""Bmpr1b_Bmpr2""]",2.5,-0.004394927891990202
"[""Bmp7"",""Acvr1_Acvr2a""]",2.5,-0.005274880323267247
"[""Bmp7"",""Acvr1_Acvr2b""]",2.5,-0.006834542127596141
"[""Bmp7"",""Acvr1_Bmpr2""]",2.5,-0.005073612327407877
"[""Bmp7"",""Bmpr1a_Acvr2a""]",2.5,-0.007973784822792467
"[""Bmp7"",""Bmpr1a_Acvr2b""]",2.5,-0.008558498805491352
"[""Bmp7"",""Bmpr1a_Bmpr2""]",2.5,-0.005643401737801215
"[""Bmp7"",""Bmpr1b_Acvr2a""]",2.5,-0.0066926690870981196
"[""Bmp7"",""Bmpr1b_Acvr2b""]",2.5,-0.007679180017520293
"[""Bmp7"",""Bmpr1b_Bmpr2""]",2.5,-0.004215999350981003
"[""Bmp8a"",""Acvr1_Acvr2a""]",2.5,-0.007485458844471056
"[""Bmp8a"",""Acvr1_Acvr2b""]",2.5,-0.010509145088424309
"[""Bmp8a"",""Acvr1_Bmpr2""]",2.5,-0.007228768023315887
"[""Bmp8a"",""Bmpr1a_Acvr2a""]",2.5,-0.012751275206578023
"[""Bmp8a"",""Bmpr1a_Acvr2b""]",2.5,-0.012573517952123713
"[""Bmp8a"",""Bmpr1a_Bmpr2""]",2.5,-0.008268166480135392
"[""Bmp8a"",""Bmpr1b_Acvr2a""]",2.5,-0.009337178153355377
"[""Bmp8a"",""Bmpr1b_Acvr2b""]",2.5,-0.011374133449219717
"[""Bmp8a"",""Bmpr1b_Bmpr2""]",2.5,-0.005726812734336987
"[""Bmp8b"",""Acvr1_Acvr2a""]",2.5,-0.008665823548144956
"[""Bmp8b"",""Acvr1_Acvr2b""]",2.5,-0.011414224671966375
"[""Bmp8b"",""Acvr1_Bmpr2""]",2.5,-0.008423857127482223
"[""Bmp8b"",""Bmpr1a_Acvr2a""]",2.5,-0.013303966907546927
"[""Bmp8b"",""Bmpr1a_Acvr2b""]",2.5,-0.014571220018970116
"[""Bmp8b"",""Bmpr1a_Bmpr2""]",2.5,-0.00945913347237836
"[""Bmp8b"",""Bmpr1b_Acvr2a""]",2.5,-0.01162557221411933
"[""Bmp8b"",""Bmpr1b_Acvr2b""]",2.5,-0.012855276736569247
"[""Bmp8b"",""Bmpr1b_Bmpr2""]",2.5,-0.006979954099996223
"[""Btc"",""Egfr""]",2.5,-0.004611229622378338
"[""Btc"",""Egfr_Erbb2""]",2.5,-0.008197762135383771
"[""Btc"",""Erbb2_Erbb4""]",2.5,-0.01041047897152398
"[""Btc"",""Erbb4""]",2.5,-0.005923339214446913
"[""Btla"",""Tnfrsf14""]",2.5,-0.005092939650052063
"[""C3"",""C3ar1""]",2.5,0.04837882022218176
"[""C3"",""Cr2""]",2.5,-0.005796752269880776
"[""C3"",""Itgam_Itgb2""]",2.5,0.03484221320049266
"[""C3"",""Itgax_Itgb2""]",2.5,0.037802924288281664
"[""C4b"",""Cr2""]",2.5,-0.014872606852943865
"[""Cadm1"",""Cadm1""]",2.5,-0.011436783700938973
"[""Cadm3"",""Cadm3""]",2.5,-0.0441553683642909
"[""Calca"",""Calcr""]",2.5,-0.010938997131010389
"[""Calca"",""Calcrl""]",2.5,-0.0035263835315819288
"[""Calcb"",""Calcr""]",2.5,0.00736633758867436
"[""Calcb"",""Calcrl""]",2.5,-0.0013646073215112797
"[""Cck"",""Cckar""]",2.5,-0.002251300785182847
"[""Cck"",""Cckbr""]",2.5,-0.01593339966909288
"[""Ccl1"",""Ackr1""]",2.5,-0.05778565954887621
"[""Ccl1"",""Ackr4""]",2.5,-0.0011979163262812037
"[""Ccl11"",""Ackr1""]",2.5,0.03206629090858071
"[""Ccl11"",""Ackr2""]",2.5,0.00020008683673909677
"[""Ccl12"",""Ccr2""]",2.5,0.0012573181576783221
"[""Ccl17"",""Ackr1""]",2.5,0.00020923227935745747
"[""Ccl17"",""Ackr2""]",2.5,-0.007837873732410724
"[""Ccl17"",""Ccr4""]",2.5,-0.008301814358900522
"[""Ccl2"",""Ackr1""]",2.5,-0.002911625714008839
"[""Ccl2"",""Ackr2""]",2.5,-0.004717795752773549
"[""Ccl2"",""Ccr2""]",2.5,-0.0022503420832079846
"[""Ccl20"",""Ccr6""]",2.5,-0.017758564936449582
"[""Ccl22"",""Ackr2""]",2.5,0.002431929104401674
"[""Ccl22"",""Ccr4""]",2.5,-0.004908297673274839
"[""Ccl24"",""Ackr2""]",2.5,-0.003599275608483804
"[""Ccl25"",""Ackr4""]",2.5,-0.0037394850584159187
"[""Ccl25"",""Ccr9""]",2.5,-0.0048190969256924334
"[""Ccl27a"",""Ccr10""]",2.5,-0.01419450220374191
"[""Ccl27a"",""Ccr2""]",2.5,-0.0021355112423330214
"[""Ccl28"",""Ccr10""]",2.5,-0.010318918624084843
"[""Ccl3"",""Ackr2""]",2.5,-0.006410997143868752
"[""Ccl3"",""Ccr1""]",2.5,-0.004161061066538269
"[""Ccl3"",""Ccr5""]",2.5,-0.003652459355487553
"[""Ccl4"",""Ackr2""]",2.5,-0.0031765876677874727
"[""Ccl4"",""Ccr5""]",2.5,-0.0005122820413861195
"[""Ccl5"",""Ackr1""]",2.5,0.012155269434381694
"[""Ccl5"",""Ackr2""]",2.5,-0.0045551893450101605
"[""Ccl5"",""Ccr1""]",2.5,0.00044303658779396016
"[""Ccl5"",""Ccr4""]",2.5,-0.005123177501961954
"[""Ccl5"",""Ccr5""]",2.5,-0.0007271868135738935
"[""Ccl6"",""Ccr1""]",2.5,0.006474382142633239
"[""Ccl6"",""Ccr2""]",2.5,0.015582589013705628
"[""Ccl7"",""Ackr1""]",2.5,-0.002612731867750795
"[""Ccl7"",""Ccr1""]",2.5,-0.004184516263688362
"[""Ccl7"",""Ccr2""]",2.5,-0.0022202410418380863
"[""Ccl9"",""Ccr1""]",2.5,0.021793266006213924
"[""Cd1d1"",""Ceacam5""]",2.5,-0.01185153859738107
"[""Cd200"",""Cd200r1""]",2.5,-0.005855765353978248
"[""Cd200"",""Cd200r2""]",2.5,-0.023906259368668126
"[""Cd200"",""Cd200r3""]",2.5,-0.014775803355187384
"[""Cd200"",""Cd200r4""]",2.5,-0.010872631204362326
"[""Cd22"",""Ptprc""]",2.5,-0.0030573573405285465
"[""Cd226"",""Nectin2""]",2.5,-0.014742241383416285
"[""Cd226"",""Pvr""]",2.5,-0.013364440293113313
"[""Cd274"",""Pdcd1""]",2.5,-0.009177249403334226
"[""Cd34"",""Selp""]",2.5,-0.005812334490058621
"[""Cd46"",""Jag1""]",2.5,-0.006205870983057594
"[""Cd52"",""Siglecg""]",2.5,-0.0008795357474852272
"[""Cd6"",""Alcam""]",2.5,-0.009894314130975619
"[""Cd70"",""Cd27""]",2.5,-0.008916070993714706
"[""Cd80"",""Cd274""]",2.5,-0.012100983326388863
"[""Cd80"",""Cd28""]",2.5,-0.010081800973972585
"[""Cd80"",""Ctla4""]",2.5,-0.008920186284745002
"[""Cd86"",""Cd28""]",2.5,-0.004954122758957638
"[""Cd86"",""Ctla4""]",2.5,-0.006135934082268188
"[""Cd8a"",""Ceacam5""]",2.5,-0.011203675148611657
"[""Cd96"",""Nectin1""]",2.5,-0.011279565115968176
"[""Cd96"",""Pvr""]",2.5,-0.0062538229282522746
"[""Cdh1"",""Cdh1""]",2.5,-0.029482660556900193
"[""Cdh1"",""Itga2_Itgb1""]",2.5,-0.00906356428364075
"[""Cdh1"",""Itgae_Itgb7""]",2.5,-0.009466085987077356
"[""Cdh1"",""Klrg1""]",2.5,-0.021224328426642763
"[""Cdh15"",""Cdh15""]",2.5,-0.001947376961153176
"[""Cdh2"",""Cdh2""]",2.5,-0.00749218046296414
"[""Cdh4"",""Cdh4""]",2.5,-0.005669588660381607
"[""Cdh5"",""Cdh5""]",2.5,-0.0021382546530584537
"[""Ceacam1"",""Ceacam5""]",2.5,-0.0090692859062595
"[""Cga"",""Fshr""]",2.5,-0.012911514066983112
"[""Cga"",""Lhcgr""]",2.5,-0.010617869449054637
"[""Cga"",""Tshr""]",2.5,-0.012778306796521343
"[""Chad"",""Itga2_Itgb1""]",2.5,-0.004267802293530375
"[""Clcf1"",""Cntfr_Lifr_Il6st""]",2.5,-0.004577169062494299
"[""Cldn11"",""Cldn11""]",2.5,-0.019635349417092825
"[""Clec2g"",""Klrb1""]",2.5,-0.009357387753580072
"[""Clec2g"",""Klrb1f""]",2.5,-0.006912040449326657
"[""Clec2h"",""Klrb1""]",2.5,-0.018387985011250017
"[""Clec2i"",""Klrb1""]",2.5,-0.004746976172714273
"[""Clec2i"",""Klrb1f""]",2.5,-0.006378849424544093
"[""Cntf"",""Cntfr_Lifr_Il6st""]",2.5,-0.005011156285240018
"[""Cntn1"",""Nrcam""]",2.5,-0.053058416115082246
"[""Cntn2"",""Cntn2""]",2.5,-0.030204717808465648
"[""Cntn2"",""Cntn2_Cntnap2""]",2.5,-0.030204717808465648
"[""Cntn2"",""L1cam""]",2.5,-0.0449882395807345
"[""Col1a1"",""Cd44""]",2.5,0.023953336845477624
"[""Col1a1"",""Gp6""]",2.5,-0.006851542638432091
"[""Col1a1"",""Itga10_Itgb1""]",2.5,-0.00805948084142176
"[""Col1a1"",""Itga11_Itgb1""]",2.5,-0.012948252134119164
"[""Col1a1"",""Itga1_Itgb1""]",2.5,-0.003956726057724548
"[""Col1a1"",""Itga2_Itgb1""]",2.5,-0.008268752178331045
"[""Col1a1"",""Itga3_Itgb1""]",2.5,-0.014271167033090379
"[""Col1a1"",""Itga9_Itgb1""]",2.5,-0.00963529877941307
"[""Col1a1"",""Itgav_Itgb8""]",2.5,-0.015885082880947636
"[""Col1a1"",""Sdc1""]",2.5,-0.009921104464715336
"[""Col1a1"",""Sdc4""]",2.5,-0.0033368193299573023
"[""Col1a2"",""Cd44""]",2.5,0.06205167186293836
"[""Col1a2"",""Gp6""]",2.5,-0.0033181773491831254
"[""Col1a2"",""Itga10_Itgb1""]",2.5,-0.005970126596646905
"[""Col1a2"",""Itga11_Itgb1""]",2.5,-0.008329862844006816
"[""Col1a2"",""Itga1_Itgb1""]",2.5,-0.0034742952780122405
"[""Col1a2"",""Itga2_Itgb1""]",2.5,-0.0053884809294556454
"[""Col1a2"",""Itga3_Itgb1""]",2.5,-0.008527026488526029
"[""Col1a2"",""Itga9_Itgb1""]",2.5,-0.006465192302913061
"[""Col1a2"",""Itgav_Itgb8""]",2.5,-0.010200459091846203
"[""Col1a2"",""Sdc1""]",2.5,-0.006922577823160317
"[""Col1a2"",""Sdc4""]",2.5,-0.0036468121038749357
"[""Col2a1"",""Cd44""]",2.5,0.015103312730136847
"[""Col2a1"",""Gp6""]",2.5,-0.0006550071318610282
"[""Col2a1"",""Itga10_Itgb1""]",2.5,4.6893125081930165e-05
"[""Col2a1"",""Itga11_Itgb1""]",2.5,-0.0020117682753414586
"[""Col2a1"",""Itga1_Itgb1""]",2.5,-0.0008740699523313959
"[""Col2a1"",""Itga2_Itgb1""]",2.5,-0.0017662140726182086
"[""Col2a1"",""Itga3_Itgb1""]",2.5,-0.003912825391536805
"[""Col2a1"",""Itga9_Itgb1""]",2.5,-0.002150124812391737
"[""Col2a1"",""Itgav_Itgb8""]",2.5,-0.003575187695500349
"[""Col2a1"",""Sdc1""]",2.5,-0.0029778493447415524
"[""Col2a1"",""Sdc4""]",2.5,-0.0014147556907076059
"[""Col4a1"",""Cd44""]",2.5,0.020703939579976488
"[""Col4a1"",""Gp6""]",2.5,-0.0010713494401892072
"[""Col4a1"",""Itga10_Itgb1""]",2.5,-0.0049432480131102255
"[""Col4a1"",""Itga11_Itgb1""]",2.5,-0.006492056510852048
"[""Col4a1"",""Itga1_Itgb1""]",2.5,-0.0027161909174566908
"[""Col4a1"",""Itga2_Itgb1""]",2.5,-0.0039525993367756675
"[""Col4a1"",""Itga3_Itgb1""]",2.5,-0.005927753929463788
"[""Col4a1"",""Itga9_Itgb1""]",2.5,-0.004831820309312455
"[""Col4a1"",""Itgav_Itgb8""]",2.5,-0.008202117782176967
"[""Col4a1"",""Sdc1""]",2.5,-0.005711560937908793
"[""Col4a1"",""Sdc4""]",2.5,-0.0036669699570211836
"[""Col4a2"",""Cd44""]",2.5,0.01030639380548673
"[""Col4a2"",""Gp6""]",2.5,-0.0021848571272868114
"[""Col4a2"",""Itga10_Itgb1""]",2.5,-0.005602739748831534
"[""Col4a2"",""Itga11_Itgb1""]",2.5,-0.006424875109620597
"[""Col4a2"",""Itga1_Itgb1""]",2.5,-0.003203721062906034
"[""Col4a2"",""Itga2_Itgb1""]",2.5,-0.00419642750364688
"[""Col4a2"",""Itga3_Itgb1""]",2.5,-0.006130514904721655
"[""Col4a2"",""Itga9_Itgb1""]",2.5,-0.004800347963151054
"[""Col4a2"",""Itgav_Itgb8""]",2.5,-0.007600575229726528
"[""Col4a2"",""Sdc1""]",2.5,-0.005670981883743296
"[""Col4a2"",""Sdc4""]",2.5,-0.004741385016966387
"[""Col4a3"",""Cd44""]",2.5,-0.03271380326295853
"[""Col4a3"",""Gp6""]",2.5,-0.0045325358314414164
"[""Col4a3"",""Itga10_Itgb1""]",2.5,-0.00841308502045381
"[""Col4a3"",""Itga11_Itgb1""]",2.5,-0.008625818535988875
"[""Col4a3"",""Itga1_Itgb1""]",2.5,-0.004595248626271387
"[""Col4a3"",""Itga2_Itgb1""]",2.5,-0.005973980245256194
"[""Col4a3"",""Itga3_Itgb1""]",2.5,-0.008545859693545401
"[""Col4a3"",""Itga9_Itgb1""]",2.5,-0.006229799463203135
"[""Col4a3"",""Itgav_Itgb8""]",2.5,-0.009540826591564517
"[""Col4a3"",""Sdc1""]",2.5,-0.007192284940311319
"[""Col4a3"",""Sdc4""]",2.5,-0.007570160546654738
"[""Col4a4"",""Cd44""]",2.5,-0.003624474523488408
"[""Col4a4"",""Gp6""]",2.5,-0.004722035063337571
"[""Col4a4"",""Itga10_Itgb1""]",2.5,-0.008092162292194685
"[""Col4a4"",""Itga11_Itgb1""]",2.5,-0.00872570986728078
"[""Col4a4"",""Itga1_Itgb1""]",2.5,-0.0045939669294401166
"[""Col4a4"",""Itga2_Itgb1""]",2.5,-0.0058106924060127955
"[""Col4a4"",""Itga3_Itgb1""]",2.5,-0.008773054222596402
"[""Col4a4"",""Itga9_Itgb1""]",2.5,-0.006290642163857775
"[""Col4a4"",""Itgav_Itgb8""]",2.5,-0.009948318210843469
"[""Col4a4"",""Sdc1""]",2.5,-0.007417493082240821
"[""Col4a4"",""Sdc4""]",2.5,-0.00742758302713617
"[""Col4a5"",""Cd44""]",2.5,-0.005910042625404774
"[""Col4a5"",""Gp6""]",2.5,-0.003121794128776058
"[""Col4a5"",""Itga10_Itgb1""]",2.5,-0.006627405959630961
"[""Col4a5"",""Itga11_Itgb1""]",2.5,-0.006009243051405294
"[""Col4a5"",""Itga1_Itgb1""]",2.5,-0.0035681060249226557
"[""Col4a5"",""Itga2_Itgb1""]",2.5,-0.0042874372191894616
"[""Col4a5"",""Itga3_Itgb1""]",2.5,-0.0055194749796390885
"[""Col4a5"",""Itga9_Itgb1""]",2.5,-0.004497437546248024
"[""Col4a5"",""Itgav_Itgb8""]",2.5,-0.006628754310795449
"[""Col4a5"",""Sdc1""]",2.5,-0.005213034846359304
"[""Col4a5"",""Sdc4""]",2.5,-0.005737238248806231
"[""Col4a6"",""Cd44""]",2.5,0.004360011999535118
"[""Col4a6"",""Gp6""]",2.5,-0.0032178490607511975
"[""Col4a6"",""Itga10_Itgb1""]",2.5,-0.00792933469994981
"[""Col4a6"",""Itga11_Itgb1""]",2.5,-0.008040152221406735
"[""Col4a6"",""Itga1_Itgb1""]",2.5,-0.0039642832310323416
"[""Col4a6"",""Itga2_Itgb1""]",2.5,-0.005443094704625983
"[""Col4a6"",""Itga3_Itgb1""]",2.5,-0.007379654878861941
"[""Col4a6"",""Itga9_Itgb1""]",2.5,-0.0060240878995961745
"[""Col4a6"",""Itgav_Itgb8""]",2.5,-0.009305976000429289
"[""Col4a6"",""Sdc1""]",2.5,-0.00677513580066225
"[""Col4a6"",""Sdc4""]",2.5,-0.00623204919466188
"[""Col6a1"",""Cd44""]",2.5,0.07329363719892834
"[""Col6a1"",""Gp6""]",2.5,0.00575617870835031
"[""Col6a1"",""Itga10_Itgb1""]",2.5,0.0004005435614563013
"[""Col6a1"",""Itga11_Itgb1""]",2.5,-0.006809859641938899
"[""Col6a1"",""Itga1_Itgb1""]",2.5,0.00021314491594993934
"[""Col6a1"",""Itga2_Itgb1""]",2.5,-0.0024099954307214774
"[""Col6a1"",""Itga3_Itgb1""]",2.5,-0.00611318593034775
"[""Col6a1"",""Itga9_Itgb1""]",2.5,-0.00529219704422073
"[""Col6a1"",""Itgav_Itgb8""]",2.5,-0.00981307807896626
"[""Col6a1"",""Sdc1""]",2.5,-0.005865413036657129
"[""Col6a1"",""Sdc4""]",2.5,0.0047242624965404545
"[""Col6a2"",""Cd44""]",2.5,0.06768106610007196
"[""Col6a2"",""Gp6""]",2.5,0.0036813051040325007
"[""Col6a2"",""Itga10_Itgb1""]",2.5,-0.0016691061932504053
"[""Col6a2"",""Itga11_Itgb1""]",2.5,-0.007597413896931471
"[""Col6a2"",""Itga1_Itgb1""]",2.5,-0.0007990853372066356
"[""Col6a2"",""Itga2_Itgb1""]",2.5,-0.003386733152838446
"[""Col6a2"",""Itga3_Itgb1""]",2.5,-0.007068463123884067
"[""Col6a2"",""Itga9_Itgb1""]",2.5,-0.005836060945828163
"[""Col6a2"",""Itgav_Itgb8""]",2.5,-0.01018705800221507
"[""Col6a2"",""Sdc1""]",2.5,-0.0065933294160179234
"[""Col6a2"",""Sdc4""]",2.5,0.0018684507375454074
"[""Col6a3"",""Cd44""]",2.5,0.05786806531767641
"[""Col6a3"",""Gp6""]",2.5,0.0016197898304925393
"[""Col6a3"",""Itga10_Itgb1""]",2.5,-0.002900910401657991
"[""Col6a3"",""Itga11_Itgb1""]",2.5,-0.005708690009489217
"[""Col6a3"",""Itga1_Itgb1""]",2.5,-0.001557284172081376
"[""Col6a3"",""Itga2_Itgb1""]",2.5,-0.0030686281510637625
"[""Col6a3"",""Itga3_Itgb1""]",2.5,-0.005433879799634014
"[""Col6a3"",""Itga9_Itgb1""]",2.5,-0.004479201484769286
"[""Col6a3"",""Itgav_Itgb8""]",2.5,-0.006891624916842764
"[""Col6a3"",""Sdc1""]",2.5,-0.005280832029633975
"[""Col6a3"",""Sdc4""]",2.5,-0.0012523136582538869
"[""Col6a4"",""Cd44""]",2.5,0.03214272968500986
"[""Col6a4"",""Gp6""]",2.5,0.0001995819222918374
"[""Col6a4"",""Itga10_Itgb1""]",2.5,-0.006094997551678652
"[""Col6a4"",""Itga11_Itgb1""]",2.5,-0.010477016055477427
"[""Col6a4"",""Itga1_Itgb1""]",2.5,-0.003210720922371204
"[""Col6a4"",""Itga2_Itgb1""]",2.5,-0.006125599131573487
"[""Col6a4"",""Itga3_Itgb1""]",2.5,-0.010126174194259348
"[""Col6a4"",""Itga9_Itgb1""]",2.5,-0.00762803483017656
"[""Col6a4"",""Itgav_Itgb8""]",2.5,-0.01237529805854002
"[""Col6a4"",""Sdc1""]",2.5,-0.008593827519080353
"[""Col6a4"",""Sdc4""]",2.5,-0.003429409814442168
"[""Col6a5"",""Cd44""]",2.5,0.04934294881333079
"[""Col6a5"",""Gp6""]",2.5,0.0008244382047244703
"[""Col6a5"",""Itga10_Itgb1""]",2.5,-0.0033632656934106248
"[""Col6a5"",""Itga11_Itgb1""]",2.5,-0.005428565827733489
"[""Col6a5"",""Itga1_Itgb1""]",2.5,-0.001670933352358503
"[""Col6a5"",""Itga2_Itgb1""]",2.5,-0.0027526570691419963
"[""Col6a5"",""Itga3_Itgb1""]",2.5,-0.004914769879792634
"[""Col6a5"",""Itga9_Itgb1""]",2.5,-0.004157223385930331
"[""Col6a5"",""Itgav_Itgb8""]",2.5,-0.0069476348205525645
"[""Col6a5"",""Sdc1""]",2.5,-0.004839301148846821
"[""Col6a5"",""Sdc4""]",2.5,-0.0014217663479687281
"[""Col6a6"",""Cd44""]",2.5,0.046525485146177936
"[""Col6a6"",""Gp6""]",2.5,-0.0012165837578571106
"[""Col6a6"",""Itga10_Itgb1""]",2.5,-0.004043709779752089
"[""Col6a6"",""Itga11_Itgb1""]",2.5,-0.005823337345147665
"[""Col6a6"",""Itga1_Itgb1""]",2.5,-0.0019567140901532443
"[""Col6a6"",""Itga2_Itgb1""]",2.5,-0.0029662699408560117
"[""Col6a6"",""Itga3_Itgb1""]",2.5,-0.005315226343967347
"[""Col6a6"",""Itga9_Itgb1""]",2.5,-0.004220997683156591
"[""Col6a6"",""Itgav_Itgb8""]",2.5,-0.006931054490687861
"[""Col6a6"",""Sdc1""]",2.5,-0.005004194244531121
"[""Col6a6"",""Sdc4""]",2.5,-0.002569061204200279
"[""Col9a1"",""Cd44""]",2.5,0.003523302402595907
"[""Col9a1"",""Gp6""]",2.5,-0.002779831261869717
"[""Col9a1"",""Itga10_Itgb1""]",2.5,-0.002845481015603807
"[""Col9a1"",""Itga11_Itgb1""]",2.5,-0.0041431557994637234
"[""Col9a1"",""Itga1_Itgb1""]",2.5,-0.00299595728512337
"[""Col9a1"",""Itga2_Itgb1""]",2.5,-0.003663573104835491
"[""Col9a1"",""Itga3_Itgb1""]",2.5,-0.005894781896274022
"[""Col9a1"",""Itga9_Itgb1""]",2.5,-0.0036889556469630706
"[""Col9a1"",""Itgav_Itgb8""]",2.5,-0.005009459811485638
"[""Col9a1"",""Sdc1""]",2.5,-0.004871572602574151
"[""Col9a1"",""Sdc4""]",2.5,-0.004531689308877006
"[""Col9a2"",""Cd44""]",2.5,0.04456209473936312
"[""Col9a2"",""Gp6""]",2.5,0.0010480424609938532
"[""Col9a2"",""Itga10_Itgb1""]",2.5,-0.002206011419226321
"[""Col9a2"",""Itga11_Itgb1""]",2.5,-0.00554411862466191
"[""Col9a2"",""Itga1_Itgb1""]",2.5,-0.0023004535189567257
"[""Col9a2"",""Itga2_Itgb1""]",2.5,-0.003910422751471604
"[""Col9a2"",""Itga3_Itgb1""]",2.5,-0.007400408377529255
"[""Col9a2"",""Itga9_Itgb1""]",2.5,-0.0049023787937598345
"[""Col9a2"",""Itgav_Itgb8""]",2.5,-0.007925400724213497
"[""Col9a2"",""Sdc1""]",2.5,-0.006197463871231004
"[""Col9a2"",""Sdc4""]",2.5,-0.0029452881213667403
"[""Col9a3"",""Cd44""]",2.5,0.028407712513558364
"[""Col9a3"",""Gp6""]",2.5,0.00031532489755575765
"[""Col9a3"",""Itga10_Itgb1""]",2.5,-0.00193330794959886
"[""Col9a3"",""Itga11_Itgb1""]",2.5,-0.004652971934974631
"[""Col9a3"",""Itga1_Itgb1""]",2.5,-0.0022872422911517296
"[""Col9a3"",""Itga2_Itgb1""]",2.5,-0.0035918767531558857
"[""Col9a3"",""Itga3_Itgb1""]",2.5,-0.006595839823014135
"[""Col9a3"",""Itga9_Itgb1""]",2.5,-0.004242579043454344
"[""Col9a3"",""Itgav_Itgb8""]",2.5,-0.006648317418876722
"[""Col9a3"",""Sdc1""]",2.5,-0.005543713177835044
"[""Col9a3"",""Sdc4""]",2.5,-0.0031785808342590788
"[""Comp"",""Cd36""]",2.5,0.010221375584233694
"[""Comp"",""Cd47""]",2.5,0.003806494723673115
"[""Comp"",""Itga3_Itgb1""]",2.5,-0.005361399460112187
"[""Comp"",""Itgav_Itgb3""]",2.5,0.004535216794274627
"[""Comp"",""Sdc1""]",2.5,-0.00522679338807612
"[""Comp"",""Sdc4""]",2.5,0.0020324622871965986
"[""Cort"",""Sstr1""]",2.5,-0.018385370733745493
"[""Cort"",""Sstr2""]",2.5,-0.02154732148037196
"[""Cort"",""Sstr3""]",2.5,-0.018460996248089973
"[""Cort"",""Sstr4""]",2.5,-0.006765999638759776
"[""Cort"",""Sstr5""]",2.5,-0.01285694491599082
"[""Crh"",""Crhr1""]",2.5,-0.012183811454106797
"[""Crh"",""Crhr2""]",2.5,-0.0018034205623318061
"[""Csf1"",""Csf1r""]",2.5,-0.005464686198186047
"[""Cspg4"",""Itga3_Itgb1""]",2.5,-0.005588453753569908
"[""Ctf1"",""Lifr_Il6st""]",2.5,-0.004133488441836357
"[""Cx3cl1"",""Cx3cr1""]",2.5,-0.011636466126163203
"[""Cxcl1"",""Ackr1""]",2.5,0.014890229877916293
"[""Cxcl1"",""Cxcr2""]",2.5,0.005639200771398928
"[""Cxcl10"",""Ackr1""]",2.5,0.05047992212637781
"[""Cxcl12"",""Ackr3""]",2.5,-0.005769764635939256
"[""Cxcl12"",""Cxcr4""]",2.5,-0.008543228352151974
"[""Cxcl13"",""Ackr1""]",2.5,0.0015466203378680932
"[""Cxcl13"",""Cxcr5""]",2.5,-0.005616309463829516
"[""Cxcl16"",""Cxcr6""]",2.5,-0.005720638587932911
"[""Cxcl2"",""Ackr1""]",2.5,-0.0294931467139583
"[""Cxcl2"",""Cxcr2""]",2.5,-0.004827487499031696
"[""Cxcl3"",""Ackr1""]",2.5,-0.020668847124602686
"[""Cxcl3"",""Cxcr2""]",2.5,-0.006639514528730021
"[""Cxcl5"",""Ackr1""]",2.5,-0.02088485925573068
"[""Cxcl5"",""Cxcr2""]",2.5,-0.006968113638080465
"[""Dhh"",""Ptch1_Smo""]",2.5,-0.005221983498752707
"[""Dhh"",""Ptch2_Smo""]",2.5,-0.005753922530202998
"[""Dlk1"",""Notch1""]",2.5,-0.004603552001275463
"[""Dlk1"",""Notch2""]",2.5,-0.004047558151751797
"[""Dlk1"",""Notch3""]",2.5,-0.004415402299172384
"[""Dlk1"",""Notch4""]",2.5,-0.005732557890346067
"[""Dll1"",""Notch1""]",2.5,-0.010739107709582668
"[""Dll1"",""Notch2""]",2.5,-0.006737333622203115
"[""Dll1"",""Notch3""]",2.5,-0.00729263877238844
"[""Dll1"",""Notch4""]",2.5,-0.011642005961150437
"[""Dll3"",""Notch1""]",2.5,-0.014196717503519647
"[""Dll3"",""Notch2""]",2.5,-0.009828409259956004
"[""Dll3"",""Notch3""]",2.5,-0.010858146345369357
"[""Dll3"",""Notch4""]",2.5,-0.016483337823502413
"[""Dll4"",""Notch1""]",2.5,-0.006099613049654541
"[""Dll4"",""Notch2""]",2.5,-0.0050302736051420945
"[""Dll4"",""Notch3""]",2.5,-0.005550262371534078
"[""Dll4"",""Notch4""]",2.5,-0.006992255460080747
"[""Dmp1"",""Itgav_Itgb3""]",2.5,-0.007457779319971561
"[""Dsc2"",""Dsg1c""]",2.5,-0.02630042617517848
"[""Dsc2"",""Dsg2""]",2.5,-0.005038564424149808
"[""Dsg1c"",""Dsc3""]",2.5,-0.03141117679352135
"[""Dsg2"",""Dsc3""]",2.5,-0.01266884532672347
"[""Dspp"",""Itgav_Itgb1""]",2.5,-0.007829252559989019
"[""Dspp"",""Itgav_Itgb6""]",2.5,-0.005945195002856323
"[""Eda"",""Eda2r""]",2.5,-0.003418091013107291
"[""Eda"",""Edar""]",2.5,-0.008519933606702564
"[""Edn1"",""Ednra""]",2.5,-0.004801423120664814
"[""Edn1"",""Ednrb""]",2.5,-0.004405159705430872
"[""Edn2"",""Ednra""]",2.5,-0.008798548027248082
"[""Edn2"",""Ednrb""]",2.5,-0.003646728724233772
"[""Edn3"",""Ednra""]",2.5,-0.004011642101015108
"[""Edn3"",""Ednrb""]",2.5,-0.006143623237661563
"[""Efna1"",""Epha1""]",2.5,-0.005551041220931904
"[""Efna1"",""Epha2""]",2.5,-0.00542454949764222
"[""Efna1"",""Epha3""]",2.5,-0.005496293629663553
"[""Efna1"",""Epha4""]",2.5,-0.007294670598086493
"[""Efna1"",""Epha5""]",2.5,-0.01374118617263366
"[""Efna1"",""Epha7""]",2.5,-0.006166895865068378
"[""Efna1"",""Epha8""]",2.5,-0.015598532455110045
"[""Efna2"",""Epha1""]",2.5,-0.006578961330296429
"[""Efna2"",""Epha2""]",2.5,-0.008850142404716013
"[""Efna2"",""Epha3""]",2.5,-0.004608502273020768
"[""Efna2"",""Epha4""]",2.5,-0.00624679617067303
"[""Efna2"",""Epha5""]",2.5,-0.014937999992371602
"[""Efna2"",""Epha7""]",2.5,-0.005322512644478037
"[""Efna2"",""Epha8""]",2.5,-0.030845411314423265
"[""Efna3"",""Epha1""]",2.5,-0.008391530131438
"[""Efna3"",""Epha2""]",2.5,-0.010427444185646423
"[""Efna3"",""Epha3""]",2.5,-0.007300704113473187
"[""Efna3"",""Epha4""]",2.5,-0.0099344831259746
"[""Efna3"",""Epha5""]",2.5,-0.023534002858975403
"[""Efna3"",""Epha7""]",2.5,-0.00872467714923941
"[""Efna3"",""Epha8""]",2.5,-0.040415962212355314
"[""Efna4"",""Epha1""]",2.5,-0.005786408107818485
"[""Efna4"",""Epha2""]",2.5,-0.007330550119049317
"[""Efna4"",""Epha3""]",2.5,-0.004214203658479446
"[""Efna4"",""Epha4""]",2.5,-0.005561173463463513
"[""Efna4"",""Epha5""]",2.5,-0.012041982199953012
"[""Efna4"",""Epha7""]",2.5,-0.004619647161113847
"[""Efna4"",""Epha8""]",2.5,-0.020915386815987355
"[""Efna5"",""Epha1""]",2.5,-0.004512322803258237
"[""Efna5"",""Epha2""]",2.5,-0.006041561961962697
"[""Efna5"",""Epha3""]",2.5,-0.0026013224673341
"[""Efna5"",""Epha4""]",2.5,-0.0035771177840077167
"[""Efna5"",""Epha5""]",2.5,-0.008701338552663581
"[""Efna5"",""Epha7""]",2.5,-0.003179111894296893
"[""Efna5"",""Epha8""]",2.5,-0.02126573577297001
"[""Efna5"",""Ephb2""]",2.5,-0.005615068707306237
"[""Efnb1"",""Epha4""]",2.5,-0.007102837456492988
"[""Efnb1"",""Ephb1""]",2.5,-0.015463822775173178
"[""Efnb1"",""Ephb2""]",2.5,-0.01008669812256199
"[""Efnb1"",""Ephb3""]",2.5,-0.007485863518448106
"[""Efnb1"",""Ephb4""]",2.5,-0.006093686115243593
"[""Efnb2"",""Epha4""]",2.5,-0.0068233970156896286
"[""Efnb2"",""Ephb1""]",2.5,-0.015535457959005843
"[""Efnb2"",""Ephb2""]",2.5,-0.01006715079972648
"[""Efnb2"",""Ephb3""]",2.5,-0.007491325774894222
"[""Efnb2"",""Ephb4""]",2.5,-0.0061467758297673505
"[""Efnb3"",""Epha4""]",2.5,-0.0088942008185675
"[""Efnb3"",""Ephb1""]",2.5,-0.022115372120041422
"[""Efnb3"",""Ephb2""]",2.5,-0.013916674640826288
"[""Efnb3"",""Ephb3""]",2.5,-0.009836841467587374
"[""Efnb3"",""Ephb4""]",2.5,-0.007958538899524345
"[""Efnb3"",""Ephb6""]",2.5,-0.013938848610886487
"[""Egf"",""Egfr""]",2.5,-0.003761220498859009
"[""Egf"",""Egfr_Erbb2""]",2.5,-0.0063384786162183
"[""Enho"",""Gpr19""]",2.5,-0.021133545150555308
"[""Entpd1"",""Adora1""]",2.5,-0.0029621363842164475
"[""Entpd1"",""Adora2a""]",2.5,-0.006205370685997462
"[""Entpd1"",""Adora2b""]",2.5,-0.006724984622798545
"[""Entpd1"",""Tmigd3""]",2.5,-0.006039249523950293
"[""Epgn"",""Egfr""]",2.5,-0.004811196197870815
"[""Epo"",""Epor""]",2.5,-0.006805524337950328
"[""Ereg"",""Egfr""]",2.5,-0.0071161142421209515
"[""Ereg"",""Egfr_Erbb2""]",2.5,-0.011467316809901984
"[""Ereg"",""Erbb2_Erbb4""]",2.5,-0.013646872312655316
"[""Ereg"",""Erbb4""]",2.5,-0.008056804891878877
"[""Esam"",""Esam""]",2.5,-0.0022334583765574664
"[""F11r"",""F11r""]",2.5,-0.0024223320828884107
"[""F11r"",""Itgal_Itgb2""]",2.5,-0.0008330237795939333
"[""F11r"",""Jam2""]",2.5,-0.0063663021708417235
"[""F11r"",""Jam3""]",2.5,-0.004870718395964639
"[""F2"",""F2r""]",2.5,0.009945196278427798
"[""F2"",""F2rl1""]",2.5,0.10636874574436078
"[""F2"",""F2rl2""]",2.5,0.009091712067261677
"[""F2"",""F2rl3""]",2.5,0.024632780195503037
"[""F2"",""Pard3""]",2.5,-0.004324040271412557
"[""Fasl"",""Fas""]",2.5,-0.0018349188290829599
"[""Fcer2a"",""Cr2""]",2.5,-0.009915156125374124
"[""Fcer2a"",""Itgam_Itgb2""]",2.5,-0.007294229864483491
"[""Fcer2a"",""Itgav_Itgb3""]",2.5,-0.009879421217846601
"[""Fcer2a"",""Itgax_Itgb2""]",2.5,-0.01363073407545817
"[""Fgf1"",""Fgfr1""]",2.5,-0.004309666319734394
"[""Fgf1"",""Fgfr2""]",2.5,-0.010905301302703223
"[""Fgf1"",""Fgfr3""]",2.5,-0.004686927859029487
"[""Fgf1"",""Fgfr4""]",2.5,-0.0005035276411431214
"[""Fgf10"",""Fgfr1""]",2.5,-0.004421606172221778
"[""Fgf10"",""Fgfr2""]",2.5,-0.010024286308973337
"[""Fgf15"",""Fgfr1""]",2.5,-0.006956032444726815
"[""Fgf15"",""Fgfr2""]",2.5,-0.021553281578864707
"[""Fgf15"",""Fgfr3""]",2.5,-0.014629639881970472
"[""Fgf15"",""Fgfr4""]",2.5,-0.005892259538654493
"[""Fgf16"",""Fgfr1""]",2.5,-0.004966281201848794
"[""Fgf16"",""Fgfr2""]",2.5,-0.007825281775193982
"[""Fgf16"",""Fgfr3""]",2.5,-0.00916159461316568
"[""Fgf16"",""Fgfr4""]",2.5,-0.0026242183380642686
"[""Fgf17"",""Fgfr1""]",2.5,-0.006240621001048187
"[""Fgf17"",""Fgfr2""]",2.5,-0.018664657685759665
"[""Fgf17"",""Fgfr3""]",2.5,-0.012710318898901483
"[""Fgf17"",""Fgfr4""]",2.5,-0.005715676180361633
"[""Fgf18"",""Fgfr1""]",2.5,-0.003677399969306692
"[""Fgf18"",""Fgfr2""]",2.5,-0.007428842549915715
"[""Fgf18"",""Fgfr3""]",2.5,-0.0073700581981166816
"[""Fgf18"",""Fgfr4""]",2.5,-0.0026887371072676323
"[""Fgf2"",""Fgfr1""]",2.5,-0.005146787970512377
"[""Fgf2"",""Fgfr2""]",2.5,-0.010409075326554738
"[""Fgf2"",""Fgfr3""]",2.5,-0.009234273637638984
"[""Fgf2"",""Fgfr4""]",2.5,-0.002988999179467544
"[""Fgf20"",""Fgfr1""]",2.5,-0.007402092868929226
"[""Fgf20"",""Fgfr2""]",2.5,-0.022628054251489796
"[""Fgf20"",""Fgfr3""]",2.5,-0.015523592390836949
"[""Fgf20"",""Fgfr4""]",2.5,-0.0049364241084370215
"[""Fgf22"",""Fgfr2""]",2.5,-0.023249243668805947
"[""Fgf23"",""Fgfr1""]",2.5,-0.008310794093208848
"[""Fgf23"",""Fgfr3""]",2.5,-0.01987469304914253
"[""Fgf23"",""Fgfr4""]",2.5,-0.0060688973064582895
"[""Fgf3"",""Fgfr1""]",2.5,-0.01122783444332201
"[""Fgf3"",""Fgfr2""]",2.5,-0.025864444527405925
"[""Fgf4"",""Fgfr1""]",2.5,-0.0038309163352769383
"[""Fgf4"",""Fgfr2""]",2.5,-0.010052979811009707
"[""Fgf4"",""Fgfr3""]",2.5,-0.008411716585980791
"[""Fgf4"",""Fgfr4""]",2.5,-0.0025066150422576976
"[""Fgf5"",""Fgfr1""]",2.5,-0.003104335557379062
"[""Fgf5"",""Fgfr2""]",2.5,-0.007943779791140759
"[""Fgf5"",""Fgfr3""]",2.5,-0.006718690633685371
"[""Fgf5"",""Fgfr4""]",2.5,-0.0023850666054788796
"[""Fgf7"",""Fgfr1""]",2.5,-0.0029458290575653037
"[""Fgf7"",""Fgfr2""]",2.5,-0.0038864113889118534
"[""Fgf8"",""Fgfr1""]",2.5,-0.004970814964516088
"[""Fgf8"",""Fgfr2""]",2.5,-0.013986493998964986
"[""Fgf8"",""Fgfr3""]",2.5,-0.010725092543952992
"[""Fgf8"",""Fgfr4""]",2.5,-0.004288496277107932
"[""Fgf9"",""Fgfr1""]",2.5,-0.004514572156276344
"[""Fgf9"",""Fgfr2""]",2.5,-0.011247218261480937
"[""Fgf9"",""Fgfr3""]",2.5,-0.010368416299252711
"[""Fgf9"",""Fgfr4""]",2.5,-0.0028209128524504246
"[""Flt3l"",""Flt3""]",2.5,-0.009362384893772991
"[""Fn1"",""Cd44""]",2.5,0.0013463256981739863
"[""Fn1"",""Itga2b_Itgb3""]",2.5,-0.002817497949840514
"[""Fn1"",""Itga3_Itgb1""]",2.5,-0.004411221720520268
"[""Fn1"",""Itga4_Itgb1""]",2.5,-0.0019417599662655983
"[""Fn1"",""Itga4_Itgb7""]",2.5,-0.003925699720990088
"[""Fn1"",""Itga5_Itgb1""]",2.5,-0.003082726085113875
"[""Fn1"",""Itga8_Itgb1""]",2.5,-0.003651659820015491
"[""Fn1"",""Itgav_Itgb1""]",2.5,-0.0038454381509781498
"[""Fn1"",""Itgav_Itgb3""]",2.5,-0.0028441444413895775
"[""Fn1"",""Itgav_Itgb6""]",2.5,-0.002324477676987697
"[""Fn1"",""Itgav_Itgb8""]",2.5,-0.004489295836268548
"[""Fn1"",""Sdc1""]",2.5,-0.0040718222494208305
"[""Fn1"",""Sdc4""]",2.5,-0.004219615456782656
"[""Gal"",""Galr1""]",2.5,0.035193292273530935
"[""Gal"",""Galr2""]",2.5,0.01594661400745239
"[""Gal"",""Galr3""]",2.5,0.0009398671169491557
"[""Galp"",""Galr1""]",2.5,-0.021689565062196554
"[""Galp"",""Galr2""]",2.5,-0.006399641002049783
"[""Gas6"",""Axl""]",2.5,-0.002467071184510422
"[""Gas6"",""Mertk""]",2.5,-0.004671309461156941
"[""Gas6"",""Tyro3""]",2.5,-0.004991999042539247
"[""Gcg"",""Gcgr""]",2.5,0.005999233114859698
"[""Gcg"",""Gipr""]",2.5,-0.007767570944306412
"[""Gcg"",""Glp1r""]",2.5,-0.006566421275489072
"[""Gcg"",""Glp2r""]",2.5,0.005848272843023014
"[""Gdf10"",""Acvr1b_Acvr2a""]",2.5,-0.006246742217203512
"[""Gdf11"",""Acvr1b_Acvr2b""]",2.5,-0.01206943375490438
"[""Gdf11"",""Tgfbr1_Acvr2a""]",2.5,-0.008343815112946712
"[""Gdf11"",""Tgfbr1_Acvr2b""]",2.5,-0.008630321834827299
"[""Gdf15"",""Tgfbr2""]",2.5,-0.00047016697329727714
"[""Gdf2"",""Acvrl1_Acvr2a""]",2.5,0.023819596975169166
"[""Gdf2"",""Acvrl1_Bmpr2""]",2.5,0.023819596975169166
"[""Gdf3"",""Acvr1b_Acvr2a_Cfc1""]",2.5,0.011941220657377738
"[""Gdf3"",""Acvr1b_Acvr2b_Cfc1""]",2.5,0.011941220657377738
"[""Gdf3"",""Acvr1c_Acvr2a_Cfc1""]",2.5,0.011941220657377738
"[""Gdf3"",""Acvr1c_Acvr2b_Cfc1""]",2.5,0.011941220657377738
"[""Gdf5"",""Bmpr1a_Acvr2a""]",2.5,-0.005322772667326652
"[""Gdf5"",""Bmpr1a_Acvr2b""]",2.5,-0.0054153966385990585
"[""Gdf5"",""Bmpr1a_Bmpr2""]",2.5,-0.004334486306286854
"[""Gdf5"",""Bmpr1b_Acvr2a""]",2.5,-0.0052816574538862345
"[""Gdf5"",""Bmpr1b_Acvr2b""]",2.5,-0.0050392546663100765
"[""Gdf5"",""Bmpr1b_Bmpr2""]",2.5,-0.002845167878871768
"[""Gdf6"",""Bmpr1a_Acvr2a""]",2.5,-0.005607664602516179
"[""Gdf6"",""Bmpr1a_Acvr2b""]",2.5,-0.0053672757506408
"[""Gdf6"",""Bmpr1a_Bmpr2""]",2.5,-0.004298238725301892
"[""Gdf6"",""Bmpr1b_Acvr2a""]",2.5,-0.005087023333536549
"[""Gdf6"",""Bmpr1b_Acvr2b""]",2.5,-0.005106939484429139
"[""Gdf6"",""Bmpr1b_Bmpr2""]",2.5,-0.003018437629014287
"[""Gdf7"",""Bmpr1a_Acvr2a""]",2.5,-0.009204455396469368
"[""Gdf7"",""Bmpr1a_Acvr2b""]",2.5,-0.009008828332853581
"[""Gdf7"",""Bmpr1a_Bmpr2""]",2.5,-0.006558532320505232
"[""Gdf7"",""Bmpr1b_Acvr2a""]",2.5,-0.007489281833271915
"[""Gdf7"",""Bmpr1b_Acvr2b""]",2.5,-0.008076385653460172
"[""Gdf7"",""Bmpr1b_Bmpr2""]",2.5,-0.004415136580164522
"[""Gdf9"",""Acvr1b_Bmpr2""]",2.5,-0.012544483830309067
"[""Gdnf"",""Gfra1_Ret""]",2.5,-0.01065849626175154
"[""Ghrh"",""Vipr1""]",2.5,-0.01097558175914095
"[""Ghrh"",""Vipr2""]",2.5,-0.008797400630686642
"[""Gip"",""Gipr""]",2.5,-0.006198602340906058
"[""Gm7030"",""Cd8a""]",2.5,-0.0075487511431079
"[""Gm7030"",""Cd8b1""]",2.5,-0.014614199018467729
"[""Gm8909"",""Cd8a""]",2.5,-0.007559932749327906
"[""Gm8909"",""Cd8b1""]",2.5,-0.01640718588464427
"[""Gp1ba"",""Itgam_Itgb2""]",2.5,-0.000353950238591777
"[""Grn"",""Sort1""]",2.5,-0.006658987821104544
"[""Grp"",""Grpr""]",2.5,-0.00849167500736376
"[""Guca2a"",""Gucy2c""]",2.5,-0.0059652872175881035
"[""Guca2b"",""Gucy2c""]",2.5,-0.012227348409795183
"[""Gzma"",""F2r""]",2.5,-0.0034980614120868614
"[""Gzma"",""F2rl1""]",2.5,0.0233679552655231
"[""Gzma"",""F2rl2""]",2.5,0.004209816032141558
"[""Gzma"",""F2rl3""]",2.5,0.00726445929773098
"[""Gzma"",""Pard3""]",2.5,-0.005185973395228388
"[""H2-Aa"",""Cd4""]",2.5,-0.000705234977728314
"[""H2-Ab1"",""Cd4""]",2.5,-0.00385603486284275
"[""H2-D1"",""Cd8a""]",2.5,-0.009031956945333791
"[""H2-D1"",""Cd8b1""]",2.5,-0.013885904096928626
"[""H2-DMa"",""Cd4""]",2.5,-0.008887919744638456
"[""H2-DMb1"",""Cd4""]",2.5,-0.007223015219117321
"[""H2-DMb2"",""Cd4""]",2.5,-0.009490538934083251
"[""H2-Eb1"",""Cd4""]",2.5,-0.00626864277304065
"[""H2-K1"",""Cd8a""]",2.5,-0.008154178868724701
"[""H2-K1"",""Cd8b1""]",2.5,-0.013920680303380365
"[""H2-M3"",""Cd8a""]",2.5,-0.005824155110328241
"[""H2-M3"",""Cd8b1""]",2.5,-0.006765261136970936
"[""H2-M5"",""Cd8a""]",2.5,-0.009001257458376632
"[""H2-M5"",""Cd8b1""]",2.5,-0.020533884612548507
"[""H2-Oa"",""Cd4""]",2.5,-0.006676246902099406
"[""H2-Q1"",""Cd8a""]",2.5,-0.009260453855363941
"[""H2-Q1"",""Cd8b1""]",2.5,-0.021257208124349315
"[""H2-Q10"",""Cd8a""]",2.5,0.002729639894270386
"[""H2-Q10"",""Cd8b1""]",2.5,-0.004636504443721545
"[""H2-Q2"",""Cd8a""]",2.5,-0.011457647530604588
"[""H2-Q2"",""Cd8b1""]",2.5,-0.023985327493964422
"[""H2-Q4"",""Cd8a""]",2.5,-0.006668944673844575
"[""H2-Q4"",""Cd8b1""]",2.5,-0.011933663633815022
"[""H2-Q6"",""Cd8a""]",2.5,-0.00492941483516043
"[""H2-Q6"",""Cd8b1""]",2.5,-0.007916073075473914
"[""H2-Q7"",""Cd8a""]",2.5,-0.0070894356534042784
"[""H2-Q7"",""Cd8b1""]",2.5,-0.0120964775292892
"[""H2-T22"",""Cd8a""]",2.5,-0.005470149824804822
"[""H2-T22"",""Cd8b1""]",2.5,-0.008222318660661204
"[""H2-T23"",""Cd8a""]",2.5,-0.008048740694861431
"[""H2-T23"",""Cd8b1""]",2.5,-0.01100152986066081
"[""H2-T24"",""Cd8a""]",2.5,-0.0076067127104488715
"[""H2-T24"",""Cd8b1""]",2.5,-0.016633975567631645
"[""H2-T3"",""Cd8a""]",2.5,-0.012443694626982563
"[""H2-T3"",""Cd8b1""]",2.5,-0.03308348365579343
"[""Hbegf"",""Egfr""]",2.5,-0.003867109822571057
"[""Hbegf"",""Egfr_Erbb2""]",2.5,-0.006514831552020407
"[""Hbegf"",""Erbb2_Erbb4""]",2.5,-0.008186295012322042
"[""Hbegf"",""Erbb4""]",2.5,-0.005657477865721721
"[""Hc"",""C5ar1""]",2.5,0.011058268997133996
"[""Hcrt"",""Hcrtr1""]",2.5,-0.049553562922645567
"[""Hcrt"",""Hcrtr2""]",2.5,-0.042465972081390496
"[""Hgf"",""Met""]",2.5,-0.00447783827213287
"[""Hspg2"",""Dag1""]",2.5,-0.006229559245767503
"[""Iapp"",""Calcr""]",2.5,-0.004947258848556513
"[""Iapp"",""Calcrl""]",2.5,-0.0043677690598996205
"[""Ibsp"",""Itgav_Itgb3""]",2.5,0.0001442885249145348
"[""Ibsp"",""Itgav_Itgb5""]",2.5,-0.00761776598615399
"[""Icam1"",""Itgal""]",2.5,0.00436187405349249
"[""Icam1"",""Itgal_Itgb2""]",2.5,-0.000506376119769128
"[""Icam1"",""Itgam_Itgb2""]",2.5,-0.0005117637883735454
"[""Icam1"",""Itgax_Itgb2""]",2.5,-0.005106295047161487
"[""Icam1"",""Spn""]",2.5,0.025738321011617757
"[""Icam2"",""Itgal_Itgb2""]",2.5,-0.0009945732672584987
"[""Icam2"",""Itgam_Itgb2""]",2.5,-0.0010022386206533576
"[""Icosl"",""Cd28""]",2.5,-0.004616382059512883
"[""Icosl"",""Ctla4""]",2.5,-0.005196455176105813
"[""Icosl"",""Icos""]",2.5,-0.005639075165986607
"[""Ifnk"",""Ifnar1_Ifnar2""]",2.5,-0.004358793027960683
"[""Igf1"",""Igf1r""]",2.5,-0.004201370478290254
"[""Igf1"",""Itga6_Itgb4""]",2.5,-0.004633916800515732
"[""Igf1"",""Itgav_Itgb3""]",2.5,-0.0018411070935434662
"[""Igf2"",""Igf1r""]",2.5,-0.005460603147030507
"[""Igf2"",""Igf2r""]",2.5,-0.0034283814437371316
"[""Igf2"",""Itga6_Itgb4""]",2.5,-0.005471001422513777
"[""Igf2"",""Itgav_Itgb3""]",2.5,0.000577365812469921
"[""Ihh"",""Ptch1_Smo""]",2.5,-0.006109505149683048
"[""Ihh"",""Ptch2_Smo""]",2.5,-0.006371129408047425
"[""Il10"",""Il10ra_Il10rb""]",2.5,-0.010685831592816289
"[""Il11"",""Il11ra1_Il6st""]",2.5,-0.009287651580154824
"[""Il15"",""Il15ra_Il2rb_Il2rg""]",2.5,-0.002990961293965491
"[""Il16"",""Cd4""]",2.5,-0.006815606272725157
"[""Il17b"",""Il17rb""]",2.5,-0.000776926490170346
"[""Il17f"",""Il17ra_Il17rc""]",2.5,-0.01464007743014219
"[""Il18"",""Il18r1_Il18rap""]",2.5,-0.008914538369361291
"[""Il19"",""Il20ra_Il20rb""]",2.5,-0.008488921952955083
"[""Il1a"",""Il1r1_Il1rap""]",2.5,-0.0035033138868920295
"[""Il1b"",""Il1r1_Il1rap""]",2.5,-0.0029085011602133573
"[""Il2"",""Il2ra_Il2rb_Il2rg""]",2.5,-0.008768642461403534
"[""Il2"",""Il2rb_Il2rg""]",2.5,-0.008233899775164491
"[""Il22"",""Il22ra1_Il10rb""]",2.5,-0.018402368311746457
"[""Il25"",""Il17ra_Il17rb""]",2.5,0.004284010540998348
"[""Il27_Ebi3"",""Il27ra_Il6st""]",2.5,-0.006806507152987633
"[""Il31"",""Il31ra_Osmr""]",2.5,-0.010074796772123099
"[""Il33"",""Il1rl1_Il1rap""]",2.5,-0.002765002606307975
"[""Il34"",""Csf1r""]",2.5,-0.010054458061231071
"[""Il4"",""Il4ra""]",2.5,-0.014617703468792181
"[""Il4"",""Il4ra_Il13ra1""]",2.5,-0.012377132637202776
"[""Il4"",""Il4ra_Il13ra2""]",2.5,-0.012750725892013731
"[""Il4"",""Il4ra_Il2rg""]",2.5,-0.005884224881758965
"[""Il5"",""Il5ra_Csf2rb""]",2.5,-0.011181825730665595
"[""Il6"",""Il6ra_Il6st""]",2.5,-0.011685640400716811
"[""Il7"",""Il7r_Il2rg""]",2.5,0.0022201301519916283
"[""Inha_Inhba"",""Acvr2a""]",2.5,-0.008199303038729344
"[""Inha_Inhbb"",""Acvr2b""]",2.5,-0.01353639510149782
"[""Inhba"",""Acvr1b_Acvr2a""]",2.5,-0.007817888828650279
"[""Inhba"",""Acvr1b_Acvr2b""]",2.5,-0.009909322178998425
"[""Inhba_Inhbb"",""Acvr1b_Acvr2a""]",2.5,-0.01665568274796425
"[""Inhba_Inhbb"",""Acvr1b_Acvr2b""]",2.5,-0.022084002212627456
"[""Inhba_Inhbb"",""Acvr1c_Acvr2a""]",2.5,-0.019085075261933197
"[""Inhba_Inhbb"",""Acvr1c_Acvr2b""]",2.5,-0.019085075261933197
"[""Inhbb"",""Acvr1b_Acvr2a""]",2.5,-0.014016232148276145
"[""Inhbb"",""Acvr1b_Acvr2b""]",2.5,-0.018709296011075523
"[""Inhbb"",""Acvr1c_Acvr2a""]",2.5,-0.01651675152812935
"[""Inhbb"",""Acvr1c_Acvr2b""]",2.5,-0.01651675152812935
"[""Inhbc"",""Acvr1b_Acvr2a""]",2.5,0.0174473707431356
"[""Inhbc"",""Acvr1b_Acvr2b""]",2.5,-0.011089303786788296
"[""Inhbc"",""Acvr1c_Acvr2a""]",2.5,0.012787101324598708
"[""Inhbc"",""Acvr1c_Acvr2b""]",2.5,0.012787101324598708
"[""Inhbe"",""Acvr1b_Acvr2a""]",2.5,-0.007064114425032589
"[""Inhbe"",""Acvr1b_Acvr2b""]",2.5,-0.012205289171505707
"[""Inhbe"",""Acvr1c_Acvr2a""]",2.5,-0.00993970397068972
"[""Inhbe"",""Acvr1c_Acvr2b""]",2.5,-0.00993970397068972
"[""Ins2"",""Insr""]",2.5,-0.006560668679203352
"[""Insl5"",""Rxfp1""]",2.5,-0.0038724643447600746
"[""Insl5"",""Rxfp2""]",2.5,-0.0031479066126314605
"[""Insl5"",""Rxfp3""]",2.5,-0.0047074334842298286
"[""Itga4_Itgb1"",""Vcam1""]",2.5,-0.0022148059918982513
"[""Itga4_Itgb7"",""Vcam1""]",2.5,-0.0045812772564277
"[""Itga9_Itgb1"",""Vcam1""]",2.5,-0.004797201521531916
"[""Itgal_Itgb2"",""Cd226""]",2.5,-0.006238529896852023
"[""Itgal_Itgb2"",""Icam1""]",2.5,-3.540965316466138e-05
"[""Itgal_Itgb2"",""Icam2""]",2.5,-0.0005600001586502021
"[""Jag1"",""Notch1""]",2.5,-0.007827964856829454
"[""Jag1"",""Notch2""]",2.5,-0.005387657820442024
"[""Jag1"",""Notch3""]",2.5,-0.005944973576392364
"[""Jag1"",""Notch4""]",2.5,-0.007958690800544066
"[""Jag2"",""Notch1""]",2.5,-0.012024284732305171
"[""Jag2"",""Notch2""]",2.5,-0.009650353905756151
"[""Jag2"",""Notch3""]",2.5,-0.009830713319737259
"[""Jag2"",""Notch4""]",2.5,-0.012774355803298498
"[""Jam2"",""F11r""]",2.5,-0.006343872890293124
"[""Jam2"",""Itga3_Itgb1""]",2.5,-0.007574718937328074
"[""Jam2"",""Itgav_Itgb1""]",2.5,-0.0066742664343163866
"[""Jam2"",""Jam2""]",2.5,-0.00738110462871696
"[""Jam2"",""Jam3""]",2.5,-0.004688166381415898
"[""Jam3"",""F11r""]",2.5,-0.0048435032915303995
"[""Jam3"",""Itgam_Itgb2""]",2.5,-0.004535386505372694
"[""Jam3"",""Jam2""]",2.5,-0.0046941185282412465
"[""Jam3"",""Jam3""]",2.5,-0.0032137201804248875
"[""Kitl"",""Kit""]",2.5,-0.008525600415322153
"[""Kng1"",""Bdkrb1""]",2.5,0.09224855039038599
"[""Kng1"",""Bdkrb2""]",2.5,0.15420507232685576
"[""Kng2"",""Bdkrb1""]",2.5,-0.006753041583214405
"[""Kng2"",""Bdkrb2""]",2.5,-0.005845562151121796
"[""L1cam"",""Itga4_Itgb7""]",2.5,-0.020765068020959315
"[""L1cam"",""Itgav_Itgb3""]",2.5,-0.01635747442856733
"[""L1cam"",""L1cam""]",2.5,-0.03487876793486888
"[""Lama1"",""Cd44""]",2.5,-0.04186114504846728
"[""Lama1"",""Dag1""]",2.5,-0.007788685891704917
"[""Lama1"",""Itga1_Itgb1""]",2.5,-0.006334148443405626
"[""Lama1"",""Itga2_Itgb1""]",2.5,-0.006938090763990349
"[""Lama1"",""Itga3_Itgb1""]",2.5,-0.008770223127301833
"[""Lama1"",""Itga6_Itgb1""]",2.5,-0.0061833099723609015
"[""Lama1"",""Itga6_Itgb4""]",2.5,-0.011396046004580258
"[""Lama1"",""Itga7_Itgb1""]",2.5,-0.007232889690759161
"[""Lama1"",""Itga9_Itgb1""]",2.5,-0.006500671010207903
"[""Lama1"",""Itgav_Itgb8""]",2.5,-0.01018344213378104
"[""Lama1"",""Sv2a""]",2.5,-0.03361537527616484
"[""Lama1"",""Sv2b""]",2.5,-0.015960328305379357
"[""Lama1"",""Sv2c""]",2.5,-0.01714130834618583
"[""Lama2"",""Cd44""]",2.5,-0.012916550756717106
"[""Lama2"",""Dag1""]",2.5,-0.0036704430615436975
"[""Lama2"",""Itga1_Itgb1""]",2.5,-0.003392954477558296
"[""Lama2"",""Itga2_Itgb1""]",2.5,-0.0035490045442170674
"[""Lama2"",""Itga3_Itgb1""]",2.5,-0.004545371348593664
"[""Lama2"",""Itga6_Itgb1""]",2.5,-0.003117153240351489
"[""Lama2"",""Itga6_Itgb4""]",2.5,-0.00588486283854751
"[""Lama2"",""Itga7_Itgb1""]",2.5,-0.0025929329136093636
"[""Lama2"",""Itga9_Itgb1""]",2.5,-0.0032179952361920333
"[""Lama2"",""Itgav_Itgb8""]",2.5,-0.003980104096042121
"[""Lama2"",""Sv2a""]",2.5,-0.016043895364653508
"[""Lama2"",""Sv2b""]",2.5,-0.006425702799644495
"[""Lama2"",""Sv2c""]",2.5,-0.007087992005168164
"[""Lama3"",""Cd44""]",2.5,-0.001868179308404369
"[""Lama3"",""Dag1""]",2.5,-0.00688947701009225
"[""Lama3"",""Itga1_Itgb1""]",2.5,-0.004552206418154264
"[""Lama3"",""Itga2_Itgb1""]",2.5,-0.006138680466491322
"[""Lama3"",""Itga3_Itgb1""]",2.5,-0.008821074472182047
"[""Lama3"",""Itga6_Itgb1""]",2.5,-0.005141585790910215
"[""Lama3"",""Itga6_Itgb4""]",2.5,-0.012222243123496217
"[""Lama3"",""Itga7_Itgb1""]",2.5,-0.0011590606601644057
"[""Lama3"",""Itga9_Itgb1""]",2.5,-0.0066564256231944445
"[""Lama3"",""Itgav_Itgb8""]",2.5,-0.009102418628449477
"[""Lama3"",""Sv2a""]",2.5,-0.02620814575834718
"[""Lama3"",""Sv2b""]",2.5,-0.01220509901314806
"[""Lama3"",""Sv2c""]",2.5,-0.01165006322002813
"[""Lama4"",""Cd44""]",2.5,0.024855766388890338
"[""Lama4"",""Dag1""]",2.5,-0.003674486995252673
"[""Lama4"",""Itga1_Itgb1""]",2.5,-0.0021878765519310756
"[""Lama4"",""Itga2_Itgb1""]",2.5,-0.00302467497099523
"[""Lama4"",""Itga3_Itgb1""]",2.5,-0.00492460560696386
"[""Lama4"",""Itga6_Itgb1""]",2.5,-0.002644394573356919
"[""Lama4"",""Itga6_Itgb4""]",2.5,-0.0054174791526529174
"[""Lama4"",""Itga7_Itgb1""]",2.5,0.0018940270887026975
"[""Lama4"",""Itga9_Itgb1""]",2.5,-0.004029590666269289
"[""Lama4"",""Itgav_Itgb8""]",2.5,-0.0061478963044666445
"[""Lama4"",""Sv2a""]",2.5,-0.011358216877354027
"[""Lama4"",""Sv2b""]",2.5,-0.004254397649045033
"[""Lama4"",""Sv2c""]",2.5,-0.0022268002444335994
"[""Lama5"",""Cd44""]",2.5,0.037681311049293065
"[""Lama5"",""Dag1""]",2.5,-0.006511278450575333
"[""Lama5"",""Itga1_Itgb1""]",2.5,-0.00357602396498748
"[""Lama5"",""Itga2_Itgb1""]",2.5,-0.006090803151528393
"[""Lama5"",""Itga3_Itgb1""]",2.5,-0.008587927377400936
"[""Lama5"",""Itga6_Itgb1""]",2.5,-0.004717537333300631
"[""Lama5"",""Itga6_Itgb4""]",2.5,-0.0117025616670465
"[""Lama5"",""Itga7_Itgb1""]",2.5,0.0008477899521062912
"[""Lama5"",""Itga9_Itgb1""]",2.5,-0.007503610986511661
"[""Lama5"",""Itgav_Itgb8""]",2.5,-0.011144742942414456
"[""Lama5"",""Sv2a""]",2.5,-0.022057299837171668
"[""Lama5"",""Sv2b""]",2.5,-0.013235977063578347
"[""Lama5"",""Sv2c""]",2.5,-0.014078886790111295
"[""Lamb1"",""Cd44""]",2.5,0.010506127810284288
"[""Lamb1"",""Dag1""]",2.5,-0.003393730158207788
"[""Lamb1"",""Itga1_Itgb1""]",2.5,-0.002435512259765134
"[""Lamb1"",""Itga2_Itgb1""]",2.5,-0.0030009952934496632
"[""Lamb1"",""Itga3_Itgb1""]",2.5,-0.004406734831289432
"[""Lamb1"",""Itga6_Itgb1""]",2.5,-0.0026961269323655494
"[""Lamb1"",""Itga6_Itgb4""]",2.5,-0.004971105439272153
"[""Lamb1"",""Itga7_Itgb1""]",2.5,0.0004030850744856235
"[""Lamb1"",""Itga9_Itgb1""]",2.5,-0.003687458698943071
"[""Lamb1"",""Itgav_Itgb8""]",2.5,-0.005162768749880654
"[""Lamb1"",""Sv2a""]",2.5,-0.011544980858897533
"[""Lamb1"",""Sv2b""]",2.5,-0.004412713857864695
"[""Lamb1"",""Sv2c""]",2.5,-0.003433373088583387
"[""Lamb2"",""Cd44""]",2.5,0.03290460012236318
"[""Lamb2"",""Dag1""]",2.5,-0.005719087440854944
"[""Lamb2"",""Itga1_Itgb1""]",2.5,-0.003409812557849036
"[""Lamb2"",""Itga2_Itgb1""]",2.5,-0.004804711973104361
"[""Lamb2"",""Itga3_Itgb1""]",2.5,-0.007387403649417049
"[""Lamb2"",""Itga6_Itgb1""]",2.5,-0.0042058105971955195
"[""Lamb2"",""Itga6_Itgb4""]",2.5,-0.008399254015738166
"[""Lamb2"",""Itga7_Itgb1""]",2.5,0.0017516016504077053
"[""Lamb2"",""Itga9_Itgb1""]",2.5,-0.005840850660984682
"[""Lamb2"",""Itgav_Itgb8""]",2.5,-0.009498356125003812
"[""Lamb2"",""Sv2a""]",2.5,-0.01765971437911512
"[""Lamb2"",""Sv2b""]",2.5,-0.009194426514410131
"[""Lamb2"",""Sv2c""]",2.5,-0.007968986959704175
"[""Lamb3"",""Cd44""]",2.5,-0.00807406393019558
"[""Lamb3"",""Dag1""]",2.5,-0.006032594187705324
"[""Lamb3"",""Itga1_Itgb1""]",2.5,-0.004111551209483078
"[""Lamb3"",""Itga2_Itgb1""]",2.5,-0.005852365116691164
"[""Lamb3"",""Itga3_Itgb1""]",2.5,-0.00785726162011037
"[""Lamb3"",""Itga6_Itgb1""]",2.5,-0.0046345034882882795
"[""Lamb3"",""Itga6_Itgb4""]",2.5,-0.010728615509938953
"[""Lamb3"",""Itga7_Itgb1""]",2.5,-0.0017854407597791538
"[""Lamb3"",""Itga9_Itgb1""]",2.5,-0.006235870906170919
"[""Lamb3"",""Itgav_Itgb8""]",2.5,-0.008795173980199956
"[""Lamb3"",""Sv2a""]",2.5,-0.025225294152944243
"[""Lamb3"",""Sv2b""]",2.5,-0.01173784005868541
"[""Lamb3"",""Sv2c""]",2.5,-0.013139648164461809
"[""Lamc1"",""Cd44""]",2.5,0.005601150091168947
"[""Lamc1"",""Dag1""]",2.5,-0.004244389627474209
"[""Lamc1"",""Itga1_Itgb1""]",2.5,-0.0028806994432936384
"[""Lamc1"",""Itga2_Itgb1""]",2.5,-0.003725305502574612
"[""Lamc1"",""Itga3_Itgb1""]",2.5,-0.005446340372269813
"[""Lamc1"",""Itga6_Itgb1""]",2.5,-0.003161139732287129
"[""Lamc1"",""Itga6_Itgb4""]",2.5,-0.006742912783154989
"[""Lamc1"",""Itga7_Itgb1""]",2.5,-2.4959502099811126e-05
"[""Lamc1"",""Itga9_Itgb1""]",2.5,-0.004321298549201571
"[""Lamc1"",""Itgav_Itgb8""]",2.5,-0.006514811970257547
"[""Lamc1"",""Sv2a""]",2.5,-0.01713283002515821
"[""Lamc1"",""Sv2b""]",2.5,-0.006820225606728111
"[""Lamc1"",""Sv2c""]",2.5,-0.006075100327504329
"[""Lamc2"",""Cd44""]",2.5,0.03792341060227855
"[""Lamc2"",""Dag1""]",2.5,-0.006901223331214117
"[""Lamc2"",""Itga1_Itgb1""]",2.5,-0.0021386091608652513
"[""Lamc2"",""Itga2_Itgb1""]",2.5,-0.0059548370841045264
"[""Lamc2"",""Itga3_Itgb1""]",2.5,-0.00946076110895265
"[""Lamc2"",""Itga6_Itgb1""]",2.5,-0.004575527241962744
"[""Lamc2"",""Itga6_Itgb4""]",2.5,-0.012504380831100077
"[""Lamc2"",""Itga7_Itgb1""]",2.5,0.009960220657739466
"[""Lamc2"",""Itga9_Itgb1""]",2.5,-0.008834741635614405
"[""Lamc2"",""Itgav_Itgb8""]",2.5,-0.014148507054314936
"[""Lamc2"",""Sv2a""]",2.5,-0.012834009539225644
"[""Lamc2"",""Sv2b""]",2.5,-0.009986256349058031
"[""Lamc2"",""Sv2c""]",2.5,-0.004060321009235979
"[""Lamc3"",""Cd44""]",2.5,-0.08731702385800313
"[""Lamc3"",""Dag1""]",2.5,-0.010045388616298397
"[""Lamc3"",""Itga1_Itgb1""]",2.5,-0.0072921083641462135
"[""Lamc3"",""Itga2_Itgb1""]",2.5,-0.008727325952860382
"[""Lamc3"",""Itga3_Itgb1""]",2.5,-0.0115799460742215
"[""Lamc3"",""Itga6_Itgb1""]",2.5,-0.007605621137603389
"[""Lamc3"",""Itga6_Itgb4""]",2.5,-0.01578136031220176
"[""Lamc3"",""Itga7_Itgb1""]",2.5,-0.009937524806769679
"[""Lamc3"",""Itga9_Itgb1""]",2.5,-0.008500747271760811
"[""Lamc3"",""Itgav_Itgb8""]",2.5,-0.013288785378206087
"[""Lamc3"",""Sv2a""]",2.5,-0.04845713319984453
"[""Lamc3"",""Sv2b""]",2.5,-0.023533986922337376
"[""Lamc3"",""Sv2c""]",2.5,-0.026483254647496336
"[""Lck"",""Cd8a_Cd8b1""]",2.5,-0.007709640012646481
"[""Lgals9"",""Cd44""]",2.5,0.10953508811041723
"[""Lgals9"",""Havcr2""]",2.5,-0.005056529557659985
"[""Lgals9"",""Ighm""]",2.5,0.004144084905040979
"[""Lgals9"",""Ptprc""]",2.5,0.005624399778086361
"[""Lhb"",""Lhcgr""]",2.5,-0.009198889547376132
"[""Lif"",""Lifr_Il6st""]",2.5,-0.0049410512975878035
"[""Lrrc4"",""Ntng2""]",2.5,-0.024622994193920826
"[""Lrrc4b"",""Ptprf""]",2.5,-0.03423997241633338
"[""Lrrc4c"",""Ntng1""]",2.5,-0.013188237813788363
"[""Lta"",""Tnfrsf14""]",2.5,0.008558653390786097
"[""Lta"",""Tnfrsf1a""]",2.5,-0.0062268955998072695
"[""Lta"",""Tnfrsf1b""]",2.5,0.004520259835020524
"[""Lta_Ltb"",""Ltbr""]",2.5,-0.005155617820840092
"[""Madcam1"",""Itga4_Itgb7""]",2.5,-0.005449632241448517
"[""Mag"",""Mag""]",2.5,0.010029379420791462
"[""Mdk"",""Alk""]",2.5,-0.004030102806024708
"[""Mdk"",""Itga4_Itgb1""]",2.5,-0.002663962641556569
"[""Mdk"",""Itga6_Itgb1""]",2.5,-0.0036449300015203388
"[""Mdk"",""Lrp1""]",2.5,-0.004399898247984391
"[""Mdk"",""Ncl""]",2.5,-0.0029678235331887844
"[""Mdk"",""Ptprz1""]",2.5,-0.007458280196632191
"[""Mdk"",""Sdc1""]",2.5,-0.004487012677629246
"[""Mdk"",""Sdc2""]",2.5,-0.0037519174871933174
"[""Mdk"",""Sdc4""]",2.5,-0.0063561885430441604
"[""Mif"",""Ackr3""]",2.5,-0.006185184012661028
"[""Mif"",""Cd74_Cd44""]",2.5,-0.007267557504829825
"[""Mif"",""Cd74_Cxcr2""]",2.5,-0.004439756087279957
"[""Mif"",""Cd74_Cxcr4""]",2.5,-0.006755959899723371
"[""Mpz"",""Mpz""]",2.5,0.00998820175576319
"[""Mpz"",""Mpzl1""]",2.5,-0.002776004091036066
"[""Mpzl1"",""Mpzl1""]",2.5,-0.008428651003719034
"[""Mstn"",""Acvr1b_Acvr2a""]",2.5,-0.0036861794703273235
"[""Mstn"",""Acvr1b_Acvr2b""]",2.5,-0.005004314221109573
"[""Mstn"",""Tgfbr1_Acvr2a""]",2.5,-0.0029605111996698717
"[""Mstn"",""Tgfbr1_Acvr2b""]",2.5,-0.0031189266427724457
"[""Nampt"",""Insr""]",2.5,-0.007141470006385224
"[""Nampt"",""Itga5_Itgb1""]",2.5,-0.004791240725353422
"[""Ncam1"",""Fgfr1""]",2.5,-0.008252205230053898
"[""Ncam1"",""L1cam""]",2.5,-0.06500402480548065
"[""Ncam1"",""Ncam1""]",2.5,-0.0327430329713825
"[""Ncam1"",""Ncam2""]",2.5,-0.022942342261007248
"[""Ncam2"",""L1cam""]",2.5,-0.038909775838416996
"[""Nectin1"",""Cadm3""]",2.5,-0.036878307155973025
"[""Nectin1"",""Cd96""]",2.5,-0.01125427881926674
"[""Nectin1"",""Nectin3""]",2.5,-0.008050938819788413
"[""Nectin1"",""Nectin4""]",2.5,-0.025384074562104245
"[""Nectin2"",""Cd226""]",2.5,-0.014644382473882674
"[""Nectin2"",""Tigit""]",2.5,-0.006897524318169207
"[""Nectin3"",""Nectin1""]",2.5,-0.008010746928629823
"[""Nectin3"",""Nectin2""]",2.5,-0.005727033330979505
"[""Nectin3"",""Pvr""]",2.5,-0.0047446226899665635
"[""Nectin3"",""Tigit""]",2.5,-0.005042871318984773
"[""Negr1"",""Negr1""]",2.5,-0.014210874912456253
"[""Nfasc"",""Cntn1_Cntnap1""]",2.5,-0.03914380367660619
"[""Ngf"",""Ngfr""]",2.5,-0.004254966883462479
"[""Ngf"",""Ntrk1""]",2.5,-0.005632618541130123
"[""Nmb"",""Nmbr""]",2.5,-0.006403335315128385
"[""Nms"",""Nmur1""]",2.5,-0.03539824174400695
"[""Nms"",""Nmur2""]",2.5,-0.002731599760418424
"[""Nmu"",""Nmur1""]",2.5,-0.012143168443862925
"[""Nmu"",""Nmur2""]",2.5,-0.00906113820529364
"[""Nodal"",""Acvr1b_Acvr2a_Cfc1""]",2.5,-0.0020493330625370038
"[""Nodal"",""Acvr1b_Acvr2b_Cfc1""]",2.5,-0.0020493330625370038
"[""Nodal"",""Acvr1c_Acvr2a_Cfc1""]",2.5,-0.0020493330625370038
"[""Nodal"",""Acvr1c_Acvr2b_Cfc1""]",2.5,-0.0020493330625370038
"[""Npb"",""Npbwr1""]",2.5,0.007395877838486498
"[""Npff"",""Npffr1""]",2.5,-0.02445323681231512
"[""Npff"",""Npffr2""]",2.5,-0.010681041628091947
"[""Npnt_Fras1_Frem1"",""Itga8_Itgb1""]",2.5,-0.005984034980355156
"[""Npnt_Fras1_Frem2"",""Itga8_Itgb1""]",2.5,-0.004639144515362397
"[""Nppa"",""Npr1""]",2.5,-0.0007801819557986811
"[""Nppb"",""Npr1""]",2.5,-0.0007996771772392948
"[""Nppc"",""Npr2""]",2.5,-0.0073490601945007256
"[""Nps"",""Npsr1""]",2.5,-0.01605108340394706
"[""Npvf"",""Npffr1""]",2.5,-0.00894422154768422
"[""Npvf"",""Npffr2""]",2.5,-0.004185904628555646
"[""Npw"",""Npbwr1""]",2.5,-0.01115339259552136
"[""Npy"",""Gpr83""]",2.5,-0.008331851159025239
"[""Npy"",""Npy1r""]",2.5,-0.019725918233490458
"[""Npy"",""Npy2r""]",2.5,-0.00949111425002111
"[""Npy"",""Npy5r""]",2.5,-0.011698803446377637
"[""Nrg1"",""Erbb2_Erbb3""]",2.5,-0.0047501761904635825
"[""Nrg1"",""Erbb2_Erbb4""]",2.5,-0.01284793547697434
"[""Nrg1"",""Erbb3""]",2.5,-0.004423025421110246
"[""Nrg1"",""Erbb4""]",2.5,-0.009800898624260146
"[""Nrg1"",""Itgav_Itgb3""]",2.5,-0.007683213346400146
"[""Nrg2"",""Erbb2_Erbb3""]",2.5,-0.005654212383923441
"[""Nrg2"",""Erbb2_Erbb4""]",2.5,-0.012142472378297228
"[""Nrg2"",""Erbb3""]",2.5,-0.005356475313626468
"[""Nrg2"",""Erbb4""]",2.5,-0.008778851204256382
"[""Nrg3"",""Erbb2_Erbb4""]",2.5,-0.027760610611197667
"[""Nrg3"",""Erbb4""]",2.5,-0.023744645919644078
"[""Nrg4"",""Erbb2_Erbb4""]",2.5,-0.010657622398101065
"[""Nrg4"",""Erbb4""]",2.5,-0.006811027868437496
"[""Nrtn"",""Gfra2_Ret""]",2.5,-0.004866797664375311
"[""Nrxn1"",""Nlgn1""]",2.5,-0.036753854433668964
"[""Nrxn1"",""Nlgn2""]",2.5,-0.03117475607253603
"[""Nrxn1"",""Nlgn3""]",2.5,-0.0481551072117839
"[""Nrxn2"",""Nlgn1""]",2.5,-0.04209908285319812
"[""Nrxn2"",""Nlgn2""]",2.5,-0.03614656331665675
"[""Nrxn2"",""Nlgn3""]",2.5,-0.054013881780057005
"[""Nrxn3"",""Nlgn1""]",2.5,-0.03863848459466576
"[""Nrxn3"",""Nlgn2""]",2.5,-0.0348217058941708
"[""Nrxn3"",""Nlgn3""]",2.5,-0.05092898207829677
"[""Ntf3"",""Ntrk1""]",2.5,-0.005719585058672851
"[""Ntf3"",""Ntrk2""]",2.5,-0.006102035199301897
"[""Ntf3"",""Ntrk3""]",2.5,-0.008454335877326927
"[""Ntf5"",""Ntrk2""]",2.5,-0.009742045572736259
"[""Nts"",""Ntsr1""]",2.5,-0.016503662369615174
"[""Ocln"",""Ocln""]",2.5,-0.010574369246040615
"[""Osm"",""Lifr_Il6st""]",2.5,-0.0020177205049294357
"[""Osm"",""Osmr_Il6st""]",2.5,0.015848447924923084
"[""Ostn"",""Npr3""]",2.5,-0.002683347004751962
"[""Oxt"",""Oxtr""]",2.5,-0.045339481687959426
"[""Pdcd1lg2"",""Pdcd1""]",2.5,-0.015132144391336713
"[""Pdgfa"",""Pdgfra""]",2.5,-0.004452975432201778
"[""Pdgfa"",""Pdgfrb""]",2.5,-0.005293791398828216
"[""Pdgfb"",""Pdgfra""]",2.5,-0.005033189656255762
"[""Pdgfb"",""Pdgfrb""]",2.5,-0.005127555010412808
"[""Pdgfc"",""Pdgfra""]",2.5,-0.003177802115149954
"[""Pdgfd"",""Pdgfrb""]",2.5,-0.004415588535023704
"[""Pdyn"",""Oprd1""]",2.5,-0.02376889943054794
"[""Pdyn"",""Oprk1""]",2.5,-0.03143703011413873
"[""Pdyn"",""Oprl1""]",2.5,-0.02427851455606267
"[""Pdyn"",""Oprm1""]",2.5,-0.037424289646639575
"[""Pecam1"",""Pecam1""]",2.5,-0.002916513459081345
"[""Penk"",""Oprd1""]",2.5,-0.005733763193926031
"[""Penk"",""Oprk1""]",2.5,-0.009448720838495336
"[""Penk"",""Oprl1""]",2.5,-0.015769430795659428
"[""Penk"",""Oprm1""]",2.5,-0.0074896748490813625
"[""Pgf"",""Flt1""]",2.5,-0.005250875496546736
"[""Plg"",""F2rl3""]",2.5,0.029437747396945893
"[""Plg"",""Pard3""]",2.5,-0.004778664502789557
"[""Pmch"",""Mchr1""]",2.5,-0.00616130725443971
"[""Pmch"",""Mertk""]",2.5,-0.006654315556810328
"[""Pomc"",""Mc1r""]",2.5,-0.018634808550746076
"[""Pomc"",""Mc2r""]",2.5,-0.007897558439189021
"[""Pomc"",""Mc4r""]",2.5,-0.02013105325709187
"[""Pomc"",""Oprd1""]",2.5,-0.009191166030544328
"[""Pomc"",""Oprk1""]",2.5,-0.018831882471809044
"[""Pomc"",""Oprl1""]",2.5,-0.033994832821512805
"[""Pomc"",""Oprm1""]",2.5,-0.022340998047353733
"[""Postn"",""Itgav_Itgb3""]",2.5,0.003939479768363938
"[""Postn"",""Itgav_Itgb5""]",2.5,-0.002958728272189709
"[""Ppbp"",""Cxcr2""]",2.5,0.0018397178216150237
"[""Ppy"",""Gpr83""]",2.5,-0.003936682766939814
"[""Ppy"",""Npy1r""]",2.5,-0.0081249458600553
"[""Ppy"",""Npy2r""]",2.5,-0.006519884699427644
"[""Ppy"",""Npy5r""]",2.5,-0.011220026599017996
"[""Prok1"",""Prokr1""]",2.5,-0.004897411146942421
"[""Prok1"",""Prokr2""]",2.5,-0.012649209072302776
"[""Prok2"",""Prokr1""]",2.5,-0.005771306771877965
"[""Prok2"",""Prokr2""]",2.5,-0.013134448608114193
"[""Pros1"",""Axl""]",2.5,-0.0058674044209038705
"[""Pros1"",""Tyro3""]",2.5,-0.007612339007508569
"[""Psap"",""Gpr37""]",2.5,-0.003955919446796359
"[""Psap"",""Gpr37l1""]",2.5,-0.0013290605823303298
"[""Pspn"",""Gfra4_Ret""]",2.5,0.004588752259363671
"[""Pth2"",""Pth1r""]",2.5,-0.009127067610197187
"[""Pth2"",""Pth2r""]",2.5,-0.01624313781488433
"[""Pthlh"",""Pth1r""]",2.5,-0.007042557683288868
"[""Ptn"",""Alk""]",2.5,-0.006089725640498339
"[""Ptn"",""Itgav_Itgb3""]",2.5,-0.003993201615273646
"[""Ptn"",""Ncl""]",2.5,-0.004340164144341574
"[""Ptn"",""Ptprz1""]",2.5,-0.010463881778204717
"[""Ptn"",""Sdc1""]",2.5,-0.00590174395204297
"[""Ptn"",""Sdc2""]",2.5,-0.005064067219875564
"[""Ptn"",""Sdc3""]",2.5,-0.010670482670115541
"[""Ptn"",""Sdc4""]",2.5,-0.00632316398265876
"[""Ptprc"",""Cd22""]",2.5,-0.0027446335798383126
"[""Ptprc"",""Mrc1""]",2.5,-0.0006639150118970538
"[""Ptprm"",""Ptprm""]",2.5,-0.003093280920328472
"[""Pvr"",""Cd226""]",2.5,-0.013288967290912551
"[""Pvr"",""Tigit""]",2.5,-0.005976443941508226
"[""Pyy"",""Gpr83""]",2.5,-0.0013558899135999863
"[""Pyy"",""Npy1r""]",2.5,0.0012103134824808792
"[""Pyy"",""Npy2r""]",2.5,-0.006969056112497679
"[""Pyy"",""Npy5r""]",2.5,-0.0016850940659334235
"[""Qrfp"",""Qrfpr""]",2.5,-0.019727503797632807
"[""Rarres2"",""Cmklr1""]",2.5,-0.00035439209423225593
"[""Rarres2"",""Gpr1""]",2.5,0.0012749016919362671
"[""Reln"",""Itga3_Itgb1""]",2.5,-0.014545707452062129
"[""Retn"",""Cap1""]",2.5,-0.009739330698770556
"[""Retn"",""Tlr4""]",2.5,-0.011414903919230578
"[""Rln1"",""Rxfp1""]",2.5,-0.005258322040997847
"[""Rln1"",""Rxfp2""]",2.5,-0.006920860994507418
"[""Rln1"",""Rxfp3""]",2.5,-0.009809033690573052
"[""Rln3"",""Rxfp1""]",2.5,-0.004132889190007108
"[""Rln3"",""Rxfp2""]",2.5,-0.006204726047196848
"[""Rln3"",""Rxfp3""]",2.5,-0.009117241740198782
"[""Saa2"",""Fpr2""]",2.5,-0.006821890770528489
"[""Scgb3a2"",""Marco""]",2.5,0.23495805003961792
"[""Sct"",""Sctr""]",2.5,-0.0028194864972012
"[""Sell"",""Cd34""]",2.5,0.03159610586280895
"[""Sell"",""Madcam1""]",2.5,0.025536586575561543
"[""Sell"",""Podxl""]",2.5,0.0212182661161322
"[""Selplg"",""Sell""]",2.5,0.0406698320984801
"[""Selplg"",""Selp""]",2.5,-0.003821226681467088
"[""Sema3a"",""Nrp1_Plxna1""]",2.5,-0.005491796866795467
"[""Sema3a"",""Nrp1_Plxna2""]",2.5,-0.004874951650248397
"[""Sema3a"",""Nrp1_Plxna3""]",2.5,-0.009699344033963178
"[""Sema3a"",""Nrp1_Plxna4""]",2.5,-0.0054873683687380655
"[""Sema3b"",""Nrp1_Plxna1""]",2.5,-0.005401863919150839
"[""Sema3b"",""Nrp1_Plxna2""]",2.5,-0.004810857001347507
"[""Sema3b"",""Nrp1_Plxna3""]",2.5,-0.004635368441970086
"[""Sema3b"",""Nrp1_Plxna4""]",2.5,-0.001957500954187369
"[""Sema3b"",""Nrp2_Plxna1""]",2.5,-0.006809613924310447
"[""Sema3b"",""Nrp2_Plxna2""]",2.5,-0.00501464146243015
"[""Sema3b"",""Nrp2_Plxna3""]",2.5,-0.0049841225396000804
"[""Sema3b"",""Nrp2_Plxna4""]",2.5,-0.004673838424474795
"[""Sema3c"",""Nrp1_Nrp2_Plxnd1""]",2.5,-0.00655956869044649
"[""Sema3c"",""Nrp1_Plxna1""]",2.5,-0.00576152489292988
"[""Sema3c"",""Nrp1_Plxna2""]",2.5,-0.005175811846684083
"[""Sema3c"",""Nrp1_Plxna3""]",2.5,-0.008675130586046263
"[""Sema3c"",""Nrp1_Plxna4""]",2.5,-0.004437600197853213
"[""Sema3c"",""Nrp2_Plxna1""]",2.5,-0.006662733991697176
"[""Sema3c"",""Nrp2_Plxna2""]",2.5,-0.005295527386192
"[""Sema3c"",""Nrp2_Plxna3""]",2.5,-0.008831847415939564
"[""Sema3c"",""Nrp2_Plxna4""]",2.5,-0.005845574502802979
"[""Sema3c"",""Plxnd1""]",2.5,-0.0048430545537946415
"[""Sema3d"",""Nrp1_Plxna1""]",2.5,-0.006549003475135883
"[""Sema3d"",""Nrp1_Plxna2""]",2.5,-0.005712717303485366
"[""Sema3d"",""Nrp1_Plxna3""]",2.5,-0.011083219010065197
"[""Sema3d"",""Nrp1_Plxna4""]",2.5,-0.005744239352446142
"[""Sema3d"",""Nrp2_Plxna1""]",2.5,-0.007288730070168024
"[""Sema3d"",""Nrp2_Plxna2""]",2.5,-0.005795825277754307
"[""Sema3d"",""Nrp2_Plxna3""]",2.5,-0.011125400740527636
"[""Sema3d"",""Nrp2_Plxna4""]",2.5,-0.006863911864675432
"[""Sema3e"",""Plxnd1""]",2.5,-0.0093327224347928
"[""Sema3f"",""Nrp2_Plxna1""]",2.5,-0.01172131569440216
"[""Sema3f"",""Nrp2_Plxna2""]",2.5,-0.009224764976488522
"[""Sema3f"",""Nrp2_Plxna3""]",2.5,-0.018419458327568486
"[""Sema3f"",""Nrp2_Plxna4""]",2.5,-0.011931346099444993
"[""Sema3g"",""Nrp2_Plxna1""]",2.5,-0.009788220252493745
"[""Sema3g"",""Nrp2_Plxna2""]",2.5,-0.00750646418442117
"[""Sema3g"",""Nrp2_Plxna3""]",2.5,-0.011767494918736701
"[""Sema3g"",""Nrp2_Plxna4""]",2.5,-0.008417037419449137
"[""Sema4a"",""Nrp1_Plxna1""]",2.5,-0.021440012430779212
"[""Sema4a"",""Nrp1_Plxna2""]",2.5,-0.018378608771409517
"[""Sema4a"",""Nrp1_Plxna3""]",2.5,-0.02493877445583928
"[""Sema4a"",""Nrp1_Plxna4""]",2.5,-0.020147336488865117
"[""Sema4a"",""Plxnb1""]",2.5,-0.026803279703697863
"[""Sema4a"",""Plxnb2""]",2.5,-0.016671294871480405
"[""Sema4a"",""Plxnb3""]",2.5,-0.009906821803897611
"[""Sema4a"",""Timd2""]",2.5,0.06247941150736952
"[""Sema4c"",""Plxnb2""]",2.5,-0.00867575113028846
"[""Sema4d"",""Cd72""]",2.5,-0.012744832919402798
"[""Sema4d"",""Plxnb1""]",2.5,-0.013604464144516135
"[""Sema4d"",""Plxnb2""]",2.5,-0.008247828530234893
"[""Sema4d"",""Plxnb3""]",2.5,-0.004821899498431533
"[""Sema4g"",""Plxnb2""]",2.5,-0.01730080313385024
"[""Sema5a"",""Plxna1""]",2.5,-0.006722170604319155
"[""Sema5a"",""Plxna3""]",2.5,-0.01028028083275977
"[""Sema5a"",""Plxnb3""]",2.5,-0.004405111313500992
"[""Sema5b"",""Plxna1""]",2.5,-0.011436547978305376
"[""Sema5b"",""Plxna3""]",2.5,-0.017808361449319014
"[""Sema6a"",""Plxna2""]",2.5,-0.005941212449988839
"[""Sema6a"",""Plxna4""]",2.5,-0.006223856887328646
"[""Sema6b"",""Plxna2""]",2.5,-0.017009221011890667
"[""Sema6b"",""Plxna4""]",2.5,-0.022282680595249807
"[""Sema6d"",""Plxna1""]",2.5,-0.011798171486912791
"[""Sema6d"",""Plxna1_Kdr""]",2.5,-0.005281647376269204
"[""Sema6d"",""Plxna1_Trem2_Tyrobp""]",2.5,0.003754012057865158
"[""Sema7a"",""Itgb1_Itga1""]",2.5,-0.009464369577204326
"[""Sema7a"",""Plxnc1""]",2.5,-0.026579519905487292
"[""Shh"",""Ptch1_Smo""]",2.5,-0.007460075718563176
"[""Shh"",""Ptch2_Smo""]",2.5,-0.009837677205886828
"[""Siglec1"",""Spn""]",2.5,0.023888016484548857
"[""Slurp1"",""Chrna1""]",2.5,-0.0011485319298579558
"[""Slurp1"",""Chrna2""]",2.5,0.0016157716244995513
"[""Slurp1"",""Chrna3""]",2.5,-0.020103601575601843
"[""Slurp1"",""Chrna4""]",2.5,-0.02624903451350208
"[""Slurp1"",""Chrna5""]",2.5,-0.015694220676081477
"[""Slurp1"",""Chrna6""]",2.5,-0.0713420940801725
"[""Slurp1"",""Chrna7""]",2.5,-0.016574560040814014
"[""Slurp1"",""Chrna9""]",2.5,-0.0174109729631913
"[""Slurp1"",""Chrnb1""]",2.5,-0.004027596859176013
"[""Slurp1"",""Chrnb2""]",2.5,-0.026537027574923044
"[""Slurp1"",""Chrnb3""]",2.5,-0.05835058564783814
"[""Slurp1"",""Chrnb4""]",2.5,-0.016122030541497526
"[""Slurp1"",""Chrnd""]",2.5,-0.0016820942411240498
"[""Slurp1"",""Chrne""]",2.5,-0.006417803839293232
"[""Slurp1"",""Chrng""]",2.5,-0.00243278900951234
"[""Slurp2"",""Chrna1""]",2.5,-0.0032870804231148743
"[""Slurp2"",""Chrna2""]",2.5,-0.006674745750296696
"[""Slurp2"",""Chrna3""]",2.5,-0.014913646852463242
"[""Slurp2"",""Chrna4""]",2.5,-0.022877931145611874
"[""Slurp2"",""Chrna5""]",2.5,-0.012694908696094867
"[""Slurp2"",""Chrna6""]",2.5,-0.030036453833245498
"[""Slurp2"",""Chrna7""]",2.5,-0.010967632733284625
"[""Slurp2"",""Chrna9""]",2.5,-0.011699918109006602
"[""Slurp2"",""Chrnb1""]",2.5,-0.00417245496818042
"[""Slurp2"",""Chrnb2""]",2.5,-0.024064103166939715
"[""Slurp2"",""Chrnb3""]",2.5,-0.025870328701291023
"[""Slurp2"",""Chrnb4""]",2.5,-0.0107260530305043
"[""Slurp2"",""Chrnd""]",2.5,-0.0030816262086486995
"[""Slurp2"",""Chrne""]",2.5,-0.008743175812109316
"[""Slurp2"",""Chrng""]",2.5,-0.003431906780050755
"[""Spp1"",""Cd44""]",2.5,0.06643672236911757
"[""Spp1"",""Itga4_Itgb1""]",2.5,-0.000495839806165424
"[""Spp1"",""Itga5_Itgb1""]",2.5,-0.0041471626133774
"[""Spp1"",""Itga8_Itgb1""]",2.5,-0.0041814282683858214
"[""Spp1"",""Itga9_Itgb1""]",2.5,-0.005620042214260164
"[""Spp1"",""Itgav_Itgb1""]",2.5,-0.00466864322869269
"[""Spp1"",""Itgav_Itgb3""]",2.5,0.0032814608474823342
"[""Spp1"",""Itgav_Itgb5""]",2.5,-0.004842920334754891
"[""Spp1"",""Itgav_Itgb6""]",2.5,-0.003859442619765764
"[""Sst"",""Sstr1""]",2.5,-0.04018256350940286
"[""Sst"",""Sstr2""]",2.5,-0.03829178352109641
"[""Sst"",""Sstr3""]",2.5,-0.036213037488896205
"[""Sst"",""Sstr4""]",2.5,-0.018406550174577263
"[""Sst"",""Sstr5""]",2.5,-0.027224452934336257
"[""Tac1"",""Tacr1""]",2.5,-0.01839300018372833
"[""Tac1"",""Tacr2""]",2.5,-0.01579924266608046
"[""Tac2"",""Tacr3""]",2.5,0.007908508313762469
"[""Tac4"",""Tacr1""]",2.5,-0.007685878967300944
"[""Tgfa"",""Egfr""]",2.5,-0.009144100767850626
"[""Tgfa"",""Egfr_Erbb2""]",2.5,-0.015885895026068034
"[""Tgfb1"",""Acvr1_Tgfbr1_Tgfbr2""]",2.5,-0.0045558430566805565
"[""Tgfb1"",""Acvr1b_Tgfbr2""]",2.5,-0.005241845800452921
"[""Tgfb1"",""Acvr1c_Tgfbr2""]",2.5,-0.0065603575322211935
"[""Tgfb1"",""Tgfbr1_Tgfbr2""]",2.5,-0.0037314873985340065
"[""Tgfb2"",""Acvr1_Tgfbr1_Tgfbr2""]",2.5,-0.0036558774765704655
"[""Tgfb2"",""Acvr1b_Tgfbr2""]",2.5,-0.005626984580225931
"[""Tgfb2"",""Acvr1c_Tgfbr2""]",2.5,-0.00656511988599312
"[""Tgfb2"",""Tgfbr1_Tgfbr2""]",2.5,-0.0037541430970123683
"[""Tgfb3"",""Acvr1_Tgfbr1_Tgfbr2""]",2.5,-0.004013320325096657
"[""Tgfb3"",""Acvr1b_Tgfbr2""]",2.5,-0.005521140764554525
"[""Tgfb3"",""Acvr1c_Tgfbr2""]",2.5,-0.006526386675897045
"[""Tgfb3"",""Tgfbr1_Tgfbr2""]",2.5,-0.003810814202656214
"[""Thbs1"",""Cd36""]",2.5,-0.0010496241884659085
"[""Thbs1"",""Cd47""]",2.5,-0.0041806263195780236
"[""Thbs1"",""Itga3_Itgb1""]",2.5,-0.006450509407576233
"[""Thbs1"",""Itgav_Itgb3""]",2.5,-0.0038427917728779196
"[""Thbs1"",""Sdc1""]",2.5,-0.005869343941785413
"[""Thbs1"",""Sdc4""]",2.5,-0.005799924933009397
"[""Thbs2"",""Cd36""]",2.5,0.002051023942636357
"[""Thbs2"",""Cd47""]",2.5,-0.0011393231987199548
"[""Thbs2"",""Itga3_Itgb1""]",2.5,-0.005647839367758187
"[""Thbs2"",""Itgav_Itgb3""]",2.5,-0.0009960556902619128
"[""Thbs2"",""Sdc1""]",2.5,-0.005344747101313767
"[""Thbs2"",""Sdc4""]",2.5,-0.001885159281565102
"[""Thbs3"",""Cd36""]",2.5,0.00013797951899850724
"[""Thbs3"",""Cd47""]",2.5,-0.0063176710840337075
"[""Thbs3"",""Itga3_Itgb1""]",2.5,-0.009733494294361038
"[""Thbs3"",""Itgav_Itgb3""]",2.5,-0.0047403863921336165
"[""Thbs3"",""Sdc1""]",2.5,-0.008468343410701934
"[""Thbs3"",""Sdc4""]",2.5,-0.00802392709313407
"[""Thbs4"",""Cd36""]",2.5,-0.00016630403797174287
"[""Thbs4"",""Cd47""]",2.5,-0.000725832006017682
"[""Thbs4"",""Itga3_Itgb1""]",2.5,-0.0032513654602638227
"[""Thbs4"",""Itgav_Itgb3""]",2.5,-0.00028919917297407643
"[""Thbs4"",""Sdc1""]",2.5,-0.0034647458269297174
"[""Thbs4"",""Sdc4""]",2.5,-0.00162325421494465
"[""Thpo"",""Mpl""]",2.5,-0.011919675469189461
"[""Thy1"",""Itgam_Itgb2""]",2.5,0.007238703113949668
"[""Thy1"",""Itgav_Itgb3""]",2.5,0.0078739709238798
"[""Thy1"",""Itgax_Itgb2""]",2.5,-0.000502608878321556
"[""Tigit"",""Nectin2""]",2.5,-0.00691669042086146
"[""Tigit"",""Pvr""]",2.5,-0.005987565312038357
"[""Tnc"",""Itga2b_Itgb3""]",2.5,-0.0030723108465299173
"[""Tnc"",""Itga8_Itgb1""]",2.5,-0.004928763504730916
"[""Tnc"",""Itga9_Itgb1""]",2.5,-0.004613528140065902
"[""Tnc"",""Itgav_Itgb3""]",2.5,-0.0031265850777794785
"[""Tnc"",""Itgav_Itgb6""]",2.5,-0.003283761640521793
"[""Tnc"",""Sdc1""]",2.5,-0.005729102412092665
"[""Tnc"",""Sdc4""]",2.5,-0.005436753204917523
"[""Tnfsf10"",""Tnfrsf10b""]",2.5,-0.007807854143662887
"[""Tnfsf11"",""Tnfrsf11a""]",2.5,-0.007116518696703329
"[""Tnfsf11"",""Tnfrsf11b""]",2.5,-0.005555263302220545
"[""Tnfsf12"",""Tnfrsf12a""]",2.5,-0.001288013142974949
"[""Tnfsf13b"",""Tnfrsf13b""]",2.5,-0.004984710258784185
"[""Tnfsf13b"",""Tnfrsf13c""]",2.5,-0.004879859508026996
"[""Tnfsf13b"",""Tnfrsf17""]",2.5,-0.006429497954253419
"[""Tnfsf14"",""Ltbr""]",2.5,-0.001074545886340282
"[""Tnfsf14"",""Tnfrsf14""]",2.5,0.004559999223820853
"[""Tnfsf15"",""Tnfrsf25""]",2.5,-0.014554677953686385
"[""Tnfsf18"",""Tnfrsf18""]",2.5,-0.00574744797530459
"[""Tnfsf4"",""Tnfrsf4""]",2.5,-0.011139309751925269
"[""Tnfsf8"",""Tnfrsf8""]",2.5,-0.043744888898305835
"[""Tnfsf9"",""Tnfrsf9""]",2.5,-0.00810711572665461
"[""Tnn"",""Itga2b_Itgb3""]",2.5,-0.006281072311031623
"[""Tnn"",""Itga8_Itgb1""]",2.5,-0.00755239242996418
"[""Tnn"",""Itga9_Itgb1""]",2.5,-0.007041333388897612
"[""Tnn"",""Itgav_Itgb3""]",2.5,-0.0063381157094985
"[""Tnn"",""Itgav_Itgb6""]",2.5,-0.006695045906394154
"[""Tnn"",""Sdc1""]",2.5,-0.008454577621935452
"[""Tnn"",""Sdc4""]",2.5,-0.00890588426632221
"[""Tnr"",""Itga2b_Itgb3""]",2.5,-0.01510219310174063
"[""Tnr"",""Itga8_Itgb1""]",2.5,-0.01817502499245792
"[""Tnr"",""Itga9_Itgb1""]",2.5,-0.018534471135141208
"[""Tnr"",""Itgav_Itgb3""]",2.5,-0.016032365062240955
"[""Tnr"",""Itgav_Itgb6""]",2.5,-0.018019323913076937
"[""Tnr"",""Sdc1""]",2.5,-0.020764946196173945
"[""Tnr"",""Sdc4""]",2.5,-0.013446295913787848
"[""Tnxb"",""Itga2b_Itgb3""]",2.5,0.0052244049767580306
"[""Tnxb"",""Itga8_Itgb1""]",2.5,-0.00044632708815497274
"[""Tnxb"",""Itga9_Itgb1""]",2.5,-0.00220762197478494
"[""Tnxb"",""Itgav_Itgb3""]",2.5,0.005064598795287041
"[""Tnxb"",""Itgav_Itgb6""]",2.5,-0.0020409251260096583
"[""Tnxb"",""Sdc1""]",2.5,-0.001709104891865293
"[""Tnxb"",""Sdc4""]",2.5,0.010654462166137482
"[""Trh"",""Trhr""]",2.5,-0.011023923707674133
"[""Try10"",""F2r""]",2.5,-0.007851077199797662
"[""Try10"",""F2rl1""]",2.5,-0.00653550153029038
"[""Try10"",""F2rl2""]",2.5,-0.005424269143206678
"[""Try10"",""F2rl3""]",2.5,-0.007678425097038678
"[""Try10"",""Pard3""]",2.5,-0.007593312971479278
"[""Try5"",""F2r""]",2.5,-0.0049169794327915545
"[""Try5"",""F2rl1""]",2.5,-0.0011030737943434413
"[""Try5"",""F2rl2""]",2.5,-0.0022330798359772135
"[""Try5"",""F2rl3""]",2.5,-0.0032596775997973046
"[""Try5"",""Pard3""]",2.5,-0.004474609290908914
"[""Tshb"",""Tshr""]",2.5,-0.018174319242891455
"[""Tslp"",""Il7r_Crlf2""]",2.5,-0.0017233379152678252
"[""Ucn"",""Crhr1""]",2.5,-0.027609734762030325
"[""Ucn"",""Crhr2""]",2.5,-0.0010326047569381297
"[""Ucn2"",""Crhr1""]",2.5,-0.03412554744595342
"[""Ucn2"",""Crhr2""]",2.5,0.004716133042598478
"[""Uts2b"",""Sstr5""]",2.5,0.0003899585150771989
"[""Uts2b"",""Uts2r""]",2.5,-0.0035156754174023863
"[""Vegfa"",""Flt1""]",2.5,-0.005199270843677228
"[""Vegfa"",""Flt1_Kdr""]",2.5,-0.005199270843677228
"[""Vegfa"",""Kdr""]",2.5,-0.005070222531602574
"[""Vegfb"",""Flt1""]",2.5,-0.004425708187816919
"[""Vegfc"",""Flt4""]",2.5,-0.004305975565135742
"[""Vegfc"",""Flt4_Kdr""]",2.5,-0.004305975565135742
"[""Vegfc"",""Kdr""]",2.5,-0.004735167312013299
"[""Vegfd"",""Flt4""]",2.5,-0.003504143949689141
"[""Vegfd"",""Flt4_Kdr""]",2.5,-0.003504143949689141
"[""Vegfd"",""Kdr""]",2.5,-0.002706065870991578
"[""Vsir"",""Igsf11""]",2.5,-0.007429410943338738
"[""Vtn"",""Itga2b_Itgb3""]",2.5,0.0050330560613796385
"[""Vtn"",""Itga8_Itgb1""]",2.5,-0.00398636618860744
"[""Vtn"",""Itgav_Itgb1""]",2.5,-0.006591134273815198
"[""Vtn"",""Itgav_Itgb3""]",2.5,0.004810312670485678
"[""Vtn"",""Itgav_Itgb5""]",2.5,-0.006798512181296852
"[""Vtn"",""Itgav_Itgb8""]",2.5,-0.019655923200123396
"[""Vwf"",""Gp1ba_Gp1bb_Gp5_Gp9""]",2.5,-0.0026921053646176
"[""Vwf"",""Itga2b_Itgb3""]",2.5,-0.002635157132599819
"[""Vwf"",""Itgav_Itgb3""]",2.5,-0.002717342238813751
"[""Wnt1"",""Fzd10_Lrp5""]",2.5,-0.009734111244797589
"[""Wnt1"",""Fzd10_Lrp6""]",2.5,-0.010462740953336819
"[""Wnt1"",""Fzd1_Lrp5""]",2.5,-0.0068243428181291935
"[""Wnt1"",""Fzd1_Lrp6""]",2.5,-0.008388600211513962
"[""Wnt1"",""Fzd2_Lrp5""]",2.5,-0.006809422874109825
"[""Wnt1"",""Fzd2_Lrp6""]",2.5,-0.007250042181618355
"[""Wnt1"",""Fzd3_Lrp5""]",2.5,-0.006809422874109825
"[""Wnt1"",""Fzd3_Lrp6""]",2.5,-0.009739142854486878
"[""Wnt1"",""Fzd4_Lrp5""]",2.5,-0.006518474878059734
"[""Wnt1"",""Fzd4_Lrp6""]",2.5,-0.006433530962087205
"[""Wnt1"",""Fzd5_Lrp5""]",2.5,-0.009858151581289706
"[""Wnt1"",""Fzd5_Lrp6""]",2.5,-0.009858151581289706
"[""Wnt1"",""Fzd6_Lrp5""]",2.5,-0.013904653963169157
"[""Wnt1"",""Fzd6_Lrp6""]",2.5,-0.012127872838921399
"[""Wnt1"",""Fzd7_Lrp5""]",2.5,-0.006836873044425769
"[""Wnt1"",""Fzd7_Lrp6""]",2.5,-0.007677564983144369
"[""Wnt1"",""Fzd8_Lrp5""]",2.5,-0.006661897441061658
"[""Wnt1"",""Fzd8_Lrp6""]",2.5,-0.00671864847859794
"[""Wnt1"",""Fzd9_Lrp5""]",2.5,-0.008758084009927364
"[""Wnt1"",""Fzd9_Lrp6""]",2.5,-0.009457708462311604
"[""Wnt10a"",""Fzd10_Lrp5""]",2.5,-0.015850664219980905
"[""Wnt10a"",""Fzd10_Lrp6""]",2.5,-0.015879482573859488
"[""Wnt10a"",""Fzd1_Lrp5""]",2.5,-0.010855049027101254
"[""Wnt10a"",""Fzd1_Lrp6""]",2.5,-0.011730874481590228
"[""Wnt10a"",""Fzd2_Lrp5""]",2.5,-0.010851389492562903
"[""Wnt10a"",""Fzd2_Lrp6""]",2.5,-0.010819396740836684
"[""Wnt10a"",""Fzd3_Lrp5""]",2.5,-0.010851389492562903
"[""Wnt10a"",""Fzd3_Lrp6""]",2.5,-0.01588776545892608
"[""Wnt10a"",""Fzd4_Lrp5""]",2.5,-0.008954072955469107
"[""Wnt10a"",""Fzd4_Lrp6""]",2.5,-0.00851130993237939
"[""Wnt10a"",""Fzd5_Lrp5""]",2.5,-0.013159063026208034
"[""Wnt10a"",""Fzd5_Lrp6""]",2.5,-0.013159063026208034
"[""Wnt10a"",""Fzd6_Lrp5""]",2.5,-0.02306510345040705
"[""Wnt10a"",""Fzd6_Lrp6""]",2.5,-0.016853059462012855
"[""Wnt10a"",""Fzd7_Lrp5""]",2.5,-0.01085811197299309
"[""Wnt10a"",""Fzd7_Lrp6""]",2.5,-0.011788934263046568
"[""Wnt10a"",""Fzd8_Lrp5""]",2.5,-0.008947318790800365
"[""Wnt10a"",""Fzd8_Lrp6""]",2.5,-0.00922275917234925
"[""Wnt10a"",""Fzd9_Lrp5""]",2.5,-0.010376806283272574
"[""Wnt10a"",""Fzd9_Lrp6""]",2.5,-0.010697294976171959
"[""Wnt10b"",""Fzd10_Lrp5""]",2.5,-0.02272643881836263
"[""Wnt10b"",""Fzd10_Lrp6""]",2.5,-0.022531305658601328
"[""Wnt10b"",""Fzd1_Lrp5""]",2.5,-0.014922262847908544
"[""Wnt10b"",""Fzd1_Lrp6""]",2.5,-0.014368066946246899
"[""Wnt10b"",""Fzd2_Lrp5""]",2.5,-0.01491299735760559
"[""Wnt10b"",""Fzd2_Lrp6""]",2.5,-0.014247011315172625
"[""Wnt10b"",""Fzd3_Lrp5""]",2.5,-0.01491299735760559
"[""Wnt10b"",""Fzd3_Lrp6""]",2.5,-0.02190339792947279
"[""Wnt10b"",""Fzd4_Lrp5""]",2.5,-0.010736699339878284
"[""Wnt10b"",""Fzd4_Lrp6""]",2.5,-0.009746779613914139
"[""Wnt10b"",""Fzd5_Lrp5""]",2.5,-0.018026187034476903
"[""Wnt10b"",""Fzd5_Lrp6""]",2.5,-0.018026187034476903
"[""Wnt10b"",""Fzd6_Lrp5""]",2.5,-0.03486186745788612
"[""Wnt10b"",""Fzd6_Lrp6""]",2.5,-0.02415059842270579
"[""Wnt10b"",""Fzd7_Lrp5""]",2.5,-0.014930021895581043
"[""Wnt10b"",""Fzd7_Lrp6""]",2.5,-0.016055585425517927
"[""Wnt10b"",""Fzd8_Lrp5""]",2.5,-0.011136461848446421
"[""Wnt10b"",""Fzd8_Lrp6""]",2.5,-0.011135124656910005
"[""Wnt10b"",""Fzd9_Lrp5""]",2.5,-0.010384767216556734
"[""Wnt10b"",""Fzd9_Lrp6""]",2.5,-0.009870003744030867
"[""Wnt11"",""Fzd1""]",2.5,-0.004917701560071791
"[""Wnt11"",""Fzd10""]",2.5,-0.005811334569017128
"[""Wnt11"",""Fzd2""]",2.5,-0.004691333190239887
"[""Wnt11"",""Fzd3""]",2.5,-0.006958680034712662
"[""Wnt11"",""Fzd4""]",2.5,-0.0035972864690577075
"[""Wnt11"",""Fzd5""]",2.5,-0.00419043777584276
"[""Wnt11"",""Fzd6""]",2.5,-0.00574276710354555
"[""Wnt11"",""Fzd7""]",2.5,-0.004201837645155726
"[""Wnt11"",""Fzd8""]",2.5,-0.0038295111422064
"[""Wnt11"",""Fzd9""]",2.5,-0.005058894616434065
"[""Wnt16"",""Fzd10_Lrp5""]",2.5,-0.005963685579593826
"[""Wnt16"",""Fzd10_Lrp6""]",2.5,-0.006129760675419743
"[""Wnt16"",""Fzd1_Lrp5""]",2.5,-0.0036579967645239356
"[""Wnt16"",""Fzd1_Lrp6""]",2.5,-0.004777736697775006
"[""Wnt16"",""Fzd2_Lrp5""]",2.5,-0.003657061166914966
"[""Wnt16"",""Fzd2_Lrp6""]",2.5,-0.003642138216325793
"[""Wnt16"",""Fzd3_Lrp5""]",2.5,-0.003657061166914966
"[""Wnt16"",""Fzd3_Lrp6""]",2.5,-0.005782385244791581
"[""Wnt16"",""Fzd4_Lrp5""]",2.5,-0.0037791636243167046
"[""Wnt16"",""Fzd4_Lrp6""]",2.5,-0.003753202674936045
"[""Wnt16"",""Fzd5_Lrp5""]",2.5,-0.005937366732933831
"[""Wnt16"",""Fzd5_Lrp6""]",2.5,-0.005937366732933831
"[""Wnt16"",""Fzd6_Lrp5""]",2.5,-0.008410198415160868
"[""Wnt16"",""Fzd6_Lrp6""]",2.5,-0.00747617162081675
"[""Wnt16"",""Fzd7_Lrp5""]",2.5,-0.003658779721058201
"[""Wnt16"",""Fzd7_Lrp6""]",2.5,-0.004183319393167774
"[""Wnt16"",""Fzd8_Lrp5""]",2.5,-0.003345479815086162
"[""Wnt16"",""Fzd8_Lrp6""]",2.5,-0.0036288510542311584
"[""Wnt16"",""Fzd9_Lrp5""]",2.5,-0.00490605079909142
"[""Wnt16"",""Fzd9_Lrp6""]",2.5,-0.0049641805165780775
"[""Wnt2"",""Fzd10_Lrp5""]",2.5,-0.006931886931897738
"[""Wnt2"",""Fzd10_Lrp6""]",2.5,-0.0073171764947632875
"[""Wnt2"",""Fzd1_Lrp5""]",2.5,-0.004710229421553315
"[""Wnt2"",""Fzd1_Lrp6""]",2.5,-0.005300928160039388
"[""Wnt2"",""Fzd2_Lrp5""]",2.5,-0.00470584068220962
"[""Wnt2"",""Fzd2_Lrp6""]",2.5,-0.004889428342352791
"[""Wnt2"",""Fzd3_Lrp5""]",2.5,-0.00470584068220962
"[""Wnt2"",""Fzd3_Lrp6""]",2.5,-0.007504692348516483
"[""Wnt2"",""Fzd4_Lrp5""]",2.5,-0.0035915640542464253
"[""Wnt2"",""Fzd4_Lrp6""]",2.5,-0.0034194981088617425
"[""Wnt2"",""Fzd5_Lrp5""]",2.5,-0.0034764175519861884
"[""Wnt2"",""Fzd5_Lrp6""]",2.5,-0.0034764175519861884
"[""Wnt2"",""Fzd6_Lrp5""]",2.5,-0.008177892680035954
"[""Wnt2"",""Fzd6_Lrp6""]",2.5,-0.005355644661283066
"[""Wnt2"",""Fzd7_Lrp5""]",2.5,-0.004713906713091466
"[""Wnt2"",""Fzd7_Lrp6""]",2.5,-0.005022011736442218
"[""Wnt2"",""Fzd8_Lrp5""]",2.5,-0.003770551592812754
"[""Wnt2"",""Fzd8_Lrp6""]",2.5,-0.004266179252181274
"[""Wnt2"",""Fzd9_Lrp5""]",2.5,-0.003833666844748479
"[""Wnt2"",""Fzd9_Lrp6""]",2.5,-0.004827043561550316
"[""Wnt2b"",""Fzd10_Lrp5""]",2.5,-0.007552401118592695
"[""Wnt2b"",""Fzd10_Lrp6""]",2.5,-0.008125050301438936
"[""Wnt2b"",""Fzd1_Lrp5""]",2.5,-0.004595959088547283
"[""Wnt2b"",""Fzd1_Lrp6""]",2.5,-0.005686171731386689
"[""Wnt2b"",""Fzd2_Lrp5""]",2.5,-0.004593680560911258
"[""Wnt2b"",""Fzd2_Lrp6""]",2.5,-0.0046751754049984
"[""Wnt2b"",""Fzd3_Lrp5""]",2.5,-0.004593680560911258
"[""Wnt2b"",""Fzd3_Lrp6""]",2.5,-0.007309516749876113
"[""Wnt2b"",""Fzd4_Lrp5""]",2.5,-0.0039706071128398236
"[""Wnt2b"",""Fzd4_Lrp6""]",2.5,-0.0038953347479396324
"[""Wnt2b"",""Fzd5_Lrp5""]",2.5,-0.0058413376611655445
"[""Wnt2b"",""Fzd5_Lrp6""]",2.5,-0.0058413376611655445
"[""Wnt2b"",""Fzd6_Lrp5""]",2.5,-0.010194261435600325
"[""Wnt2b"",""Fzd6_Lrp6""]",2.5,-0.008031984754704735
"[""Wnt2b"",""Fzd7_Lrp5""]",2.5,-0.004597866719662408
"[""Wnt2b"",""Fzd7_Lrp6""]",2.5,-0.005129973844327917
"[""Wnt2b"",""Fzd8_Lrp5""]",2.5,-0.003838943238178214
"[""Wnt2b"",""Fzd8_Lrp6""]",2.5,-0.004170368836725596
"[""Wnt2b"",""Fzd9_Lrp5""]",2.5,-0.005190100441789497
"[""Wnt2b"",""Fzd9_Lrp6""]",2.5,-0.00543351770679807
"[""Wnt3"",""Fzd10_Lrp5""]",2.5,-0.013672660490765466
"[""Wnt3"",""Fzd10_Lrp6""]",2.5,-0.014226400472492016
"[""Wnt3"",""Fzd1_Lrp5""]",2.5,-0.00930349177561873
"[""Wnt3"",""Fzd1_Lrp6""]",2.5,-0.01113438935002281
"[""Wnt3"",""Fzd2_Lrp5""]",2.5,-0.009298702641045827
"[""Wnt3"",""Fzd2_Lrp6""]",2.5,-0.00963700910939785
"[""Wnt3"",""Fzd3_Lrp5""]",2.5,-0.009298702641045827
"[""Wnt3"",""Fzd3_Lrp6""]",2.5,-0.013517913578453169
"[""Wnt3"",""Fzd4_Lrp5""]",2.5,-0.008303005587842614
"[""Wnt3"",""Fzd4_Lrp6""]",2.5,-0.008031080672832543
"[""Wnt3"",""Fzd5_Lrp5""]",2.5,-0.013171530345266112
"[""Wnt3"",""Fzd5_Lrp6""]",2.5,-0.013171530345266112
"[""Wnt3"",""Fzd6_Lrp5""]",2.5,-0.021993661085394942
"[""Wnt3"",""Fzd6_Lrp6""]",2.5,-0.017381759070779233
"[""Wnt3"",""Fzd7_Lrp5""]",2.5,-0.009307501479541779
"[""Wnt3"",""Fzd7_Lrp6""]",2.5,-0.010436962642560239
"[""Wnt3"",""Fzd8_Lrp5""]",2.5,-0.008270041098880715
"[""Wnt3"",""Fzd8_Lrp6""]",2.5,-0.008361389098041051
"[""Wnt3"",""Fzd9_Lrp5""]",2.5,-0.01035581918483177
"[""Wnt3"",""Fzd9_Lrp6""]",2.5,-0.01097382241640145
"[""Wnt3a"",""Fzd10_Lrp5""]",2.5,-0.010858157994686292
"[""Wnt3a"",""Fzd10_Lrp6""]",2.5,-0.011301357939173699
"[""Wnt3a"",""Fzd1_Lrp5""]",2.5,-0.0076843715891882465
"[""Wnt3a"",""Fzd1_Lrp6""]",2.5,-0.009182192274015531
"[""Wnt3a"",""Fzd2_Lrp5""]",2.5,-0.0076719547258456405
"[""Wnt3a"",""Fzd2_Lrp6""]",2.5,-0.008046008011903
"[""Wnt3a"",""Fzd3_Lrp5""]",2.5,-0.0076719547258456405
"[""Wnt3a"",""Fzd3_Lrp6""]",2.5,-0.010924125205159257
"[""Wnt3a"",""Fzd4_Lrp5""]",2.5,-0.007271036144230839
"[""Wnt3a"",""Fzd4_Lrp6""]",2.5,-0.0071120574530234345
"[""Wnt3a"",""Fzd5_Lrp5""]",2.5,-0.010656480542248322
"[""Wnt3a"",""Fzd5_Lrp6""]",2.5,-0.010656480542248322
"[""Wnt3a"",""Fzd6_Lrp5""]",2.5,-0.015863654671755326
"[""Wnt3a"",""Fzd6_Lrp6""]",2.5,-0.013344831289266912
"[""Wnt3a"",""Fzd7_Lrp5""]",2.5,-0.00769478869508321
"[""Wnt3a"",""Fzd7_Lrp6""]",2.5,-0.008586593734341248
"[""Wnt3a"",""Fzd8_Lrp5""]",2.5,-0.007277431033897462
"[""Wnt3a"",""Fzd8_Lrp6""]",2.5,-0.007331090617887708
"[""Wnt3a"",""Fzd9_Lrp5""]",2.5,-0.009299603165745945
"[""Wnt3a"",""Fzd9_Lrp6""]",2.5,-0.009879490840802724
"[""Wnt4"",""Fzd10_Lrp5""]",2.5,-0.015419153523394475
"[""Wnt4"",""Fzd10_Lrp6""]",2.5,-0.016013136209157557
"[""Wnt4"",""Fzd1_Lrp5""]",2.5,-0.010219011530656335
"[""Wnt4"",""Fzd1_Lrp6""]",2.5,-0.010502362893609955
"[""Wnt4"",""Fzd2_Lrp5""]",2.5,-0.010211745745371925
"[""Wnt4"",""Fzd2_Lrp6""]",2.5,-0.010049121778379438
"[""Wnt4"",""Fzd3_Lrp5""]",2.5,-0.010211745745371925
"[""Wnt4"",""Fzd3_Lrp6""]",2.5,-0.014644865884509304
"[""Wnt4"",""Fzd4_Lrp5""]",2.5,-0.007316668009383468
"[""Wnt4"",""Fzd4_Lrp6""]",2.5,-0.006880818315587334
"[""Wnt4"",""Fzd5_Lrp5""]",2.5,-0.011958658548339302
"[""Wnt4"",""Fzd5_Lrp6""]",2.5,-0.011958658548339302
"[""Wnt4"",""Fzd6_Lrp5""]",2.5,-0.020892917131374478
"[""Wnt4"",""Fzd6_Lrp6""]",2.5,-0.015312751527627295
"[""Wnt4"",""Fzd7_Lrp5""]",2.5,-0.010225097006096485
"[""Wnt4"",""Fzd7_Lrp6""]",2.5,-0.010896418431296519
"[""Wnt4"",""Fzd8_Lrp5""]",2.5,-0.007822056639989621
"[""Wnt4"",""Fzd8_Lrp6""]",2.5,-0.007988654891614825
"[""Wnt4"",""Fzd9_Lrp5""]",2.5,-0.009059257030676574
"[""Wnt4"",""Fzd9_Lrp6""]",2.5,-0.008984714469288523
"[""Wnt5a"",""Fzd1""]",2.5,-0.0070608219473759885
"[""Wnt5a"",""Fzd10""]",2.5,-0.009100785322025481
"[""Wnt5a"",""Fzd2""]",2.5,-0.007322376341289016
"[""Wnt5a"",""Fzd3""]",2.5,-0.010631152703304756
"[""Wnt5a"",""Fzd4""]",2.5,-0.005652837086821226
"[""Wnt5a"",""Fzd5""]",2.5,-0.007908635306095918
"[""Wnt5a"",""Fzd6""]",2.5,-0.010555256799765673
"[""Wnt5a"",""Fzd7""]",2.5,-0.0065266422410967286
"[""Wnt5a"",""Fzd8""]",2.5,-0.005704067246097339
"[""Wnt5a"",""Fzd9""]",2.5,-0.0075007463662941885
"[""Wnt5a"",""Mcam""]",2.5,-0.005729562239385023
"[""Wnt5b"",""Fzd1""]",2.5,-0.0052974572421389515
"[""Wnt5b"",""Fzd10""]",2.5,-0.007157365294444837
"[""Wnt5b"",""Fzd2""]",2.5,-0.0052289462715673606
"[""Wnt5b"",""Fzd3""]",2.5,-0.008596151394703285
"[""Wnt5b"",""Fzd4""]",2.5,-0.003880790852121705
"[""Wnt5b"",""Fzd5""]",2.5,-0.0057896094318967035
"[""Wnt5b"",""Fzd6""]",2.5,-0.007856801495326929
"[""Wnt5b"",""Fzd7""]",2.5,-0.004637412359177372
"[""Wnt5b"",""Fzd8""]",2.5,-0.003940015680708651
"[""Wnt5b"",""Fzd9""]",2.5,-0.0052932473433740315
"[""Wnt6"",""Fzd10_Lrp5""]",2.5,-0.015584776831145751
"[""Wnt6"",""Fzd10_Lrp6""]",2.5,-0.015894238083549693
"[""Wnt6"",""Fzd1_Lrp5""]",2.5,-0.010758483859433792
"[""Wnt6"",""Fzd1_Lrp6""]",2.5,-0.010934338625060304
"[""Wnt6"",""Fzd2_Lrp5""]",2.5,-0.010751779421165264
"[""Wnt6"",""Fzd2_Lrp6""]",2.5,-0.01051104803220635
"[""Wnt6"",""Fzd3_Lrp5""]",2.5,-0.010751779421165264
"[""Wnt6"",""Fzd3_Lrp6""]",2.5,-0.015073614264423966
"[""Wnt6"",""Fzd4_Lrp5""]",2.5,-0.008197170131173763
"[""Wnt6"",""Fzd4_Lrp6""]",2.5,-0.007685461206246382
"[""Wnt6"",""Fzd5_Lrp5""]",2.5,-0.013296637683491189
"[""Wnt6"",""Fzd5_Lrp6""]",2.5,-0.013296637683491189
"[""Wnt6"",""Fzd6_Lrp5""]",2.5,-0.021726198046891163
"[""Wnt6"",""Fzd6_Lrp6""]",2.5,-0.016084873015641914
"[""Wnt6"",""Fzd7_Lrp5""]",2.5,-0.01076409827060441
"[""Wnt6"",""Fzd7_Lrp6""]",2.5,-0.011525545872794404
"[""Wnt6"",""Fzd8_Lrp5""]",2.5,-0.00858935044716345
"[""Wnt6"",""Fzd8_Lrp6""]",2.5,-0.00862031275428888
"[""Wnt6"",""Fzd9_Lrp5""]",2.5,-0.009630344397784277
"[""Wnt6"",""Fzd9_Lrp6""]",2.5,-0.009383414940884724
"[""Wnt7a"",""Fzd10_Lrp5""]",2.5,-0.01750975863363167
"[""Wnt7a"",""Fzd10_Lrp6""]",2.5,-0.018123365662496255
"[""Wnt7a"",""Fzd1_Lrp5""]",2.5,-0.012520012477717644
"[""Wnt7a"",""Fzd1_Lrp6""]",2.5,-0.015590581132172918
"[""Wnt7a"",""Fzd2_Lrp5""]",2.5,-0.012505348625542841
"[""Wnt7a"",""Fzd2_Lrp6""]",2.5,-0.014028211294961488
"[""Wnt7a"",""Fzd3_Lrp5""]",2.5,-0.012505348625542841
"[""Wnt7a"",""Fzd3_Lrp6""]",2.5,-0.018813231211696195
"[""Wnt7a"",""Fzd4_Lrp5""]",2.5,-0.010900655476402787
"[""Wnt7a"",""Fzd4_Lrp6""]",2.5,-0.010542215734384061
"[""Wnt7a"",""Fzd5_Lrp5""]",2.5,-0.014160234928644225
"[""Wnt7a"",""Fzd5_Lrp6""]",2.5,-0.014160234928644225
"[""Wnt7a"",""Fzd6_Lrp5""]",2.5,-0.02896107527499054
"[""Wnt7a"",""Fzd6_Lrp6""]",2.5,-0.021228413427965193
"[""Wnt7a"",""Fzd7_Lrp5""]",2.5,-0.012532304624108283
"[""Wnt7a"",""Fzd7_Lrp6""]",2.5,-0.014026644808076198
"[""Wnt7a"",""Fzd8_Lrp5""]",2.5,-0.01110264355159498
"[""Wnt7a"",""Fzd8_Lrp6""]",2.5,-0.011730272641254626
"[""Wnt7a"",""Fzd9_Lrp5""]",2.5,-0.01309536505856132
"[""Wnt7a"",""Fzd9_Lrp6""]",2.5,-0.01550644739334929
"[""Wnt7b"",""Fzd10_Lrp5""]",2.5,-0.015482644716164149
"[""Wnt7b"",""Fzd10_Lrp6""]",2.5,-0.015995505559429662
"[""Wnt7b"",""Fzd1_Lrp5""]",2.5,-0.011187342716548719
"[""Wnt7b"",""Fzd1_Lrp6""]",2.5,-0.01423971220189195
"[""Wnt7b"",""Fzd2_Lrp5""]",2.5,-0.011176365834671397
"[""Wnt7b"",""Fzd2_Lrp6""]",2.5,-0.01271091958708323
"[""Wnt7b"",""Fzd3_Lrp5""]",2.5,-0.011176365834671397
"[""Wnt7b"",""Fzd3_Lrp6""]",2.5,-0.016699587205610163
"[""Wnt7b"",""Fzd4_Lrp5""]",2.5,-0.010202651807681755
"[""Wnt7b"",""Fzd4_Lrp6""]",2.5,-0.009898675266196269
"[""Wnt7b"",""Fzd5_Lrp5""]",2.5,-0.012959603045395673
"[""Wnt7b"",""Fzd5_Lrp6""]",2.5,-0.012959603045395673
"[""Wnt7b"",""Fzd6_Lrp5""]",2.5,-0.024975355059835114
"[""Wnt7b"",""Fzd6_Lrp6""]",2.5,-0.019419681596324054
"[""Wnt7b"",""Fzd7_Lrp5""]",2.5,-0.011196540999546102
"[""Wnt7b"",""Fzd7_Lrp6""]",2.5,-0.012594929849653397
"[""Wnt7b"",""Fzd8_Lrp5""]",2.5,-0.010115189282846732
"[""Wnt7b"",""Fzd8_Lrp6""]",2.5,-0.010698483250226314
"[""Wnt7b"",""Fzd9_Lrp5""]",2.5,-0.012146253026621874
"[""Wnt7b"",""Fzd9_Lrp6""]",2.5,-0.014483956452983032
"[""Wnt8a"",""Fzd10_Lrp5""]",2.5,-0.007391850065133664
"[""Wnt8a"",""Fzd10_Lrp6""]",2.5,-0.007866383522685814
"[""Wnt8a"",""Fzd1_Lrp5""]",2.5,-0.004794082267658506
"[""Wnt8a"",""Fzd1_Lrp6""]",2.5,-0.00626769959254337
"[""Wnt8a"",""Fzd2_Lrp5""]",2.5,-0.00478764004432274
"[""Wnt8a"",""Fzd2_Lrp6""]",2.5,-0.004934486524166115
"[""Wnt8a"",""Fzd3_Lrp5""]",2.5,-0.00478764004432274
"[""Wnt8a"",""Fzd3_Lrp6""]",2.5,-0.007154673452839639
"[""Wnt8a"",""Fzd4_Lrp5""]",2.5,-0.004873986111200014
"[""Wnt8a"",""Fzd4_Lrp6""]",2.5,-0.004828764818257997
"[""Wnt8a"",""Fzd5_Lrp5""]",2.5,-0.007932164382947702
"[""Wnt8a"",""Fzd5_Lrp6""]",2.5,-0.007932164382947702
"[""Wnt8a"",""Fzd6_Lrp5""]",2.5,-0.010616729606379821
"[""Wnt8a"",""Fzd6_Lrp6""]",2.5,-0.009893031004809172
"[""Wnt8a"",""Fzd7_Lrp5""]",2.5,-0.004799484252579051
"[""Wnt8a"",""Fzd7_Lrp6""]",2.5,-0.005504980721932812
"[""Wnt8a"",""Fzd8_Lrp5""]",2.5,-0.004511432037359268
"[""Wnt8a"",""Fzd8_Lrp6""]",2.5,-0.004664056358150582
"[""Wnt8a"",""Fzd9_Lrp5""]",2.5,-0.006377956443061784
"[""Wnt8a"",""Fzd9_Lrp6""]",2.5,-0.0066972930498005005
"[""Wnt8b"",""Fzd10_Lrp5""]",2.5,-0.008888798262251248
"[""Wnt8b"",""Fzd10_Lrp6""]",2.5,-0.009877396565515943
"[""Wnt8b"",""Fzd1_Lrp5""]",2.5,-0.005640525926210423
"[""Wnt8b"",""Fzd1_Lrp6""]",2.5,-0.007962384598483873
"[""Wnt8b"",""Fzd2_Lrp5""]",2.5,-0.00563537636250636
"[""Wnt8b"",""Fzd2_Lrp6""]",2.5,-0.006184597058932829
"[""Wnt8b"",""Fzd3_Lrp5""]",2.5,-0.00563537636250636
"[""Wnt8b"",""Fzd3_Lrp6""]",2.5,-0.008623411958951726
"[""Wnt8b"",""Fzd4_Lrp5""]",2.5,-0.005741488760517366
"[""Wnt8b"",""Fzd4_Lrp6""]",2.5,-0.005686968132890468
"[""Wnt8b"",""Fzd5_Lrp5""]",2.5,-0.009342992797040567
"[""Wnt8b"",""Fzd5_Lrp6""]",2.5,-0.009342992797040567
"[""Wnt8b"",""Fzd6_Lrp5""]",2.5,-0.013971705802211661
"[""Wnt8b"",""Fzd6_Lrp6""]",2.5,-0.012878268812301433
"[""Wnt8b"",""Fzd7_Lrp5""]",2.5,-0.005644840557604738
"[""Wnt8b"",""Fzd7_Lrp6""]",2.5,-0.0066218241553108355
"[""Wnt8b"",""Fzd8_Lrp5""]",2.5,-0.005451422544626167
"[""Wnt8b"",""Fzd8_Lrp6""]",2.5,-0.0055833962189054225
"[""Wnt8b"",""Fzd9_Lrp5""]",2.5,-0.007899863580145423
"[""Wnt8b"",""Fzd9_Lrp6""]",2.5,-0.008685933389021867
"[""Wnt9a"",""Fzd10_Lrp5""]",2.5,-0.007042349999710304
"[""Wnt9a"",""Fzd10_Lrp6""]",2.5,-0.007504995863388156
"[""Wnt9a"",""Fzd1_Lrp5""]",2.5,-0.004419662730513694
"[""Wnt9a"",""Fzd1_Lrp6""]",2.5,-0.005663534581195907
"[""Wnt9a"",""Fzd2_Lrp5""]",2.5,-0.004417961589621638
"[""Wnt9a"",""Fzd2_Lrp6""]",2.5,-0.004573506410023051
"[""Wnt9a"",""Fzd3_Lrp5""]",2.5,-0.004417961589621638
"[""Wnt9a"",""Fzd3_Lrp6""]",2.5,-0.007019139535389662
"[""Wnt9a"",""Fzd4_Lrp5""]",2.5,-0.004014121745711956
"[""Wnt9a"",""Fzd4_Lrp6""]",2.5,-0.003971448648066922
"[""Wnt9a"",""Fzd5_Lrp5""]",2.5,-0.005715284558917568
"[""Wnt9a"",""Fzd5_Lrp6""]",2.5,-0.005715284558917568
"[""Wnt9a"",""Fzd6_Lrp5""]",2.5,-0.00952474571471295
"[""Wnt9a"",""Fzd6_Lrp6""]",2.5,-0.007655963621806566
"[""Wnt9a"",""Fzd7_Lrp5""]",2.5,-0.004421086671163221
"[""Wnt9a"",""Fzd7_Lrp6""]",2.5,-0.004962829998272256
"[""Wnt9a"",""Fzd8_Lrp5""]",2.5,-0.0038107966112372604
"[""Wnt9a"",""Fzd8_Lrp6""]",2.5,-0.004181251206338721
"[""Wnt9a"",""Fzd9_Lrp5""]",2.5,-0.005310988029991765
"[""Wnt9a"",""Fzd9_Lrp6""]",2.5,-0.005608455607906671
"[""Wnt9b"",""Fzd10_Lrp5""]",2.5,-0.011663842961212601
"[""Wnt9b"",""Fzd10_Lrp6""]",2.5,-0.011952317228940898
"[""Wnt9b"",""Fzd1_Lrp5""]",2.5,-0.007498234944828494
"[""Wnt9b"",""Fzd1_Lrp6""]",2.5,-0.008746394877354815
"[""Wnt9b"",""Fzd2_Lrp5""]",2.5,-0.007493970235711557
"[""Wnt9b"",""Fzd2_Lrp6""]",2.5,-0.007512100412126387
"[""Wnt9b"",""Fzd3_Lrp5""]",2.5,-0.007493970235711557
"[""Wnt9b"",""Fzd3_Lrp6""]",2.5,-0.011264693171556154
"[""Wnt9b"",""Fzd4_Lrp5""]",2.5,-0.00687582117312972
"[""Wnt9b"",""Fzd4_Lrp6""]",2.5,-0.006676296543041705
"[""Wnt9b"",""Fzd5_Lrp5""]",2.5,-0.010302944912369686
"[""Wnt9b"",""Fzd5_Lrp6""]",2.5,-0.010302944912369686
"[""Wnt9b"",""Fzd6_Lrp5""]",2.5,-0.01649762145978584
"[""Wnt9b"",""Fzd6_Lrp6""]",2.5,-0.013556218734574473
"[""Wnt9b"",""Fzd7_Lrp5""]",2.5,-0.0075018059278565185
"[""Wnt9b"",""Fzd7_Lrp6""]",2.5,-0.008364062978134058
"[""Wnt9b"",""Fzd8_Lrp5""]",2.5,-0.006616391517916674
"[""Wnt9b"",""Fzd8_Lrp6""]",2.5,-0.006836052857791349
"[""Wnt9b"",""Fzd9_Lrp5""]",2.5,-0.008460928270044164
"[""Wnt9b"",""Fzd9_Lrp6""]",2.5,-0.00869427012292957
