stage_index,stage,epoch,loss
0,Pretrain,1,1.0979052856564522
0,Pretrain,2,1.0283209159970284
0,Pretrain,3,1.1090062335133553
0,Pretrain,4,1.045928344130516
0,Pretrain,5,0.9984774440526962
0,Pretrain,6,1.009653590619564
0,Pretrain,7,1.009960725903511
0,Pretrain,8,1.022610031068325
0,Pretrain,9,1.0013335570693016
0,Pretrain,10,1.032330796122551
0,Pretrain,11,0.9653987213969231
0,Pretrain,12,1.0078914165496826
0,Pretrain,13,1.041887953877449
0,Pretrain,14,0.9582808092236519
0,Pretrain,15,0.9516588449478149
0,Pretrain,16,0.961624763906002
0,Pretrain,17,0.9503590911626816
0,Pretrain,18,0.9695188775658607
0,Pretrain,19,0.9324375465512276
0,Pretrain,20,0.9495844021439552
0,Pretrain,21,0.9380805268883705
0,Pretrain,22,0.9160598441958427
0,Pretrain,23,0.9203925803303719
0,Pretrain,24,0.9464490041136742
0,Pretrain,25,0.8948903903365135
0,Pretrain,26,0.924469031393528
0,Pretrain,27,0.9511930719017982
0,Pretrain,28,0.9530636966228485
0,Pretrain,29,1.0057159811258316
0,Pretrain,30,0.9024443626403809
0,Pretrain,31,0.9801912531256676
0,Pretrain,32,0.9079186767339706
0,Pretrain,33,0.9070979282259941
0,Pretrain,34,0.890020914375782
0,Pretrain,35,0.931233711540699
0,Pretrain,36,0.9150336310267448
0,Pretrain,37,0.9220271781086922
0,Pretrain,38,0.9512886255979538
0,Pretrain,39,0.9071804881095886
0,Pretrain,40,0.9443328008055687
0,Pretrain,41,0.9007647186517715
0,Pretrain,42,0.9351503252983093
0,Pretrain,43,0.9009553343057632
0,Pretrain,44,0.9047113582491875
0,Pretrain,45,0.8948755636811256
0,Pretrain,46,0.9399993494153023
0,Pretrain,47,0.9039055109024048
0,Pretrain,48,0.9114138633012772
0,Pretrain,49,0.8826359808444977
0,Pretrain,50,0.9434280470013618
0,Pretrain,51,0.9141154065728188
0,Pretrain,52,0.9542543292045593
0,Pretrain,53,0.9453283175826073
0,Pretrain,54,0.9431713297963142
0,Pretrain,55,0.9177135080099106
0,Pretrain,56,0.9319504871964455
0,Pretrain,57,0.9019248634576797
0,Pretrain,58,0.904329277575016
0,Pretrain,59,0.9361415654420853
0,Pretrain,60,0.9055120497941971
0,Pretrain,61,0.9119701609015465
0,Pretrain,62,0.9888471588492393
0,Pretrain,63,0.8825123086571693
0,Pretrain,64,0.8486395180225372
0,Pretrain,65,0.9372927248477936
0,Pretrain,66,0.858016699552536
0,Pretrain,67,0.908512532711029
0,Pretrain,68,0.9269993603229523
0,Pretrain,69,0.9851916283369064
0,Pretrain,70,0.895753487944603
0,Pretrain,71,0.9180872663855553
0,Pretrain,72,0.8806017935276031
0,Pretrain,73,0.9278434365987778
0,Pretrain,74,0.8980937674641609
0,Pretrain,75,0.8781635761260986
0,Pretrain,76,0.9367138147354126
0,Pretrain,77,0.8996760696172714
0,Pretrain,78,0.9244759455323219
0,Pretrain,79,0.8730359971523285
0,Pretrain,80,0.9021721631288528
0,Pretrain,81,0.9236685857176781
0,Pretrain,82,0.9099858179688454
0,Pretrain,83,0.8895027711987495
0,Pretrain,84,0.9274536967277527
0,Pretrain,85,0.8660103157162666
0,Pretrain,86,0.876932829618454
0,Pretrain,87,0.8950619325041771
0,Pretrain,88,0.9053527861833572
0,Pretrain,89,0.8807236403226852
0,Pretrain,90,0.9174341112375259
0,Pretrain,91,0.8784673139452934
0,Pretrain,92,0.8485778495669365
0,Pretrain,93,0.9118180796504021
0,Pretrain,94,0.8921195566654205
0,Pretrain,95,0.8740524724125862
0,Pretrain,96,0.8875650092959404
0,Pretrain,97,0.8475911840796471
0,Pretrain,98,0.8339995592832565
0,Pretrain,99,0.8612263351678848
0,Pretrain,100,0.8421693593263626
1,Refine,1,0.9108331799507141
1,Refine,2,1.0219661369919777
1,Refine,3,0.8983091562986374
1,Refine,4,0.9077049419283867
1,Refine,5,0.8955943807959557
1,Refine,6,0.9367059916257858
1,Refine,7,0.9245359152555466
1,Refine,8,0.8798447996377945
1,Refine,9,0.8500241339206696
1,Refine,10,0.878213532269001
1,Refine,11,0.8514075577259064
1,Refine,12,0.9088280200958252
1,Refine,13,0.8539839014410973
1,Refine,14,0.8740545064210892
1,Refine,15,0.8761256784200668
1,Refine,16,0.8927015960216522
1,Refine,17,0.8868098258972168
1,Refine,18,0.8650176078081131
1,Refine,19,0.8411229103803635
1,Refine,20,0.8695932999253273
1,Refine,21,0.8606107756495476
1,Refine,22,0.8720131516456604
1,Refine,23,0.8544946014881134
1,Refine,24,0.8890515193343163
1,Refine,25,0.9119114279747009
1,Refine,26,0.8763243705034256
1,Refine,27,0.8549020886421204
1,Refine,28,0.8590136095881462
1,Refine,29,0.8687935322523117
1,Refine,30,0.8473684266209602
1,Refine,31,0.9212195351719856
1,Refine,32,0.8521656095981598
1,Refine,33,0.8637706488370895
1,Refine,34,0.8404943346977234
1,Refine,35,0.840209037065506
1,Refine,36,0.8480081036686897
1,Refine,37,0.8567738756537437
1,Refine,38,0.9120023176074028
1,Refine,39,0.859968975186348
1,Refine,40,0.9141768291592598
1,Refine,41,0.8627121299505234
1,Refine,42,0.84610815346241
1,Refine,43,0.8813993781805038
1,Refine,44,0.8572801277041435
1,Refine,45,0.8622095137834549
1,Refine,46,0.8504561930894852
1,Refine,47,0.8323326110839844
1,Refine,48,0.8453710228204727
1,Refine,49,0.8647187724709511
1,Refine,50,0.8534390553832054
1,Refine,51,0.8484086990356445
1,Refine,52,0.8492972329258919
1,Refine,53,0.850043997168541
1,Refine,54,0.8229422047734261
1,Refine,55,0.8465313091874123
1,Refine,56,0.8332296088337898
1,Refine,57,0.9032645598053932
1,Refine,58,0.8922790214419365
1,Refine,59,0.8650962188839912
1,Refine,60,0.8368556350469589
1,Refine,61,0.8580506220459938
1,Refine,62,0.9191684946417809
1,Refine,63,0.8588223084807396
1,Refine,64,0.8774181082844734
1,Refine,65,0.8995509520173073
1,Refine,66,0.8975457325577736
1,Refine,67,0.9404804185032845
1,Refine,68,0.8529218211770058
1,Refine,69,0.8569104894995689
1,Refine,70,0.9071526452898979
1,Refine,71,0.8838451132178307
1,Refine,72,0.993166446685791
1,Refine,73,0.858024425804615
1,Refine,74,0.8811312541365623
1,Refine,75,0.8759126588702202
1,Refine,76,0.8699240610003471
1,Refine,77,0.8724816516041756
1,Refine,78,0.8687374517321587
1,Refine,79,0.8896909803152084
1,Refine,80,0.8744389489293098
1,Refine,81,0.8770750090479851
1,Refine,82,0.8545774444937706
1,Refine,83,0.8775951862335205
1,Refine,84,0.8925665766000748
1,Refine,85,0.9249661490321159
1,Refine,86,0.8712077736854553
1,Refine,87,0.8335731104016304
1,Refine,88,0.8525708764791489
1,Refine,89,0.879172682762146
1,Refine,90,0.8676089122891426
1,Refine,91,0.8867518231272697
1,Refine,92,0.856114037334919
1,Refine,93,0.9460390135645866
1,Refine,94,0.8734608069062233
1,Refine,95,0.9084983989596367
1,Refine,96,0.8640005588531494
1,Refine,97,0.8876672834157944
1,Refine,98,0.9429825246334076
1,Refine,99,0.8716270625591278
1,Refine,100,0.8396934866905212
2,Init_interaction,1,9.195065975189209
2,Init_interaction,2,9.750542402267456
2,Init_interaction,3,8.919187247753143
2,Init_interaction,4,8.840106844902039
2,Init_interaction,5,8.839877665042877
2,Init_interaction,6,8.985033988952637
2,Init_interaction,7,8.91359269618988
2,Init_interaction,8,10.133910417556763
2,Init_interaction,9,8.756452441215515
2,Init_interaction,10,9.490727305412292
2,Init_interaction,11,8.590266704559326
2,Init_interaction,12,8.968815326690674
2,Init_interaction,13,9.17381727695465
2,Init_interaction,14,8.725896418094635
2,Init_interaction,15,8.531388819217682
2,Init_interaction,16,8.349713206291199
2,Init_interaction,17,9.08780550956726
2,Init_interaction,18,8.799699068069458
2,Init_interaction,19,9.157759070396423
2,Init_interaction,20,9.316430032253265
2,Init_interaction,21,8.677014827728271
2,Init_interaction,22,8.563230454921722
2,Init_interaction,23,8.952570140361786
2,Init_interaction,24,9.278973400592804
2,Init_interaction,25,9.12646770477295
2,Init_interaction,26,8.53056252002716
2,Init_interaction,27,9.416904091835022
2,Init_interaction,28,8.58608102798462
2,Init_interaction,29,8.590782761573792
2,Init_interaction,30,8.720857560634613
2,Init_interaction,31,8.757501661777496
2,Init_interaction,32,8.712467908859253
2,Init_interaction,33,8.693099975585938
2,Init_interaction,34,8.79647159576416
2,Init_interaction,35,9.845732510089874
2,Init_interaction,36,8.900426685810089
2,Init_interaction,37,8.89588212966919
2,Init_interaction,38,9.124143242835999
2,Init_interaction,39,8.788556456565857
2,Init_interaction,40,8.64270532131195
2,Init_interaction,41,8.612368702888489
2,Init_interaction,42,9.024471163749695
2,Init_interaction,43,9.110765814781189
2,Init_interaction,44,8.669976472854614
2,Init_interaction,45,8.452704846858978
2,Init_interaction,46,9.006361842155457
2,Init_interaction,47,8.93563824892044
2,Init_interaction,48,8.947099030017853
2,Init_interaction,49,8.524889707565308
2,Init_interaction,50,8.73559844493866
3,Train_Score,1,1.0204412937164307
3,Train_Score,2,1.0023910999298096
3,Train_Score,3,1.008663535118103
3,Train_Score,4,1.0274059772491455
3,Train_Score,5,1.014655351638794
3,Train_Score,6,1.0097699165344238
3,Train_Score,7,1.0136425495147705
3,Train_Score,8,1.0126060247421265
3,Train_Score,9,1.000048041343689
3,Train_Score,10,1.0034033060073853
3,Train_Score,11,1.0081429481506348
3,Train_Score,12,1.0225858688354492
3,Train_Score,13,0.9862430691719055
3,Train_Score,14,1.0169752836227417
3,Train_Score,15,1.020519733428955
3,Train_Score,16,0.9992204308509827
3,Train_Score,17,1.0242893695831299
3,Train_Score,18,0.9978130459785461
3,Train_Score,19,1.0022227764129639
3,Train_Score,20,1.0074599981307983
3,Train_Score,21,1.0232162475585938
3,Train_Score,22,1.0005325078964233
3,Train_Score,23,0.999618649482727
3,Train_Score,24,1.0193623304367065
3,Train_Score,25,1.0070375204086304
3,Train_Score,26,1.0061004161834717
3,Train_Score,27,0.9909082651138306
3,Train_Score,28,1.0177030563354492
3,Train_Score,29,0.979658305644989
3,Train_Score,30,1.014557957649231
3,Train_Score,31,0.9950979948043823
3,Train_Score,32,0.9978413581848145
3,Train_Score,33,0.9912638068199158
3,Train_Score,34,1.0094504356384277
3,Train_Score,35,0.9835857152938843
3,Train_Score,36,1.009943962097168
3,Train_Score,37,1.0095447301864624
3,Train_Score,38,0.9914209842681885
3,Train_Score,39,1.012163758277893
3,Train_Score,40,1.005997657775879
3,Train_Score,41,0.9993243217468262
3,Train_Score,42,0.9980470538139343
3,Train_Score,43,1.0050603151321411
3,Train_Score,44,0.9966346025466919
3,Train_Score,45,1.0008918046951294
3,Train_Score,46,0.9949923753738403
3,Train_Score,47,1.001121997833252
3,Train_Score,48,1.0101392269134521
3,Train_Score,49,1.0055745840072632
3,Train_Score,50,1.0034515857696533
3,Train_Score,51,0.987258791923523
3,Train_Score,52,1.01050865650177
3,Train_Score,53,1.0133942365646362
3,Train_Score,54,0.9960207343101501
3,Train_Score,55,1.0212514400482178
3,Train_Score,56,1.014845848083496
3,Train_Score,57,1.0023177862167358
3,Train_Score,58,1.0104788541793823
3,Train_Score,59,1.0069565773010254
3,Train_Score,60,1.0105947256088257
3,Train_Score,61,1.0148117542266846
3,Train_Score,62,0.9987637996673584
3,Train_Score,63,1.0099623203277588
3,Train_Score,64,1.0011980533599854
3,Train_Score,65,1.0037339925765991
3,Train_Score,66,1.0032187700271606
3,Train_Score,67,1.0067394971847534
3,Train_Score,68,0.9954261183738708
3,Train_Score,69,0.9903476238250732
3,Train_Score,70,1.0103569030761719
3,Train_Score,71,1.0056489706039429
3,Train_Score,72,0.9864537715911865
3,Train_Score,73,1.0135008096694946
3,Train_Score,74,1.0039926767349243
3,Train_Score,75,0.9916485548019409
3,Train_Score,76,0.9998265504837036
3,Train_Score,77,1.0060584545135498
3,Train_Score,78,0.9980968236923218
3,Train_Score,79,1.0112779140472412
3,Train_Score,80,1.0070327520370483
3,Train_Score,81,1.0128791332244873
3,Train_Score,82,1.0017837285995483
3,Train_Score,83,1.0022372007369995
3,Train_Score,84,1.0002193450927734
3,Train_Score,85,0.9956437349319458
3,Train_Score,86,0.9926284551620483
3,Train_Score,87,1.003308653831482
3,Train_Score,88,1.001681923866272
3,Train_Score,89,0.9962137937545776
3,Train_Score,90,0.9910480380058289
3,Train_Score,91,1.011279821395874
3,Train_Score,92,1.0037016868591309
3,Train_Score,93,1.00840163230896
3,Train_Score,94,1.0055819749832153
3,Train_Score,95,1.0031219720840454
3,Train_Score,96,1.0132391452789307
3,Train_Score,97,1.003631591796875
3,Train_Score,98,1.026918649673462
3,Train_Score,99,1.0036284923553467
3,Train_Score,100,0.9938108325004578
3,Train_Score,101,0.9978124499320984
3,Train_Score,102,0.9922566413879395
3,Train_Score,103,1.0042721033096313
3,Train_Score,104,1.0082151889801025
3,Train_Score,105,0.9946035742759705
3,Train_Score,106,0.9952300786972046
3,Train_Score,107,1.0160059928894043
3,Train_Score,108,0.9973935484886169
3,Train_Score,109,1.0051761865615845
3,Train_Score,110,0.9905361533164978
3,Train_Score,111,1.0060293674468994
3,Train_Score,112,1.0065873861312866
3,Train_Score,113,1.0013374090194702
3,Train_Score,114,1.0046099424362183
3,Train_Score,115,0.9971848130226135
3,Train_Score,116,1.0041149854660034
3,Train_Score,117,1.0092017650604248
3,Train_Score,118,0.9895691275596619
3,Train_Score,119,1.0227710008621216
3,Train_Score,120,0.999688982963562
3,Train_Score,121,1.009129524230957
3,Train_Score,122,0.9859843254089355
3,Train_Score,123,1.009800672531128
3,Train_Score,124,0.9949942827224731
3,Train_Score,125,1.002660870552063
3,Train_Score,126,0.9927940964698792
3,Train_Score,127,1.0026710033416748
3,Train_Score,128,0.9930490851402283
3,Train_Score,129,0.9856733679771423
3,Train_Score,130,0.9923031330108643
3,Train_Score,131,0.9974532723426819
3,Train_Score,132,0.9994832873344421
3,Train_Score,133,1.0095679759979248
3,Train_Score,134,1.0038001537322998
3,Train_Score,135,0.9982110857963562
3,Train_Score,136,1.0162842273712158
3,Train_Score,137,1.0032289028167725
3,Train_Score,138,1.0000336170196533
3,Train_Score,139,0.9876877069473267
3,Train_Score,140,1.0053189992904663
3,Train_Score,141,1.004887342453003
3,Train_Score,142,1.0004589557647705
3,Train_Score,143,0.9995236396789551
3,Train_Score,144,1.0033440589904785
3,Train_Score,145,1.011785864830017
3,Train_Score,146,1.01046621799469
3,Train_Score,147,1.0023119449615479
3,Train_Score,148,0.9972565174102783
3,Train_Score,149,0.998379111289978
3,Train_Score,150,1.009926199913025
3,Train_Score,151,0.9987232089042664
3,Train_Score,152,1.0144641399383545
3,Train_Score,153,1.000425100326538
3,Train_Score,154,0.9978358745574951
3,Train_Score,155,0.994851291179657
3,Train_Score,156,1.0021138191223145
3,Train_Score,157,1.018962025642395
3,Train_Score,158,1.0043859481811523
3,Train_Score,159,1.0054888725280762
3,Train_Score,160,1.0000770092010498
3,Train_Score,161,1.0050328969955444
3,Train_Score,162,0.9889331459999084
3,Train_Score,163,0.9942750334739685
3,Train_Score,164,1.0006182193756104
3,Train_Score,165,1.0041682720184326
3,Train_Score,166,0.9908515214920044
3,Train_Score,167,1.0049127340316772
3,Train_Score,168,1.005996584892273
3,Train_Score,169,1.0022966861724854
3,Train_Score,170,1.0148603916168213
3,Train_Score,171,1.0063146352767944
3,Train_Score,172,1.0107914209365845
3,Train_Score,173,1.011414885520935
3,Train_Score,174,1.0025748014450073
3,Train_Score,175,0.9866331219673157
3,Train_Score,176,0.9982101321220398
3,Train_Score,177,1.0030676126480103
3,Train_Score,178,1.0106534957885742
3,Train_Score,179,1.0039889812469482
3,Train_Score,180,1.007469892501831
3,Train_Score,181,1.0081876516342163
3,Train_Score,182,0.9950923323631287
3,Train_Score,183,1.0055334568023682
3,Train_Score,184,0.9950576424598694
3,Train_Score,185,1.0055005550384521
3,Train_Score,186,1.003517746925354
3,Train_Score,187,1.001469612121582
3,Train_Score,188,1.0166367292404175
3,Train_Score,189,1.0052340030670166
3,Train_Score,190,1.0015634298324585
3,Train_Score,191,0.9927908182144165
3,Train_Score,192,0.996655285358429
3,Train_Score,193,1.0116194486618042
3,Train_Score,194,1.0167995691299438
3,Train_Score,195,0.9998489618301392
3,Train_Score,196,1.0078513622283936
3,Train_Score,197,0.9997715950012207
3,Train_Score,198,0.9938520789146423
3,Train_Score,199,0.9950112700462341
3,Train_Score,200,1.0139398574829102
3,Train_Score,201,0.9945375323295593
3,Train_Score,202,1.0104000568389893
3,Train_Score,203,1.0186474323272705
3,Train_Score,204,1.001423954963684
3,Train_Score,205,1.0086619853973389
3,Train_Score,206,0.9978156089782715
3,Train_Score,207,1.0105466842651367
3,Train_Score,208,1.0021547079086304
3,Train_Score,209,0.9987234473228455
3,Train_Score,210,0.9930990934371948
3,Train_Score,211,0.996378481388092
3,Train_Score,212,0.9908641576766968
3,Train_Score,213,0.9997924566268921
3,Train_Score,214,1.0033504962921143
3,Train_Score,215,1.0155900716781616
3,Train_Score,216,0.9902637600898743
3,Train_Score,217,1.0015194416046143
3,Train_Score,218,1.0041007995605469
3,Train_Score,219,1.0140831470489502
3,Train_Score,220,0.9819775223731995
3,Train_Score,221,1.0024126768112183
3,Train_Score,222,1.0056877136230469
3,Train_Score,223,0.9973661303520203
3,Train_Score,224,1.0026699304580688
3,Train_Score,225,1.0144984722137451
3,Train_Score,226,1.0100873708724976
3,Train_Score,227,1.003139853477478
3,Train_Score,228,1.002457618713379
3,Train_Score,229,0.982617199420929
3,Train_Score,230,1.0000855922698975
3,Train_Score,231,0.9949605464935303
3,Train_Score,232,1.0091723203659058
3,Train_Score,233,0.9985991716384888
3,Train_Score,234,1.003070592880249
3,Train_Score,235,1.013592004776001
3,Train_Score,236,0.9968515038490295
3,Train_Score,237,0.9971412420272827
3,Train_Score,238,1.0132908821105957
3,Train_Score,239,0.9936785101890564
3,Train_Score,240,0.9885051846504211
3,Train_Score,241,1.020264744758606
3,Train_Score,242,0.990200400352478
3,Train_Score,243,1.009223461151123
3,Train_Score,244,0.9921684861183167
3,Train_Score,245,0.9962550401687622
3,Train_Score,246,1.004721760749817
3,Train_Score,247,0.9949265718460083
3,Train_Score,248,0.9949060678482056
3,Train_Score,249,0.9997734427452087
3,Train_Score,250,0.9856762886047363
3,Train_Score,251,1.0008366107940674
3,Train_Score,252,1.0003747940063477
3,Train_Score,253,1.0116586685180664
3,Train_Score,254,1.011265516281128
3,Train_Score,255,0.9949651956558228
3,Train_Score,256,0.991766095161438
3,Train_Score,257,1.0203787088394165
3,Train_Score,258,1.00567626953125
3,Train_Score,259,1.00560462474823
3,Train_Score,260,1.0055021047592163
3,Train_Score,261,0.9922890067100525
3,Train_Score,262,1.0027412176132202
3,Train_Score,263,1.0057930946350098
3,Train_Score,264,0.9986681342124939
3,Train_Score,265,0.9992985725402832
3,Train_Score,266,0.9945931434631348
3,Train_Score,267,0.9850364327430725
3,Train_Score,268,0.9915786981582642
3,Train_Score,269,1.0131644010543823
3,Train_Score,270,0.9854540824890137
3,Train_Score,271,0.9945229887962341
3,Train_Score,272,1.0032633543014526
3,Train_Score,273,1.003879427909851
3,Train_Score,274,1.0059995651245117
3,Train_Score,275,0.9880985617637634
3,Train_Score,276,1.013418197631836
3,Train_Score,277,0.9960033893585205
3,Train_Score,278,0.9892611503601074
3,Train_Score,279,0.9980344176292419
3,Train_Score,280,0.9959190487861633
3,Train_Score,281,0.9971199631690979
3,Train_Score,282,0.990725576877594
3,Train_Score,283,1.0169645547866821
3,Train_Score,284,1.0085586309432983
3,Train_Score,285,0.9784060716629028
3,Train_Score,286,0.9994836449623108
3,Train_Score,287,1.0031487941741943
3,Train_Score,288,0.9837734699249268
3,Train_Score,289,0.9961775541305542
3,Train_Score,290,1.0040490627288818
3,Train_Score,291,1.0175960063934326
3,Train_Score,292,1.0032975673675537
3,Train_Score,293,1.005323886871338
3,Train_Score,294,1.0160293579101562
3,Train_Score,295,0.9992585778236389
3,Train_Score,296,0.9933254718780518
3,Train_Score,297,1.021010398864746
3,Train_Score,298,1.0168266296386719
3,Train_Score,299,0.9916878938674927
3,Train_Score,300,1.0064122676849365
3,Train_Score,301,0.9838770627975464
3,Train_Score,302,0.9994636178016663
3,Train_Score,303,0.9878742694854736
3,Train_Score,304,1.0017012357711792
3,Train_Score,305,0.9928616285324097
3,Train_Score,306,1.0015982389450073
3,Train_Score,307,1.0047441720962524
3,Train_Score,308,0.9974262714385986
3,Train_Score,309,1.0109825134277344
3,Train_Score,310,0.9825580716133118
3,Train_Score,311,0.9907675981521606
3,Train_Score,312,1.008360505104065
3,Train_Score,313,0.9948878288269043
3,Train_Score,314,0.9918118119239807
3,Train_Score,315,0.9955929517745972
3,Train_Score,316,1.0050002336502075
3,Train_Score,317,0.9885852932929993
3,Train_Score,318,0.9996727108955383
3,Train_Score,319,1.0016546249389648
3,Train_Score,320,0.9948582649230957
3,Train_Score,321,1.0160398483276367
3,Train_Score,322,1.011101484298706
3,Train_Score,323,1.0113781690597534
3,Train_Score,324,0.9983924627304077
3,Train_Score,325,1.0033600330352783
3,Train_Score,326,1.0128153562545776
3,Train_Score,327,0.9976846575737
3,Train_Score,328,1.0127270221710205
3,Train_Score,329,1.0086884498596191
3,Train_Score,330,0.9893919229507446
3,Train_Score,331,0.9869946837425232
3,Train_Score,332,1.0104131698608398
3,Train_Score,333,1.007968544960022
3,Train_Score,334,1.020974040031433
3,Train_Score,335,1.0037693977355957
3,Train_Score,336,1.0049391984939575
3,Train_Score,337,1.007466435432434
3,Train_Score,338,0.9845607876777649
3,Train_Score,339,1.0107898712158203
3,Train_Score,340,0.9964052438735962
3,Train_Score,341,0.9913055300712585
3,Train_Score,342,1.0013989210128784
3,Train_Score,343,1.014909029006958
3,Train_Score,344,0.9982324838638306
3,Train_Score,345,1.005027413368225
3,Train_Score,346,1.005990982055664
3,Train_Score,347,0.9980259537696838
3,Train_Score,348,1.0121676921844482
3,Train_Score,349,0.9942816495895386
3,Train_Score,350,0.9963976144790649
3,Train_Score,351,1.013394832611084
3,Train_Score,352,1.0061986446380615
3,Train_Score,353,0.9943130016326904
3,Train_Score,354,1.0043083429336548
3,Train_Score,355,1.0089852809906006
3,Train_Score,356,0.9898462891578674
3,Train_Score,357,1.0031191110610962
3,Train_Score,358,1.0121328830718994
3,Train_Score,359,0.9828664660453796
3,Train_Score,360,0.9825199246406555
3,Train_Score,361,0.9984691739082336
3,Train_Score,362,1.0077069997787476
3,Train_Score,363,0.9966728687286377
3,Train_Score,364,0.9832577109336853
3,Train_Score,365,1.0028212070465088
3,Train_Score,366,1.008038878440857
3,Train_Score,367,1.0084373950958252
3,Train_Score,368,1.0027837753295898
3,Train_Score,369,1.0039564371109009
3,Train_Score,370,0.9979522824287415
3,Train_Score,371,0.9966881275177002
3,Train_Score,372,1.0092445611953735
3,Train_Score,373,0.9976322650909424
3,Train_Score,374,1.0043151378631592
3,Train_Score,375,1.0094726085662842
3,Train_Score,376,0.9927496314048767
3,Train_Score,377,0.9679414629936218
3,Train_Score,378,1.010254979133606
3,Train_Score,379,0.9936651587486267
3,Train_Score,380,0.9758898019790649
3,Train_Score,381,0.9908010959625244
3,Train_Score,382,1.0024487972259521
3,Train_Score,383,1.0039221048355103
3,Train_Score,384,0.9989593625068665
3,Train_Score,385,1.002533197402954
3,Train_Score,386,0.986352801322937
3,Train_Score,387,0.9977203607559204
3,Train_Score,388,0.9919461607933044
3,Train_Score,389,1.0142266750335693
3,Train_Score,390,0.9966235756874084
3,Train_Score,391,0.9904178977012634
3,Train_Score,392,0.9924148321151733
3,Train_Score,393,1.0023835897445679
3,Train_Score,394,0.9945093393325806
3,Train_Score,395,0.999435305595398
3,Train_Score,396,0.9923256039619446
3,Train_Score,397,1.0045349597930908
3,Train_Score,398,0.9939497113227844
3,Train_Score,399,1.0097262859344482
3,Train_Score,400,1.013051152229309
3,Train_Score,401,0.9981567859649658
3,Train_Score,402,0.9966367483139038
3,Train_Score,403,1.015730381011963
3,Train_Score,404,0.9916154742240906
3,Train_Score,405,0.9942329525947571
3,Train_Score,406,0.9937711954116821
3,Train_Score,407,0.9789319634437561
3,Train_Score,408,0.9991921782493591
3,Train_Score,409,0.9913201332092285
3,Train_Score,410,0.9982282519340515
3,Train_Score,411,1.0056021213531494
3,Train_Score,412,1.0103836059570312
3,Train_Score,413,0.9974205493927002
3,Train_Score,414,1.0076208114624023
3,Train_Score,415,0.9884256720542908
3,Train_Score,416,1.0019737482070923
3,Train_Score,417,1.0150679349899292
3,Train_Score,418,0.988114595413208
3,Train_Score,419,1.002851128578186
3,Train_Score,420,0.9978492856025696
3,Train_Score,421,1.009182333946228
3,Train_Score,422,0.9969748258590698
3,Train_Score,423,0.9880917072296143
3,Train_Score,424,1.0010038614273071
3,Train_Score,425,0.9901696443557739
3,Train_Score,426,1.0079374313354492
3,Train_Score,427,1.006291151046753
3,Train_Score,428,1.0042635202407837
3,Train_Score,429,1.0112320184707642
3,Train_Score,430,0.9884397983551025
3,Train_Score,431,0.9973158836364746
3,Train_Score,432,1.016026258468628
3,Train_Score,433,0.9964238405227661
3,Train_Score,434,1.0094811916351318
3,Train_Score,435,1.002598762512207
3,Train_Score,436,1.016357421875
3,Train_Score,437,1.0037274360656738
3,Train_Score,438,1.0012869834899902
3,Train_Score,439,0.9954130053520203
3,Train_Score,440,0.9944082498550415
3,Train_Score,441,1.0041958093643188
3,Train_Score,442,0.9990403652191162
3,Train_Score,443,1.0007176399230957
3,Train_Score,444,1.0019208192825317
3,Train_Score,445,0.9773975610733032
3,Train_Score,446,1.0054097175598145
3,Train_Score,447,0.99553382396698
3,Train_Score,448,0.9911033511161804
3,Train_Score,449,1.0030527114868164
3,Train_Score,450,0.9799110889434814
3,Train_Score,451,1.0069857835769653
3,Train_Score,452,1.0005522966384888
3,Train_Score,453,0.9963175058364868
3,Train_Score,454,1.0078853368759155
3,Train_Score,455,1.0084657669067383
3,Train_Score,456,1.0069568157196045
3,Train_Score,457,0.9909006357192993
3,Train_Score,458,0.9972718954086304
3,Train_Score,459,1.007462501525879
3,Train_Score,460,1.0029222965240479
3,Train_Score,461,0.9970768094062805
3,Train_Score,462,1.002934455871582
3,Train_Score,463,1.0142698287963867
3,Train_Score,464,1.0053179264068604
3,Train_Score,465,1.0132038593292236
3,Train_Score,466,0.9954085946083069
3,Train_Score,467,0.9968621730804443
3,Train_Score,468,1.0006072521209717
3,Train_Score,469,1.0106031894683838
3,Train_Score,470,0.9873167276382446
3,Train_Score,471,1.0039466619491577
3,Train_Score,472,0.9960589408874512
3,Train_Score,473,1.0046135187149048
3,Train_Score,474,0.9995104074478149
3,Train_Score,475,1.000531554222107
3,Train_Score,476,0.9992611408233643
3,Train_Score,477,1.0090346336364746
3,Train_Score,478,1.0093235969543457
3,Train_Score,479,0.9967210292816162
3,Train_Score,480,0.9963263273239136
3,Train_Score,481,0.9981449246406555
3,Train_Score,482,1.0089569091796875
3,Train_Score,483,0.9844956398010254
3,Train_Score,484,1.005165696144104
3,Train_Score,485,1.0026849508285522
3,Train_Score,486,0.9927239418029785
3,Train_Score,487,0.9837394952774048
3,Train_Score,488,0.9972144365310669
3,Train_Score,489,1.0026777982711792
3,Train_Score,490,1.0024082660675049
3,Train_Score,491,0.9958266019821167
3,Train_Score,492,1.015160322189331
3,Train_Score,493,0.9992654919624329
3,Train_Score,494,1.0181055068969727
3,Train_Score,495,1.0196830034255981
3,Train_Score,496,1.003659963607788
3,Train_Score,497,0.995011568069458
3,Train_Score,498,0.9925375580787659
3,Train_Score,499,1.0100306272506714
3,Train_Score,500,1.004754662513733
3,Train_Score,501,1.0037751197814941
3,Train_Score,502,1.0047783851623535
3,Train_Score,503,1.0020923614501953
3,Train_Score,504,0.999450147151947
3,Train_Score,505,0.9973723888397217
3,Train_Score,506,1.009587049484253
3,Train_Score,507,0.994226336479187
3,Train_Score,508,1.0023581981658936
3,Train_Score,509,0.9999802112579346
3,Train_Score,510,0.9926820993423462
3,Train_Score,511,0.999459981918335
3,Train_Score,512,0.989632248878479
3,Train_Score,513,0.9995015859603882
3,Train_Score,514,0.9977160692214966
3,Train_Score,515,0.9987760782241821
3,Train_Score,516,1.0037338733673096
3,Train_Score,517,0.9975978136062622
3,Train_Score,518,1.0035669803619385
3,Train_Score,519,1.006117343902588
3,Train_Score,520,1.018452525138855
3,Train_Score,521,1.0020288228988647
3,Train_Score,522,1.0061421394348145
3,Train_Score,523,0.9988869428634644
3,Train_Score,524,1.0076067447662354
3,Train_Score,525,1.0111937522888184
3,Train_Score,526,1.005162000656128
3,Train_Score,527,1.0038440227508545
3,Train_Score,528,0.9985750317573547
3,Train_Score,529,1.0003584623336792
3,Train_Score,530,1.0166857242584229
3,Train_Score,531,1.0026841163635254
3,Train_Score,532,0.9968398809432983
3,Train_Score,533,0.9988445043563843
3,Train_Score,534,0.9976763725280762
3,Train_Score,535,1.0073494911193848
3,Train_Score,536,1.0082242488861084
3,Train_Score,537,1.011841058731079
3,Train_Score,538,0.9954100847244263
3,Train_Score,539,1.0021064281463623
3,Train_Score,540,1.0063406229019165
3,Train_Score,541,1.000631332397461
3,Train_Score,542,1.009347677230835
3,Train_Score,543,1.0100044012069702
3,Train_Score,544,1.0091297626495361
3,Train_Score,545,0.9944288730621338
3,Train_Score,546,1.0014982223510742
3,Train_Score,547,0.9980183243751526
3,Train_Score,548,1.0072211027145386
3,Train_Score,549,1.0016618967056274
3,Train_Score,550,0.9987680912017822
3,Train_Score,551,0.9922988414764404
3,Train_Score,552,1.0002282857894897
3,Train_Score,553,1.005685806274414
3,Train_Score,554,1.0110416412353516
3,Train_Score,555,0.9973040819168091
3,Train_Score,556,1.0153604745864868
3,Train_Score,557,1.010509967803955
3,Train_Score,558,0.9992143511772156
3,Train_Score,559,0.9956889748573303
3,Train_Score,560,0.9960771799087524
3,Train_Score,561,1.0002672672271729
3,Train_Score,562,0.9995554685592651
3,Train_Score,563,1.0025501251220703
3,Train_Score,564,0.9852527379989624
3,Train_Score,565,1.0163029432296753
3,Train_Score,566,1.0050464868545532
3,Train_Score,567,1.0141416788101196
3,Train_Score,568,1.0113427639007568
3,Train_Score,569,0.9992634057998657
3,Train_Score,570,1.0183331966400146
3,Train_Score,571,1.0028812885284424
3,Train_Score,572,0.9994003772735596
3,Train_Score,573,0.9998148679733276
3,Train_Score,574,1.0195035934448242
3,Train_Score,575,1.0061701536178589
3,Train_Score,576,1.0016039609909058
3,Train_Score,577,0.9971026182174683
3,Train_Score,578,1.0069701671600342
3,Train_Score,579,0.99200838804245
3,Train_Score,580,0.994158148765564
3,Train_Score,581,1.0114933252334595
3,Train_Score,582,0.9935091733932495
3,Train_Score,583,1.0010523796081543
3,Train_Score,584,1.0050790309906006
3,Train_Score,585,0.9958131313323975
3,Train_Score,586,0.9974187612533569
3,Train_Score,587,1.0048084259033203
3,Train_Score,588,1.0038448572158813
3,Train_Score,589,1.008911371231079
3,Train_Score,590,0.9883230924606323
3,Train_Score,591,1.003761649131775
3,Train_Score,592,0.9828718304634094
3,Train_Score,593,1.0064188241958618
3,Train_Score,594,0.9927704334259033
3,Train_Score,595,0.9863928556442261
3,Train_Score,596,0.9975098371505737
3,Train_Score,597,1.0128520727157593
3,Train_Score,598,0.9945897459983826
3,Train_Score,599,0.9995554685592651
3,Train_Score,600,1.0050764083862305
3,Train_Score,601,1.0038433074951172
3,Train_Score,602,0.9962786436080933
3,Train_Score,603,1.0106865167617798
3,Train_Score,604,1.0103133916854858
3,Train_Score,605,1.005729079246521
3,Train_Score,606,0.9976726174354553
3,Train_Score,607,1.0010225772857666
3,Train_Score,608,1.0102386474609375
3,Train_Score,609,1.0008608102798462
3,Train_Score,610,1.0007888078689575
3,Train_Score,611,0.9988710284233093
3,Train_Score,612,0.9941451549530029
3,Train_Score,613,1.0147181749343872
3,Train_Score,614,0.9863085746765137
3,Train_Score,615,1.0032782554626465
3,Train_Score,616,1.000402808189392
3,Train_Score,617,1.0165458917617798
3,Train_Score,618,0.9949835538864136
3,Train_Score,619,0.9819684028625488
3,Train_Score,620,0.9862568378448486
3,Train_Score,621,0.9987397789955139
3,Train_Score,622,0.9909164309501648
3,Train_Score,623,1.0059194564819336
3,Train_Score,624,0.9971998929977417
3,Train_Score,625,1.0006556510925293
3,Train_Score,626,1.0113732814788818
3,Train_Score,627,1.0053462982177734
3,Train_Score,628,1.005345344543457
3,Train_Score,629,0.99152672290802
3,Train_Score,630,0.994290292263031
3,Train_Score,631,1.01163649559021
3,Train_Score,632,0.994904637336731
3,Train_Score,633,0.9972959756851196
3,Train_Score,634,0.9910826086997986
3,Train_Score,635,1.0160958766937256
3,Train_Score,636,0.9823947548866272
3,Train_Score,637,1.0173007249832153
3,Train_Score,638,1.0048248767852783
3,Train_Score,639,0.9990454912185669
3,Train_Score,640,0.999848484992981
3,Train_Score,641,1.0110383033752441
3,Train_Score,642,0.9848945736885071
3,Train_Score,643,0.9968705177307129
3,Train_Score,644,1.0040987730026245
3,Train_Score,645,1.0059223175048828
3,Train_Score,646,0.9958361983299255
3,Train_Score,647,1.0065617561340332
3,Train_Score,648,0.9931744337081909
3,Train_Score,649,0.9975853562355042
3,Train_Score,650,0.9975935220718384
3,Train_Score,651,0.9977189898490906
3,Train_Score,652,0.9937100410461426
3,Train_Score,653,1.000174641609192
3,Train_Score,654,1.0005321502685547
3,Train_Score,655,0.9986180067062378
3,Train_Score,656,0.9930068850517273
3,Train_Score,657,0.9995712041854858
3,Train_Score,658,0.9895982146263123
3,Train_Score,659,0.9947922229766846
3,Train_Score,660,0.9990304708480835
3,Train_Score,661,0.9952130317687988
3,Train_Score,662,1.007962942123413
3,Train_Score,663,1.0059446096420288
3,Train_Score,664,0.9863461852073669
3,Train_Score,665,0.9883331656455994
3,Train_Score,666,1.0084737539291382
3,Train_Score,667,1.0015926361083984
3,Train_Score,668,1.0074222087860107
3,Train_Score,669,1.0084240436553955
3,Train_Score,670,1.0005916357040405
3,Train_Score,671,1.0039244890213013
3,Train_Score,672,0.9893139600753784
3,Train_Score,673,0.9951526522636414
3,Train_Score,674,1.0032869577407837
3,Train_Score,675,0.9990525841712952
3,Train_Score,676,0.9914354681968689
3,Train_Score,677,0.9955383539199829
3,Train_Score,678,1.0012530088424683
3,Train_Score,679,0.9899101853370667
3,Train_Score,680,1.008244514465332
3,Train_Score,681,0.9953147768974304
3,Train_Score,682,1.000604271888733
3,Train_Score,683,1.0061160326004028
3,Train_Score,684,1.0013808012008667
3,Train_Score,685,1.0201021432876587
3,Train_Score,686,1.0016112327575684
3,Train_Score,687,0.9943394660949707
3,Train_Score,688,0.9889575242996216
3,Train_Score,689,1.0051651000976562
3,Train_Score,690,0.994422435760498
3,Train_Score,691,0.9955406785011292
3,Train_Score,692,0.9860807061195374
3,Train_Score,693,0.9900486469268799
3,Train_Score,694,0.9955581426620483
3,Train_Score,695,1.0030428171157837
3,Train_Score,696,0.9863870739936829
3,Train_Score,697,1.0228554010391235
3,Train_Score,698,0.9883377552032471
3,Train_Score,699,1.032494306564331
3,Train_Score,700,1.0073137283325195
3,Train_Score,701,1.003190279006958
3,Train_Score,702,0.9983324408531189
3,Train_Score,703,0.9952384233474731
3,Train_Score,704,0.9956561326980591
3,Train_Score,705,1.0087729692459106
3,Train_Score,706,1.0266588926315308
3,Train_Score,707,1.007511019706726
3,Train_Score,708,1.0043737888336182
3,Train_Score,709,0.997011125087738
3,Train_Score,710,0.9970930218696594
3,Train_Score,711,0.9950330257415771
3,Train_Score,712,0.9857431054115295
3,Train_Score,713,0.9974939823150635
3,Train_Score,714,1.002040147781372
3,Train_Score,715,1.0133131742477417
3,Train_Score,716,0.9954364895820618
3,Train_Score,717,1.0034431219100952
3,Train_Score,718,1.009135127067566
3,Train_Score,719,1.012169599533081
3,Train_Score,720,0.9907405972480774
3,Train_Score,721,0.9909156560897827
3,Train_Score,722,0.9953060746192932
3,Train_Score,723,0.9955750703811646
3,Train_Score,724,0.9829267263412476
3,Train_Score,725,0.9962087273597717
3,Train_Score,726,1.0003783702850342
3,Train_Score,727,0.9946309328079224
3,Train_Score,728,0.980924665927887
3,Train_Score,729,1.0076265335083008
3,Train_Score,730,1.0031747817993164
3,Train_Score,731,1.0089472532272339
3,Train_Score,732,1.0069482326507568
3,Train_Score,733,1.006941556930542
3,Train_Score,734,1.001232624053955
3,Train_Score,735,1.0100215673446655
3,Train_Score,736,0.997048556804657
3,Train_Score,737,0.9914234280586243
3,Train_Score,738,1.0056297779083252
3,Train_Score,739,1.001782774925232
3,Train_Score,740,1.0025542974472046
3,Train_Score,741,1.0105422735214233
3,Train_Score,742,1.0038416385650635
3,Train_Score,743,0.9843794107437134
3,Train_Score,744,1.0010544061660767
3,Train_Score,745,0.9989522695541382
3,Train_Score,746,1.0091626644134521
3,Train_Score,747,1.003568410873413
3,Train_Score,748,0.9859321713447571
3,Train_Score,749,1.0221600532531738
3,Train_Score,750,0.9960150122642517
3,Train_Score,751,0.9908862113952637
3,Train_Score,752,0.9979674816131592
3,Train_Score,753,0.9961671233177185
3,Train_Score,754,0.9975049495697021
3,Train_Score,755,0.9938384294509888
3,Train_Score,756,0.9908055663108826
3,Train_Score,757,1.0098373889923096
3,Train_Score,758,1.0006929636001587
3,Train_Score,759,0.9855018258094788
3,Train_Score,760,0.9860426187515259
3,Train_Score,761,1.0035864114761353
3,Train_Score,762,0.9837205410003662
3,Train_Score,763,1.0112403631210327
3,Train_Score,764,1.0063486099243164
3,Train_Score,765,0.9979615807533264
3,Train_Score,766,0.9972808957099915
3,Train_Score,767,0.9921330809593201
3,Train_Score,768,1.0043487548828125
3,Train_Score,769,1.005428671836853
3,Train_Score,770,0.9955798983573914
3,Train_Score,771,1.0074584484100342
3,Train_Score,772,0.9881401658058167
3,Train_Score,773,0.9879747629165649
3,Train_Score,774,1.000339388847351
3,Train_Score,775,1.0070154666900635
3,Train_Score,776,0.9888970851898193
3,Train_Score,777,0.9901865720748901
3,Train_Score,778,1.00676691532135
3,Train_Score,779,0.9893602728843689
3,Train_Score,780,0.9862856864929199
3,Train_Score,781,1.0012264251708984
3,Train_Score,782,0.9853429198265076
3,Train_Score,783,0.9934729337692261
3,Train_Score,784,1.007910966873169
3,Train_Score,785,0.9972952604293823
3,Train_Score,786,1.0088180303573608
3,Train_Score,787,1.012102484703064
3,Train_Score,788,0.9987614154815674
3,Train_Score,789,1.0008271932601929
3,Train_Score,790,0.9920111298561096
3,Train_Score,791,0.9856743216514587
3,Train_Score,792,0.9931625127792358
3,Train_Score,793,1.0084941387176514
3,Train_Score,794,0.9853449463844299
3,Train_Score,795,0.9972416162490845
3,Train_Score,796,0.9962497353553772
3,Train_Score,797,1.0055813789367676
3,Train_Score,798,0.9922208189964294
3,Train_Score,799,1.0122110843658447
3,Train_Score,800,0.9977511167526245
3,Train_Score,801,1.003664255142212
3,Train_Score,802,1.0004595518112183
3,Train_Score,803,0.9913026690483093
3,Train_Score,804,0.9807831048965454
3,Train_Score,805,1.0073366165161133
3,Train_Score,806,0.9940038323402405
3,Train_Score,807,0.9991958141326904
3,Train_Score,808,1.004558801651001
3,Train_Score,809,0.9882299900054932
3,Train_Score,810,0.9909023642539978
3,Train_Score,811,1.001538634300232
3,Train_Score,812,0.9891663789749146
3,Train_Score,813,1.0138050317764282
3,Train_Score,814,1.0070581436157227
3,Train_Score,815,0.9993618726730347
3,Train_Score,816,0.996121346950531
3,Train_Score,817,1.0009076595306396
3,Train_Score,818,0.9942680597305298
3,Train_Score,819,0.9853894710540771
3,Train_Score,820,1.0040241479873657
3,Train_Score,821,0.9928581714630127
3,Train_Score,822,0.9836386442184448
3,Train_Score,823,1.0128452777862549
3,Train_Score,824,1.0062509775161743
3,Train_Score,825,1.0085382461547852
3,Train_Score,826,1.000912070274353
3,Train_Score,827,1.002850890159607
3,Train_Score,828,0.9959937334060669
3,Train_Score,829,0.9961721897125244
3,Train_Score,830,0.9957801699638367
3,Train_Score,831,0.998399019241333
3,Train_Score,832,0.9981871843338013
3,Train_Score,833,0.9962964057922363
3,Train_Score,834,1.0128228664398193
3,Train_Score,835,0.9819057583808899
3,Train_Score,836,1.0014235973358154
3,Train_Score,837,1.0157886743545532
3,Train_Score,838,1.0038048028945923
3,Train_Score,839,1.0058444738388062
3,Train_Score,840,1.0024492740631104
3,Train_Score,841,0.9971259832382202
3,Train_Score,842,1.0124828815460205
3,Train_Score,843,0.9961375594139099
3,Train_Score,844,0.9991523027420044
3,Train_Score,845,0.9944266676902771
3,Train_Score,846,1.0050290822982788
3,Train_Score,847,0.9923049211502075
3,Train_Score,848,1.0027830600738525
3,Train_Score,849,0.9861187934875488
3,Train_Score,850,1.0124136209487915
3,Train_Score,851,0.9997509717941284
3,Train_Score,852,1.0020623207092285
3,Train_Score,853,0.9943935871124268
3,Train_Score,854,0.9916600584983826
3,Train_Score,855,0.9978909492492676
3,Train_Score,856,0.996187150478363
3,Train_Score,857,0.9885245561599731
3,Train_Score,858,1.0081079006195068
3,Train_Score,859,1.0043648481369019
3,Train_Score,860,1.0120210647583008
3,Train_Score,861,0.9964673519134521
3,Train_Score,862,0.9994973540306091
3,Train_Score,863,1.019940972328186
3,Train_Score,864,0.994836688041687
3,Train_Score,865,0.9894781708717346
3,Train_Score,866,0.9947395920753479
3,Train_Score,867,1.001030683517456
3,Train_Score,868,1.0086073875427246
3,Train_Score,869,0.9941940903663635
3,Train_Score,870,0.9953658580780029
3,Train_Score,871,1.0101819038391113
3,Train_Score,872,0.9921558499336243
3,Train_Score,873,0.9987043142318726
3,Train_Score,874,0.997823178768158
3,Train_Score,875,1.0034890174865723
3,Train_Score,876,0.9941738247871399
3,Train_Score,877,0.9885801672935486
3,Train_Score,878,0.994399905204773
3,Train_Score,879,0.9884486794471741
3,Train_Score,880,0.9963041543960571
3,Train_Score,881,0.9994531273841858
3,Train_Score,882,1.012030839920044
3,Train_Score,883,1.005495548248291
3,Train_Score,884,0.9842063188552856
3,Train_Score,885,1.0076627731323242
3,Train_Score,886,0.9948734045028687
3,Train_Score,887,0.9918894171714783
3,Train_Score,888,1.005118489265442
3,Train_Score,889,0.9985371232032776
3,Train_Score,890,1.0079277753829956
3,Train_Score,891,0.9997305274009705
3,Train_Score,892,0.9953938126564026
3,Train_Score,893,0.9991182684898376
3,Train_Score,894,1.0070987939834595
3,Train_Score,895,0.9986660480499268
3,Train_Score,896,1.007507562637329
3,Train_Score,897,1.0059348344802856
3,Train_Score,898,1.0048935413360596
3,Train_Score,899,1.0068354606628418
3,Train_Score,900,0.9971140027046204
3,Train_Score,901,0.988507091999054
3,Train_Score,902,1.0019322633743286
3,Train_Score,903,1.01487135887146
3,Train_Score,904,0.9887298345565796
3,Train_Score,905,1.0056270360946655
3,Train_Score,906,1.002120018005371
3,Train_Score,907,0.993209719657898
3,Train_Score,908,1.0085926055908203
3,Train_Score,909,0.9966794848442078
3,Train_Score,910,0.9914385080337524
3,Train_Score,911,1.001574993133545
3,Train_Score,912,1.0052223205566406
3,Train_Score,913,1.005202054977417
3,Train_Score,914,1.011377215385437
3,Train_Score,915,1.012221336364746
3,Train_Score,916,0.9849522113800049
3,Train_Score,917,1.0105946063995361
3,Train_Score,918,1.0137531757354736
3,Train_Score,919,0.9867252111434937
3,Train_Score,920,0.9833318591117859
3,Train_Score,921,1.000748872756958
3,Train_Score,922,1.0119354724884033
3,Train_Score,923,0.9958812594413757
3,Train_Score,924,0.9898552298545837
3,Train_Score,925,1.007743239402771
3,Train_Score,926,0.994541585445404
3,Train_Score,927,0.9896966814994812
3,Train_Score,928,0.9986741542816162
3,Train_Score,929,0.9868671894073486
3,Train_Score,930,0.9953300952911377
3,Train_Score,931,0.9857235550880432
3,Train_Score,932,0.989565372467041
3,Train_Score,933,1.0032141208648682
3,Train_Score,934,0.9853797554969788
3,Train_Score,935,0.9929970502853394
3,Train_Score,936,0.9953481554985046
3,Train_Score,937,1.0125751495361328
3,Train_Score,938,1.0106780529022217
3,Train_Score,939,0.9975772500038147
3,Train_Score,940,0.9906548261642456
3,Train_Score,941,0.9874524474143982
3,Train_Score,942,0.9904330968856812
3,Train_Score,943,1.0035203695297241
3,Train_Score,944,1.0010592937469482
3,Train_Score,945,0.9821230173110962
3,Train_Score,946,0.9952602982521057
3,Train_Score,947,0.9969465136528015
3,Train_Score,948,1.0142180919647217
3,Train_Score,949,0.9997871518135071
3,Train_Score,950,0.9884852170944214
3,Train_Score,951,0.999484121799469
3,Train_Score,952,0.9942953586578369
3,Train_Score,953,1.022271752357483
3,Train_Score,954,0.9856523871421814
3,Train_Score,955,0.9833638668060303
3,Train_Score,956,0.9990772604942322
3,Train_Score,957,1.0001022815704346
3,Train_Score,958,1.000738263130188
3,Train_Score,959,0.9983869791030884
3,Train_Score,960,0.9958217144012451
3,Train_Score,961,1.0034160614013672
3,Train_Score,962,0.991338312625885
3,Train_Score,963,0.9941213726997375
3,Train_Score,964,1.0210930109024048
3,Train_Score,965,0.9964306354522705
3,Train_Score,966,1.0031121969223022
3,Train_Score,967,0.9997681975364685
3,Train_Score,968,0.9827954769134521
3,Train_Score,969,1.0067710876464844
3,Train_Score,970,1.0031217336654663
3,Train_Score,971,0.9878214001655579
3,Train_Score,972,1.0083917379379272
3,Train_Score,973,0.9970071315765381
3,Train_Score,974,0.9980710744857788
3,Train_Score,975,0.9859453439712524
3,Train_Score,976,1.0120748281478882
3,Train_Score,977,0.9832708239555359
3,Train_Score,978,0.997378945350647
3,Train_Score,979,1.0103676319122314
3,Train_Score,980,0.9936309456825256
3,Train_Score,981,1.000054955482483
3,Train_Score,982,0.9957076907157898
3,Train_Score,983,0.995334804058075
3,Train_Score,984,1.0018141269683838
3,Train_Score,985,0.9875611662864685
3,Train_Score,986,0.9974399209022522
3,Train_Score,987,0.9932326078414917
3,Train_Score,988,0.9950559735298157
3,Train_Score,989,0.9985833168029785
3,Train_Score,990,1.0126479864120483
3,Train_Score,991,0.9994149208068848
3,Train_Score,992,1.0032390356063843
3,Train_Score,993,1.0164177417755127
3,Train_Score,994,0.9972827434539795
3,Train_Score,995,0.9940339922904968
3,Train_Score,996,0.9938305020332336
3,Train_Score,997,0.9892827868461609
3,Train_Score,998,1.0002495050430298
3,Train_Score,999,0.9924691915512085
3,Train_Score,1000,0.9992496371269226
3,Train_Score,1001,1.000623345375061
3,Train_Score,1002,0.9960830807685852
3,Train_Score,1003,0.9954648017883301
3,Train_Score,1004,1.000533938407898
3,Train_Score,1005,1.022663950920105
3,Train_Score,1006,0.9936119318008423
3,Train_Score,1007,0.9855282306671143
3,Train_Score,1008,1.001978874206543
3,Train_Score,1009,1.0005971193313599
3,Train_Score,1010,0.9928816556930542
3,Train_Score,1011,1.0099238157272339
3,Train_Score,1012,0.9960315823554993
3,Train_Score,1013,0.9924091100692749
3,Train_Score,1014,1.0074777603149414
3,Train_Score,1015,0.9978839755058289
3,Train_Score,1016,1.0028417110443115
3,Train_Score,1017,1.0110172033309937
3,Train_Score,1018,1.0054900646209717
3,Train_Score,1019,1.0052610635757446
3,Train_Score,1020,1.0014445781707764
3,Train_Score,1021,1.0017582178115845
3,Train_Score,1022,1.0009546279907227
3,Train_Score,1023,0.9898536205291748
3,Train_Score,1024,0.9925245642662048
3,Train_Score,1025,1.0161384344100952
3,Train_Score,1026,0.9990994930267334
3,Train_Score,1027,0.9968079924583435
3,Train_Score,1028,0.9838771224021912
3,Train_Score,1029,1.0068645477294922
3,Train_Score,1030,0.9889035224914551
3,Train_Score,1031,1.0085899829864502
3,Train_Score,1032,0.9910995364189148
3,Train_Score,1033,1.0080525875091553
3,Train_Score,1034,1.0027583837509155
3,Train_Score,1035,0.9905181527137756
3,Train_Score,1036,1.0089675188064575
3,Train_Score,1037,1.0074084997177124
3,Train_Score,1038,0.9939148426055908
3,Train_Score,1039,1.0059852600097656
3,Train_Score,1040,1.012083649635315
3,Train_Score,1041,1.0019512176513672
3,Train_Score,1042,0.9907718300819397
3,Train_Score,1043,1.0028263330459595
3,Train_Score,1044,1.0100195407867432
3,Train_Score,1045,1.0005311965942383
3,Train_Score,1046,0.9942542314529419
3,Train_Score,1047,0.9900821447372437
3,Train_Score,1048,0.988937258720398
3,Train_Score,1049,0.9792831540107727
3,Train_Score,1050,1.0029655694961548
3,Train_Score,1051,1.0030982494354248
3,Train_Score,1052,0.9997283816337585
3,Train_Score,1053,0.9847314357757568
3,Train_Score,1054,1.0050151348114014
3,Train_Score,1055,0.9898861646652222
3,Train_Score,1056,1.0052521228790283
3,Train_Score,1057,1.0088485479354858
3,Train_Score,1058,1.0024468898773193
3,Train_Score,1059,1.0032325983047485
3,Train_Score,1060,0.9964191913604736
3,Train_Score,1061,0.999127209186554
3,Train_Score,1062,1.0002937316894531
3,Train_Score,1063,1.0069009065628052
3,Train_Score,1064,0.9959604144096375
3,Train_Score,1065,0.9926044940948486
3,Train_Score,1066,1.0064969062805176
3,Train_Score,1067,0.9973248243331909
3,Train_Score,1068,0.9990965127944946
3,Train_Score,1069,1.0077747106552124
3,Train_Score,1070,1.0113475322723389
3,Train_Score,1071,1.0095247030258179
3,Train_Score,1072,0.993916392326355
3,Train_Score,1073,0.9946430325508118
3,Train_Score,1074,1.0094053745269775
3,Train_Score,1075,1.0136291980743408
3,Train_Score,1076,1.000929355621338
3,Train_Score,1077,0.9975693225860596
3,Train_Score,1078,1.0121525526046753
3,Train_Score,1079,0.9804748296737671
3,Train_Score,1080,0.9832804203033447
3,Train_Score,1081,0.9886608719825745
3,Train_Score,1082,0.9987925291061401
3,Train_Score,1083,1.003824234008789
3,Train_Score,1084,0.9974390268325806
3,Train_Score,1085,0.9857678413391113
3,Train_Score,1086,1.0047305822372437
3,Train_Score,1087,0.976620614528656
3,Train_Score,1088,1.0117746591567993
3,Train_Score,1089,0.9966195821762085
3,Train_Score,1090,0.9916695952415466
3,Train_Score,1091,1.0114794969558716
3,Train_Score,1092,1.0100359916687012
3,Train_Score,1093,1.0003092288970947
3,Train_Score,1094,0.982886791229248
3,Train_Score,1095,1.0117709636688232
3,Train_Score,1096,0.9940231442451477
3,Train_Score,1097,0.9995080828666687
3,Train_Score,1098,1.009773850440979
3,Train_Score,1099,1.016645908355713
3,Train_Score,1100,1.0021113157272339
3,Train_Score,1101,1.0024669170379639
3,Train_Score,1102,1.006579041481018
3,Train_Score,1103,1.0121724605560303
3,Train_Score,1104,1.0019252300262451
3,Train_Score,1105,0.9900707006454468
3,Train_Score,1106,1.0027070045471191
3,Train_Score,1107,0.9948322176933289
3,Train_Score,1108,1.015175461769104
3,Train_Score,1109,0.9968423247337341
3,Train_Score,1110,1.00924813747406
3,Train_Score,1111,1.0088605880737305
3,Train_Score,1112,1.0181392431259155
3,Train_Score,1113,1.0018751621246338
3,Train_Score,1114,1.0126804113388062
3,Train_Score,1115,0.988710880279541
3,Train_Score,1116,1.006468653678894
3,Train_Score,1117,1.0065126419067383
3,Train_Score,1118,1.0035287141799927
3,Train_Score,1119,0.9940065741539001
3,Train_Score,1120,0.9937265515327454
3,Train_Score,1121,1.0060830116271973
3,Train_Score,1122,0.9866239428520203
3,Train_Score,1123,0.9983187913894653
3,Train_Score,1124,1.0154707431793213
3,Train_Score,1125,0.9948270916938782
3,Train_Score,1126,1.004500150680542
3,Train_Score,1127,0.9947988986968994
3,Train_Score,1128,0.9954863786697388
3,Train_Score,1129,1.017612338066101
3,Train_Score,1130,1.0044630765914917
3,Train_Score,1131,1.006410002708435
3,Train_Score,1132,1.0023272037506104
3,Train_Score,1133,0.9989427328109741
3,Train_Score,1134,1.000941276550293
3,Train_Score,1135,1.0008968114852905
3,Train_Score,1136,1.0052655935287476
3,Train_Score,1137,1.003578782081604
3,Train_Score,1138,1.0011651515960693
3,Train_Score,1139,1.0010380744934082
3,Train_Score,1140,1.0107438564300537
3,Train_Score,1141,1.0063425302505493
3,Train_Score,1142,1.007148027420044
3,Train_Score,1143,1.008933186531067
3,Train_Score,1144,0.9981112480163574
3,Train_Score,1145,0.9993986487388611
3,Train_Score,1146,1.0232480764389038
3,Train_Score,1147,0.9994074106216431
3,Train_Score,1148,1.007298231124878
3,Train_Score,1149,1.0001518726348877
3,Train_Score,1150,0.9875064492225647
3,Train_Score,1151,0.9859366416931152
3,Train_Score,1152,0.9755827188491821
3,Train_Score,1153,1.0155820846557617
3,Train_Score,1154,1.0049206018447876
3,Train_Score,1155,0.9937637448310852
3,Train_Score,1156,0.9906858205795288
3,Train_Score,1157,0.985512375831604
3,Train_Score,1158,0.9947621822357178
3,Train_Score,1159,1.0035680532455444
3,Train_Score,1160,1.00583016872406
3,Train_Score,1161,1.001895546913147
3,Train_Score,1162,1.0038331747055054
3,Train_Score,1163,0.9876168966293335
3,Train_Score,1164,1.0081939697265625
3,Train_Score,1165,1.0094202756881714
3,Train_Score,1166,0.9843183755874634
3,Train_Score,1167,0.9848599433898926
3,Train_Score,1168,1.0006563663482666
3,Train_Score,1169,1.0005184412002563
3,Train_Score,1170,0.9946463108062744
3,Train_Score,1171,1.000686526298523
3,Train_Score,1172,1.0091766119003296
3,Train_Score,1173,0.9991458654403687
3,Train_Score,1174,0.9989400506019592
3,Train_Score,1175,0.9969426989555359
3,Train_Score,1176,0.9927534461021423
3,Train_Score,1177,1.0032808780670166
3,Train_Score,1178,0.9918431639671326
3,Train_Score,1179,1.000907301902771
3,Train_Score,1180,1.0124813318252563
3,Train_Score,1181,1.0135482549667358
3,Train_Score,1182,0.9937183856964111
3,Train_Score,1183,0.9852016568183899
3,Train_Score,1184,0.9976579546928406
3,Train_Score,1185,1.0034693479537964
3,Train_Score,1186,0.992463231086731
3,Train_Score,1187,0.9851994514465332
3,Train_Score,1188,0.9907733798027039
3,Train_Score,1189,0.9839589595794678
3,Train_Score,1190,1.0078035593032837
3,Train_Score,1191,0.9963637590408325
3,Train_Score,1192,1.0063402652740479
3,Train_Score,1193,0.9904958605766296
3,Train_Score,1194,1.0014326572418213
3,Train_Score,1195,0.9847249388694763
3,Train_Score,1196,1.0138450860977173
3,Train_Score,1197,1.0067389011383057
3,Train_Score,1198,1.0000879764556885
3,Train_Score,1199,0.9911033511161804
3,Train_Score,1200,1.006894826889038
3,Train_Score,1201,0.9893438220024109
3,Train_Score,1202,0.9952921271324158
3,Train_Score,1203,0.9993456602096558
3,Train_Score,1204,0.9897469878196716
3,Train_Score,1205,1.0064197778701782
3,Train_Score,1206,0.9839708209037781
3,Train_Score,1207,1.004791259765625
3,Train_Score,1208,0.992215096950531
3,Train_Score,1209,0.9945250153541565
3,Train_Score,1210,0.9966041445732117
3,Train_Score,1211,1.0002340078353882
3,Train_Score,1212,0.9950994849205017
3,Train_Score,1213,1.006063461303711
3,Train_Score,1214,1.001672387123108
3,Train_Score,1215,1.0087560415267944
3,Train_Score,1216,0.9944144487380981
3,Train_Score,1217,1.0011851787567139
3,Train_Score,1218,1.005873680114746
3,Train_Score,1219,1.002096176147461
3,Train_Score,1220,1.014693021774292
3,Train_Score,1221,0.9917274117469788
3,Train_Score,1222,1.0008225440979004
3,Train_Score,1223,1.008371114730835
3,Train_Score,1224,1.0137816667556763
3,Train_Score,1225,0.9978658556938171
3,Train_Score,1226,0.9860360622406006
3,Train_Score,1227,0.9905292987823486
3,Train_Score,1228,1.0038249492645264
3,Train_Score,1229,1.0085817575454712
3,Train_Score,1230,0.992803156375885
3,Train_Score,1231,0.9985609650611877
3,Train_Score,1232,0.9962993264198303
3,Train_Score,1233,1.0062992572784424
3,Train_Score,1234,1.0137029886245728
3,Train_Score,1235,0.9906834363937378
3,Train_Score,1236,0.9875451922416687
3,Train_Score,1237,0.9872608780860901
3,Train_Score,1238,0.9893683195114136
3,Train_Score,1239,1.0037882328033447
3,Train_Score,1240,0.9988850951194763
3,Train_Score,1241,0.9897798299789429
3,Train_Score,1242,1.0067247152328491
3,Train_Score,1243,0.9994882941246033
3,Train_Score,1244,1.0050890445709229
3,Train_Score,1245,0.997491717338562
3,Train_Score,1246,0.9976409673690796
3,Train_Score,1247,0.9954861998558044
3,Train_Score,1248,0.9958363771438599
3,Train_Score,1249,0.9999605417251587
3,Train_Score,1250,0.9935361742973328
3,Train_Score,1251,0.9994721412658691
3,Train_Score,1252,1.008954405784607
3,Train_Score,1253,0.9990545511245728
3,Train_Score,1254,1.002823829650879
3,Train_Score,1255,0.9880337119102478
3,Train_Score,1256,1.001898169517517
3,Train_Score,1257,0.9991325736045837
3,Train_Score,1258,0.9970634579658508
3,Train_Score,1259,1.0043132305145264
3,Train_Score,1260,0.9991207718849182
3,Train_Score,1261,1.0035467147827148
3,Train_Score,1262,0.9830042123794556
3,Train_Score,1263,0.9884130954742432
3,Train_Score,1264,0.998246431350708
3,Train_Score,1265,1.0011447668075562
3,Train_Score,1266,1.0019724369049072
3,Train_Score,1267,1.0140573978424072
3,Train_Score,1268,0.9928781986236572
3,Train_Score,1269,0.9974400997161865
3,Train_Score,1270,0.9951316118240356
3,Train_Score,1271,1.006731390953064
3,Train_Score,1272,1.005213975906372
3,Train_Score,1273,1.015010118484497
3,Train_Score,1274,0.9965707659721375
3,Train_Score,1275,1.0091196298599243
3,Train_Score,1276,0.9946621060371399
3,Train_Score,1277,0.9955111145973206
3,Train_Score,1278,1.002866268157959
3,Train_Score,1279,1.0114020109176636
3,Train_Score,1280,0.9923829436302185
3,Train_Score,1281,1.0100146532058716
3,Train_Score,1282,1.0033965110778809
3,Train_Score,1283,0.9803025722503662
3,Train_Score,1284,0.9979497790336609
3,Train_Score,1285,0.9869926571846008
3,Train_Score,1286,0.9946117997169495
3,Train_Score,1287,0.9964959621429443
3,Train_Score,1288,0.9892658591270447
3,Train_Score,1289,0.9921411275863647
3,Train_Score,1290,0.9943109154701233
3,Train_Score,1291,1.0018724203109741
3,Train_Score,1292,1.0171371698379517
3,Train_Score,1293,1.0056426525115967
3,Train_Score,1294,0.9860994219779968
3,Train_Score,1295,0.9901843667030334
3,Train_Score,1296,0.9967319369316101
3,Train_Score,1297,1.0016250610351562
3,Train_Score,1298,1.0019824504852295
3,Train_Score,1299,1.008209466934204
3,Train_Score,1300,0.9991496801376343
3,Train_Score,1301,0.984452486038208
3,Train_Score,1302,1.011334776878357
3,Train_Score,1303,1.0038198232650757
3,Train_Score,1304,1.0070571899414062
3,Train_Score,1305,1.0023056268692017
3,Train_Score,1306,1.0050380229949951
3,Train_Score,1307,1.0000717639923096
3,Train_Score,1308,1.005276083946228
3,Train_Score,1309,0.9946462512016296
3,Train_Score,1310,0.9930766820907593
3,Train_Score,1311,1.0061954259872437
3,Train_Score,1312,1.0199992656707764
3,Train_Score,1313,1.0096545219421387
3,Train_Score,1314,0.9876447916030884
3,Train_Score,1315,1.0097484588623047
3,Train_Score,1316,0.9976216554641724
3,Train_Score,1317,1.0001275539398193
3,Train_Score,1318,0.9985121488571167
3,Train_Score,1319,1.0003236532211304
3,Train_Score,1320,0.9944345355033875
3,Train_Score,1321,0.9981153011322021
3,Train_Score,1322,0.9857550859451294
3,Train_Score,1323,1.002143144607544
3,Train_Score,1324,0.9958347678184509
3,Train_Score,1325,1.0003207921981812
3,Train_Score,1326,1.0016999244689941
3,Train_Score,1327,0.9977775812149048
3,Train_Score,1328,1.0054937601089478
3,Train_Score,1329,1.0032860040664673
3,Train_Score,1330,1.003061294555664
3,Train_Score,1331,0.9899541139602661
3,Train_Score,1332,1.0174751281738281
3,Train_Score,1333,1.0000419616699219
3,Train_Score,1334,0.9914640784263611
3,Train_Score,1335,1.0076974630355835
3,Train_Score,1336,0.9939769506454468
3,Train_Score,1337,0.9839189052581787
3,Train_Score,1338,1.005298137664795
3,Train_Score,1339,0.9916583895683289
3,Train_Score,1340,1.0111515522003174
3,Train_Score,1341,1.008723497390747
3,Train_Score,1342,1.00654137134552
3,Train_Score,1343,0.9992927312850952
3,Train_Score,1344,0.9955148100852966
3,Train_Score,1345,1.002213716506958
3,Train_Score,1346,1.006077527999878
3,Train_Score,1347,0.9911295175552368
3,Train_Score,1348,0.99439537525177
3,Train_Score,1349,0.9856366515159607
3,Train_Score,1350,0.9908368587493896
3,Train_Score,1351,1.0084731578826904
3,Train_Score,1352,1.0011078119277954
3,Train_Score,1353,0.999239981174469
3,Train_Score,1354,1.0082541704177856
3,Train_Score,1355,0.9899628162384033
3,Train_Score,1356,1.0035673379898071
3,Train_Score,1357,0.98868727684021
3,Train_Score,1358,0.9957979917526245
3,Train_Score,1359,0.9945149421691895
3,Train_Score,1360,1.0007569789886475
3,Train_Score,1361,0.9980376958847046
3,Train_Score,1362,1.0005598068237305
3,Train_Score,1363,1.0030295848846436
3,Train_Score,1364,1.0023038387298584
3,Train_Score,1365,1.0073951482772827
3,Train_Score,1366,0.9944838285446167
3,Train_Score,1367,1.0091575384140015
3,Train_Score,1368,1.0082732439041138
3,Train_Score,1369,0.9950699210166931
3,Train_Score,1370,0.9998926520347595
3,Train_Score,1371,1.0049431324005127
3,Train_Score,1372,1.0005992650985718
3,Train_Score,1373,0.9926496148109436
3,Train_Score,1374,0.9959030747413635
3,Train_Score,1375,1.0071769952774048
3,Train_Score,1376,1.0033177137374878
3,Train_Score,1377,1.0063011646270752
3,Train_Score,1378,1.004480004310608
3,Train_Score,1379,0.9994635581970215
3,Train_Score,1380,0.9938153624534607
3,Train_Score,1381,0.9838417172431946
3,Train_Score,1382,1.0073697566986084
3,Train_Score,1383,1.002767562866211
3,Train_Score,1384,1.0026586055755615
3,Train_Score,1385,1.008296251296997
3,Train_Score,1386,1.0084787607192993
3,Train_Score,1387,1.0011574029922485
3,Train_Score,1388,1.0032095909118652
3,Train_Score,1389,1.0136585235595703
3,Train_Score,1390,1.0029475688934326
3,Train_Score,1391,1.0015910863876343
3,Train_Score,1392,0.9893699288368225
3,Train_Score,1393,1.0040102005004883
3,Train_Score,1394,1.0073482990264893
3,Train_Score,1395,0.9916618466377258
3,Train_Score,1396,1.0085155963897705
3,Train_Score,1397,1.0137643814086914
3,Train_Score,1398,0.9967779517173767
3,Train_Score,1399,1.018551230430603
3,Train_Score,1400,1.008288025856018
3,Train_Score,1401,0.9982962012290955
3,Train_Score,1402,1.0047727823257446
3,Train_Score,1403,0.9996569156646729
3,Train_Score,1404,0.9967992305755615
3,Train_Score,1405,1.0067065954208374
3,Train_Score,1406,1.006348729133606
3,Train_Score,1407,1.0143399238586426
3,Train_Score,1408,1.0189077854156494
3,Train_Score,1409,0.9885433316230774
3,Train_Score,1410,0.9944208860397339
3,Train_Score,1411,0.9967694878578186
3,Train_Score,1412,0.9984113574028015
3,Train_Score,1413,1.0022944211959839
3,Train_Score,1414,1.000549554824829
3,Train_Score,1415,1.0122480392456055
3,Train_Score,1416,0.9987971782684326
3,Train_Score,1417,1.006265640258789
3,Train_Score,1418,0.997811496257782
3,Train_Score,1419,0.9857524633407593
3,Train_Score,1420,1.0179035663604736
3,Train_Score,1421,1.0042102336883545
3,Train_Score,1422,0.9849924445152283
3,Train_Score,1423,0.9890062808990479
3,Train_Score,1424,1.004109501838684
3,Train_Score,1425,1.013160228729248
3,Train_Score,1426,1.0019218921661377
3,Train_Score,1427,1.0024076700210571
3,Train_Score,1428,0.9918453097343445
3,Train_Score,1429,0.9950550198554993
3,Train_Score,1430,1.0004522800445557
3,Train_Score,1431,0.9968240261077881
3,Train_Score,1432,0.9934567809104919
3,Train_Score,1433,0.9902011156082153
3,Train_Score,1434,0.9928427934646606
3,Train_Score,1435,0.9986729621887207
3,Train_Score,1436,0.9870409965515137
3,Train_Score,1437,1.0062743425369263
3,Train_Score,1438,0.9930548071861267
3,Train_Score,1439,0.9936184883117676
3,Train_Score,1440,0.9891042113304138
3,Train_Score,1441,0.9860967993736267
3,Train_Score,1442,0.9916583299636841
3,Train_Score,1443,1.0032083988189697
3,Train_Score,1444,0.9968419671058655
3,Train_Score,1445,1.0081260204315186
3,Train_Score,1446,1.0078953504562378
3,Train_Score,1447,0.9951456189155579
3,Train_Score,1448,1.0138845443725586
3,Train_Score,1449,1.0016629695892334
3,Train_Score,1450,1.0082223415374756
3,Train_Score,1451,1.0002784729003906
3,Train_Score,1452,0.9904274940490723
3,Train_Score,1453,0.9884170889854431
3,Train_Score,1454,1.0060460567474365
3,Train_Score,1455,1.0060521364212036
3,Train_Score,1456,1.002178430557251
3,Train_Score,1457,0.991878867149353
3,Train_Score,1458,1.0068082809448242
3,Train_Score,1459,1.0042444467544556
3,Train_Score,1460,0.9987472891807556
3,Train_Score,1461,0.9943665266036987
3,Train_Score,1462,1.0090246200561523
3,Train_Score,1463,1.0143756866455078
3,Train_Score,1464,0.9967485666275024
3,Train_Score,1465,0.991925060749054
3,Train_Score,1466,1.0048631429672241
3,Train_Score,1467,0.9925041794776917
3,Train_Score,1468,0.9849326610565186
3,Train_Score,1469,0.984768807888031
3,Train_Score,1470,0.9797701239585876
3,Train_Score,1471,1.0030755996704102
3,Train_Score,1472,1.000905156135559
3,Train_Score,1473,0.9858111143112183
3,Train_Score,1474,1.0005227327346802
3,Train_Score,1475,1.0059083700180054
3,Train_Score,1476,1.0050644874572754
3,Train_Score,1477,1.0114142894744873
3,Train_Score,1478,1.0022578239440918
3,Train_Score,1479,1.017120122909546
3,Train_Score,1480,1.0122324228286743
3,Train_Score,1481,1.0078046321868896
3,Train_Score,1482,0.9987308979034424
3,Train_Score,1483,0.9901197552680969
3,Train_Score,1484,0.9853984117507935
3,Train_Score,1485,1.0025529861450195
3,Train_Score,1486,0.9811211824417114
3,Train_Score,1487,1.0119516849517822
3,Train_Score,1488,0.9837892651557922
3,Train_Score,1489,1.009439468383789
3,Train_Score,1490,0.9914113879203796
3,Train_Score,1491,1.0013983249664307
3,Train_Score,1492,0.9980510473251343
3,Train_Score,1493,1.0046141147613525
3,Train_Score,1494,1.003011703491211
3,Train_Score,1495,1.0094200372695923
3,Train_Score,1496,0.9886749982833862
3,Train_Score,1497,1.0089828968048096
3,Train_Score,1498,0.986260175704956
3,Train_Score,1499,0.9999063014984131
3,Train_Score,1500,1.0085502862930298
3,Train_Score,1501,1.0067853927612305
3,Train_Score,1502,1.0005838871002197
3,Train_Score,1503,0.9920393228530884
3,Train_Score,1504,0.9884005188941956
3,Train_Score,1505,0.9960365891456604
3,Train_Score,1506,0.9988450407981873
3,Train_Score,1507,1.0004342794418335
3,Train_Score,1508,0.9941783547401428
3,Train_Score,1509,1.0070589780807495
3,Train_Score,1510,0.9848711490631104
3,Train_Score,1511,0.9979578256607056
3,Train_Score,1512,1.0088049173355103
3,Train_Score,1513,0.9884506464004517
3,Train_Score,1514,0.9984590411186218
3,Train_Score,1515,1.0186638832092285
3,Train_Score,1516,1.009230375289917
3,Train_Score,1517,0.9999250769615173
3,Train_Score,1518,0.9969039559364319
3,Train_Score,1519,0.9952747821807861
3,Train_Score,1520,0.9973021149635315
3,Train_Score,1521,0.9879981279373169
3,Train_Score,1522,1.0021919012069702
3,Train_Score,1523,1.0071871280670166
3,Train_Score,1524,0.9984315633773804
3,Train_Score,1525,1.005013108253479
3,Train_Score,1526,1.0140790939331055
3,Train_Score,1527,0.9981637001037598
3,Train_Score,1528,0.9947109818458557
3,Train_Score,1529,1.012080192565918
3,Train_Score,1530,1.00261390209198
3,Train_Score,1531,0.9920412302017212
3,Train_Score,1532,0.995343029499054
3,Train_Score,1533,1.0042396783828735
3,Train_Score,1534,0.9982075095176697
3,Train_Score,1535,0.9797793626785278
3,Train_Score,1536,1.0006712675094604
3,Train_Score,1537,0.987464189529419
3,Train_Score,1538,1.0059159994125366
3,Train_Score,1539,0.9962214231491089
3,Train_Score,1540,1.008527398109436
3,Train_Score,1541,1.0091421604156494
3,Train_Score,1542,0.9954829812049866
3,Train_Score,1543,1.0108191967010498
3,Train_Score,1544,1.0057815313339233
3,Train_Score,1545,0.9965583682060242
3,Train_Score,1546,1.027951955795288
3,Train_Score,1547,1.0173228979110718
3,Train_Score,1548,0.9820554256439209
3,Train_Score,1549,1.0034726858139038
3,Train_Score,1550,1.0099214315414429
3,Train_Score,1551,1.009808897972107
3,Train_Score,1552,0.9957582354545593
3,Train_Score,1553,0.9972662925720215
3,Train_Score,1554,1.0057246685028076
3,Train_Score,1555,0.9977338314056396
3,Train_Score,1556,0.9971482753753662
3,Train_Score,1557,0.9965562224388123
3,Train_Score,1558,1.0010143518447876
3,Train_Score,1559,1.001847743988037
3,Train_Score,1560,0.9930518865585327
3,Train_Score,1561,0.9968040585517883
3,Train_Score,1562,0.9926927089691162
3,Train_Score,1563,1.0061016082763672
3,Train_Score,1564,1.0122913122177124
3,Train_Score,1565,1.0008472204208374
3,Train_Score,1566,1.0012842416763306
3,Train_Score,1567,0.9998785257339478
3,Train_Score,1568,1.0042461156845093
3,Train_Score,1569,1.0041478872299194
3,Train_Score,1570,1.0062357187271118
3,Train_Score,1571,1.0119856595993042
3,Train_Score,1572,1.0016076564788818
3,Train_Score,1573,1.0014957189559937
3,Train_Score,1574,1.012993335723877
3,Train_Score,1575,0.9909983277320862
3,Train_Score,1576,0.9928063154220581
3,Train_Score,1577,1.0075753927230835
3,Train_Score,1578,1.0026764869689941
3,Train_Score,1579,0.9890493750572205
3,Train_Score,1580,1.006391167640686
3,Train_Score,1581,0.9861727952957153
3,Train_Score,1582,0.9828155040740967
3,Train_Score,1583,0.9903742074966431
3,Train_Score,1584,1.0066510438919067
3,Train_Score,1585,0.995786190032959
3,Train_Score,1586,1.0189651250839233
3,Train_Score,1587,0.994281530380249
3,Train_Score,1588,0.9909220933914185
3,Train_Score,1589,0.985564649105072
3,Train_Score,1590,0.999614953994751
3,Train_Score,1591,0.9935907125473022
3,Train_Score,1592,1.010183334350586
3,Train_Score,1593,1.007306694984436
3,Train_Score,1594,0.9997274279594421
3,Train_Score,1595,1.0095173120498657
3,Train_Score,1596,0.9806662797927856
3,Train_Score,1597,1.020886778831482
3,Train_Score,1598,1.011184573173523
3,Train_Score,1599,1.0062615871429443
3,Train_Score,1600,1.024461269378662
3,Train_Score,1601,1.0078413486480713
3,Train_Score,1602,0.9983466863632202
3,Train_Score,1603,1.0227434635162354
3,Train_Score,1604,1.0178872346878052
3,Train_Score,1605,1.0068365335464478
3,Train_Score,1606,1.0033104419708252
3,Train_Score,1607,0.9882603287696838
3,Train_Score,1608,1.0080032348632812
3,Train_Score,1609,1.009889006614685
3,Train_Score,1610,1.0008430480957031
3,Train_Score,1611,1.0004024505615234
3,Train_Score,1612,1.0049431324005127
3,Train_Score,1613,1.0081794261932373
3,Train_Score,1614,0.9990421533584595
3,Train_Score,1615,0.9838181138038635
3,Train_Score,1616,1.0034334659576416
3,Train_Score,1617,1.0198291540145874
3,Train_Score,1618,1.0099287033081055
3,Train_Score,1619,1.0058629512786865
3,Train_Score,1620,1.013889193534851
3,Train_Score,1621,1.0126140117645264
3,Train_Score,1622,0.989526629447937
3,Train_Score,1623,1.0049346685409546
3,Train_Score,1624,1.0076133012771606
3,Train_Score,1625,1.0068185329437256
3,Train_Score,1626,0.9869340658187866
3,Train_Score,1627,1.0135263204574585
3,Train_Score,1628,0.9930293560028076
3,Train_Score,1629,1.0016692876815796
3,Train_Score,1630,0.9937148690223694
3,Train_Score,1631,0.9976726174354553
3,Train_Score,1632,0.9975977540016174
3,Train_Score,1633,1.005099892616272
3,Train_Score,1634,1.0054466724395752
3,Train_Score,1635,1.0086209774017334
3,Train_Score,1636,0.9849807620048523
3,Train_Score,1637,0.9958710670471191
3,Train_Score,1638,0.9909526705741882
3,Train_Score,1639,1.0131555795669556
3,Train_Score,1640,0.9992875456809998
3,Train_Score,1641,1.0086655616760254
3,Train_Score,1642,0.9991380572319031
3,Train_Score,1643,0.9925269484519958
3,Train_Score,1644,0.991830587387085
3,Train_Score,1645,1.0115057229995728
3,Train_Score,1646,1.004845142364502
3,Train_Score,1647,1.0061944723129272
3,Train_Score,1648,0.9961526393890381
3,Train_Score,1649,0.9957378506660461
3,Train_Score,1650,1.0001164674758911
3,Train_Score,1651,1.0084772109985352
3,Train_Score,1652,0.9949826002120972
3,Train_Score,1653,1.0092697143554688
3,Train_Score,1654,0.9917657375335693
3,Train_Score,1655,0.9958968758583069
3,Train_Score,1656,0.9954238533973694
3,Train_Score,1657,0.9901601672172546
3,Train_Score,1658,1.0063443183898926
3,Train_Score,1659,1.0013700723648071
3,Train_Score,1660,0.9992040991783142
3,Train_Score,1661,1.008605718612671
3,Train_Score,1662,1.0089221000671387
3,Train_Score,1663,0.9800878763198853
3,Train_Score,1664,0.9904104471206665
3,Train_Score,1665,1.0093051195144653
3,Train_Score,1666,1.0043628215789795
3,Train_Score,1667,1.0059038400650024
3,Train_Score,1668,0.9989542365074158
3,Train_Score,1669,0.9931302070617676
3,Train_Score,1670,0.9962852597236633
3,Train_Score,1671,1.001168966293335
3,Train_Score,1672,1.0113754272460938
3,Train_Score,1673,1.001535415649414
3,Train_Score,1674,0.9988166093826294
3,Train_Score,1675,1.0111299753189087
3,Train_Score,1676,1.0014171600341797
3,Train_Score,1677,0.9976121187210083
3,Train_Score,1678,1.0048155784606934
3,Train_Score,1679,0.9944084882736206
3,Train_Score,1680,1.0035066604614258
3,Train_Score,1681,0.9918360710144043
3,Train_Score,1682,1.000278115272522
3,Train_Score,1683,0.997800886631012
3,Train_Score,1684,1.002578854560852
3,Train_Score,1685,1.0018310546875
3,Train_Score,1686,0.9936609864234924
3,Train_Score,1687,0.9981056451797485
3,Train_Score,1688,1.0082906484603882
3,Train_Score,1689,0.9871048927307129
3,Train_Score,1690,1.0024187564849854
3,Train_Score,1691,1.0012500286102295
3,Train_Score,1692,0.9914053678512573
3,Train_Score,1693,0.9970210790634155
3,Train_Score,1694,1.0015382766723633
3,Train_Score,1695,0.9991602897644043
3,Train_Score,1696,0.9977643489837646
3,Train_Score,1697,0.9946461319923401
3,Train_Score,1698,0.988035261631012
3,Train_Score,1699,1.0129551887512207
3,Train_Score,1700,1.0036582946777344
3,Train_Score,1701,0.9894569516181946
3,Train_Score,1702,0.9924798607826233
3,Train_Score,1703,0.9859103560447693
3,Train_Score,1704,1.0088775157928467
3,Train_Score,1705,1.0046124458312988
3,Train_Score,1706,1.016965389251709
3,Train_Score,1707,1.005101203918457
3,Train_Score,1708,0.9990567564964294
3,Train_Score,1709,1.0020167827606201
3,Train_Score,1710,1.0058561563491821
3,Train_Score,1711,1.0002214908599854
3,Train_Score,1712,0.9957334399223328
3,Train_Score,1713,1.0067219734191895
3,Train_Score,1714,1.0005090236663818
3,Train_Score,1715,1.0107516050338745
3,Train_Score,1716,1.008988857269287
3,Train_Score,1717,0.9948393106460571
3,Train_Score,1718,1.0028057098388672
3,Train_Score,1719,0.9849495887756348
3,Train_Score,1720,1.0068824291229248
3,Train_Score,1721,0.9936915040016174
3,Train_Score,1722,0.9894202947616577
3,Train_Score,1723,1.0152223110198975
3,Train_Score,1724,1.004212498664856
3,Train_Score,1725,1.007616400718689
3,Train_Score,1726,1.0037775039672852
3,Train_Score,1727,1.0084285736083984
3,Train_Score,1728,0.9972749352455139
3,Train_Score,1729,1.0043376684188843
3,Train_Score,1730,1.006820559501648
3,Train_Score,1731,0.9970634579658508
3,Train_Score,1732,1.0016307830810547
3,Train_Score,1733,1.0051746368408203
3,Train_Score,1734,0.9878746271133423
3,Train_Score,1735,0.9949206113815308
3,Train_Score,1736,1.008414626121521
3,Train_Score,1737,1.0016671419143677
3,Train_Score,1738,0.9808667898178101
3,Train_Score,1739,1.0039056539535522
3,Train_Score,1740,1.0009658336639404
3,Train_Score,1741,1.0024324655532837
3,Train_Score,1742,1.0083461999893188
3,Train_Score,1743,1.0047084093093872
3,Train_Score,1744,1.0083611011505127
3,Train_Score,1745,0.9965909719467163
3,Train_Score,1746,1.002622127532959
3,Train_Score,1747,0.9925979971885681
3,Train_Score,1748,0.9977483153343201
3,Train_Score,1749,1.0014591217041016
3,Train_Score,1750,1.0086292028427124
3,Train_Score,1751,0.9907540678977966
3,Train_Score,1752,1.00741446018219
3,Train_Score,1753,0.9984652996063232
3,Train_Score,1754,1.005293607711792
3,Train_Score,1755,0.9933621883392334
3,Train_Score,1756,1.0016266107559204
3,Train_Score,1757,0.9984531998634338
3,Train_Score,1758,1.0014679431915283
3,Train_Score,1759,1.0076030492782593
3,Train_Score,1760,0.9949266910552979
3,Train_Score,1761,0.9866591095924377
3,Train_Score,1762,1.0067073106765747
3,Train_Score,1763,1.007925033569336
3,Train_Score,1764,1.0030983686447144
3,Train_Score,1765,1.0010700225830078
3,Train_Score,1766,1.0001734495162964
3,Train_Score,1767,0.9904237985610962
3,Train_Score,1768,0.990903913974762
3,Train_Score,1769,0.9967857003211975
3,Train_Score,1770,0.9946444034576416
3,Train_Score,1771,0.993213415145874
3,Train_Score,1772,1.0016006231307983
3,Train_Score,1773,0.990919291973114
3,Train_Score,1774,0.9930904507637024
3,Train_Score,1775,0.9912183284759521
3,Train_Score,1776,0.9962137937545776
3,Train_Score,1777,0.9922074675559998
3,Train_Score,1778,0.987798273563385
3,Train_Score,1779,0.9985372424125671
3,Train_Score,1780,1.0062531232833862
3,Train_Score,1781,0.9893496036529541
3,Train_Score,1782,0.9954319596290588
3,Train_Score,1783,1.0014221668243408
3,Train_Score,1784,0.9898697137832642
3,Train_Score,1785,1.005184531211853
3,Train_Score,1786,0.9949201941490173
3,Train_Score,1787,1.0181851387023926
3,Train_Score,1788,1.0047917366027832
3,Train_Score,1789,1.0103495121002197
3,Train_Score,1790,0.9843922257423401
3,Train_Score,1791,1.0032857656478882
3,Train_Score,1792,1.006414771080017
3,Train_Score,1793,1.0085623264312744
3,Train_Score,1794,0.9944120645523071
3,Train_Score,1795,0.9890600442886353
3,Train_Score,1796,1.0129108428955078
3,Train_Score,1797,1.0078901052474976
3,Train_Score,1798,1.0057774782180786
3,Train_Score,1799,1.0001500844955444
3,Train_Score,1800,1.0026936531066895
3,Train_Score,1801,0.9844303727149963
3,Train_Score,1802,0.9929017424583435
3,Train_Score,1803,0.9892846941947937
3,Train_Score,1804,0.9835110306739807
3,Train_Score,1805,1.0112289190292358
3,Train_Score,1806,1.0041306018829346
3,Train_Score,1807,0.9967249035835266
3,Train_Score,1808,0.9970725774765015
3,Train_Score,1809,1.0210071802139282
3,Train_Score,1810,0.9992651343345642
3,Train_Score,1811,0.9864643812179565
3,Train_Score,1812,0.9774250984191895
3,Train_Score,1813,1.0161244869232178
3,Train_Score,1814,0.9966337084770203
3,Train_Score,1815,0.9972606301307678
3,Train_Score,1816,0.9969196915626526
3,Train_Score,1817,1.008597493171692
3,Train_Score,1818,1.0016729831695557
3,Train_Score,1819,0.9860438108444214
3,Train_Score,1820,1.003042459487915
3,Train_Score,1821,0.9968250393867493
3,Train_Score,1822,1.0009620189666748
3,Train_Score,1823,0.9962958097457886
3,Train_Score,1824,1.0057685375213623
3,Train_Score,1825,1.004873275756836
3,Train_Score,1826,0.9936577081680298
3,Train_Score,1827,0.9885134100914001
3,Train_Score,1828,0.9983316659927368
3,Train_Score,1829,0.99894118309021
3,Train_Score,1830,1.000759482383728
3,Train_Score,1831,0.9944807291030884
3,Train_Score,1832,0.9806646704673767
3,Train_Score,1833,0.9976484775543213
3,Train_Score,1834,1.0097663402557373
3,Train_Score,1835,0.9896764159202576
3,Train_Score,1836,0.9909920692443848
3,Train_Score,1837,0.9960848093032837
3,Train_Score,1838,0.9866480231285095
3,Train_Score,1839,1.0126346349716187
3,Train_Score,1840,0.9946258068084717
3,Train_Score,1841,0.989399790763855
3,Train_Score,1842,0.995477557182312
3,Train_Score,1843,1.0059157609939575
3,Train_Score,1844,1.004220962524414
3,Train_Score,1845,1.0074689388275146
3,Train_Score,1846,0.9987769722938538
3,Train_Score,1847,0.9961603879928589
3,Train_Score,1848,0.98591148853302
3,Train_Score,1849,1.0001988410949707
3,Train_Score,1850,1.0083999633789062
3,Train_Score,1851,0.9966228604316711
3,Train_Score,1852,1.0000367164611816
3,Train_Score,1853,1.0084121227264404
3,Train_Score,1854,0.9891564846038818
3,Train_Score,1855,0.9992594122886658
3,Train_Score,1856,0.9949749708175659
3,Train_Score,1857,1.0017637014389038
3,Train_Score,1858,0.999646008014679
3,Train_Score,1859,0.9909863471984863
3,Train_Score,1860,1.003153920173645
3,Train_Score,1861,1.0020018815994263
3,Train_Score,1862,0.9842284917831421
3,Train_Score,1863,1.0053755044937134
3,Train_Score,1864,0.9981502890586853
3,Train_Score,1865,1.005427360534668
3,Train_Score,1866,0.9934600591659546
3,Train_Score,1867,0.9843442440032959
3,Train_Score,1868,1.0062631368637085
3,Train_Score,1869,0.9973889589309692
3,Train_Score,1870,1.0099941492080688
3,Train_Score,1871,1.002725601196289
3,Train_Score,1872,0.9974655508995056
3,Train_Score,1873,0.9890731573104858
3,Train_Score,1874,0.9980663061141968
3,Train_Score,1875,1.006540060043335
3,Train_Score,1876,0.9924746751785278
3,Train_Score,1877,1.0197209119796753
3,Train_Score,1878,1.0077146291732788
3,Train_Score,1879,0.9928014278411865
3,Train_Score,1880,1.0102477073669434
3,Train_Score,1881,0.9989046454429626
3,Train_Score,1882,1.0046119689941406
3,Train_Score,1883,0.9908995032310486
3,Train_Score,1884,0.9891700148582458
3,Train_Score,1885,0.9937134981155396
3,Train_Score,1886,0.996926486492157
3,Train_Score,1887,0.9949791431427002
3,Train_Score,1888,1.0089380741119385
3,Train_Score,1889,1.005218744277954
3,Train_Score,1890,0.9910286068916321
3,Train_Score,1891,1.0103638172149658
3,Train_Score,1892,1.0141264200210571
3,Train_Score,1893,1.0011543035507202
3,Train_Score,1894,1.0068429708480835
3,Train_Score,1895,0.9966283440589905
3,Train_Score,1896,1.0033737421035767
3,Train_Score,1897,1.0013790130615234
3,Train_Score,1898,0.9962633848190308
3,Train_Score,1899,1.0096673965454102
3,Train_Score,1900,1.0027081966400146
3,Train_Score,1901,1.000877857208252
3,Train_Score,1902,0.9869487285614014
3,Train_Score,1903,1.0017248392105103
3,Train_Score,1904,1.0051851272583008
3,Train_Score,1905,1.002676248550415
3,Train_Score,1906,1.007046103477478
3,Train_Score,1907,1.0077611207962036
3,Train_Score,1908,0.9931039214134216
3,Train_Score,1909,0.9956085085868835
3,Train_Score,1910,0.9913153648376465
3,Train_Score,1911,0.999401330947876
3,Train_Score,1912,1.0113551616668701
3,Train_Score,1913,0.9941063523292542
3,Train_Score,1914,1.0042284727096558
3,Train_Score,1915,1.0063813924789429
3,Train_Score,1916,0.9992725849151611
3,Train_Score,1917,0.9958694577217102
3,Train_Score,1918,0.9994670152664185
3,Train_Score,1919,1.0085281133651733
3,Train_Score,1920,0.9945744276046753
3,Train_Score,1921,1.0010406970977783
3,Train_Score,1922,1.0086688995361328
3,Train_Score,1923,1.002956748008728
3,Train_Score,1924,0.9978665113449097
3,Train_Score,1925,1.0030925273895264
3,Train_Score,1926,0.9865097999572754
3,Train_Score,1927,0.9880250692367554
3,Train_Score,1928,0.9931898713111877
3,Train_Score,1929,0.9961965084075928
3,Train_Score,1930,1.0055522918701172
3,Train_Score,1931,0.9912878274917603
3,Train_Score,1932,0.9966309070587158
3,Train_Score,1933,1.0015575885772705
3,Train_Score,1934,1.0000801086425781
3,Train_Score,1935,1.0073578357696533
3,Train_Score,1936,1.0020809173583984
3,Train_Score,1937,1.006620168685913
3,Train_Score,1938,0.9954617023468018
3,Train_Score,1939,0.9947746992111206
3,Train_Score,1940,0.9906697273254395
3,Train_Score,1941,1.0024080276489258
3,Train_Score,1942,0.9872217774391174
3,Train_Score,1943,0.9916858077049255
3,Train_Score,1944,1.0059856176376343
3,Train_Score,1945,1.0196195840835571
3,Train_Score,1946,1.0052965879440308
3,Train_Score,1947,0.9795149564743042
3,Train_Score,1948,0.9865760207176208
3,Train_Score,1949,0.9937261939048767
3,Train_Score,1950,1.0152755975723267
3,Train_Score,1951,1.0054645538330078
3,Train_Score,1952,0.9922797679901123
3,Train_Score,1953,0.998116672039032
3,Train_Score,1954,1.0124917030334473
3,Train_Score,1955,0.9858664274215698
3,Train_Score,1956,0.9881314039230347
3,Train_Score,1957,1.0051382780075073
3,Train_Score,1958,1.0068854093551636
3,Train_Score,1959,1.0127580165863037
3,Train_Score,1960,0.9951733946800232
3,Train_Score,1961,1.001857042312622
3,Train_Score,1962,0.9902557134628296
3,Train_Score,1963,0.9853451251983643
3,Train_Score,1964,1.005391240119934
3,Train_Score,1965,1.0084636211395264
3,Train_Score,1966,0.9969285726547241
3,Train_Score,1967,1.0078688859939575
3,Train_Score,1968,0.9980960488319397
3,Train_Score,1969,1.0099502801895142
3,Train_Score,1970,0.996809184551239
3,Train_Score,1971,1.0107250213623047
3,Train_Score,1972,0.9849997758865356
3,Train_Score,1973,0.9885302782058716
3,Train_Score,1974,0.999505877494812
3,Train_Score,1975,1.0039016008377075
3,Train_Score,1976,1.0034635066986084
3,Train_Score,1977,1.0088813304901123
3,Train_Score,1978,0.9871968626976013
3,Train_Score,1979,0.9986352324485779
3,Train_Score,1980,1.0022038221359253
3,Train_Score,1981,1.0068140029907227
3,Train_Score,1982,0.9899032711982727
3,Train_Score,1983,0.9817806482315063
3,Train_Score,1984,1.0021427869796753
3,Train_Score,1985,1.0127493143081665
3,Train_Score,1986,0.9989782571792603
3,Train_Score,1987,0.9913122057914734
3,Train_Score,1988,1.0091694593429565
3,Train_Score,1989,0.9933998584747314
3,Train_Score,1990,1.0113744735717773
3,Train_Score,1991,1.002524495124817
3,Train_Score,1992,0.9915865659713745
3,Train_Score,1993,1.0201804637908936
3,Train_Score,1994,0.9985995292663574
3,Train_Score,1995,0.9976376295089722
3,Train_Score,1996,1.008563756942749
3,Train_Score,1997,0.9996100068092346
3,Train_Score,1998,0.9881765246391296
3,Train_Score,1999,0.9896981716156006
3,Train_Score,2000,0.9989156126976013
3,Train_Score,2001,0.9928316473960876
4,Finetune,1,0.8900820538401604
4,Finetune,2,0.8746732696890831
4,Finetune,3,0.9361083433032036
4,Finetune,4,0.9026158079504967
4,Finetune,5,0.9039957076311111
4,Finetune,6,0.9267807975411415
4,Finetune,7,0.8847313076257706
4,Finetune,8,0.8543827682733536
4,Finetune,9,0.8565533831715584
4,Finetune,10,0.9116580784320831
4,Finetune,11,0.8716836199164391
4,Finetune,12,0.9106976091861725
4,Finetune,13,0.9109094589948654
4,Finetune,14,0.9014771282672882
4,Finetune,15,0.9429853707551956
4,Finetune,16,0.8605355396866798
4,Finetune,17,0.874574713408947
4,Finetune,18,0.8880819380283356
4,Finetune,19,0.8887711986899376
4,Finetune,20,0.8686944916844368
4,Finetune,21,0.8545642197132111
4,Finetune,22,0.8560209944844246
4,Finetune,23,0.8436625897884369
4,Finetune,24,0.8890382647514343
4,Finetune,25,0.9295395240187645
4,Finetune,26,0.8896842002868652
4,Finetune,27,0.8861506879329681
4,Finetune,28,0.8937699869275093
4,Finetune,29,0.8624576479196548
4,Finetune,30,0.9036940336227417
4,Finetune,31,0.8679768592119217
4,Finetune,32,0.8544271886348724
4,Finetune,33,0.8594714775681496
4,Finetune,34,0.861967995762825
4,Finetune,35,0.8431097865104675
4,Finetune,36,0.8429169580340385
4,Finetune,37,0.8337922990322113
4,Finetune,38,0.8396448493003845
4,Finetune,39,0.8697748333215714
4,Finetune,40,0.8744790107011795
4,Finetune,41,0.8930312395095825
4,Finetune,42,0.8669466450810432
4,Finetune,43,0.8793952316045761
4,Finetune,44,0.9004809632897377
4,Finetune,45,0.9101578146219254
4,Finetune,46,0.8767022639513016
4,Finetune,47,0.8886099681258202
4,Finetune,48,0.8725850284099579
4,Finetune,49,0.8702235743403435
4,Finetune,50,0.8767517507076263
4,Finetune,51,0.8654074221849442
4,Finetune,52,0.8867001086473465
4,Finetune,53,0.9431122913956642
4,Finetune,54,0.8579899221658707
4,Finetune,55,0.8834001570940018
4,Finetune,56,0.9637913033366203
4,Finetune,57,0.914662316441536
4,Finetune,58,0.8673789501190186
4,Finetune,59,0.8616164475679398
4,Finetune,60,0.883173368871212
4,Finetune,61,0.8797419741749763
4,Finetune,62,0.8474293798208237
4,Finetune,63,0.8426763415336609
4,Finetune,64,0.9214802235364914
4,Finetune,65,0.8622813671827316
4,Finetune,66,0.8935321792960167
4,Finetune,67,0.8550176098942757
4,Finetune,68,0.9375032335519791
4,Finetune,69,0.8646083846688271
4,Finetune,70,0.9313252121210098
4,Finetune,71,0.8412294313311577
4,Finetune,72,0.825008399784565
4,Finetune,73,0.8767509907484055
4,Finetune,74,0.847129799425602
4,Finetune,75,0.851949043571949
4,Finetune,76,0.8435406908392906
4,Finetune,77,0.8903538733720779
4,Finetune,78,0.848442517220974
4,Finetune,79,0.8407198041677475
4,Finetune,80,0.8531561568379402
4,Finetune,81,0.8753751888871193
4,Finetune,82,0.8832638412714005
4,Finetune,83,0.8511208668351173
4,Finetune,84,0.856877401471138
4,Finetune,85,0.8625250533223152
4,Finetune,86,0.9238357096910477
4,Finetune,87,0.9232641085982323
4,Finetune,88,0.920472264289856
4,Finetune,89,0.8881112262606621
4,Finetune,90,0.859654501080513
4,Finetune,91,0.8510700166225433
4,Finetune,92,0.8467546328902245
4,Finetune,93,0.8403384014964104
4,Finetune,94,0.8531602919101715
4,Finetune,95,0.8291662633419037
4,Finetune,96,0.8319818452000618
4,Finetune,97,0.8268190398812294
4,Finetune,98,0.87052271515131
4,Finetune,99,0.8547612205147743
4,Finetune,100,0.8214895278215408
4,Finetune,101,0.8195366859436035
4,Finetune,102,0.8748103678226471
4,Finetune,103,0.8396432548761368
4,Finetune,104,0.8369020074605942
4,Finetune,105,0.8051982298493385
4,Finetune,106,0.9110867083072662
4,Finetune,107,0.8220905587077141
4,Finetune,108,0.8123626708984375
4,Finetune,109,0.9101002961397171
4,Finetune,110,0.8270132914185524
4,Finetune,111,0.8284725546836853
4,Finetune,112,0.8662797585129738
4,Finetune,113,0.8814725577831268
4,Finetune,114,0.8400315493345261
4,Finetune,115,0.859910823404789
4,Finetune,116,0.8170939162373543
4,Finetune,117,0.8207908719778061
4,Finetune,118,0.8742664009332657
4,Finetune,119,0.8504129201173782
4,Finetune,120,0.8050568699836731
4,Finetune,121,0.8738586455583572
4,Finetune,122,0.820562556385994
4,Finetune,123,0.8520995602011681
4,Finetune,124,0.8103671967983246
4,Finetune,125,0.8278514072299004
4,Finetune,126,0.8714503422379494
4,Finetune,127,0.8440456911921501
4,Finetune,128,0.8468098863959312
4,Finetune,129,0.8281055837869644
4,Finetune,130,0.8261843621730804
4,Finetune,131,0.8349617570638657
4,Finetune,132,0.8170446753501892
4,Finetune,133,0.862699881196022
4,Finetune,134,0.8244336843490601
4,Finetune,135,0.8208518400788307
4,Finetune,136,0.8317135199904442
4,Finetune,137,0.8332590386271477
4,Finetune,138,0.8585274517536163
4,Finetune,139,0.8541748002171516
4,Finetune,140,0.8266128748655319
4,Finetune,141,0.8436828553676605
4,Finetune,142,0.9162391573190689
4,Finetune,143,0.8233707994222641
4,Finetune,144,0.8509388342499733
4,Finetune,145,0.8113848641514778
4,Finetune,146,0.8070314899086952
4,Finetune,147,0.8047609776258469
4,Finetune,148,0.8301020488142967
4,Finetune,149,0.8241869658231735
4,Finetune,150,0.8214410468935966
4,Finetune,151,0.8412343934178352
4,Finetune,152,0.8443935215473175
4,Finetune,153,0.8539963662624359
4,Finetune,154,0.8452505841851234
4,Finetune,155,0.8459753319621086
4,Finetune,156,0.8310815319418907
4,Finetune,157,0.828538067638874
4,Finetune,158,0.8419116139411926
4,Finetune,159,0.8375011086463928
4,Finetune,160,0.8574057817459106
4,Finetune,161,0.8326886519789696
4,Finetune,162,0.8481037318706512
4,Finetune,163,0.8350585252046585
4,Finetune,164,0.8762829974293709
4,Finetune,165,0.8142594769597054
4,Finetune,166,0.9021469503641129
4,Finetune,167,0.8156733140349388
4,Finetune,168,0.8096288666129112
4,Finetune,169,0.8254397287964821
4,Finetune,170,0.8276418820023537
4,Finetune,171,0.8102178275585175
4,Finetune,172,0.8200978264212608
4,Finetune,173,0.8246380388736725
4,Finetune,174,0.8541502952575684
4,Finetune,175,0.8527028486132622
4,Finetune,176,0.8553303703665733
4,Finetune,177,0.7957042008638382
4,Finetune,178,0.820171631872654
4,Finetune,179,0.8352161198854446
4,Finetune,180,0.8334277272224426
4,Finetune,181,0.8153242319822311
4,Finetune,182,0.8110387921333313
4,Finetune,183,0.8132549971342087
4,Finetune,184,0.8269332572817802
4,Finetune,185,0.8030875250697136
4,Finetune,186,0.878790482878685
4,Finetune,187,0.8340680226683617
4,Finetune,188,0.8379688635468483
4,Finetune,189,0.8267861902713776
4,Finetune,190,0.8137328550219536
4,Finetune,191,0.7988481596112251
4,Finetune,192,0.863705113530159
4,Finetune,193,0.8255113661289215
4,Finetune,194,0.8469229266047478
4,Finetune,195,0.80791175365448
4,Finetune,196,0.8402788117527962
4,Finetune,197,0.8022577986121178
4,Finetune,198,0.8228874057531357
4,Finetune,199,0.8329155668616295
4,Finetune,200,0.8309843316674232
4,Finetune,201,0.8232415691018105
4,Finetune,202,0.8014917075634003
4,Finetune,203,0.82718376070261
4,Finetune,204,0.7967647165060043
4,Finetune,205,0.8350013643503189
4,Finetune,206,0.817549929022789
4,Finetune,207,0.8000631555914879
4,Finetune,208,0.8070332780480385
4,Finetune,209,0.8270340263843536
4,Finetune,210,0.8114330694079399
4,Finetune,211,0.8235429674386978
4,Finetune,212,0.8242026939988136
4,Finetune,213,0.8404889479279518
4,Finetune,214,0.7992132529616356
4,Finetune,215,0.8305165842175484
4,Finetune,216,0.8191716000437737
4,Finetune,217,0.8087831884622574
4,Finetune,218,0.8353780508041382
4,Finetune,219,0.8321603834629059
4,Finetune,220,0.8265703544020653
4,Finetune,221,0.8092964366078377
4,Finetune,222,0.806639201939106
4,Finetune,223,0.8147296905517578
4,Finetune,224,0.812103271484375
4,Finetune,225,0.8192837908864021
4,Finetune,226,0.8312756419181824
4,Finetune,227,0.8088366314768791
4,Finetune,228,0.8111775368452072
4,Finetune,229,0.8331525921821594
4,Finetune,230,0.824751153588295
4,Finetune,231,0.7930466309189796
4,Finetune,232,0.8419061973690987
4,Finetune,233,0.8294811919331551
4,Finetune,234,0.8205314055085182
4,Finetune,235,0.8222533985972404
4,Finetune,236,0.8689829111099243
4,Finetune,237,0.8087873831391335
4,Finetune,238,0.8350858017802238
4,Finetune,239,0.8279678449034691
4,Finetune,240,0.8136943802237511
4,Finetune,241,0.8268610462546349
4,Finetune,242,0.8066543638706207
4,Finetune,243,0.8426778689026833
4,Finetune,244,0.8296847864985466
4,Finetune,245,0.8315519541501999
4,Finetune,246,0.8135772421956062
4,Finetune,247,0.8175916373729706
4,Finetune,248,0.8013370707631111
4,Finetune,249,0.8640429973602295
4,Finetune,250,0.8196887522935867
4,Finetune,251,0.8291030526161194
4,Finetune,252,0.8231940418481827
4,Finetune,253,0.8572527840733528
4,Finetune,254,0.8177073076367378
4,Finetune,255,0.8119543194770813
4,Finetune,256,0.8068237751722336
4,Finetune,257,0.8203815519809723
4,Finetune,258,0.829279787838459
4,Finetune,259,0.8163329139351845
4,Finetune,260,0.8026436194777489
4,Finetune,261,0.8398012742400169
4,Finetune,262,0.8322687745094299
4,Finetune,263,0.808833584189415
4,Finetune,264,0.8074339851737022
4,Finetune,265,0.8260754644870758
4,Finetune,266,0.8087446615099907
4,Finetune,267,0.8362501934170723
4,Finetune,268,0.8170603960752487
4,Finetune,269,0.8340195342898369
4,Finetune,270,0.8163899928331375
4,Finetune,271,0.7966061905026436
4,Finetune,272,0.8321216180920601
4,Finetune,273,0.835072748363018
4,Finetune,274,0.7985179200768471
4,Finetune,275,0.8574850931763649
4,Finetune,276,0.8702828586101532
4,Finetune,277,0.8108561038970947
4,Finetune,278,0.8205649182200432
4,Finetune,279,0.8376463800668716
4,Finetune,280,0.8183825239539146
4,Finetune,281,0.809712678194046
4,Finetune,282,0.8172280564904213
4,Finetune,283,0.8464198037981987
4,Finetune,284,0.8455894738435745
4,Finetune,285,0.8124701231718063
4,Finetune,286,0.811809316277504
4,Finetune,287,0.864540122449398
4,Finetune,288,0.8337361142039299
4,Finetune,289,0.8340195268392563
4,Finetune,290,0.8570612818002701
4,Finetune,291,0.815474808216095
4,Finetune,292,0.8170650079846382
4,Finetune,293,0.8012002781033516
4,Finetune,294,0.8383678123354912
4,Finetune,295,0.8302192315459251
4,Finetune,296,0.8138316497206688
4,Finetune,297,0.8084181696176529
4,Finetune,298,0.7913660779595375
4,Finetune,299,0.8222189545631409
4,Finetune,300,0.8322261944413185
4,Finetune,301,0.8588294014334679
4,Finetune,302,0.8244697004556656
4,Finetune,303,0.8432232663035393
4,Finetune,304,0.8113207817077637
4,Finetune,305,0.8318656086921692
4,Finetune,306,0.8267061337828636
4,Finetune,307,0.8162467628717422
4,Finetune,308,0.8376651406288147
4,Finetune,309,0.8094367608428001
4,Finetune,310,0.8141736313700676
4,Finetune,311,0.799741841852665
4,Finetune,312,0.8253921121358871
4,Finetune,313,0.8108372390270233
4,Finetune,314,0.8346657231450081
4,Finetune,315,0.80900439620018
4,Finetune,316,0.819660410284996
4,Finetune,317,0.8107733726501465
4,Finetune,318,0.7963459640741348
4,Finetune,319,0.8409100696444511
4,Finetune,320,0.830241970717907
4,Finetune,321,0.843881368637085
4,Finetune,322,0.8070630431175232
4,Finetune,323,0.7994415163993835
4,Finetune,324,0.8028597310185432
4,Finetune,325,0.8661469668149948
4,Finetune,326,0.8027151077985764
4,Finetune,327,0.815893642604351
4,Finetune,328,0.7971642836928368
4,Finetune,329,0.8205258175730705
4,Finetune,330,0.8258889093995094
4,Finetune,331,0.8131200820207596
4,Finetune,332,0.8166483417153358
4,Finetune,333,0.8024606183171272
4,Finetune,334,0.7951870337128639
4,Finetune,335,0.8004208281636238
4,Finetune,336,0.8127973601222038
4,Finetune,337,0.8256405293941498
4,Finetune,338,0.8141244277358055
4,Finetune,339,0.8394615724682808
4,Finetune,340,0.8371204286813736
4,Finetune,341,0.8295843154191971
4,Finetune,342,0.7874185368418694
4,Finetune,343,0.8150770589709282
4,Finetune,344,0.8088808879256248
4,Finetune,345,0.84322340041399
4,Finetune,346,0.8140293955802917
4,Finetune,347,0.8071040883660316
4,Finetune,348,0.8106647282838821
4,Finetune,349,0.7948812395334244
4,Finetune,350,0.7904697060585022
4,Finetune,351,0.8398118764162064
4,Finetune,352,0.8078402355313301
4,Finetune,353,0.8231345936655998
4,Finetune,354,0.8162477165460587
4,Finetune,355,0.8374650776386261
4,Finetune,356,0.8859103247523308
4,Finetune,357,0.8091013059020042
4,Finetune,358,0.8164842054247856
4,Finetune,359,0.8458139151334763
4,Finetune,360,0.8943715691566467
4,Finetune,361,0.8428323492407799
4,Finetune,362,0.8334304317831993
4,Finetune,363,0.8180614486336708
4,Finetune,364,0.8242861405014992
4,Finetune,365,0.8160366341471672
4,Finetune,366,0.8732959106564522
4,Finetune,367,0.8190784826874733
4,Finetune,368,0.8161153197288513
4,Finetune,369,0.8125268891453743
4,Finetune,370,0.7961992844939232
4,Finetune,371,0.805050440132618
4,Finetune,372,0.8332649618387222
4,Finetune,373,0.8209947198629379
4,Finetune,374,0.8028274029493332
4,Finetune,375,0.8227375149726868
4,Finetune,376,0.8083546087145805
4,Finetune,377,0.8129441514611244
4,Finetune,378,0.8075639307498932
4,Finetune,379,0.8418362140655518
4,Finetune,380,0.8292186558246613
4,Finetune,381,0.8219655081629753
4,Finetune,382,0.7929050475358963
4,Finetune,383,0.8054787591099739
4,Finetune,384,0.8325887322425842
4,Finetune,385,0.7975528836250305
4,Finetune,386,0.805015541613102
4,Finetune,387,0.8442056402564049
4,Finetune,388,0.8004511669278145
4,Finetune,389,0.8297167494893074
4,Finetune,390,0.8167699202895164
4,Finetune,391,0.8175171688199043
4,Finetune,392,0.8329105004668236
4,Finetune,393,0.7994169741868973
4,Finetune,394,0.8222988694906235
4,Finetune,395,0.8186076804995537
4,Finetune,396,0.7999153435230255
4,Finetune,397,0.805200919508934
4,Finetune,398,0.8301986008882523
4,Finetune,399,0.8230108916759491
4,Finetune,400,0.8065505027770996
4,Finetune,401,0.8013840019702911
4,Finetune,402,0.8202737495303154
4,Finetune,403,0.83112782984972
4,Finetune,404,0.8203063681721687
4,Finetune,405,0.8308203741908073
4,Finetune,406,0.8269973546266556
4,Finetune,407,0.8272422030568123
4,Finetune,408,0.8646754175424576
4,Finetune,409,0.8002992495894432
4,Finetune,410,0.7916979864239693
4,Finetune,411,0.805940106511116
4,Finetune,412,0.822807289659977
4,Finetune,413,0.7984559684991837
4,Finetune,414,0.8165375515818596
4,Finetune,415,0.805234506726265
4,Finetune,416,0.795233890414238
4,Finetune,417,0.816157653927803
4,Finetune,418,0.8087112829089165
4,Finetune,419,0.7989495024085045
4,Finetune,420,0.833469457924366
4,Finetune,421,0.806630089879036
4,Finetune,422,0.8475612923502922
4,Finetune,423,0.794023334980011
4,Finetune,424,0.869343027472496
4,Finetune,425,0.8083253651857376
4,Finetune,426,0.8271514624357224
4,Finetune,427,0.8308017700910568
4,Finetune,428,0.8238501325249672
4,Finetune,429,0.8255150467157364
4,Finetune,430,0.8056660816073418
4,Finetune,431,0.8552387207746506
4,Finetune,432,0.8592719212174416
4,Finetune,433,0.842353105545044
4,Finetune,434,0.8503128960728645
4,Finetune,435,0.869408592581749
4,Finetune,436,0.8054021820425987
4,Finetune,437,0.8059666380286217
4,Finetune,438,0.8237354457378387
4,Finetune,439,0.8169573247432709
4,Finetune,440,0.8169954940676689
4,Finetune,441,0.8287512212991714
4,Finetune,442,0.8169946447014809
4,Finetune,443,0.8168794959783554
4,Finetune,444,0.849653996527195
4,Finetune,445,0.833610936999321
4,Finetune,446,0.822892040014267
4,Finetune,447,0.8050326853990555
4,Finetune,448,0.8128378391265869
4,Finetune,449,0.8334084451198578
4,Finetune,450,0.8213022351264954
4,Finetune,451,0.8122657388448715
4,Finetune,452,0.8227729573845863
4,Finetune,453,0.8278196081519127
4,Finetune,454,0.834031842648983
4,Finetune,455,0.7887783795595169
4,Finetune,456,0.8097948804497719
4,Finetune,457,0.8127739056944847
4,Finetune,458,0.799379363656044
4,Finetune,459,0.8267777487635612
4,Finetune,460,0.8303483501076698
4,Finetune,461,0.8213603422045708
4,Finetune,462,0.8086723908782005
4,Finetune,463,0.7959677577018738
4,Finetune,464,0.7946546226739883
4,Finetune,465,0.8349166139960289
4,Finetune,466,0.8233113437891006
4,Finetune,467,0.8131575882434845
4,Finetune,468,0.8232156038284302
4,Finetune,469,0.8030204176902771
4,Finetune,470,0.8369011208415031
4,Finetune,471,0.7995379343628883
4,Finetune,472,0.8449012190103531
4,Finetune,473,0.86404849588871
4,Finetune,474,0.8433372229337692
4,Finetune,475,0.7981091290712357
4,Finetune,476,0.813366636633873
4,Finetune,477,0.7991033792495728
4,Finetune,478,0.818906344473362
4,Finetune,479,0.7994534522294998
4,Finetune,480,0.8052639290690422
4,Finetune,481,0.825557753443718
4,Finetune,482,0.808127336204052
4,Finetune,483,0.8463956788182259
4,Finetune,484,0.7927729114890099
4,Finetune,485,0.8092614263296127
4,Finetune,486,0.8541961535811424
4,Finetune,487,0.8158478513360023
4,Finetune,488,0.8107946664094925
4,Finetune,489,0.8197275847196579
4,Finetune,490,0.8260393887758255
4,Finetune,491,0.8308471664786339
4,Finetune,492,0.8311571329832077
4,Finetune,493,0.8176283463835716
4,Finetune,494,0.8023853152990341
4,Finetune,495,0.7941194102168083
4,Finetune,496,0.8407517597079277
4,Finetune,497,0.8366346657276154
4,Finetune,498,0.7943674474954605
4,Finetune,499,0.7983585894107819
4,Finetune,500,0.8020461052656174
4,Finetune,501,0.8080495074391365
4,Finetune,502,0.8257607370615005
4,Finetune,503,0.8144091218709946
4,Finetune,504,0.8216230943799019
4,Finetune,505,0.8106546998023987
4,Finetune,506,0.8210602477192879
4,Finetune,507,0.7960920408368111
4,Finetune,508,0.7846012338995934
4,Finetune,509,0.8155247867107391
4,Finetune,510,0.8492720797657967
4,Finetune,511,0.8036537244915962
4,Finetune,512,0.8288107141852379
4,Finetune,513,0.8037128373980522
4,Finetune,514,0.8024767190217972
4,Finetune,515,0.7866450175642967
4,Finetune,516,0.8088402673602104
4,Finetune,517,0.8045663312077522
4,Finetune,518,0.8343514502048492
4,Finetune,519,0.8413634523749352
4,Finetune,520,0.814215786755085
4,Finetune,521,0.7972154021263123
4,Finetune,522,0.8345201313495636
4,Finetune,523,0.8120988011360168
4,Finetune,524,0.8336821794509888
4,Finetune,525,0.8060912638902664
4,Finetune,526,0.8108552917838097
4,Finetune,527,0.8388654142618179
4,Finetune,528,0.8076760768890381
4,Finetune,529,0.8014563098549843
4,Finetune,530,0.8519836589694023
4,Finetune,531,0.9288972094655037
4,Finetune,532,0.8553387671709061
4,Finetune,533,0.8192347809672356
4,Finetune,534,0.8118583858013153
4,Finetune,535,0.8084617108106613
4,Finetune,536,0.7938554659485817
4,Finetune,537,0.8195144161581993
4,Finetune,538,0.8164753839373589
4,Finetune,539,0.8277717307209969
4,Finetune,540,0.8750151544809341
4,Finetune,541,0.8215670064091682
4,Finetune,542,0.8274615183472633
4,Finetune,543,0.8044239059090614
4,Finetune,544,0.8351600170135498
4,Finetune,545,0.8000261709094048
4,Finetune,546,0.8312729373574257
4,Finetune,547,0.8113823756575584
4,Finetune,548,0.8253372237086296
4,Finetune,549,0.839112900197506
4,Finetune,550,0.8014492318034172
4,Finetune,551,0.8085324391722679
4,Finetune,552,0.8154327422380447
4,Finetune,553,0.8315809741616249
4,Finetune,554,0.8367529436945915
4,Finetune,555,0.796931192278862
4,Finetune,556,0.8158073425292969
4,Finetune,557,0.8078636527061462
4,Finetune,558,0.849263072013855
4,Finetune,559,0.8203035071492195
4,Finetune,560,0.8063663393259048
4,Finetune,561,0.8187068030238152
4,Finetune,562,0.82224440574646
4,Finetune,563,0.837236613035202
4,Finetune,564,0.8051743358373642
4,Finetune,565,0.836984172463417
4,Finetune,566,0.811358205974102
4,Finetune,567,0.889999233186245
4,Finetune,568,0.8329533562064171
4,Finetune,569,0.7949363216757774
4,Finetune,570,0.8292243331670761
4,Finetune,571,0.7832652851939201
4,Finetune,572,0.7767162546515465
4,Finetune,573,0.8207299783825874
4,Finetune,574,0.8614176511764526
4,Finetune,575,0.8129596710205078
4,Finetune,576,0.8153181597590446
4,Finetune,577,0.8124217540025711
4,Finetune,578,0.8397233188152313
4,Finetune,579,0.8088407963514328
4,Finetune,580,0.8161490187048912
4,Finetune,581,0.8084394782781601
4,Finetune,582,0.8302936404943466
4,Finetune,583,0.8581626638770103
4,Finetune,584,0.8018918707966805
4,Finetune,585,0.8199927657842636
4,Finetune,586,0.8022686019539833
4,Finetune,587,0.801410011947155
4,Finetune,588,0.8113776072859764
4,Finetune,589,0.8172285035252571
4,Finetune,590,0.8182783648371696
4,Finetune,591,0.799556240439415
4,Finetune,592,0.8390187844634056
4,Finetune,593,0.8307204395532608
4,Finetune,594,0.8413830474019051
4,Finetune,595,0.8367729187011719
4,Finetune,596,0.7915050536394119
4,Finetune,597,0.8220049664378166
4,Finetune,598,0.8230911493301392
4,Finetune,599,0.7982845231890678
4,Finetune,600,0.8605592995882034
4,Finetune,601,0.8152239993214607
4,Finetune,602,0.8017860352993011
4,Finetune,603,0.8721731826663017
4,Finetune,604,0.8130413964390755
4,Finetune,605,0.8069660142064095
4,Finetune,606,0.8069963529706001
4,Finetune,607,0.8426830992102623
4,Finetune,608,0.8585213795304298
4,Finetune,609,0.8483695313334465
4,Finetune,610,0.8297675400972366
4,Finetune,611,0.8059450834989548
4,Finetune,612,0.8158716261386871
4,Finetune,613,0.7964921444654465
4,Finetune,614,0.8065243139863014
4,Finetune,615,0.8025924637913704
4,Finetune,616,0.8662049695849419
4,Finetune,617,0.8222533985972404
4,Finetune,618,0.8088869601488113
4,Finetune,619,0.8024571761488914
4,Finetune,620,0.8100578710436821
4,Finetune,621,0.7990089431405067
4,Finetune,622,0.8613166809082031
4,Finetune,623,0.8053800538182259
4,Finetune,624,0.8254201412200928
4,Finetune,625,0.8100529834628105
4,Finetune,626,0.8057404682040215
4,Finetune,627,0.8146287500858307
4,Finetune,628,0.8643457219004631
4,Finetune,629,0.8329641819000244
4,Finetune,630,0.818819098174572
4,Finetune,631,0.8222009614109993
4,Finetune,632,0.8179437965154648
4,Finetune,633,0.8250629082322121
4,Finetune,634,0.8124756664037704
4,Finetune,635,0.8299688696861267
4,Finetune,636,0.793635867536068
4,Finetune,637,0.7954268977046013
4,Finetune,638,0.812939241528511
4,Finetune,639,0.804953083395958
4,Finetune,640,0.8097222000360489
4,Finetune,641,0.8146793246269226
4,Finetune,642,0.8160894960165024
4,Finetune,643,0.7986942604184151
4,Finetune,644,0.7960792854428291
4,Finetune,645,0.8169275000691414
4,Finetune,646,0.8204693421721458
4,Finetune,647,0.7927500754594803
4,Finetune,648,0.8281794264912605
4,Finetune,649,0.8166901096701622
4,Finetune,650,0.7947912663221359
4,Finetune,651,0.9016961306333542
4,Finetune,652,0.8167408928275108
4,Finetune,653,0.7955811843276024
4,Finetune,654,0.8664061725139618
4,Finetune,655,0.8290979787707329
4,Finetune,656,0.8074016571044922
4,Finetune,657,0.812781386077404
4,Finetune,658,0.8114254921674728
4,Finetune,659,0.7944462671875954
4,Finetune,660,0.8219856396317482
4,Finetune,661,0.8030123934149742
4,Finetune,662,0.8379315063357353
4,Finetune,663,0.827726237475872
4,Finetune,664,0.8268720060586929
4,Finetune,665,0.8208954706788063
4,Finetune,666,0.8204056993126869
4,Finetune,667,0.8143677338957787
4,Finetune,668,0.8104039281606674
4,Finetune,669,0.8003050088882446
4,Finetune,670,0.835366278886795
4,Finetune,671,0.8118467554450035
4,Finetune,672,0.8132162615656853
4,Finetune,673,0.8183970898389816
4,Finetune,674,0.8275450319051743
4,Finetune,675,0.8174185007810593
4,Finetune,676,0.8428066521883011
4,Finetune,677,0.8156557679176331
4,Finetune,678,0.8684971556067467
4,Finetune,679,0.8098999336361885
4,Finetune,680,0.8211614638566971
4,Finetune,681,0.8094791695475578
4,Finetune,682,0.8349805548787117
4,Finetune,683,0.8032647892832756
4,Finetune,684,0.8080189079046249
4,Finetune,685,0.818046972155571
4,Finetune,686,0.8354906663298607
4,Finetune,687,0.85640998929739
4,Finetune,688,0.8161309361457825
4,Finetune,689,0.853102907538414
4,Finetune,690,0.7983897402882576
4,Finetune,691,0.8016791343688965
4,Finetune,692,0.8438662216067314
4,Finetune,693,0.8480499982833862
4,Finetune,694,0.7852413654327393
4,Finetune,695,0.8002768456935883
4,Finetune,696,0.8087602257728577
4,Finetune,697,0.821676068007946
4,Finetune,698,0.796917162835598
4,Finetune,699,0.8451056405901909
4,Finetune,700,0.7981703877449036
4,Finetune,701,0.8110587000846863
4,Finetune,702,0.8209787011146545
4,Finetune,703,0.8143919557332993
4,Finetune,704,0.8374766707420349
4,Finetune,705,0.8010555654764175
4,Finetune,706,0.8289446607232094
4,Finetune,707,0.8009179681539536
4,Finetune,708,0.8446591794490814
4,Finetune,709,0.8173030763864517
4,Finetune,710,0.8103578016161919
4,Finetune,711,0.8071045279502869
4,Finetune,712,0.8209831416606903
4,Finetune,713,0.8159364834427834
4,Finetune,714,0.8695413619279861
4,Finetune,715,0.8120022863149643
4,Finetune,716,0.8035300299525261
4,Finetune,717,0.8230485171079636
4,Finetune,718,0.8298692032694817
4,Finetune,719,0.8005824163556099
4,Finetune,720,0.8446000441908836
4,Finetune,721,0.805761992931366
4,Finetune,722,0.803667463362217
4,Finetune,723,0.8180522471666336
4,Finetune,724,0.8380964919924736
4,Finetune,725,0.8150814920663834
4,Finetune,726,0.8341958671808243
4,Finetune,727,0.8126830160617828
4,Finetune,728,0.8246108889579773
4,Finetune,729,0.8501110151410103
4,Finetune,730,0.8099621087312698
4,Finetune,731,0.792255625128746
4,Finetune,732,0.797575406730175
4,Finetune,733,0.8142080083489418
4,Finetune,734,0.7940654158592224
4,Finetune,735,0.8126688748598099
4,Finetune,736,0.8345695212483406
4,Finetune,737,0.8186521157622337
4,Finetune,738,0.8035406097769737
4,Finetune,739,0.83249132335186
4,Finetune,740,0.8180905804038048
4,Finetune,741,0.804673969745636
4,Finetune,742,0.8061192259192467
4,Finetune,743,0.8512730225920677
4,Finetune,744,0.7978174313902855
4,Finetune,745,0.8526658490300179
4,Finetune,746,0.830931045114994
4,Finetune,747,0.8145263344049454
4,Finetune,748,0.8183596134185791
4,Finetune,749,0.8237224966287613
4,Finetune,750,0.7976830378174782
4,Finetune,751,0.8496372550725937
4,Finetune,752,0.8333417773246765
4,Finetune,753,0.7942493781447411
4,Finetune,754,0.8065380305051804
4,Finetune,755,0.8120270669460297
4,Finetune,756,0.7936864271759987
4,Finetune,757,0.8139743283390999
4,Finetune,758,0.7898952439427376
4,Finetune,759,0.8145942315459251
4,Finetune,760,0.857295572757721
4,Finetune,761,0.8084252551198006
4,Finetune,762,0.8037887811660767
4,Finetune,763,0.8738028258085251
4,Finetune,764,0.8317507281899452
4,Finetune,765,0.8096259236335754
4,Finetune,766,0.8482753485441208
4,Finetune,767,0.8198744580149651
4,Finetune,768,0.8239425718784332
4,Finetune,769,0.8241554871201515
4,Finetune,770,0.8141301646828651
4,Finetune,771,0.8063501343131065
4,Finetune,772,0.802387148141861
4,Finetune,773,0.8224379196763039
4,Finetune,774,0.8005828857421875
4,Finetune,775,0.811487466096878
4,Finetune,776,0.8357992321252823
4,Finetune,777,0.8131844997406006
4,Finetune,778,0.8138889223337173
4,Finetune,779,0.8113235384225845
4,Finetune,780,0.8323082476854324
4,Finetune,781,0.8063110336661339
4,Finetune,782,0.8033160269260406
4,Finetune,783,0.8257275074720383
4,Finetune,784,0.8212268874049187
4,Finetune,785,0.8397916480898857
4,Finetune,786,0.8290703520178795
4,Finetune,787,0.8181816786527634
4,Finetune,788,0.8086999356746674
4,Finetune,789,0.8013476729393005
4,Finetune,790,0.8032799512147903
4,Finetune,791,0.8018647208809853
4,Finetune,792,0.8366342857480049
4,Finetune,793,0.8424525558948517
4,Finetune,794,0.8028702959418297
4,Finetune,795,0.8004729002714157
4,Finetune,796,0.8542217090725899
4,Finetune,797,0.8180781677365303
4,Finetune,798,0.8565515950322151
4,Finetune,799,0.8233044892549515
4,Finetune,800,0.8146512880921364
4,Finetune,801,0.8021160289645195
4,Finetune,802,0.7872823998332024
4,Finetune,803,0.8085311204195023
4,Finetune,804,0.7980333492159843
4,Finetune,805,0.8299440667033195
4,Finetune,806,0.8149971216917038
4,Finetune,807,0.810255877673626
4,Finetune,808,0.8254183232784271
4,Finetune,809,0.8067910969257355
4,Finetune,810,0.8092921897768974
4,Finetune,811,0.8086466863751411
4,Finetune,812,0.8093294054269791
4,Finetune,813,0.8007644340395927
4,Finetune,814,0.8236837387084961
4,Finetune,815,0.812591053545475
4,Finetune,816,0.7883233949542046
4,Finetune,817,0.8754879981279373
4,Finetune,818,0.8148830309510231
4,Finetune,819,0.8129598125815392
4,Finetune,820,0.8006885722279549
4,Finetune,821,0.8060963749885559
4,Finetune,822,0.8287973031401634
4,Finetune,823,0.8250049725174904
4,Finetune,824,0.8227182030677795
4,Finetune,825,0.8145855441689491
4,Finetune,826,0.8025723174214363
4,Finetune,827,0.83749008923769
4,Finetune,828,0.8273248448967934
4,Finetune,829,0.8140542879700661
4,Finetune,830,0.8125565573573112
4,Finetune,831,0.8154422417283058
4,Finetune,832,0.8064378127455711
4,Finetune,833,0.8092784434556961
4,Finetune,834,0.7965574115514755
4,Finetune,835,0.8050921484827995
4,Finetune,836,0.8186208978295326
4,Finetune,837,0.7894455194473267
4,Finetune,838,0.8168885707855225
4,Finetune,839,0.8220507204532623
4,Finetune,840,0.8004826456308365
4,Finetune,841,0.8220643103122711
4,Finetune,842,0.8144451007246971
4,Finetune,843,0.8036963567137718
4,Finetune,844,0.84044399112463
4,Finetune,845,0.7841381728649139
4,Finetune,846,0.7969305887818336
4,Finetune,847,0.834930993616581
4,Finetune,848,0.8105076476931572
4,Finetune,849,0.8571802824735641
4,Finetune,850,0.8030374422669411
4,Finetune,851,0.8399114906787872
4,Finetune,852,0.7935858368873596
4,Finetune,853,0.8221273124217987
4,Finetune,854,0.8133311048150063
4,Finetune,855,0.79681396484375
4,Finetune,856,0.8234476819634438
4,Finetune,857,0.8036829233169556
4,Finetune,858,0.801112599670887
4,Finetune,859,0.7991378307342529
4,Finetune,860,0.8149083480238914
4,Finetune,861,0.8246037662029266
4,Finetune,862,0.8155852779746056
4,Finetune,863,0.8126130625605583
4,Finetune,864,0.8219693526625633
4,Finetune,865,0.8093086630105972
4,Finetune,866,0.8442495614290237
4,Finetune,867,0.8642780482769012
4,Finetune,868,0.9084464386105537
4,Finetune,869,0.8087913766503334
4,Finetune,870,0.8405766561627388
4,Finetune,871,0.8261866346001625
4,Finetune,872,0.8136987760663033
4,Finetune,873,0.8102500811219215
4,Finetune,874,0.8008072227239609
4,Finetune,875,0.7995417267084122
4,Finetune,876,0.8222449570894241
4,Finetune,877,0.830611877143383
4,Finetune,878,0.8196682557463646
4,Finetune,879,0.8126853182911873
4,Finetune,880,0.8204052522778511
4,Finetune,881,0.7985866144299507
4,Finetune,882,0.8014577701687813
4,Finetune,883,0.8261408284306526
4,Finetune,884,0.8047958612442017
4,Finetune,885,0.8075269684195518
4,Finetune,886,0.8286762982606888
4,Finetune,887,0.799772746860981
4,Finetune,888,0.8157972544431686
4,Finetune,889,0.8111894130706787
4,Finetune,890,0.819511316716671
4,Finetune,891,0.7866876795887947
4,Finetune,892,0.8026750683784485
4,Finetune,893,0.8327404409646988
4,Finetune,894,0.8245469182729721
4,Finetune,895,0.8385994359850883
4,Finetune,896,0.7945861890912056
4,Finetune,897,0.8152718842029572
4,Finetune,898,0.8224669322371483
4,Finetune,899,0.801060251891613
4,Finetune,900,0.8428227752447128
4,Finetune,901,0.8164659217000008
4,Finetune,902,0.8114782869815826
4,Finetune,903,0.807277150452137
4,Finetune,904,0.8201633617281914
4,Finetune,905,0.808958075940609
4,Finetune,906,0.8227709829807281
4,Finetune,907,0.8079221174120903
4,Finetune,908,0.8024356365203857
4,Finetune,909,0.8552032932639122
4,Finetune,910,0.7983209192752838
4,Finetune,911,0.8190193325281143
4,Finetune,912,0.8399718925356865
4,Finetune,913,0.7924302816390991
4,Finetune,914,0.8082911595702171
4,Finetune,915,0.7997709363698959
4,Finetune,916,0.8096422404050827
4,Finetune,917,0.8142405897378922
4,Finetune,918,0.7880445569753647
4,Finetune,919,0.8048853948712349
4,Finetune,920,0.8261451199650764
4,Finetune,921,0.8420992344617844
4,Finetune,922,0.7984504029154778
4,Finetune,923,0.8501504957675934
4,Finetune,924,0.8131388276815414
4,Finetune,925,0.828342005610466
4,Finetune,926,0.845021016895771
4,Finetune,927,0.8196387365460396
4,Finetune,928,0.8080480247735977
4,Finetune,929,0.8032160773873329
4,Finetune,930,0.8165920674800873
4,Finetune,931,0.8211997002363205
4,Finetune,932,0.8273876532912254
4,Finetune,933,0.800116628408432
4,Finetune,934,0.8151944056153297
4,Finetune,935,0.8030563369393349
4,Finetune,936,0.8139544650912285
4,Finetune,937,0.8174174502491951
4,Finetune,938,0.8199736550450325
4,Finetune,939,0.8647197261452675
4,Finetune,940,0.8966020718216896
4,Finetune,941,0.7983923703432083
4,Finetune,942,0.8151395246386528
4,Finetune,943,0.8087275847792625
4,Finetune,944,0.8476660773158073
4,Finetune,945,0.7965367212891579
4,Finetune,946,0.824878066778183
4,Finetune,947,0.8109264448285103
4,Finetune,948,0.8024235367774963
4,Finetune,949,0.810422271490097
4,Finetune,950,0.8223914355039597
4,Finetune,951,0.8076704144477844
4,Finetune,952,0.8531851693987846
4,Finetune,953,0.8036454766988754
4,Finetune,954,0.8354452922940254
4,Finetune,955,0.7962856218218803
4,Finetune,956,0.8268955200910568
4,Finetune,957,0.8194700554013252
4,Finetune,958,0.864732451736927
4,Finetune,959,0.8317835927009583
4,Finetune,960,0.817441463470459
4,Finetune,961,0.8195935413241386
4,Finetune,962,0.7974679172039032
4,Finetune,963,0.7904836907982826
4,Finetune,964,0.7789561972022057
4,Finetune,965,0.8217302560806274
4,Finetune,966,0.8408403322100639
4,Finetune,967,0.8421794101595879
4,Finetune,968,0.855112187564373
4,Finetune,969,0.8463221564888954
4,Finetune,970,0.8474052250385284
4,Finetune,971,0.8177557736635208
4,Finetune,972,0.806571751832962
4,Finetune,973,0.7983408346772194
4,Finetune,974,0.8215304017066956
4,Finetune,975,0.8500233367085457
4,Finetune,976,0.8153523653745651
4,Finetune,977,0.831182599067688
4,Finetune,978,0.8171692043542862
4,Finetune,979,0.814425602555275
4,Finetune,980,0.7998326048254967
4,Finetune,981,0.809796966612339
4,Finetune,982,0.8180890455842018
4,Finetune,983,0.8021240234375
4,Finetune,984,0.8118166103959084
4,Finetune,985,0.854273185133934
4,Finetune,986,0.8089194595813751
4,Finetune,987,0.8334655612707138
4,Finetune,988,0.8442475125193596
4,Finetune,989,0.8027781620621681
4,Finetune,990,0.8215308114886284
4,Finetune,991,0.8403119593858719
4,Finetune,992,0.8266400247812271
4,Finetune,993,0.832275427877903
4,Finetune,994,0.845207467675209
4,Finetune,995,0.8146568238735199
4,Finetune,996,0.8320594131946564
4,Finetune,997,0.796921543776989
4,Finetune,998,0.7928952351212502
4,Finetune,999,0.8006857112050056
4,Finetune,1000,0.8080852553248405
5,Score_Refine,1,1.0053218603134155
5,Score_Refine,2,0.9877992868423462
5,Score_Refine,3,0.9937632083892822
5,Score_Refine,4,1.0066417455673218
5,Score_Refine,5,0.9945388436317444
5,Score_Refine,6,0.9965637922286987
5,Score_Refine,7,0.9961414933204651
5,Score_Refine,8,0.9963191747665405
5,Score_Refine,9,1.007934808731079
5,Score_Refine,10,0.9954743385314941
5,Score_Refine,11,0.995267927646637
5,Score_Refine,12,0.9883072376251221
5,Score_Refine,13,0.9972660541534424
5,Score_Refine,14,1.0100213289260864
5,Score_Refine,15,1.0102535486221313
5,Score_Refine,16,0.997907817363739
5,Score_Refine,17,0.9888830780982971
5,Score_Refine,18,0.9942323565483093
5,Score_Refine,19,0.9897716045379639
5,Score_Refine,20,1.0043392181396484
5,Score_Refine,21,1.0035769939422607
5,Score_Refine,22,1.0082534551620483
5,Score_Refine,23,0.9990281462669373
5,Score_Refine,24,0.9831961393356323
5,Score_Refine,25,0.9953062534332275
5,Score_Refine,26,0.9952903389930725
5,Score_Refine,27,1.0070269107818604
5,Score_Refine,28,0.9922155737876892
5,Score_Refine,29,0.9933508634567261
5,Score_Refine,30,1.0049463510513306
5,Score_Refine,31,1.025161623954773
5,Score_Refine,32,1.0088664293289185
5,Score_Refine,33,1.0025018453598022
5,Score_Refine,34,0.9903614521026611
5,Score_Refine,35,1.0069677829742432
5,Score_Refine,36,1.0011354684829712
5,Score_Refine,37,0.99421226978302
5,Score_Refine,38,1.0127363204956055
5,Score_Refine,39,1.0025489330291748
5,Score_Refine,40,1.0080503225326538
5,Score_Refine,41,1.0171239376068115
5,Score_Refine,42,0.9855841398239136
5,Score_Refine,43,0.9917921423912048
5,Score_Refine,44,0.9880365133285522
5,Score_Refine,45,1.0083929300308228
5,Score_Refine,46,0.9916520118713379
5,Score_Refine,47,0.9905772805213928
5,Score_Refine,48,1.0037758350372314
5,Score_Refine,49,0.9955250024795532
5,Score_Refine,50,0.9885779023170471
5,Score_Refine,51,0.9973580837249756
5,Score_Refine,52,0.9930754899978638
5,Score_Refine,53,0.9922810196876526
5,Score_Refine,54,0.9972742199897766
5,Score_Refine,55,1.0028932094573975
5,Score_Refine,56,1.0003420114517212
5,Score_Refine,57,0.9950290322303772
5,Score_Refine,58,1.0054206848144531
5,Score_Refine,59,0.9995887279510498
5,Score_Refine,60,1.0017004013061523
5,Score_Refine,61,1.006165623664856
5,Score_Refine,62,1.007442831993103
5,Score_Refine,63,0.9967281818389893
5,Score_Refine,64,1.0076446533203125
5,Score_Refine,65,0.9978495240211487
5,Score_Refine,66,1.0103257894515991
5,Score_Refine,67,1.0035804510116577
5,Score_Refine,68,1.0165516138076782
5,Score_Refine,69,0.9979820847511292
5,Score_Refine,70,1.005543828010559
5,Score_Refine,71,1.0062977075576782
5,Score_Refine,72,1.0015171766281128
5,Score_Refine,73,0.9898186326026917
5,Score_Refine,74,1.0033940076828003
5,Score_Refine,75,1.0031780004501343
5,Score_Refine,76,1.0111526250839233
5,Score_Refine,77,1.0047578811645508
5,Score_Refine,78,0.999376118183136
5,Score_Refine,79,1.006437063217163
5,Score_Refine,80,1.0019158124923706
5,Score_Refine,81,1.0019903182983398
5,Score_Refine,82,1.0031394958496094
5,Score_Refine,83,1.0110349655151367
5,Score_Refine,84,1.0062555074691772
5,Score_Refine,85,1.003464698791504
5,Score_Refine,86,1.0028419494628906
5,Score_Refine,87,1.013688325881958
5,Score_Refine,88,1.001600980758667
5,Score_Refine,89,0.9940551519393921
5,Score_Refine,90,1.011248230934143
5,Score_Refine,91,0.9935098886489868
5,Score_Refine,92,0.9977733492851257
5,Score_Refine,93,1.0099849700927734
5,Score_Refine,94,0.9966403245925903
5,Score_Refine,95,1.0023305416107178
5,Score_Refine,96,1.0000455379486084
5,Score_Refine,97,1.0062553882598877
5,Score_Refine,98,1.0045428276062012
5,Score_Refine,99,0.9903064966201782
5,Score_Refine,100,0.9968231320381165
5,Score_Refine,101,1.0024712085723877
5,Score_Refine,102,0.9925568103790283
5,Score_Refine,103,1.0107437372207642
5,Score_Refine,104,0.9983159899711609
5,Score_Refine,105,0.9881107807159424
5,Score_Refine,106,1.0028507709503174
5,Score_Refine,107,0.9809812307357788
5,Score_Refine,108,0.9859763383865356
5,Score_Refine,109,1.0001579523086548
5,Score_Refine,110,1.0015316009521484
5,Score_Refine,111,0.9979094862937927
5,Score_Refine,112,0.9889758825302124
5,Score_Refine,113,0.9957062005996704
5,Score_Refine,114,0.9903404712677002
5,Score_Refine,115,1.0022557973861694
5,Score_Refine,116,0.9889341592788696
5,Score_Refine,117,1.007368803024292
5,Score_Refine,118,1.0110028982162476
5,Score_Refine,119,0.9861671924591064
5,Score_Refine,120,1.0069853067398071
5,Score_Refine,121,1.0017277002334595
5,Score_Refine,122,0.9851769804954529
5,Score_Refine,123,0.9996074438095093
5,Score_Refine,124,1.0054218769073486
5,Score_Refine,125,1.0136487483978271
5,Score_Refine,126,0.9853822588920593
5,Score_Refine,127,1.0099982023239136
5,Score_Refine,128,0.9878344535827637
5,Score_Refine,129,1.0170890092849731
5,Score_Refine,130,1.0145595073699951
5,Score_Refine,131,1.0026289224624634
5,Score_Refine,132,0.9831348061561584
5,Score_Refine,133,0.9996616840362549
5,Score_Refine,134,0.9942474961280823
5,Score_Refine,135,0.984249472618103
5,Score_Refine,136,0.9953783750534058
5,Score_Refine,137,1.0021531581878662
5,Score_Refine,138,0.9893774390220642
5,Score_Refine,139,0.9990331530570984
5,Score_Refine,140,1.0060207843780518
5,Score_Refine,141,0.9859662055969238
5,Score_Refine,142,1.0037342309951782
5,Score_Refine,143,1.0161207914352417
5,Score_Refine,144,1.0167436599731445
5,Score_Refine,145,0.9996214509010315
5,Score_Refine,146,1.0073305368423462
5,Score_Refine,147,1.0037604570388794
5,Score_Refine,148,0.9973875284194946
5,Score_Refine,149,1.0087435245513916
5,Score_Refine,150,1.0073497295379639
5,Score_Refine,151,1.0048141479492188
5,Score_Refine,152,0.9851460456848145
5,Score_Refine,153,0.984613299369812
5,Score_Refine,154,0.9988561868667603
5,Score_Refine,155,1.0039492845535278
5,Score_Refine,156,0.9918477535247803
5,Score_Refine,157,0.9855197668075562
5,Score_Refine,158,0.994484007358551
5,Score_Refine,159,0.9974780678749084
5,Score_Refine,160,0.9993839859962463
5,Score_Refine,161,1.0024347305297852
5,Score_Refine,162,0.9973441362380981
5,Score_Refine,163,1.0203187465667725
5,Score_Refine,164,1.0094852447509766
5,Score_Refine,165,0.9981059432029724
5,Score_Refine,166,0.9995865225791931
5,Score_Refine,167,0.9942284226417542
5,Score_Refine,168,0.9833042621612549
5,Score_Refine,169,1.0041290521621704
5,Score_Refine,170,1.0030100345611572
5,Score_Refine,171,1.0003544092178345
5,Score_Refine,172,1.0139176845550537
5,Score_Refine,173,0.985481858253479
5,Score_Refine,174,1.0034589767456055
5,Score_Refine,175,1.004608154296875
5,Score_Refine,176,1.0008879899978638
5,Score_Refine,177,1.0024341344833374
5,Score_Refine,178,1.0016441345214844
5,Score_Refine,179,0.9983700513839722
5,Score_Refine,180,1.009972333908081
5,Score_Refine,181,0.9962577223777771
5,Score_Refine,182,1.0108503103256226
5,Score_Refine,183,0.9912328124046326
5,Score_Refine,184,1.0008070468902588
5,Score_Refine,185,0.9870137572288513
5,Score_Refine,186,0.9845446348190308
5,Score_Refine,187,1.0003706216812134
5,Score_Refine,188,1.0167663097381592
5,Score_Refine,189,0.9986154437065125
5,Score_Refine,190,0.9978074431419373
5,Score_Refine,191,0.9940056800842285
5,Score_Refine,192,0.9918140172958374
5,Score_Refine,193,0.9945822954177856
5,Score_Refine,194,0.9838013648986816
5,Score_Refine,195,0.9972842931747437
5,Score_Refine,196,1.0028135776519775
5,Score_Refine,197,1.0040020942687988
5,Score_Refine,198,0.9979299306869507
5,Score_Refine,199,0.9953970313072205
5,Score_Refine,200,1.0045015811920166
5,Score_Refine,201,1.006959080696106
5,Score_Refine,202,0.9984511733055115
5,Score_Refine,203,1.007117748260498
5,Score_Refine,204,1.0048240423202515
5,Score_Refine,205,0.9937458634376526
5,Score_Refine,206,0.9962050914764404
5,Score_Refine,207,0.9932572841644287
5,Score_Refine,208,0.9926736354827881
5,Score_Refine,209,0.997549295425415
5,Score_Refine,210,1.0052622556686401
5,Score_Refine,211,0.9845738410949707
5,Score_Refine,212,1.0060961246490479
5,Score_Refine,213,0.9946568012237549
5,Score_Refine,214,0.9865551590919495
5,Score_Refine,215,1.009566068649292
5,Score_Refine,216,1.0137560367584229
5,Score_Refine,217,1.022909164428711
5,Score_Refine,218,1.0065799951553345
5,Score_Refine,219,1.0081032514572144
5,Score_Refine,220,0.9993380904197693
5,Score_Refine,221,1.0030301809310913
5,Score_Refine,222,0.9833220839500427
5,Score_Refine,223,0.9848631620407104
5,Score_Refine,224,0.9959129095077515
5,Score_Refine,225,1.0143169164657593
5,Score_Refine,226,0.9923660755157471
5,Score_Refine,227,0.9890104532241821
5,Score_Refine,228,1.0183157920837402
5,Score_Refine,229,1.00137460231781
5,Score_Refine,230,1.0090947151184082
5,Score_Refine,231,0.9990280270576477
5,Score_Refine,232,0.9905712604522705
5,Score_Refine,233,0.9990630745887756
5,Score_Refine,234,1.005172610282898
5,Score_Refine,235,0.9954349994659424
5,Score_Refine,236,0.9968594908714294
5,Score_Refine,237,0.9901134967803955
5,Score_Refine,238,0.9925835132598877
5,Score_Refine,239,1.00074303150177
5,Score_Refine,240,0.9973949790000916
5,Score_Refine,241,0.9846557378768921
5,Score_Refine,242,0.9906488656997681
5,Score_Refine,243,0.9934521317481995
5,Score_Refine,244,0.9893488883972168
5,Score_Refine,245,1.0162482261657715
5,Score_Refine,246,1.0024031400680542
5,Score_Refine,247,0.995938241481781
5,Score_Refine,248,1.0104875564575195
5,Score_Refine,249,1.0003076791763306
5,Score_Refine,250,1.0003113746643066
5,Score_Refine,251,0.9971601366996765
5,Score_Refine,252,1.0016701221466064
5,Score_Refine,253,1.0020753145217896
5,Score_Refine,254,1.0172103643417358
5,Score_Refine,255,1.0061447620391846
5,Score_Refine,256,1.0132620334625244
5,Score_Refine,257,1.005184531211853
5,Score_Refine,258,0.999701738357544
5,Score_Refine,259,1.0021514892578125
5,Score_Refine,260,0.9988532662391663
5,Score_Refine,261,1.0065109729766846
5,Score_Refine,262,0.9978706240653992
5,Score_Refine,263,0.9976611733436584
5,Score_Refine,264,0.9931979775428772
5,Score_Refine,265,0.9987032413482666
5,Score_Refine,266,1.0000264644622803
5,Score_Refine,267,1.0037717819213867
5,Score_Refine,268,0.9997029304504395
5,Score_Refine,269,1.0075911283493042
5,Score_Refine,270,1.012999176979065
5,Score_Refine,271,0.9982352256774902
5,Score_Refine,272,1.0096917152404785
5,Score_Refine,273,1.0165294408798218
5,Score_Refine,274,0.9938435554504395
5,Score_Refine,275,1.0012296438217163
5,Score_Refine,276,0.985738217830658
5,Score_Refine,277,1.0048000812530518
5,Score_Refine,278,0.9956859946250916
5,Score_Refine,279,0.9968693256378174
5,Score_Refine,280,0.9921084642410278
5,Score_Refine,281,0.9953253269195557
5,Score_Refine,282,0.988498330116272
5,Score_Refine,283,1.0059410333633423
5,Score_Refine,284,1.0110526084899902
5,Score_Refine,285,1.0107368230819702
5,Score_Refine,286,0.9991041421890259
5,Score_Refine,287,1.0112457275390625
5,Score_Refine,288,0.9977842569351196
5,Score_Refine,289,0.9987794756889343
5,Score_Refine,290,1.000266671180725
5,Score_Refine,291,0.990425169467926
5,Score_Refine,292,0.9855269193649292
5,Score_Refine,293,1.0024969577789307
5,Score_Refine,294,0.9952934384346008
5,Score_Refine,295,1.0028570890426636
5,Score_Refine,296,0.9977964162826538
5,Score_Refine,297,1.011529803276062
5,Score_Refine,298,1.0067015886306763
5,Score_Refine,299,0.9928317666053772
5,Score_Refine,300,0.9997978806495667
5,Score_Refine,301,1.0094921588897705
5,Score_Refine,302,0.9938387274742126
5,Score_Refine,303,0.9923103451728821
5,Score_Refine,304,1.0017125606536865
5,Score_Refine,305,0.9998502135276794
5,Score_Refine,306,0.9823009967803955
5,Score_Refine,307,1.007787823677063
5,Score_Refine,308,1.0035076141357422
5,Score_Refine,309,0.984602689743042
5,Score_Refine,310,0.9900470972061157
5,Score_Refine,311,1.0078328847885132
5,Score_Refine,312,0.9854112863540649
5,Score_Refine,313,0.9974997043609619
5,Score_Refine,314,0.9897077083587646
5,Score_Refine,315,1.0066648721694946
5,Score_Refine,316,1.0035170316696167
5,Score_Refine,317,0.9972193241119385
5,Score_Refine,318,1.006217122077942
5,Score_Refine,319,1.0091990232467651
5,Score_Refine,320,1.0047883987426758
5,Score_Refine,321,0.9907251000404358
5,Score_Refine,322,0.9939957857131958
5,Score_Refine,323,1.002440094947815
5,Score_Refine,324,0.9970593452453613
5,Score_Refine,325,0.996380090713501
5,Score_Refine,326,0.9945653676986694
5,Score_Refine,327,1.0070946216583252
5,Score_Refine,328,0.9995224475860596
5,Score_Refine,329,0.9946058988571167
5,Score_Refine,330,0.9821603298187256
5,Score_Refine,331,1.0072143077850342
5,Score_Refine,332,0.9874322414398193
5,Score_Refine,333,0.9798696041107178
5,Score_Refine,334,1.0079882144927979
5,Score_Refine,335,0.9863121509552002
5,Score_Refine,336,1.0073869228363037
5,Score_Refine,337,1.000125527381897
5,Score_Refine,338,1.0016902685165405
5,Score_Refine,339,0.998466968536377
5,Score_Refine,340,0.9977540373802185
5,Score_Refine,341,1.0039451122283936
5,Score_Refine,342,1.0065035820007324
5,Score_Refine,343,0.9924076199531555
5,Score_Refine,344,1.0063740015029907
5,Score_Refine,345,0.9895612597465515
5,Score_Refine,346,0.981124997138977
5,Score_Refine,347,1.0003350973129272
5,Score_Refine,348,0.993577241897583
5,Score_Refine,349,1.007550835609436
5,Score_Refine,350,1.0108487606048584
5,Score_Refine,351,0.9978302121162415
5,Score_Refine,352,1.0035426616668701
5,Score_Refine,353,1.0134204626083374
5,Score_Refine,354,1.0010912418365479
5,Score_Refine,355,0.9917345643043518
5,Score_Refine,356,0.9921813011169434
5,Score_Refine,357,1.0027568340301514
5,Score_Refine,358,1.0032081604003906
5,Score_Refine,359,1.0054383277893066
5,Score_Refine,360,0.9953411221504211
5,Score_Refine,361,1.0206536054611206
5,Score_Refine,362,0.9981767535209656
5,Score_Refine,363,0.9866406917572021
5,Score_Refine,364,0.9875302910804749
5,Score_Refine,365,0.9854129552841187
5,Score_Refine,366,0.9949709177017212
5,Score_Refine,367,0.9903738498687744
5,Score_Refine,368,1.0066149234771729
5,Score_Refine,369,0.9847950339317322
5,Score_Refine,370,0.9864623546600342
5,Score_Refine,371,1.0146102905273438
5,Score_Refine,372,0.9874542951583862
5,Score_Refine,373,0.9909707903862
5,Score_Refine,374,0.9904025793075562
5,Score_Refine,375,0.999695897102356
5,Score_Refine,376,1.0062274932861328
5,Score_Refine,377,0.9913443326950073
5,Score_Refine,378,0.9823594689369202
5,Score_Refine,379,1.0019042491912842
5,Score_Refine,380,0.9889168739318848
5,Score_Refine,381,1.0084378719329834
5,Score_Refine,382,0.9869611263275146
5,Score_Refine,383,0.9998542070388794
5,Score_Refine,384,0.9944707751274109
5,Score_Refine,385,0.9988769292831421
5,Score_Refine,386,1.0006870031356812
5,Score_Refine,387,1.002087950706482
5,Score_Refine,388,0.9986866116523743
5,Score_Refine,389,1.024045467376709
5,Score_Refine,390,0.9962635636329651
5,Score_Refine,391,1.0144292116165161
5,Score_Refine,392,0.9914197325706482
5,Score_Refine,393,0.9976620078086853
5,Score_Refine,394,1.0124821662902832
5,Score_Refine,395,1.0008541345596313
5,Score_Refine,396,1.0050969123840332
5,Score_Refine,397,0.9993741512298584
5,Score_Refine,398,0.9981459379196167
5,Score_Refine,399,0.9829102158546448
5,Score_Refine,400,1.0171406269073486
5,Score_Refine,401,1.0038830041885376
5,Score_Refine,402,1.0063576698303223
5,Score_Refine,403,0.9848452806472778
5,Score_Refine,404,0.9959090948104858
5,Score_Refine,405,0.9963394403457642
5,Score_Refine,406,1.010676383972168
5,Score_Refine,407,1.0000858306884766
5,Score_Refine,408,0.999728798866272
5,Score_Refine,409,0.9837666153907776
5,Score_Refine,410,1.0139596462249756
5,Score_Refine,411,0.9941038489341736
5,Score_Refine,412,0.9918619394302368
5,Score_Refine,413,0.9940021634101868
5,Score_Refine,414,0.9886320233345032
5,Score_Refine,415,1.0005048513412476
5,Score_Refine,416,0.9972150921821594
5,Score_Refine,417,1.0002620220184326
5,Score_Refine,418,1.0028284788131714
5,Score_Refine,419,1.0078997611999512
5,Score_Refine,420,0.9853988289833069
5,Score_Refine,421,1.007567048072815
5,Score_Refine,422,0.9910884499549866
5,Score_Refine,423,0.9948439598083496
5,Score_Refine,424,0.9915176630020142
5,Score_Refine,425,1.0039715766906738
5,Score_Refine,426,1.006649374961853
5,Score_Refine,427,1.002323031425476
5,Score_Refine,428,1.0101054906845093
5,Score_Refine,429,1.0100390911102295
5,Score_Refine,430,1.0060272216796875
5,Score_Refine,431,0.9958213567733765
5,Score_Refine,432,1.0035059452056885
5,Score_Refine,433,0.998183012008667
5,Score_Refine,434,1.002544641494751
5,Score_Refine,435,1.0000636577606201
5,Score_Refine,436,1.0093848705291748
5,Score_Refine,437,0.9974420070648193
5,Score_Refine,438,1.0127722024917603
5,Score_Refine,439,0.9866368770599365
5,Score_Refine,440,1.013880968093872
5,Score_Refine,441,0.9827110767364502
5,Score_Refine,442,1.0078777074813843
5,Score_Refine,443,0.9871137142181396
5,Score_Refine,444,1.0153000354766846
5,Score_Refine,445,1.006239652633667
5,Score_Refine,446,0.9903301000595093
5,Score_Refine,447,0.9842485785484314
5,Score_Refine,448,1.0131409168243408
5,Score_Refine,449,0.9981397986412048
5,Score_Refine,450,0.9982012510299683
5,Score_Refine,451,0.9993557333946228
5,Score_Refine,452,1.0065091848373413
5,Score_Refine,453,0.9922226071357727
5,Score_Refine,454,0.9910687804222107
5,Score_Refine,455,1.0054274797439575
5,Score_Refine,456,0.9960325956344604
5,Score_Refine,457,0.9954890012741089
5,Score_Refine,458,1.0063941478729248
5,Score_Refine,459,0.9982664585113525
5,Score_Refine,460,1.0081943273544312
5,Score_Refine,461,1.008390188217163
5,Score_Refine,462,0.9951282143592834
5,Score_Refine,463,1.0003583431243896
5,Score_Refine,464,0.9931091666221619
5,Score_Refine,465,1.0038100481033325
5,Score_Refine,466,0.9944387078285217
5,Score_Refine,467,1.0073440074920654
5,Score_Refine,468,1.0132108926773071
5,Score_Refine,469,1.0132956504821777
5,Score_Refine,470,1.0015872716903687
5,Score_Refine,471,0.9991745948791504
5,Score_Refine,472,1.0054410696029663
5,Score_Refine,473,1.0093454122543335
5,Score_Refine,474,0.9984637498855591
5,Score_Refine,475,1.0027518272399902
5,Score_Refine,476,0.9980322122573853
5,Score_Refine,477,1.0077714920043945
5,Score_Refine,478,0.9861538410186768
5,Score_Refine,479,1.0082238912582397
5,Score_Refine,480,1.0064280033111572
5,Score_Refine,481,1.011901617050171
5,Score_Refine,482,0.9912104606628418
5,Score_Refine,483,1.0029040575027466
5,Score_Refine,484,1.0066591501235962
5,Score_Refine,485,0.9861833453178406
5,Score_Refine,486,0.9951790571212769
5,Score_Refine,487,0.9966155290603638
5,Score_Refine,488,0.9799488186836243
5,Score_Refine,489,1.0044056177139282
5,Score_Refine,490,0.9959083199501038
5,Score_Refine,491,1.0002738237380981
5,Score_Refine,492,1.006402611732483
5,Score_Refine,493,0.9998173117637634
5,Score_Refine,494,0.9944236278533936
5,Score_Refine,495,1.003232479095459
5,Score_Refine,496,0.9918224811553955
5,Score_Refine,497,0.9960517287254333
5,Score_Refine,498,0.9913009405136108
5,Score_Refine,499,0.9889277219772339
5,Score_Refine,500,0.9900568127632141
5,Score_Refine,501,1.0063174962997437
5,Score_Refine,502,0.9997117519378662
5,Score_Refine,503,0.9960428476333618
5,Score_Refine,504,0.9989905953407288
5,Score_Refine,505,1.0012401342391968
5,Score_Refine,506,1.0056283473968506
5,Score_Refine,507,0.9862470030784607
5,Score_Refine,508,0.9947068691253662
5,Score_Refine,509,1.0077511072158813
5,Score_Refine,510,0.9963425993919373
5,Score_Refine,511,1.0101839303970337
5,Score_Refine,512,0.9901500344276428
5,Score_Refine,513,0.9849503040313721
5,Score_Refine,514,1.0049431324005127
5,Score_Refine,515,0.9997041821479797
5,Score_Refine,516,1.0124101638793945
5,Score_Refine,517,1.0019075870513916
5,Score_Refine,518,1.0012938976287842
5,Score_Refine,519,1.0139083862304688
5,Score_Refine,520,0.9969081282615662
5,Score_Refine,521,0.9944086670875549
5,Score_Refine,522,0.9793714880943298
5,Score_Refine,523,1.0075527429580688
5,Score_Refine,524,0.9992995262145996
5,Score_Refine,525,1.0099360942840576
5,Score_Refine,526,0.9987529516220093
5,Score_Refine,527,1.0048434734344482
5,Score_Refine,528,0.9917677640914917
5,Score_Refine,529,1.0107519626617432
5,Score_Refine,530,0.9941893815994263
5,Score_Refine,531,0.9891765117645264
5,Score_Refine,532,1.000579595565796
5,Score_Refine,533,0.9848077893257141
5,Score_Refine,534,1.0070877075195312
5,Score_Refine,535,1.003960132598877
5,Score_Refine,536,1.0123481750488281
5,Score_Refine,537,1.0011008977890015
5,Score_Refine,538,0.9972283840179443
5,Score_Refine,539,1.0067886114120483
5,Score_Refine,540,1.0101412534713745
5,Score_Refine,541,0.9905563592910767
5,Score_Refine,542,0.9974345564842224
5,Score_Refine,543,0.9966069459915161
5,Score_Refine,544,1.0008964538574219
5,Score_Refine,545,1.0074094533920288
5,Score_Refine,546,1.0075128078460693
5,Score_Refine,547,1.0113962888717651
5,Score_Refine,548,0.985988438129425
5,Score_Refine,549,0.9943468570709229
5,Score_Refine,550,1.0006792545318604
5,Score_Refine,551,0.9903833866119385
5,Score_Refine,552,0.9983915686607361
5,Score_Refine,553,1.0059731006622314
5,Score_Refine,554,0.9955853819847107
5,Score_Refine,555,0.999976396560669
5,Score_Refine,556,0.9883339405059814
5,Score_Refine,557,1.0075218677520752
5,Score_Refine,558,0.9944717288017273
5,Score_Refine,559,0.9954046010971069
5,Score_Refine,560,0.9986624717712402
5,Score_Refine,561,0.997072160243988
5,Score_Refine,562,0.9948961734771729
5,Score_Refine,563,0.9958940744400024
5,Score_Refine,564,0.9989343881607056
5,Score_Refine,565,0.9867653250694275
5,Score_Refine,566,0.994552493095398
5,Score_Refine,567,0.9921750426292419
5,Score_Refine,568,1.003063440322876
5,Score_Refine,569,0.9998267889022827
5,Score_Refine,570,1.00398850440979
5,Score_Refine,571,0.9992325305938721
5,Score_Refine,572,1.0180495977401733
5,Score_Refine,573,0.991205632686615
5,Score_Refine,574,1.004498839378357
5,Score_Refine,575,0.9962064623832703
5,Score_Refine,576,1.0086802244186401
5,Score_Refine,577,0.9935722947120667
5,Score_Refine,578,1.0077661275863647
5,Score_Refine,579,0.9822152853012085
5,Score_Refine,580,1.0011863708496094
5,Score_Refine,581,1.0152615308761597
5,Score_Refine,582,0.9818664789199829
5,Score_Refine,583,0.9889349937438965
5,Score_Refine,584,0.998323917388916
5,Score_Refine,585,1.0003294944763184
5,Score_Refine,586,1.0006128549575806
5,Score_Refine,587,1.0029075145721436
5,Score_Refine,588,1.0023397207260132
5,Score_Refine,589,0.9995017647743225
5,Score_Refine,590,0.9970107674598694
5,Score_Refine,591,1.004463791847229
5,Score_Refine,592,0.9936756491661072
5,Score_Refine,593,0.9833600521087646
5,Score_Refine,594,1.0075578689575195
5,Score_Refine,595,0.9950403571128845
5,Score_Refine,596,0.9961038827896118
5,Score_Refine,597,0.9978514909744263
5,Score_Refine,598,0.9923856854438782
5,Score_Refine,599,1.0174356698989868
5,Score_Refine,600,0.9886003136634827
5,Score_Refine,601,1.008386254310608
5,Score_Refine,602,0.9777449369430542
5,Score_Refine,603,1.0096466541290283
5,Score_Refine,604,1.0007436275482178
5,Score_Refine,605,0.9896899461746216
5,Score_Refine,606,0.9918558597564697
5,Score_Refine,607,0.9933310151100159
5,Score_Refine,608,0.9902437925338745
5,Score_Refine,609,1.008351445198059
5,Score_Refine,610,0.9811564683914185
5,Score_Refine,611,1.0006598234176636
5,Score_Refine,612,1.0099012851715088
5,Score_Refine,613,0.9898053407669067
5,Score_Refine,614,0.9970971941947937
5,Score_Refine,615,0.9987624883651733
5,Score_Refine,616,1.0001020431518555
5,Score_Refine,617,1.0007318258285522
5,Score_Refine,618,0.9962285757064819
5,Score_Refine,619,1.0038349628448486
5,Score_Refine,620,0.9945144057273865
5,Score_Refine,621,1.014223575592041
5,Score_Refine,622,1.006986141204834
5,Score_Refine,623,0.9987263083457947
5,Score_Refine,624,1.0095384120941162
5,Score_Refine,625,1.0034329891204834
5,Score_Refine,626,0.9843480587005615
5,Score_Refine,627,1.0019451379776
5,Score_Refine,628,1.0194580554962158
5,Score_Refine,629,0.9849269390106201
5,Score_Refine,630,0.9924526810646057
5,Score_Refine,631,0.989825963973999
5,Score_Refine,632,1.0018131732940674
5,Score_Refine,633,1.0047677755355835
5,Score_Refine,634,1.0092321634292603
5,Score_Refine,635,1.0117753744125366
5,Score_Refine,636,1.0001593828201294
5,Score_Refine,637,1.0129772424697876
5,Score_Refine,638,0.9801238775253296
5,Score_Refine,639,0.9990585446357727
5,Score_Refine,640,1.0117210149765015
5,Score_Refine,641,1.0036379098892212
5,Score_Refine,642,1.0042529106140137
5,Score_Refine,643,0.9853807687759399
5,Score_Refine,644,1.0032227039337158
5,Score_Refine,645,0.9917913675308228
5,Score_Refine,646,1.0020805597305298
5,Score_Refine,647,1.0063399076461792
5,Score_Refine,648,0.9977905750274658
5,Score_Refine,649,0.9994912147521973
5,Score_Refine,650,1.0058790445327759
5,Score_Refine,651,0.9999583959579468
5,Score_Refine,652,0.9872056841850281
5,Score_Refine,653,1.0022379159927368
5,Score_Refine,654,1.0035974979400635
5,Score_Refine,655,0.994563639163971
5,Score_Refine,656,0.9900495409965515
5,Score_Refine,657,0.9972628951072693
5,Score_Refine,658,1.0048341751098633
5,Score_Refine,659,0.9944589138031006
5,Score_Refine,660,1.017163872718811
5,Score_Refine,661,1.006064772605896
5,Score_Refine,662,0.994944155216217
5,Score_Refine,663,0.9962098598480225
5,Score_Refine,664,0.9933858513832092
5,Score_Refine,665,1.016093134880066
5,Score_Refine,666,1.0087535381317139
5,Score_Refine,667,1.0038018226623535
5,Score_Refine,668,1.004781723022461
5,Score_Refine,669,0.9976734519004822
5,Score_Refine,670,1.0004380941390991
5,Score_Refine,671,1.0012415647506714
5,Score_Refine,672,0.9987390041351318
5,Score_Refine,673,0.9906606078147888
5,Score_Refine,674,0.9927659034729004
5,Score_Refine,675,1.0101416110992432
5,Score_Refine,676,1.0108143091201782
5,Score_Refine,677,0.990571141242981
5,Score_Refine,678,1.001779556274414
5,Score_Refine,679,0.9942090511322021
5,Score_Refine,680,1.0054289102554321
5,Score_Refine,681,1.0108718872070312
5,Score_Refine,682,1.0065064430236816
5,Score_Refine,683,1.013794183731079
5,Score_Refine,684,1.0002723932266235
5,Score_Refine,685,0.987923264503479
5,Score_Refine,686,0.9849240779876709
5,Score_Refine,687,0.9972087144851685
5,Score_Refine,688,1.007605791091919
5,Score_Refine,689,0.992600679397583
5,Score_Refine,690,0.9966607093811035
5,Score_Refine,691,1.0042051076889038
5,Score_Refine,692,0.997579038143158
5,Score_Refine,693,0.9966732263565063
5,Score_Refine,694,0.9946746230125427
5,Score_Refine,695,1.0044587850570679
5,Score_Refine,696,0.9991230964660645
5,Score_Refine,697,1.0119571685791016
5,Score_Refine,698,0.9954622387886047
5,Score_Refine,699,1.0109014511108398
5,Score_Refine,700,0.9939637184143066
5,Score_Refine,701,0.9910178184509277
5,Score_Refine,702,1.0037662982940674
5,Score_Refine,703,0.991852879524231
5,Score_Refine,704,1.001665472984314
5,Score_Refine,705,0.9987059235572815
5,Score_Refine,706,0.9965126514434814
5,Score_Refine,707,0.9903682470321655
5,Score_Refine,708,0.996010959148407
5,Score_Refine,709,1.0085252523422241
5,Score_Refine,710,0.9945788979530334
5,Score_Refine,711,0.9905012845993042
5,Score_Refine,712,1.0173389911651611
5,Score_Refine,713,0.9933191537857056
5,Score_Refine,714,1.0075504779815674
5,Score_Refine,715,1.0053495168685913
5,Score_Refine,716,1.0009719133377075
5,Score_Refine,717,0.9918797016143799
5,Score_Refine,718,1.0165435075759888
5,Score_Refine,719,1.0056178569793701
5,Score_Refine,720,1.0044509172439575
5,Score_Refine,721,0.9979458451271057
5,Score_Refine,722,1.0081875324249268
5,Score_Refine,723,1.0022428035736084
5,Score_Refine,724,1.0102115869522095
5,Score_Refine,725,1.0006049871444702
5,Score_Refine,726,0.9927389025688171
5,Score_Refine,727,1.001374363899231
5,Score_Refine,728,1.0036033391952515
5,Score_Refine,729,0.9955103397369385
5,Score_Refine,730,1.0018125772476196
5,Score_Refine,731,0.9885118007659912
5,Score_Refine,732,0.997723400592804
5,Score_Refine,733,0.9990684390068054
5,Score_Refine,734,0.993080735206604
5,Score_Refine,735,0.9946599006652832
5,Score_Refine,736,1.0126508474349976
5,Score_Refine,737,0.9890405535697937
5,Score_Refine,738,1.0134189128875732
5,Score_Refine,739,0.9975047707557678
5,Score_Refine,740,0.9933246970176697
5,Score_Refine,741,0.9866127967834473
5,Score_Refine,742,1.007423758506775
5,Score_Refine,743,0.9915146827697754
5,Score_Refine,744,1.0189754962921143
5,Score_Refine,745,1.0027045011520386
5,Score_Refine,746,0.9772391319274902
5,Score_Refine,747,1.0047279596328735
5,Score_Refine,748,0.9929978847503662
5,Score_Refine,749,0.9859228730201721
5,Score_Refine,750,0.9886485934257507
5,Score_Refine,751,1.001114845275879
5,Score_Refine,752,0.9922948479652405
5,Score_Refine,753,0.9971503615379333
5,Score_Refine,754,0.9863114356994629
5,Score_Refine,755,0.9987882375717163
5,Score_Refine,756,0.9985190629959106
5,Score_Refine,757,0.9962067008018494
5,Score_Refine,758,0.9958047270774841
5,Score_Refine,759,1.0171829462051392
5,Score_Refine,760,0.9986986517906189
5,Score_Refine,761,0.9967286586761475
5,Score_Refine,762,1.0169525146484375
5,Score_Refine,763,1.0005078315734863
5,Score_Refine,764,1.0083539485931396
5,Score_Refine,765,0.9997059106826782
5,Score_Refine,766,1.0034523010253906
5,Score_Refine,767,1.007741928100586
5,Score_Refine,768,0.9973586797714233
5,Score_Refine,769,1.0102217197418213
5,Score_Refine,770,1.0068955421447754
5,Score_Refine,771,1.010258674621582
5,Score_Refine,772,1.0108356475830078
5,Score_Refine,773,0.9856279492378235
5,Score_Refine,774,1.0139342546463013
5,Score_Refine,775,0.9918601512908936
5,Score_Refine,776,0.9981564283370972
5,Score_Refine,777,0.9883056282997131
5,Score_Refine,778,1.0129139423370361
5,Score_Refine,779,0.9922401905059814
5,Score_Refine,780,1.0040905475616455
5,Score_Refine,781,1.0038096904754639
5,Score_Refine,782,0.9984268546104431
5,Score_Refine,783,1.0084794759750366
5,Score_Refine,784,1.0120748281478882
5,Score_Refine,785,0.9990224242210388
5,Score_Refine,786,0.9878841042518616
5,Score_Refine,787,0.9809979200363159
5,Score_Refine,788,1.0009146928787231
5,Score_Refine,789,0.9977333545684814
5,Score_Refine,790,1.0148766040802002
5,Score_Refine,791,0.9950244426727295
5,Score_Refine,792,1.0147520303726196
5,Score_Refine,793,1.0062463283538818
5,Score_Refine,794,1.010267734527588
5,Score_Refine,795,1.0064328908920288
5,Score_Refine,796,1.0091207027435303
5,Score_Refine,797,1.0225852727890015
5,Score_Refine,798,0.9903849363327026
5,Score_Refine,799,0.9930943846702576
5,Score_Refine,800,1.011543869972229
5,Score_Refine,801,1.0003671646118164
5,Score_Refine,802,1.0039644241333008
5,Score_Refine,803,0.9946020841598511
5,Score_Refine,804,0.9970529675483704
5,Score_Refine,805,1.004981279373169
5,Score_Refine,806,0.9915851354598999
5,Score_Refine,807,0.9912078976631165
5,Score_Refine,808,1.0062676668167114
5,Score_Refine,809,0.9945544004440308
5,Score_Refine,810,1.002962589263916
5,Score_Refine,811,1.012551188468933
5,Score_Refine,812,0.9876302480697632
5,Score_Refine,813,0.9932306408882141
5,Score_Refine,814,0.9883663654327393
5,Score_Refine,815,1.0009104013442993
5,Score_Refine,816,0.9962262511253357
5,Score_Refine,817,1.0030128955841064
5,Score_Refine,818,1.0002062320709229
5,Score_Refine,819,0.9926912188529968
5,Score_Refine,820,1.007502794265747
5,Score_Refine,821,0.9835816025733948
5,Score_Refine,822,0.9951690435409546
5,Score_Refine,823,0.9979696869850159
5,Score_Refine,824,1.0011255741119385
5,Score_Refine,825,1.0008436441421509
5,Score_Refine,826,0.998689591884613
5,Score_Refine,827,0.9943815469741821
5,Score_Refine,828,0.9878728985786438
5,Score_Refine,829,1.0115268230438232
5,Score_Refine,830,1.0027052164077759
5,Score_Refine,831,1.001785159111023
5,Score_Refine,832,1.0115690231323242
5,Score_Refine,833,1.0022205114364624
5,Score_Refine,834,0.9877127408981323
5,Score_Refine,835,0.9964526891708374
5,Score_Refine,836,0.9990029335021973
5,Score_Refine,837,0.9978855848312378
5,Score_Refine,838,1.0127314329147339
5,Score_Refine,839,0.9999784827232361
5,Score_Refine,840,0.9993833899497986
5,Score_Refine,841,1.0038325786590576
5,Score_Refine,842,0.994921863079071
5,Score_Refine,843,0.9898114204406738
5,Score_Refine,844,1.0149961709976196
5,Score_Refine,845,1.0050621032714844
5,Score_Refine,846,0.996253252029419
5,Score_Refine,847,1.0038882493972778
5,Score_Refine,848,0.9984709024429321
5,Score_Refine,849,1.0036424398422241
5,Score_Refine,850,1.004354476928711
5,Score_Refine,851,1.0145046710968018
5,Score_Refine,852,1.0032767057418823
5,Score_Refine,853,1.0041933059692383
5,Score_Refine,854,1.00102961063385
5,Score_Refine,855,0.988659679889679
5,Score_Refine,856,1.0007038116455078
5,Score_Refine,857,0.9977119565010071
5,Score_Refine,858,1.000645637512207
5,Score_Refine,859,0.9828325510025024
5,Score_Refine,860,1.0030206441879272
5,Score_Refine,861,0.9971193671226501
5,Score_Refine,862,0.9943971037864685
5,Score_Refine,863,1.002801537513733
5,Score_Refine,864,1.0079452991485596
5,Score_Refine,865,1.0096609592437744
5,Score_Refine,866,0.9963907599449158
5,Score_Refine,867,0.9963464140892029
5,Score_Refine,868,0.9998027682304382
5,Score_Refine,869,0.9934136867523193
5,Score_Refine,870,1.0049195289611816
5,Score_Refine,871,0.9977196455001831
5,Score_Refine,872,0.9849576354026794
5,Score_Refine,873,1.008750557899475
5,Score_Refine,874,0.9983722567558289
5,Score_Refine,875,0.9920743703842163
5,Score_Refine,876,1.0042343139648438
5,Score_Refine,877,1.0018017292022705
5,Score_Refine,878,0.9974123239517212
5,Score_Refine,879,0.9927651882171631
5,Score_Refine,880,0.9991682767868042
5,Score_Refine,881,1.0002110004425049
5,Score_Refine,882,1.0015411376953125
5,Score_Refine,883,0.9901522397994995
5,Score_Refine,884,0.9974644184112549
5,Score_Refine,885,0.992754340171814
5,Score_Refine,886,1.0108035802841187
5,Score_Refine,887,0.9895415306091309
5,Score_Refine,888,0.9988874793052673
5,Score_Refine,889,0.9963144063949585
5,Score_Refine,890,1.0039355754852295
5,Score_Refine,891,0.990850031375885
5,Score_Refine,892,1.0060296058654785
5,Score_Refine,893,0.9867784380912781
5,Score_Refine,894,1.0053741931915283
5,Score_Refine,895,1.0163758993148804
5,Score_Refine,896,0.991461992263794
5,Score_Refine,897,1.0014467239379883
5,Score_Refine,898,0.9946265816688538
5,Score_Refine,899,1.0047321319580078
5,Score_Refine,900,0.9894480109214783
5,Score_Refine,901,0.99770587682724
5,Score_Refine,902,0.989713191986084
5,Score_Refine,903,1.0200098752975464
5,Score_Refine,904,1.0030361413955688
5,Score_Refine,905,0.9963967800140381
5,Score_Refine,906,1.0080219507217407
5,Score_Refine,907,0.9954085350036621
5,Score_Refine,908,1.0045193433761597
5,Score_Refine,909,0.993581235408783
5,Score_Refine,910,0.9992992877960205
5,Score_Refine,911,0.9949197173118591
5,Score_Refine,912,0.9936772584915161
5,Score_Refine,913,0.9898285865783691
5,Score_Refine,914,1.015554666519165
5,Score_Refine,915,1.0016486644744873
5,Score_Refine,916,1.0046250820159912
5,Score_Refine,917,1.0014005899429321
5,Score_Refine,918,0.9916821122169495
5,Score_Refine,919,1.004699945449829
5,Score_Refine,920,1.012452244758606
5,Score_Refine,921,1.0115628242492676
5,Score_Refine,922,1.0038518905639648
5,Score_Refine,923,1.0047781467437744
5,Score_Refine,924,1.017247200012207
5,Score_Refine,925,0.9968727231025696
5,Score_Refine,926,1.0025372505187988
5,Score_Refine,927,1.0096280574798584
5,Score_Refine,928,1.0023677349090576
5,Score_Refine,929,1.000380277633667
5,Score_Refine,930,0.9871752262115479
5,Score_Refine,931,0.9923900365829468
5,Score_Refine,932,0.9969843626022339
5,Score_Refine,933,1.0001503229141235
5,Score_Refine,934,0.9829913973808289
5,Score_Refine,935,0.9875829219818115
5,Score_Refine,936,1.0019713640213013
5,Score_Refine,937,1.0002654790878296
5,Score_Refine,938,1.0034027099609375
5,Score_Refine,939,0.998603105545044
5,Score_Refine,940,1.0047101974487305
5,Score_Refine,941,0.9872016310691833
5,Score_Refine,942,1.0053986310958862
5,Score_Refine,943,0.9990320801734924
5,Score_Refine,944,0.9938492774963379
5,Score_Refine,945,1.0026229619979858
5,Score_Refine,946,0.9900745153427124
5,Score_Refine,947,0.996078372001648
5,Score_Refine,948,1.0070472955703735
5,Score_Refine,949,0.9998269081115723
5,Score_Refine,950,0.9938257932662964
5,Score_Refine,951,0.9977341294288635
5,Score_Refine,952,1.0028374195098877
5,Score_Refine,953,0.9752647876739502
5,Score_Refine,954,1.001164197921753
5,Score_Refine,955,1.0023902654647827
5,Score_Refine,956,1.0049867630004883
5,Score_Refine,957,1.004199743270874
5,Score_Refine,958,0.9997543096542358
5,Score_Refine,959,1.0049151182174683
5,Score_Refine,960,0.9880698919296265
5,Score_Refine,961,1.0068954229354858
5,Score_Refine,962,0.9953542947769165
5,Score_Refine,963,0.9840891361236572
5,Score_Refine,964,1.0038903951644897
5,Score_Refine,965,0.998979926109314
5,Score_Refine,966,1.007007360458374
5,Score_Refine,967,1.026079535484314
5,Score_Refine,968,0.987777590751648
5,Score_Refine,969,0.9914416670799255
5,Score_Refine,970,0.9953017830848694
5,Score_Refine,971,0.9948912262916565
5,Score_Refine,972,1.0027186870574951
5,Score_Refine,973,1.0068458318710327
5,Score_Refine,974,1.0079896450042725
5,Score_Refine,975,0.9974164366722107
5,Score_Refine,976,0.9938063025474548
5,Score_Refine,977,1.002800703048706
5,Score_Refine,978,1.0030473470687866
5,Score_Refine,979,0.9925345182418823
5,Score_Refine,980,0.9951921105384827
5,Score_Refine,981,0.9883870482444763
5,Score_Refine,982,1.0114816427230835
5,Score_Refine,983,0.9954250454902649
5,Score_Refine,984,1.0038048028945923
5,Score_Refine,985,0.9855087399482727
5,Score_Refine,986,1.0034983158111572
5,Score_Refine,987,0.9838945269584656
5,Score_Refine,988,0.9951959848403931
5,Score_Refine,989,1.003601312637329
5,Score_Refine,990,1.000604510307312
5,Score_Refine,991,0.998929500579834
5,Score_Refine,992,0.9873117804527283
5,Score_Refine,993,0.9805353879928589
5,Score_Refine,994,1.004162073135376
5,Score_Refine,995,0.9954149127006531
5,Score_Refine,996,0.9985378384590149
5,Score_Refine,997,0.9924505949020386
5,Score_Refine,998,1.0081428289413452
5,Score_Refine,999,1.000480055809021
5,Score_Refine,1000,1.002590298652649
5,Score_Refine,1001,0.9905673265457153
5,Score_Refine,1002,1.002566933631897
5,Score_Refine,1003,1.0066951513290405
5,Score_Refine,1004,0.9961211681365967
5,Score_Refine,1005,1.0081088542938232
5,Score_Refine,1006,1.001038670539856
5,Score_Refine,1007,1.0100024938583374
5,Score_Refine,1008,0.9885916709899902
5,Score_Refine,1009,0.9842636585235596
5,Score_Refine,1010,0.994003176689148
5,Score_Refine,1011,0.991452157497406
5,Score_Refine,1012,1.0143123865127563
5,Score_Refine,1013,0.9948400855064392
5,Score_Refine,1014,0.9981971383094788
5,Score_Refine,1015,0.9943562746047974
5,Score_Refine,1016,1.0144016742706299
5,Score_Refine,1017,0.9896817207336426
5,Score_Refine,1018,1.0135338306427002
5,Score_Refine,1019,1.003211498260498
5,Score_Refine,1020,0.9897869229316711
5,Score_Refine,1021,0.9978417754173279
5,Score_Refine,1022,0.9924301505088806
5,Score_Refine,1023,0.9936513304710388
5,Score_Refine,1024,0.9987075924873352
5,Score_Refine,1025,0.9933127164840698
5,Score_Refine,1026,0.9833846092224121
5,Score_Refine,1027,0.9989415407180786
5,Score_Refine,1028,0.9942600727081299
5,Score_Refine,1029,0.98712557554245
5,Score_Refine,1030,1.0141165256500244
5,Score_Refine,1031,1.0129703283309937
5,Score_Refine,1032,0.9844407439231873
5,Score_Refine,1033,0.9970041513442993
5,Score_Refine,1034,1.019871711730957
5,Score_Refine,1035,1.000579833984375
5,Score_Refine,1036,1.006496787071228
5,Score_Refine,1037,0.9852535724639893
5,Score_Refine,1038,0.997843325138092
5,Score_Refine,1039,1.0053883790969849
5,Score_Refine,1040,1.0004279613494873
5,Score_Refine,1041,0.9919666051864624
5,Score_Refine,1042,0.9761549234390259
5,Score_Refine,1043,0.9901525378227234
5,Score_Refine,1044,0.9883459806442261
5,Score_Refine,1045,1.0010175704956055
5,Score_Refine,1046,1.0041322708129883
5,Score_Refine,1047,0.9971945285797119
5,Score_Refine,1048,1.0059245824813843
5,Score_Refine,1049,1.0016947984695435
5,Score_Refine,1050,0.9907269477844238
5,Score_Refine,1051,1.002301812171936
5,Score_Refine,1052,0.9972364902496338
5,Score_Refine,1053,1.000560998916626
5,Score_Refine,1054,0.985754132270813
5,Score_Refine,1055,1.00242280960083
5,Score_Refine,1056,0.999281644821167
5,Score_Refine,1057,1.0016965866088867
5,Score_Refine,1058,0.99179607629776
5,Score_Refine,1059,1.012831687927246
5,Score_Refine,1060,0.9928159117698669
5,Score_Refine,1061,0.9959549307823181
5,Score_Refine,1062,1.0037405490875244
5,Score_Refine,1063,0.9990565776824951
5,Score_Refine,1064,1.007789969444275
5,Score_Refine,1065,0.9964635372161865
5,Score_Refine,1066,0.9999040365219116
5,Score_Refine,1067,0.9991497993469238
5,Score_Refine,1068,0.9833645224571228
5,Score_Refine,1069,1.0138357877731323
5,Score_Refine,1070,0.9822661876678467
5,Score_Refine,1071,1.0061671733856201
5,Score_Refine,1072,0.9950522184371948
5,Score_Refine,1073,1.0058485269546509
5,Score_Refine,1074,1.0014983415603638
5,Score_Refine,1075,0.9970219135284424
5,Score_Refine,1076,0.9926194548606873
5,Score_Refine,1077,0.9956768155097961
5,Score_Refine,1078,0.993806004524231
5,Score_Refine,1079,0.992112934589386
5,Score_Refine,1080,0.9926724433898926
5,Score_Refine,1081,1.0128724575042725
5,Score_Refine,1082,0.9967344999313354
5,Score_Refine,1083,0.9985410571098328
5,Score_Refine,1084,0.99876868724823
5,Score_Refine,1085,1.0005970001220703
5,Score_Refine,1086,0.9942337274551392
5,Score_Refine,1087,0.9971904158592224
5,Score_Refine,1088,1.0034781694412231
5,Score_Refine,1089,1.010428786277771
5,Score_Refine,1090,1.0062580108642578
5,Score_Refine,1091,1.0037435293197632
5,Score_Refine,1092,1.0016562938690186
5,Score_Refine,1093,0.9963473081588745
5,Score_Refine,1094,1.0058698654174805
5,Score_Refine,1095,0.9939981698989868
5,Score_Refine,1096,1.0088727474212646
5,Score_Refine,1097,1.0013424158096313
5,Score_Refine,1098,1.0063741207122803
5,Score_Refine,1099,0.9844704866409302
5,Score_Refine,1100,1.0068466663360596
5,Score_Refine,1101,0.9981474876403809
5,Score_Refine,1102,1.0014785528182983
5,Score_Refine,1103,0.99283367395401
5,Score_Refine,1104,0.9987058043479919
5,Score_Refine,1105,1.0099983215332031
5,Score_Refine,1106,1.004435658454895
5,Score_Refine,1107,1.0000532865524292
5,Score_Refine,1108,1.0084831714630127
5,Score_Refine,1109,1.0032165050506592
5,Score_Refine,1110,0.9975135922431946
5,Score_Refine,1111,0.9959298968315125
5,Score_Refine,1112,0.9917175769805908
5,Score_Refine,1113,0.985409140586853
5,Score_Refine,1114,1.0140340328216553
5,Score_Refine,1115,1.01265549659729
5,Score_Refine,1116,0.9985148906707764
5,Score_Refine,1117,0.9963406920433044
5,Score_Refine,1118,0.9948942065238953
5,Score_Refine,1119,0.9894527792930603
5,Score_Refine,1120,1.0080660581588745
5,Score_Refine,1121,1.0079622268676758
5,Score_Refine,1122,0.9970219135284424
5,Score_Refine,1123,0.9923539161682129
5,Score_Refine,1124,0.9907842874526978
5,Score_Refine,1125,1.0228054523468018
5,Score_Refine,1126,0.9904481172561646
5,Score_Refine,1127,0.9911887645721436
5,Score_Refine,1128,1.000414252281189
5,Score_Refine,1129,0.9957516193389893
5,Score_Refine,1130,1.0000591278076172
5,Score_Refine,1131,1.0027515888214111
5,Score_Refine,1132,1.0055665969848633
5,Score_Refine,1133,0.9963334798812866
5,Score_Refine,1134,0.9938628673553467
5,Score_Refine,1135,1.0075950622558594
5,Score_Refine,1136,1.012250542640686
5,Score_Refine,1137,1.0073667764663696
5,Score_Refine,1138,1.0098764896392822
5,Score_Refine,1139,0.985283374786377
5,Score_Refine,1140,1.0125243663787842
5,Score_Refine,1141,0.9841971397399902
5,Score_Refine,1142,1.0093938112258911
5,Score_Refine,1143,1.0037693977355957
5,Score_Refine,1144,1.000658392906189
5,Score_Refine,1145,1.0073673725128174
5,Score_Refine,1146,0.9949650168418884
5,Score_Refine,1147,1.0003758668899536
5,Score_Refine,1148,0.9992340207099915
5,Score_Refine,1149,0.9990664720535278
5,Score_Refine,1150,0.9964169859886169
5,Score_Refine,1151,1.0023549795150757
5,Score_Refine,1152,0.9906595945358276
5,Score_Refine,1153,0.9916818141937256
5,Score_Refine,1154,0.9934331774711609
5,Score_Refine,1155,0.9984123706817627
5,Score_Refine,1156,1.002132773399353
5,Score_Refine,1157,0.9948480129241943
5,Score_Refine,1158,0.9987536072731018
5,Score_Refine,1159,1.0165002346038818
5,Score_Refine,1160,0.9937344193458557
5,Score_Refine,1161,1.0069808959960938
5,Score_Refine,1162,0.9944148659706116
5,Score_Refine,1163,0.9988559484481812
5,Score_Refine,1164,1.0074785947799683
5,Score_Refine,1165,0.9917377233505249
5,Score_Refine,1166,1.0079739093780518
5,Score_Refine,1167,1.012241244316101
5,Score_Refine,1168,0.997727632522583
5,Score_Refine,1169,0.9890047311782837
5,Score_Refine,1170,0.9960960149765015
5,Score_Refine,1171,1.0140085220336914
5,Score_Refine,1172,0.9998300075531006
5,Score_Refine,1173,0.9940090775489807
5,Score_Refine,1174,0.9949113726615906
5,Score_Refine,1175,1.003857970237732
5,Score_Refine,1176,0.9965908527374268
5,Score_Refine,1177,1.0112956762313843
5,Score_Refine,1178,0.9881622195243835
5,Score_Refine,1179,1.0080108642578125
5,Score_Refine,1180,0.9993650317192078
5,Score_Refine,1181,1.0034962892532349
5,Score_Refine,1182,0.9981046915054321
5,Score_Refine,1183,0.9870587587356567
5,Score_Refine,1184,1.0009196996688843
5,Score_Refine,1185,1.002570390701294
5,Score_Refine,1186,0.9999454617500305
5,Score_Refine,1187,0.9961161017417908
5,Score_Refine,1188,0.9949408769607544
5,Score_Refine,1189,1.0048484802246094
5,Score_Refine,1190,1.0027878284454346
5,Score_Refine,1191,0.9893736243247986
5,Score_Refine,1192,1.0042110681533813
5,Score_Refine,1193,1.0043293237686157
5,Score_Refine,1194,0.9932094216346741
5,Score_Refine,1195,1.0129996538162231
5,Score_Refine,1196,0.9970135688781738
5,Score_Refine,1197,0.9914824962615967
5,Score_Refine,1198,0.9999741315841675
5,Score_Refine,1199,0.9934772849082947
5,Score_Refine,1200,1.011300802230835
5,Score_Refine,1201,0.9938967227935791
5,Score_Refine,1202,1.0010833740234375
5,Score_Refine,1203,0.9953857064247131
5,Score_Refine,1204,1.0064945220947266
5,Score_Refine,1205,1.0001873970031738
5,Score_Refine,1206,0.9988626837730408
5,Score_Refine,1207,0.9923854470252991
5,Score_Refine,1208,0.9886478185653687
5,Score_Refine,1209,1.0045640468597412
5,Score_Refine,1210,0.9866596460342407
5,Score_Refine,1211,0.9977840185165405
5,Score_Refine,1212,0.9985181093215942
5,Score_Refine,1213,1.0000494718551636
5,Score_Refine,1214,0.9985560178756714
5,Score_Refine,1215,0.9858854413032532
5,Score_Refine,1216,1.010553240776062
5,Score_Refine,1217,0.9841331243515015
5,Score_Refine,1218,0.9953063726425171
5,Score_Refine,1219,0.9979701042175293
5,Score_Refine,1220,0.9901783466339111
5,Score_Refine,1221,0.9958609342575073
5,Score_Refine,1222,1.0118192434310913
5,Score_Refine,1223,1.00711190700531
5,Score_Refine,1224,1.0088156461715698
5,Score_Refine,1225,1.0047543048858643
5,Score_Refine,1226,1.0068751573562622
5,Score_Refine,1227,1.0065361261367798
5,Score_Refine,1228,0.9960732460021973
5,Score_Refine,1229,0.9820431470870972
5,Score_Refine,1230,1.005255103111267
5,Score_Refine,1231,1.0036941766738892
5,Score_Refine,1232,0.9915274977684021
5,Score_Refine,1233,1.0053322315216064
5,Score_Refine,1234,0.9982146620750427
5,Score_Refine,1235,0.9947269558906555
5,Score_Refine,1236,0.9922260046005249
5,Score_Refine,1237,0.9834206104278564
5,Score_Refine,1238,0.9954992532730103
5,Score_Refine,1239,0.9942494630813599
5,Score_Refine,1240,1.0054196119308472
5,Score_Refine,1241,1.0064085721969604
5,Score_Refine,1242,0.9868915677070618
5,Score_Refine,1243,0.9751558899879456
5,Score_Refine,1244,0.9791989922523499
5,Score_Refine,1245,0.998139500617981
5,Score_Refine,1246,0.9892315864562988
5,Score_Refine,1247,0.991958498954773
5,Score_Refine,1248,0.992767870426178
5,Score_Refine,1249,0.9992947578430176
5,Score_Refine,1250,1.0023632049560547
5,Score_Refine,1251,0.9856377243995667
5,Score_Refine,1252,0.9937535524368286
5,Score_Refine,1253,1.0007030963897705
5,Score_Refine,1254,1.0020380020141602
5,Score_Refine,1255,0.9909558296203613
5,Score_Refine,1256,0.9987921714782715
5,Score_Refine,1257,0.9944910407066345
5,Score_Refine,1258,1.0015381574630737
5,Score_Refine,1259,0.9913175702095032
5,Score_Refine,1260,1.0090835094451904
5,Score_Refine,1261,1.0005123615264893
5,Score_Refine,1262,1.0002161264419556
5,Score_Refine,1263,1.0044649839401245
5,Score_Refine,1264,0.9900510907173157
5,Score_Refine,1265,1.0008543729782104
5,Score_Refine,1266,1.0066826343536377
5,Score_Refine,1267,1.0121773481369019
5,Score_Refine,1268,0.9957559704780579
5,Score_Refine,1269,0.9903889894485474
5,Score_Refine,1270,0.9895142912864685
5,Score_Refine,1271,0.9956530928611755
5,Score_Refine,1272,0.9969626665115356
5,Score_Refine,1273,1.0092426538467407
5,Score_Refine,1274,0.9977203011512756
5,Score_Refine,1275,1.00276780128479
5,Score_Refine,1276,0.9989125728607178
5,Score_Refine,1277,0.9929408431053162
5,Score_Refine,1278,0.9901765584945679
5,Score_Refine,1279,1.0073219537734985
5,Score_Refine,1280,1.009803056716919
5,Score_Refine,1281,0.991952121257782
5,Score_Refine,1282,1.0008646249771118
5,Score_Refine,1283,0.9787566661834717
5,Score_Refine,1284,1.0021122694015503
5,Score_Refine,1285,0.9886795282363892
5,Score_Refine,1286,1.0065966844558716
5,Score_Refine,1287,0.9993741512298584
5,Score_Refine,1288,1.0008435249328613
5,Score_Refine,1289,1.006237268447876
5,Score_Refine,1290,0.9979226589202881
5,Score_Refine,1291,1.0129992961883545
5,Score_Refine,1292,0.9989109635353088
5,Score_Refine,1293,1.0019547939300537
5,Score_Refine,1294,1.0016734600067139
5,Score_Refine,1295,0.988058865070343
5,Score_Refine,1296,1.0080480575561523
5,Score_Refine,1297,1.0004982948303223
5,Score_Refine,1298,0.9943651556968689
5,Score_Refine,1299,1.0003728866577148
5,Score_Refine,1300,0.9894309043884277
5,Score_Refine,1301,0.9901124238967896
5,Score_Refine,1302,1.0056354999542236
5,Score_Refine,1303,1.0015180110931396
5,Score_Refine,1304,0.9931172132492065
5,Score_Refine,1305,0.9958628416061401
5,Score_Refine,1306,1.0099395513534546
5,Score_Refine,1307,1.007667064666748
5,Score_Refine,1308,1.0032594203948975
5,Score_Refine,1309,0.9937913417816162
5,Score_Refine,1310,0.9919200539588928
5,Score_Refine,1311,1.000336766242981
5,Score_Refine,1312,1.0026018619537354
5,Score_Refine,1313,0.9950537085533142
5,Score_Refine,1314,0.9982857704162598
5,Score_Refine,1315,1.014668583869934
5,Score_Refine,1316,1.0005630254745483
5,Score_Refine,1317,0.990619421005249
5,Score_Refine,1318,1.0082788467407227
5,Score_Refine,1319,0.9910848736763
5,Score_Refine,1320,1.003682255744934
5,Score_Refine,1321,0.9976340532302856
5,Score_Refine,1322,0.992731511592865
5,Score_Refine,1323,0.9866829514503479
5,Score_Refine,1324,1.0105326175689697
5,Score_Refine,1325,1.0090795755386353
5,Score_Refine,1326,0.9983579516410828
5,Score_Refine,1327,1.0036964416503906
5,Score_Refine,1328,0.9980846047401428
5,Score_Refine,1329,1.002107858657837
5,Score_Refine,1330,0.988896906375885
5,Score_Refine,1331,0.9922165870666504
5,Score_Refine,1332,1.0021916627883911
5,Score_Refine,1333,1.017530918121338
5,Score_Refine,1334,0.9956933856010437
5,Score_Refine,1335,0.974139928817749
5,Score_Refine,1336,0.99600750207901
5,Score_Refine,1337,1.0025928020477295
5,Score_Refine,1338,1.0141023397445679
5,Score_Refine,1339,1.0004521608352661
5,Score_Refine,1340,0.9899303913116455
5,Score_Refine,1341,1.038325548171997
5,Score_Refine,1342,0.9975536465644836
5,Score_Refine,1343,1.0094106197357178
5,Score_Refine,1344,0.9984652996063232
5,Score_Refine,1345,1.003808617591858
5,Score_Refine,1346,0.9951296448707581
5,Score_Refine,1347,1.000024676322937
5,Score_Refine,1348,1.0002659559249878
5,Score_Refine,1349,0.9835222959518433
5,Score_Refine,1350,1.0046169757843018
5,Score_Refine,1351,1.0019763708114624
5,Score_Refine,1352,0.9851171374320984
5,Score_Refine,1353,0.9921631813049316
5,Score_Refine,1354,1.0145537853240967
5,Score_Refine,1355,1.0163440704345703
5,Score_Refine,1356,0.9922565221786499
5,Score_Refine,1357,0.9952110648155212
5,Score_Refine,1358,1.0005691051483154
5,Score_Refine,1359,1.0056926012039185
5,Score_Refine,1360,1.0012060403823853
5,Score_Refine,1361,0.9970876574516296
5,Score_Refine,1362,0.9921675324440002
5,Score_Refine,1363,1.0004758834838867
5,Score_Refine,1364,1.0107234716415405
5,Score_Refine,1365,0.9890683889389038
5,Score_Refine,1366,1.0079809427261353
5,Score_Refine,1367,1.0006369352340698
5,Score_Refine,1368,1.0066900253295898
5,Score_Refine,1369,0.9896548986434937
5,Score_Refine,1370,0.9873368740081787
5,Score_Refine,1371,1.0100767612457275
5,Score_Refine,1372,1.0013952255249023
5,Score_Refine,1373,0.9908660650253296
5,Score_Refine,1374,1.0109400749206543
5,Score_Refine,1375,0.9923291206359863
5,Score_Refine,1376,1.0045019388198853
5,Score_Refine,1377,0.9999626874923706
5,Score_Refine,1378,1.003280758857727
5,Score_Refine,1379,0.9905453324317932
5,Score_Refine,1380,0.993391215801239
5,Score_Refine,1381,1.0168168544769287
5,Score_Refine,1382,1.006540298461914
5,Score_Refine,1383,1.01152765750885
5,Score_Refine,1384,0.9810707569122314
5,Score_Refine,1385,1.0181702375411987
5,Score_Refine,1386,1.0023314952850342
5,Score_Refine,1387,0.9862445592880249
5,Score_Refine,1388,0.9996006488800049
5,Score_Refine,1389,0.9951907992362976
5,Score_Refine,1390,1.0072367191314697
5,Score_Refine,1391,0.9910114407539368
5,Score_Refine,1392,1.005264401435852
5,Score_Refine,1393,1.0033897161483765
5,Score_Refine,1394,0.9862902164459229
5,Score_Refine,1395,0.9893171191215515
5,Score_Refine,1396,0.9941971302032471
5,Score_Refine,1397,0.9971390962600708
5,Score_Refine,1398,1.003685474395752
5,Score_Refine,1399,1.0056345462799072
5,Score_Refine,1400,0.9949198365211487
5,Score_Refine,1401,1.0059170722961426
5,Score_Refine,1402,0.997310221195221
5,Score_Refine,1403,0.9930620789527893
5,Score_Refine,1404,1.0110070705413818
5,Score_Refine,1405,0.9986032247543335
5,Score_Refine,1406,1.0079582929611206
5,Score_Refine,1407,1.0095046758651733
5,Score_Refine,1408,1.0135318040847778
5,Score_Refine,1409,1.0008971691131592
5,Score_Refine,1410,0.9986677765846252
5,Score_Refine,1411,0.9976094961166382
5,Score_Refine,1412,0.9998637437820435
5,Score_Refine,1413,0.9901780486106873
5,Score_Refine,1414,1.0022674798965454
5,Score_Refine,1415,0.9920548796653748
5,Score_Refine,1416,0.9998949766159058
5,Score_Refine,1417,0.9861925840377808
5,Score_Refine,1418,0.9910560250282288
5,Score_Refine,1419,0.9866083860397339
5,Score_Refine,1420,1.0090305805206299
5,Score_Refine,1421,0.9941224455833435
5,Score_Refine,1422,0.996782660484314
5,Score_Refine,1423,0.9801541566848755
5,Score_Refine,1424,0.9928230047225952
5,Score_Refine,1425,1.0058830976486206
5,Score_Refine,1426,1.0010130405426025
5,Score_Refine,1427,1.0010356903076172
5,Score_Refine,1428,0.995684027671814
5,Score_Refine,1429,1.0110470056533813
5,Score_Refine,1430,1.0005956888198853
5,Score_Refine,1431,0.9915026426315308
5,Score_Refine,1432,0.9988027811050415
5,Score_Refine,1433,1.0103846788406372
5,Score_Refine,1434,1.0011851787567139
5,Score_Refine,1435,1.0132386684417725
5,Score_Refine,1436,0.9984382390975952
5,Score_Refine,1437,1.0058234930038452
5,Score_Refine,1438,0.9889366030693054
5,Score_Refine,1439,0.9912749528884888
5,Score_Refine,1440,1.0126022100448608
5,Score_Refine,1441,1.0079913139343262
5,Score_Refine,1442,0.998481810092926
5,Score_Refine,1443,1.0002893209457397
5,Score_Refine,1444,1.0042061805725098
5,Score_Refine,1445,0.9958080053329468
5,Score_Refine,1446,1.0016216039657593
5,Score_Refine,1447,1.0099502801895142
5,Score_Refine,1448,0.9866309762001038
5,Score_Refine,1449,0.9820717573165894
5,Score_Refine,1450,0.9883936047554016
5,Score_Refine,1451,0.999172031879425
5,Score_Refine,1452,1.0021429061889648
5,Score_Refine,1453,1.0057237148284912
5,Score_Refine,1454,0.9930809140205383
5,Score_Refine,1455,0.9915449023246765
5,Score_Refine,1456,1.0104211568832397
5,Score_Refine,1457,1.0111424922943115
5,Score_Refine,1458,0.9915960431098938
5,Score_Refine,1459,0.9948437213897705
5,Score_Refine,1460,0.9896805286407471
5,Score_Refine,1461,0.995903491973877
5,Score_Refine,1462,0.9905603528022766
5,Score_Refine,1463,0.9948772192001343
5,Score_Refine,1464,1.022194266319275
5,Score_Refine,1465,1.0003584623336792
5,Score_Refine,1466,1.006278395652771
5,Score_Refine,1467,0.9994300603866577
5,Score_Refine,1468,0.9984967708587646
5,Score_Refine,1469,0.9972706437110901
5,Score_Refine,1470,0.9970719814300537
5,Score_Refine,1471,1.008049726486206
5,Score_Refine,1472,0.9971615076065063
5,Score_Refine,1473,1.0046005249023438
5,Score_Refine,1474,0.9901050329208374
5,Score_Refine,1475,0.9985439777374268
5,Score_Refine,1476,0.9932191371917725
5,Score_Refine,1477,1.0097460746765137
5,Score_Refine,1478,1.011013388633728
5,Score_Refine,1479,0.9966611266136169
5,Score_Refine,1480,0.9948477745056152
5,Score_Refine,1481,1.015040397644043
5,Score_Refine,1482,0.9945784211158752
5,Score_Refine,1483,1.010345458984375
5,Score_Refine,1484,1.002267599105835
5,Score_Refine,1485,1.0032058954238892
5,Score_Refine,1486,1.0108301639556885
5,Score_Refine,1487,0.9971243143081665
5,Score_Refine,1488,0.9897770881652832
5,Score_Refine,1489,1.0146348476409912
5,Score_Refine,1490,1.0003092288970947
5,Score_Refine,1491,1.0057095289230347
5,Score_Refine,1492,1.003693699836731
5,Score_Refine,1493,0.9891975522041321
5,Score_Refine,1494,0.9891581535339355
5,Score_Refine,1495,0.9913721680641174
5,Score_Refine,1496,1.0150151252746582
5,Score_Refine,1497,0.9924277067184448
5,Score_Refine,1498,0.9884688854217529
5,Score_Refine,1499,1.0038429498672485
5,Score_Refine,1500,0.9967333078384399
5,Score_Refine,1501,1.0165112018585205
5,Score_Refine,1502,1.0166130065917969
5,Score_Refine,1503,1.002495527267456
5,Score_Refine,1504,0.9864518642425537
5,Score_Refine,1505,1.0045533180236816
5,Score_Refine,1506,0.99571692943573
5,Score_Refine,1507,1.0010747909545898
5,Score_Refine,1508,0.9978541135787964
5,Score_Refine,1509,1.011072039604187
5,Score_Refine,1510,0.9944090247154236
5,Score_Refine,1511,0.9970853924751282
5,Score_Refine,1512,1.0125805139541626
5,Score_Refine,1513,1.0171501636505127
5,Score_Refine,1514,1.0111371278762817
5,Score_Refine,1515,1.0050407648086548
5,Score_Refine,1516,1.0040154457092285
5,Score_Refine,1517,1.0017577409744263
5,Score_Refine,1518,1.0082836151123047
5,Score_Refine,1519,1.0017458200454712
5,Score_Refine,1520,1.002694845199585
5,Score_Refine,1521,1.0133568048477173
5,Score_Refine,1522,0.9847228527069092
5,Score_Refine,1523,0.9963335394859314
5,Score_Refine,1524,0.9840717911720276
5,Score_Refine,1525,0.9921106100082397
5,Score_Refine,1526,0.995606005191803
5,Score_Refine,1527,1.0028785467147827
5,Score_Refine,1528,0.9997636675834656
5,Score_Refine,1529,1.0000797510147095
5,Score_Refine,1530,0.9963968396186829
5,Score_Refine,1531,1.0078421831130981
5,Score_Refine,1532,1.0059900283813477
5,Score_Refine,1533,1.0071109533309937
5,Score_Refine,1534,1.0000898838043213
5,Score_Refine,1535,0.9988342523574829
5,Score_Refine,1536,0.9981592893600464
5,Score_Refine,1537,0.983113706111908
5,Score_Refine,1538,1.0024992227554321
5,Score_Refine,1539,1.005226969718933
5,Score_Refine,1540,0.9931425452232361
5,Score_Refine,1541,0.9936085343360901
5,Score_Refine,1542,0.9962871670722961
5,Score_Refine,1543,1.002816915512085
5,Score_Refine,1544,1.002087116241455
5,Score_Refine,1545,1.0098546743392944
5,Score_Refine,1546,0.9944366812705994
5,Score_Refine,1547,0.9964836239814758
5,Score_Refine,1548,1.0037612915039062
5,Score_Refine,1549,1.0052740573883057
5,Score_Refine,1550,0.9930991530418396
5,Score_Refine,1551,1.0005285739898682
5,Score_Refine,1552,1.0063921213150024
5,Score_Refine,1553,0.991844654083252
5,Score_Refine,1554,0.999657154083252
5,Score_Refine,1555,1.0076664686203003
5,Score_Refine,1556,0.9764599800109863
5,Score_Refine,1557,0.9996995329856873
5,Score_Refine,1558,0.9939640760421753
5,Score_Refine,1559,0.9986556768417358
5,Score_Refine,1560,0.995788037776947
5,Score_Refine,1561,1.0110499858856201
5,Score_Refine,1562,0.9949348568916321
5,Score_Refine,1563,0.9927252531051636
5,Score_Refine,1564,1.0076404809951782
5,Score_Refine,1565,0.995638370513916
5,Score_Refine,1566,1.0099766254425049
5,Score_Refine,1567,1.0066235065460205
5,Score_Refine,1568,1.003851056098938
5,Score_Refine,1569,1.0011951923370361
5,Score_Refine,1570,1.0057799816131592
5,Score_Refine,1571,1.0107340812683105
5,Score_Refine,1572,1.0054081678390503
5,Score_Refine,1573,0.9966758489608765
5,Score_Refine,1574,1.0105011463165283
5,Score_Refine,1575,0.990831196308136
5,Score_Refine,1576,0.9857308864593506
5,Score_Refine,1577,0.9980956315994263
5,Score_Refine,1578,1.00038743019104
5,Score_Refine,1579,0.9822672605514526
5,Score_Refine,1580,0.9979067444801331
5,Score_Refine,1581,1.0106149911880493
5,Score_Refine,1582,0.9962799549102783
5,Score_Refine,1583,1.0146750211715698
5,Score_Refine,1584,1.003130316734314
5,Score_Refine,1585,0.9917909502983093
5,Score_Refine,1586,1.0048751831054688
5,Score_Refine,1587,1.0028603076934814
5,Score_Refine,1588,0.9939043521881104
5,Score_Refine,1589,0.9977981448173523
5,Score_Refine,1590,1.0058320760726929
5,Score_Refine,1591,0.991461992263794
5,Score_Refine,1592,1.0091873407363892
5,Score_Refine,1593,0.9977867603302002
5,Score_Refine,1594,0.9997169971466064
5,Score_Refine,1595,0.9741511940956116
5,Score_Refine,1596,0.9941551089286804
5,Score_Refine,1597,0.9935383200645447
5,Score_Refine,1598,0.9987422227859497
5,Score_Refine,1599,1.0050623416900635
5,Score_Refine,1600,0.9995681643486023
5,Score_Refine,1601,1.0013439655303955
5,Score_Refine,1602,1.0051546096801758
5,Score_Refine,1603,1.0149521827697754
5,Score_Refine,1604,1.0070520639419556
5,Score_Refine,1605,0.9841941595077515
5,Score_Refine,1606,0.9837399125099182
5,Score_Refine,1607,1.0071123838424683
5,Score_Refine,1608,1.0035974979400635
5,Score_Refine,1609,1.0067898035049438
5,Score_Refine,1610,1.0098785161972046
5,Score_Refine,1611,0.991604745388031
5,Score_Refine,1612,0.9948818683624268
5,Score_Refine,1613,1.0048673152923584
5,Score_Refine,1614,0.9892556667327881
5,Score_Refine,1615,1.006285309791565
5,Score_Refine,1616,0.998857319355011
5,Score_Refine,1617,1.0109798908233643
5,Score_Refine,1618,0.9902454018592834
5,Score_Refine,1619,0.9892206788063049
5,Score_Refine,1620,0.9961645007133484
5,Score_Refine,1621,0.9898172616958618
5,Score_Refine,1622,1.0036967992782593
5,Score_Refine,1623,1.0010745525360107
5,Score_Refine,1624,0.9986703395843506
5,Score_Refine,1625,0.9778605699539185
5,Score_Refine,1626,0.9949235320091248
5,Score_Refine,1627,0.996921718120575
5,Score_Refine,1628,1.0031569004058838
5,Score_Refine,1629,0.9971402883529663
5,Score_Refine,1630,1.0059783458709717
5,Score_Refine,1631,1.0050926208496094
5,Score_Refine,1632,1.000544786453247
5,Score_Refine,1633,1.0008935928344727
5,Score_Refine,1634,0.997204601764679
5,Score_Refine,1635,0.9948534369468689
5,Score_Refine,1636,0.9889750480651855
5,Score_Refine,1637,0.98665851354599
5,Score_Refine,1638,1.002312421798706
5,Score_Refine,1639,1.0024203062057495
5,Score_Refine,1640,1.000870943069458
5,Score_Refine,1641,1.0168861150741577
5,Score_Refine,1642,1.003901720046997
5,Score_Refine,1643,1.0099728107452393
5,Score_Refine,1644,0.9971234798431396
5,Score_Refine,1645,0.9954982399940491
5,Score_Refine,1646,1.0096158981323242
5,Score_Refine,1647,1.0109065771102905
5,Score_Refine,1648,0.9993516206741333
5,Score_Refine,1649,0.9974400997161865
5,Score_Refine,1650,0.9964976906776428
5,Score_Refine,1651,0.993283212184906
5,Score_Refine,1652,1.0097817182540894
5,Score_Refine,1653,0.9897663593292236
5,Score_Refine,1654,1.0067429542541504
5,Score_Refine,1655,0.990686297416687
5,Score_Refine,1656,0.9871898293495178
5,Score_Refine,1657,0.9941534399986267
5,Score_Refine,1658,0.9996137022972107
5,Score_Refine,1659,0.9920291304588318
5,Score_Refine,1660,1.0024563074111938
5,Score_Refine,1661,0.991783618927002
5,Score_Refine,1662,0.993835985660553
5,Score_Refine,1663,0.9899430871009827
5,Score_Refine,1664,0.9911133050918579
5,Score_Refine,1665,0.9920815229415894
5,Score_Refine,1666,1.0005069971084595
5,Score_Refine,1667,0.985333263874054
5,Score_Refine,1668,0.9977131485939026
5,Score_Refine,1669,0.9995412230491638
5,Score_Refine,1670,0.9986189007759094
5,Score_Refine,1671,0.9971304535865784
5,Score_Refine,1672,0.996846079826355
5,Score_Refine,1673,1.0010966062545776
5,Score_Refine,1674,0.9859951138496399
5,Score_Refine,1675,1.0092695951461792
5,Score_Refine,1676,0.9872578978538513
5,Score_Refine,1677,1.0077953338623047
5,Score_Refine,1678,1.0042810440063477
5,Score_Refine,1679,0.9970608353614807
5,Score_Refine,1680,0.9948862195014954
5,Score_Refine,1681,0.9854511022567749
5,Score_Refine,1682,1.01249098777771
5,Score_Refine,1683,0.9966104030609131
5,Score_Refine,1684,0.997156023979187
5,Score_Refine,1685,0.9960952997207642
5,Score_Refine,1686,1.0004950761795044
5,Score_Refine,1687,1.0072782039642334
5,Score_Refine,1688,0.9942339658737183
5,Score_Refine,1689,0.9983262419700623
5,Score_Refine,1690,1.006976842880249
5,Score_Refine,1691,1.0091381072998047
5,Score_Refine,1692,1.0133849382400513
5,Score_Refine,1693,1.015256643295288
5,Score_Refine,1694,0.9982389807701111
5,Score_Refine,1695,0.9983194470405579
5,Score_Refine,1696,0.994704008102417
5,Score_Refine,1697,1.0110867023468018
5,Score_Refine,1698,0.9996722936630249
5,Score_Refine,1699,0.9916076064109802
5,Score_Refine,1700,0.9925096035003662
5,Score_Refine,1701,0.9840419292449951
5,Score_Refine,1702,1.001112461090088
5,Score_Refine,1703,0.9963849782943726
5,Score_Refine,1704,1.0021015405654907
5,Score_Refine,1705,1.0032323598861694
5,Score_Refine,1706,0.9997567534446716
5,Score_Refine,1707,0.9988700151443481
5,Score_Refine,1708,1.0018434524536133
5,Score_Refine,1709,1.003287672996521
5,Score_Refine,1710,0.9920098781585693
5,Score_Refine,1711,0.9953954219818115
5,Score_Refine,1712,1.0066819190979004
5,Score_Refine,1713,1.003173828125
5,Score_Refine,1714,1.0143182277679443
5,Score_Refine,1715,0.9934780597686768
5,Score_Refine,1716,1.0067193508148193
5,Score_Refine,1717,1.0000213384628296
5,Score_Refine,1718,1.0105154514312744
5,Score_Refine,1719,1.0027532577514648
5,Score_Refine,1720,0.9925624132156372
5,Score_Refine,1721,0.98893141746521
5,Score_Refine,1722,0.9962958097457886
5,Score_Refine,1723,1.0014309883117676
5,Score_Refine,1724,1.007201910018921
5,Score_Refine,1725,0.9880695939064026
5,Score_Refine,1726,0.9923961758613586
5,Score_Refine,1727,0.9834684729576111
5,Score_Refine,1728,0.9938592314720154
5,Score_Refine,1729,0.9978007674217224
5,Score_Refine,1730,0.9972720742225647
5,Score_Refine,1731,1.0040099620819092
5,Score_Refine,1732,0.9896717667579651
5,Score_Refine,1733,1.000347375869751
5,Score_Refine,1734,1.0058395862579346
5,Score_Refine,1735,0.9894617795944214
5,Score_Refine,1736,0.9875231981277466
5,Score_Refine,1737,0.9923510551452637
5,Score_Refine,1738,0.9947929978370667
5,Score_Refine,1739,0.9917340278625488
5,Score_Refine,1740,0.9909605383872986
5,Score_Refine,1741,0.9885059595108032
5,Score_Refine,1742,0.9888361692428589
5,Score_Refine,1743,0.9986535310745239
5,Score_Refine,1744,0.9960627555847168
5,Score_Refine,1745,1.0005874633789062
5,Score_Refine,1746,0.9990195035934448
5,Score_Refine,1747,1.009859561920166
5,Score_Refine,1748,0.9988642930984497
5,Score_Refine,1749,1.0003221035003662
5,Score_Refine,1750,0.9846912026405334
5,Score_Refine,1751,0.9993702173233032
5,Score_Refine,1752,0.9983528256416321
5,Score_Refine,1753,0.9917562007904053
5,Score_Refine,1754,1.007314682006836
5,Score_Refine,1755,1.0170103311538696
5,Score_Refine,1756,1.005491852760315
5,Score_Refine,1757,1.0018699169158936
5,Score_Refine,1758,0.9984899163246155
5,Score_Refine,1759,0.9869646430015564
5,Score_Refine,1760,0.9984656572341919
5,Score_Refine,1761,1.0116442441940308
5,Score_Refine,1762,1.0014464855194092
5,Score_Refine,1763,1.0031626224517822
5,Score_Refine,1764,0.9844315052032471
5,Score_Refine,1765,0.9855507612228394
5,Score_Refine,1766,1.0065261125564575
5,Score_Refine,1767,0.9886103272438049
5,Score_Refine,1768,0.9902679920196533
5,Score_Refine,1769,1.0047047138214111
5,Score_Refine,1770,1.0094287395477295
5,Score_Refine,1771,0.999646008014679
5,Score_Refine,1772,0.9980078935623169
5,Score_Refine,1773,1.0135812759399414
5,Score_Refine,1774,0.9980390071868896
5,Score_Refine,1775,1.0075914859771729
5,Score_Refine,1776,1.0040786266326904
5,Score_Refine,1777,0.9955356121063232
5,Score_Refine,1778,0.9931641221046448
5,Score_Refine,1779,0.9875551462173462
5,Score_Refine,1780,1.0162928104400635
5,Score_Refine,1781,0.9810959100723267
5,Score_Refine,1782,1.0088589191436768
5,Score_Refine,1783,1.0204733610153198
5,Score_Refine,1784,1.0061503648757935
5,Score_Refine,1785,0.9991104602813721
5,Score_Refine,1786,1.0055392980575562
5,Score_Refine,1787,0.9886733293533325
5,Score_Refine,1788,0.9921855330467224
5,Score_Refine,1789,0.992405116558075
5,Score_Refine,1790,1.0205739736557007
5,Score_Refine,1791,0.9829949736595154
5,Score_Refine,1792,0.9967822432518005
5,Score_Refine,1793,0.9928994178771973
5,Score_Refine,1794,0.998839795589447
5,Score_Refine,1795,1.0020757913589478
5,Score_Refine,1796,0.9937002062797546
5,Score_Refine,1797,0.9976037740707397
5,Score_Refine,1798,0.9911551475524902
5,Score_Refine,1799,0.9994188547134399
5,Score_Refine,1800,1.0087525844573975
5,Score_Refine,1801,1.004363775253296
5,Score_Refine,1802,0.9995551109313965
5,Score_Refine,1803,1.0002089738845825
5,Score_Refine,1804,1.0080448389053345
5,Score_Refine,1805,0.9955808520317078
5,Score_Refine,1806,1.0112110376358032
5,Score_Refine,1807,0.9919270873069763
5,Score_Refine,1808,0.9979430437088013
5,Score_Refine,1809,0.994290292263031
5,Score_Refine,1810,0.9916644096374512
5,Score_Refine,1811,0.9938595294952393
5,Score_Refine,1812,1.012034296989441
5,Score_Refine,1813,0.9961831569671631
5,Score_Refine,1814,1.0011664628982544
5,Score_Refine,1815,0.9889218807220459
5,Score_Refine,1816,0.9932662844657898
5,Score_Refine,1817,0.9843913912773132
5,Score_Refine,1818,0.9837497472763062
5,Score_Refine,1819,1.011743187904358
5,Score_Refine,1820,1.0133460760116577
5,Score_Refine,1821,1.0017427206039429
5,Score_Refine,1822,0.993698239326477
5,Score_Refine,1823,1.0123509168624878
5,Score_Refine,1824,0.9981688261032104
5,Score_Refine,1825,1.0015169382095337
5,Score_Refine,1826,0.9930873513221741
5,Score_Refine,1827,1.003664493560791
5,Score_Refine,1828,0.9999197721481323
5,Score_Refine,1829,0.9981769919395447
5,Score_Refine,1830,1.0023730993270874
5,Score_Refine,1831,1.0016131401062012
5,Score_Refine,1832,0.9974254369735718
5,Score_Refine,1833,1.0179659128189087
5,Score_Refine,1834,1.0000553131103516
5,Score_Refine,1835,1.0149080753326416
5,Score_Refine,1836,1.002992033958435
5,Score_Refine,1837,0.9984996914863586
5,Score_Refine,1838,0.9977151155471802
5,Score_Refine,1839,1.0019992589950562
5,Score_Refine,1840,0.9878591895103455
5,Score_Refine,1841,0.9924743175506592
5,Score_Refine,1842,1.0066964626312256
5,Score_Refine,1843,0.9921175241470337
5,Score_Refine,1844,0.9971977472305298
5,Score_Refine,1845,0.9819402098655701
5,Score_Refine,1846,0.9901542067527771
5,Score_Refine,1847,0.9910768270492554
5,Score_Refine,1848,1.0040124654769897
5,Score_Refine,1849,0.9922158718109131
5,Score_Refine,1850,1.0015630722045898
5,Score_Refine,1851,1.003639817237854
5,Score_Refine,1852,0.9833827614784241
5,Score_Refine,1853,1.0147072076797485
5,Score_Refine,1854,0.985918402671814
5,Score_Refine,1855,1.0156733989715576
5,Score_Refine,1856,0.9956403970718384
5,Score_Refine,1857,1.006866216659546
5,Score_Refine,1858,1.0053737163543701
5,Score_Refine,1859,1.014980673789978
5,Score_Refine,1860,0.997767984867096
5,Score_Refine,1861,1.003892183303833
5,Score_Refine,1862,1.0070774555206299
5,Score_Refine,1863,1.0063765048980713
5,Score_Refine,1864,0.9858713746070862
5,Score_Refine,1865,1.0006004571914673
5,Score_Refine,1866,0.9814218282699585
5,Score_Refine,1867,1.0070616006851196
5,Score_Refine,1868,1.012412428855896
5,Score_Refine,1869,1.0012019872665405
5,Score_Refine,1870,0.9891854524612427
5,Score_Refine,1871,0.9931551218032837
5,Score_Refine,1872,1.0082241296768188
5,Score_Refine,1873,0.9830352067947388
5,Score_Refine,1874,0.9954624772071838
5,Score_Refine,1875,1.009004831314087
5,Score_Refine,1876,0.999052882194519
5,Score_Refine,1877,0.9958959817886353
5,Score_Refine,1878,0.9805402159690857
5,Score_Refine,1879,1.0066182613372803
5,Score_Refine,1880,1.0070563554763794
5,Score_Refine,1881,0.9845353364944458
5,Score_Refine,1882,0.9971213340759277
5,Score_Refine,1883,0.9905873537063599
5,Score_Refine,1884,0.9960144758224487
5,Score_Refine,1885,0.9808841347694397
5,Score_Refine,1886,0.9929928779602051
5,Score_Refine,1887,0.9905848503112793
5,Score_Refine,1888,0.9836930632591248
5,Score_Refine,1889,1.002444863319397
5,Score_Refine,1890,1.000635027885437
5,Score_Refine,1891,1.0027004480361938
5,Score_Refine,1892,1.0104570388793945
5,Score_Refine,1893,1.0058908462524414
5,Score_Refine,1894,1.0111209154129028
5,Score_Refine,1895,0.9970570802688599
5,Score_Refine,1896,0.9832484722137451
5,Score_Refine,1897,1.013795018196106
5,Score_Refine,1898,0.9832108020782471
5,Score_Refine,1899,1.0021977424621582
5,Score_Refine,1900,1.0030510425567627
5,Score_Refine,1901,0.9844498634338379
5,Score_Refine,1902,1.0043948888778687
5,Score_Refine,1903,1.0034230947494507
5,Score_Refine,1904,0.9981260895729065
5,Score_Refine,1905,1.0069984197616577
5,Score_Refine,1906,0.9983810186386108
5,Score_Refine,1907,0.9947250485420227
5,Score_Refine,1908,1.0086233615875244
5,Score_Refine,1909,0.9998278021812439
5,Score_Refine,1910,1.0020067691802979
5,Score_Refine,1911,0.9971285462379456
5,Score_Refine,1912,0.9978957772254944
5,Score_Refine,1913,1.0152009725570679
5,Score_Refine,1914,0.9951296448707581
5,Score_Refine,1915,0.9892061948776245
5,Score_Refine,1916,0.9778014421463013
5,Score_Refine,1917,0.985162615776062
5,Score_Refine,1918,1.0082943439483643
5,Score_Refine,1919,1.0073509216308594
5,Score_Refine,1920,0.9920097589492798
5,Score_Refine,1921,1.0010722875595093
5,Score_Refine,1922,0.997223973274231
5,Score_Refine,1923,0.9918020367622375
5,Score_Refine,1924,0.985313892364502
5,Score_Refine,1925,0.9928783178329468
5,Score_Refine,1926,0.994233250617981
5,Score_Refine,1927,0.9853212833404541
5,Score_Refine,1928,1.0061630010604858
5,Score_Refine,1929,0.9949240684509277
5,Score_Refine,1930,0.9911069273948669
5,Score_Refine,1931,1.005638837814331
5,Score_Refine,1932,0.9994379281997681
5,Score_Refine,1933,0.9962814450263977
5,Score_Refine,1934,1.0000932216644287
5,Score_Refine,1935,0.9951065182685852
5,Score_Refine,1936,0.9838820099830627
5,Score_Refine,1937,0.9957178831100464
5,Score_Refine,1938,1.0199028253555298
5,Score_Refine,1939,1.016742467880249
5,Score_Refine,1940,0.9902835488319397
5,Score_Refine,1941,0.9964414834976196
5,Score_Refine,1942,0.9908566474914551
5,Score_Refine,1943,0.9944619536399841
5,Score_Refine,1944,0.9867112636566162
5,Score_Refine,1945,1.0134996175765991
5,Score_Refine,1946,1.0033074617385864
5,Score_Refine,1947,0.9987963438034058
5,Score_Refine,1948,1.0008872747421265
5,Score_Refine,1949,0.9943230152130127
5,Score_Refine,1950,0.9787420034408569
5,Score_Refine,1951,0.9995519518852234
5,Score_Refine,1952,1.0149917602539062
5,Score_Refine,1953,1.0004308223724365
5,Score_Refine,1954,1.0009950399398804
5,Score_Refine,1955,1.0070959329605103
5,Score_Refine,1956,0.989281415939331
5,Score_Refine,1957,1.0042235851287842
5,Score_Refine,1958,0.9999197721481323
5,Score_Refine,1959,0.9947037696838379
5,Score_Refine,1960,0.9969802498817444
5,Score_Refine,1961,0.9929824471473694
5,Score_Refine,1962,0.9936511516571045
5,Score_Refine,1963,0.9907497763633728
5,Score_Refine,1964,0.9965430498123169
5,Score_Refine,1965,1.0063060522079468
5,Score_Refine,1966,1.0000399351119995
5,Score_Refine,1967,1.0130703449249268
5,Score_Refine,1968,0.9990665316581726
5,Score_Refine,1969,0.9765561819076538
5,Score_Refine,1970,0.9981863498687744
5,Score_Refine,1971,0.9929330348968506
5,Score_Refine,1972,1.0032895803451538
5,Score_Refine,1973,1.0100147724151611
5,Score_Refine,1974,0.9971591234207153
5,Score_Refine,1975,0.9935557842254639
5,Score_Refine,1976,1.0157369375228882
5,Score_Refine,1977,0.995577871799469
5,Score_Refine,1978,0.993963360786438
5,Score_Refine,1979,0.9990293979644775
5,Score_Refine,1980,1.0078271627426147
5,Score_Refine,1981,0.9959505796432495
5,Score_Refine,1982,0.996911883354187
5,Score_Refine,1983,1.0057884454727173
5,Score_Refine,1984,1.0013937950134277
5,Score_Refine,1985,0.9879173636436462
5,Score_Refine,1986,0.9842824339866638
5,Score_Refine,1987,0.9918546080589294
5,Score_Refine,1988,0.9835355877876282
5,Score_Refine,1989,1.0097742080688477
5,Score_Refine,1990,1.0005162954330444
5,Score_Refine,1991,0.9990154504776001
5,Score_Refine,1992,0.9894543290138245
5,Score_Refine,1993,0.9986947774887085
5,Score_Refine,1994,1.0009307861328125
5,Score_Refine,1995,0.9809966683387756
5,Score_Refine,1996,0.983283519744873
5,Score_Refine,1997,1.011927843093872
5,Score_Refine,1998,1.0080225467681885
5,Score_Refine,1999,0.995090663433075
5,Score_Refine,2000,1.0063952207565308
5,Score_Refine,2001,1.0000368356704712
