daughter_noise_std,seed,time,celltype,count,fraction,n_particles
0.0,42,0.0,EVL,272,0.483126110124,563
0.0,42,0.0,Hypoblast,24,0.0426287744227,563
0.0,42,0.0,Margin,22,0.0390763765542,563
0.0,42,0.0,Presumptive Mesoderm,47,0.0834813499112,563
0.0,42,0.0,"Presumptive Mesoderm, Presumptive Ectoderm",100,0.177619893428,563
0.0,42,0.0,Proliferative Like Cell,69,0.122557726465,563
0.0,42,0.0,Yolk Syncytial Layer,29,0.0515097690941,563
0.0,42,0.5,Anterior Neural Keel,5,0.00696378830084,718
0.0,42,0.5,EVL,59,0.0821727019499,718
0.0,42,0.5,Notochord,181,0.25208913649,718
0.0,42,0.5,"Paraxial Mesoderm, Neural Keel",134,0.186629526462,718
0.0,42,0.5,Periderm,23,0.0320334261838,718
0.0,42,0.5,Presumptive Mesoderm,21,0.0292479108635,718
0.0,42,0.5,"Presumptive Mesoderm, Presumptive Ectoderm",77,0.107242339833,718
0.0,42,0.5,Proliferative Like Cell,30,0.041782729805,718
0.0,42,0.5,"Segmental Plate, Tail Bud",95,0.132311977716,718
0.0,42,0.5,Yolk Syncytial Layer,93,0.129526462396,718
0.0,42,1.0,Anterior Neural Keel,7,0.00691699604743,1012
0.0,42,1.0,Notochord,22,0.0217391304348,1012
0.0,42,1.0,"Paraxial Mesoderm, Neural Keel",84,0.0830039525692,1012
0.0,42,1.0,Periderm,129,0.127470355731,1012
0.0,42,1.0,"Segmental Plate, Tail Bud",576,0.569169960474,1012
0.0,42,1.0,Yolk Syncytial Layer,194,0.191699604743,1012
0.0,42,1.5,Adaxial Cell,150,0.104384133612,1437
0.0,42,1.5,Neural Rod,95,0.0661099512874,1437
0.0,42,1.5,"Paraxial Mesoderm, Neural Keel",13,0.00904662491301,1437
0.0,42,1.5,Periderm,234,0.162839248434,1437
0.0,42,1.5,Polster,34,0.0236604036186,1437
0.0,42,1.5,"Segmental Plate, Tail Bud",689,0.47947112039,1437
0.0,42,1.5,Yolk Syncytial Layer,176,0.122477383438,1437
0.0,42,1.5,"Yolk Syncytial Layer, Periderm",46,0.0320111343076,1437
0.0,42,2.0,Adaxial Cell,933,0.466966966967,1998
0.0,42,2.0,Neural Rod,487,0.243743743744,1998
0.0,42,2.0,Optic Vesicle,14,0.00700700700701,1998
0.0,42,2.0,Periderm,117,0.0585585585586,1998
0.0,42,2.0,Polster,185,0.0925925925926,1998
0.0,42,2.0,"Segmental Plate, Tail Bud",151,0.0755755755756,1998
0.0,42,2.0,Somite,37,0.0185185185185,1998
0.0,42,2.0,Yolk Syncytial Layer,6,0.003003003003,1998
0.0,42,2.0,"Yolk Syncytial Layer, Periderm",68,0.034034034034,1998
0.0,42,2.5,Adaxial Cell,709,0.288328588857,2459
0.0,42,2.5,Angioblastic Mesenchymal Cell,59,0.02399349329,2459
0.0,42,2.5,Erythroid Lineage Cell,57,0.0231801545344,2459
0.0,42,2.5,Forebrain,141,0.0573403822692,2459
0.0,42,2.5,Hatching Gland,23,0.0093533956893,2459
0.0,42,2.5,Neural Crest,66,0.0268401789345,2459
0.0,42,2.5,"Neural Crest, Otic Vesicle",8,0.00325335502237,2459
0.0,42,2.5,Neural Rod,449,0.18259455063,2459
0.0,42,2.5,Notochord,191,0.077673851159,2459
0.0,42,2.5,Optic Vesicle,6,0.00244001626678,2459
0.0,42,2.5,Periderm,97,0.0394469296462,2459
0.0,42,2.5,Polster,66,0.0268401789345,2459
0.0,42,2.5,"Segmental Plate, Tail Bud",79,0.0321268808459,2459
0.0,42,2.5,Somite,376,0.152907686051,2459
0.0,42,2.5,Yolk Syncytial Layer,13,0.00528670191135,2459
0.0,42,2.5,"Yolk Syncytial Layer, Periderm",119,0.0483936559577,2459
0.0,42,3.0,Angioblastic Mesenchymal Cell,177,0.0614370010413,2881
0.0,42,3.0,Epidermis,8,0.00277681360639,2881
0.0,42,3.0,Erythroid Lineage Cell,148,0.0513710517182,2881
0.0,42,3.0,Forebrain,300,0.10413051024,2881
0.0,42,3.0,Hatching Gland,71,0.0246442207567,2881
0.0,42,3.0,Nervous System,268,0.093023255814,2881
0.0,42,3.0,Neural Crest,444,0.154113155154,2881
0.0,42,3.0,"Neural Crest, Otic Vesicle",20,0.00694203401597,2881
0.0,42,3.0,Notochord,1122,0.389448108296,2881
0.0,42,3.0,Pronephros,2,0.000694203401597,2881
0.0,42,3.0,Somite,220,0.0763623741756,2881
0.0,42,3.0,Yolk Syncytial Layer,45,0.0156195765359,2881
0.0,42,3.0,"Yolk Syncytial Layer, Periderm",56,0.0194376952447,2881
0.0,42,3.5,Angioblastic Mesenchymal Cell,5,0.00135758892207,3683
0.0,42,3.5,Anterior Erythroid Lineage Cell,194,0.0526744501765,3683
0.0,42,3.5,Epidermis,139,0.0377409720337,3683
0.0,42,3.5,Erythroid Lineage Cell,23,0.00624490904154,3683
0.0,42,3.5,Fast Muscle Cell,51,0.0138474070052,3683
0.0,42,3.5,Forebrain,192,0.0521314146077,3683
0.0,42,3.5,Hatching Gland,117,0.0317675807765,3683
0.0,42,3.5,"Musculature System, Yolk Syncytial Layer",176,0.047787130057,3683
0.0,42,3.5,Myotome,3,0.000814553353245,3683
0.0,42,3.5,Nervous System,1192,0.323649199023,3683
0.0,42,3.5,Neural Crest,13,0.00352973119739,3683
0.0,42,3.5,Notochord,1322,0.358946510996,3683
0.0,42,3.5,Pronephros,41,0.011132229161,3683
0.0,42,3.5,Somite,116,0.0314960629921,3683
0.0,42,3.5,Spinal Cord Dorsal Region,92,0.0249796361662,3683
0.0,42,3.5,"Yolk Syncytial Layer, Periderm",7,0.0019006244909,3683
0.0,42,4.0,Anterior Erythroid Lineage Cell,152,0.0293606335716,5177
0.0,42,4.0,Eye,75,0.0144871547228,5177
0.0,42,4.0,Fast Muscle Cell,273,0.052733243191,5177
0.0,42,4.0,Forebrain,158,0.0305196059494,5177
0.0,42,4.0,Hatching Gland,70,0.013521344408,5177
0.0,42,4.0,"Musculature System, Yolk Syncytial Layer",1092,0.210932972764,5177
0.0,42,4.0,Myotome,208,0.0401777090979,5177
0.0,42,4.0,Nervous System,1611,0.311184083446,5177
0.0,42,4.0,Notochord,388,0.0749468804327,5177
0.0,42,4.0,Pigment Cell,44,0.00849913077072,5177
0.0,42,4.0,Pronephros,512,0.0988989762411,5177
0.0,42,4.0,Somite,7,0.0013521344408,5177
0.0,42,4.0,Spinal Cord Dorsal Region,513,0.099092138304,5177
0.0,42,4.0,Spinal Cord Ventral Region,53,0.0102375893375,5177
0.0,42,4.0,Yolk Syncytial Layer,21,0.00405640332239,5177
0.01,42,0.0,EVL,272,0.483126110124,563
0.01,42,0.0,Hypoblast,24,0.0426287744227,563
0.01,42,0.0,Margin,22,0.0390763765542,563
0.01,42,0.0,Presumptive Mesoderm,47,0.0834813499112,563
0.01,42,0.0,"Presumptive Mesoderm, Presumptive Ectoderm",100,0.177619893428,563
0.01,42,0.0,Proliferative Like Cell,69,0.122557726465,563
0.01,42,0.0,Yolk Syncytial Layer,29,0.0515097690941,563
0.01,42,0.5,Anterior Neural Keel,10,0.013698630137,730
0.01,42,0.5,EVL,61,0.0835616438356,730
0.01,42,0.5,Notochord,190,0.260273972603,730
0.01,42,0.5,"Paraxial Mesoderm, Neural Keel",140,0.191780821918,730
0.01,42,0.5,Periderm,30,0.041095890411,730
0.01,42,0.5,Presumptive Mesoderm,21,0.0287671232877,730
0.01,42,0.5,"Presumptive Mesoderm, Presumptive Ectoderm",67,0.0917808219178,730
0.01,42,0.5,Proliferative Like Cell,22,0.0301369863014,730
0.01,42,0.5,"Segmental Plate, Tail Bud",96,0.131506849315,730
0.01,42,0.5,Yolk Syncytial Layer,93,0.127397260274,730
0.01,42,1.0,Anterior Neural Keel,1,0.000978473581213,1022
0.01,42,1.0,Notochord,7,0.00684931506849,1022
0.01,42,1.0,"Paraxial Mesoderm, Neural Keel",101,0.0988258317025,1022
0.01,42,1.0,Periderm,155,0.151663405088,1022
0.01,42,1.0,"Segmental Plate, Tail Bud",581,0.568493150685,1022
0.01,42,1.0,Yolk Syncytial Layer,177,0.173189823875,1022
0.01,42,1.5,Adaxial Cell,129,0.0874576271186,1475
0.01,42,1.5,Neural Rod,92,0.0623728813559,1475
0.01,42,1.5,Notochord,14,0.00949152542373,1475
0.01,42,1.5,"Paraxial Mesoderm, Neural Keel",3,0.00203389830508,1475
0.01,42,1.5,Periderm,246,0.166779661017,1475
0.01,42,1.5,Polster,18,0.0122033898305,1475
0.01,42,1.5,"Segmental Plate, Tail Bud",730,0.494915254237,1475
0.01,42,1.5,Somite,12,0.00813559322034,1475
0.01,42,1.5,Yolk Syncytial Layer,196,0.132881355932,1475
0.01,42,1.5,"Yolk Syncytial Layer, Periderm",35,0.0237288135593,1475
0.01,42,2.0,Adaxial Cell,933,0.457352941176,2040
0.01,42,2.0,Neural Rod,510,0.25,2040
0.01,42,2.0,Optic Vesicle,1,0.000490196078431,2040
0.01,42,2.0,Periderm,132,0.0647058823529,2040
0.01,42,2.0,Polster,166,0.0813725490196,2040
0.01,42,2.0,"Segmental Plate, Tail Bud",176,0.0862745098039,2040
0.01,42,2.0,Somite,25,0.0122549019608,2040
0.01,42,2.0,Yolk Syncytial Layer,7,0.00343137254902,2040
0.01,42,2.0,"Yolk Syncytial Layer, Periderm",90,0.0441176470588,2040
0.01,42,2.5,Adaxial Cell,597,0.238133226964,2507
0.01,42,2.5,Angioblastic Mesenchymal Cell,30,0.0119664938173,2507
0.01,42,2.5,Erythroid Lineage Cell,88,0.0351017151974,2507
0.01,42,2.5,Forebrain,73,0.0291184682888,2507
0.01,42,2.5,Hatching Gland,61,0.0243318707619,2507
0.01,42,2.5,Neural Crest,83,0.0331072995612,2507
0.01,42,2.5,Neural Rod,523,0.208615875548,2507
0.01,42,2.5,Notochord,213,0.0849621061029,2507
0.01,42,2.5,Periderm,62,0.0247307538891,2507
0.01,42,2.5,Polster,39,0.0155564419625,2507
0.01,42,2.5,"Segmental Plate, Tail Bud",66,0.0263262863981,2507
0.01,42,2.5,Somite,474,0.189070602314,2507
0.01,42,2.5,Yolk Syncytial Layer,12,0.00478659752692,2507
0.01,42,2.5,"Yolk Syncytial Layer, Periderm",186,0.0741922616673,2507
0.01,42,3.0,Angioblastic Mesenchymal Cell,165,0.0558753809685,2953
0.01,42,3.0,Anterior Erythroid Lineage Cell,1,0.000338638672536,2953
0.01,42,3.0,Epidermis,5,0.00169319336268,2953
0.01,42,3.0,Erythroid Lineage Cell,208,0.0704368438876,2953
0.01,42,3.0,Forebrain,281,0.0951574669827,2953
0.01,42,3.0,Hatching Gland,122,0.0413139180494,2953
0.01,42,3.0,Nervous System,266,0.0900778868947,2953
0.01,42,3.0,Neural Crest,385,0.130375888927,2953
0.01,42,3.0,"Neural Crest, Otic Vesicle",1,0.000338638672536,2953
0.01,42,3.0,Neural Rod,5,0.00169319336268,2953
0.01,42,3.0,Notochord,1047,0.354554690146,2953
0.01,42,3.0,Pronephros,8,0.00270910938029,2953
0.01,42,3.0,Somite,314,0.106332543176,2953
0.01,42,3.0,Yolk Syncytial Layer,45,0.0152387402641,2953
0.01,42,3.0,"Yolk Syncytial Layer, Periderm",100,0.0338638672536,2953
0.01,42,3.5,Angioblastic Mesenchymal Cell,9,0.00238536973231,3773
0.01,42,3.5,Anterior Erythroid Lineage Cell,261,0.0691757222369,3773
0.01,42,3.5,Epidermis,102,0.0270341902995,3773
0.01,42,3.5,Erythroid Lineage Cell,25,0.00662602703419,3773
0.01,42,3.5,Fast Muscle Cell,24,0.00636098595282,3773
0.01,42,3.5,Forebrain,159,0.0421415319375,3773
0.01,42,3.5,Hatching Gland,94,0.0249138616486,3773
0.01,42,3.5,"Musculature System, Yolk Syncytial Layer",128,0.0339252584151,3773
0.01,42,3.5,Nervous System,1292,0.342433077127,3773
0.01,42,3.5,Neural Crest,29,0.00768619135966,3773
0.01,42,3.5,Notochord,1404,0.37211767824,3773
0.01,42,3.5,Pronephros,74,0.0196130400212,3773
0.01,42,3.5,Somite,90,0.0238536973231,3773
0.01,42,3.5,Spinal Cord Dorsal Region,40,0.0106016432547,3773
0.01,42,3.5,Spinal Cord Ventral Region,5,0.00132520540684,3773
0.01,42,3.5,Yolk Syncytial Layer,6,0.00159024648821,3773
0.01,42,3.5,"Yolk Syncytial Layer, Periderm",31,0.0082162735224,3773
0.01,42,4.0,Anterior Erythroid Lineage Cell,153,0.0286088257292,5348
0.01,42,4.0,Epidermis,1,0.00018698578908,5348
0.01,42,4.0,Eye,83,0.0155198204936,5348
0.01,42,4.0,Fast Muscle Cell,361,0.0675018698579,5348
0.01,42,4.0,Forebrain,143,0.0267389678384,5348
0.01,42,4.0,Hatching Gland,33,0.00617053103964,5348
0.01,42,4.0,"Musculature System, Yolk Syncytial Layer",1080,0.201944652206,5348
0.01,42,4.0,Myotome,211,0.0394540014959,5348
0.01,42,4.0,Nervous System,1818,0.339940164547,5348
0.01,42,4.0,Notochord,279,0.0521690351533,5348
0.01,42,4.0,Pigment Cell,15,0.0028047868362,5348
0.01,42,4.0,Pronephros,704,0.131637995512,5348
0.01,42,4.0,Spinal Cord Dorsal Region,407,0.0761032161556,5348
0.01,42,4.0,Spinal Cord Ventral Region,60,0.0112191473448,5348
0.03,42,0.0,EVL,272,0.483126110124,563
0.03,42,0.0,Hypoblast,24,0.0426287744227,563
0.03,42,0.0,Margin,22,0.0390763765542,563
0.03,42,0.0,Presumptive Mesoderm,47,0.0834813499112,563
0.03,42,0.0,"Presumptive Mesoderm, Presumptive Ectoderm",100,0.177619893428,563
0.03,42,0.0,Proliferative Like Cell,69,0.122557726465,563
0.03,42,0.0,Yolk Syncytial Layer,29,0.0515097690941,563
0.03,42,0.5,Anterior Neural Keel,15,0.0205479452055,730
0.03,42,0.5,EVL,74,0.101369863014,730
0.03,42,0.5,Notochord,182,0.249315068493,730
0.03,42,0.5,"Paraxial Mesoderm, Neural Keel",146,0.2,730
0.03,42,0.5,Periderm,25,0.0342465753425,730
0.03,42,0.5,Presumptive Mesoderm,27,0.0369863013699,730
0.03,42,0.5,"Presumptive Mesoderm, Presumptive Ectoderm",69,0.0945205479452,730
0.03,42,0.5,Proliferative Like Cell,6,0.00821917808219,730
0.03,42,0.5,"Segmental Plate, Tail Bud",105,0.143835616438,730
0.03,42,0.5,Yolk Syncytial Layer,81,0.11095890411,730
0.03,42,1.0,Notochord,52,0.0508806262231,1022
0.03,42,1.0,"Paraxial Mesoderm, Neural Keel",117,0.114481409002,1022
0.03,42,1.0,Periderm,180,0.176125244618,1022
0.03,42,1.0,"Segmental Plate, Tail Bud",515,0.503913894325,1022
0.03,42,1.0,Yolk Syncytial Layer,158,0.154598825832,1022
0.03,42,1.5,Adaxial Cell,101,0.0682432432432,1480
0.03,42,1.5,Neural Rod,135,0.0912162162162,1480
0.03,42,1.5,Notochord,7,0.00472972972973,1480
0.03,42,1.5,"Paraxial Mesoderm, Neural Keel",14,0.00945945945946,1480
0.03,42,1.5,Periderm,280,0.189189189189,1480
0.03,42,1.5,Polster,27,0.0182432432432,1480
0.03,42,1.5,"Segmental Plate, Tail Bud",728,0.491891891892,1480
0.03,42,1.5,Somite,2,0.00135135135135,1480
0.03,42,1.5,Yolk Syncytial Layer,175,0.118243243243,1480
0.03,42,1.5,"Yolk Syncytial Layer, Periderm",11,0.00743243243243,1480
0.03,42,2.0,Adaxial Cell,943,0.455996131528,2068
0.03,42,2.0,Neural Rod,564,0.272727272727,2068
0.03,42,2.0,Notochord,1,0.000483558994197,2068
0.03,42,2.0,Optic Vesicle,2,0.000967117988395,2068
0.03,42,2.0,Periderm,129,0.0623791102515,2068
0.03,42,2.0,Polster,144,0.0696324951644,2068
0.03,42,2.0,"Segmental Plate, Tail Bud",143,0.0691489361702,2068
0.03,42,2.0,Somite,61,0.029497098646,2068
0.03,42,2.0,Yolk Syncytial Layer,24,0.0116054158607,2068
0.03,42,2.0,"Yolk Syncytial Layer, Periderm",57,0.0275628626692,2068
0.03,42,2.5,Adaxial Cell,781,0.305794831637,2554
0.03,42,2.5,Angioblastic Mesenchymal Cell,57,0.0223179326547,2554
0.03,42,2.5,Erythroid Lineage Cell,25,0.0097885669538,2554
0.03,42,2.5,Forebrain,104,0.0407204385278,2554
0.03,42,2.5,Hatching Gland,11,0.00430696945967,2554
0.03,42,2.5,Neural Crest,60,0.0234925606891,2554
0.03,42,2.5,Neural Rod,547,0.214173844949,2554
0.03,42,2.5,Notochord,219,0.0857478465153,2554
0.03,42,2.5,Optic Vesicle,16,0.00626468285043,2554
0.03,42,2.5,Periderm,92,0.03602192639,2554
0.03,42,2.5,Polster,47,0.0184025058731,2554
0.03,42,2.5,"Segmental Plate, Tail Bud",41,0.0160532498042,2554
0.03,42,2.5,Somite,404,0.158183241973,2554
0.03,42,2.5,Yolk Syncytial Layer,21,0.00822239624119,2554
0.03,42,2.5,"Yolk Syncytial Layer, Periderm",129,0.0505090054816,2554
0.03,42,3.0,Adaxial Cell,5,0.00165125495376,3028
0.03,42,3.0,Angioblastic Mesenchymal Cell,162,0.053500660502,3028
0.03,42,3.0,Anterior Erythroid Lineage Cell,1,0.000330250990753,3028
0.03,42,3.0,Erythroid Lineage Cell,155,0.0511889035667,3028
0.03,42,3.0,Forebrain,362,0.119550858653,3028
0.03,42,3.0,Hatching Gland,88,0.0290620871863,3028
0.03,42,3.0,Nervous System,248,0.0819022457067,3028
0.03,42,3.0,Neural Crest,355,0.117239101717,3028
0.03,42,3.0,Neural Rod,8,0.00264200792602,3028
0.03,42,3.0,Notochord,1202,0.396961690885,3028
0.03,42,3.0,Somite,366,0.120871862616,3028
0.03,42,3.0,Yolk Syncytial Layer,18,0.00594451783355,3028
0.03,42,3.0,"Yolk Syncytial Layer, Periderm",58,0.0191545574637,3028
0.03,42,3.5,Adaxial Cell,3,0.00077579519007,3867
0.03,42,3.5,Angioblastic Mesenchymal Cell,6,0.00155159038014,3867
0.03,42,3.5,Anterior Erythroid Lineage Cell,145,0.03749676752,3867
0.03,42,3.5,Epidermis,53,0.0137057150246,3867
0.03,42,3.5,Erythroid Lineage Cell,20,0.0051719679338,3867
0.03,42,3.5,Eye,3,0.00077579519007,3867
0.03,42,3.5,Fast Muscle Cell,26,0.00672355831394,3867
0.03,42,3.5,Forebrain,254,0.0656839927592,3867
0.03,42,3.5,Hatching Gland,63,0.0162916989915,3867
0.03,42,3.5,"Musculature System, Yolk Syncytial Layer",227,0.0587018360486,3867
0.03,42,3.5,Myotome,70,0.0181018877683,3867
0.03,42,3.5,Nervous System,1395,0.360744763382,3867
0.03,42,3.5,Neural Crest,11,0.00284458236359,3867
0.03,42,3.5,Notochord,1242,0.321179208689,3867
0.03,42,3.5,Pronephros,55,0.0142229118179,3867
0.03,42,3.5,Somite,217,0.0561158520817,3867
0.03,42,3.5,Spinal Cord Dorsal Region,71,0.018360486165,3867
0.03,42,3.5,Yolk Syncytial Layer,2,0.00051719679338,3867
0.03,42,3.5,"Yolk Syncytial Layer, Periderm",4,0.00103439358676,3867
0.03,42,4.0,Anterior Erythroid Lineage Cell,153,0.0280991735537,5445
0.03,42,4.0,Epidermis,6,0.00110192837466,5445
0.03,42,4.0,Eye,28,0.00514233241506,5445
0.03,42,4.0,Fast Muscle Cell,401,0.0736455463728,5445
0.03,42,4.0,Forebrain,196,0.0359963269054,5445
0.03,42,4.0,Hatching Gland,48,0.00881542699725,5445
0.03,42,4.0,"Musculature System, Yolk Syncytial Layer",1113,0.204407713499,5445
0.03,42,4.0,Myotome,130,0.0238751147842,5445
0.03,42,4.0,Nervous System,1995,0.366391184573,5445
0.03,42,4.0,Notochord,273,0.0501377410468,5445
0.03,42,4.0,Pigment Cell,26,0.00477502295684,5445
0.03,42,4.0,Pronephros,693,0.127272727273,5445
0.03,42,4.0,Slow Muscle Cell,2,0.000367309458219,5445
0.03,42,4.0,Somite,33,0.00606060606061,5445
0.03,42,4.0,Spinal Cord Dorsal Region,312,0.0573002754821,5445
0.03,42,4.0,Spinal Cord Ventral Region,36,0.00661157024793,5445
0.06,42,0.0,EVL,272,0.483126110124,563
0.06,42,0.0,Hypoblast,24,0.0426287744227,563
0.06,42,0.0,Margin,22,0.0390763765542,563
0.06,42,0.0,Presumptive Mesoderm,47,0.0834813499112,563
0.06,42,0.0,"Presumptive Mesoderm, Presumptive Ectoderm",100,0.177619893428,563
0.06,42,0.0,Proliferative Like Cell,69,0.122557726465,563
0.06,42,0.0,Yolk Syncytial Layer,29,0.0515097690941,563
0.06,42,0.5,Anterior Neural Keel,14,0.0192043895748,729
0.06,42,0.5,EVL,53,0.0727023319616,729
0.06,42,0.5,Margin,3,0.00411522633745,729
0.06,42,0.5,Notochord,199,0.272976680384,729
0.06,42,0.5,"Paraxial Mesoderm, Neural Keel",155,0.212620027435,729
0.06,42,0.5,Periderm,18,0.0246913580247,729
0.06,42,0.5,Presumptive Mesoderm,28,0.0384087791495,729
0.06,42,0.5,"Presumptive Mesoderm, Presumptive Ectoderm",48,0.0658436213992,729
0.06,42,0.5,Proliferative Like Cell,12,0.0164609053498,729
0.06,42,0.5,"Segmental Plate, Tail Bud",115,0.157750342936,729
0.06,42,0.5,Yolk Syncytial Layer,84,0.115226337449,729
0.06,42,1.0,Anterior Neural Keel,5,0.0048828125,1024
0.06,42,1.0,Notochord,144,0.140625,1024
0.06,42,1.0,"Paraxial Mesoderm, Neural Keel",78,0.076171875,1024
0.06,42,1.0,Periderm,120,0.1171875,1024
0.06,42,1.0,"Segmental Plate, Tail Bud",475,0.4638671875,1024
0.06,42,1.0,Yolk Syncytial Layer,202,0.197265625,1024
0.06,42,1.5,Adaxial Cell,152,0.102702702703,1480
0.06,42,1.5,Neural Rod,52,0.0351351351351,1480
0.06,42,1.5,Notochord,124,0.0837837837838,1480
0.06,42,1.5,"Paraxial Mesoderm, Neural Keel",14,0.00945945945946,1480
0.06,42,1.5,Periderm,298,0.201351351351,1480
0.06,42,1.5,Polster,35,0.0236486486486,1480
0.06,42,1.5,"Segmental Plate, Tail Bud",590,0.398648648649,1480
0.06,42,1.5,Somite,4,0.0027027027027,1480
0.06,42,1.5,Yolk Syncytial Layer,208,0.140540540541,1480
0.06,42,1.5,"Yolk Syncytial Layer, Periderm",3,0.00202702702703,1480
0.06,42,2.0,Adaxial Cell,810,0.391115403187,2071
0.06,42,2.0,Neural Rod,400,0.193143408981,2071
0.06,42,2.0,Notochord,112,0.0540801545147,2071
0.06,42,2.0,Optic Vesicle,17,0.0082085948817,2071
0.06,42,2.0,Periderm,138,0.0666344760985,2071
0.06,42,2.0,Polster,195,0.0941574118783,2071
0.06,42,2.0,"Segmental Plate, Tail Bud",226,0.109126026074,2071
0.06,42,2.0,Somite,82,0.0395943988411,2071
0.06,42,2.0,Yolk Syncytial Layer,46,0.0222114920328,2071
0.06,42,2.0,"Yolk Syncytial Layer, Periderm",45,0.0217286335104,2071
0.06,42,2.5,Adaxial Cell,640,0.242608036391,2638
0.06,42,2.5,Angioblastic Mesenchymal Cell,53,0.0200909780136,2638
0.06,42,2.5,Erythroid Lineage Cell,32,0.0121304018196,2638
0.06,42,2.5,Forebrain,72,0.027293404094,2638
0.06,42,2.5,Hatching Gland,15,0.00568612585292,2638
0.06,42,2.5,Neural Crest,54,0.0204700530705,2638
0.06,42,2.5,Neural Rod,467,0.177028051554,2638
0.06,42,2.5,Notochord,506,0.191811978772,2638
0.06,42,2.5,Optic Vesicle,35,0.0132676269901,2638
0.06,42,2.5,Periderm,30,0.0113722517058,2638
0.06,42,2.5,Polster,146,0.0553449583017,2638
0.06,42,2.5,"Segmental Plate, Tail Bud",102,0.0386656557998,2638
0.06,42,2.5,Somite,383,0.145185746778,2638
0.06,42,2.5,Yolk Syncytial Layer,13,0.0049279757392,2638
0.06,42,2.5,"Yolk Syncytial Layer, Periderm",90,0.0341167551175,2638
0.06,42,3.0,Adaxial Cell,52,0.0160741885626,3235
0.06,42,3.0,Angioblastic Mesenchymal Cell,142,0.0438948995363,3235
0.06,42,3.0,Anterior Erythroid Lineage Cell,7,0.00216383307573,3235
0.06,42,3.0,Epidermis,3,0.000927357032457,3235
0.06,42,3.0,Erythroid Lineage Cell,165,0.0510046367852,3235
0.06,42,3.0,Fast Muscle Cell,1,0.000309119010819,3235
0.06,42,3.0,Forebrain,531,0.164142194745,3235
0.06,42,3.0,Hatching Gland,67,0.0207109737249,3235
0.06,42,3.0,"Musculature System, Yolk Syncytial Layer",13,0.00401854714065,3235
0.06,42,3.0,Nervous System,156,0.0482225656878,3235
0.06,42,3.0,Neural Crest,158,0.0488408037094,3235
0.06,42,3.0,Neural Rod,40,0.0123647604328,3235
0.06,42,3.0,Notochord,1133,0.350231839258,3235
0.06,42,3.0,Polster,1,0.000309119010819,3235
0.06,42,3.0,Pronephros,10,0.00309119010819,3235
0.06,42,3.0,"Segmental Plate, Tail Bud",10,0.00309119010819,3235
0.06,42,3.0,Somite,696,0.21514683153,3235
0.06,42,3.0,Yolk Syncytial Layer,23,0.00710973724884,3235
0.06,42,3.0,"Yolk Syncytial Layer, Periderm",27,0.00834621329212,3235
0.06,42,3.5,Adaxial Cell,1,0.000235626767201,4244
0.06,42,3.5,Angioblastic Mesenchymal Cell,65,0.015315739868,4244
0.06,42,3.5,Anterior Erythroid Lineage Cell,54,0.0127238454288,4244
0.06,42,3.5,Epidermis,39,0.00918944392083,4244
0.06,42,3.5,Erythroid Lineage Cell,97,0.0228557964185,4244
0.06,42,3.5,Fast Muscle Cell,185,0.0435909519321,4244
0.06,42,3.5,Forebrain,476,0.112158341188,4244
0.06,42,3.5,Hatching Gland,132,0.0311027332705,4244
0.06,42,3.5,"Musculature System, Yolk Syncytial Layer",345,0.0812912346843,4244
0.06,42,3.5,Myotome,21,0.00494816211122,4244
0.06,42,3.5,Nervous System,911,0.21465598492,4244
0.06,42,3.5,Neural Crest,25,0.00589066918002,4244
0.06,42,3.5,Notochord,1112,0.262016965127,4244
0.06,42,3.5,Pigment Cell,4,0.000942507068803,4244
0.06,42,3.5,Pronephros,208,0.0490103675778,4244
0.06,42,3.5,Slow Muscle Cell,2,0.000471253534402,4244
0.06,42,3.5,Somite,565,0.133129123468,4244
0.06,42,3.5,Spinal Cord Dorsal Region,2,0.000471253534402,4244
0.06,42,4.0,Angioblastic Mesenchymal Cell,4,0.000652528548124,6130
0.06,42,4.0,Anterior Erythroid Lineage Cell,213,0.0347471451876,6130
0.06,42,4.0,Epidermis,6,0.000978792822186,6130
0.06,42,4.0,Erythroid Lineage Cell,5,0.000815660685155,6130
0.06,42,4.0,Eye,38,0.00619902120718,6130
0.06,42,4.0,Fast Muscle Cell,627,0.102283849918,6130
0.06,42,4.0,Forebrain,296,0.0482871125612,6130
0.06,42,4.0,Hatching Gland,143,0.0233278955954,6130
0.06,42,4.0,"Musculature System, Yolk Syncytial Layer",1426,0.232626427406,6130
0.06,42,4.0,Myotome,13,0.0021207177814,6130
0.06,42,4.0,Nervous System,1215,0.198205546493,6130
0.06,42,4.0,Neural Crest,3,0.000489396411093,6130
0.06,42,4.0,Notochord,430,0.0701468189233,6130
0.06,42,4.0,Pigment Cell,12,0.00195758564437,6130
0.06,42,4.0,Pronephros,1494,0.243719412724,6130
0.06,42,4.0,Somite,146,0.0238172920065,6130
0.06,42,4.0,Spinal Cord Dorsal Region,50,0.00815660685155,6130
0.06,42,4.0,Spinal Cord Ventral Region,7,0.00114192495922,6130
0.06,42,4.0,Yolk Syncytial Layer,2,0.000326264274062,6130
0.0,43,0.0,EVL,272,0.483126110124,563
0.0,43,0.0,Hypoblast,24,0.0426287744227,563
0.0,43,0.0,Margin,22,0.0390763765542,563
0.0,43,0.0,Presumptive Mesoderm,47,0.0834813499112,563
0.0,43,0.0,"Presumptive Mesoderm, Presumptive Ectoderm",100,0.177619893428,563
0.0,43,0.0,Proliferative Like Cell,69,0.122557726465,563
0.0,43,0.0,Yolk Syncytial Layer,29,0.0515097690941,563
0.0,43,0.5,Anterior Neural Keel,14,0.0196629213483,712
0.0,43,0.5,EVL,56,0.0786516853933,712
0.0,43,0.5,Notochord,163,0.22893258427,712
0.0,43,0.5,"Paraxial Mesoderm, Neural Keel",121,0.169943820225,712
0.0,43,0.5,Periderm,23,0.0323033707865,712
0.0,43,0.5,Presumptive Mesoderm,35,0.0491573033708,712
0.0,43,0.5,"Presumptive Mesoderm, Presumptive Ectoderm",79,0.11095505618,712
0.0,43,0.5,Proliferative Like Cell,23,0.0323033707865,712
0.0,43,0.5,"Segmental Plate, Tail Bud",118,0.165730337079,712
0.0,43,0.5,Yolk Syncytial Layer,80,0.112359550562,712
0.0,43,1.0,Anterior Neural Keel,3,0.00297914597815,1007
0.0,43,1.0,Notochord,65,0.06454816286,1007
0.0,43,1.0,"Paraxial Mesoderm, Neural Keel",96,0.0953326713009,1007
0.0,43,1.0,Periderm,152,0.150943396226,1007
0.0,43,1.0,"Segmental Plate, Tail Bud",522,0.518371400199,1007
0.0,43,1.0,Yolk Syncytial Layer,169,0.167825223436,1007
0.0,43,1.5,Adaxial Cell,169,0.120628122769,1401
0.0,43,1.5,Neural Rod,113,0.0806566738044,1401
0.0,43,1.5,Notochord,13,0.00927908636688,1401
0.0,43,1.5,"Paraxial Mesoderm, Neural Keel",3,0.00214132762313,1401
0.0,43,1.5,Periderm,251,0.179157744468,1401
0.0,43,1.5,Polster,19,0.0135617416131,1401
0.0,43,1.5,"Segmental Plate, Tail Bud",646,0.461099214847,1401
0.0,43,1.5,Somite,1,0.000713775874375,1401
0.0,43,1.5,Yolk Syncytial Layer,156,0.111349036403,1401
0.0,43,1.5,"Yolk Syncytial Layer, Periderm",30,0.0214132762313,1401
0.0,43,2.0,Adaxial Cell,912,0.489008042895,1865
0.0,43,2.0,Neural Rod,531,0.28471849866,1865
0.0,43,2.0,Optic Vesicle,19,0.0101876675603,1865
0.0,43,2.0,Periderm,76,0.0407506702413,1865
0.0,43,2.0,Polster,123,0.0659517426273,1865
0.0,43,2.0,"Segmental Plate, Tail Bud",133,0.0713136729223,1865
0.0,43,2.0,Somite,21,0.0112600536193,1865
0.0,43,2.0,Yolk Syncytial Layer,13,0.00697050938338,1865
0.0,43,2.0,"Yolk Syncytial Layer, Periderm",37,0.0198391420912,1865
0.0,43,2.5,Adaxial Cell,512,0.224956063269,2276
0.0,43,2.5,Angioblastic Mesenchymal Cell,89,0.0391036906854,2276
0.0,43,2.5,Erythroid Lineage Cell,45,0.0197715289982,2276
0.0,43,2.5,Forebrain,179,0.0786467486819,2276
0.0,43,2.5,Hatching Gland,2,0.000878734622144,2276
0.0,43,2.5,Nervous System,4,0.00175746924429,2276
0.0,43,2.5,Neural Crest,90,0.0395430579965,2276
0.0,43,2.5,Neural Rod,515,0.226274165202,2276
0.0,43,2.5,Notochord,254,0.111599297012,2276
0.0,43,2.5,Optic Vesicle,5,0.00219683655536,2276
0.0,43,2.5,Periderm,40,0.0175746924429,2276
0.0,43,2.5,Polster,23,0.0101054481547,2276
0.0,43,2.5,"Segmental Plate, Tail Bud",35,0.0153778558875,2276
0.0,43,2.5,Somite,396,0.173989455185,2276
0.0,43,2.5,Yolk Syncytial Layer,15,0.00659050966608,2276
0.0,43,2.5,"Yolk Syncytial Layer, Periderm",72,0.0316344463972,2276
0.0,43,3.0,Adaxial Cell,13,0.00481838398814,2698
0.0,43,3.0,Angioblastic Mesenchymal Cell,130,0.0481838398814,2698
0.0,43,3.0,Anterior Erythroid Lineage Cell,1,0.000370644922165,2698
0.0,43,3.0,Erythroid Lineage Cell,79,0.029280948851,2698
0.0,43,3.0,Forebrain,346,0.128243143069,2698
0.0,43,3.0,Hatching Gland,55,0.0203854707191,2698
0.0,43,3.0,Nervous System,327,0.121200889548,2698
0.0,43,3.0,Neural Crest,308,0.114158636027,2698
0.0,43,3.0,Neural Rod,3,0.00111193476649,2698
0.0,43,3.0,Notochord,1021,0.37842846553,2698
0.0,43,3.0,Somite,318,0.117865085248,2698
0.0,43,3.0,Yolk Syncytial Layer,35,0.0129725722758,2698
0.0,43,3.0,"Yolk Syncytial Layer, Periderm",62,0.0229799851742,2698
0.0,43,3.5,Angioblastic Mesenchymal Cell,12,0.00353460972018,3395
0.0,43,3.5,Anterior Erythroid Lineage Cell,179,0.0527245949926,3395
0.0,43,3.5,Epidermis,118,0.0347569955817,3395
0.0,43,3.5,Erythroid Lineage Cell,28,0.00824742268041,3395
0.0,43,3.5,Fast Muscle Cell,32,0.00942562592047,3395
0.0,43,3.5,Forebrain,172,0.0506627393225,3395
0.0,43,3.5,Hatching Gland,90,0.0265095729013,3395
0.0,43,3.5,"Musculature System, Yolk Syncytial Layer",119,0.0350515463918,3395
0.0,43,3.5,Myotome,15,0.00441826215022,3395
0.0,43,3.5,Nervous System,1253,0.369072164948,3395
0.0,43,3.5,Neural Crest,12,0.00353460972018,3395
0.0,43,3.5,Notochord,1150,0.338733431517,3395
0.0,43,3.5,Pronephros,84,0.0247422680412,3395
0.0,43,3.5,Somite,64,0.0188512518409,3395
0.0,43,3.5,Spinal Cord Dorsal Region,53,0.0156111929308,3395
0.0,43,3.5,Yolk Syncytial Layer,14,0.00412371134021,3395
0.0,43,4.0,Anterior Erythroid Lineage Cell,118,0.0247587075115,4766
0.0,43,4.0,Epidermis,9,0.00188837599664,4766
0.0,43,4.0,Eye,67,0.0140579101972,4766
0.0,43,4.0,Fast Muscle Cell,211,0.0442719261435,4766
0.0,43,4.0,Forebrain,107,0.0224506924045,4766
0.0,43,4.0,Hatching Gland,64,0.0134284515317,4766
0.0,43,4.0,"Musculature System, Yolk Syncytial Layer",931,0.195342005875,4766
0.0,43,4.0,Myotome,197,0.041334452371,4766
0.0,43,4.0,Nervous System,1525,0.319974821653,4766
0.0,43,4.0,Notochord,398,0.0835081829627,4766
0.0,43,4.0,Pigment Cell,28,0.00587494754511,4766
0.0,43,4.0,Pronephros,646,0.135543432648,4766
0.0,43,4.0,Somite,4,0.00083927822073,4766
0.0,43,4.0,Spinal Cord Anterior Region,20,0.00419639110365,4766
0.0,43,4.0,Spinal Cord Dorsal Region,324,0.0679815358791,4766
0.0,43,4.0,Spinal Cord Ventral Region,114,0.0239194292908,4766
0.0,43,4.0,Yolk Syncytial Layer,3,0.000629458665548,4766
0.01,43,0.0,EVL,272,0.483126110124,563
0.01,43,0.0,Hypoblast,24,0.0426287744227,563
0.01,43,0.0,Margin,22,0.0390763765542,563
0.01,43,0.0,Presumptive Mesoderm,47,0.0834813499112,563
0.01,43,0.0,"Presumptive Mesoderm, Presumptive Ectoderm",100,0.177619893428,563
0.01,43,0.0,Proliferative Like Cell,69,0.122557726465,563
0.01,43,0.0,Yolk Syncytial Layer,29,0.0515097690941,563
0.01,43,0.5,Anterior Neural Keel,11,0.015514809591,709
0.01,43,0.5,EVL,39,0.0550070521862,709
0.01,43,0.5,Notochord,165,0.232722143865,709
0.01,43,0.5,"Paraxial Mesoderm, Neural Keel",155,0.218617771509,709
0.01,43,0.5,Periderm,10,0.0141043723554,709
0.01,43,0.5,Presumptive Mesoderm,25,0.0352609308886,709
0.01,43,0.5,"Presumptive Mesoderm, Presumptive Ectoderm",80,0.112834978843,709
0.01,43,0.5,Proliferative Like Cell,21,0.0296191819464,709
0.01,43,0.5,"Segmental Plate, Tail Bud",117,0.165021156559,709
0.01,43,0.5,Yolk Syncytial Layer,86,0.121297602257,709
0.01,43,1.0,Notochord,21,0.0211693548387,992
0.01,43,1.0,"Paraxial Mesoderm, Neural Keel",91,0.0917338709677,992
0.01,43,1.0,Periderm,164,0.165322580645,992
0.01,43,1.0,"Segmental Plate, Tail Bud",570,0.574596774194,992
0.01,43,1.0,Yolk Syncytial Layer,146,0.147177419355,992
0.01,43,1.5,Adaxial Cell,128,0.0931586608443,1374
0.01,43,1.5,Neural Rod,73,0.0531295487627,1374
0.01,43,1.5,Notochord,6,0.00436681222707,1374
0.01,43,1.5,"Paraxial Mesoderm, Neural Keel",6,0.00436681222707,1374
0.01,43,1.5,Periderm,287,0.208879184862,1374
0.01,43,1.5,Polster,17,0.0123726346434,1374
0.01,43,1.5,"Segmental Plate, Tail Bud",695,0.505822416303,1374
0.01,43,1.5,Somite,1,0.000727802037846,1374
0.01,43,1.5,Yolk Syncytial Layer,127,0.0924308588064,1374
0.01,43,1.5,"Yolk Syncytial Layer, Periderm",34,0.0247452692868,1374
0.01,43,2.0,Adaxial Cell,895,0.487472766885,1836
0.01,43,2.0,Neural Rod,511,0.278322440087,1836
0.01,43,2.0,Notochord,2,0.00108932461874,1836
0.01,43,2.0,Optic Vesicle,10,0.00544662309368,1836
0.01,43,2.0,Periderm,70,0.0381263616558,1836
0.01,43,2.0,Polster,154,0.0838779956427,1836
0.01,43,2.0,"Segmental Plate, Tail Bud",133,0.072440087146,1836
0.01,43,2.0,Somite,12,0.00653594771242,1836
0.01,43,2.0,Yolk Syncytial Layer,13,0.00708061002179,1836
0.01,43,2.0,"Yolk Syncytial Layer, Periderm",36,0.0196078431373,1836
0.01,43,2.5,Adaxial Cell,593,0.262971175166,2255
0.01,43,2.5,Angioblastic Mesenchymal Cell,55,0.0243902439024,2255
0.01,43,2.5,Erythroid Lineage Cell,29,0.0128603104213,2255
0.01,43,2.5,Forebrain,192,0.0851441241685,2255
0.01,43,2.5,Hatching Gland,17,0.00753880266075,2255
0.01,43,2.5,Neural Crest,63,0.0279379157428,2255
0.01,43,2.5,Neural Rod,507,0.224833702882,2255
0.01,43,2.5,Notochord,298,0.132150776053,2255
0.01,43,2.5,Optic Vesicle,6,0.00266075388027,2255
0.01,43,2.5,Periderm,44,0.019512195122,2255
0.01,43,2.5,Polster,8,0.00354767184035,2255
0.01,43,2.5,"Segmental Plate, Tail Bud",55,0.0243902439024,2255
0.01,43,2.5,Somite,277,0.122838137472,2255
0.01,43,2.5,Yolk Syncytial Layer,14,0.00620842572062,2255
0.01,43,2.5,"Yolk Syncytial Layer, Periderm",97,0.0430155210643,2255
0.01,43,3.0,Adaxial Cell,2,0.00074294205052,2692
0.01,43,3.0,Angioblastic Mesenchymal Cell,207,0.0768945022288,2692
0.01,43,3.0,Anterior Erythroid Lineage Cell,5,0.0018573551263,2692
0.01,43,3.0,Erythroid Lineage Cell,102,0.0378900445765,2692
0.01,43,3.0,Forebrain,359,0.133358098068,2692
0.01,43,3.0,Hatching Gland,51,0.0189450222883,2692
0.01,43,3.0,Nervous System,268,0.0995542347697,2692
0.01,43,3.0,Neural Crest,329,0.122213967311,2692
0.01,43,3.0,Notochord,1098,0.407875185736,2692
0.01,43,3.0,"Segmental Plate, Tail Bud",5,0.0018573551263,2692
0.01,43,3.0,Somite,173,0.06426448737,2692
0.01,43,3.0,Yolk Syncytial Layer,10,0.0037147102526,2692
0.01,43,3.0,"Yolk Syncytial Layer, Periderm",83,0.0308320950966,2692
0.01,43,3.5,Angioblastic Mesenchymal Cell,9,0.0026540843409,3391
0.01,43,3.5,Anterior Erythroid Lineage Cell,179,0.0527867885579,3391
0.01,43,3.5,Epidermis,74,0.0218224712474,3391
0.01,43,3.5,Eye,5,0.0014744913005,3391
0.01,43,3.5,Forebrain,197,0.0580949572398,3391
0.01,43,3.5,Hatching Gland,65,0.0191683869065,3391
0.01,43,3.5,"Musculature System, Yolk Syncytial Layer",146,0.0430551459746,3391
0.01,43,3.5,Myotome,20,0.00589796520201,3391
0.01,43,3.5,Nervous System,1267,0.373636095547,3391
0.01,43,3.5,Neural Crest,9,0.0026540843409,3391
0.01,43,3.5,Notochord,1285,0.378944264229,3391
0.01,43,3.5,Pronephros,63,0.0185785903863,3391
0.01,43,3.5,Somite,46,0.0135653199646,3391
0.01,43,3.5,Spinal Cord Dorsal Region,18,0.0053081686818,3391
0.01,43,3.5,"Yolk Syncytial Layer, Periderm",8,0.0023591860808,3391
0.01,43,4.0,Anterior Erythroid Lineage Cell,96,0.0201257861635,4770
0.01,43,4.0,Epidermis,9,0.00188679245283,4770
0.01,43,4.0,Eye,25,0.00524109014675,4770
0.01,43,4.0,Fast Muscle Cell,174,0.0364779874214,4770
0.01,43,4.0,Forebrain,127,0.0266247379455,4770
0.01,43,4.0,Hatching Gland,55,0.0115303983229,4770
0.01,43,4.0,"Musculature System, Yolk Syncytial Layer",855,0.179245283019,4770
0.01,43,4.0,Myotome,214,0.0448637316562,4770
0.01,43,4.0,Nervous System,1640,0.343815513627,4770
0.01,43,4.0,Notochord,503,0.105450733753,4770
0.01,43,4.0,Pigment Cell,12,0.00251572327044,4770
0.01,43,4.0,Pronephros,655,0.137316561845,4770
0.01,43,4.0,Somite,8,0.00167714884696,4770
0.01,43,4.0,Spinal Cord Anterior Region,6,0.00125786163522,4770
0.01,43,4.0,Spinal Cord Dorsal Region,310,0.0649895178197,4770
0.01,43,4.0,Spinal Cord Ventral Region,81,0.0169811320755,4770
0.03,43,0.0,EVL,272,0.483126110124,563
0.03,43,0.0,Hypoblast,24,0.0426287744227,563
0.03,43,0.0,Margin,22,0.0390763765542,563
0.03,43,0.0,Presumptive Mesoderm,47,0.0834813499112,563
0.03,43,0.0,"Presumptive Mesoderm, Presumptive Ectoderm",100,0.177619893428,563
0.03,43,0.0,Proliferative Like Cell,69,0.122557726465,563
0.03,43,0.0,Yolk Syncytial Layer,29,0.0515097690941,563
0.03,43,0.5,Anterior Neural Keel,28,0.0393811533052,711
0.03,43,0.5,EVL,32,0.0450070323488,711
0.03,43,0.5,Notochord,186,0.261603375527,711
0.03,43,0.5,"Paraxial Mesoderm, Neural Keel",142,0.199718706048,711
0.03,43,0.5,Periderm,14,0.0196905766526,711
0.03,43,0.5,Presumptive Mesoderm,39,0.0548523206751,711
0.03,43,0.5,"Presumptive Mesoderm, Presumptive Ectoderm",63,0.0886075949367,711
0.03,43,0.5,Proliferative Like Cell,19,0.0267229254571,711
0.03,43,0.5,"Segmental Plate, Tail Bud",113,0.158931082982,711
0.03,43,0.5,Yolk Syncytial Layer,75,0.105485232068,711
0.03,43,1.0,Anterior Neural Keel,2,0.00201816347124,991
0.03,43,1.0,Notochord,31,0.0312815338042,991
0.03,43,1.0,"Paraxial Mesoderm, Neural Keel",72,0.0726538849647,991
0.03,43,1.0,Periderm,186,0.187689202825,991
0.03,43,1.0,"Segmental Plate, Tail Bud",560,0.565085771948,991
0.03,43,1.0,Yolk Syncytial Layer,140,0.141271442987,991
0.03,43,1.5,Adaxial Cell,149,0.107892831282,1381
0.03,43,1.5,Neural Rod,97,0.0702389572773,1381
0.03,43,1.5,Notochord,4,0.00289645184649,1381
0.03,43,1.5,"Paraxial Mesoderm, Neural Keel",4,0.00289645184649,1381
0.03,43,1.5,Periderm,303,0.219406227371,1381
0.03,43,1.5,Polster,14,0.0101375814627,1381
0.03,43,1.5,"Segmental Plate, Tail Bud",653,0.472845763939,1381
0.03,43,1.5,Somite,1,0.000724112961622,1381
0.03,43,1.5,Yolk Syncytial Layer,134,0.0970311368573,1381
0.03,43,1.5,"Yolk Syncytial Layer, Periderm",22,0.0159304851557,1381
0.03,43,2.0,Adaxial Cell,880,0.474393530997,1855
0.03,43,2.0,Neural Rod,561,0.302425876011,1855
0.03,43,2.0,Optic Vesicle,9,0.00485175202156,1855
0.03,43,2.0,Periderm,120,0.0646900269542,1855
0.03,43,2.0,Polster,116,0.0625336927224,1855
0.03,43,2.0,"Segmental Plate, Tail Bud",100,0.0539083557951,1855
0.03,43,2.0,Somite,13,0.00700808625337,1855
0.03,43,2.0,Yolk Syncytial Layer,10,0.00539083557951,1855
0.03,43,2.0,"Yolk Syncytial Layer, Periderm",46,0.0247978436658,1855
0.03,43,2.5,Adaxial Cell,662,0.289842381786,2284
0.03,43,2.5,Angioblastic Mesenchymal Cell,58,0.0253940455342,2284
0.03,43,2.5,Erythroid Lineage Cell,41,0.0179509632224,2284
0.03,43,2.5,Forebrain,133,0.05823117338,2284
0.03,43,2.5,Hatching Gland,4,0.00175131348511,2284
0.03,43,2.5,Neural Crest,65,0.0284588441331,2284
0.03,43,2.5,Neural Rod,542,0.237302977233,2284
0.03,43,2.5,Notochord,283,0.123905429072,2284
0.03,43,2.5,Optic Vesicle,35,0.0153239929947,2284
0.03,43,2.5,Periderm,30,0.0131348511384,2284
0.03,43,2.5,Polster,66,0.0288966725044,2284
0.03,43,2.5,"Segmental Plate, Tail Bud",37,0.0161996497373,2284
0.03,43,2.5,Somite,239,0.104640980736,2284
0.03,43,2.5,Yolk Syncytial Layer,17,0.00744308231173,2284
0.03,43,2.5,"Yolk Syncytial Layer, Periderm",72,0.031523642732,2284
0.03,43,3.0,Adaxial Cell,22,0.00798258345428,2756
0.03,43,3.0,Angioblastic Mesenchymal Cell,146,0.0529753265602,2756
0.03,43,3.0,Erythroid Lineage Cell,164,0.0595065312046,2756
0.03,43,3.0,Forebrain,435,0.157837445573,2756
0.03,43,3.0,Hatching Gland,53,0.0192307692308,2756
0.03,43,3.0,Nervous System,256,0.0928882438316,2756
0.03,43,3.0,Neural Crest,247,0.0896226415094,2756
0.03,43,3.0,"Neural Crest, Otic Vesicle",2,0.000725689404935,2756
0.03,43,3.0,Neural Rod,9,0.00326560232221,2756
0.03,43,3.0,Notochord,1111,0.403120464441,2756
0.03,43,3.0,Somite,260,0.0943396226415,2756
0.03,43,3.0,Yolk Syncytial Layer,44,0.0159651669086,2756
0.03,43,3.0,"Yolk Syncytial Layer, Periderm",7,0.00253991291727,2756
0.03,43,3.5,Angioblastic Mesenchymal Cell,12,0.00344629523262,3482
0.03,43,3.5,Anterior Erythroid Lineage Cell,109,0.031303848363,3482
0.03,43,3.5,Epidermis,92,0.0264215967835,3482
0.03,43,3.5,Erythroid Lineage Cell,29,0.00832854681218,3482
0.03,43,3.5,Eye,10,0.00287191269385,3482
0.03,43,3.5,Fast Muscle Cell,27,0.00775416427341,3482
0.03,43,3.5,Forebrain,251,0.0720850086157,3482
0.03,43,3.5,Hatching Gland,62,0.0178058587019,3482
0.03,43,3.5,"Musculature System, Yolk Syncytial Layer",203,0.0582998276852,3482
0.03,43,3.5,Myotome,51,0.0146467547387,3482
0.03,43,3.5,Nervous System,1315,0.377656519242,3482
0.03,43,3.5,Neural Crest,8,0.00229753015508,3482
0.03,43,3.5,Notochord,1030,0.295807007467,3482
0.03,43,3.5,Pronephros,116,0.0333141872487,3482
0.03,43,3.5,Somite,149,0.0427914991384,3482
0.03,43,3.5,Spinal Cord Dorsal Region,10,0.00287191269385,3482
0.03,43,3.5,Yolk Syncytial Layer,7,0.0020103388857,3482
0.03,43,3.5,"Yolk Syncytial Layer, Periderm",1,0.000287191269385,3482
0.03,43,4.0,Anterior Erythroid Lineage Cell,133,0.0271483976322,4899
0.03,43,4.0,Epidermis,7,0.00142886303327,4899
0.03,43,4.0,Eye,33,0.00673606858543,4899
0.03,43,4.0,Fast Muscle Cell,320,0.0653194529496,4899
0.03,43,4.0,Forebrain,181,0.0369463155746,4899
0.03,43,4.0,Hatching Gland,25,0.00510308226169,4899
0.03,43,4.0,"Musculature System, Yolk Syncytial Layer",944,0.192692386201,4899
0.03,43,4.0,Myotome,92,0.018779342723,4899
0.03,43,4.0,Nervous System,1804,0.368238416003,4899
0.03,43,4.0,Notochord,360,0.0734843845683,4899
0.03,43,4.0,Pigment Cell,3,0.000612369871402,4899
0.03,43,4.0,Pronephros,776,0.158399673403,4899
0.03,43,4.0,Somite,20,0.00408246580935,4899
0.03,43,4.0,Spinal Cord Dorsal Region,183,0.0373545621555,4899
0.03,43,4.0,Spinal Cord Ventral Region,18,0.00367421922841,4899
0.06,43,0.0,EVL,272,0.483126110124,563
0.06,43,0.0,Hypoblast,24,0.0426287744227,563
0.06,43,0.0,Margin,22,0.0390763765542,563
0.06,43,0.0,Presumptive Mesoderm,47,0.0834813499112,563
0.06,43,0.0,"Presumptive Mesoderm, Presumptive Ectoderm",100,0.177619893428,563
0.06,43,0.0,Proliferative Like Cell,69,0.122557726465,563
0.06,43,0.0,Yolk Syncytial Layer,29,0.0515097690941,563
0.06,43,0.5,Anterior Neural Keel,22,0.030985915493,710
0.06,43,0.5,EVL,24,0.0338028169014,710
0.06,43,0.5,Notochord,216,0.304225352113,710
0.06,43,0.5,"Paraxial Mesoderm, Neural Keel",117,0.164788732394,710
0.06,43,0.5,Periderm,11,0.0154929577465,710
0.06,43,0.5,Presumptive Mesoderm,31,0.043661971831,710
0.06,43,0.5,"Presumptive Mesoderm, Presumptive Ectoderm",56,0.0788732394366,710
0.06,43,0.5,Proliferative Like Cell,8,0.0112676056338,710
0.06,43,0.5,"Segmental Plate, Tail Bud",126,0.177464788732,710
0.06,43,0.5,Yolk Syncytial Layer,99,0.139436619718,710
0.06,43,1.0,Notochord,150,0.150451354062,997
0.06,43,1.0,"Paraxial Mesoderm, Neural Keel",85,0.0852557673019,997
0.06,43,1.0,Periderm,151,0.151454363089,997
0.06,43,1.0,Polster,4,0.00401203610832,997
0.06,43,1.0,"Segmental Plate, Tail Bud",442,0.44332998997,997
0.06,43,1.0,Yolk Syncytial Layer,165,0.165496489468,997
0.06,43,1.5,Adaxial Cell,176,0.125177809388,1406
0.06,43,1.5,Neural Rod,61,0.0433854907539,1406
0.06,43,1.5,Notochord,126,0.0896159317212,1406
0.06,43,1.5,Optic Vesicle,1,0.000711237553343,1406
0.06,43,1.5,"Paraxial Mesoderm, Neural Keel",25,0.0177809388336,1406
0.06,43,1.5,Periderm,272,0.193456614509,1406
0.06,43,1.5,Polster,38,0.027027027027,1406
0.06,43,1.5,"Segmental Plate, Tail Bud",495,0.352062588905,1406
0.06,43,1.5,Somite,2,0.00142247510669,1406
0.06,43,1.5,Yolk Syncytial Layer,204,0.145092460882,1406
0.06,43,1.5,"Yolk Syncytial Layer, Periderm",6,0.00426742532006,1406
0.06,43,2.0,Adaxial Cell,720,0.378349973726,1903
0.06,43,2.0,Erythroid Lineage Cell,1,0.000525486074619,1903
0.06,43,2.0,Neural Crest,2,0.00105097214924,1903
0.06,43,2.0,Neural Rod,429,0.225433526012,1903
0.06,43,2.0,Notochord,85,0.0446663163426,1903
0.06,43,2.0,Optic Vesicle,22,0.0115606936416,1903
0.06,43,2.0,Periderm,140,0.0735680504467,1903
0.06,43,2.0,Polster,158,0.0830267997898,1903
0.06,43,2.0,"Segmental Plate, Tail Bud",229,0.120336311088,1903
0.06,43,2.0,Somite,70,0.0367840252233,1903
0.06,43,2.0,Yolk Syncytial Layer,34,0.017866526537,1903
0.06,43,2.0,"Yolk Syncytial Layer, Periderm",13,0.00683131897005,1903
0.06,43,2.5,Adaxial Cell,651,0.266475644699,2443
0.06,43,2.5,Angioblastic Mesenchymal Cell,39,0.0159639787147,2443
0.06,43,2.5,Erythroid Lineage Cell,48,0.0196479738027,2443
0.06,43,2.5,Forebrain,54,0.022103970528,2443
0.06,43,2.5,Nervous System,4,0.00163733115023,2443
0.06,43,2.5,Neural Crest,82,0.0335652885796,2443
0.06,43,2.5,Neural Rod,426,0.174375767499,2443
0.06,43,2.5,Notochord,313,0.128121162505,2443
0.06,43,2.5,Optic Vesicle,40,0.0163733115023,2443
0.06,43,2.5,Periderm,29,0.0118706508391,2443
0.06,43,2.5,Polster,208,0.0851412198117,2443
0.06,43,2.5,"Segmental Plate, Tail Bud",125,0.0511665984445,2443
0.06,43,2.5,Somite,393,0.16086778551,2443
0.06,43,2.5,Yolk Syncytial Layer,6,0.00245599672534,2443
0.06,43,2.5,"Yolk Syncytial Layer, Periderm",25,0.0102333196889,2443
0.06,43,3.0,Adaxial Cell,42,0.0136852394917,3069
0.06,43,3.0,Angioblastic Mesenchymal Cell,131,0.0426849136527,3069
0.06,43,3.0,Anterior Erythroid Lineage Cell,1,0.000325839035516,3069
0.06,43,3.0,Erythroid Lineage Cell,239,0.0778755294884,3069
0.06,43,3.0,Fast Muscle Cell,1,0.000325839035516,3069
0.06,43,3.0,Forebrain,442,0.144020853698,3069
0.06,43,3.0,Hatching Gland,63,0.0205278592375,3069
0.06,43,3.0,"Musculature System, Yolk Syncytial Layer",11,0.00358422939068,3069
0.06,43,3.0,Myotome,3,0.000977517106549,3069
0.06,43,3.0,Nervous System,214,0.0697295536005,3069
0.06,43,3.0,Neural Crest,175,0.0570218312154,3069
0.06,43,3.0,Neural Rod,56,0.0182469859889,3069
0.06,43,3.0,Notochord,983,0.320299771913,3069
0.06,43,3.0,Polster,40,0.0130335614207,3069
0.06,43,3.0,Pronephros,22,0.00716845878136,3069
0.06,43,3.0,"Segmental Plate, Tail Bud",17,0.00553926360378,3069
0.06,43,3.0,Slow Muscle Cell,1,0.000325839035516,3069
0.06,43,3.0,Somite,613,0.199739328772,3069
0.06,43,3.0,"Yolk Syncytial Layer, Periderm",15,0.00488758553275,3069
0.06,43,3.5,Angioblastic Mesenchymal Cell,65,0.0163563160544,3974
0.06,43,3.5,Anterior Erythroid Lineage Cell,53,0.0133366884751,3974
0.06,43,3.5,Epidermis,31,0.00780070457977,3974
0.06,43,3.5,Erythroid Lineage Cell,111,0.0279315551082,3974
0.06,43,3.5,Fast Muscle Cell,79,0.0198792148968,3974
0.06,43,3.5,Forebrain,474,0.119275289381,3974
0.06,43,3.5,Hatching Gland,110,0.0276799194766,3974
0.06,43,3.5,"Musculature System, Yolk Syncytial Layer",187,0.0470558631102,3974
0.06,43,3.5,Myotome,22,0.00553598389532,3974
0.06,43,3.5,Nervous System,966,0.243080020131,3974
0.06,43,3.5,Neural Crest,62,0.0156014091595,3974
0.06,43,3.5,Notochord,1072,0.269753397081,3974
0.06,43,3.5,Pigment Cell,3,0.000754906894816,3974
0.06,43,3.5,Pronephros,287,0.0722194262708,3974
0.06,43,3.5,Slow Muscle Cell,3,0.000754906894816,3974
0.06,43,3.5,Somite,448,0.112732762959,3974
0.06,43,3.5,"Yolk Syncytial Layer, Periderm",1,0.000251635631605,3974
0.06,43,4.0,Angioblastic Mesenchymal Cell,6,0.00105355575066,5695
0.06,43,4.0,Anterior Erythroid Lineage Cell,157,0.0275680421422,5695
0.06,43,4.0,Epidermis,7,0.00122914837577,5695
0.06,43,4.0,Eye,77,0.0135206321335,5695
0.06,43,4.0,Fast Muscle Cell,383,0.067251975417,5695
0.06,43,4.0,Forebrain,303,0.0532045654083,5695
0.06,43,4.0,Hatching Gland,199,0.0349429323968,5695
0.06,43,4.0,"Musculature System, Yolk Syncytial Layer",1041,0.182791922739,5695
0.06,43,4.0,Myotome,35,0.00614574187884,5695
0.06,43,4.0,Nervous System,1334,0.234240561896,5695
0.06,43,4.0,Neural Crest,16,0.00280948200176,5695
0.06,43,4.0,Notochord,401,0.070412642669,5695
0.06,43,4.0,Pigment Cell,22,0.00386303775241,5695
0.06,43,4.0,Pronephros,1599,0.28077260755,5695
0.06,43,4.0,Slow Muscle Cell,2,0.000351185250219,5695
0.06,43,4.0,Somite,91,0.015978928885,5695
0.06,43,4.0,Spinal Cord Dorsal Region,17,0.00298507462687,5695
0.06,43,4.0,Yolk Syncytial Layer,5,0.000877963125549,5695
0.0,44,0.0,EVL,272,0.483126110124,563
0.0,44,0.0,Hypoblast,24,0.0426287744227,563
0.0,44,0.0,Margin,22,0.0390763765542,563
0.0,44,0.0,Presumptive Mesoderm,47,0.0834813499112,563
0.0,44,0.0,"Presumptive Mesoderm, Presumptive Ectoderm",100,0.177619893428,563
0.0,44,0.0,Proliferative Like Cell,69,0.122557726465,563
0.0,44,0.0,Yolk Syncytial Layer,29,0.0515097690941,563
0.0,44,0.5,Anterior Neural Keel,5,0.0068306010929,732
0.0,44,0.5,EVL,83,0.113387978142,732
0.0,44,0.5,Notochord,167,0.228142076503,732
0.0,44,0.5,"Paraxial Mesoderm, Neural Keel",154,0.210382513661,732
0.0,44,0.5,Periderm,19,0.025956284153,732
0.0,44,0.5,Presumptive Mesoderm,30,0.0409836065574,732
0.0,44,0.5,"Presumptive Mesoderm, Presumptive Ectoderm",59,0.0806010928962,732
0.0,44,0.5,Proliferative Like Cell,20,0.0273224043716,732
0.0,44,0.5,"Segmental Plate, Tail Bud",99,0.135245901639,732
0.0,44,0.5,Yolk Syncytial Layer,96,0.131147540984,732
0.0,44,1.0,Notochord,34,0.0333333333333,1020
0.0,44,1.0,"Paraxial Mesoderm, Neural Keel",127,0.124509803922,1020
0.0,44,1.0,Periderm,151,0.148039215686,1020
0.0,44,1.0,"Segmental Plate, Tail Bud",525,0.514705882353,1020
0.0,44,1.0,Yolk Syncytial Layer,183,0.179411764706,1020
0.0,44,1.5,Adaxial Cell,139,0.0946866485014,1468
0.0,44,1.5,Neural Rod,115,0.0783378746594,1468
0.0,44,1.5,Notochord,6,0.00408719346049,1468
0.0,44,1.5,"Paraxial Mesoderm, Neural Keel",46,0.0313351498638,1468
0.0,44,1.5,Periderm,275,0.187329700272,1468
0.0,44,1.5,Polster,30,0.0204359673025,1468
0.0,44,1.5,"Segmental Plate, Tail Bud",627,0.427111716621,1468
0.0,44,1.5,Yolk Syncytial Layer,171,0.116485013624,1468
0.0,44,1.5,"Yolk Syncytial Layer, Periderm",59,0.0401907356948,1468
0.0,44,2.0,Adaxial Cell,889,0.439012345679,2025
0.0,44,2.0,Neural Rod,508,0.250864197531,2025
0.0,44,2.0,Notochord,11,0.00543209876543,2025
0.0,44,2.0,Optic Vesicle,14,0.00691358024691,2025
0.0,44,2.0,Periderm,131,0.0646913580247,2025
0.0,44,2.0,Polster,173,0.0854320987654,2025
0.0,44,2.0,"Segmental Plate, Tail Bud",124,0.0612345679012,2025
0.0,44,2.0,Somite,24,0.0118518518519,2025
0.0,44,2.0,Yolk Syncytial Layer,49,0.0241975308642,2025
0.0,44,2.0,"Yolk Syncytial Layer, Periderm",102,0.0503703703704,2025
0.0,44,2.5,Adaxial Cell,577,0.229697452229,2512
0.0,44,2.5,Angioblastic Mesenchymal Cell,135,0.0537420382166,2512
0.0,44,2.5,Erythroid Lineage Cell,72,0.0286624203822,2512
0.0,44,2.5,Forebrain,111,0.0441878980892,2512
0.0,44,2.5,Hatching Gland,24,0.00955414012739,2512
0.0,44,2.5,Neural Crest,80,0.031847133758,2512
0.0,44,2.5,"Neural Crest, Otic Vesicle",6,0.00238853503185,2512
0.0,44,2.5,Neural Rod,491,0.195461783439,2512
0.0,44,2.5,Notochord,203,0.0808121019108,2512
0.0,44,2.5,Optic Vesicle,3,0.00119426751592,2512
0.0,44,2.5,Periderm,49,0.0195063694268,2512
0.0,44,2.5,Polster,41,0.016321656051,2512
0.0,44,2.5,"Segmental Plate, Tail Bud",52,0.0207006369427,2512
0.0,44,2.5,Somite,383,0.152468152866,2512
0.0,44,2.5,Yolk Syncytial Layer,72,0.0286624203822,2512
0.0,44,2.5,"Yolk Syncytial Layer, Periderm",213,0.0847929936306,2512
0.0,44,3.0,Adaxial Cell,8,0.00272944387581,2931
0.0,44,3.0,Angioblastic Mesenchymal Cell,149,0.050835892187,2931
0.0,44,3.0,Epidermis,1,0.000341180484476,2931
0.0,44,3.0,Erythroid Lineage Cell,181,0.0617536676902,2931
0.0,44,3.0,Forebrain,290,0.0989423404981,2931
0.0,44,3.0,Hatching Gland,130,0.0443534629819,2931
0.0,44,3.0,Nervous System,320,0.109177755032,2931
0.0,44,3.0,Neural Crest,398,0.135789832822,2931
0.0,44,3.0,Notochord,939,0.320368474923,2931
0.0,44,3.0,Somite,304,0.103718867281,2931
0.0,44,3.0,Yolk Syncytial Layer,117,0.0399181166837,2931
0.0,44,3.0,"Yolk Syncytial Layer, Periderm",94,0.0320709655408,2931
0.0,44,3.5,Angioblastic Mesenchymal Cell,25,0.0067732321864,3691
0.0,44,3.5,Anterior Erythroid Lineage Cell,242,0.0655648875643,3691
0.0,44,3.5,Epidermis,80,0.0216743429965,3691
0.0,44,3.5,Erythroid Lineage Cell,17,0.00460579788675,3691
0.0,44,3.5,Eye,19,0.00514765646166,3691
0.0,44,3.5,Fast Muscle Cell,34,0.0092115957735,3691
0.0,44,3.5,Forebrain,147,0.039826605256,3691
0.0,44,3.5,Hatching Gland,114,0.03088593877,3691
0.0,44,3.5,"Musculature System, Yolk Syncytial Layer",298,0.0807369276619,3691
0.0,44,3.5,Myotome,25,0.0067732321864,3691
0.0,44,3.5,Nervous System,1353,0.366567325928,3691
0.0,44,3.5,Neural Crest,4,0.00108371714982,3691
0.0,44,3.5,Notochord,1039,0.281495529667,3691
0.0,44,3.5,Pronephros,47,0.0127336765104,3691
0.0,44,3.5,Somite,110,0.0298022216202,3691
0.0,44,3.5,Spinal Cord Dorsal Region,42,0.0113790300732,3691
0.0,44,3.5,Yolk Syncytial Layer,73,0.0197778379843,3691
0.0,44,3.5,"Yolk Syncytial Layer, Periderm",22,0.00596044432403,3691
0.0,44,4.0,Anterior Erythroid Lineage Cell,130,0.0250965250965,5180
0.0,44,4.0,Epidermis,33,0.00637065637066,5180
0.0,44,4.0,Eye,67,0.0129343629344,5180
0.0,44,4.0,Fast Muscle Cell,256,0.0494208494208,5180
0.0,44,4.0,Forebrain,148,0.0285714285714,5180
0.0,44,4.0,Hatching Gland,48,0.00926640926641,5180
0.0,44,4.0,"Musculature System, Yolk Syncytial Layer",1160,0.223938223938,5180
0.0,44,4.0,Myotome,121,0.0233590733591,5180
0.0,44,4.0,Nervous System,1714,0.330888030888,5180
0.0,44,4.0,Notochord,354,0.0683397683398,5180
0.0,44,4.0,Pigment Cell,28,0.00540540540541,5180
0.0,44,4.0,Pronephros,623,0.12027027027,5180
0.0,44,4.0,Somite,25,0.00482625482625,5180
0.0,44,4.0,Spinal Cord Dorsal Region,375,0.0723938223938,5180
0.0,44,4.0,Spinal Cord Ventral Region,84,0.0162162162162,5180
0.0,44,4.0,Yolk Syncytial Layer,14,0.0027027027027,5180
0.01,44,0.0,EVL,272,0.483126110124,563
0.01,44,0.0,Hypoblast,24,0.0426287744227,563
0.01,44,0.0,Margin,22,0.0390763765542,563
0.01,44,0.0,Presumptive Mesoderm,47,0.0834813499112,563
0.01,44,0.0,"Presumptive Mesoderm, Presumptive Ectoderm",100,0.177619893428,563
0.01,44,0.0,Proliferative Like Cell,69,0.122557726465,563
0.01,44,0.0,Yolk Syncytial Layer,29,0.0515097690941,563
0.01,44,0.5,Anterior Neural Keel,13,0.0177838577291,731
0.01,44,0.5,EVL,52,0.0711354309166,731
0.01,44,0.5,Hypoblast,3,0.00410396716826,731
0.01,44,0.5,Notochord,215,0.294117647059,731
0.01,44,0.5,"Paraxial Mesoderm, Neural Keel",152,0.207934336525,731
0.01,44,0.5,Periderm,26,0.0355677154583,731
0.01,44,0.5,Presumptive Mesoderm,22,0.0300957592339,731
0.01,44,0.5,"Presumptive Mesoderm, Presumptive Ectoderm",33,0.0451436388509,731
0.01,44,0.5,Proliferative Like Cell,10,0.0136798905609,731
0.01,44,0.5,"Segmental Plate, Tail Bud",110,0.15047879617,731
0.01,44,0.5,Yolk Syncytial Layer,95,0.129958960328,731
0.01,44,1.0,Anterior Neural Keel,7,0.0069033530572,1014
0.01,44,1.0,Notochord,27,0.0266272189349,1014
0.01,44,1.0,"Paraxial Mesoderm, Neural Keel",111,0.109467455621,1014
0.01,44,1.0,Periderm,146,0.143984220907,1014
0.01,44,1.0,"Segmental Plate, Tail Bud",533,0.525641025641,1014
0.01,44,1.0,Yolk Syncytial Layer,190,0.187376725838,1014
0.01,44,1.5,Adaxial Cell,124,0.0842963970088,1471
0.01,44,1.5,Neural Rod,104,0.0707002039429,1471
0.01,44,1.5,"Paraxial Mesoderm, Neural Keel",33,0.0224337185588,1471
0.01,44,1.5,Periderm,286,0.194425560843,1471
0.01,44,1.5,Polster,45,0.0305914343984,1471
0.01,44,1.5,"Segmental Plate, Tail Bud",663,0.450713800136,1471
0.01,44,1.5,Yolk Syncytial Layer,162,0.110129163834,1471
0.01,44,1.5,"Yolk Syncytial Layer, Periderm",54,0.036709721278,1471
0.01,44,2.0,Adaxial Cell,852,0.420118343195,2028
0.01,44,2.0,Neural Rod,570,0.281065088757,2028
0.01,44,2.0,Optic Vesicle,21,0.0103550295858,2028
0.01,44,2.0,Periderm,87,0.042899408284,2028
0.01,44,2.0,Polster,204,0.100591715976,2028
0.01,44,2.0,"Segmental Plate, Tail Bud",154,0.0759368836292,2028
0.01,44,2.0,Somite,43,0.0212031558185,2028
0.01,44,2.0,Yolk Syncytial Layer,26,0.0128205128205,2028
0.01,44,2.0,"Yolk Syncytial Layer, Periderm",71,0.0350098619329,2028
0.01,44,2.5,Adaxial Cell,585,0.232511923688,2516
0.01,44,2.5,Angioblastic Mesenchymal Cell,80,0.0317965023847,2516
0.01,44,2.5,Erythroid Lineage Cell,63,0.025039745628,2516
0.01,44,2.5,Forebrain,140,0.0556438791733,2516
0.01,44,2.5,Hatching Gland,15,0.00596184419714,2516
0.01,44,2.5,Neural Crest,98,0.0389507154213,2516
0.01,44,2.5,Neural Rod,527,0.209459459459,2516
0.01,44,2.5,Notochord,266,0.105723370429,2516
0.01,44,2.5,Optic Vesicle,6,0.00238473767886,2516
0.01,44,2.5,Periderm,17,0.00675675675676,2516
0.01,44,2.5,Polster,56,0.0222575516693,2516
0.01,44,2.5,"Segmental Plate, Tail Bud",30,0.0119236883943,2516
0.01,44,2.5,Somite,374,0.148648648649,2516
0.01,44,2.5,Yolk Syncytial Layer,26,0.010333863275,2516
0.01,44,2.5,"Yolk Syncytial Layer, Periderm",233,0.0926073131955,2516
0.01,44,3.0,Angioblastic Mesenchymal Cell,117,0.0397418478261,2944
0.01,44,3.0,Anterior Erythroid Lineage Cell,24,0.00815217391304,2944
0.01,44,3.0,Erythroid Lineage Cell,154,0.0523097826087,2944
0.01,44,3.0,Forebrain,283,0.0961277173913,2944
0.01,44,3.0,Hatching Gland,97,0.0329483695652,2944
0.01,44,3.0,"Musculature System, Yolk Syncytial Layer",7,0.0023777173913,2944
0.01,44,3.0,Nervous System,328,0.111413043478,2944
0.01,44,3.0,Neural Crest,339,0.115149456522,2944
0.01,44,3.0,Notochord,1053,0.357676630435,2944
0.01,44,3.0,Somite,290,0.0985054347826,2944
0.01,44,3.0,Yolk Syncytial Layer,111,0.0377038043478,2944
0.01,44,3.0,"Yolk Syncytial Layer, Periderm",141,0.0478940217391,2944
0.01,44,3.5,Angioblastic Mesenchymal Cell,5,0.00134879956838,3707
0.01,44,3.5,Anterior Erythroid Lineage Cell,163,0.0439708659293,3707
0.01,44,3.5,Epidermis,75,0.0202319935258,3707
0.01,44,3.5,Erythroid Lineage Cell,5,0.00134879956838,3707
0.01,44,3.5,Fast Muscle Cell,7,0.00188831939574,3707
0.01,44,3.5,Forebrain,208,0.0561100620448,3707
0.01,44,3.5,Hatching Gland,173,0.0466684650661,3707
0.01,44,3.5,"Musculature System, Yolk Syncytial Layer",286,0.0771513353116,3707
0.01,44,3.5,Myotome,27,0.00728351766927,3707
0.01,44,3.5,Nervous System,1259,0.339627731319,3707
0.01,44,3.5,Neural Crest,1,0.000269759913677,3707
0.01,44,3.5,Notochord,1312,0.353925006744,3707
0.01,44,3.5,Pigment Cell,1,0.000269759913677,3707
0.01,44,3.5,Pronephros,12,0.00323711896412,3707
0.01,44,3.5,Somite,82,0.0221203129215,3707
0.01,44,3.5,Spinal Cord Dorsal Region,32,0.00863231723766,3707
0.01,44,3.5,Yolk Syncytial Layer,17,0.00458591853251,3707
0.01,44,3.5,"Yolk Syncytial Layer, Periderm",42,0.0113299163744,3707
0.01,44,4.0,Anterior Erythroid Lineage Cell,157,0.0302796528447,5185
0.01,44,4.0,Epidermis,6,0.00115718418515,5185
0.01,44,4.0,Eye,37,0.00713596914176,5185
0.01,44,4.0,Fast Muscle Cell,223,0.0430086788814,5185
0.01,44,4.0,Forebrain,141,0.027193828351,5185
0.01,44,4.0,Hatching Gland,43,0.0082931533269,5185
0.01,44,4.0,"Musculature System, Yolk Syncytial Layer",1329,0.256316297011,5185
0.01,44,4.0,Myotome,192,0.0370298939248,5185
0.01,44,4.0,Nervous System,1613,0.311089681774,5185
0.01,44,4.0,Notochord,414,0.0798457087753,5185
0.01,44,4.0,Pigment Cell,30,0.00578592092575,5185
0.01,44,4.0,Pronephros,410,0.0790742526519,5185
0.01,44,4.0,Somite,9,0.00173577627772,5185
0.01,44,4.0,Spinal Cord Dorsal Region,481,0.0927675988428,5185
0.01,44,4.0,Spinal Cord Ventral Region,94,0.0181292189007,5185
0.01,44,4.0,Yolk Syncytial Layer,6,0.00115718418515,5185
0.03,44,0.0,EVL,272,0.483126110124,563
0.03,44,0.0,Hypoblast,24,0.0426287744227,563
0.03,44,0.0,Margin,22,0.0390763765542,563
0.03,44,0.0,Presumptive Mesoderm,47,0.0834813499112,563
0.03,44,0.0,"Presumptive Mesoderm, Presumptive Ectoderm",100,0.177619893428,563
0.03,44,0.0,Proliferative Like Cell,69,0.122557726465,563
0.03,44,0.0,Yolk Syncytial Layer,29,0.0515097690941,563
0.03,44,0.5,Anterior Neural Keel,2,0.00272479564033,734
0.03,44,0.5,EVL,38,0.0517711171662,734
0.03,44,0.5,Notochord,214,0.291553133515,734
0.03,44,0.5,"Paraxial Mesoderm, Neural Keel",166,0.226158038147,734
0.03,44,0.5,Periderm,5,0.00681198910082,734
0.03,44,0.5,Presumptive Mesoderm,37,0.050408719346,734
0.03,44,0.5,"Presumptive Mesoderm, Presumptive Ectoderm",33,0.0449591280654,734
0.03,44,0.5,Proliferative Like Cell,23,0.0313351498638,734
0.03,44,0.5,"Segmental Plate, Tail Bud",113,0.153950953678,734
0.03,44,0.5,Yolk Syncytial Layer,103,0.140326975477,734
0.03,44,1.0,Notochord,58,0.0556621880998,1042
0.03,44,1.0,"Paraxial Mesoderm, Neural Keel",109,0.104606525912,1042
0.03,44,1.0,Periderm,144,0.138195777351,1042
0.03,44,1.0,"Segmental Plate, Tail Bud",517,0.496161228407,1042
0.03,44,1.0,Yolk Syncytial Layer,214,0.20537428023,1042
0.03,44,1.5,Adaxial Cell,106,0.0702917771883,1508
0.03,44,1.5,Neural Rod,103,0.0683023872679,1508
0.03,44,1.5,Notochord,29,0.0192307692308,1508
0.03,44,1.5,"Paraxial Mesoderm, Neural Keel",24,0.0159151193634,1508
0.03,44,1.5,Periderm,288,0.190981432361,1508
0.03,44,1.5,Polster,19,0.012599469496,1508
0.03,44,1.5,"Segmental Plate, Tail Bud",705,0.4675066313,1508
0.03,44,1.5,Yolk Syncytial Layer,192,0.127320954907,1508
0.03,44,1.5,"Yolk Syncytial Layer, Periderm",42,0.0278514588859,1508
0.03,44,2.0,Adaxial Cell,972,0.471615720524,2061
0.03,44,2.0,Erythroid Lineage Cell,1,0.000485201358564,2061
0.03,44,2.0,Neural Rod,499,0.242115477923,2061
0.03,44,2.0,Notochord,3,0.00145560407569,2061
0.03,44,2.0,Optic Vesicle,47,0.0228044638525,2061
0.03,44,2.0,Periderm,104,0.0504609412906,2061
0.03,44,2.0,Polster,132,0.0640465793304,2061
0.03,44,2.0,"Segmental Plate, Tail Bud",105,0.0509461426492,2061
0.03,44,2.0,Somite,27,0.0131004366812,2061
0.03,44,2.0,Yolk Syncytial Layer,23,0.011159631247,2061
0.03,44,2.0,"Yolk Syncytial Layer, Periderm",148,0.0718098010674,2061
0.03,44,2.5,Adaxial Cell,706,0.271538461538,2600
0.03,44,2.5,Angioblastic Mesenchymal Cell,50,0.0192307692308,2600
0.03,44,2.5,Erythroid Lineage Cell,68,0.0261538461538,2600
0.03,44,2.5,Forebrain,76,0.0292307692308,2600
0.03,44,2.5,Hatching Gland,18,0.00692307692308,2600
0.03,44,2.5,Neural Crest,50,0.0192307692308,2600
0.03,44,2.5,Neural Rod,572,0.22,2600
0.03,44,2.5,Notochord,190,0.0730769230769,2600
0.03,44,2.5,Optic Vesicle,38,0.0146153846154,2600
0.03,44,2.5,Periderm,8,0.00307692307692,2600
0.03,44,2.5,Polster,35,0.0134615384615,2600
0.03,44,2.5,"Segmental Plate, Tail Bud",33,0.0126923076923,2600
0.03,44,2.5,Somite,404,0.155384615385,2600
0.03,44,2.5,Yolk Syncytial Layer,69,0.0265384615385,2600
0.03,44,2.5,"Yolk Syncytial Layer, Periderm",283,0.108846153846,2600
0.03,44,3.0,Adaxial Cell,1,0.00032605151614,3067
0.03,44,3.0,Angioblastic Mesenchymal Cell,114,0.0371698728399,3067
0.03,44,3.0,Anterior Erythroid Lineage Cell,7,0.00228236061298,3067
0.03,44,3.0,Epidermis,8,0.00260841212912,3067
0.03,44,3.0,Erythroid Lineage Cell,104,0.0339093576785,3067
0.03,44,3.0,Forebrain,356,0.116074339746,3067
0.03,44,3.0,Hatching Gland,110,0.0358656667754,3067
0.03,44,3.0,"Musculature System, Yolk Syncytial Layer",5,0.0016302575807,3067
0.03,44,3.0,Nervous System,252,0.0821649820672,3067
0.03,44,3.0,Neural Crest,263,0.0857515487447,3067
0.03,44,3.0,"Neural Crest, Otic Vesicle",4,0.00130420606456,3067
0.03,44,3.0,Neural Rod,9,0.00293446364526,3067
0.03,44,3.0,Notochord,1144,0.373002934464,3067
0.03,44,3.0,Somite,403,0.131398761004,3067
0.03,44,3.0,Yolk Syncytial Layer,203,0.0661884577763,3067
0.03,44,3.0,"Yolk Syncytial Layer, Periderm",84,0.0273883273557,3067
0.03,44,3.5,Angioblastic Mesenchymal Cell,8,0.00206825232678,3868
0.03,44,3.5,Anterior Erythroid Lineage Cell,127,0.0328335056877,3868
0.03,44,3.5,Epidermis,43,0.0111168562565,3868
0.03,44,3.5,Erythroid Lineage Cell,18,0.00465356773526,3868
0.03,44,3.5,Eye,1,0.000258531540848,3868
0.03,44,3.5,Fast Muscle Cell,37,0.00956566701138,3868
0.03,44,3.5,Forebrain,150,0.0387797311272,3868
0.03,44,3.5,Hatching Gland,122,0.0315408479835,3868
0.03,44,3.5,"Musculature System, Yolk Syncytial Layer",583,0.150723888314,3868
0.03,44,3.5,Myotome,38,0.00982419855222,3868
0.03,44,3.5,Nervous System,1247,0.322388831437,3868
0.03,44,3.5,Neural Crest,13,0.00336091003102,3868
0.03,44,3.5,Notochord,1211,0.313081695967,3868
0.03,44,3.5,Pronephros,27,0.0069803516029,3868
0.03,44,3.5,Somite,183,0.0473112719752,3868
0.03,44,3.5,Spinal Cord Dorsal Region,34,0.00879007238883,3868
0.03,44,3.5,Spinal Cord Ventral Region,1,0.000258531540848,3868
0.03,44,3.5,Yolk Syncytial Layer,7,0.00180972078594,3868
0.03,44,3.5,"Yolk Syncytial Layer, Periderm",18,0.00465356773526,3868
0.03,44,4.0,Anterior Erythroid Lineage Cell,155,0.0283778835591,5462
0.03,44,4.0,Epidermis,1,0.000183083119736,5462
0.03,44,4.0,Eye,48,0.00878798974735,5462
0.03,44,4.0,Fast Muscle Cell,354,0.0648114243867,5462
0.03,44,4.0,Forebrain,110,0.020139143171,5462
0.03,44,4.0,Hatching Gland,58,0.0106188209447,5462
0.03,44,4.0,"Musculature System, Yolk Syncytial Layer",1709,0.312889051629,5462
0.03,44,4.0,Myotome,41,0.00750640790919,5462
0.03,44,4.0,Nervous System,1747,0.319846210179,5462
0.03,44,4.0,Notochord,477,0.0873306481142,5462
0.03,44,4.0,Pigment Cell,1,0.000183083119736,5462
0.03,44,4.0,Pronephros,477,0.0873306481142,5462
0.03,44,4.0,Somite,6,0.00109849871842,5462
0.03,44,4.0,Spinal Cord Dorsal Region,231,0.0422922006591,5462
0.03,44,4.0,Spinal Cord Ventral Region,47,0.00860490662761,5462
0.06,44,0.0,EVL,272,0.483126110124,563
0.06,44,0.0,Hypoblast,24,0.0426287744227,563
0.06,44,0.0,Margin,22,0.0390763765542,563
0.06,44,0.0,Presumptive Mesoderm,47,0.0834813499112,563
0.06,44,0.0,"Presumptive Mesoderm, Presumptive Ectoderm",100,0.177619893428,563
0.06,44,0.0,Proliferative Like Cell,69,0.122557726465,563
0.06,44,0.0,Yolk Syncytial Layer,29,0.0515097690941,563
0.06,44,0.5,Anterior Neural Keel,22,0.0300957592339,731
0.06,44,0.5,EVL,38,0.0519835841313,731
0.06,44,0.5,Notochord,231,0.316005471956,731
0.06,44,0.5,"Paraxial Mesoderm, Neural Keel",129,0.176470588235,731
0.06,44,0.5,Periderm,7,0.00957592339261,731
0.06,44,0.5,Presumptive Mesoderm,29,0.0396716826265,731
0.06,44,0.5,"Presumptive Mesoderm, Presumptive Ectoderm",46,0.06292749658,731
0.06,44,0.5,Proliferative Like Cell,10,0.0136798905609,731
0.06,44,0.5,"Segmental Plate, Tail Bud",120,0.164158686731,731
0.06,44,0.5,Yolk Syncytial Layer,99,0.135430916553,731
0.06,44,1.0,Anterior Neural Keel,1,0.000981354268891,1019
0.06,44,1.0,Notochord,119,0.116781157998,1019
0.06,44,1.0,"Paraxial Mesoderm, Neural Keel",85,0.0834151128557,1019
0.06,44,1.0,Periderm,136,0.133464180569,1019
0.06,44,1.0,"Segmental Plate, Tail Bud",465,0.456329735034,1019
0.06,44,1.0,Yolk Syncytial Layer,213,0.209028459274,1019
0.06,44,1.5,Adaxial Cell,115,0.078659370725,1462
0.06,44,1.5,Neural Rod,22,0.015047879617,1462
0.06,44,1.5,Notochord,71,0.0485636114911,1462
0.06,44,1.5,Optic Vesicle,1,0.000683994528044,1462
0.06,44,1.5,"Paraxial Mesoderm, Neural Keel",40,0.0273597811218,1462
0.06,44,1.5,Periderm,275,0.188098495212,1462
0.06,44,1.5,Polster,23,0.015731874145,1462
0.06,44,1.5,"Segmental Plate, Tail Bud",631,0.431600547196,1462
0.06,44,1.5,Somite,4,0.00273597811218,1462
0.06,44,1.5,Yolk Syncytial Layer,253,0.173050615595,1462
0.06,44,1.5,"Yolk Syncytial Layer, Periderm",27,0.0184678522572,1462
0.06,44,2.0,Adaxial Cell,800,0.391772771792,2042
0.06,44,2.0,Neural Rod,380,0.186092066601,2042
0.06,44,2.0,Notochord,79,0.0386875612145,2042
0.06,44,2.0,Optic Vesicle,40,0.0195886385896,2042
0.06,44,2.0,Periderm,133,0.0651322233105,2042
0.06,44,2.0,Polster,181,0.088638589618,2042
0.06,44,2.0,"Segmental Plate, Tail Bud",170,0.0832517140059,2042
0.06,44,2.0,Somite,73,0.0357492654261,2042
0.06,44,2.0,Yolk Syncytial Layer,87,0.0426052889324,2042
0.06,44,2.0,"Yolk Syncytial Layer, Periderm",99,0.0484818805093,2042
0.06,44,2.5,Adaxial Cell,725,0.273791540785,2648
0.06,44,2.5,Angioblastic Mesenchymal Cell,45,0.0169939577039,2648
0.06,44,2.5,Erythroid Lineage Cell,29,0.0109516616314,2648
0.06,44,2.5,Forebrain,96,0.036253776435,2648
0.06,44,2.5,Hatching Gland,11,0.00415407854985,2648
0.06,44,2.5,Nervous System,14,0.00528700906344,2648
0.06,44,2.5,Neural Crest,32,0.012084592145,2648
0.06,44,2.5,Neural Rod,420,0.158610271903,2648
0.06,44,2.5,Notochord,430,0.162386706949,2648
0.06,44,2.5,Optic Vesicle,38,0.0143504531722,2648
0.06,44,2.5,Periderm,16,0.00604229607251,2648
0.06,44,2.5,Polster,87,0.0328549848943,2648
0.06,44,2.5,"Segmental Plate, Tail Bud",75,0.0283232628399,2648
0.06,44,2.5,Somite,351,0.132552870091,2648
0.06,44,2.5,Yolk Syncytial Layer,154,0.0581570996979,2648
0.06,44,2.5,"Yolk Syncytial Layer, Periderm",125,0.0472054380665,2648
0.06,44,3.0,Adaxial Cell,149,0.0460872254872,3233
0.06,44,3.0,Angioblastic Mesenchymal Cell,131,0.0405196412001,3233
0.06,44,3.0,Anterior Erythroid Lineage Cell,2,0.000618620476338,3233
0.06,44,3.0,Erythroid Lineage Cell,129,0.0399010207238,3233
0.06,44,3.0,Fast Muscle Cell,4,0.00123724095268,3233
0.06,44,3.0,Forebrain,475,0.14692236313,3233
0.06,44,3.0,Hatching Gland,129,0.0399010207238,3233
0.06,44,3.0,"Musculature System, Yolk Syncytial Layer",68,0.0210330961955,3233
0.06,44,3.0,Myotome,11,0.00340241261986,3233
0.06,44,3.0,Nervous System,105,0.0324775750077,3233
0.06,44,3.0,Neural Crest,199,0.0615527373956,3233
0.06,44,3.0,"Neural Crest, Otic Vesicle",1,0.000309310238169,3233
0.06,44,3.0,Neural Rod,26,0.00804206619239,3233
0.06,44,3.0,Notochord,958,0.296319208166,3233
0.06,44,3.0,Optic Vesicle,8,0.00247448190535,3233
0.06,44,3.0,Pronephros,17,0.00525827404887,3233
0.06,44,3.0,"Segmental Plate, Tail Bud",7,0.00216517166718,3233
0.06,44,3.0,Somite,661,0.20445406743,3233
0.06,44,3.0,Yolk Syncytial Layer,97,0.0300030931024,3233
0.06,44,3.0,"Yolk Syncytial Layer, Periderm",56,0.0173213733375,3233
0.06,44,3.5,Angioblastic Mesenchymal Cell,41,0.00973409306743,4212
0.06,44,3.5,Anterior Erythroid Lineage Cell,57,0.0135327635328,4212
0.06,44,3.5,Epidermis,17,0.00403608736942,4212
0.06,44,3.5,Erythroid Lineage Cell,100,0.0237416904084,4212
0.06,44,3.5,Fast Muscle Cell,170,0.0403608736942,4212
0.06,44,3.5,Forebrain,424,0.100664767331,4212
0.06,44,3.5,Hatching Gland,168,0.039886039886,4212
0.06,44,3.5,"Musculature System, Yolk Syncytial Layer",748,0.177587844255,4212
0.06,44,3.5,Myotome,17,0.00403608736942,4212
0.06,44,3.5,Nervous System,658,0.156220322887,4212
0.06,44,3.5,Neural Crest,60,0.014245014245,4212
0.06,44,3.5,Notochord,1049,0.249050332384,4212
0.06,44,3.5,Pigment Cell,9,0.00213675213675,4212
0.06,44,3.5,Pronephros,146,0.0346628679962,4212
0.06,44,3.5,Slow Muscle Cell,1,0.000237416904084,4212
0.06,44,3.5,Somite,533,0.126543209877,4212
0.06,44,3.5,Spinal Cord Dorsal Region,1,0.000237416904084,4212
0.06,44,3.5,"Yolk Syncytial Layer, Periderm",13,0.00308641975309,4212
0.06,44,4.0,Angioblastic Mesenchymal Cell,9,0.00150275505093,5989
0.06,44,4.0,Anterior Erythroid Lineage Cell,120,0.0200367340124,5989
0.06,44,4.0,Epidermis,9,0.00150275505093,5989
0.06,44,4.0,Erythroid Lineage Cell,6,0.00100183670062,5989
0.06,44,4.0,Eye,80,0.0133578226749,5989
0.06,44,4.0,Fast Muscle Cell,625,0.104357989648,5989
0.06,44,4.0,Forebrain,285,0.0475872432793,5989
0.06,44,4.0,Hatching Gland,142,0.023710135248,5989
0.06,44,4.0,"Musculature System, Yolk Syncytial Layer",2046,0.341626314911,5989
0.06,44,4.0,Myotome,3,0.000500918350309,5989
0.06,44,4.0,Nervous System,937,0.15645349808,5989
0.06,44,4.0,Notochord,347,0.0579395558524,5989
0.06,44,4.0,Pigment Cell,28,0.00467523793622,5989
0.06,44,4.0,Pronephros,1234,0.20604441476,5989
0.06,44,4.0,Somite,78,0.013023877108,5989
0.06,44,4.0,Spinal Cord Anterior Region,7,0.00116880948405,5989
0.06,44,4.0,Spinal Cord Dorsal Region,33,0.0055101018534,5989
0.0,45,0.0,EVL,272,0.483126110124,563
0.0,45,0.0,Hypoblast,24,0.0426287744227,563
0.0,45,0.0,Margin,22,0.0390763765542,563
0.0,45,0.0,Presumptive Mesoderm,47,0.0834813499112,563
0.0,45,0.0,"Presumptive Mesoderm, Presumptive Ectoderm",100,0.177619893428,563
0.0,45,0.0,Proliferative Like Cell,69,0.122557726465,563
0.0,45,0.0,Yolk Syncytial Layer,29,0.0515097690941,563
0.0,45,0.5,Anterior Neural Keel,9,0.0122615803815,734
0.0,45,0.5,EVL,59,0.0803814713896,734
0.0,45,0.5,Notochord,192,0.261580381471,734
0.0,45,0.5,"Paraxial Mesoderm, Neural Keel",134,0.182561307902,734
0.0,45,0.5,Periderm,30,0.0408719346049,734
0.0,45,0.5,Presumptive Mesoderm,18,0.0245231607629,734
0.0,45,0.5,"Presumptive Mesoderm, Presumptive Ectoderm",69,0.0940054495913,734
0.0,45,0.5,Proliferative Like Cell,30,0.0408719346049,734
0.0,45,0.5,"Segmental Plate, Tail Bud",84,0.114441416894,734
0.0,45,0.5,Yolk Syncytial Layer,109,0.148501362398,734
0.0,45,1.0,Anterior Neural Keel,4,0.003861003861,1036
0.0,45,1.0,Notochord,22,0.0212355212355,1036
0.0,45,1.0,"Paraxial Mesoderm, Neural Keel",108,0.104247104247,1036
0.0,45,1.0,Periderm,162,0.156370656371,1036
0.0,45,1.0,"Segmental Plate, Tail Bud",539,0.52027027027,1036
0.0,45,1.0,Yolk Syncytial Layer,201,0.194015444015,1036
0.0,45,1.5,Adaxial Cell,94,0.0638586956522,1472
0.0,45,1.5,Neural Rod,103,0.069972826087,1472
0.0,45,1.5,Notochord,2,0.00135869565217,1472
0.0,45,1.5,"Paraxial Mesoderm, Neural Keel",13,0.00883152173913,1472
0.0,45,1.5,Periderm,287,0.194972826087,1472
0.0,45,1.5,Polster,63,0.0427989130435,1472
0.0,45,1.5,"Segmental Plate, Tail Bud",678,0.460597826087,1472
0.0,45,1.5,Somite,3,0.00203804347826,1472
0.0,45,1.5,Yolk Syncytial Layer,161,0.109375,1472
0.0,45,1.5,"Yolk Syncytial Layer, Periderm",68,0.0461956521739,1472
0.0,45,2.0,Adaxial Cell,874,0.440302267003,1985
0.0,45,2.0,Neural Rod,480,0.241813602015,1985
0.0,45,2.0,Notochord,1,0.000503778337531,1985
0.0,45,2.0,Optic Vesicle,12,0.00604534005038,1985
0.0,45,2.0,Periderm,124,0.0624685138539,1985
0.0,45,2.0,Polster,169,0.0851385390428,1985
0.0,45,2.0,"Segmental Plate, Tail Bud",163,0.0821158690176,1985
0.0,45,2.0,Somite,46,0.0231738035264,1985
0.0,45,2.0,Yolk Syncytial Layer,21,0.0105793450882,1985
0.0,45,2.0,"Yolk Syncytial Layer, Periderm",95,0.0478589420655,1985
0.0,45,2.5,Adaxial Cell,655,0.264860493328,2473
0.0,45,2.5,Angioblastic Mesenchymal Cell,97,0.0392236150425,2473
0.0,45,2.5,Erythroid Lineage Cell,86,0.0347755762232,2473
0.0,45,2.5,Forebrain,164,0.0663162151233,2473
0.0,45,2.5,Hatching Gland,22,0.0088960776385,2473
0.0,45,2.5,Nervous System,8,0.00323493732309,2473
0.0,45,2.5,Neural Crest,84,0.0339668418924,2473
0.0,45,2.5,"Neural Crest, Otic Vesicle",1,0.000404367165386,2473
0.0,45,2.5,Neural Rod,437,0.176708451274,2473
0.0,45,2.5,Notochord,192,0.0776384957541,2473
0.0,45,2.5,Optic Vesicle,3,0.00121310149616,2473
0.0,45,2.5,Periderm,57,0.023048928427,2473
0.0,45,2.5,Polster,2,0.000808734330772,2473
0.0,45,2.5,"Segmental Plate, Tail Bud",37,0.0149615851193,2473
0.0,45,2.5,Somite,406,0.164173069147,2473
0.0,45,2.5,Yolk Syncytial Layer,51,0.0206227254347,2473
0.0,45,2.5,"Yolk Syncytial Layer, Periderm",171,0.069146785281,2473
0.0,45,3.0,Adaxial Cell,10,0.00343524562006,2911
0.0,45,3.0,Angioblastic Mesenchymal Cell,159,0.054620405359,2911
0.0,45,3.0,Anterior Erythroid Lineage Cell,3,0.00103057368602,2911
0.0,45,3.0,Epidermis,12,0.00412229474407,2911
0.0,45,3.0,Erythroid Lineage Cell,242,0.0831329440055,2911
0.0,45,3.0,Forebrain,253,0.0869117141876,2911
0.0,45,3.0,Hatching Gland,68,0.0233596702164,2911
0.0,45,3.0,"Musculature System, Yolk Syncytial Layer",7,0.00240467193404,2911
0.0,45,3.0,Nervous System,317,0.108897286156,2911
0.0,45,3.0,Neural Crest,338,0.116111301958,2911
0.0,45,3.0,"Neural Crest, Otic Vesicle",4,0.00137409824802,2911
0.0,45,3.0,Notochord,1048,0.360013740982,2911
0.0,45,3.0,Somite,306,0.105118515974,2911
0.0,45,3.0,Yolk Syncytial Layer,119,0.0408794228787,2911
0.0,45,3.0,"Yolk Syncytial Layer, Periderm",25,0.00858811405015,2911
0.0,45,3.5,Angioblastic Mesenchymal Cell,11,0.00301948943179,3643
0.0,45,3.5,Anterior Erythroid Lineage Cell,264,0.0724677463629,3643
0.0,45,3.5,Epidermis,121,0.0332143837497,3643
0.0,45,3.5,Erythroid Lineage Cell,31,0.00850947021685,3643
0.0,45,3.5,Fast Muscle Cell,3,0.00082349711776,3643
0.0,45,3.5,Forebrain,166,0.0455668405161,3643
0.0,45,3.5,Hatching Gland,80,0.0219599231403,3643
0.0,45,3.5,"Musculature System, Yolk Syncytial Layer",242,0.0664287674993,3643
0.0,45,3.5,Myotome,3,0.00082349711776,3643
0.0,45,3.5,Nervous System,1247,0.342300301949,3643
0.0,45,3.5,Notochord,1241,0.340653307713,3643
0.0,45,3.5,Pigment Cell,8,0.00219599231403,3643
0.0,45,3.5,Pronephros,38,0.0104309634916,3643
0.0,45,3.5,Somite,102,0.0279989020038,3643
0.0,45,3.5,Spinal Cord Dorsal Region,36,0.00988196541312,3643
0.0,45,3.5,Spinal Cord Ventral Region,4,0.00109799615701,3643
0.0,45,3.5,Yolk Syncytial Layer,46,0.0126269558057,3643
0.0,45,4.0,Anterior Erythroid Lineage Cell,116,0.0229657493566,5051
0.0,45,4.0,Epidermis,8,0.00158384478321,5051
0.0,45,4.0,Eye,63,0.0124727776678,5051
0.0,45,4.0,Fast Muscle Cell,296,0.0586022569788,5051
0.0,45,4.0,Forebrain,120,0.0237576717482,5051
0.0,45,4.0,Hatching Gland,44,0.00871114630766,5051
0.0,45,4.0,"Musculature System, Yolk Syncytial Layer",1203,0.238170659275,5051
0.0,45,4.0,Myotome,195,0.0386062165908,5051
0.0,45,4.0,Nervous System,1532,0.303306275985,5051
0.0,45,4.0,Notochord,262,0.0518709166502,5051
0.0,45,4.0,Pigment Cell,62,0.0122747970699,5051
0.0,45,4.0,Pronephros,646,0.127895466244,5051
0.0,45,4.0,Somite,9,0.00178182538111,5051
0.0,45,4.0,Spinal Cord Anterior Region,6,0.00118788358741,5051
0.0,45,4.0,Spinal Cord Dorsal Region,386,0.0764205107899,5051
0.0,45,4.0,Spinal Cord Ventral Region,103,0.0203920015838,5051
0.01,45,0.0,EVL,272,0.483126110124,563
0.01,45,0.0,Hypoblast,24,0.0426287744227,563
0.01,45,0.0,Margin,22,0.0390763765542,563
0.01,45,0.0,Presumptive Mesoderm,47,0.0834813499112,563
0.01,45,0.0,"Presumptive Mesoderm, Presumptive Ectoderm",100,0.177619893428,563
0.01,45,0.0,Proliferative Like Cell,69,0.122557726465,563
0.01,45,0.0,Yolk Syncytial Layer,29,0.0515097690941,563
0.01,45,0.5,Anterior Neural Keel,17,0.0231292517007,735
0.01,45,0.5,EVL,67,0.091156462585,735
0.01,45,0.5,Notochord,191,0.259863945578,735
0.01,45,0.5,"Paraxial Mesoderm, Neural Keel",125,0.170068027211,735
0.01,45,0.5,Periderm,21,0.0285714285714,735
0.01,45,0.5,Presumptive Mesoderm,21,0.0285714285714,735
0.01,45,0.5,"Presumptive Mesoderm, Presumptive Ectoderm",71,0.0965986394558,735
0.01,45,0.5,Proliferative Like Cell,21,0.0285714285714,735
0.01,45,0.5,"Segmental Plate, Tail Bud",100,0.136054421769,735
0.01,45,0.5,Yolk Syncytial Layer,101,0.137414965986,735
0.01,45,1.0,Anterior Neural Keel,13,0.0124760076775,1042
0.01,45,1.0,Notochord,24,0.0230326295585,1042
0.01,45,1.0,"Paraxial Mesoderm, Neural Keel",82,0.0786948176583,1042
0.01,45,1.0,Periderm,162,0.15547024952,1042
0.01,45,1.0,"Segmental Plate, Tail Bud",570,0.547024952015,1042
0.01,45,1.0,Yolk Syncytial Layer,191,0.18330134357,1042
0.01,45,1.5,Adaxial Cell,91,0.0609103078983,1494
0.01,45,1.5,Neural Rod,66,0.0441767068273,1494
0.01,45,1.5,Notochord,3,0.00200803212851,1494
0.01,45,1.5,"Paraxial Mesoderm, Neural Keel",3,0.00200803212851,1494
0.01,45,1.5,Periderm,310,0.20749665328,1494
0.01,45,1.5,Polster,78,0.0522088353414,1494
0.01,45,1.5,"Segmental Plate, Tail Bud",756,0.506024096386,1494
0.01,45,1.5,Somite,1,0.000669344042838,1494
0.01,45,1.5,Yolk Syncytial Layer,115,0.0769745649264,1494
0.01,45,1.5,"Yolk Syncytial Layer, Periderm",71,0.0475234270415,1494
0.01,45,2.0,Adaxial Cell,912,0.449039881832,2031
0.01,45,2.0,Neural Rod,557,0.274249138355,2031
0.01,45,2.0,Optic Vesicle,18,0.00886262924668,2031
0.01,45,2.0,Periderm,99,0.0487444608567,2031
0.01,45,2.0,Polster,173,0.0851797144264,2031
0.01,45,2.0,"Segmental Plate, Tail Bud",145,0.0713934022649,2031
0.01,45,2.0,Somite,28,0.0137863121615,2031
0.01,45,2.0,Yolk Syncytial Layer,1,0.000492368291482,2031
0.01,45,2.0,"Yolk Syncytial Layer, Periderm",98,0.0482520925652,2031
0.01,45,2.5,Adaxial Cell,682,0.268187180495,2543
0.01,45,2.5,Angioblastic Mesenchymal Cell,104,0.0408965788439,2543
0.01,45,2.5,Erythroid Lineage Cell,115,0.0452221785293,2543
0.01,45,2.5,Forebrain,155,0.0609516319308,2543
0.01,45,2.5,Hatching Gland,9,0.00353912701534,2543
0.01,45,2.5,Neural Crest,55,0.0216279984271,2543
0.01,45,2.5,Neural Rod,486,0.191112858828,2543
0.01,45,2.5,Notochord,180,0.0707825403067,2543
0.01,45,2.5,Periderm,92,0.0361777428234,2543
0.01,45,2.5,Polster,24,0.0094376720409,2543
0.01,45,2.5,"Segmental Plate, Tail Bud",20,0.00786472670075,2543
0.01,45,2.5,Somite,426,0.167518678726,2543
0.01,45,2.5,Yolk Syncytial Layer,20,0.00786472670075,2543
0.01,45,2.5,"Yolk Syncytial Layer, Periderm",175,0.0688163586315,2543
0.01,45,3.0,Angioblastic Mesenchymal Cell,169,0.0562208915502,3006
0.01,45,3.0,Anterior Erythroid Lineage Cell,5,0.00166333998669,3006
0.01,45,3.0,Erythroid Lineage Cell,295,0.0981370592149,3006
0.01,45,3.0,Forebrain,296,0.0984697272122,3006
0.01,45,3.0,Hatching Gland,58,0.0192947438456,3006
0.01,45,3.0,"Musculature System, Yolk Syncytial Layer",5,0.00166333998669,3006
0.01,45,3.0,Nervous System,305,0.101463739188,3006
0.01,45,3.0,Neural Crest,334,0.111111111111,3006
0.01,45,3.0,Notochord,1091,0.362940785096,3006
0.01,45,3.0,Somite,334,0.111111111111,3006
0.01,45,3.0,Yolk Syncytial Layer,74,0.0246174318031,3006
0.01,45,3.0,"Yolk Syncytial Layer, Periderm",40,0.0133067198935,3006
0.01,45,3.5,Anterior Erythroid Lineage Cell,238,0.0636533832576,3739
0.01,45,3.5,Epidermis,201,0.0537576892217,3739
0.01,45,3.5,Erythroid Lineage Cell,23,0.00615137737363,3739
0.01,45,3.5,Eye,1,0.000267451190158,3739
0.01,45,3.5,Fast Muscle Cell,15,0.00401176785237,3739
0.01,45,3.5,Forebrain,173,0.0462690558973,3739
0.01,45,3.5,Hatching Gland,98,0.0262102166355,3739
0.01,45,3.5,"Musculature System, Yolk Syncytial Layer",349,0.0933404653651,3739
0.01,45,3.5,Myotome,10,0.00267451190158,3739
0.01,45,3.5,Nervous System,1260,0.336988499599,3739
0.01,45,3.5,Neural Crest,3,0.000802353570473,3739
0.01,45,3.5,Notochord,1205,0.32227868414,3739
0.01,45,3.5,Pronephros,37,0.00989569403584,3739
0.01,45,3.5,Somite,93,0.0248729606847,3739
0.01,45,3.5,Spinal Cord Dorsal Region,27,0.00722118213426,3739
0.01,45,3.5,"Yolk Syncytial Layer, Periderm",6,0.00160470714095,3739
0.01,45,4.0,Anterior Erythroid Lineage Cell,135,0.0259915286869,5194
0.01,45,4.0,Epidermis,2,0.000385059684251,5194
0.01,45,4.0,Eye,25,0.00481324605314,5194
0.01,45,4.0,Fast Muscle Cell,284,0.0546784751637,5194
0.01,45,4.0,Forebrain,153,0.0294570658452,5194
0.01,45,4.0,Hatching Gland,38,0.00731613400077,5194
0.01,45,4.0,"Musculature System, Yolk Syncytial Layer",1393,0.268194070081,5194
0.01,45,4.0,Myotome,145,0.0279168271082,5194
0.01,45,4.0,Nervous System,1570,0.302271852137,5194
0.01,45,4.0,Notochord,375,0.0721986907971,5194
0.01,45,4.0,Pigment Cell,22,0.00423565652676,5194
0.01,45,4.0,Pronephros,608,0.117058144012,5194
0.01,45,4.0,Somite,2,0.000385059684251,5194
0.01,45,4.0,Spinal Cord Anterior Region,19,0.00365806700039,5194
0.01,45,4.0,Spinal Cord Dorsal Region,294,0.0566037735849,5194
0.01,45,4.0,Spinal Cord Ventral Region,129,0.0248363496342,5194
0.03,45,0.0,EVL,272,0.483126110124,563
0.03,45,0.0,Hypoblast,24,0.0426287744227,563
0.03,45,0.0,Margin,22,0.0390763765542,563
0.03,45,0.0,Presumptive Mesoderm,47,0.0834813499112,563
0.03,45,0.0,"Presumptive Mesoderm, Presumptive Ectoderm",100,0.177619893428,563
0.03,45,0.0,Proliferative Like Cell,69,0.122557726465,563
0.03,45,0.0,Yolk Syncytial Layer,29,0.0515097690941,563
0.03,45,0.5,Anterior Neural Keel,21,0.0288065843621,729
0.03,45,0.5,EVL,40,0.0548696844993,729
0.03,45,0.5,Notochord,196,0.268861454047,729
0.03,45,0.5,"Paraxial Mesoderm, Neural Keel",150,0.205761316872,729
0.03,45,0.5,Periderm,14,0.0192043895748,729
0.03,45,0.5,Presumptive Mesoderm,14,0.0192043895748,729
0.03,45,0.5,"Presumptive Mesoderm, Presumptive Ectoderm",59,0.0809327846365,729
0.03,45,0.5,Proliferative Like Cell,37,0.0507544581619,729
0.03,45,0.5,"Segmental Plate, Tail Bud",90,0.123456790123,729
0.03,45,0.5,Yolk Syncytial Layer,108,0.148148148148,729
0.03,45,1.0,Anterior Neural Keel,6,0.00575815738964,1042
0.03,45,1.0,Notochord,83,0.0796545105566,1042
0.03,45,1.0,"Paraxial Mesoderm, Neural Keel",78,0.0748560460653,1042
0.03,45,1.0,Periderm,178,0.170825335893,1042
0.03,45,1.0,"Segmental Plate, Tail Bud",505,0.484644913628,1042
0.03,45,1.0,Yolk Syncytial Layer,192,0.184261036468,1042
0.03,45,1.5,Adaxial Cell,121,0.0816464237517,1482
0.03,45,1.5,Neural Rod,55,0.0371120107962,1482
0.03,45,1.5,Notochord,23,0.0155195681511,1482
0.03,45,1.5,"Paraxial Mesoderm, Neural Keel",3,0.00202429149798,1482
0.03,45,1.5,Periderm,326,0.219973009447,1482
0.03,45,1.5,Polster,49,0.0330634278003,1482
0.03,45,1.5,"Segmental Plate, Tail Bud",709,0.478407557355,1482
0.03,45,1.5,Somite,1,0.000674763832659,1482
0.03,45,1.5,Yolk Syncytial Layer,164,0.110661268556,1482
0.03,45,1.5,"Yolk Syncytial Layer, Periderm",31,0.0209176788124,1482
0.03,45,2.0,Adaxial Cell,804,0.39801980198,2020
0.03,45,2.0,Neural Rod,572,0.283168316832,2020
0.03,45,2.0,Notochord,3,0.00148514851485,2020
0.03,45,2.0,Optic Vesicle,15,0.00742574257426,2020
0.03,45,2.0,Periderm,85,0.0420792079208,2020
0.03,45,2.0,Polster,217,0.107425742574,2020
0.03,45,2.0,"Segmental Plate, Tail Bud",164,0.0811881188119,2020
0.03,45,2.0,Somite,42,0.0207920792079,2020
0.03,45,2.0,Yolk Syncytial Layer,3,0.00148514851485,2020
0.03,45,2.0,"Yolk Syncytial Layer, Periderm",115,0.0569306930693,2020
0.03,45,2.5,Adaxial Cell,631,0.244953416149,2576
0.03,45,2.5,Angioblastic Mesenchymal Cell,78,0.0302795031056,2576
0.03,45,2.5,Erythroid Lineage Cell,70,0.0271739130435,2576
0.03,45,2.5,Forebrain,144,0.055900621118,2576
0.03,45,2.5,Hatching Gland,35,0.0135869565217,2576
0.03,45,2.5,Neural Crest,12,0.00465838509317,2576
0.03,45,2.5,Neural Rod,559,0.21700310559,2576
0.03,45,2.5,Notochord,255,0.0989906832298,2576
0.03,45,2.5,Optic Vesicle,22,0.00854037267081,2576
0.03,45,2.5,Periderm,55,0.021350931677,2576
0.03,45,2.5,Polster,67,0.0260093167702,2576
0.03,45,2.5,"Segmental Plate, Tail Bud",89,0.034549689441,2576
0.03,45,2.5,Somite,335,0.130046583851,2576
0.03,45,2.5,Yolk Syncytial Layer,27,0.0104813664596,2576
0.03,45,2.5,"Yolk Syncytial Layer, Periderm",197,0.0764751552795,2576
0.03,45,3.0,Adaxial Cell,6,0.00194868463787,3079
0.03,45,3.0,Angioblastic Mesenchymal Cell,130,0.0422215004872,3079
0.03,45,3.0,Anterior Erythroid Lineage Cell,5,0.00162390386489,3079
0.03,45,3.0,Erythroid Lineage Cell,259,0.0841182202014,3079
0.03,45,3.0,Forebrain,396,0.128613186099,3079
0.03,45,3.0,Hatching Gland,105,0.0341019811627,3079
0.03,45,3.0,"Musculature System, Yolk Syncytial Layer",2,0.000649561545956,3079
0.03,45,3.0,Nervous System,293,0.0951607664826,3079
0.03,45,3.0,Neural Crest,278,0.090289054888,3079
0.03,45,3.0,Neural Rod,8,0.00259824618383,3079
0.03,45,3.0,Notochord,1169,0.379668723612,3079
0.03,45,3.0,Optic Vesicle,6,0.00194868463787,3079
0.03,45,3.0,Somite,280,0.0909386164339,3079
0.03,45,3.0,Yolk Syncytial Layer,110,0.0357258850276,3079
0.03,45,3.0,"Yolk Syncytial Layer, Periderm",32,0.0103929847353,3079
0.03,45,3.5,Angioblastic Mesenchymal Cell,1,0.000257135510414,3889
0.03,45,3.5,Anterior Erythroid Lineage Cell,155,0.0398560041142,3889
0.03,45,3.5,Epidermis,138,0.0354847004371,3889
0.03,45,3.5,Erythroid Lineage Cell,72,0.0185137567498,3889
0.03,45,3.5,Eye,3,0.000771406531242,3889
0.03,45,3.5,Fast Muscle Cell,75,0.019285163281,3889
0.03,45,3.5,Forebrain,263,0.0676266392389,3889
0.03,45,3.5,Hatching Gland,85,0.0218565183852,3889
0.03,45,3.5,"Musculature System, Yolk Syncytial Layer",377,0.0969400874261,3889
0.03,45,3.5,Myotome,65,0.0167138081769,3889
0.03,45,3.5,Nervous System,1258,0.323476472101,3889
0.03,45,3.5,Neural Crest,23,0.00591411673952,3889
0.03,45,3.5,Notochord,1175,0.302134224736,3889
0.03,45,3.5,Pronephros,27,0.00694265878118,3889
0.03,45,3.5,Somite,141,0.0362561069684,3889
0.03,45,3.5,Spinal Cord Dorsal Region,29,0.00745692980201,3889
0.03,45,3.5,Spinal Cord Ventral Region,1,0.000257135510414,3889
0.03,45,3.5,Yolk Syncytial Layer,1,0.000257135510414,3889
0.03,45,4.0,Anterior Erythroid Lineage Cell,103,0.0190670122177,5402
0.03,45,4.0,Epidermis,22,0.0040725657164,5402
0.03,45,4.0,Eye,10,0.00185116623473,5402
0.03,45,4.0,Fast Muscle Cell,345,0.0638652350981,5402
0.03,45,4.0,Forebrain,215,0.0398000740466,5402
0.03,45,4.0,Hatching Gland,92,0.0170307293595,5402
0.03,45,4.0,"Musculature System, Yolk Syncytial Layer",1609,0.297852647168,5402
0.03,45,4.0,Myotome,43,0.00796001480933,5402
0.03,45,4.0,Nervous System,1789,0.331173639393,5402
0.03,45,4.0,Notochord,245,0.0453535727508,5402
0.03,45,4.0,Pigment Cell,15,0.00277674935209,5402
0.03,45,4.0,Pronephros,718,0.132913735653,5402
0.03,45,4.0,Somite,6,0.00111069974084,5402
0.03,45,4.0,Spinal Cord Anterior Region,10,0.00185116623473,5402
0.03,45,4.0,Spinal Cord Dorsal Region,161,0.0298037763791,5402
0.03,45,4.0,Spinal Cord Ventral Region,19,0.00351721584598,5402
0.06,45,0.0,EVL,272,0.483126110124,563
0.06,45,0.0,Hypoblast,24,0.0426287744227,563
0.06,45,0.0,Margin,22,0.0390763765542,563
0.06,45,0.0,Presumptive Mesoderm,47,0.0834813499112,563
0.06,45,0.0,"Presumptive Mesoderm, Presumptive Ectoderm",100,0.177619893428,563
0.06,45,0.0,Proliferative Like Cell,69,0.122557726465,563
0.06,45,0.0,Yolk Syncytial Layer,29,0.0515097690941,563
0.06,45,0.5,Anterior Neural Keel,31,0.0415549597855,746
0.06,45,0.5,EVL,43,0.0576407506702,746
0.06,45,0.5,Notochord,230,0.308310991957,746
0.06,45,0.5,"Paraxial Mesoderm, Neural Keel",99,0.132707774799,746
0.06,45,0.5,Periderm,33,0.044235924933,746
0.06,45,0.5,Presumptive Mesoderm,36,0.0482573726542,746
0.06,45,0.5,"Presumptive Mesoderm, Presumptive Ectoderm",41,0.0549597855228,746
0.06,45,0.5,Proliferative Like Cell,18,0.0241286863271,746
0.06,45,0.5,"Segmental Plate, Tail Bud",103,0.138069705094,746
0.06,45,0.5,Yolk Syncytial Layer,112,0.150134048257,746
0.06,45,1.0,Notochord,120,0.112044817927,1071
0.06,45,1.0,"Paraxial Mesoderm, Neural Keel",91,0.0849673202614,1071
0.06,45,1.0,Periderm,170,0.15873015873,1071
0.06,45,1.0,"Segmental Plate, Tail Bud",440,0.410830999066,1071
0.06,45,1.0,Yolk Syncytial Layer,250,0.233426704015,1071
0.06,45,1.5,Adaxial Cell,131,0.0845706907682,1549
0.06,45,1.5,Neural Rod,12,0.00774693350549,1549
0.06,45,1.5,Notochord,91,0.0587475790833,1549
0.06,45,1.5,"Paraxial Mesoderm, Neural Keel",19,0.0122659780504,1549
0.06,45,1.5,Periderm,419,0.2704970949,1549
0.06,45,1.5,Polster,45,0.0290510006456,1549
0.06,45,1.5,"Segmental Plate, Tail Bud",580,0.374435119432,1549
0.06,45,1.5,Somite,2,0.00129115558425,1549
0.06,45,1.5,Yolk Syncytial Layer,242,0.156229825694,1549
0.06,45,1.5,"Yolk Syncytial Layer, Periderm",8,0.00516462233699,1549
0.06,45,2.0,Adaxial Cell,754,0.349559573482,2157
0.06,45,2.0,Forebrain,1,0.000463606861382,2157
0.06,45,2.0,Neural Crest,5,0.00231803430691,2157
0.06,45,2.0,Neural Rod,374,0.173388966157,2157
0.06,45,2.0,Notochord,87,0.0403337969402,2157
0.06,45,2.0,Optic Vesicle,38,0.0176170607325,2157
0.06,45,2.0,Periderm,218,0.101066295781,2157
0.06,45,2.0,Polster,267,0.123783031989,2157
0.06,45,2.0,"Segmental Plate, Tail Bud",245,0.113583681038,2157
0.06,45,2.0,Somite,83,0.0384793694947,2157
0.06,45,2.0,Yolk Syncytial Layer,16,0.0074177097821,2157
0.06,45,2.0,"Yolk Syncytial Layer, Periderm",69,0.0319888734353,2157
0.06,45,2.5,Adaxial Cell,592,0.210078069553,2818
0.06,45,2.5,Angioblastic Mesenchymal Cell,44,0.0156139105749,2818
0.06,45,2.5,Erythroid Lineage Cell,43,0.0152590489709,2818
0.06,45,2.5,Eye,8,0.0028388928318,2818
0.06,45,2.5,Forebrain,102,0.0361958836054,2818
0.06,45,2.5,Hatching Gland,36,0.0127750177431,2818
0.06,45,2.5,Nervous System,3,0.00106458481192,2818
0.06,45,2.5,Neural Crest,32,0.0113555713272,2818
0.06,45,2.5,Neural Rod,427,0.151525904897,2818
0.06,45,2.5,Notochord,461,0.163591199432,2818
0.06,45,2.5,Optic Vesicle,48,0.0170333569908,2818
0.06,45,2.5,Periderm,27,0.00958126330731,2818
0.06,45,2.5,Polster,282,0.100070972321,2818
0.06,45,2.5,"Segmental Plate, Tail Bud",135,0.0479063165366,2818
0.06,45,2.5,Somite,381,0.135202271114,2818
0.06,45,2.5,Yolk Syncytial Layer,47,0.0166784953868,2818
0.06,45,2.5,"Yolk Syncytial Layer, Periderm",150,0.0532292405962,2818
0.06,45,3.0,Adaxial Cell,84,0.0240480961924,3493
0.06,45,3.0,Angioblastic Mesenchymal Cell,209,0.0598339536215,3493
0.06,45,3.0,Anterior Erythroid Lineage Cell,1,0.000286286859433,3493
0.06,45,3.0,Epidermis,6,0.0017177211566,3493
0.06,45,3.0,Erythroid Lineage Cell,173,0.0495276266819,3493
0.06,45,3.0,Eye,2,0.000572573718866,3493
0.06,45,3.0,Fast Muscle Cell,9,0.0025765817349,3493
0.06,45,3.0,Forebrain,438,0.125393644432,3493
0.06,45,3.0,Hatching Gland,226,0.0647008302319,3493
0.06,45,3.0,"Musculature System, Yolk Syncytial Layer",34,0.00973375322073,3493
0.06,45,3.0,Myotome,1,0.000286286859433,3493
0.06,45,3.0,Nervous System,83,0.023761809333,3493
0.06,45,3.0,Neural Crest,178,0.0509590609791,3493
0.06,45,3.0,Neural Rod,71,0.0203263670198,3493
0.06,45,3.0,Notochord,1309,0.374749498998,3493
0.06,45,3.0,Optic Vesicle,8,0.00229029487547,3493
0.06,45,3.0,Pronephros,1,0.000286286859433,3493
0.06,45,3.0,"Segmental Plate, Tail Bud",10,0.00286286859433,3493
0.06,45,3.0,Somite,530,0.1517320355,3493
0.06,45,3.0,Yolk Syncytial Layer,47,0.0134554823934,3493
0.06,45,3.0,"Yolk Syncytial Layer, Periderm",73,0.0208989407386,3493
0.06,45,3.5,Adaxial Cell,4,0.000888888888889,4500
0.06,45,3.5,Angioblastic Mesenchymal Cell,87,0.0193333333333,4500
0.06,45,3.5,Anterior Erythroid Lineage Cell,21,0.00466666666667,4500
0.06,45,3.5,Epidermis,47,0.0104444444444,4500
0.06,45,3.5,Erythroid Lineage Cell,109,0.0242222222222,4500
0.06,45,3.5,Fast Muscle Cell,207,0.046,4500
0.06,45,3.5,Forebrain,443,0.0984444444444,4500
0.06,45,3.5,Hatching Gland,316,0.0702222222222,4500
0.06,45,3.5,"Musculature System, Yolk Syncytial Layer",583,0.129555555556,4500
0.06,45,3.5,Myotome,22,0.00488888888889,4500
0.06,45,3.5,Nervous System,754,0.167555555556,4500
0.06,45,3.5,Neural Crest,80,0.0177777777778,4500
0.06,45,3.5,Notochord,1234,0.274222222222,4500
0.06,45,3.5,Pronephros,137,0.0304444444444,4500
0.06,45,3.5,Somite,442,0.0982222222222,4500
0.06,45,3.5,Spinal Cord Dorsal Region,4,0.000888888888889,4500
0.06,45,3.5,Yolk Syncytial Layer,5,0.00111111111111,4500
0.06,45,3.5,"Yolk Syncytial Layer, Periderm",5,0.00111111111111,4500
0.06,45,4.0,Adaxial Cell,1,0.000157554750276,6347
0.06,45,4.0,Angioblastic Mesenchymal Cell,14,0.00220576650386,6347
0.06,45,4.0,Anterior Erythroid Lineage Cell,169,0.0266267527966,6347
0.06,45,4.0,Epidermis,7,0.00110288325193,6347
0.06,45,4.0,Erythroid Lineage Cell,2,0.000315109500551,6347
0.06,45,4.0,Eye,26,0.00409642350717,6347
0.06,45,4.0,Fast Muscle Cell,756,0.119111391208,6347
0.06,45,4.0,Forebrain,365,0.0575074838506,6347
0.06,45,4.0,Hatching Gland,268,0.0422246730739,6347
0.06,45,4.0,"Musculature System, Yolk Syncytial Layer",2163,0.340790924846,6347
0.06,45,4.0,Myotome,38,0.00598708051048,6347
0.06,45,4.0,Nervous System,1115,0.175673546557,6347
0.06,45,4.0,Notochord,215,0.0338742713093,6347
0.06,45,4.0,Pronephros,1075,0.169371356546,6347
0.06,45,4.0,Somite,87,0.013707263274,6347
0.06,45,4.0,Spinal Cord Dorsal Region,45,0.00708996376241,6347
0.06,45,4.0,Spinal Cord Ventral Region,1,0.000157554750276,6347
0.0,46,0.0,EVL,272,0.483126110124,563
0.0,46,0.0,Hypoblast,24,0.0426287744227,563
0.0,46,0.0,Margin,22,0.0390763765542,563
0.0,46,0.0,Presumptive Mesoderm,47,0.0834813499112,563
0.0,46,0.0,"Presumptive Mesoderm, Presumptive Ectoderm",100,0.177619893428,563
0.0,46,0.0,Proliferative Like Cell,69,0.122557726465,563
0.0,46,0.0,Yolk Syncytial Layer,29,0.0515097690941,563
0.0,46,0.5,Anterior Neural Keel,17,0.0225464190981,754
0.0,46,0.5,EVL,81,0.107427055703,754
0.0,46,0.5,Notochord,178,0.236074270557,754
0.0,46,0.5,"Paraxial Mesoderm, Neural Keel",142,0.188328912467,754
0.0,46,0.5,Periderm,21,0.0278514588859,754
0.0,46,0.5,Presumptive Mesoderm,26,0.0344827586207,754
0.0,46,0.5,"Presumptive Mesoderm, Presumptive Ectoderm",60,0.079575596817,754
0.0,46,0.5,Proliferative Like Cell,34,0.0450928381963,754
0.0,46,0.5,"Segmental Plate, Tail Bud",110,0.145888594164,754
0.0,46,0.5,Yolk Syncytial Layer,85,0.112732095491,754
0.0,46,1.0,Anterior Neural Keel,17,0.0163461538462,1040
0.0,46,1.0,Notochord,51,0.0490384615385,1040
0.0,46,1.0,"Paraxial Mesoderm, Neural Keel",77,0.0740384615385,1040
0.0,46,1.0,Periderm,165,0.158653846154,1040
0.0,46,1.0,"Segmental Plate, Tail Bud",589,0.566346153846,1040
0.0,46,1.0,Yolk Syncytial Layer,141,0.135576923077,1040
0.0,46,1.5,Adaxial Cell,179,0.120619946092,1484
0.0,46,1.5,Neural Rod,99,0.0667115902965,1484
0.0,46,1.5,Notochord,11,0.00741239892183,1484
0.0,46,1.5,"Paraxial Mesoderm, Neural Keel",16,0.010781671159,1484
0.0,46,1.5,Periderm,262,0.176549865229,1484
0.0,46,1.5,Polster,17,0.0114555256065,1484
0.0,46,1.5,"Segmental Plate, Tail Bud",712,0.479784366577,1484
0.0,46,1.5,Somite,2,0.00134770889488,1484
0.0,46,1.5,Yolk Syncytial Layer,125,0.0842318059299,1484
0.0,46,1.5,"Yolk Syncytial Layer, Periderm",61,0.0411051212938,1484
0.0,46,2.0,Adaxial Cell,947,0.470675944334,2012
0.0,46,2.0,Neural Rod,468,0.232604373757,2012
0.0,46,2.0,Notochord,2,0.000994035785288,2012
0.0,46,2.0,Optic Vesicle,13,0.00646123260437,2012
0.0,46,2.0,Periderm,141,0.0700795228628,2012
0.0,46,2.0,Polster,123,0.0611332007952,2012
0.0,46,2.0,"Segmental Plate, Tail Bud",187,0.0929423459245,2012
0.0,46,2.0,Somite,36,0.0178926441352,2012
0.0,46,2.0,Yolk Syncytial Layer,18,0.00894632206759,2012
0.0,46,2.0,"Yolk Syncytial Layer, Periderm",77,0.0382703777336,2012
0.0,46,2.5,Adaxial Cell,623,0.250100361301,2491
0.0,46,2.5,Angioblastic Mesenchymal Cell,77,0.0309112806102,2491
0.0,46,2.5,Erythroid Lineage Cell,28,0.0112404656764,2491
0.0,46,2.5,Forebrain,139,0.0558008831794,2491
0.0,46,2.5,Hatching Gland,7,0.00281011641911,2491
0.0,46,2.5,Nervous System,23,0.00923323966279,2491
0.0,46,2.5,Neural Crest,76,0.0305098354075,2491
0.0,46,2.5,Neural Rod,504,0.202328382176,2491
0.0,46,2.5,Notochord,327,0.131272581293,2491
0.0,46,2.5,Periderm,41,0.0164592533119,2491
0.0,46,2.5,Polster,16,0.00642312324368,2491
0.0,46,2.5,"Segmental Plate, Tail Bud",51,0.0204737053392,2491
0.0,46,2.5,Somite,339,0.136089923725,2491
0.0,46,2.5,Yolk Syncytial Layer,59,0.0236852669611,2491
0.0,46,2.5,"Yolk Syncytial Layer, Periderm",181,0.0726615816941,2491
0.0,46,3.0,Adaxial Cell,13,0.00440528634361,2951
0.0,46,3.0,Angioblastic Mesenchymal Cell,127,0.0430362588953,2951
0.0,46,3.0,Erythroid Lineage Cell,178,0.0603185360895,2951
0.0,46,3.0,Forebrain,311,0.105388004066,2951
0.0,46,3.0,Hatching Gland,85,0.0288037953236,2951
0.0,46,3.0,Nervous System,339,0.114876313114,2951
0.0,46,3.0,Neural Crest,292,0.0989495086411,2951
0.0,46,3.0,Notochord,1241,0.420535411725,2951
0.0,46,3.0,Somite,182,0.0616740088106,2951
0.0,46,3.0,Yolk Syncytial Layer,87,0.0294815316842,2951
0.0,46,3.0,"Yolk Syncytial Layer, Periderm",96,0.0325313453067,2951
0.0,46,3.5,Angioblastic Mesenchymal Cell,20,0.005359056806,3732
0.0,46,3.5,Anterior Erythroid Lineage Cell,160,0.042872454448,3732
0.0,46,3.5,Epidermis,197,0.0527867095391,3732
0.0,46,3.5,Erythroid Lineage Cell,25,0.0066988210075,3732
0.0,46,3.5,Eye,1,0.0002679528403,3732
0.0,46,3.5,Fast Muscle Cell,33,0.0088424437299,3732
0.0,46,3.5,Forebrain,144,0.0385852090032,3732
0.0,46,3.5,Hatching Gland,65,0.0174169346195,3732
0.0,46,3.5,"Musculature System, Yolk Syncytial Layer",154,0.0412647374062,3732
0.0,46,3.5,Myotome,17,0.0045551982851,3732
0.0,46,3.5,Nervous System,1330,0.356377277599,3732
0.0,46,3.5,Neural Crest,21,0.0056270096463,3732
0.0,46,3.5,Notochord,1321,0.353965702036,3732
0.0,46,3.5,Pronephros,41,0.0109860664523,3732
0.0,46,3.5,Somite,50,0.013397642015,3732
0.0,46,3.5,Spinal Cord Dorsal Region,62,0.0166130760986,3732
0.0,46,3.5,Spinal Cord Ventral Region,4,0.0010718113612,3732
0.0,46,3.5,"Yolk Syncytial Layer, Periderm",87,0.0233118971061,3732
0.0,46,4.0,Anterior Erythroid Lineage Cell,54,0.0102857142857,5250
0.0,46,4.0,Epidermis,40,0.00761904761905,5250
0.0,46,4.0,Eye,58,0.0110476190476,5250
0.0,46,4.0,Fast Muscle Cell,217,0.0413333333333,5250
0.0,46,4.0,Forebrain,168,0.032,5250
0.0,46,4.0,Hatching Gland,10,0.00190476190476,5250
0.0,46,4.0,"Musculature System, Yolk Syncytial Layer",1093,0.20819047619,5250
0.0,46,4.0,Myotome,277,0.0527619047619,5250
0.0,46,4.0,Nervous System,1582,0.301333333333,5250
0.0,46,4.0,Notochord,412,0.0784761904762,5250
0.0,46,4.0,Pigment Cell,66,0.0125714285714,5250
0.0,46,4.0,Pronephros,668,0.127238095238,5250
0.0,46,4.0,Somite,24,0.00457142857143,5250
0.0,46,4.0,Spinal Cord Anterior Region,20,0.00380952380952,5250
0.0,46,4.0,Spinal Cord Dorsal Region,443,0.084380952381,5250
0.0,46,4.0,Spinal Cord Ventral Region,118,0.0224761904762,5250
0.01,46,0.0,EVL,272,0.483126110124,563
0.01,46,0.0,Hypoblast,24,0.0426287744227,563
0.01,46,0.0,Margin,22,0.0390763765542,563
0.01,46,0.0,Presumptive Mesoderm,47,0.0834813499112,563
0.01,46,0.0,"Presumptive Mesoderm, Presumptive Ectoderm",100,0.177619893428,563
0.01,46,0.0,Proliferative Like Cell,69,0.122557726465,563
0.01,46,0.0,Yolk Syncytial Layer,29,0.0515097690941,563
0.01,46,0.5,Anterior Neural Keel,9,0.011811023622,762
0.01,46,0.5,EVL,57,0.0748031496063,762
0.01,46,0.5,Notochord,216,0.283464566929,762
0.01,46,0.5,"Paraxial Mesoderm, Neural Keel",135,0.177165354331,762
0.01,46,0.5,Periderm,21,0.0275590551181,762
0.01,46,0.5,Presumptive Mesoderm,24,0.0314960629921,762
0.01,46,0.5,"Presumptive Mesoderm, Presumptive Ectoderm",61,0.0800524934383,762
0.01,46,0.5,Proliferative Like Cell,37,0.0485564304462,762
0.01,46,0.5,"Segmental Plate, Tail Bud",109,0.143044619423,762
0.01,46,0.5,Yolk Syncytial Layer,93,0.122047244094,762
0.01,46,1.0,Anterior Neural Keel,4,0.00384615384615,1040
0.01,46,1.0,Notochord,43,0.0413461538462,1040
0.01,46,1.0,"Paraxial Mesoderm, Neural Keel",100,0.0961538461538,1040
0.01,46,1.0,Periderm,164,0.157692307692,1040
0.01,46,1.0,"Segmental Plate, Tail Bud",581,0.558653846154,1040
0.01,46,1.0,Yolk Syncytial Layer,148,0.142307692308,1040
0.01,46,1.5,Adaxial Cell,158,0.107046070461,1476
0.01,46,1.5,Neural Rod,101,0.0684281842818,1476
0.01,46,1.5,"Paraxial Mesoderm, Neural Keel",11,0.00745257452575,1476
0.01,46,1.5,Periderm,278,0.188346883469,1476
0.01,46,1.5,Polster,3,0.0020325203252,1476
0.01,46,1.5,"Segmental Plate, Tail Bud",717,0.485772357724,1476
0.01,46,1.5,Somite,2,0.00135501355014,1476
0.01,46,1.5,Yolk Syncytial Layer,163,0.110433604336,1476
0.01,46,1.5,"Yolk Syncytial Layer, Periderm",43,0.0291327913279,1476
0.01,46,2.0,Adaxial Cell,905,0.456609485368,1982
0.01,46,2.0,Neural Rod,535,0.269929364279,1982
0.01,46,2.0,Notochord,1,0.00050454086781,1982
0.01,46,2.0,Periderm,126,0.0635721493441,1982
0.01,46,2.0,Polster,117,0.0590312815338,1982
0.01,46,2.0,"Segmental Plate, Tail Bud",178,0.0898082744702,1982
0.01,46,2.0,Somite,18,0.00908173562059,1982
0.01,46,2.0,Yolk Syncytial Layer,31,0.0156407669021,1982
0.01,46,2.0,"Yolk Syncytial Layer, Periderm",71,0.0358224016145,1982
0.01,46,2.5,Adaxial Cell,644,0.262535670607,2453
0.01,46,2.5,Angioblastic Mesenchymal Cell,102,0.041581736649,2453
0.01,46,2.5,Erythroid Lineage Cell,89,0.0362821035467,2453
0.01,46,2.5,Forebrain,145,0.0591112922951,2453
0.01,46,2.5,Hatching Gland,14,0.00570729718712,2453
0.01,46,2.5,Nervous System,13,0.00529963310232,2453
0.01,46,2.5,Neural Crest,85,0.0346514472075,2453
0.01,46,2.5,Neural Rod,479,0.195271096616,2453
0.01,46,2.5,Notochord,258,0.105177333877,2453
0.01,46,2.5,Optic Vesicle,2,0.000815328169588,2453
0.01,46,2.5,Periderm,53,0.0216061964941,2453
0.01,46,2.5,Polster,26,0.0105992662046,2453
0.01,46,2.5,"Segmental Plate, Tail Bud",63,0.025682837342,2453
0.01,46,2.5,Somite,297,0.121076233184,2453
0.01,46,2.5,Yolk Syncytial Layer,39,0.015898899307,2453
0.01,46,2.5,"Yolk Syncytial Layer, Periderm",144,0.0587036282104,2453
0.01,46,3.0,Adaxial Cell,6,0.00205902539465,2914
0.01,46,3.0,Angioblastic Mesenchymal Cell,157,0.0538778311599,2914
0.01,46,3.0,Erythroid Lineage Cell,200,0.0686341798216,2914
0.01,46,3.0,Forebrain,361,0.123884694578,2914
0.01,46,3.0,Hatching Gland,47,0.0161290322581,2914
0.01,46,3.0,Nervous System,310,0.106382978723,2914
0.01,46,3.0,Neural Crest,356,0.122168840082,2914
0.01,46,3.0,Neural Rod,1,0.000343170899108,2914
0.01,46,3.0,Notochord,1132,0.38846945779,2914
0.01,46,3.0,"Segmental Plate, Tail Bud",7,0.00240219629375,2914
0.01,46,3.0,Somite,174,0.0597117364447,2914
0.01,46,3.0,Yolk Syncytial Layer,49,0.0168153740563,2914
0.01,46,3.0,"Yolk Syncytial Layer, Periderm",114,0.0391214824983,2914
0.01,46,3.5,Angioblastic Mesenchymal Cell,14,0.00380124898181,3683
0.01,46,3.5,Anterior Erythroid Lineage Cell,182,0.0494162367635,3683
0.01,46,3.5,Epidermis,99,0.0268802606571,3683
0.01,46,3.5,Erythroid Lineage Cell,33,0.00896008688569,3683
0.01,46,3.5,Fast Muscle Cell,18,0.00488732011947,3683
0.01,46,3.5,Forebrain,302,0.0819983708933,3683
0.01,46,3.5,Hatching Gland,45,0.0122183002987,3683
0.01,46,3.5,"Musculature System, Yolk Syncytial Layer",76,0.0206353516155,3683
0.01,46,3.5,Myotome,28,0.00760249796362,3683
0.01,46,3.5,Nervous System,1352,0.367092044529,3683
0.01,46,3.5,Notochord,1260,0.342112408363,3683
0.01,46,3.5,Pigment Cell,2,0.00054303556883,3683
0.01,46,3.5,Pronephros,27,0.0073309801792,3683
0.01,46,3.5,Somite,69,0.0187347271246,3683
0.01,46,3.5,Spinal Cord Dorsal Region,65,0.017648655987,3683
0.01,46,3.5,Yolk Syncytial Layer,2,0.00054303556883,3683
0.01,46,3.5,"Yolk Syncytial Layer, Periderm",109,0.0295954385012,3683
0.01,46,4.0,Anterior Erythroid Lineage Cell,63,0.0122235157159,5154
0.01,46,4.0,Eye,25,0.00485060147458,5154
0.01,46,4.0,Fast Muscle Cell,251,0.0487000388048,5154
0.01,46,4.0,Forebrain,282,0.0547147846333,5154
0.01,46,4.0,Hatching Gland,32,0.00620876988747,5154
0.01,46,4.0,"Musculature System, Yolk Syncytial Layer",937,0.181800543267,5154
0.01,46,4.0,Myotome,203,0.0393868839736,5154
0.01,46,4.0,Nervous System,1828,0.354675979821,5154
0.01,46,4.0,Notochord,310,0.0601474582848,5154
0.01,46,4.0,Pigment Cell,35,0.00679084206442,5154
0.01,46,4.0,Pronephros,622,0.120682964688,5154
0.01,46,4.0,Somite,6,0.0011641443539,5154
0.01,46,4.0,Spinal Cord Dorsal Region,488,0.0946837407839,5154
0.01,46,4.0,Spinal Cord Ventral Region,72,0.0139697322468,5154
0.03,46,0.0,EVL,272,0.483126110124,563
0.03,46,0.0,Hypoblast,24,0.0426287744227,563
0.03,46,0.0,Margin,22,0.0390763765542,563
0.03,46,0.0,Presumptive Mesoderm,47,0.0834813499112,563
0.03,46,0.0,"Presumptive Mesoderm, Presumptive Ectoderm",100,0.177619893428,563
0.03,46,0.0,Proliferative Like Cell,69,0.122557726465,563
0.03,46,0.0,Yolk Syncytial Layer,29,0.0515097690941,563
0.03,46,0.5,Anterior Neural Keel,22,0.0289093298292,761
0.03,46,0.5,EVL,46,0.0604467805519,761
0.03,46,0.5,Notochord,221,0.290407358739,761
0.03,46,0.5,"Paraxial Mesoderm, Neural Keel",146,0.19185282523,761
0.03,46,0.5,Periderm,9,0.011826544021,761
0.03,46,0.5,Presumptive Mesoderm,21,0.0275952693824,761
0.03,46,0.5,"Presumptive Mesoderm, Presumptive Ectoderm",44,0.0578186596583,761
0.03,46,0.5,Proliferative Like Cell,29,0.0381077529566,761
0.03,46,0.5,"Segmental Plate, Tail Bud",115,0.15111695138,761
0.03,46,0.5,Yolk Syncytial Layer,108,0.141918528252,761
0.03,46,1.0,Anterior Neural Keel,4,0.00381679389313,1048
0.03,46,1.0,Notochord,48,0.0458015267176,1048
0.03,46,1.0,"Paraxial Mesoderm, Neural Keel",86,0.0820610687023,1048
0.03,46,1.0,Periderm,167,0.159351145038,1048
0.03,46,1.0,"Segmental Plate, Tail Bud",566,0.540076335878,1048
0.03,46,1.0,Yolk Syncytial Layer,177,0.168893129771,1048
0.03,46,1.5,Adaxial Cell,105,0.0701402805611,1497
0.03,46,1.5,Neural Rod,57,0.0380761523046,1497
0.03,46,1.5,Notochord,13,0.00868403473614,1497
0.03,46,1.5,"Paraxial Mesoderm, Neural Keel",37,0.0247160988644,1497
0.03,46,1.5,Periderm,279,0.186372745491,1497
0.03,46,1.5,Polster,11,0.00734802939212,1497
0.03,46,1.5,"Segmental Plate, Tail Bud",773,0.516366065464,1497
0.03,46,1.5,Somite,2,0.00133600534402,1497
0.03,46,1.5,Yolk Syncytial Layer,172,0.114896459586,1497
0.03,46,1.5,"Yolk Syncytial Layer, Periderm",48,0.0320641282565,1497
0.03,46,2.0,Adaxial Cell,858,0.424962852897,2019
0.03,46,2.0,Neural Rod,543,0.268945022288,2019
0.03,46,2.0,Notochord,7,0.00346706290243,2019
0.03,46,2.0,Optic Vesicle,5,0.00247647350173,2019
0.03,46,2.0,Periderm,94,0.0465577018326,2019
0.03,46,2.0,Polster,164,0.0812283308569,2019
0.03,46,2.0,"Segmental Plate, Tail Bud",163,0.0807330361565,2019
0.03,46,2.0,Somite,62,0.0307082714215,2019
0.03,46,2.0,Yolk Syncytial Layer,18,0.00891530460624,2019
0.03,46,2.0,"Yolk Syncytial Layer, Periderm",105,0.0520059435364,2019
0.03,46,2.5,Adaxial Cell,637,0.250985027581,2538
0.03,46,2.5,Angioblastic Mesenchymal Cell,39,0.01536643026,2538
0.03,46,2.5,Erythroid Lineage Cell,40,0.0157604412924,2538
0.03,46,2.5,Forebrain,93,0.0366430260047,2538
0.03,46,2.5,Nervous System,2,0.000788022064618,2538
0.03,46,2.5,Neural Crest,96,0.0378250591017,2538
0.03,46,2.5,Neural Rod,556,0.219070133964,2538
0.03,46,2.5,Notochord,248,0.0977147360126,2538
0.03,46,2.5,Optic Vesicle,32,0.0126083530339,2538
0.03,46,2.5,Periderm,22,0.0086682427108,2538
0.03,46,2.5,Polster,84,0.0330969267139,2538
0.03,46,2.5,"Segmental Plate, Tail Bud",44,0.0173364854216,2538
0.03,46,2.5,Somite,400,0.157604412924,2538
0.03,46,2.5,Yolk Syncytial Layer,38,0.0149724192277,2538
0.03,46,2.5,"Yolk Syncytial Layer, Periderm",207,0.0815602836879,2538
0.03,46,3.0,Angioblastic Mesenchymal Cell,230,0.0748454279206,3073
0.03,46,3.0,Anterior Erythroid Lineage Cell,6,0.00195248942402,3073
0.03,46,3.0,Epidermis,6,0.00195248942402,3073
0.03,46,3.0,Erythroid Lineage Cell,98,0.0318906605923,3073
0.03,46,3.0,Forebrain,401,0.130491376505,3073
0.03,46,3.0,Hatching Gland,53,0.0172469899121,3073
0.03,46,3.0,"Musculature System, Yolk Syncytial Layer",2,0.000650829808005,3073
0.03,46,3.0,Nervous System,274,0.0891636836967,3073
0.03,46,3.0,Neural Crest,312,0.101529450049,3073
0.03,46,3.0,Neural Rod,4,0.00130165961601,3073
0.03,46,3.0,Notochord,1167,0.379759192971,3073
0.03,46,3.0,Somite,326,0.106085258705,3073
0.03,46,3.0,Yolk Syncytial Layer,63,0.0205011389522,3073
0.03,46,3.0,"Yolk Syncytial Layer, Periderm",131,0.0426293524243,3073
0.03,46,3.5,Angioblastic Mesenchymal Cell,27,0.00687547746371,3927
0.03,46,3.5,Anterior Erythroid Lineage Cell,84,0.0213903743316,3927
0.03,46,3.5,Epidermis,51,0.012987012987,3927
0.03,46,3.5,Erythroid Lineage Cell,7,0.0017825311943,3927
0.03,46,3.5,Eye,22,0.00560224089636,3927
0.03,46,3.5,Fast Muscle Cell,79,0.0201171377642,3927
0.03,46,3.5,Forebrain,261,0.0664629488159,3927
0.03,46,3.5,Hatching Gland,120,0.0305576776165,3927
0.03,46,3.5,"Musculature System, Yolk Syncytial Layer",278,0.0707919531449,3927
0.03,46,3.5,Myotome,17,0.004329004329,3927
0.03,46,3.5,Nervous System,1442,0.367201426025,3927
0.03,46,3.5,Neural Crest,4,0.00101858925388,3927
0.03,46,3.5,Notochord,1369,0.348612172142,3927
0.03,46,3.5,Pronephros,41,0.0104405398523,3927
0.03,46,3.5,Somite,68,0.017316017316,3927
0.03,46,3.5,Spinal Cord Dorsal Region,18,0.00458365164248,3927
0.03,46,3.5,Yolk Syncytial Layer,22,0.00560224089636,3927
0.03,46,3.5,"Yolk Syncytial Layer, Periderm",17,0.004329004329,3927
0.03,46,4.0,Anterior Erythroid Lineage Cell,90,0.0162103746398,5552
0.03,46,4.0,Epidermis,18,0.00324207492795,5552
0.03,46,4.0,Eye,41,0.00738472622478,5552
0.03,46,4.0,Fast Muscle Cell,338,0.060878962536,5552
0.03,46,4.0,Forebrain,153,0.0275576368876,5552
0.03,46,4.0,Hatching Gland,86,0.0154899135447,5552
0.03,46,4.0,"Musculature System, Yolk Syncytial Layer",1474,0.265489913545,5552
0.03,46,4.0,Myotome,54,0.00972622478386,5552
0.03,46,4.0,Nervous System,1923,0.34636167147,5552
0.03,46,4.0,Notochord,487,0.0877161383285,5552
0.03,46,4.0,Pigment Cell,21,0.00378242074928,5552
0.03,46,4.0,Pronephros,611,0.110050432277,5552
0.03,46,4.0,Somite,5,0.000900576368876,5552
0.03,46,4.0,Spinal Cord Anterior Region,3,0.000540345821326,5552
0.03,46,4.0,Spinal Cord Dorsal Region,186,0.0335014409222,5552
0.03,46,4.0,Spinal Cord Ventral Region,50,0.00900576368876,5552
0.03,46,4.0,Yolk Syncytial Layer,12,0.0021613832853,5552
0.06,46,0.0,EVL,272,0.483126110124,563
0.06,46,0.0,Hypoblast,24,0.0426287744227,563
0.06,46,0.0,Margin,22,0.0390763765542,563
0.06,46,0.0,Presumptive Mesoderm,47,0.0834813499112,563
0.06,46,0.0,"Presumptive Mesoderm, Presumptive Ectoderm",100,0.177619893428,563
0.06,46,0.0,Proliferative Like Cell,69,0.122557726465,563
0.06,46,0.0,Yolk Syncytial Layer,29,0.0515097690941,563
0.06,46,0.5,Anterior Neural Keel,19,0.0247395833333,768
0.06,46,0.5,EVL,49,0.0638020833333,768
0.06,46,0.5,Notochord,224,0.291666666667,768
0.06,46,0.5,"Paraxial Mesoderm, Neural Keel",137,0.178385416667,768
0.06,46,0.5,Periderm,11,0.0143229166667,768
0.06,46,0.5,Presumptive Mesoderm,28,0.0364583333333,768
0.06,46,0.5,"Presumptive Mesoderm, Presumptive Ectoderm",35,0.0455729166667,768
0.06,46,0.5,Proliferative Like Cell,34,0.0442708333333,768
0.06,46,0.5,"Segmental Plate, Tail Bud",100,0.130208333333,768
0.06,46,0.5,Yolk Syncytial Layer,131,0.170572916667,768
0.06,46,1.0,Anterior Neural Keel,9,0.00842696629213,1068
0.06,46,1.0,Notochord,85,0.0795880149813,1068
0.06,46,1.0,"Paraxial Mesoderm, Neural Keel",111,0.10393258427,1068
0.06,46,1.0,Periderm,135,0.126404494382,1068
0.06,46,1.0,"Segmental Plate, Tail Bud",504,0.47191011236,1068
0.06,46,1.0,Yolk Syncytial Layer,224,0.209737827715,1068
0.06,46,1.5,Adaxial Cell,167,0.110303830911,1514
0.06,46,1.5,Neural Rod,29,0.0191545574637,1514
0.06,46,1.5,Notochord,97,0.0640686922061,1514
0.06,46,1.5,"Paraxial Mesoderm, Neural Keel",31,0.0204755614267,1514
0.06,46,1.5,Periderm,398,0.262879788639,1514
0.06,46,1.5,Polster,2,0.00132100396301,1514
0.06,46,1.5,"Segmental Plate, Tail Bud",507,0.334874504624,1514
0.06,46,1.5,Somite,1,0.000660501981506,1514
0.06,46,1.5,Yolk Syncytial Layer,265,0.175033025099,1514
0.06,46,1.5,"Yolk Syncytial Layer, Periderm",17,0.0112285336856,1514
0.06,46,2.0,Adaxial Cell,762,0.364418938307,2091
0.06,46,2.0,Neural Rod,389,0.186035389766,2091
0.06,46,2.0,Notochord,91,0.0435198469632,2091
0.06,46,2.0,Optic Vesicle,12,0.00573888091822,2091
0.06,46,2.0,Periderm,267,0.12769010043,2091
0.06,46,2.0,Polster,159,0.0760401721664,2091
0.06,46,2.0,"Segmental Plate, Tail Bud",196,0.0937350549976,2091
0.06,46,2.0,Somite,90,0.0430416068867,2091
0.06,46,2.0,Yolk Syncytial Layer,53,0.0253467240555,2091
0.06,46,2.0,"Yolk Syncytial Layer, Periderm",72,0.0344332855093,2091
0.06,46,2.5,Adaxial Cell,479,0.177736549165,2695
0.06,46,2.5,Angioblastic Mesenchymal Cell,34,0.0126159554731,2695
0.06,46,2.5,Erythroid Lineage Cell,48,0.0178107606679,2695
0.06,46,2.5,Forebrain,84,0.0311688311688,2695
0.06,46,2.5,Neural Crest,56,0.0207792207792,2695
0.06,46,2.5,Neural Rod,530,0.196660482375,2695
0.06,46,2.5,Notochord,530,0.196660482375,2695
0.06,46,2.5,Optic Vesicle,15,0.00556586270872,2695
0.06,46,2.5,Periderm,19,0.00705009276438,2695
0.06,46,2.5,Polster,180,0.0667903525046,2695
0.06,46,2.5,"Segmental Plate, Tail Bud",129,0.047866419295,2695
0.06,46,2.5,Somite,401,0.14879406308,2695
0.06,46,2.5,Yolk Syncytial Layer,82,0.030426716141,2695
0.06,46,2.5,"Yolk Syncytial Layer, Periderm",108,0.0400742115028,2695
0.06,46,3.0,Adaxial Cell,73,0.0216939078752,3365
0.06,46,3.0,Angioblastic Mesenchymal Cell,182,0.0540861812779,3365
0.06,46,3.0,Epidermis,5,0.00148588410104,3365
0.06,46,3.0,Erythroid Lineage Cell,122,0.0362555720654,3365
0.06,46,3.0,Fast Muscle Cell,9,0.00267459138187,3365
0.06,46,3.0,Forebrain,480,0.1426448737,3365
0.06,46,3.0,Hatching Gland,61,0.0181277860327,3365
0.06,46,3.0,"Musculature System, Yolk Syncytial Layer",37,0.0109955423477,3365
0.06,46,3.0,Nervous System,189,0.0561664190193,3365
0.06,46,3.0,Neural Crest,232,0.0689450222883,3365
0.06,46,3.0,Neural Rod,27,0.00802377414562,3365
0.06,46,3.0,Notochord,1205,0.358098068351,3365
0.06,46,3.0,Optic Vesicle,4,0.00118870728083,3365
0.06,46,3.0,Polster,12,0.0035661218425,3365
0.06,46,3.0,Pronephros,20,0.00594353640416,3365
0.06,46,3.0,"Segmental Plate, Tail Bud",4,0.00118870728083,3365
0.06,46,3.0,Somite,611,0.181575037147,3365
0.06,46,3.0,Yolk Syncytial Layer,76,0.0225854383358,3365
0.06,46,3.0,"Yolk Syncytial Layer, Periderm",16,0.00475482912333,3365
0.06,46,3.5,Adaxial Cell,1,0.000227998176015,4386
0.06,46,3.5,Angioblastic Mesenchymal Cell,158,0.0360237118103,4386
0.06,46,3.5,Anterior Erythroid Lineage Cell,67,0.015275877793,4386
0.06,46,3.5,Epidermis,13,0.00296397628819,4386
0.06,46,3.5,Erythroid Lineage Cell,41,0.0093479252166,4386
0.06,46,3.5,Eye,2,0.000455996352029,4386
0.06,46,3.5,Fast Muscle Cell,310,0.0706794345645,4386
0.06,46,3.5,Forebrain,563,0.128362973096,4386
0.06,46,3.5,Hatching Gland,127,0.0289557683539,4386
0.06,46,3.5,"Musculature System, Yolk Syncytial Layer",516,0.117647058824,4386
0.06,46,3.5,Myotome,29,0.00661194710442,4386
0.06,46,3.5,Nervous System,831,0.189466484268,4386
0.06,46,3.5,Neural Crest,36,0.00820793433653,4386
0.06,46,3.5,Notochord,1124,0.25626994984,4386
0.06,46,3.5,Pronephros,174,0.0396716826265,4386
0.06,46,3.5,Slow Muscle Cell,1,0.000227998176015,4386
0.06,46,3.5,Somite,389,0.0886912904697,4386
0.06,46,3.5,Yolk Syncytial Layer,3,0.000683994528044,4386
0.06,46,3.5,"Yolk Syncytial Layer, Periderm",1,0.000227998176015,4386
0.06,46,4.0,Angioblastic Mesenchymal Cell,42,0.00664451827243,6321
0.06,46,4.0,Anterior Erythroid Lineage Cell,128,0.0202499604493,6321
0.06,46,4.0,Epidermis,12,0.00189843379212,6321
0.06,46,4.0,Erythroid Lineage Cell,1,0.00015820281601,6321
0.06,46,4.0,Eye,52,0.00822654643253,6321
0.06,46,4.0,Fast Muscle Cell,793,0.125454833096,6321
0.06,46,4.0,Forebrain,348,0.0550545799715,6321
0.06,46,4.0,Hatching Gland,191,0.0302167378579,6321
0.06,46,4.0,"Musculature System, Yolk Syncytial Layer",1781,0.281759215314,6321
0.06,46,4.0,Myotome,32,0.00506249011232,6321
0.06,46,4.0,Nervous System,1241,0.196329694669,6321
0.06,46,4.0,Notochord,301,0.047619047619,6321
0.06,46,4.0,Pigment Cell,18,0.00284765068818,6321
0.06,46,4.0,Pronephros,1263,0.199810156621,6321
0.06,46,4.0,Somite,90,0.0142382534409,6321
0.06,46,4.0,Spinal Cord Anterior Region,1,0.00015820281601,6321
0.06,46,4.0,Spinal Cord Dorsal Region,24,0.00379686758424,6321
0.06,46,4.0,Spinal Cord Ventral Region,3,0.00047460844803,6321
