,0.0,0.5,1.0,1.5,2.0,2.5,3.0
Adcyap1_Adcyap1r1,0.6328425592261431,1.0,0.7263619147399651,0.5528533548253584,0.36908268549726553,0.1759860693169155,0.0
Adgre5_Cd55b,1.0,0.46622155863205333,0.1666716741681042,0.06702545240312187,0.017215118330327725,0.007331177292518004,0.0
Adipoq_Adipor1,1.0,0.5585139506473447,0.2538854311244542,0.1356827047491873,0.05423863361579512,0.029307815814856853,0.0
Adipoq_Adipor2,1.0,0.5906971545975308,0.2664652985429001,0.14119909997208477,0.05923667190144472,0.02926311474198022,0.0
Adm_Calcr,1.0,0.836938444411268,0.5217683021414222,0.36071982540659114,0.2049676488149135,0.12414619549618891,0.0
Adm_Calcrl,1.0,0.44470051984502945,0.2015494957432649,0.10726109433942604,0.04995999487412215,0.029936943691667266,0.0
Agrn_Dag1,1.0,0.6062644823546621,0.2917904017310782,0.156311426063303,0.07618179961842014,0.03809036945522088,0.0
Agt_Agtr1a,1.0,0.8936562035256174,0.6135563546561992,0.453290588856119,0.21675784372511894,0.1569174516615171,0.0
Agt_Agtr1b,1.0,0.7496945591959974,0.4407972995122853,0.3065276652050726,0.09498553764282491,0.10294898739181857,0.0
Agt_Mas1,1.0,0.814201225047731,0.54401170099291,0.3929551636859181,0.20938221932352857,0.13779559513470144,0.0
Alcam_Cd6,1.0,0.4682107858882234,0.18002398345279955,0.0714934093364479,0.022154148735007564,0.004826965896234967,0.0
Amh_Amhr2_Acvr1,1.0,0.3915236740416823,0.13959632278320339,0.05307581605500586,0.01844110467902523,0.006008065411577222,0.0
Amh_Amhr2_Bmpr1a,1.0,0.3915236740416823,0.13959632278320339,0.05307581605500586,0.01844110467902523,0.006008065411577222,0.0
Angpt1_Tek,1.0,0.42661415811012937,0.17664055186813266,0.08237919890154254,0.033340569096121125,0.018346332791732697,0.0
Angpt2_Itga5_Itgb1,1.0,0.47251501682825375,0.20285578088677952,0.10460060005672671,0.05054523242200431,0.024850649952184507,0.0
Angpt2_Tek,1.0,0.49009643886601967,0.22107428698546971,0.12208970888425207,0.059382903044450944,0.03302396606183971,0.0
Angptl1_Itga1_Itgb1,1.0,0.474073707040577,0.2014092180226083,0.10832626594772604,0.05626853624811621,0.027805704602515954,0.0
Angptl1_Pirb,1.0,0.5618115603146246,0.26364914123497113,0.15155950042194757,0.08325357521812729,0.039285226039953505,0.0
Angptl2_Itga5_Itgb1,1.0,0.4667551484714912,0.20569904214513415,0.10812879993583226,0.05374112337380423,0.026915558440169397,0.0
Angptl2_Pirb,1.0,0.6139019714863274,0.3220413060514709,0.1969420308126984,0.10675664430888805,0.05727733928995411,0.0
Angptl2_Tlr4,1.0,0.5758074580889155,0.29333839060708045,0.17752715029512992,0.09646694933072227,0.05205511682199557,0.0
Angptl3_Itgav_Itgb3,1.0,0.6250167468434679,0.3406921654557558,0.20952082958722304,0.08011698907048502,0.054782445092063516,0.0
Angptl4_Cdh11,1.0,0.39505037104368484,0.15748713448637094,0.06755643909648515,0.030763932363345528,0.01053282186682724,0.0
Angptl4_Cdh5,1.0,0.5170142131721401,0.24559087418069117,0.1400201150848199,0.07203991187378729,0.0380372460982671,0.0
Angptl4_Itga5_Itgb1,1.0,0.4883039005625346,0.21908940065719076,0.11356279428823222,0.05568957563912519,0.026889486110374543,0.0
Angptl4_Itgav_Itgb3,1.0,0.5279816200986165,0.2546573329295035,0.14309508457332604,0.06717121860150155,0.037736969022489804,0.0
Angptl4_Sdc1,1.0,0.5183021629566047,0.2406212448391322,0.12242766899728677,0.061451769303534694,0.026089805933443715,0.0
Angptl4_Sdc2,1.0,0.4673841811563818,0.2023441109716981,0.09765049641675748,0.046696277699289454,0.019443196691502025,0.0
Angptl4_Sdc3,1.0,0.8538717429009208,0.5090692584611198,0.33257426622736136,0.19163356229151485,0.09833155515654712,0.0
Angptl4_Sdc4,1.0,0.6687924876715899,0.3703078571545207,0.22104961492185543,0.1197513462508935,0.0621248589785367,0.0
Angptl7_Pirb,1.0,0.7194922147365408,0.44953905177601255,0.33601135766931645,0.20382114314294966,0.1252485692859996,0.0
Anxa1_Fpr1,0.9496072590297707,1.0,0.6411720642355964,0.4520450994980345,0.26120933946761066,0.15693217481799446,0.0
Anxa1_Fpr2,0.8597963131674639,1.0,0.6845061159895075,0.5273788306708339,0.30035443546767415,0.21319714652063274,0.0
Anxa1_Fpr2_Fpr3,0.8597963131674639,1.0,0.6845061159895075,0.5273788306708339,0.30035443546767415,0.21319714652063274,0.0
Apela_Aplnr,1.0,0.49122503741085916,0.21982516053331372,0.11026118623796727,0.05178361363073552,0.025275209473626208,0.0
Apln_Aplnr,1.0,0.5601775599251043,0.26825397490027886,0.15249598110593396,0.08106219064234917,0.041088006634931666,0.0
App_Cd74,1.0,0.7467844939761066,0.42801380441275,0.2749743590182133,0.16305405218222024,0.0821832238204834,0.0
Areg_Egfr,1.0,0.6169734426358408,0.2687586553124878,0.12322756313455997,0.055624737665596724,0.019496478887321266,0.0
Areg_Egfr_Erbb2,1.0,0.808716335173867,0.4282735789126289,0.21545097344160385,0.09948279191974672,0.03507092209321674,0.0
Artn_Gfra1_Ret,1.0,0.9802583753339731,0.5030276850985703,0.2775662186413583,0.12065607339727602,0.04913015572361678,0.0
Artn_Gfra3_Ret,1.0,0.555164627903623,0.22154594712280043,0.09533896248583608,0.03536312575856869,0.009695769932773837,0.0
Avp_Avpr1a,1.0,0.9153717889470759,0.699151743852096,0.6003666515515732,0.4178134180548219,0.23244245981582284,0.0
Bdnf_Ntrk2,1.0,0.5690984159016861,0.25369422818620085,0.1314361620151255,0.06777783305823558,0.027535241836176193,0.0
Bmp10_Acvrl1_Acvr2a,1.0,0.4490135439928245,0.24052684162173832,0.13485700412231266,0.05480384346092546,0.05172245996036437,0.0
Bmp10_Acvrl1_Bmpr2,1.0,0.4490135439928245,0.24052684162173832,0.13485700412231266,0.05480384346092546,0.05172245996036437,0.0
Bmp2_Bmpr1a_Acvr2a,1.0,0.5062839454093586,0.22882523389401116,0.11596984030216453,0.05865997860480877,0.02587136121935753,0.0
Bmp2_Bmpr1a_Acvr2b,1.0,0.472908853784305,0.1991231419972534,0.0900078031879297,0.04012140105888362,0.015544464760556044,0.0
Bmp2_Bmpr1a_Bmpr2,1.0,0.4475256816703845,0.18965811159739906,0.08577149746025983,0.039553044852721056,0.016428412967371183,0.0
Bmp2_Bmpr1b_Acvr2a,1.0,0.49964731995473155,0.21330205323889473,0.09135029742482402,0.041032554971116596,0.013504032635212444,0.0
Bmp2_Bmpr1b_Acvr2b,1.0,0.4693796984366079,0.19459662854266346,0.08504178128163295,0.035749796632606884,0.012813785225838837,0.0
Bmp2_Bmpr1b_Bmpr2,1.0,0.38368122735561555,0.13751227702348426,0.053338228091549165,0.02267467702993307,0.007104378707513054,0.0
Bmp4_Bmpr1a_Acvr2a,1.0,0.4086054622538752,0.15015919292689445,0.059458431299034255,0.023069882275066754,0.006643333223646832,0.0
Bmp4_Bmpr1a_Acvr2b,1.0,0.38094837971436485,0.13015932675206188,0.046273768120740626,0.01546255586421581,0.0032677351380840103,0.0
Bmp4_Bmpr1a_Bmpr2,1.0,0.36557911159413486,0.1276085599877476,0.04649992559365241,0.01732222830926428,0.0048867456710212885,0.0
Bmp4_Bmpr1b_Acvr2a,1.0,0.4019422517586225,0.14051955498258112,0.04910085192484016,0.017941107988820832,0.003924957734965445,0.0
Bmp4_Bmpr1b_Acvr2b,1.0,0.37884208386488644,0.12827057881965126,0.04482626342967748,0.014429972136871961,0.002618324561605921,0.0
Bmp4_Bmpr1b_Bmpr2,1.0,0.31134708846135073,0.09298558683086339,0.02995816047548443,0.01054395609323571,0.002190434733363795,0.0
Bmp5_Acvr1_Acvr2a,1.0,0.37534977875025044,0.13239810358904702,0.05258441226033346,0.022377507282781386,0.008014537618858356,0.0
Bmp5_Acvr1_Acvr2b,1.0,0.39557531034276355,0.1379657087016918,0.05239422262573432,0.02016008285281665,0.006179841190873555,0.0
Bmp5_Acvr1_Bmpr2,1.0,0.3647024177672162,0.12812411177281605,0.050886738284451484,0.021655055321713364,0.0077557903711587455,0.0
Bmp5_Bmpr1a_Acvr2a,1.0,0.42647261116506774,0.1609257670392036,0.06840144036506662,0.029811453426773715,0.010622600892898808,0.0
Bmp5_Bmpr1a_Acvr2b,1.0,0.3976024039453104,0.1397669431006073,0.0534679566196027,0.020507564276308437,0.006193197831052248,0.0
Bmp5_Bmpr1a_Bmpr2,1.0,0.3765381034827901,0.13355496027681363,0.051687131554229854,0.02110196892485041,0.00715371030935328,0.0
Bmp5_Bmpr1b_Acvr2a,1.0,0.4200107217260773,0.1508083742095764,0.055999193189023244,0.02227701737098763,0.006197863047332663,0.0
Bmp5_Bmpr1b_Acvr2b,1.0,0.3951385896748099,0.13734321077277464,0.05144053921689047,0.018970070268661893,0.005265832225287859,0.0
Bmp5_Bmpr1b_Bmpr2,1.0,0.31826087879932624,0.09513936710532706,0.032080619313145986,0.012105161163364781,0.0032163532696147562,0.0
Bmp6_Acvr1_Acvr2a,1.0,0.4279696328289075,0.16782084991514454,0.07548566114177212,0.03316121923536013,0.013552632930596676,0.0
Bmp6_Acvr1_Acvr2b,1.0,0.4395766339588416,0.16701574266665856,0.07095994648552384,0.02735038302676458,0.009366586410706873,0.0
Bmp6_Acvr1_Bmpr2,1.0,0.41529007431559706,0.16190184888878403,0.07282308864555312,0.031991538147036216,0.013074596875184957,0.0
Bmp6_Bmpr1a_Acvr2a,1.0,0.47555265052215573,0.19707738570544772,0.0974854961345133,0.04433211202129674,0.01808008082119138,0.0
Bmp6_Bmpr1a_Acvr2b,1.0,0.4474943022603354,0.1740039908552463,0.07555009772471932,0.028887036926439985,0.009386300973299738,0.0
Bmp6_Bmpr1a_Bmpr2,1.0,0.4258507284120732,0.16668344760630374,0.07216935440954358,0.029725316183965622,0.011282994508308527,0.0
Bmp6_Bmpr1b_Acvr2a,1.0,0.4674895414844257,0.1816174054750987,0.07313126926648225,0.028549181240649656,0.007293913460531917,0.0
Bmp6_Bmpr1b_Acvr2b,1.0,0.43959489897546833,0.16560676700401683,0.06721898191396769,0.022283702839308923,0.005284696175269765,0.0
Bmp6_Bmpr1b_Bmpr2,1.0,0.3755242742364785,0.12778226955965474,0.04717467032504559,0.01760482369928544,0.00425449156730044,0.0
Bmp7_Acvr1_Acvr2a,1.0,0.4331973939526096,0.17475954093096124,0.0788990458731278,0.03502932775413974,0.014946372875213883,0.0
Bmp7_Acvr1_Acvr2b,1.0,0.44496756656494074,0.17433318681037802,0.0747363327869948,0.029881519486787807,0.010847611400344147,0.0
Bmp7_Acvr1_Bmpr2,1.0,0.4187169532224111,0.16771883691281358,0.07572011646147106,0.033617957578038225,0.014344167058846865,0.0
Bmp7_Bmpr1a_Acvr2a,1.0,0.4828450976414438,0.20657396352303078,0.10214580924585068,0.04761867406335933,0.020203241431011137,0.0
Bmp7_Bmpr1a_Acvr2b,1.0,0.4513761747355179,0.1800880233361617,0.07867790302587774,0.03131973628341178,0.010972857131360116,0.0
Bmp7_Bmpr1a_Bmpr2,1.0,0.4315301220092446,0.17395574559434918,0.07593857444462034,0.031884481534472625,0.012809919295381424,0.0
Bmp7_Bmpr1b_Acvr2a,1.0,0.47332376195989684,0.1891095648337118,0.07679016239174542,0.030937901463297595,0.008767784552571706,0.0
Bmp7_Bmpr1b_Acvr2b,1.0,0.44473811328896634,0.17288293369167032,0.0715079355108332,0.025610414778434978,0.007477716421605737,0.0
Bmp7_Bmpr1b_Bmpr2,1.0,0.3818142491692342,0.13204633740997002,0.049411909438810464,0.01909976919988455,0.005153409401265551,0.0
Bmp8a_Acvr1_Acvr2a,1.0,0.4639960024581682,0.17814593923453168,0.06920702776380787,0.023259966587327676,0.006803439040531459,0.0
Bmp8a_Acvr1_Acvr2b,1.0,0.47512193190899304,0.17428862789736374,0.06019802794740008,0.013572657912549826,0.0,0.0014975840461017452
Bmp8a_Acvr1_Bmpr2,1.0,0.4501510256829328,0.17178584803391897,0.0667359316248666,0.02242944957940169,0.006560516428655162,0.0
Bmp8a_Bmpr1a_Acvr2a,1.0,0.5120267404397744,0.19956977276009877,0.0773461130406269,0.021793255004542298,0.0027702131336039986,0.0
Bmp8a_Bmpr1a_Acvr2b,1.0,0.4758424421981763,0.17668547250946948,0.061964400108155085,0.01379254918631127,0.0,0.0028026415887021316
Bmp8a_Bmpr1a_Bmpr2,1.0,0.46535441898685814,0.178790510371568,0.06612722001845692,0.01910263216768084,0.0038497651129907047,0.0
Bmp8a_Bmpr1b_Acvr2a,1.0,0.5091761361592048,0.19820358700928511,0.0696461536478783,0.0204336586874631,0.0006481680081956984,0.0
Bmp8a_Bmpr1b_Acvr2b,1.0,0.4709716552853414,0.17291656729765775,0.05934278506682381,0.012699712731501755,0.0,0.005142616202130445
Bmp8a_Bmpr1b_Bmpr2,1.0,0.41312545476458506,0.13944513401303218,0.045648631725353106,0.012980915438884855,0.0004158404614379061,0.0
Bmp8b_Acvr1_Acvr2a,1.0,0.6113060878328105,0.2920140007667765,0.1519975262339925,0.07716613823387483,0.03316098724955555,0.0
Bmp8b_Acvr1_Acvr2b,1.0,0.6325531586380925,0.2959948487383351,0.14918521675366775,0.07147537910136471,0.028271722193611046,0.0
Bmp8b_Acvr1_Bmpr2,1.0,0.5965156141481395,0.28368725639785397,0.14766266246496307,0.07496541362266644,0.03221525894900379,0.0
Bmp8b_Bmpr1a_Acvr2a,1.0,0.6953887075482159,0.3581558870373948,0.20913958334196775,0.11499463403682028,0.050450502510526594,0.0
Bmp8b_Bmpr1a_Acvr2b,1.0,0.6328841006940767,0.3016371817268839,0.15479371504622874,0.07338397637669854,0.028259728367656282,0.0
Bmp8b_Bmpr1a_Bmpr2,1.0,0.6163513520046107,0.2959347629898067,0.1493265758725551,0.07200787991176338,0.029632398417131466,0.0
Bmp8b_Bmpr1b_Acvr2a,1.0,0.6699418760316287,0.3223548213412398,0.1498569934367617,0.06794054349303577,0.02181493856710499,0.0
Bmp8b_Bmpr1b_Acvr2b,1.0,0.6197406971985951,0.28454645120079297,0.1364582278180085,0.05893965371995907,0.019704728242052733,0.0
Bmp8b_Bmpr1b_Bmpr2,1.0,0.5298424437339337,0.2151004583209339,0.09182547189645344,0.039778563176859426,0.012367512693360304,0.0
Btc_Egfr,1.0,0.4480156602044582,0.17386496080163596,0.07606437494711743,0.03362444674057825,0.013152273944859997,0.0
Btc_Egfr_Erbb2,1.0,0.6066391427322098,0.28457517528465576,0.13361720296184315,0.060071191344913955,0.0235850453368703,0.0
Btc_Erbb2_Erbb4,1.0,0.5954160440302623,0.3032355337198292,0.16649821867409803,0.0822189886068708,0.040407365361678174,0.0
Btc_Erbb4,1.0,0.4728580054389913,0.1955102152176975,0.0887992489083506,0.0387129222390434,0.01964834831168059,0.0
Btla_Tnfrsf14,1.0,0.4797238195416455,0.19668733577001932,0.08747778128667268,0.024867294531064853,0.01217016917697116,0.0
C3_C3ar1,0.7164740932086294,1.0,0.9044922757173297,0.7893613709359344,0.46909116990840727,0.31279323500135553,0.0
C3_Cr2,1.0,0.7415488101068433,0.40373052511087143,0.22035364753937065,0.06831550919451496,0.034565394874677566,0.0
C3_Itgam_Itgb2,0.8710779504256289,1.0,0.7446390048068187,0.5643980160126194,0.265801995160979,0.1828057157521593,0.0
C3_Itgax_Itgb2,0.9667958487065794,1.0,0.7291499038662421,0.5544049841834067,0.24876058697902242,0.18734130563384296,0.0
C4b_Cr2,1.0,0.7565353702392439,0.37466329371402873,0.18292042300571493,0.05523832357154197,0.01984666347411648,0.0
Cadm1_Cadm1,1.0,0.4370649801671084,0.14528244355117137,0.043069317752554126,0.007607291831412452,0.0,0.014262429391023708
Cadm3_Cadm3,0.0,1.0,0.9907948078636343,0.9442328620053496,0.7515137080791228,0.5046877637575979,0.23497439919817995
Calca_Calcr,1.0,0.7280763601765754,0.3965175323519385,0.24164878388134287,0.13724989655994035,0.06379880379993617,0.0
Calca_Calcrl,1.0,0.4230259619137698,0.17320231921793924,0.08439562166189539,0.04069905509955378,0.01783133097340078,0.0
Calcb_Calcr,0.7065616321786177,1.0,0.7437534840054552,0.5977674057323131,0.41944411850866287,0.21942626929242418,0.0
Calcb_Calcrl,1.0,0.6312567266612749,0.33125604307419104,0.1975359190599623,0.11264044679291638,0.05414246022601388,0.0
Cck_Cckar,1.0,0.8700792268595581,0.5329238381225596,0.39043802396266963,0.22649760545725453,0.13481938698187915,0.0
Cck_Cckbr,0.9568530182484861,1.0,0.5699640957004215,0.4044380734512685,0.2508745169799545,0.13571158415762183,0.0
Ccl1_Ackr1,0.0,1.0,0.5830992869691599,0.3418427529173742,0.15400089331319186,0.0939630453676326,0.05333357788594886
Ccl1_Ackr4,1.0,0.6372459586066088,0.31929416807533784,0.19615303576790133,0.1191936660646253,0.06319378608160041,0.0
Ccl11_Ackr1,0.14639563374987408,1.0,0.8264486396322213,0.7280475237851866,0.4769348777774459,0.31168526232419586,0.0
Ccl11_Ackr2,1.0,0.7271389280546465,0.4304736507790134,0.30682158518822356,0.19045173816838662,0.1120236194244546,0.0
Ccl12_Ccr2,1.0,0.8103592159335883,0.5673867139078937,0.456719391726354,0.3004895201675083,0.16471933943863007,0.0
Ccl17_Ackr1,0.32541237724608846,1.0,0.8775779210101351,0.7422031498467639,0.45114302359058706,0.29182029638951357,0.0
Ccl17_Ackr2,1.0,0.6875411126361358,0.4375266821113145,0.30991367483971005,0.18305279365092011,0.10747572102106626,0.0
Ccl17_Ccr4,1.0,0.5037466479859299,0.21775861506647576,0.09747085100382706,0.03148725764983489,0.014193864255020859,0.0
Ccl2_Ackr1,0.7356384379303432,1.0,0.6400307449392493,0.4266414436875925,0.24734488048150455,0.13094596325848662,0.0
Ccl2_Ackr2,1.0,0.5876067817611212,0.2972306072877357,0.17539323009330818,0.09689647558204159,0.048548526728254875,0.0
Ccl2_Ccr2,1.0,0.6045998681068239,0.31733793984063813,0.20040264537911395,0.1133289407250752,0.05853238239577763,0.0
Ccl20_Ccr6,1.0,0.7174909292652165,0.3375830569468074,0.17153707950268254,0.05737673559172177,0.024313958205988948,0.0
Ccl22_Ackr2,1.0,0.5650095915059713,0.32478140396013844,0.21034755450369452,0.10900314454999419,0.07415737821643538,0.0
Ccl22_Ccr4,1.0,0.43355758286321605,0.1743964978900037,0.07047393169014893,0.011482102632368988,0.005842282939898711,0.0
Ccl24_Ackr2,1.0,0.773987683698724,0.5315937645968327,0.42043234113598077,0.2650151178325592,0.15720696464770828,0.0
Ccl25_Ackr4,1.0,0.5089540326603132,0.23743009117268174,0.135703743451864,0.07665077386860511,0.03683374427912354,0.0
Ccl25_Ccr9,1.0,0.40427216679943784,0.1472331079461909,0.06054103795520751,0.025946785442691953,0.008812054767546316,0.0
Ccl27a_Ccr10,1.0,0.9279242844436998,0.6295415369443259,0.48456222095717383,0.3190455169423951,0.17269718275004997,0.0
Ccl27a_Ccr2,0.8868307787007372,1.0,0.7652688934748575,0.6273769683179765,0.41995180918728175,0.23112680860670531,0.0
Ccl28_Ccr10,1.0,0.6303833465989231,0.3131552554869757,0.1881060994704556,0.10416103731826608,0.05203434177896328,0.0
Ccl3_Ackr2,1.0,0.7656564470961155,0.5071999410836274,0.3788809592318726,0.2414092264569709,0.13164190205599713,0.0
Ccl3_Ccr1,1.0,0.806760588681782,0.5658614312416813,0.4538456888067161,0.2925827705204868,0.160413854713427,0.0
Ccl3_Ccr5,1.0,0.7928015155277436,0.5316841570467773,0.4063023267304201,0.25779991699585153,0.1409066073382632,0.0
Ccl4_Ackr2,1.0,0.8302832402156145,0.5812643533987025,0.4452159124358322,0.28715904410374427,0.1615014349744894,0.0
Ccl4_Ccr5,1.0,0.8560039508101431,0.6035038285158796,0.4731158259031833,0.3032243706429605,0.1712619380651273,0.0
Ccl5_Ackr1,0.3705535243780258,1.0,0.8508338537015226,0.7060853026701313,0.4606645307616618,0.2767827639905104,0.0
Ccl5_Ackr2,1.0,0.7409071252705394,0.46549449571591917,0.3271585845948516,0.2017526656479441,0.11196674685220395,0.0
Ccl5_Ccr1,1.0,0.816575172349907,0.5638733936702026,0.4387471813440062,0.2809656577452896,0.15910515718739512,0.0
Ccl5_Ccr4,1.0,0.5121410114689976,0.22271431907213246,0.10456377011307544,0.04342752309184302,0.02041481142673004,0.0
Ccl5_Ccr5,1.0,0.7710869210611884,0.4987906587806026,0.3643687590246486,0.22658319192972035,0.1269238320923406,0.0
Ccl6_Ccr1,1.0,0.8946935507175187,0.6897337626921985,0.5938975207969284,0.38860913271506103,0.22947629661261368,0.0
Ccl6_Ccr2,1.0,0.9739174642931162,0.7481020415301453,0.6354294692021919,0.40878888972650146,0.24385862506659234,0.0
Ccl7_Ackr1,0.6755620236563369,1.0,0.645060920070929,0.4413508472255485,0.26727020702908094,0.1392628882852002,0.0
Ccl7_Ccr1,1.0,0.6524073881347212,0.3603433020392229,0.240423602804866,0.14234595319274443,0.0725741144849592,0.0
Ccl7_Ccr2,1.0,0.6128234366765547,0.3217292677865391,0.2072512557486061,0.1213187886024215,0.06169585203189897,0.0
Ccl9_Ccr1,0.9205782122662532,1.0,0.8388636733319582,0.7536708704659021,0.4875808337798408,0.30390909671946814,0.0
Cd1d1_Ceacam5,1.0,0.6194447840647771,0.30126888672368896,0.1607754736602322,0.07878665698963969,0.03919365508566822,0.0
Cd200_Cd200r1,0.8837170139338445,1.0,0.7512813493620759,0.6328311533307709,0.41849976633918395,0.24231317761128246,0.0
Cd200_Cd200r2,1.0,0.8425163440519725,0.43966441981033333,0.23085923771636685,0.08961171134231212,0.049064256139215584,0.0
Cd200_Cd200r3,0.7974881258316798,1.0,0.653451728619032,0.4979013052645705,0.2981987646220339,0.16804067134405562,0.0
Cd200_Cd200r4,0.7376167353169649,1.0,0.7429640169427492,0.6193147416392831,0.3991388535425427,0.22570604116624704,0.0
Cd22_Ptprc,1.0,0.6997620036388205,0.38996201401895436,0.2567799886121453,0.1398097452872095,0.08020898523591553,0.0
Cd226_Nectin2,1.0,0.5502213820333487,0.2230231067217563,0.0880615645491862,0.017015603151216755,0.0060631229423500224,0.0
Cd226_Pvr,1.0,0.5314414973008382,0.2044482079172278,0.07422135972591876,0.008064437881030286,0.0038569625846722588,0.0
Cd274_Pdcd1,1.0,0.8788354624574769,0.6009199922193363,0.4292306381347798,0.2636006849311009,0.1569189224392012,0.0
Cd34_Selp,1.0,0.5111315618583226,0.22737730904521697,0.11619442599714346,0.046676920092294724,0.027450629887931555,0.0
Cd46_Jag1,1.0,0.4576272519174375,0.18290552784518055,0.08144292588680781,0.036523865048620284,0.014244145770738884,0.0
Cd52_Siglecg,1.0,0.64884741386176,0.3511450080009142,0.21919707120072926,0.11661578861870958,0.06605484164365427,0.0
Cd6_Alcam,1.0,0.46836040682956626,0.1801779360097688,0.07163858708332359,0.022262554244229887,0.004816928946510393,0.0
Cd70_Cd27,1.0,0.9104304977714299,0.5467199029963952,0.3773166297502465,0.2330265825352856,0.12439791719541216,0.0
Cd80_Cd274,1.0,0.6946534804636659,0.392816127238411,0.24573447651610666,0.1373361983968101,0.07176154890514591,0.0
Cd80_Cd28,1.0,0.640490711031439,0.3363761863146054,0.2013939994053403,0.1077861553193194,0.05462391291505539,0.0
Cd80_Ctla4,1.0,0.6048820386203899,0.31334883450406487,0.18148629380138187,0.09684233647497838,0.04616394063403602,0.0
Cd86_Cd28,1.0,0.7389580477297827,0.45444086366841435,0.3263457010120141,0.19229680295794677,0.10874566258068497,0.0
Cd86_Ctla4,1.0,0.7214843893253315,0.439917825596882,0.30145341147566884,0.17512683479974117,0.09259016846978332,0.0
Cd8a_Ceacam5,1.0,0.44854034596658104,0.15456372823096393,0.0512409787918124,0.012548884767588298,0.0,0.003532127633697914
Cd96_Nectin1,1.0,0.5832678574586447,0.2485896091037291,0.11662776829798749,0.05043607691129158,0.017950031180824222,0.0
Cd96_Pvr,1.0,0.4955452006314127,0.20484871023609133,0.0962031229140751,0.04057478328962676,0.017869033444186583,0.0
Cdh1_Cdh1,1.0,0.6427020034656845,0.220979523612287,0.08075270831944026,0.0,0.05582827287594999,0.10808118218592583
Cdh1_Itga2_Itgb1,1.0,0.581453535860593,0.2434006320205812,0.10554505221735615,0.03377967736499979,0.016245466659052146,0.0
Cdh1_Itgae_Itgb7,1.0,0.7073056650573963,0.34736580942684453,0.19055282724701011,0.07366488687848284,0.04523344776574494,0.0
Cdh1_Klrg1,1.0,0.665173510418224,0.3104086286632827,0.1537528213446868,0.05148792416493709,0.024784496969818614,0.0
Cdh15_Cdh15,1.0,0.29892715697495253,0.09005530769653486,0.039363844512012656,0.018079999437084673,0.006715404572832823,0.0
Cdh2_Cdh2,1.0,0.45105911082606415,0.19495533090782027,0.09562306722321888,0.04497218490779802,0.020206256804093874,0.0
Cdh4_Cdh4,1.0,0.42383022932961195,0.15253419990576703,0.06846594289935895,0.03247318241904057,0.012055306625219744,0.0
Cdh5_Cdh5,1.0,0.4954260339203386,0.23676150326756396,0.14106888222126154,0.07391697253955527,0.044487798245418826,0.0
Ceacam1_Ceacam5,1.0,0.4901520526137584,0.17936738632285662,0.06400791770032345,0.003436891005844091,0.001748612604658918,0.0
Cga_Fshr,1.0,0.4573250923320618,0.16433568485162245,0.05465861783879274,0.008924758379956937,0.0,0.008558087767280011
Cga_Lhcgr,1.0,0.5042186682887716,0.20673909297647294,0.09129573189613768,0.03629711565666203,0.011697518454603937,0.0
Cga_Tshr,1.0,0.46046836194094454,0.16656373388389054,0.057766239366472766,0.0117812086670842,0.0,0.006508554509544318
Chad_Itga2_Itgb1,1.0,0.5075737347779209,0.22346010178536183,0.11115933033325102,0.0568937111969116,0.02491338615890879,0.0
Clcf1_Cntfr_Lifr_Il6st,1.0,0.45776264327221544,0.18778960436641254,0.08759517513539757,0.04206045678703263,0.017215048913504442,0.0
Cldn11_Cldn11,1.0,0.46498682480496056,0.14197645121033642,0.05468212334207899,0.002449027688736668,0.0,0.012834602611015036
Clec2g_Klrb1,1.0,0.4644907484414019,0.16758810312991645,0.05688982303509702,0.007999918932160158,0.0,0.00649872095634187
Clec2g_Klrb1f,1.0,0.507061234164465,0.2274310520354116,0.11765085783564395,0.05783844963410571,0.024208590553597146,0.0
Clec2h_Klrb1,1.0,0.47792833322337036,0.1671844795504187,0.04978336369534383,0.0,0.01882194649840828,0.06079759937662569
Clec2i_Klrb1,1.0,0.4913760393757434,0.2085689571827537,0.1011316023948667,0.044419806619256284,0.021378667964426674,0.0
Clec2i_Klrb1f,1.0,0.5245070692366812,0.2628842701668946,0.1649445011575262,0.09629904704711524,0.04529177683586618,0.0
Cntf_Cntfr_Lifr_Il6st,1.0,0.4828405413544186,0.19875713636371828,0.09430435466801718,0.04484891457190809,0.018938322826781814,0.0
Cntn1_Nrcam,0.4743138330381925,1.0,0.7431827683184142,0.6574981782610104,0.4932122103939096,0.2529761030771507,0.0
Cntn2_Cntn2,0.5105019337008347,1.0,0.7810139885784704,0.6066466908335725,0.3937000899028006,0.18690264914240545,0.0
Cntn2_Cntn2_Cntnap2,0.5105019337008347,1.0,0.7810139885784704,0.6066466908335725,0.3937000899028006,0.18690264914240545,0.0
Cntn2_L1cam,0.12211094081637207,1.0,0.8814446876511575,0.777403528719377,0.5481378828326742,0.27182624497301755,0.0
Col1a1_Cd44,0.0,0.4413978133181081,0.5686980579149535,0.8162404041244385,0.8692157668574964,1.0,0.9011602469383729
Col1a1_Gp6,1.0,0.6314241929032629,0.32212370541381075,0.18580029209730395,0.04625734595144779,0.05068067467687356,0.0
Col1a1_Itga10_Itgb1,1.0,0.9635281830953514,0.5755431593851591,0.398485002099829,0.19430125459142814,0.13419889958623227,0.0
Col1a1_Itga11_Itgb1,1.0,0.6442725440377165,0.3102038950077774,0.17039836525992513,0.06916414627292737,0.03804081553119985,0.0
Col1a1_Itga1_Itgb1,1.0,0.6140571999183247,0.2933960263517633,0.1749704636292296,0.06624905615195753,0.061574876158773634,0.0
Col1a1_Itga2_Itgb1,1.0,0.5993076951328012,0.26204594579365803,0.13508850034570877,0.04814017513152136,0.03332320649341937,0.0
Col1a1_Itga3_Itgb1,1.0,0.644487274511251,0.3064627741742967,0.16311073218752928,0.053349715939187276,0.03662692809225188,0.0
Col1a1_Itga9_Itgb1,1.0,0.5891955193755717,0.26688856129308913,0.13517140078115394,0.05154127955292193,0.027190892631947197,0.0
Col1a1_Itgav_Itgb8,1.0,0.6053332022165437,0.28221469740818805,0.14215068577414386,0.05931944905143273,0.029102064520419437,0.0
Col1a1_Sdc1,1.0,0.6499378235828369,0.3208906126141611,0.17711970572390093,0.07793033042063348,0.04299359633995419,0.0
Col1a1_Sdc4,1.0,0.9923250517896852,0.5996531190929856,0.42373403660923625,0.19879426106188547,0.1634457624516706,0.0
Col1a2_Cd44,0.0,0.7723314641717081,0.6724139253210356,1.0,0.8831404156273215,0.7768971028042928,0.15640441715452805
Col1a2_Gp6,1.0,0.5888105478545705,0.30442119760688646,0.183634088312796,0.07698618831910958,0.053044289197001784,0.0
Col1a2_Itga10_Itgb1,1.0,0.7639347242359121,0.4477462559209571,0.29952989723696455,0.1688986891459977,0.09522522096391642,0.0
Col1a2_Itga11_Itgb1,1.0,0.5690338835585111,0.2764754827607149,0.1558716351467432,0.07807101676035755,0.03812099239173327,0.0
Col1a2_Itga1_Itgb1,1.0,0.560383740712792,0.2715111625938851,0.16399530756532635,0.07956571397796278,0.05308878484600232,0.0
Col1a2_Itga2_Itgb1,1.0,0.5415240998906992,0.24640512727519284,0.1358193365474825,0.06645234856624964,0.03615938721056311,0.0
Col1a2_Itga3_Itgb1,1.0,0.5825906577435016,0.2849356963794137,0.1609261283441383,0.07530059185096916,0.040967614707665516,0.0
Col1a2_Itga9_Itgb1,1.0,0.5216903541246574,0.23654343333448552,0.12419269747741367,0.058730345788061106,0.028166298164618415,0.0
Col1a2_Itgav_Itgb8,1.0,0.5362795540400382,0.24940431917650221,0.13079367338210238,0.0646579677220869,0.03000053884038823,0.0
Col1a2_Sdc1,1.0,0.5718730581951939,0.28235713183521016,0.1588268603246864,0.08210959371691355,0.040189886442181064,0.0
Col1a2_Sdc4,1.0,0.7825314276653745,0.46938750100904514,0.32136930632479027,0.18109791559642627,0.11155953463031634,0.0
Col2a1_Cd44,1.0,0.9249551458905095,0.5618469951321812,0.37197293877231036,0.23738694676465855,0.11713436742653743,0.0
Col2a1_Gp6,1.0,0.5741276792075344,0.264851211571518,0.13491313767239255,0.06249662151306246,0.029143404040761295,0.0
Col2a1_Itga10_Itgb1,1.0,0.4506642301493234,0.19475869464515516,0.09681774812306611,0.04951791494643479,0.021105535076342007,0.0
Col2a1_Itga11_Itgb1,1.0,0.4106620936267022,0.16295274828540776,0.07326159285320326,0.03506718558599878,0.013441692482051812,0.0
Col2a1_Itga1_Itgb1,1.0,0.4617581488858001,0.18801186974887363,0.09146022114177652,0.04511062777944209,0.02035050549836338,0.0
Col2a1_Itga2_Itgb1,1.0,0.43312373512463687,0.1653441024508402,0.07630159650902636,0.037253560301975054,0.014894640961003373,0.0
Col2a1_Itga3_Itgb1,1.0,0.49045804576153407,0.2104681763310642,0.10135144130086716,0.0486017272478543,0.019137697917553,0.0
Col2a1_Itga9_Itgb1,1.0,0.38624158360683225,0.14147343693328965,0.06150076058812998,0.02839617725132733,0.010689348481921043,0.0
Col2a1_Itgav_Itgb8,1.0,0.3935265332207677,0.14187060673186092,0.05944552285498285,0.02699092771205627,0.009754576417581614,0.0
Col2a1_Sdc1,1.0,0.4224295957108563,0.17268249149560919,0.0798340042382076,0.03964727089866158,0.015057834048983365,0.0
Col2a1_Sdc4,1.0,0.5126680306278786,0.24113667535519262,0.1261486246515996,0.06712552842842978,0.028997676127969357,0.0
Col4a1_Cd44,0.9988876139761255,1.0,0.5826059031856006,0.5541857906241537,0.4141347833817079,0.3204622135262149,0.0
Col4a1_Gp6,1.0,0.4560678404087432,0.2031787317568735,0.10651388434498228,0.04197661575773364,0.028505557138650394,0.0
Col4a1_Itga10_Itgb1,1.0,0.6548119379277749,0.3380882851644715,0.20128535018615,0.10840909357816121,0.05822557759736514,0.0
Col4a1_Itga11_Itgb1,1.0,0.4990375282947285,0.2180603501254134,0.11152247829495897,0.05317127579394595,0.024393268463091627,0.0
Col4a1_Itga1_Itgb1,1.0,0.4564975460097853,0.19886856575681144,0.10536841827646516,0.04921089785007806,0.03034087610840938,0.0
Col4a1_Itga2_Itgb1,1.0,0.4638341177381318,0.19039888263036372,0.0944742907493082,0.044183986353456356,0.02216189285604165,0.0
Col4a1_Itga3_Itgb1,1.0,0.4833885307678959,0.2124484188944202,0.1072657709144803,0.04820720111363587,0.02439536713940184,0.0
Col4a1_Itga9_Itgb1,1.0,0.4548757965896739,0.18624449885469083,0.08882048785833387,0.040091126919839855,0.0180976310107247,0.0
Col4a1_Itgav_Itgb8,1.0,0.4720154100205764,0.20417175886984087,0.10175702756825303,0.048838606667368924,0.021180944964270036,0.0
Col4a1_Sdc1,1.0,0.49761210473447787,0.22070499824353668,0.11219093193460004,0.05519329499744189,0.02514107766226284,0.0
Col4a1_Sdc4,1.0,0.6377695244674149,0.33650426770448044,0.20214126151128445,0.10783524340788078,0.06274072516650073,0.0
Col4a2_Cd44,1.0,0.9790353033334946,0.5650825471778272,0.47807810636419057,0.34407727654476705,0.25161998896530424,0.0
Col4a2_Gp6,1.0,0.4644599431883297,0.20810271690256207,0.10736327995565731,0.042247009242507204,0.026636658015113886,0.0
Col4a2_Itga10_Itgb1,1.0,0.6362273568974394,0.32159815773722483,0.18454864742008514,0.09787864873707056,0.05046243445656953,0.0
Col4a2_Itga11_Itgb1,1.0,0.49320117146123416,0.21286723412550485,0.10539642280957126,0.04971952562237267,0.02196299667502003,0.0
Col4a2_Itga1_Itgb1,1.0,0.4561882998873062,0.19693735033832982,0.10181921729102733,0.0471401201658348,0.027809241129571494,0.0
Col4a2_Itga2_Itgb1,1.0,0.4616725671556794,0.18796402346637694,0.09061740628221966,0.04176991231855996,0.020058803194265104,0.0
Col4a2_Itga3_Itgb1,1.0,0.4800434242912644,0.2084994374147428,0.10223593132865849,0.04536008003826535,0.021770529138176314,0.0
Col4a2_Itga9_Itgb1,1.0,0.44568988184312436,0.17929338262583402,0.08296768235414807,0.03695513316974409,0.015974302529613366,0.0
Col4a2_Itgav_Itgb8,1.0,0.45943986205951903,0.19362591683046326,0.09300121471339676,0.04383891368320012,0.018476123578510296,0.0
Col4a2_Sdc1,1.0,0.4895294786409128,0.21395178122187333,0.1055251279738478,0.05124285315871825,0.022491573378984976,0.0
Col4a2_Sdc4,1.0,0.6225010948411706,0.32233534802525676,0.18662883630490798,0.09790737721909866,0.054234830798329574,0.0
Col4a3_Cd44,0.8605972124649742,1.0,0.20833951648740234,0.12579294264997173,0.0,0.21294091932912274,0.11120595683168312
Col4a3_Gp6,1.0,0.47113767510998195,0.2013818058495359,0.09297080593248797,0.02098854524277803,0.015026422855889676,0.0
Col4a3_Itga10_Itgb1,1.0,0.6222503404790445,0.29438366265402244,0.15164740014619915,0.06383864825997511,0.03343705532552056,0.0
Col4a3_Itga11_Itgb1,1.0,0.4875225601582676,0.19842887589996897,0.08579097705097931,0.030047523262625678,0.011405243037384268,0.0
Col4a3_Itga1_Itgb1,1.0,0.45148573497328676,0.18298329532620408,0.08333637899058452,0.02811946618860526,0.018632871836613055,0.0
Col4a3_Itga2_Itgb1,1.0,0.455052822051523,0.1719158851624537,0.0699241485670501,0.02133085363627689,0.00910909429264449,0.0
Col4a3_Itga3_Itgb1,1.0,0.4689210499460375,0.18754084902629972,0.07770435024410523,0.021738962780111084,0.008857722548993646,0.0
Col4a3_Itga9_Itgb1,1.0,0.43879710692092266,0.16727700615678406,0.06818182513098796,0.02237663584471651,0.00802071221469434,0.0
Col4a3_Itgav_Itgb8,1.0,0.4473584434564579,0.17901408490032694,0.07571293697682384,0.027414324063357316,0.009540771955749235,0.0
Col4a3_Sdc1,1.0,0.482181823011454,0.19914762790627524,0.0874012634432653,0.03344444902628699,0.013198778263635236,0.0
Col4a3_Sdc4,1.0,0.601054303573207,0.28688385686225076,0.14683914034863124,0.05767690191953764,0.034088138906364564,0.0
Col4a4_Cd44,0.4128976540802807,1.0,0.2739462569520564,0.32554087884018185,0.250646160881192,0.3248620531503628,0.0
Col4a4_Gp6,1.0,0.4962491800348111,0.2171020991596474,0.10574645084430949,0.03210986575495817,0.02046092187276015,0.0
Col4a4_Itga10_Itgb1,1.0,0.658883058791155,0.32499668032577844,0.18030048687154854,0.08907842233302453,0.04508551475654586,0.0
Col4a4_Itga11_Itgb1,1.0,0.5152261895237773,0.21877548032175936,0.10235530021942885,0.04314383449216821,0.01733364792440189,0.0
Col4a4_Itga1_Itgb1,1.0,0.48845284401453176,0.20608610139470124,0.10146922788805454,0.04254339605866532,0.025343365194741396,0.0
Col4a4_Itga2_Itgb1,1.0,0.4848289309471888,0.191734992531577,0.0854720104829953,0.03397106063421654,0.01495042060715905,0.0
Col4a4_Itga3_Itgb1,1.0,0.5035097556518168,0.21149249728852693,0.09572370187168144,0.03565513814687422,0.015306191838764572,0.0
Col4a4_Itga9_Itgb1,1.0,0.4635320437929427,0.18317653036723855,0.07990984449028321,0.031462690148218744,0.01207521070106366,0.0
Col4a4_Itgav_Itgb8,1.0,0.47523348137017424,0.19927868689049535,0.09157125264155473,0.03904846560209717,0.014986669022516544,0.0
Col4a4_Sdc1,1.0,0.5088661804405197,0.21908086535410953,0.10273042016130471,0.04538931568296881,0.0184584236483201,0.0
Col4a4_Sdc4,1.0,0.6417845459862374,0.32060428078986697,0.17742029433349094,0.08475707688170177,0.046883733959211055,0.0
Col4a5_Cd44,1.0,0.8013582073233403,0.4660060797724157,0.3283954298665918,0.1926042863229918,0.14677193527118487,0.0
Col4a5_Gp6,1.0,0.4180750305746297,0.18390588080391393,0.08926550494959305,0.03230343266824678,0.021247833249522376,0.0
Col4a5_Itga10_Itgb1,1.0,0.5923634481479885,0.293446210300729,0.1589024254115557,0.07697760639840603,0.042309426203501456,0.0
Col4a5_Itga11_Itgb1,1.0,0.458906120927772,0.1933629395079482,0.09084408828865378,0.03969084479056214,0.018885139603235356,0.0
Col4a5_Itga1_Itgb1,1.0,0.4081080883391575,0.17253670282413258,0.08428820833185803,0.03502190943002618,0.022607657199104007,0.0
Col4a5_Itga2_Itgb1,1.0,0.42293543046386256,0.1687086527626605,0.07710361000547902,0.03247699600862689,0.016959355057861693,0.0
Col4a5_Itga3_Itgb1,1.0,0.4277139017742565,0.17834980506448486,0.08211860232830366,0.03304142985692445,0.017040536426524512,0.0
Col4a5_Itga9_Itgb1,1.0,0.4061400927649181,0.15847482028607468,0.06963888072757639,0.02872110305262236,0.013287748641128293,0.0
Col4a5_Itgav_Itgb8,1.0,0.41347512308278717,0.16745073057150026,0.07546219247499043,0.032361178481859584,0.01393390524071013,0.0
Col4a5_Sdc1,1.0,0.4512959242897862,0.1900165820282212,0.08853694016071509,0.0398459160249105,0.018676227866695226,0.0
Col4a5_Sdc4,1.0,0.556125209139629,0.27733390733312735,0.14939137160668037,0.07059576435297589,0.04158423371027898,0.0
Col4a6_Cd44,0.8994358909104994,1.0,0.573144380159515,0.5565230371770705,0.3804309645287725,0.38049150463953646,0.0
Col4a6_Gp6,1.0,0.4578984498359106,0.20978928681590212,0.10725845605932424,0.03714502684182335,0.026844169723721886,0.0
Col4a6_Itga10_Itgb1,1.0,0.6727431002610144,0.3598035482219208,0.21099408221811145,0.10694203106465576,0.061511955227496376,0.0
Col4a6_Itga11_Itgb1,1.0,0.5059423737021036,0.22686667956998485,0.1126457113868929,0.05023814531640904,0.024308158803330097,0.0
Col4a6_Itga1_Itgb1,1.0,0.44972312589398905,0.1988327169851106,0.1026309594438933,0.04333181642819548,0.029827923262797314,0.0
Col4a6_Itga2_Itgb1,1.0,0.4636126081144461,0.19355697020461904,0.09213968044576737,0.0388464884070959,0.02107447520986847,0.0
Col4a6_Itga3_Itgb1,1.0,0.47215724985633645,0.20652965363736903,0.09929894656958524,0.0396148588745745,0.021229437580086004,0.0
Col4a6_Itga9_Itgb1,1.0,0.4534113642643675,0.1891274445974584,0.08737454699158778,0.036463634186663305,0.0170918503790357,0.0
Col4a6_Itgav_Itgb8,1.0,0.4608139556265753,0.2002940967570844,0.0953238653184474,0.04203850155821633,0.018493213093748222,0.0
Col4a6_Sdc1,1.0,0.5012556240677116,0.22587167276616632,0.1115736748834219,0.05174785517015781,0.02473795918296827,0.0
Col4a6_Sdc4,1.0,0.6253822681178209,0.33296476834759586,0.19354918162229048,0.0951280770305265,0.05963947614690033,0.0
Col6a1_Cd44,0.0,0.6240745469158271,0.7354916475297025,1.0,0.9704033498135233,0.8614165241450205,0.44701798875764615
Col6a1_Gp6,1.0,0.7222527060881201,0.4273793707241463,0.2935830565644142,0.14359846135863158,0.10070973871430665,0.0
Col6a1_Itga10_Itgb1,1.0,0.9044796532120771,0.5726645298394284,0.42434337073284106,0.2603487883156421,0.14951386902878533,0.0
Col6a1_Itga11_Itgb1,1.0,0.6583895255727182,0.3449975219924257,0.2129914490489785,0.11716366619089699,0.060058266994465356,0.0
Col6a1_Itga1_Itgb1,1.0,0.655444881414246,0.3481950327809516,0.230357035646576,0.1250538283386918,0.08269120020857196,0.0
Col6a1_Itga2_Itgb1,1.0,0.6240076406644138,0.3081653518712216,0.18745013940908853,0.10272587886460269,0.057958526933504645,0.0
Col6a1_Itga3_Itgb1,1.0,0.6727491278273469,0.3593509914507378,0.22406639598157665,0.11837441765817383,0.06635590286087498,0.0
Col6a1_Itga9_Itgb1,1.0,0.5827458944484563,0.280176274283008,0.15976514910889192,0.0827779258740992,0.041499523735976804,0.0
Col6a1_Itgav_Itgb8,1.0,0.6008002612782086,0.29810132432130365,0.17060219607719054,0.09142728327559894,0.044158937116803854,0.0
Col6a1_Sdc1,1.0,0.646223566408697,0.34092274642488296,0.20893068205662813,0.1167871553757459,0.05916818916445079,0.0
Col6a1_Sdc4,1.0,0.9307299491431593,0.611918308655989,0.46733542033940406,0.2878498523223089,0.17839991639119812,0.0
Col6a2_Cd44,0.0,0.6278547910948986,0.7391104029181205,1.0,0.975903976693258,0.8794172815543784,0.4721109073605628
Col6a2_Gp6,1.0,0.6937874774725236,0.40046809645936177,0.2664613488703866,0.12594325226956316,0.08865081058496739,0.0
Col6a2_Itga10_Itgb1,1.0,0.8741393750796158,0.5497663788483336,0.3964909823707776,0.24043523977422937,0.13697093088862541,0.0
Col6a2_Itga11_Itgb1,1.0,0.6382827808820191,0.33228436769031744,0.19957083886592417,0.1081993584142428,0.05444919637742006,0.0
Col6a2_Itga1_Itgb1,1.0,0.6336484061555122,0.33238544724056823,0.21390775939951268,0.1137156465973988,0.0753019590632559,0.0
Col6a2_Itga2_Itgb1,1.0,0.604873447387478,0.2954689092962178,0.17439496279000957,0.0935323264573764,0.05209702135367081,0.0
Col6a2_Itga3_Itgb1,1.0,0.6505961177927567,0.3422480311492342,0.20679936583768413,0.10669111519300886,0.05898646230045758,0.0
Col6a2_Itga9_Itgb1,1.0,0.5680130638079279,0.2715921297519982,0.15089789538730392,0.0768340980994495,0.03781594980368425,0.0
Col6a2_Itgav_Itgb8,1.0,0.5840767096778907,0.28794877679633685,0.1609444164152897,0.08496896765004903,0.040328282814435984,0.0
Col6a2_Sdc1,1.0,0.6286473298685307,0.32939970004295743,0.1965618955997927,0.10866496214875757,0.05397836834187032,0.0
Col6a2_Sdc4,1.0,0.8906278746462495,0.5778491584795306,0.4276176008042127,0.25989771066618794,0.15977412469455737,0.0
Col6a3_Cd44,0.6285995216672557,1.0,0.795865416087922,0.887111705031069,0.7595888900166741,0.5140967037397208,0.0
Col6a3_Gp6,1.0,0.6102004501097579,0.3284976212766127,0.21037053053550955,0.1062190893111649,0.06756287746668509,0.0
Col6a3_Itga10_Itgb1,1.0,0.6987012195240488,0.39756408946491645,0.2654720721571164,0.1615860980321505,0.08481653813585777,0.0
Col6a3_Itga11_Itgb1,1.0,0.5472432648477488,0.265202537499229,0.15155987923026035,0.08394302191111074,0.03954154200292588,0.0
Col6a3_Itga1_Itgb1,1.0,0.5562452452732262,0.27258981680830097,0.16824157487563857,0.09231381378200197,0.05524181884537866,0.0
Col6a3_Itga2_Itgb1,1.0,0.5255228435822673,0.24093516672867946,0.1367958557542952,0.0755705549090848,0.038866264537555074,0.0
Col6a3_Itga3_Itgb1,1.0,0.5672080979759433,0.28115909906027753,0.16403648305378807,0.08814634799450517,0.04515615069266282,0.0
Col6a3_Itga9_Itgb1,1.0,0.48841980913954025,0.2175761791294113,0.11610257152210404,0.06069159173738476,0.028173276790205686,0.0
Col6a3_Itgav_Itgb8,1.0,0.5009829879454646,0.22660500811235604,0.11995857951183019,0.06425522419274178,0.029091246051098852,0.0
Col6a3_Sdc1,1.0,0.5388062282851114,0.26324959856175373,0.1500143938563198,0.08469791438533827,0.03955555108990205,0.0
Col6a3_Sdc4,1.0,0.7203332227520606,0.42639884369109615,0.2936357128056736,0.18146734689633814,0.10145893409727307,0.0
Col6a4_Cd44,0.0,0.5160268592108013,0.5873833975904836,0.8100573218886523,0.8802199067555683,1.0,0.8542090137357347
Col6a4_Gp6,1.0,0.6141524651904466,0.2963928700446499,0.16338670700736285,0.048779300500164186,0.04184073626160426,0.0
Col6a4_Itga10_Itgb1,1.0,0.7942910940851796,0.4486233874191339,0.284297781430861,0.14873433672358755,0.09090770042275899,0.0
Col6a4_Itga11_Itgb1,1.0,0.5815646092444512,0.2719947538740695,0.13639333526616235,0.05868386221839681,0.02849606999529289,0.0
Col6a4_Itga1_Itgb1,1.0,0.5807196100904524,0.2680238800007213,0.14136334270068263,0.05957345225374728,0.04419747261621463,0.0
Col6a4_Itga2_Itgb1,1.0,0.5443769192604138,0.2315781322347724,0.10818102389013953,0.04247394163315987,0.023723713410287898,0.0
Col6a4_Itga3_Itgb1,1.0,0.5816757486243772,0.2607566024671482,0.12350002964097086,0.044500767632387354,0.024174190600950045,0.0
Col6a4_Itga9_Itgb1,1.0,0.5236021068892385,0.2266441418185615,0.10497762108642521,0.041527921263008735,0.018939746612600377,0.0
Col6a4_Itgav_Itgb8,1.0,0.5282691301433738,0.2365672302693316,0.11314451841582185,0.048672620259929036,0.021153895358591225,0.0
Col6a4_Sdc1,1.0,0.5723844349810557,0.2682536997811935,0.13420440504783476,0.060312075022099246,0.028707201983433746,0.0
Col6a4_Sdc4,1.0,0.7689397489584507,0.42602232870509393,0.2640238667199796,0.1290915736585412,0.08858390164058996,0.0
Col6a5_Cd44,0.6714387046317125,1.0,0.7466812722230104,0.7963088134586269,0.6433692471541118,0.4313395047114601,0.0
Col6a5_Gp6,1.0,0.6175309799423426,0.3332132868221849,0.21420246584455693,0.10716616331449898,0.06478021756054095,0.0
Col6a5_Itga10_Itgb1,1.0,0.7496399225790169,0.41506822054090337,0.28099200431496835,0.16519377115116032,0.08751147393244971,0.0
Col6a5_Itga11_Itgb1,1.0,0.5676126908802679,0.26617355545842375,0.15392780410145504,0.08211565341287962,0.03969357406985602,0.0
Col6a5_Itga1_Itgb1,1.0,0.5654461737052426,0.2725116346618061,0.16820411641588798,0.09113225741515694,0.053262799417614845,0.0
Col6a5_Itga2_Itgb1,1.0,0.539013581830211,0.2427269643389708,0.1389876518097891,0.07471226862502656,0.03861944005518717,0.0
Col6a5_Itga3_Itgb1,1.0,0.5720700458135138,0.2762973428811351,0.1619010562302148,0.08495168790643945,0.04356146817845946,0.0
Col6a5_Itga9_Itgb1,1.0,0.4992154457992739,0.21452679272248945,0.1150039542270234,0.05819030966487439,0.02741180221591971,0.0
Col6a5_Itgav_Itgb8,1.0,0.5149535735294052,0.22989628177045757,0.12568924426100508,0.06607436544665134,0.030635932723910228,0.0
Col6a5_Sdc1,1.0,0.5512229678062256,0.2588955488400661,0.14791533084864447,0.07899932531310788,0.037634585288772,0.0
Col6a5_Sdc4,1.0,0.7433777960626677,0.4261617253410875,0.29545116462489684,0.1739674415674356,0.09751340461316836,0.0
Col6a6_Cd44,0.759285685257913,1.0,0.6066250980291721,0.6462493952023953,0.526848904647508,0.3850534006976857,0.0
Col6a6_Gp6,1.0,0.5450572558515369,0.27008509938689756,0.15958314930582446,0.07284907073989348,0.04434695287179825,0.0
Col6a6_Itga10_Itgb1,1.0,0.7151564560670097,0.3719040322190373,0.236862177883518,0.133597104526991,0.0705549614564661,0.0
Col6a6_Itga11_Itgb1,1.0,0.5385120324954471,0.23779822051474178,0.12858332764464842,0.06482392390513184,0.030366146347596653,0.0
Col6a6_Itga1_Itgb1,1.0,0.5160967074452131,0.2326584651302161,0.13437048979614535,0.06853495201017774,0.040798029348651996,0.0
Col6a6_Itga2_Itgb1,1.0,0.5043041019843459,0.21214634066429672,0.1124968880062822,0.05653841460316971,0.028679454421603884,0.0
Col6a6_Itga3_Itgb1,1.0,0.5251687766137184,0.23640143058863786,0.12844786831626623,0.06267396140204855,0.031404000823300235,0.0
Col6a6_Itga9_Itgb1,1.0,0.4707489723910459,0.19129796383647732,0.09592951969082211,0.045697804428662475,0.02076590840443186,0.0
Col6a6_Itgav_Itgb8,1.0,0.48367251151528745,0.20324000585974442,0.10414760786478947,0.05183638941777796,0.02326663613227981,0.0
Col6a6_Sdc1,1.0,0.5207207783901658,0.23133262005693575,0.12427232573591304,0.06350833396021936,0.029392960558860825,0.0
Col6a6_Sdc4,1.0,0.6903669426195469,0.3692407671770343,0.23979116198635547,0.13514836774146985,0.07605749447804645,0.0
Col9a1_Cd44,0.9958726949094443,1.0,0.655662258046312,0.4445072124680094,0.29431395051381,0.1474616918360172,0.0
Col9a1_Gp6,1.0,0.5804526887559144,0.28018370114109603,0.14620159265922592,0.06661094554535749,0.033154047847215366,0.0
Col9a1_Itga10_Itgb1,1.0,0.49851563127724835,0.23470388179485158,0.1203994762784232,0.06339071191178235,0.02674105531511772,0.0
Col9a1_Itga11_Itgb1,1.0,0.4458946430860215,0.19064837827763034,0.08754451637411531,0.043068185812985466,0.01620710872063576,0.0
Col9a1_Itga1_Itgb1,1.0,0.4876438110760882,0.21226328217777612,0.10541353467191338,0.05216311897025795,0.02433021855586551,0.0
Col9a1_Itga2_Itgb1,1.0,0.460166195732739,0.1887961318701814,0.08804978915384058,0.043423592664585633,0.017401188656055392,0.0
Col9a1_Itga3_Itgb1,1.0,0.5165780586972065,0.23419771145431945,0.11254924414192129,0.054393569444125475,0.021805668424760213,0.0
Col9a1_Itga9_Itgb1,1.0,0.4178701805314201,0.16560619684968578,0.07304572173977361,0.03423981640787112,0.012788110242736711,0.0
Col9a1_Itgav_Itgb8,1.0,0.42572819509273324,0.16789327748960858,0.07186794267515541,0.03382866036825437,0.01236385566293387,0.0
Col9a1_Sdc1,1.0,0.45875660750206215,0.20156129195782446,0.09422612523218579,0.047855886962707456,0.01795542961543447,0.0
Col9a1_Sdc4,1.0,0.5620432989339349,0.28568901956471104,0.15245749638688172,0.08264941923706375,0.0360466554941759,0.0
Col9a2_Cd44,0.34459115100408527,1.0,0.8726502433494284,0.8334610921557919,0.6754888671802902,0.4222153250417317,0.0
Col9a2_Gp6,1.0,0.748741885310001,0.4300375831255494,0.26753024222606064,0.13318497020516348,0.0800779794632721,0.0
Col9a2_Itga10_Itgb1,1.0,0.6137838155025128,0.33710533517477087,0.2043729458396057,0.11902863438118846,0.05810404128033439,0.0
Col9a2_Itga11_Itgb1,1.0,0.5451838105031034,0.26726317065067334,0.14202243693471178,0.0761457661978651,0.033248495346507353,0.0
Col9a2_Itga1_Itgb1,1.0,0.6074377184930012,0.30842481130925425,0.18039911527924896,0.09774580022584616,0.05413480871938632,0.0
Col9a2_Itga2_Itgb1,1.0,0.5664282817875749,0.26754242675944134,0.14497974509149839,0.0784624588342058,0.03718665677159463,0.0
Col9a2_Itga3_Itgb1,1.0,0.6451502966967759,0.3380389661843215,0.189260778043416,0.10002924071058125,0.04756969985714329,0.0
Col9a2_Itga9_Itgb1,1.0,0.5135266723769372,0.2336624859407141,0.11834973176303018,0.060233957698859024,0.026034980622761154,0.0
Col9a2_Itgav_Itgb8,1.0,0.5275006001776296,0.2446784417620395,0.12365672154143939,0.06436837328486272,0.02741823383005162,0.0
Col9a2_Sdc1,1.0,0.5630643057232058,0.2833350525428439,0.15225521489809754,0.0835732501711277,0.036062107027702024,0.0
Col9a2_Sdc4,1.0,0.7064789512698944,0.42123928391193827,0.2673653770809331,0.1595230856532461,0.08204336417180975,0.0
Col9a3_Cd44,0.6506648749014542,1.0,0.7948687424823827,0.6773388603406398,0.5247520976666926,0.30399178241419766,0.0
Col9a3_Gp6,1.0,0.6978537125212906,0.38740261785326285,0.23407130811970878,0.1189967233559586,0.06757677604140179,0.0
Col9a3_Itga10_Itgb1,1.0,0.5594089248308444,0.29337630087234134,0.16969868778317568,0.09767090338961823,0.045589962897882017,0.0
Col9a3_Itga11_Itgb1,1.0,0.5041015283081073,0.23889920575781043,0.12252081239069854,0.06552895179943515,0.027544597951471184,0.0
Col9a3_Itga1_Itgb1,1.0,0.5645125334740504,0.2768522378819107,0.1566065825360543,0.08501168555662046,0.044470961611219245,0.0
Col9a3_Itga2_Itgb1,1.0,0.526647327844928,0.24088356101977695,0.12677604784079477,0.06874403970427409,0.031174508802497905,0.0
Col9a3_Itga3_Itgb1,1.0,0.6009908106887669,0.3066053378630798,0.1670674508104286,0.08890542251738036,0.040561597387172264,0.0
Col9a3_Itga9_Itgb1,1.0,0.4758931712212086,0.20954615922474,0.10304998554363005,0.05252307908345742,0.021935585823254264,0.0
Col9a3_Itgav_Itgb8,1.0,0.4880728600653983,0.2177503791788935,0.10606352085303199,0.05492971587978571,0.022642817971508362,0.0
Col9a3_Sdc1,1.0,0.521704082893232,0.2544879752196273,0.1323870443112383,0.07264051422737795,0.030200757166105992,0.0
Col9a3_Sdc4,1.0,0.6427510607509276,0.3674009787306901,0.22295201496869368,0.1323683867524455,0.06456114916046776,0.0
Comp_Cd36,1.0,0.9366443816227733,0.6036748369505172,0.4438875096197055,0.26868983613643316,0.17364558777491482,0.0
Comp_Cd47,1.0,0.7602167291121718,0.48816000535806553,0.3507237199320746,0.22006093197884893,0.12419542984892659,0.0
Comp_Itga3_Itgb1,1.0,0.6881247208844453,0.3926998804739937,0.2405643557311128,0.13634770698008905,0.0710320124088281,0.0
Comp_Itgav_Itgb3,1.0,0.7809157931823361,0.4873384406186648,0.342934758807792,0.20075143494613357,0.12268896114249431,0.0
Comp_Sdc1,1.0,0.5899333124157092,0.31792131501696336,0.183260681396032,0.10621183741447383,0.04947162597769384,0.0
Comp_Sdc4,1.0,0.7438056501687486,0.48256878216567256,0.3344196752419068,0.21193291931660344,0.11706475180744742,0.0
Cort_Sstr1,1.0,0.8913860032341021,0.5341868006763559,0.35039982651835855,0.21605782565389564,0.10044138387121342,0.0
Cort_Sstr2,1.0,0.9217144961378165,0.6037495200910121,0.41559574108866776,0.2534700782785132,0.121645141003656,0.0
Cort_Sstr3,0.8882625923567851,1.0,0.6992725849088137,0.5086855459824937,0.32480650274820533,0.1640746073222043,0.0
Cort_Sstr4,1.0,0.48731532267894945,0.20723737615630214,0.10113829296474065,0.04843893409531652,0.019127026001075007,0.0
Cort_Sstr5,1.0,0.7787049885835508,0.448292034026217,0.26774128471479464,0.15282619385558993,0.07132544807145166,0.0
Crh_Crhr1,0.35466879428244014,1.0,0.882412443284395,0.7905038813563857,0.56545710993243,0.31458762122538114,0.0
Crh_Crhr2,1.0,0.6350808671590129,0.4098908085205905,0.29233529934261543,0.1725929755265304,0.1090065846380013,0.0
Csf1_Csf1r,1.0,0.6993035018265773,0.3935188117599916,0.26234893905977297,0.15043809793141505,0.08310785918848092,0.0
Cspg4_Itga3_Itgb1,1.0,0.5843384683492142,0.2951027766673458,0.16246859427868834,0.08357671729090116,0.04245953052859528,0.0
Ctf1_Lifr_Il6st,1.0,0.4391548051157917,0.17419344506743012,0.07972181042272612,0.03713743390950586,0.014509924903406218,0.0
Cx3cl1_Cx3cr1,1.0,0.8150917845840795,0.5039421707962061,0.35106598880030054,0.21170511598254055,0.11516848855565709,0.0
Cxcl1_Ackr1,0.22098789938409685,1.0,0.6990170669772237,0.5257148449078046,0.18464102340939487,0.16090329101420883,0.0
Cxcl1_Cxcr2,1.0,0.702910525006284,0.38610697545927775,0.2426318263748395,0.09217038018242844,0.06711661843657546,0.0
Cxcl10_Ackr1,0.24671090753607514,1.0,0.92675283595551,0.8349127169526669,0.5022480976384178,0.3373046554607808,0.0
Cxcl12_Ackr3,1.0,0.4705717178867046,0.2042346814985992,0.10102376459905217,0.04776934644063513,0.021331243252064175,0.0
Cxcl12_Cxcr4,1.0,0.6042682834711118,0.2935837789527134,0.16609115855993942,0.08791996835659659,0.04121142473261002,0.0
Cxcl13_Ackr1,0.48601287614327016,1.0,0.7445309306966511,0.5607889697085335,0.3323566083428745,0.19507839038779376,0.0
Cxcl13_Cxcr5,1.0,0.6383903790858022,0.32487518719289327,0.191693605345197,0.09975049159921734,0.052512279889357916,0.0
Cxcl16_Cxcr6,1.0,0.5536300681756852,0.2663762114852362,0.14387355722591508,0.07099623734117026,0.03835060474941013,0.0
Cxcl2_Ackr1,0.18195688320503836,1.0,0.5810942076571008,0.37275089811959267,0.1366069144176845,0.10436567900164198,0.0
Cxcl2_Cxcr2,1.0,0.585133876045122,0.2649707158477648,0.1423790998744196,0.05416734770263611,0.03673654512613951,0.0
Cxcl3_Ackr1,0.8528857917172673,1.0,0.576445175753509,0.318389394500916,0.15762877561766891,0.06391904645281372,0.0
Cxcl3_Cxcr2,1.0,0.5074579874682981,0.22516714928634238,0.10872831197648071,0.05016710278021204,0.02034389649202675,0.0
Cxcl5_Ackr1,0.6796887153435722,1.0,0.6511084639998158,0.39986077523010943,0.2216204205622351,0.10429999496181076,0.0
Cxcl5_Cxcr2,1.0,0.5423778355766036,0.2646462073619105,0.13895069986574898,0.07066991166267336,0.03261619903780224,0.0
Dhh_Ptch1_Smo,1.0,0.4828889063895399,0.19694250390525866,0.08996016794535173,0.03825165229967709,0.01630444593308864,0.0
Dhh_Ptch2_Smo,1.0,0.5297591135275669,0.22409327088783154,0.10549637664436824,0.04570121810930082,0.020373598671439716,0.0
Dlk1_Notch1,1.0,0.5460014478392667,0.2552380604520835,0.15263854158556941,0.0756172093825981,0.04021786868848589,0.0
Dlk1_Notch2,1.0,0.42124395882106036,0.15876991460855078,0.07755840988766952,0.032627228935505355,0.014010125837920112,0.0
Dlk1_Notch3,1.0,0.4503833770846961,0.17940033141617942,0.09201566190979628,0.0406428103642511,0.017976639779303274,0.0
Dlk1_Notch4,1.0,0.6031759338940359,0.3028487008046709,0.18826469838225363,0.09627204866561019,0.048380248633745175,0.0
Dll1_Notch1,1.0,0.5288294114483965,0.2457131183350491,0.13120808390516908,0.06438251004665811,0.02731011087188697,0.0
Dll1_Notch2,1.0,0.4486669632847368,0.171412349624443,0.07599057845175758,0.03238010102164472,0.01186703243149958,0.0
Dll1_Notch3,1.0,0.4771945519701828,0.1925337465800005,0.08977635647757948,0.03994023439848526,0.015103403962946864,0.0
Dll1_Notch4,1.0,0.5869221951319726,0.28834774190706547,0.16014110061052259,0.08143617943357472,0.03511083192724913,0.0
Dll3_Notch1,1.0,0.6516666977811547,0.34794366669738325,0.20644808853326702,0.1113030109808393,0.04830038688360342,0.0
Dll3_Notch2,1.0,0.5916500204975284,0.26562712442912345,0.13393217282157135,0.0637320864439014,0.024949804784467854,0.0
Dll3_Notch3,1.0,0.625146292379968,0.29581754873453786,0.15507932977504008,0.07610249715667382,0.030003659336708136,0.0
Dll3_Notch4,1.0,0.7309419747591152,0.4142503782315593,0.25422804214271977,0.1390660247401641,0.060256269336483474,0.0
Dll4_Notch1,1.0,0.5821680734189804,0.2958291347052546,0.17382492707171698,0.09482406111345285,0.05054744763127549,0.0
Dll4_Notch2,1.0,0.4617710307792711,0.18881494434332494,0.08988530715360067,0.041451623045374135,0.018307626835594757,0.0
Dll4_Notch3,1.0,0.5067384182741497,0.22142698741699338,0.11135425112450802,0.05374577729329295,0.024458593099180255,0.0
Dll4_Notch4,1.0,0.6071170880072269,0.32297567402667005,0.19501891212584063,0.10690390213808666,0.05430177699048773,0.0
Dmp1_Itgav_Itgb3,1.0,0.6166929921330251,0.3166511888813502,0.1797060434966458,0.07185962519847255,0.04551660072137012,0.0
Dsc2_Dsg1c,1.0,0.5648559827096219,0.2340448812484292,0.0753871676048255,0.0,0.029568459995634868,0.052325759858390435
Dsc2_Dsg2,1.0,0.4617237075930069,0.24338291306006668,0.12643025729823645,0.045250874065153955,0.04340049429400609,0.0
Dsg1c_Dsc3,1.0,0.5937926653052289,0.22674863447358318,0.04860343227007074,0.0,0.011043192965702915,0.05900262422266438
Dsg2_Dsc3,1.0,0.5795313436083203,0.284134470293034,0.12641234719789485,0.0519165020725328,0.03339751027693999,0.0
Dspp_Itgav_Itgb1,1.0,0.527327444123661,0.23353941285918078,0.11459804585165935,0.053022690964727864,0.025640986452322594,0.0
Dspp_Itgav_Itgb6,1.0,0.44865277762265005,0.15357578967666807,0.059344158343485026,0.020202989441954824,0.005847793843359444,0.0
Eda_Eda2r,1.0,0.36055296169186724,0.12028977738198561,0.04791207654095687,0.019098757726572383,0.007076394925096823,0.0
Eda_Edar,1.0,0.434922611670798,0.15464989557347386,0.051011660257522594,0.013989981432921177,0.0,0.000868658833393147
Edn1_Ednra,1.0,0.4583101975729158,0.19741276836415117,0.09224333023074122,0.040053993254726396,0.02128866129558975,0.0
Edn1_Ednrb,1.0,0.548173991396643,0.2818854288380927,0.16501607502552465,0.08350296545627793,0.053358313537403224,0.0
Edn2_Ednra,1.0,0.5879318264303608,0.29230806564055706,0.1461143561582483,0.07242153610787787,0.03245372689633574,0.0
Edn2_Ednrb,1.0,0.7685521105254445,0.45812983893525255,0.30196555391344637,0.17541551556285573,0.10518264336194945,0.0
Edn3_Ednra,1.0,0.3729559557989931,0.12786138800160826,0.049390107243713094,0.019009672621209266,0.005855134728506069,0.0
Edn3_Ednrb,1.0,0.4966915613174398,0.2017789729617397,0.09594849848104856,0.04325127264079977,0.017842895242374927,0.0
Efna1_Epha1,1.0,0.5235153665567004,0.24395744805444772,0.12413939248444351,0.060350423069097,0.0299284897152751,0.0
Efna1_Epha2,1.0,0.6114713907761734,0.3243078177065739,0.1881874147449339,0.097649451992498,0.05370749032782418,0.0
Efna1_Epha3,1.0,0.478746821903751,0.2036068874329732,0.0996050368170673,0.049228073167990785,0.020337980235144385,0.0
Efna1_Epha4,1.0,0.502279049897664,0.2270085455351379,0.11205843185362463,0.05668898813505763,0.023897566080350492,0.0
Efna1_Epha5,1.0,0.7849467500485928,0.4833054490498672,0.3241372262350225,0.19735262875111284,0.10046906694038163,0.0
Efna1_Epha7,1.0,0.44709990410238476,0.18079500638483767,0.07895833625223156,0.03390420332251237,0.012966861215534206,0.0
Efna1_Epha8,0.9388912295132145,1.0,0.6207740145316614,0.432979066513866,0.2258366805531057,0.14992226611487455,0.0
Efna2_Epha1,1.0,0.4582788756260843,0.18771582395583725,0.08355179959550019,0.03743887642805313,0.01345360070204377,0.0
Efna2_Epha2,1.0,0.5475473016711508,0.25394438255174095,0.12739812332150696,0.0607527892097418,0.024854483449581244,0.0
Efna2_Epha3,1.0,0.39938288481233275,0.1468776731821902,0.06324682608221599,0.02865073375371291,0.010065902910523346,0.0
Efna2_Epha4,1.0,0.4244622487786121,0.16812582000341983,0.07374369596628479,0.03410777766903168,0.01193875211231587,0.0
Efna2_Epha5,1.0,0.6445045149311457,0.3378457593109004,0.19454266602164608,0.10590424569137971,0.04582035810640853,0.0
Efna2_Epha7,1.0,0.38391535883620215,0.1372532969539166,0.053794084825611085,0.021417031739284265,0.006308024914784367,0.0
Efna2_Epha8,1.0,0.8244740025799917,0.44243363061198476,0.2480281181359373,0.11409471010804903,0.04426646377890577,0.0
Efna3_Epha1,1.0,0.6374595846672244,0.3116707079226243,0.16679397120078926,0.08722192892175554,0.037406746904572755,0.0
Efna3_Epha2,1.0,0.7833107327385284,0.442736151108605,0.2716876848148458,0.15321646671661582,0.07281960533368276,0.0
Efna3_Epha3,1.0,0.5640041522379164,0.24918282588349125,0.12695660289999472,0.06579337503974753,0.025856199095981264,0.0
Efna3_Epha4,1.0,0.5941437463988314,0.2811367176995734,0.14685983977213465,0.07771187355654736,0.03131159974990543,0.0
Efna3_Epha5,1.0,0.9577080526406052,0.6260311517826146,0.4476403104877042,0.29010577816222943,0.13964267607062922,0.0
Efna3_Epha7,1.0,0.5295811703420726,0.22391274029748162,0.10343418628551025,0.04717421494035781,0.016597813322050268,0.0
Efna3_Epha8,0.4887876116835977,1.0,0.6966930777949298,0.5492779285313799,0.3425810183672155,0.17384026928515708,0.0
Efna4_Epha1,1.0,0.452166600129007,0.18637135528539228,0.08411105450247316,0.03853873589805964,0.014563595559485219,0.0
Efna4_Epha2,1.0,0.5376506174288376,0.24956926785772018,0.12563006271063362,0.06043866822126759,0.02561858295553242,0.0
Efna4_Epha3,1.0,0.391780992257448,0.14395947972240525,0.06171910846426563,0.02790941444534483,0.00986890645682909,0.0
Efna4_Epha4,1.0,0.4173764722293447,0.1648614343259695,0.07174858655531921,0.033370749105691676,0.011737283014765782,0.0
Efna4_Epha5,1.0,0.6362392243148406,0.331812349690395,0.18734602499391093,0.1008058918077895,0.04352885019931125,0.0
Efna4_Epha7,1.0,0.3789515096193717,0.13619832364772122,0.053652774796820006,0.021931711699949685,0.0068566639360157075,0.0
Efna4_Epha8,1.0,0.814916329749458,0.44772110019050976,0.2544016176170723,0.12160752458621513,0.05198293558903132,0.0
Efna5_Epha1,1.0,0.35181549510354637,0.11814649951077028,0.04027172937683883,0.014075208809646791,0.0024724810044170916,0.0
Efna5_Epha2,1.0,0.4194821718622154,0.15571989443075612,0.05827879655908319,0.021200586701145302,0.005127779310827767,0.0
Efna5_Epha3,1.0,0.29883965979736843,0.08886545427594068,0.030273669117094778,0.01163406718944454,0.003030446999966208,0.0
Efna5_Epha4,1.0,0.31632525561601055,0.1019987153827471,0.034785340502753476,0.013377101047273996,0.003091578124785464,0.0
Efna5_Epha5,1.0,0.48547439655624425,0.19783469388797162,0.08430503439941942,0.0363703454685889,0.011730121477790654,0.0
Efna5_Epha7,1.0,0.28757532878439235,0.083970779543747,0.025376145447479515,0.007709749389308204,0.0006814560347724921,0.0
Efna5_Epha8,1.0,0.6225516623828818,0.2553296404443551,0.09300918203505593,0.021971047072655295,0.0,0.012137551849273615
Efna5_Ephb2,1.0,0.38925425088946936,0.13578213690928995,0.04908163147472621,0.017952914937185926,0.0037947999171610404,0.0
Efnb1_Epha4,1.0,0.45942637664579417,0.1950289856458087,0.09282384872883748,0.04541943453974207,0.017938081681159474,0.0
Efnb1_Ephb1,1.0,0.6603054862830302,0.347195047183932,0.20989896635662122,0.11639255314056063,0.055590819404529604,0.0
Efnb1_Ephb2,1.0,0.5565499880504631,0.2615456121808933,0.13934168041856504,0.07049471023819921,0.030436785816294647,0.0
Efnb1_Ephb3,1.0,0.5143428382260722,0.2323265746022036,0.11605200539920277,0.05634085666142578,0.024042401292793187,0.0
Efnb1_Ephb4,1.0,0.485760699121999,0.2117866885202736,0.10432046688014712,0.050194699054718905,0.021739626294848456,0.0
Efnb2_Epha4,1.0,0.4393241042710257,0.18072251212045548,0.08346762107750193,0.040154761427544476,0.015396786736178381,0.0
Efnb2_Ephb1,1.0,0.6339378154097182,0.32198249123002726,0.1884296030777073,0.10301320559527816,0.04787082113492385,0.0
Efnb2_Ephb2,1.0,0.5337660055585911,0.24284118674682686,0.1251034769340545,0.06226657242509829,0.025954444532098213,0.0
Efnb2_Ephb3,1.0,0.4913272212682225,0.2148488912124892,0.10345611851676978,0.049227474399966914,0.020069788251053964,0.0
Efnb2_Ephb4,1.0,0.4639354981395436,0.1958486984009173,0.09291434612190194,0.04376056237501385,0.018130211344984413,0.0
Efnb3_Epha4,1.0,0.4814328416425026,0.21009573561074593,0.10085125932757376,0.04932981673088557,0.01942511276263287,0.0
Efnb3_Ephb1,1.0,0.6898699578504873,0.37209057580320654,0.22768404288076674,0.1269216012884992,0.060229882398337924,0.0
Efnb3_Ephb2,1.0,0.581128971318669,0.2801450288386466,0.14983860687004613,0.075640244623534,0.03215392821174416,0.0
Efnb3_Ephb3,1.0,0.5330669692979241,0.24653136623223076,0.12229093934542276,0.058702657951492605,0.024526821145802645,0.0
Efnb3_Ephb4,1.0,0.5016485528706689,0.223569049826855,0.10917794018383761,0.051795397818153774,0.021984721827637572,0.0
Efnb3_Ephb6,1.0,0.6076699204003161,0.3092694741539825,0.1732035629761434,0.09297963263250345,0.041494124598757204,0.0
Egf_Egfr,1.0,0.3989936915983303,0.14044740537440667,0.057980583928048904,0.024848630761780215,0.00876387252714205,0.0
Egf_Egfr_Erbb2,1.0,0.5198004229186385,0.21910756113689075,0.09659441638598021,0.042000699387662745,0.014868689778922235,0.0
Enho_Gpr19,1.0,0.8525796600309907,0.5309253113212303,0.3589693115640357,0.21634991780788593,0.10196691856186679,0.0
Entpd1_Adora1,1.0,0.5201520285767692,0.22027540413767452,0.12075825364110924,0.06405236105610174,0.0326867136645087,0.0
Entpd1_Adora2a,1.0,0.5678394664055669,0.28128059721304216,0.16162969986075762,0.08394796063662163,0.044774396290876546,0.0
Entpd1_Adora2b,1.0,0.5694844127562074,0.28102023624113065,0.1599341835799393,0.08929923165363769,0.042946889188592414,0.0
Entpd1_Tmigd3,1.0,0.5047938274153483,0.22249513745386923,0.11297338898965138,0.05245504790284648,0.026054935889675685,0.0
Epgn_Egfr,1.0,0.41852998120012247,0.15090722228284495,0.05913754457510167,0.023195201237998696,0.007177081654353543,0.0
Epo_Epor,1.0,0.48147349275403944,0.20774935060271935,0.09193406088386635,0.02701833490766449,0.009247375799437041,0.0
Ereg_Egfr,1.0,0.5743738254790691,0.2543329751099095,0.11934139238901362,0.05488007432144674,0.023072094194383164,0.0
Ereg_Egfr_Erbb2,1.0,0.7300998808712288,0.3784161365197207,0.1892242099822213,0.08832256149343616,0.03727427301466379,0.0
Ereg_Erbb2_Erbb4,1.0,0.7134957775077818,0.40395800370247825,0.23738229660791482,0.12102117729233784,0.06390905821858492,0.0
Ereg_Erbb4,1.0,0.560117740007704,0.26342508757701993,0.12944284894464364,0.06035000911126372,0.03164009236834356,0.0
Esam_Esam,1.0,0.5772586377560138,0.31586759345215004,0.20094098853405512,0.11030525518466733,0.0670044793913111,0.0
F11r_F11r,1.0,0.5183766456425454,0.2620567571866931,0.14785604263715316,0.07137385687652577,0.04326700521049276,0.0
F11r_Itgal_Itgb2,1.0,0.5875254149118636,0.32061864317278127,0.19814727712252297,0.10034999141639714,0.0592076417012226,0.0
F11r_Jam2,1.0,0.524125564279196,0.24304342581221886,0.13023176119992275,0.06587120850530795,0.031607271073521306,0.0
F11r_Jam3,1.0,0.4706606269901277,0.19674593769827523,0.09471158807901196,0.043835010819876175,0.018725183326200455,0.0
F2_F2r,1.0,0.7135278827055364,0.44038718900750434,0.2895589871909201,0.12595042678397336,0.08518866882394854,0.0
F2_F2rl1,1.0,0.945060798556963,0.6707500479502618,0.6126899027078339,0.22945077225326482,0.25766753516248697,0.0
F2_F2rl2,1.0,0.773595467413146,0.45297096695507466,0.2843107570314798,0.10123491054866146,0.066112837807933,0.0
F2_F2rl3,1.0,0.8371246921553213,0.5395979561006377,0.37689681884130305,0.1487830317690639,0.11388338926038075,0.0
F2_Pard3,1.0,0.5206328876097606,0.24225537276540904,0.11821736930322231,0.03812521921214047,0.016779433987084487,0.0
Fasl_Fas,0.37128352839189716,1.0,0.8166955812268466,0.672846379894502,0.42499502715968884,0.2589559234510377,0.0
Fcer2a_Cr2,1.0,0.4859608741202027,0.17935972576084994,0.06933135852704689,0.02361085993493125,0.0042616425017512225,0.0
Fcer2a_Itgam_Itgb2,1.0,0.621866135776871,0.31730440354396044,0.18811417106441233,0.09712598153118168,0.05051644417112434,0.0
Fcer2a_Itgav_Itgb3,1.0,0.5716334918625718,0.2641464020365343,0.13984066704583709,0.05791625256537436,0.03125458416857068,0.0
Fcer2a_Itgax_Itgb2,1.0,0.6237671675037131,0.30911159648193254,0.1699295036373799,0.0796192588851185,0.03843205094063802,0.0
Fgf1_Fgfr1,1.0,0.4620209289765713,0.18746941140983633,0.08652170062253942,0.0382656925931102,0.015655946459508702,0.0
Fgf1_Fgfr2,1.0,0.567861799037113,0.23094637539470195,0.09865495972754901,0.019072640639829816,0.011903958102213534,0.0
Fgf1_Fgfr3,1.0,0.6962905231249088,0.37142319692860776,0.2262357712364821,0.11928895387141988,0.0700691964925494,0.0
Fgf1_Fgfr4,1.0,0.42590188214617447,0.16149785662641045,0.07695612248190746,0.032142568600668414,0.017047096641275798,0.0
Fgf10_Fgfr1,1.0,0.3866496481267118,0.14780295633283366,0.06323623214285667,0.029707657319545996,0.010108663563569625,0.0
Fgf10_Fgfr2,1.0,0.5285977230954026,0.2332278850221103,0.1078495143058092,0.04761012987348617,0.01652219551983623,0.0
Fgf15_Fgfr1,1.0,0.46634154038010955,0.18265300119243108,0.08031602252293289,0.03578628452203954,0.012468973391313322,0.0
Fgf15_Fgfr2,1.0,0.6312350388947863,0.296557954166475,0.15098428042644102,0.06619629202042124,0.023993398804802002,0.0
Fgf15_Fgfr3,1.0,0.5682145044766788,0.27937525109046163,0.1513986542591421,0.07455127028507727,0.03047573698787099,0.0
Fgf15_Fgfr4,1.0,0.4690995964258871,0.17294271860683294,0.0802655973906363,0.03566480924690007,0.014155577959743482,0.0
Fgf16_Fgfr1,1.0,0.4624824330176083,0.19564494666462667,0.09812971297644722,0.05201581351853136,0.02079901503763099,0.0
Fgf16_Fgfr2,1.0,0.6510047870646455,0.33766847327532384,0.20413264755881658,0.11842915966492402,0.05651677006911896,0.0
Fgf16_Fgfr3,1.0,0.7422899999902645,0.4279890207456161,0.27655470101368707,0.1688199012804815,0.08154787581773243,0.0
Fgf16_Fgfr4,1.0,0.4125027118044546,0.15936520750118197,0.08461824532654968,0.04435217321874528,0.020127783208817536,0.0
Fgf17_Fgfr1,1.0,0.426083392669578,0.15705774771979258,0.0630960927754092,0.024452329947920303,0.006779812069779824,0.0
Fgf17_Fgfr2,1.0,0.550239550752576,0.23367718990375322,0.09939904498384829,0.028851527620722874,0.0029587817777458033,0.0
Fgf17_Fgfr3,1.0,0.5330965632456384,0.24375379912750636,0.11906563676506284,0.05076756611674566,0.01803356694939913,0.0
Fgf17_Fgfr4,1.0,0.4200659743724029,0.14844345768067324,0.062444205071833306,0.022623244543529614,0.006670136053364889,0.0
Fgf18_Fgfr1,1.0,0.39342714267112194,0.14604963339938398,0.06429792543719075,0.03026922787930553,0.010939558614145086,0.0
Fgf18_Fgfr2,1.0,0.5547434977083977,0.25050804007736727,0.12750273011593205,0.0627219668417592,0.024901206234529332,0.0
Fgf18_Fgfr3,1.0,0.5966659386125983,0.29141533888562654,0.16148828782769967,0.08724681492318528,0.037828603324809536,0.0
Fgf18_Fgfr4,1.0,0.4054431393957211,0.14283025299466984,0.06629202754483497,0.03107498989829738,0.012518091877566105,0.0
Fgf2_Fgfr1,1.0,0.44250863329665047,0.18732748667481947,0.08751460378831401,0.04426463680250649,0.016883268026705624,0.0
Fgf2_Fgfr2,1.0,0.6116934477670282,0.30875404111842597,0.1656052095026959,0.08607130246106029,0.038623300077919864,0.0
Fgf2_Fgfr3,1.0,0.6561854220005207,0.36296719453689313,0.21512299128413576,0.1243477895709907,0.059080761230722284,0.0
Fgf2_Fgfr4,1.0,0.4626805052317772,0.18361100228045046,0.09247811271205962,0.045529722849268706,0.020881093043228792,0.0
Fgf20_Fgfr1,1.0,0.5127213168500399,0.22644565340300501,0.10819624583518417,0.05487428059778146,0.019743821857913676,0.0
Fgf20_Fgfr2,1.0,0.7033438334253406,0.3467971604400903,0.18019416172773584,0.08977200414043943,0.032706980023201236,0.0
Fgf20_Fgfr3,1.0,0.7254472764891482,0.41016992655205975,0.2513127658898396,0.1488934488208605,0.06783601861439567,0.0
Fgf20_Fgfr4,1.0,0.5277902063413107,0.2127329603544951,0.10773222215020743,0.05509428498434225,0.022519697315213905,0.0
Fgf22_Fgfr2,1.0,0.6713792930259165,0.3113510038550917,0.15000528102487995,0.05949861458398719,0.021088271347560653,0.0
Fgf23_Fgfr1,1.0,0.5126077006696935,0.21743063358013298,0.0984230097403935,0.043298694998952496,0.015705033167906075,0.0
Fgf23_Fgfr3,1.0,0.7587817669428574,0.42521982217027676,0.25169797428134805,0.13021297548063496,0.06708163413619499,0.0
Fgf23_Fgfr4,1.0,0.5145019982090646,0.20001508669623147,0.09336521171303225,0.03774826219050038,0.01677808474845944,0.0
Fgf3_Fgfr1,1.0,0.7040354062533479,0.366914086046991,0.20683133733438705,0.11340520858769051,0.04836122127730064,0.0
Fgf3_Fgfr2,0.9196272495054697,1.0,0.6540524073872506,0.4689052091844511,0.29119271040505473,0.1543584232823612,0.0
Fgf4_Fgfr1,1.0,0.3860582529467149,0.13156158860798034,0.05323504348797306,0.022523185871239026,0.007516542740325755,0.0
Fgf4_Fgfr2,1.0,0.515600573152474,0.1958964142126736,0.07919368530428854,0.025868460137355793,0.006933101351262295,0.0
Fgf4_Fgfr3,1.0,0.5989536610957408,0.269715278542747,0.13617548358704265,0.06666956880796195,0.030465210278223773,0.0
Fgf4_Fgfr4,1.0,0.3251496366572167,0.09961067733324844,0.041296056901960705,0.016929838435805575,0.006147678569566102,0.0
Fgf5_Fgfr1,1.0,0.3693043753369862,0.11788216981775546,0.044916206245362376,0.01649237046704193,0.0048422774568991234,0.0
Fgf5_Fgfr2,1.0,0.5009478666783003,0.18642877568397373,0.07316176220110575,0.020843812707076213,0.0030515669071874713,0.0
Fgf5_Fgfr3,1.0,0.5676069968367214,0.23759937758564867,0.1116033237570417,0.047290349568371616,0.018450131252593403,0.0
Fgf5_Fgfr4,1.0,0.33114786953974173,0.10044966715925165,0.03990500854470039,0.015244611702417747,0.004729208565576871,0.0
Fgf7_Fgfr1,1.0,0.38248981524148185,0.13689477396327565,0.06371348742447998,0.03199985013213129,0.01269849353333752,0.0
Fgf7_Fgfr2,1.0,0.5393731352327106,0.2419470604677478,0.1355532646375756,0.07579735061045996,0.03506059452738297,0.0
Fgf8_Fgfr1,1.0,0.3926489002660662,0.1391147337635571,0.05401698566188124,0.020736409703586773,0.005869956099477788,0.0
Fgf8_Fgfr2,1.0,0.5160485370710883,0.2139463852401783,0.08815351299507596,0.026019659739220484,0.004154451718905439,0.0
Fgf8_Fgfr3,1.0,0.5251520456947626,0.23586264477838953,0.11233075004520997,0.0472794625856114,0.017475969810890318,0.0
Fgf8_Fgfr4,1.0,0.38879832142107723,0.13202503260880308,0.0538369878547805,0.01938229920835643,0.00617054340895957,0.0
Fgf9_Fgfr1,1.0,0.416469244961243,0.15784513121606772,0.06923236208430165,0.031698975949807126,0.011588306648621432,0.0
Fgf9_Fgfr2,1.0,0.5600076107379757,0.24590984641125543,0.11791986579201671,0.05140701926729946,0.020503922105036328,0.0
Fgf9_Fgfr3,1.0,0.6439931229915594,0.328127164990458,0.18502863949769932,0.09893634886297445,0.046391171828235635,0.0
Fgf9_Fgfr4,1.0,0.37026691227405756,0.12759998840664674,0.05815890447975849,0.026715098298677867,0.010915881526306608,0.0
Flt3l_Flt3,1.0,0.619723551414689,0.3085409305877923,0.16564918381529758,0.0651317846932133,0.0353685030133524,0.0
Fn1_Cd44,1.0,0.7519767168529556,0.45054654685984996,0.3375165404363405,0.23079677163591747,0.1397796649280619,0.0
Fn1_Itga2b_Itgb3,1.0,0.4406458494802843,0.19794552889399292,0.10843954905367527,0.053101359685902925,0.030085311200319532,0.0
Fn1_Itga3_Itgb1,1.0,0.4217725671927194,0.17869380295448964,0.08967731183962357,0.043193933701990206,0.02080468604080881,0.0
Fn1_Itga4_Itgb1,1.0,0.3573019497260707,0.1270708204888782,0.05869705639125358,0.02720716926412899,0.012835544551519284,0.0
Fn1_Itga4_Itgb7,1.0,0.4798385713516208,0.2201882931084554,0.12078431363345946,0.06280208654890762,0.03208875995139415,0.0
Fn1_Itga5_Itgb1,1.0,0.38239375421316607,0.15114578666044132,0.07519908426838112,0.036712126669282016,0.017978056862466955,0.0
Fn1_Itga8_Itgb1,1.0,0.3870564858043501,0.15646786737560797,0.07697926838453242,0.03801977551438176,0.017990667820380155,0.0
Fn1_Itgav_Itgb1,1.0,0.4104186733179264,0.16766524059781426,0.08356114099602904,0.04147474551331836,0.01978832781966333,0.0
Fn1_Itgav_Itgb3,1.0,0.4402712052844335,0.19774752836854195,0.10830457473792271,0.05301143835996307,0.030006865465654647,0.0
Fn1_Itgav_Itgb6,1.0,0.33639479152275364,0.10635856376331844,0.04362327940008378,0.018837552252571162,0.007572480973060075,0.0
Fn1_Itgav_Itgb8,1.0,0.3804622855680422,0.14522248708888946,0.0677301845352299,0.03304267939196183,0.014262406160871361,0.0
Fn1_Sdc1,1.0,0.4141965166190085,0.17172990688793693,0.08485165020849632,0.04299986035334806,0.019117751558312822,0.0
Fn1_Sdc4,1.0,0.5208396495809557,0.2576428503905801,0.1476206406027599,0.08002187977878332,0.04205692440643296,0.0
Gal_Galr1,0.66496147227429,1.0,0.42634871598349744,0.21036234069064833,0.119715116058536,0.030997307451913876,0.0
Gal_Galr2,1.0,0.6795043442840454,0.2829799973257614,0.11829707941028196,0.05263596050210809,0.011122963289279008,0.0
Gal_Galr3,1.0,0.6439206257294761,0.29788991577776974,0.15662950016001942,0.07691942647353946,0.037382995003491584,0.0
Galp_Galr1,1.0,0.7310950350634505,0.3055028041472993,0.12363363141469089,0.03630169015018133,0.0010049071528816958,0.0
Galp_Galr2,1.0,0.44628403619446116,0.1574805769405796,0.054501909186467114,0.01453032577883243,0.0,0.0011776828706682736
Gas6_Axl,1.0,0.5873710982227934,0.30531969398438497,0.1933470274008248,0.10790273029761188,0.06260987298114029,0.0
Gas6_Mertk,1.0,0.4891457527626158,0.21650216983869572,0.11081500274251373,0.054148190564110826,0.02567706873008998,0.0
Gas6_Tyro3,1.0,0.5816779946645565,0.2955174283967515,0.17515821819991384,0.09653335369714308,0.04997674847416862,0.0
Gcg_Gcgr,1.0,0.9311424377219014,0.6863854533369605,0.5270477230611235,0.3015266722465798,0.17284964061703165,0.0
Gcg_Gipr,1.0,0.6207761187684796,0.3925692737938504,0.26968064909584355,0.15267151914991373,0.0865867032459201,0.0
Gcg_Glp1r,1.0,0.6346309197874265,0.34636118612481975,0.21705707515491493,0.12067331816887246,0.06404300753039961,0.0
Gcg_Glp2r,1.0,0.666291334968847,0.40906475859452857,0.2779321464114044,0.14048466863025966,0.08919386914993743,0.0
Gdf10_Acvr1b_Acvr2a,1.0,0.631076191485596,0.32486490980431965,0.18887678364685104,0.10466740067635064,0.05020906522619827,0.0
Gdf11_Acvr1b_Acvr2b,1.0,0.5815107729203189,0.2717880698557639,0.13216097219371098,0.05880595329794383,0.02107776350304137,0.0
Gdf11_Tgfbr1_Acvr2a,1.0,0.5213482968012748,0.22279972343643908,0.10854835041186565,0.05223276883705042,0.01992897284696115,0.0
Gdf11_Tgfbr1_Acvr2b,1.0,0.48701048682182796,0.1964287494153716,0.08749570700721,0.03704702329462703,0.012215302774667357,0.0
Gdf15_Tgfbr2,1.0,0.5954247010736775,0.32299055718071,0.20338141129450554,0.10843418296859962,0.06071958011411695,0.0
Gdf2_Acvrl1_Acvr2a,1.0,0.9523708648368978,0.6643656024294107,0.4956870863304347,0.24295199285468638,0.17523502422798024,0.0
Gdf2_Acvrl1_Bmpr2,1.0,0.9523708648368978,0.6643656024294107,0.4956870863304347,0.24295199285468638,0.17523502422798024,0.0
Gdf3_Acvr1b_Acvr2a_Cfc1,1.0,0.7264495451430878,0.5054153258430735,0.3639675585102182,0.18821104121198962,0.13254751763200193,0.0
Gdf3_Acvr1b_Acvr2b_Cfc1,1.0,0.7264495451430878,0.5054153258430735,0.3639675585102182,0.18821104121198962,0.13254751763200193,0.0
Gdf3_Acvr1c_Acvr2a_Cfc1,1.0,0.7264495451430878,0.5054153258430735,0.3639675585102182,0.18821104121198962,0.13254751763200193,0.0
Gdf3_Acvr1c_Acvr2b_Cfc1,1.0,0.7264495451430878,0.5054153258430735,0.3639675585102182,0.18821104121198962,0.13254751763200193,0.0
Gdf5_Bmpr1a_Acvr2a,1.0,0.5044917608476073,0.22349170897545656,0.11589340336620169,0.0617132129967038,0.02603700928761631,0.0
Gdf5_Bmpr1a_Acvr2b,1.0,0.46992236205702287,0.1939913120543277,0.09103098196748738,0.04417510224249096,0.017436345628554957,0.0
Gdf5_Bmpr1a_Bmpr2,1.0,0.43769649409029154,0.17844984252117127,0.0819486106484443,0.03997438245771023,0.015845199231844565,0.0
Gdf5_Bmpr1b_Acvr2a,1.0,0.4936622859440402,0.20454028612187666,0.08928289485761598,0.04184928502080528,0.014574154960041476,0.0
Gdf5_Bmpr1b_Acvr2b,1.0,0.46493773398636895,0.18796952909396195,0.08516963207694368,0.039635212221638155,0.014916495526069705,0.0
Gdf5_Bmpr1b_Bmpr2,1.0,0.36413047609810684,0.12273900135464313,0.04800556805301579,0.021184848437073345,0.0071061229646977924,0.0
Gdf6_Bmpr1a_Acvr2a,1.0,0.44337791586078606,0.17432643772681553,0.07664774886469947,0.03244677337719641,0.011804360651325809,0.0
Gdf6_Bmpr1a_Acvr2b,1.0,0.41241942245748,0.15088133621889013,0.05963810106468981,0.02211640385396827,0.0067698315967797615,0.0
Gdf6_Bmpr1a_Bmpr2,1.0,0.3949964807093253,0.14610230240047925,0.05859664049339727,0.02317967188930523,0.008118948483404281,0.0
Gdf6_Bmpr1b_Acvr2a,1.0,0.43537545894608415,0.16157416980434622,0.06144475848143411,0.023672223572567402,0.006542475150067875,0.0
Gdf6_Bmpr1b_Acvr2b,1.0,0.41014252229653286,0.14857788263115065,0.057629551600461515,0.02059566131979407,0.005846981708395332,0.0
Gdf6_Bmpr1b_Bmpr2,1.0,0.33686621800368355,0.10579488316362605,0.03706265624895637,0.013714566402163023,0.003635321295064071,0.0
Gdf7_Bmpr1a_Acvr2a,1.0,0.5342462236590252,0.24098400810835993,0.12458743188785039,0.06356400673564896,0.024880113085466705,0.0
Gdf7_Bmpr1a_Acvr2b,1.0,0.4964582318109637,0.2086144856226545,0.09691727758442788,0.04400533341046767,0.015530870910425026,0.0
Gdf7_Bmpr1a_Bmpr2,1.0,0.4716886286395813,0.1969710093816429,0.08918832680565679,0.04117783290911981,0.014883073690657419,0.0
Gdf7_Bmpr1b_Acvr2a,1.0,0.518288393450649,0.21742621439241155,0.09237826623197429,0.04037743295264991,0.012267493295890794,0.0
Gdf7_Bmpr1b_Acvr2b,1.0,0.4870923692970747,0.19788180821241633,0.08682723877952336,0.03672125421946923,0.011459982243496182,0.0
Gdf7_Bmpr1b_Bmpr2,1.0,0.40279754787741756,0.14261290559119427,0.05541267371132811,0.023133115747731605,0.006768751109378233,0.0
Gdf9_Acvr1b_Bmpr2,1.0,0.6689776088531307,0.35583948281899985,0.2111277016262525,0.1170910209488662,0.05533815022071563,0.0
Gdnf_Gfra1_Ret,1.0,0.6693269011194923,0.29906088794049934,0.13216465495227972,0.04900566389591398,0.013595719405871537,0.0
Ghrh_Vipr1,1.0,0.6207115380363035,0.3043111223479094,0.17663078232792093,0.09106752125931038,0.04457617411201755,0.0
Ghrh_Vipr2,1.0,0.5831278556732267,0.27509730701816665,0.14901073527549996,0.07642094449782158,0.03486997866962548,0.0
Gip_Gipr,1.0,0.53622319444081,0.2958740326967689,0.17706908909810024,0.08609490910044021,0.06161145305225656,0.0
Gm7030_Cd8a,1.0,0.4472337601990502,0.17749209055013648,0.07595216187253254,0.03362515958384325,0.010851409869731009,0.0
Gm7030_Cd8b1,1.0,0.47677814675027436,0.16431704726212132,0.05105948243366184,0.0031948961776732425,0.0,0.01255025801174968
Gm8909_Cd8a,1.0,0.4338558402952107,0.1600696110779997,0.05876891147673588,0.01866873782595364,0.003921660517025422,0.0
Gm8909_Cd8b1,1.0,0.46502288302182826,0.15174815412411763,0.04157328051310796,0.0,0.015573668720552773,0.04816885416763733
Gp1ba_Itgam_Itgb2,1.0,0.6274498483050638,0.3575253812575034,0.22412702384636735,0.10820486991816666,0.06544366397065195,0.0
Grn_Sort1,1.0,0.6065243835978367,0.3180385121593153,0.1902705116797971,0.10338167851134498,0.053971709333720974,0.0
Grp_Grpr,1.0,0.6700663754459921,0.30701092798857854,0.15710499571587694,0.07924187804521188,0.029988985631429974,0.0
Guca2a_Gucy2c,1.0,0.6123195709809027,0.28421185105615265,0.14683942707060474,0.04856476825454136,0.033544132754799984,0.0
Guca2b_Gucy2c,1.0,0.8087309142933884,0.46422045068962364,0.2864824905143596,0.12784849811561871,0.08344491584453502,0.0
Gzma_F2r,1.0,0.6446476971193399,0.43053409480394533,0.3040834676268628,0.18144914888626368,0.10559933298629338,0.0
Gzma_F2rl1,0.9453279338119429,1.0,0.8410280049928874,0.7340342259397459,0.5105050884914579,0.32853883250486593,0.0
Gzma_F2rl2,1.0,0.5557509574002174,0.3494015572186266,0.2308216486099985,0.1258366541689078,0.07795114268065798,0.0
Gzma_F2rl3,1.0,0.714909657884588,0.5304010473145098,0.4093282003268505,0.25924210139239146,0.1641245496243644,0.0
Gzma_Pard3,1.0,0.6076767698724844,0.33554072065246693,0.19605415175297097,0.10875821118308338,0.054696706461951954,0.0
H2-Aa_Cd4,1.0,0.8279457728444936,0.5344251087762198,0.39160111378896706,0.24213471499992714,0.13825025562710833,0.0
H2-Ab1_Cd4,1.0,0.6256975016092905,0.37240948708429916,0.23761674929317633,0.13322496292288166,0.0758941715845239,0.0
H2-D1_Cd8a,1.0,0.7266268107921086,0.38631566641955634,0.22984827258390123,0.13254856319285205,0.06186030764862098,0.0
H2-D1_Cd8b1,1.0,0.7330735700404172,0.341807366856047,0.17720713879815478,0.0640756503986252,0.04101987185485692,0.0
H2-DMa_Cd4,1.0,0.6471803598110554,0.3452168778006639,0.20532225908363863,0.11409412469017917,0.054249120244668964,0.0
H2-DMb1_Cd4,1.0,0.6494943491362303,0.3549169232885057,0.21831451454265924,0.12210866895450122,0.062388342242974626,0.0
H2-DMb2_Cd4,1.0,0.5777935215213922,0.2745106523204271,0.14395933507583053,0.06849246812506124,0.03178158610216131,0.0
H2-Eb1_Cd4,1.0,0.69513216491441,0.3939506777776012,0.25292954323163347,0.14728356639608234,0.07597215376834737,0.0
H2-K1_Cd8a,1.0,0.7035492629145387,0.37281759381408386,0.21848146635515842,0.11769974308565871,0.05555437328959046,0.0
H2-K1_Cd8b1,1.0,0.6900705066104914,0.293072349847931,0.12664992307885956,0.003934171996510383,0.015756705796158264,0.0
H2-M3_Cd8a,1.0,0.5263719377244085,0.24581957200106877,0.1313364440283935,0.07147723448276008,0.03186150767946815,0.0
H2-M3_Cd8b1,1.0,0.5614688433532053,0.2465465286861809,0.12288212117897702,0.05165571803711803,0.02838621265528708,0.0
H2-M5_Cd8a,1.0,0.5077200228306793,0.20596283748245542,0.09355676174838937,0.04474194288110591,0.015667295396802054,0.0
H2-M5_Cd8b1,1.0,0.5465928512019743,0.1886437629918077,0.059825610381895836,0.003984463201611502,0.0,0.017970821160663432
H2-Oa_Cd4,1.0,0.5580380848816711,0.2714103652512985,0.14949963681183492,0.07545885137988867,0.035289007106052005,0.0
H2-Q1_Cd8a,1.0,0.5187065074316511,0.21728224492638917,0.10725132574064525,0.046009352230278806,0.01780297733299445,0.0
H2-Q1_Cd8b1,1.0,0.526933113124574,0.18144605205978515,0.06614751420064549,0.0,0.025324664845996492,0.05970037348134051
H2-Q10_Cd8a,1.0,0.7955386850097154,0.4688317122800659,0.3023430605271526,0.1398948854853387,0.07568605247503796,0.0
H2-Q10_Cd8b1,1.0,0.8661023970748684,0.4026596950669293,0.2467664759198912,0.0,0.3421760385450499,0.544758453017233
H2-Q2_Cd8a,1.0,0.5492061672626976,0.23414032756991374,0.10115997226434646,0.03657412292735897,0.012419498250264843,0.0
H2-Q2_Cd8b1,1.0,0.526125268220132,0.19271866560249978,0.06329185853632749,0.0,0.03743210511169695,0.08078406483568465
H2-Q4_Cd8a,1.0,0.4517676353498192,0.1779474051273568,0.07628238007857666,0.031925703875512496,0.0112198878781212,0.0
H2-Q4_Cd8b1,1.0,0.46466950361050147,0.16050423447199846,0.05017308202848157,0.0,0.0007467033271713863,0.009434743517597696
H2-Q6_Cd8a,1.0,0.5160126045508787,0.23765649939141567,0.1246030957524723,0.057742367012143435,0.025638652376066166,0.0
H2-Q6_Cd8b1,1.0,0.5166267239804171,0.20058638880803026,0.07877714062713073,0.0,0.006462221449622328,0.008769872040484291
H2-Q7_Cd8a,1.0,0.48913301237851137,0.2079153060189354,0.09679649931841552,0.043304528384095445,0.01568579042914543,0.0
H2-Q7_Cd8b1,1.0,0.5071888961369646,0.1937503744993541,0.0714324697248565,0.008615430607566204,0.0,0.00312349260584865
H2-T22_Cd8a,1.0,0.4709743896927174,0.19943685498436325,0.09573942781803312,0.048756016358493096,0.019328214790512152,0.0
H2-T22_Cd8b1,1.0,0.5032231080239599,0.19583804706199237,0.08101181421895283,0.025519248098359763,0.009742097752866547,0.0
H2-T23_Cd8a,1.0,0.6061263977649698,0.3101911820049317,0.17120949132361654,0.09605490378040729,0.04274967539823021,0.0
H2-T23_Cd8b1,1.0,0.6221161762981277,0.28054693771364664,0.13279825764472292,0.044604045418319124,0.028420273847504555,0.0
H2-T24_Cd8a,1.0,0.45774384808036045,0.17579120062164397,0.07387885555943093,0.03215312042076098,0.009586296927831047,0.0
H2-T24_Cd8b1,1.0,0.48936177334185055,0.16628444191640038,0.05141784797278463,0.004633002803151518,0.0,0.01788364342900466
H2-T3_Cd8a,1.0,0.5452882533726009,0.21644200397185154,0.07978110308482567,0.020824928330303857,0.0018907056819726905,0.0
H2-T3_Cd8b1,1.0,0.5810319354928188,0.19815133553733882,0.05545400343045676,0.0,0.056848117147172514,0.1447343716392504
Hbegf_Egfr,1.0,0.4722797585156114,0.19233517855511206,0.0958488513884166,0.0484597980857198,0.021555802395518263,0.0
Hbegf_Egfr_Erbb2,1.0,0.6102690439828531,0.2998771855358808,0.1604678146121558,0.0824291686461022,0.036792981386304824,0.0
Hbegf_Erbb2_Erbb4,1.0,0.5951874364264016,0.31664615955528413,0.19456921150854767,0.10838624655072832,0.05554310240362689,0.0
Hbegf_Erbb4,1.0,0.4654198034779699,0.20240987177970565,0.10713641814753166,0.05718188821031149,0.02865437868402865,0.0
Hc_C5ar1,1.0,0.8415942183504445,0.5366441439536025,0.36461236215797144,0.14519926896626975,0.0979927915618131,0.0
Hcrt_Hcrtr1,0.15268959216934275,1.0,0.9293676540252764,0.9105228691740448,0.6377516833156184,0.3709749262547087,0.0
Hcrt_Hcrtr2,0.8998474219996488,1.0,0.7110464651371392,0.5884287310453375,0.399571055211453,0.2167774778691706,0.0
Hgf_Met,1.0,0.4017984345884117,0.14456399268930492,0.05867624430455464,0.021585875920306388,0.006843213170512377,0.0
Hspg2_Dag1,1.0,0.5798154899855037,0.276934259432718,0.14673151375167157,0.06340297979209814,0.039538368819161576,0.0
Iapp_Calcr,0.7609674685956066,1.0,0.8379363321389615,0.7392872366256018,0.5178136361036172,0.287584571763999,0.0
Iapp_Calcrl,1.0,0.715480588737601,0.41869969618976544,0.2811750256149791,0.16544556293816268,0.08696435252507141,0.0
Ibsp_Itgav_Itgb3,1.0,0.7261600712824408,0.4542556038283959,0.31214813697261773,0.16477340268195861,0.10611121846728234,0.0
Ibsp_Itgav_Itgb5,1.0,0.7179929086491884,0.419801260025215,0.25543780424756557,0.1400957319032009,0.07391983092557634,0.0
Icam1_Itgal,1.0,0.7812728322595669,0.48218312177876793,0.3306232258628886,0.17270393746809196,0.11200849174281519,0.0
Icam1_Itgal_Itgb2,1.0,0.6355403587833401,0.3529708186638254,0.22629169292864293,0.11862574376360092,0.06930290068088481,0.0
Icam1_Itgam_Itgb2,1.0,0.6388049349297931,0.35680510013633027,0.228749873604492,0.11991436159664645,0.07005573013312529,0.0
Icam1_Itgax_Itgb2,1.0,0.625491401681156,0.3379036361016663,0.2039456885982068,0.10212451557200218,0.058755078002013975,0.0
Icam1_Spn,1.0,0.9340605866783811,0.6443232508985001,0.472978151596497,0.20985852089819806,0.16005270184519185,0.0
Icam2_Itgal_Itgb2,1.0,0.5708355106291514,0.31494577027672443,0.1981842050545077,0.10493582303246256,0.061705733650686934,0.0
Icam2_Itgam_Itgb2,1.0,0.5727196783408725,0.3173496914080512,0.1996969073778541,0.10573677820071026,0.06217672177323442,0.0
Icosl_Cd28,1.0,0.615340940155002,0.31917937150108683,0.19721151444842444,0.11020095852654524,0.05752071655342808,0.0
Icosl_Ctla4,1.0,0.5836164987604845,0.3003209078078197,0.17945394635449813,0.09948585567255568,0.04877538272422533,0.0
Icosl_Icos,1.0,0.5948720397441773,0.2981837888684162,0.17233836447327347,0.09247932672526947,0.0455298697311512,0.0
Ifnk_Ifnar1_Ifnar2,1.0,0.37483972495975665,0.13184274115838554,0.0508657446182554,0.01909849202582689,0.0060701021651887585,0.0
Igf1_Igf1r,1.0,0.4396691043464677,0.1653073454545222,0.0747978507547083,0.03351685293623807,0.013491738104708722,0.0
Igf1_Itga6_Itgb4,1.0,0.621927355988931,0.30416063788852127,0.1775928926849498,0.09352882512112833,0.048353234182592214,0.0
Igf1_Itgav_Itgb3,1.0,0.5948945091724623,0.3042064830323479,0.19206049124641325,0.09903953333997126,0.05803000186667336,0.0
Igf2_Igf1r,1.0,0.4778367437595442,0.19475080181658835,0.09096986917340132,0.03968737190423163,0.016401822690799973,0.0
Igf2_Igf2r,1.0,0.4917187695229835,0.23012960210782307,0.12789560284041662,0.05856176967608411,0.03523549527409531,0.0
Igf2_Itga6_Itgb4,1.0,0.6959882479275527,0.3727383029557525,0.22942558258782658,0.11713736515326123,0.06689526730700401,0.0
Igf2_Itgav_Itgb3,1.0,0.6668043387358112,0.3800637053217305,0.2541628878678718,0.12586472961870057,0.08476648654818232,0.0
Ihh_Ptch1_Smo,1.0,0.5720003915425248,0.28340157124047555,0.1517435816528153,0.07739248088379476,0.03573453826602697,0.0
Ihh_Ptch2_Smo,1.0,0.6329431059331687,0.32990062446064267,0.1877803654990481,0.09965099657549813,0.04868020880175621,0.0
Il10_Il10ra_Il10rb,1.0,0.7819164882269954,0.4675699676538372,0.3075036262990472,0.1777603661182738,0.08688068619355031,0.0
Il11_Il11ra1_Il6st,1.0,0.5725006594730275,0.2535478098698623,0.1255396821883251,0.05529824468875651,0.023402543926712493,0.0
Il15_Il15ra_Il2rb_Il2rg,1.0,0.6113603973649792,0.32695618361214324,0.19962150999614223,0.10684656266728328,0.060185780417456695,0.0
Il16_Cd4,1.0,0.572096700658893,0.28346903866971296,0.15920311099433337,0.08220868593851408,0.041148106206730824,0.0
Il17b_Il17rb,1.0,0.60010471596751,0.2685767918642568,0.15888511212089168,0.09142951288673033,0.04802200500100457,0.0
Il17f_Il17ra_Il17rc,1.0,0.6182378697981838,0.25583272899554993,0.10332391557344746,0.02296745581215421,0.006455626453707523,0.0
Il18_Il18r1_Il18rap,0.8681379640264565,1.0,0.7340993516385781,0.594163561932222,0.3877063874567311,0.2287607643375857,0.0
Il19_Il20ra_Il20rb,1.0,0.4758990034282949,0.17534666985134237,0.0685237393888959,0.019886507999775135,0.0045603357417182185,0.0
Il1a_Il1r1_Il1rap,1.0,0.5428674530509039,0.26407915758958783,0.14795765234818303,0.07009863975571415,0.03623360795386847,0.0
Il1b_Il1r1_Il1rap,1.0,0.5935064837766734,0.2981699284876906,0.17448220540525328,0.08578525387263043,0.04520004553641645,0.0
Il2_Il2ra_Il2rb_Il2rg,1.0,0.8194652191011939,0.5055285628901116,0.34350482280727973,0.2099130563426001,0.10511962718303204,0.0
Il2_Il2rb_Il2rg,1.0,0.7794822668351371,0.4740003707214645,0.32192749904250734,0.19672732595855147,0.0985165168941468,0.0
Il22_Il22ra1_Il10rb,1.0,0.4853558894332709,0.17589255021686276,0.06584573816280559,0.02000926242687392,0.011381466670544564,0.0
Il25_Il17ra_Il17rb,1.0,0.75238327993306,0.44899004319924707,0.32807827816160384,0.22194503751910818,0.11750025749322629,0.0
Il27_Ebi3_Il27ra_Il6st,1.0,0.5896977835759561,0.2868435366142563,0.15218707635194334,0.06910809219680003,0.03908975311165382,0.0
Il31_Il31ra_Osmr,1.0,0.5595338227192374,0.25013933856456805,0.11763380300478535,0.036736777923476634,0.031240386798786005,0.0
Il33_Il1rl1_Il1rap,1.0,0.5123679409191296,0.23480226268667026,0.13363483624788494,0.06489815334399522,0.03448566469043285,0.0
Il34_Csf1r,1.0,0.6641347829572333,0.34044197285427036,0.20602250389064683,0.10679822427654623,0.05849071881282447,0.0
Il4_Il4ra,0.7362895964022584,1.0,0.6803956889219387,0.5083651931783854,0.311336218090533,0.1749181613871432,0.0
Il4_Il4ra_Il13ra1,0.893568976573509,1.0,0.6275500232723299,0.4427884420099772,0.2614949217028305,0.15516725106603826,0.0
Il4_Il4ra_Il13ra2,1.0,0.8716533390838166,0.46345865686022947,0.2900275985062083,0.15743132574729887,0.08199640524795238,0.0
Il4_Il4ra_Il2rg,1.0,0.9687222925406151,0.6135754187547575,0.4330107681321045,0.25736578837463686,0.14638596779741664,0.0
Il5_Il5ra_Csf2rb,1.0,0.5159202491139794,0.1854177593653115,0.07204402032134873,0.015359020749497163,0.0020585331575421347,0.0
Il6_Il6ra_Il6st,1.0,0.49369713218728806,0.19372093454684747,0.07512348990656233,0.0005468405591182017,0.003030056138179766,0.0
Il7_Il7r_Il2rg,1.0,0.8602146310914036,0.5880230703628416,0.4430731425609667,0.27835161652782514,0.15960077489628033,0.0
Inha_Inhba_Acvr2a,1.0,0.582367093874506,0.2546253965026935,0.12318275765718611,0.06007838813677754,0.023795179266616638,0.0
Inha_Inhbb_Acvr2b,1.0,0.6005526099494021,0.29054634394728307,0.1569933915195306,0.07919202086624375,0.03396531169416271,0.0
Inhba_Acvr1b_Acvr2a,1.0,0.5451514885806169,0.2558203168392969,0.12898115202743565,0.0660099950961642,0.028614166744646896,0.0
Inhba_Acvr1b_Acvr2b,1.0,0.5453344154979565,0.2557792112820534,0.11879745223202559,0.052458136873983964,0.01859502341748288,0.0
Inhba_Inhbb_Acvr1b_Acvr2a,1.0,0.796726381062625,0.49093423989063223,0.33418290731235534,0.19998858124951385,0.10271487642633778,0.0
Inhba_Inhbb_Acvr1b_Acvr2b,1.0,0.7915605672434746,0.48127906728292175,0.3008381309480952,0.16248360041205642,0.07505170178648479,0.0
Inhba_Inhbb_Acvr1c_Acvr2a,1.0,0.755161041908662,0.44437848830081245,0.2853812121979094,0.15239226544923903,0.08881882236843512,0.0
Inhba_Inhbb_Acvr1c_Acvr2b,1.0,0.755161041908662,0.44437848830081245,0.2853812121979094,0.15239226544923903,0.08881882236843512,0.0
Inhbb_Acvr1b_Acvr2a,1.0,0.7400329831270298,0.4241336900210532,0.2761561332172852,0.16526301039644686,0.08487976552227351,0.0
Inhbb_Acvr1b_Acvr2b,1.0,0.7376977021456408,0.4182743868199169,0.25041147005402126,0.13524800566545617,0.06247154449180569,0.0
Inhbb_Acvr1c_Acvr2a,1.0,0.7172332221597871,0.39692248413918074,0.243948285225817,0.1302672714566727,0.07592379579525267,0.0
Inhbb_Acvr1c_Acvr2b,1.0,0.7172332221597871,0.39692248413918074,0.243948285225817,0.1302672714566727,0.07592379579525267,0.0
Inhbc_Acvr1b_Acvr2a,1.0,0.9466133739151629,0.6287504551011717,0.45881856113716335,0.20946462610837943,0.14929826631616233,0.0
Inhbc_Acvr1b_Acvr2b,1.0,0.9290367526838245,0.5958215799466159,0.3611567252769303,0.12774292504570683,0.06834612665950196,0.0
Inhbc_Acvr1c_Acvr2a,1.0,0.7673419141809068,0.4610517265133896,0.28872078964217684,0.06340750866198074,0.087986347589274,0.0
Inhbc_Acvr1c_Acvr2b,1.0,0.7673419141809068,0.4610517265133896,0.28872078964217684,0.06340750866198074,0.087986347589274,0.0
Inhbe_Acvr1b_Acvr2a,1.0,0.586002572523296,0.28675588147868286,0.1563499319025225,0.07393973617872013,0.037434575071637596,0.0
Inhbe_Acvr1b_Acvr2b,1.0,0.594791017458933,0.2924686044898449,0.14363838671449078,0.05633276288531517,0.02154383287972166,0.0
Inhbe_Acvr1c_Acvr2a,1.0,0.5678694314062691,0.2616185361237078,0.12330780319566985,0.03915450424394179,0.02370798704425129,0.0
Inhbe_Acvr1c_Acvr2b,1.0,0.5678694314062691,0.2616185361237078,0.12330780319566985,0.03915450424394179,0.02370798704425129,0.0
Ins2_Insr,1.0,0.6757695999395562,0.3993788061928358,0.2712529402201781,0.16434227971425802,0.08716457160519536,0.0
Insl5_Rxfp1,1.0,0.36047041204623026,0.13889071609379694,0.05616121517458196,0.020240597944365953,0.009623813793116191,0.0
Insl5_Rxfp2,1.0,0.34367511644712795,0.1061087913273159,0.037501989296733644,0.012272669593877938,0.0032375552821841264,0.0
Insl5_Rxfp3,1.0,0.3560132999708083,0.1158301227392445,0.04054594324040164,0.013068054068376715,0.0023798527051532045,0.0
Itga4_Itgb1_Vcam1,1.0,0.4371891573526745,0.17162589042569884,0.08309546234102785,0.03712267913889732,0.017459747024556792,0.0
Itga4_Itgb7_Vcam1,1.0,0.576039518949337,0.287070054020092,0.16334495699023668,0.08344985884115588,0.04291207164259888,0.0
Itga9_Itgb1_Vcam1,1.0,0.45793028280206416,0.1918958910206514,0.09164812636706063,0.042809467306006384,0.01854693245831195,0.0
Itgal_Itgb2_Cd226,1.0,0.5934787748218329,0.2765173929127858,0.14503608088228634,0.05476881903098956,0.03593857888799518,0.0
Itgal_Itgb2_Icam1,1.0,0.6353652484904104,0.35268507543007876,0.22630365720403278,0.11865384807177509,0.06933695546666017,0.0
Itgal_Itgb2_Icam2,1.0,0.5706690975919139,0.3146422934792452,0.19812463210566808,0.1049571966409614,0.061742883619096335,0.0
Jag1_Notch1,1.0,0.5374628762014854,0.24569364555293022,0.1275814458029443,0.06412226374018978,0.030629637736816043,0.0
Jag1_Notch2,1.0,0.4165070383700156,0.15606066944970745,0.0657833904049313,0.027566417377484442,0.00993619700977553,0.0
Jag1_Notch3,1.0,0.46170172399634374,0.18430489328430677,0.08299428157664626,0.0367630586624312,0.014427616748435032,0.0
Jag1_Notch4,1.0,0.5660360517314986,0.2736371926496843,0.1495270880265612,0.07693953749025721,0.0361225936468122,0.0
Jag2_Notch1,1.0,0.729337567818205,0.3974277603778346,0.24476906066983292,0.14080601902901793,0.0720048570371089,0.0
Jag2_Notch2,1.0,0.5764729480831048,0.25440862113231455,0.12246236788506643,0.05603042309949391,0.021527050983280917,0.0
Jag2_Notch3,1.0,0.6190598633253865,0.29111244180259227,0.1507453506150051,0.07421487368473303,0.03064640868491534,0.0
Jag2_Notch4,1.0,0.7919337292746835,0.4651877486799415,0.3014539003470826,0.17600261282628543,0.0873539259017564,0.0
Jam2_F11r,1.0,0.5243695407145128,0.2431073699222947,0.13036999633942437,0.06592068417144036,0.03166129317608501,0.0
Jam2_Itga3_Itgb1,1.0,0.4926819119279195,0.21479033335124972,0.1080504047512193,0.051683928252069494,0.022255719315312006,0.0
Jam2_Itgav_Itgb1,1.0,0.49341265879206975,0.20962192339208902,0.10432102237968102,0.05121202613815604,0.022192025225774917,0.0
Jam2_Jam2,1.0,0.46411254967267945,0.19352201802178062,0.09742012641631541,0.048013831003263625,0.01949114733462365,0.0
Jam2_Jam3,1.0,0.40910501718545284,0.15124955130724038,0.0684514121414265,0.03156913892352004,0.011927515017102621,0.0
Jam3_F11r,1.0,0.4708135790769313,0.19686065333891786,0.09473966783013803,0.043884200895734284,0.018743857097955178,0.0
Jam3_Itgam_Itgb2,1.0,0.4904899151931798,0.21358292011604485,0.10982892530609514,0.05310198210907671,0.02347890372436668,0.0
Jam3_Jam2,1.0,0.4090702419286899,0.15126781412683357,0.06840660834437036,0.03157042141154253,0.011917016194533352,0.0
Jam3_Jam3,1.0,0.35465774188773413,0.11748395722556762,0.04817410446536712,0.02060267785711805,0.007054741476647171,0.0
Kitl_Kit,1.0,0.6236945656265204,0.30703255918686084,0.1869965088858826,0.09698850598836493,0.05398461841539558,0.0
Kng1_Bdkrb1,0.9381788368440612,1.0,0.8859758724310206,0.7761202661480637,0.3519560403654473,0.3771269817052833,0.0
Kng1_Bdkrb2,0.0,0.7348141502191833,0.8418080953403236,1.0,0.6558184602081453,0.9244819797246699,0.7102633655521448
Kng2_Bdkrb1,1.0,0.5817644015067409,0.26912330262390294,0.1357284944862776,0.05877310534449873,0.03023783667400079,0.0
Kng2_Bdkrb2,1.0,0.589354871807496,0.24414960660847126,0.11111321614947638,0.030085788078621,0.015910509889232274,0.0
L1cam_Itga4_Itgb7,0.2711860381862806,1.0,0.7599058844671958,0.5885640276303941,0.3635320698887823,0.19617253451982344,0.0
L1cam_Itgav_Itgb3,0.5357872682598832,1.0,0.7024509383820781,0.5333096143269166,0.30062823583484427,0.1777341995181245,0.0
L1cam_L1cam,0.0,0.856412350643324,0.9272724002368293,1.0,0.9027724419336903,0.7126480962156435,0.49477021083598466
Lama1_Cd44,1.0,0.8249589418082611,0.4084119463706135,0.26468313047426867,0.14678047101180167,0.0907376592929514,0.0
Lama1_Dag1,1.0,0.43921415221006854,0.1709230454596566,0.07500194196948966,0.028611136688680004,0.01099208353841029,0.0
Lama1_Itga1_Itgb1,1.0,0.43862497784333127,0.17590913334522312,0.08138952962411897,0.033279259704889104,0.015762618485493422,0.0
Lama1_Itga2_Itgb1,1.0,0.4370447626557094,0.16728601281192337,0.07218745073155126,0.028358835043915804,0.010284757298082448,0.0
Lama1_Itga3_Itgb1,1.0,0.45554466835983753,0.1834708567688177,0.08021848970910547,0.030199120669638292,0.010842981602808699,0.0
Lama1_Itga6_Itgb1,1.0,0.42449836985490663,0.16609163793664622,0.07216864144702508,0.02902805728247619,0.012032587553887078,0.0
Lama1_Itga6_Itgb4,1.0,0.4904737545925845,0.1954303511469647,0.07977868342584649,0.026946491560745106,0.007227198716337352,0.0
Lama1_Itga7_Itgb1,1.0,0.5179369054158282,0.19499320199453096,0.0887698769831054,0.034452155455405774,0.014349795957639704,0.0
Lama1_Itga9_Itgb1,1.0,0.42489319267667897,0.16143738580040023,0.0671721841505138,0.02597178552302976,0.00868252033737917,0.0
Lama1_Itgav_Itgb8,1.0,0.447522794562792,0.19031339158349156,0.08696038989667611,0.03673344134635825,0.012895508380293682,0.0
Lama1_Sv2a,1.0,0.8672788788848926,0.4839679752570152,0.2902843553328578,0.14545359072037467,0.06660908680777906,0.0
Lama1_Sv2b,1.0,0.621125652356747,0.2795052702192721,0.1401370259225951,0.06157121979792357,0.02200832765651933,0.0
Lama1_Sv2c,1.0,0.6757683088255079,0.31562921321117143,0.16020778427687907,0.07295823998478511,0.024466183647701322,0.0
Lama2_Cd44,1.0,0.642021424147835,0.2769348271631794,0.12248346699830953,0.050145788504576246,0.01821042512519586,0.0
Lama2_Dag1,1.0,0.3522489336468067,0.1137437153512417,0.041520769647777095,0.014306810720404827,0.004320884880850305,0.0
Lama2_Itga1_Itgb1,1.0,0.3660260113287939,0.12469647347416508,0.04862169260518266,0.017693009862419607,0.007104850585427431,0.0
Lama2_Itga2_Itgb1,1.0,0.363933695320718,0.11825234036259225,0.042928138820090625,0.015201370764050244,0.004323852030285623,0.0
Lama2_Itga3_Itgb1,1.0,0.37675690965056613,0.12898094420380496,0.047622308032677765,0.01633993131448651,0.004456262153754096,0.0
Lama2_Itga6_Itgb1,1.0,0.3444427139328827,0.11335844133028133,0.04151284941743395,0.015172833299672952,0.005210619069546764,0.0
Lama2_Itga6_Itgb4,1.0,0.41070252327252205,0.14379964693101202,0.0512461872818072,0.01678454570933807,0.0029995646630784686,0.0
Lama2_Itga7_Itgb1,1.0,0.35547195224575057,0.10889873405944873,0.040524836418072495,0.01395147148586863,0.003967781868445935,0.0
Lama2_Itga9_Itgb1,1.0,0.33909803254472987,0.10699584904926504,0.03784350384823372,0.013495045196846344,0.003642856765557978,0.0
Lama2_Itgav_Itgb8,1.0,0.3435840155692661,0.10897081171115544,0.03860207340714019,0.014220677278132138,0.003859731017101474,0.0
Lama2_Sv2a,1.0,0.7988105836948587,0.3622981204850887,0.16944637452893255,0.07239538057382063,0.025821223264934544,0.0
Lama2_Sv2b,1.0,0.5034973798318535,0.18454294197448387,0.07372026372521871,0.02820358169165056,0.007048058864064009,0.0
Lama2_Sv2c,1.0,0.5791660995469202,0.22397138625440985,0.09125676303304786,0.03633787938614277,0.0083461309298183,0.0
Lama3_Cd44,0.34185662372765147,1.0,0.40869371145282396,0.31325895671036647,0.22712602066868215,0.2868615458846894,0.0
Lama3_Dag1,1.0,0.4831956076893187,0.19849211026489239,0.08717235149151119,0.03239037580590611,0.015595491471589978,0.0
Lama3_Itga1_Itgb1,1.0,0.49049389143616795,0.21227060783652735,0.10107757819142688,0.0414479861237109,0.025536226247172673,0.0
Lama3_Itga2_Itgb1,1.0,0.4865350754347047,0.19709286171818793,0.08454282687574888,0.03349675921795564,0.014588247725107709,0.0
Lama3_Itga3_Itgb1,1.0,0.5067402828573386,0.2169611820968369,0.09493626875338801,0.03536423055882839,0.01494402323249245,0.0
Lama3_Itga6_Itgb1,1.0,0.46539822642499107,0.1943763274853888,0.08600670406793885,0.03541319327750255,0.018217272484205717,0.0
Lama3_Itga6_Itgb4,1.0,0.5438198625345343,0.2273890165325767,0.0906243172659986,0.02981588813999863,0.009771089658012442,0.0
Lama3_Itga7_Itgb1,1.0,0.548718253393148,0.19767109844434802,0.08555083912430517,0.028648603981167375,0.018338965210091776,0.0
Lama3_Itga9_Itgb1,1.0,0.46821315727278084,0.1914022602696443,0.08182682871989513,0.03288017313737159,0.012326125273325016,0.0
Lama3_Itgav_Itgb8,1.0,0.4707361737837202,0.19422774249379243,0.08291451218710386,0.03453619855468141,0.012550814568868104,0.0
Lama3_Sv2a,0.6698432394699698,1.0,0.6119962124584231,0.37745083835972904,0.19369952675161636,0.1086435719689456,0.0
Lama3_Sv2b,1.0,0.7103280591350886,0.3224960876386531,0.15496376791081073,0.06555984286033933,0.025615320774938968,0.0
Lama3_Sv2c,1.0,0.8077226514088187,0.38064538858444336,0.18451102684902354,0.08238299562324448,0.027961353980475376,0.0
Lama4_Cd44,0.9910215787513202,1.0,0.6229079723703106,0.5338467526891472,0.3866817477155428,0.2852612362611911,0.0
Lama4_Dag1,1.0,0.45159067698819816,0.19048430710602926,0.09516725010153845,0.04347936167739493,0.023879967610061118,0.0
Lama4_Itga1_Itgb1,1.0,0.45679897850812673,0.20272568677962505,0.10814606699271818,0.05114156812470763,0.03196882650691637,0.0
Lama4_Itga2_Itgb1,1.0,0.465329423259837,0.19391151947984286,0.09641965610751181,0.046139742075893615,0.02380749993531315,0.0
Lama4_Itga3_Itgb1,1.0,0.4798062641400471,0.213516047982297,0.1078810147176311,0.04973368886714364,0.02553114430637618,0.0
Lama4_Itga6_Itgb1,1.0,0.43607343161691897,0.1862485699271012,0.09272772070413957,0.043786691024565685,0.024837399363843334,0.0
Lama4_Itga6_Itgb4,1.0,0.5273746061121319,0.23606530595088732,0.11860554144689285,0.05613126814370372,0.02904296254638275,0.0
Lama4_Itga7_Itgb1,1.0,0.4861725767124165,0.1969869797709416,0.10729967620662367,0.05513018330389657,0.033976392663255695,0.0
Lama4_Itga9_Itgb1,1.0,0.44229960487962217,0.17992684553572216,0.08536148249189858,0.039180867554075106,0.01805093597861267,0.0
Lama4_Itgav_Itgb8,1.0,0.4525898379029956,0.18849681971635734,0.09074430221471586,0.043542601584505014,0.01938902346682333,0.0
Lama4_Sv2a,0.9025740808875349,1.0,0.6286243717361505,0.42824072539204683,0.24990484166916052,0.14195601715096592,0.0
Lama4_Sv2b,1.0,0.6721760260583907,0.3256897537720427,0.1865821322857213,0.10156769994240397,0.050316853619264065,0.0
Lama4_Sv2c,1.0,0.7724752705572652,0.39427454039605037,0.23229120327294295,0.13309263884719658,0.06286044984021762,0.0
Lama5_Cd44,0.0,0.7962557648117156,0.8194729396416983,1.0,0.9315053802606987,0.9812081135359847,0.60375641753976
Lama5_Dag1,1.0,0.49740528964051056,0.22594683417773487,0.1126969034120178,0.04559815540230852,0.02729693831505941,0.0
Lama5_Itga1_Itgb1,1.0,0.5115314049159068,0.24738235895748317,0.13191561737381272,0.05675233653021361,0.040786357098791436,0.0
Lama5_Itga2_Itgb1,1.0,0.5403114186791066,0.24385253126086606,0.11931138426093985,0.05103274095594104,0.028351519311481346,0.0
Lama5_Itga3_Itgb1,1.0,0.5314994562147152,0.24726499546996866,0.12244718019190971,0.04948626254467603,0.026587974179396547,0.0
Lama5_Itga6_Itgb1,1.0,0.48009719658517425,0.22021402452662533,0.10901092799864398,0.0470646350300789,0.02900450327326716,0.0
Lama5_Itga6_Itgb4,1.0,0.5839062391116191,0.2657218550621361,0.12592156032700272,0.0476986864342601,0.026254775310029947,0.0
Lama5_Itga7_Itgb1,1.0,0.49544672815676316,0.20273707265650592,0.10971992956052383,0.04697522024737419,0.036261711326747256,0.0
Lama5_Itga9_Itgb1,1.0,0.5279764397775938,0.23755294259907656,0.11364327536814899,0.048276331180915774,0.022524944052902778,0.0
Lama5_Itgav_Itgb8,1.0,0.5289155926761143,0.243122925938313,0.11773000205734614,0.05257867048361793,0.023041979017768117,0.0
Lama5_Sv2a,0.5765859426838204,1.0,0.7254111515223367,0.5306845694368608,0.3001110048995542,0.19073213307992717,0.0
Lama5_Sv2b,1.0,0.8046738283110051,0.42311836749348886,0.24562758764800188,0.12121945617331824,0.06259669387830923,0.0
Lama5_Sv2c,0.999038155180956,1.0,0.5548212768093984,0.3300632306453824,0.17417344807377064,0.08205296477238176,0.0
Lamb1_Cd44,1.0,0.8314231459012574,0.497132486259561,0.3842337433860084,0.2593066470095813,0.1761801007502733,0.0
Lamb1_Dag1,1.0,0.41865291341235544,0.16979029814301896,0.08264899488324262,0.037259729580286755,0.019562115593460917,0.0
Lamb1_Itga1_Itgb1,1.0,0.4318098272881749,0.18466240845832949,0.09500779883824628,0.04429326396814982,0.026227950948915665,0.0
Lamb1_Itga2_Itgb1,1.0,0.4354436226550763,0.17564647706217323,0.08485581883950946,0.03988661589861196,0.019899009251391923,0.0
Lamb1_Itga3_Itgb1,1.0,0.44726687466696186,0.18957804661140942,0.09246875312552698,0.04184017592823508,0.020649489925030826,0.0
Lamb1_Itga6_Itgb1,1.0,0.40684911349047936,0.16636030995388087,0.0802484062296196,0.03725205619200957,0.020111205498703984,0.0
Lamb1_Itga6_Itgb4,1.0,0.48750310818943754,0.2096443956140993,0.10257587066407313,0.047735034021424184,0.023633338274621066,0.0
Lamb1_Itga7_Itgb1,1.0,0.431463583316961,0.17075265887117597,0.09127101091912306,0.0460115712129494,0.026685828301077966,0.0
Lamb1_Itga9_Itgb1,1.0,0.41194800640352913,0.16141010714657733,0.07456624698523619,0.03362651324694834,0.015099401107886832,0.0
Lamb1_Itgav_Itgb8,1.0,0.4168689253804572,0.1654179537233378,0.07709202141692369,0.03607836298350696,0.015732569357262208,0.0
Lamb1_Sv2a,1.0,0.975521779739982,0.5811523243101291,0.37790334174336476,0.21335161081516552,0.1166772182258044,0.0
Lamb1_Sv2b,1.0,0.6103895376477192,0.28709518786631083,0.15967884590616574,0.08439619881913547,0.04079335820334183,0.0
Lamb1_Sv2c,1.0,0.7025878966163215,0.34870095434699183,0.19889036592732545,0.11004483026308902,0.05111315472437408,0.0
Lamb2_Cd44,0.4492110122313256,1.0,0.7834460961774065,0.828610400070218,0.6567183621738706,0.4941283153528156,0.0
Lamb2_Dag1,1.0,0.5185653489331505,0.23847820112771634,0.1267231703907745,0.05985108143709759,0.0326386967607344,0.0
Lamb2_Itga1_Itgb1,1.0,0.5199357379020397,0.25036064862786467,0.14171395979363022,0.06931730594404326,0.043112578997124756,0.0
Lamb2_Itga2_Itgb1,1.0,0.5257595424820137,0.2379568309162936,0.1252314282706495,0.06174186881303676,0.03183214329524768,0.0
Lamb2_Itga3_Itgb1,1.0,0.5473907142624829,0.2640578583377927,0.14147820822230198,0.0671880547045157,0.034451389647141145,0.0
Lamb2_Itga6_Itgb1,1.0,0.4992728151052719,0.23167027331245124,0.12204941259174619,0.05950094595850567,0.03341709875927625,0.0
Lamb2_Itga6_Itgb4,1.0,0.6013496532502782,0.29122191349367005,0.15565835182091212,0.07653188020798463,0.03965795882801907,0.0
Lamb2_Itga7_Itgb1,1.0,0.5914700070390697,0.26349999460360785,0.15808358101599296,0.08504519836078445,0.05339990142775873,0.0
Lamb2_Itga9_Itgb1,1.0,0.5038087425806654,0.22380862620168518,0.11202427144190548,0.05298718238738611,0.024417816827726653,0.0
Lamb2_Itgav_Itgb8,1.0,0.5184941365276106,0.2410073899924848,0.12311277237268729,0.06051162970337481,0.02679747786938163,0.0
Lamb2_Sv2a,0.7061191681910997,1.0,0.7098065496128172,0.5279944577368885,0.3215094712912704,0.18392535374193864,0.0
Lamb2_Sv2b,1.0,0.7862247186031983,0.4216258385517935,0.262392158938842,0.14783729739336976,0.07428430699733009,0.0
Lamb2_Sv2c,1.0,0.9004122656116511,0.5088620514225541,0.32675706159184503,0.19344175382063677,0.09312531812448502,0.0
Lamb3_Cd44,0.7764316538721109,1.0,0.4007053993094414,0.29608343909610924,0.1559436215724961,0.2556481305876432,0.0
Lamb3_Dag1,1.0,0.43490820582946493,0.17525970306788238,0.07683896318869565,0.026854975898520334,0.014372888633565705,0.0
Lamb3_Itga1_Itgb1,1.0,0.45308480245968247,0.1956761939149519,0.09284098756133523,0.03544618716454653,0.02433161732147624,0.0
Lamb3_Itga2_Itgb1,1.0,0.4649888816442149,0.18615651048688678,0.07965433976921472,0.02932544533185106,0.014216785723651778,0.0
Lamb3_Itga3_Itgb1,1.0,0.4678375523718227,0.19566026048931776,0.08588542222038212,0.030161569219073352,0.014058950145467434,0.0
Lamb3_Itga6_Itgb1,1.0,0.4236162003037627,0.1738536835398859,0.07654735683476734,0.02953724255822177,0.016720431813627413,0.0
Lamb3_Itga6_Itgb4,1.0,0.5019866045392082,0.2021740480654359,0.08029154521149331,0.023365636462193567,0.009226358077914124,0.0
Lamb3_Itga7_Itgb1,1.0,0.41248175039230606,0.14180473069811284,0.06077867548922829,0.018186094886285625,0.013486276234333405,0.0
Lamb3_Itga9_Itgb1,1.0,0.44752445017651343,0.17942899051732367,0.07664491587636717,0.029288673282657475,0.011827610648064441,0.0
Lamb3_Itgav_Itgb8,1.0,0.45162900539053946,0.18483106996613696,0.07946452683282476,0.03174600409187431,0.012115036098029152,0.0
Lamb3_Sv2a,0.817543285576137,1.0,0.5934404229320394,0.36299838393531647,0.17760677675370926,0.10622959898056132,0.0
Lamb3_Sv2b,1.0,0.6489897926438168,0.2878758191054339,0.1378974452492361,0.05506771891574412,0.02376896884770813,0.0
Lamb3_Sv2c,1.0,0.780127541058366,0.36145978084598646,0.17456283323102817,0.0737614143652364,0.027616115085145707,0.0
Lamc1_Cd44,1.0,0.863717278775661,0.4615305891506152,0.3393888640648597,0.2078961295434869,0.16964205787031097,0.0
Lamc1_Dag1,1.0,0.4203650905646474,0.16722844324431527,0.07683149492808347,0.030545298311526907,0.016528886537695797,0.0
Lamc1_Itga1_Itgb1,1.0,0.42783802843977803,0.17914458933131408,0.08789068411404792,0.03702509466969888,0.023494329820441397,0.0
Lamc1_Itga2_Itgb1,1.0,0.43790594751608714,0.17202050599148272,0.07813866226114384,0.03267294549432084,0.01639460250160939,0.0
Lamc1_Itga3_Itgb1,1.0,0.44714791865780495,0.18551932117125422,0.08529202021919473,0.03390449026655202,0.016779486307504133,0.0
Lamc1_Itga6_Itgb1,1.0,0.40585079551643777,0.16319552466780343,0.07478167168245906,0.03128227314059714,0.01765006228432457,0.0
Lamc1_Itga6_Itgb4,1.0,0.4889392161396269,0.2017787126440532,0.08937224961449476,0.033821675614816506,0.016531151906060023,0.0
Lamc1_Itga7_Itgb1,1.0,0.4508594699473399,0.1703563178478279,0.08283774294124054,0.03556490756439174,0.022309952632187834,0.0
Lamc1_Itga9_Itgb1,1.0,0.41850930464074443,0.16172179407725068,0.0711403149353989,0.029120552504158598,0.012841736291213499,0.0
Lamc1_Itgav_Itgb8,1.0,0.42638156028591345,0.17002434790532975,0.07641552519663211,0.032867675982549104,0.013741640097615727,0.0
Lamc1_Sv2a,1.0,0.9660325144502632,0.5579886429529104,0.34655749448581497,0.1805445526860851,0.10191380404989898,0.0
Lamc1_Sv2b,1.0,0.6201465784365766,0.2798753020113883,0.14481298499568518,0.0683644294678947,0.031886013095128514,0.0
Lamc1_Sv2c,1.0,0.7067795753927271,0.3334240935295322,0.17567305131666133,0.08753558667163568,0.037908773564507676,0.0
Lamc2_Cd44,0.0,0.5341340244179154,0.749771030094849,0.9553259030157305,0.9904643617237875,1.0,0.7714405558275692
Lamc2_Dag1,1.0,0.5853562449511721,0.30046726473968377,0.1680451778858071,0.07937157486598508,0.04885429131481317,0.0
Lamc2_Itga1_Itgb1,1.0,0.6005391496622945,0.3272960315584788,0.19524841718373026,0.09663049115355683,0.06942883334459862,0.0
Lamc2_Itga2_Itgb1,1.0,0.6260891605374592,0.31817841633879135,0.17487345873885698,0.08771006614298399,0.050495204257332574,0.0
Lamc2_Itga3_Itgb1,1.0,0.6152867356615151,0.32155482009132286,0.17807449303133147,0.08425707312647261,0.04740170781383179,0.0
Lamc2_Itga6_Itgb1,1.0,0.5579834696387485,0.2867877919624909,0.15752210118744853,0.07808355901120151,0.04871294799323444,0.0
Lamc2_Itga6_Itgb4,1.0,0.6829343601479471,0.35403602680873786,0.1942120400653802,0.09561442038831389,0.05603554686050201,0.0
Lamc2_Itga7_Itgb1,1.0,0.6342837427306243,0.30028671571883886,0.20074473749786886,0.11014206235577863,0.08813541045325346,0.0
Lamc2_Itga9_Itgb1,1.0,0.6127235929942753,0.31043862094266506,0.16371421876147646,0.07906075787155942,0.03877625287641851,0.0
Lamc2_Itgav_Itgb8,1.0,0.612134484590235,0.31932587828359127,0.1709556727744481,0.08611150146009672,0.0400939065357816,0.0
Lamc2_Sv2a,0.0711565605323336,1.0,0.9447673337015355,0.8299930325882777,0.5443200190256331,0.3578112642358247,0.0
Lamc2_Sv2b,0.9310012175177991,1.0,0.625827197793493,0.43169003748175544,0.2546313344448967,0.14435916797248508,0.0
Lamc2_Sv2c,0.6681361001857875,1.0,0.6726156113566178,0.48288510203837887,0.30498569475652404,0.16313122383101816,0.0
Lamc3_Cd44,0.8036565487160428,1.0,0.1606975405262817,0.1873060378743962,0.08687298002322201,0.18607359234160556,0.0
Lamc3_Dag1,1.0,0.46990920040016526,0.18680666998482365,0.08256062443871409,0.02835178754680306,0.01132989410959597,0.0
Lamc3_Itga1_Itgb1,1.0,0.46032708548999707,0.18874446142256865,0.08954270768418565,0.03430855797767019,0.01838374213892478,0.0
Lamc3_Itga2_Itgb1,1.0,0.4659653347912427,0.18143393291580026,0.07868857605851941,0.02825267937648326,0.010213613206565756,0.0
Lamc3_Itga3_Itgb1,1.0,0.4854828203142797,0.20013074568329853,0.08807585291932016,0.029651536787255437,0.010532382623181954,0.0
Lamc3_Itga6_Itgb1,1.0,0.4567273682535284,0.1848585571351729,0.08171055786647381,0.030900250599097744,0.013975412801357888,0.0
Lamc3_Itga6_Itgb4,1.0,0.5213800601921967,0.2045380085374491,0.07869273190964823,0.018012606597950235,0.001803187983709829,0.0
Lamc3_Itga7_Itgb1,1.0,0.5682980982406965,0.2013401803244245,0.085516959679804,0.022172403290241473,0.009558808046438251,0.0
Lamc3_Itga9_Itgb1,1.0,0.46552517575640573,0.1845302038618739,0.0784266474939074,0.028681644658114205,0.00935090733963116,0.0
Lamc3_Itgav_Itgb8,1.0,0.48739832891722623,0.21408867019023758,0.10047539032649343,0.04238926028147174,0.015238002199822376,0.0
Lamc3_Sv2a,1.0,0.9613433147490512,0.5548910390147741,0.3596811693103701,0.17849604682959763,0.08949887371658775,0.0
Lamc3_Sv2b,1.0,0.6774253825150196,0.30257051978766974,0.15220204359888112,0.06001937147897973,0.018955598717671544,0.0
Lamc3_Sv2c,1.0,0.7402255039995232,0.34069864159863583,0.17219108219812373,0.07004759866171233,0.0176980202710136,0.0
Lck_Cd8a_Cd8b1,1.0,0.5122223101074127,0.22223306089557981,0.10645054314943445,0.052782813416458144,0.0204765766506588,0.0
Lgals9_Cd44,0.16725623626751454,0.7468938052181052,0.8201769421463266,1.0,0.8162117331737694,0.5977789068315339,0.0
Lgals9_Havcr2,1.0,0.6069347532700947,0.31983664542976303,0.18612859820630442,0.0923948070473816,0.04395420174497751,0.0
Lgals9_Ighm,1.0,0.8415520365989161,0.5856404839054539,0.45749291182884244,0.28541979003524987,0.16316472992279607,0.0
Lgals9_Ptprc,1.0,0.7571678003450608,0.4946563674599527,0.3715262864335742,0.22033090184089432,0.12900260623298315,0.0
Lhb_Lhcgr,1.0,0.6101645273617824,0.3432702706612241,0.2338906742058696,0.14920100876646017,0.07233300792970587,0.0
Lif_Lifr_Il6st,1.0,0.49019203301357916,0.20140861562072931,0.09613362150575992,0.04359727641001122,0.018273114404888696,0.0
Lrrc4_Ntng2,1.0,0.7312844096081084,0.38514000626200984,0.2286162203137117,0.1253742701800514,0.055387850737459506,0.0
Lrrc4b_Ptprf,0.8578035419996354,1.0,0.5868013907640938,0.3556560514141013,0.18786276366733007,0.08482181640061684,0.0
Lrrc4c_Ntng1,1.0,0.5081459928940799,0.20098352950673123,0.09450690390945089,0.04793874330140594,0.01805757421767882,0.0
Lta_Tnfrsf14,0.9591447442933433,1.0,0.6030663962693916,0.40142217800313107,0.162774533991221,0.1291785875046797,0.0
Lta_Tnfrsf1a,1.0,0.9309251313934893,0.5693073278015055,0.38856928882403147,0.22859277998362765,0.12132589966857608,0.0
Lta_Tnfrsf1b,0.6509960982991064,1.0,0.8023890285261953,0.6850427981204087,0.4543445928215142,0.26336946338367556,0.0
Lta_Ltb_Ltbr,1.0,0.8960848492361118,0.5557900593555979,0.38178474195384215,0.2257348514445578,0.11893086109693944,0.0
Madcam1_Itga4_Itgb7,1.0,0.6396400493282953,0.3385128392224907,0.20249043816059237,0.10737015478119186,0.05567718607360374,0.0
Mag_Mag,0.5050849923257001,1.0,0.7486363264894501,0.6794331241996924,0.4741234488670816,0.29190153210813896,0.0
Mdk_Alk,1.0,0.39233220523617884,0.14024738025395136,0.061699233099731986,0.027074207039089068,0.010202160993152668,0.0
Mdk_Itga4_Itgb1,1.0,0.35659054415443625,0.12133372619595363,0.05238418665663166,0.022170200564347906,0.008662785036088007,0.0
Mdk_Itga6_Itgb1,1.0,0.38844776137000353,0.14695677454857825,0.06656642215985774,0.03012448206103468,0.012775914787029037,0.0
Mdk_Lrp1,1.0,0.40138410017626097,0.15582388614187234,0.07349129619902425,0.03493128793718931,0.013870806440937454,0.0
Mdk_Ncl,1.0,0.3466642880493145,0.1181174518214412,0.049817614863268606,0.021298069158009626,0.008058125408103953,0.0
Mdk_Ptprz1,1.0,0.5033204742323616,0.22449513289423273,0.11748467993048023,0.06040671774488351,0.025682045047057993,0.0
Mdk_Sdc1,1.0,0.4090845836566045,0.15952541625469327,0.07264196746960626,0.03341137660562544,0.012761926447396375,0.0
Mdk_Sdc2,1.0,0.3706793215094703,0.13586836388450574,0.05900835817120292,0.02628662487202511,0.009941920640314458,0.0
Mdk_Sdc4,1.0,0.5179864119338748,0.23948905206353668,0.12509461063296906,0.061523588394931175,0.0267276083902651,0.0
Mif_Ackr3,1.0,0.4869976048617959,0.22819472242475744,0.11727374074273626,0.057137093128921075,0.02598864797620055,0.0
Mif_Cd74_Cd44,1.0,0.7503717870313033,0.4779795375970072,0.32505474467170786,0.18978586088332208,0.09759410877315561,0.0
Mif_Cd74_Cxcr2,1.0,0.5752482125574477,0.30968478065112043,0.1849691876276398,0.09544144941079422,0.049126511230512426,0.0
Mif_Cd74_Cxcr4,1.0,0.7564343413364165,0.48901458369057377,0.3319542107636534,0.19246027023276058,0.09957603621273582,0.0
Mpz_Mpz,1.0,0.5578713270995442,0.2129198766588634,0.09796087166206804,0.05090799280493021,0.019118471621693205,0.0
Mpz_Mpzl1,1.0,0.5770724296041667,0.2549766770296036,0.13089500795647702,0.06601112023065896,0.028847802487998737,0.0
Mpzl1_Mpzl1,1.0,0.6052655628506576,0.3006531731996499,0.16734354322870082,0.08683282475919486,0.040435584347790314,0.0
Mstn_Acvr1b_Acvr2a,1.0,0.47012956375433484,0.17869292335023382,0.08599025680554048,0.04211128290560001,0.01679082787708019,0.0
Mstn_Acvr1b_Acvr2b,1.0,0.4708734331312631,0.17945521929215136,0.08165942628215149,0.035247048999479995,0.012053323180503839,0.0
Mstn_Tgfbr1_Acvr2a,1.0,0.40646047453315254,0.13918135504839713,0.06219388296429456,0.029719673315989414,0.011031962321642464,0.0
Mstn_Tgfbr1_Acvr2b,1.0,0.37838343241528705,0.1207788224572648,0.049286077063453074,0.020878510228223585,0.006967470868128392,0.0
Nampt_Insr,1.0,0.4797532579365087,0.2039943907805228,0.098027354165875,0.04553211423922223,0.01888640825239241,0.0
Nampt_Itga5_Itgb1,1.0,0.47434853256190007,0.20598727146915624,0.10357125456820482,0.049866906786970006,0.022946326987095103,0.0
Ncam1_Fgfr1,1.0,0.5465674161983346,0.2379314945899914,0.11210754666697559,0.054832634723415416,0.01917244638500579,0.0
Ncam1_L1cam,0.0,1.0,0.7476052295449623,0.6146415453969356,0.45647532910291944,0.26498333259691303,0.11927129935511614
Ncam1_Ncam1,1.0,0.8653340633119436,0.39911413637990867,0.20990727909475523,0.11590525693497358,0.03424270618322714,0.0
Ncam1_Ncam2,1.0,0.7830805181082301,0.33598299353038363,0.17547599703764394,0.10244494556284284,0.03355202702615363,0.0
Ncam2_L1cam,0.3473992130376831,1.0,0.5947354082336666,0.4505502193257753,0.32363940040873274,0.14892847302637516,0.0
Nectin1_Cadm3,0.5282597932648753,1.0,0.6467020920341339,0.44954333756002257,0.27697032045860603,0.130683408383329,0.0
Nectin1_Cd96,1.0,0.5832949666606245,0.24868515931662408,0.1167051185589489,0.05050037360265321,0.017837414581347927,0.0
Nectin1_Nectin3,1.0,0.4951721851043257,0.1927665043233585,0.08412846515919231,0.035334064649330844,0.011300520041562201,0.0
Nectin1_Nectin4,1.0,0.8403147524471155,0.43128195585350787,0.22416356317014136,0.11710468064055471,0.04554876924420826,0.0
Nectin2_Cd226,1.0,0.5501911108006473,0.22306376774534317,0.0880380084354513,0.016941110412080632,0.005917465485789607,0.0
Nectin2_Tigit,1.0,0.44757150376617383,0.17258574843785016,0.07022663358471526,0.024755979891366065,0.00889182472659045,0.0
Nectin3_Nectin1,1.0,0.49518714416125914,0.19283390938227243,0.08413387166719904,0.03536357473017284,0.011315504122624342,0.0
Nectin3_Nectin2,1.0,0.4481004095815043,0.17325702981421376,0.07539316692113283,0.030784322412015265,0.011449121596422049,0.0
Nectin3_Pvr,1.0,0.4194931469709298,0.15680509685804442,0.0670508306115374,0.027224086398787806,0.01048060385762575,0.0
Nectin3_Tigit,1.0,0.37810037253466444,0.1229787819941041,0.04272848848466853,0.012901839355019118,0.0024031336630182002,0.0
Negr1_Negr1,1.0,0.4936065888631232,0.21394096087610212,0.11059714985963678,0.05927235233919515,0.026201294266533864,0.0
Nfasc_Cntn1_Cntnap1,0.3134460181616746,1.0,0.7051518382149127,0.5410960404794729,0.3436172401232748,0.17308738348407673,0.0
Ngf_Ngfr,1.0,0.4402199416515793,0.16965196744457167,0.07541761860642443,0.0332556645381717,0.011096352578432557,0.0
Ngf_Ntrk1,1.0,0.5448483676822028,0.20552552439048372,0.07153706370725468,0.016070588130688197,0.0,0.006534798182703877
Nmb_Nmbr,1.0,0.48209356842981854,0.2088758380868922,0.10331872853432147,0.04958836729293491,0.02006615323799675,0.0
Nms_Nmur1,0.9819487894878751,1.0,0.4652485280832159,0.21592296830361574,0.07231603926580575,0.013962454309985552,0.0
Nms_Nmur2,0.17374451229477453,1.0,0.8788120082345434,0.7477960441938589,0.5350174786449546,0.27506084186758756,0.0
Nmu_Nmur1,1.0,0.5727284014942854,0.23707438548379722,0.10699918842536395,0.04266602959004967,0.013760029947737356,0.0
Nmu_Nmur2,0.8053051611831107,1.0,0.683396280365883,0.5019944558256053,0.33053760202344895,0.16590052120087667,0.0
Nodal_Acvr1b_Acvr2a_Cfc1,1.0,0.6278899507576821,0.3548450427377925,0.22215686794134915,0.12165202366334965,0.0699101391528165,0.0
Nodal_Acvr1b_Acvr2b_Cfc1,1.0,0.6278899507576821,0.3548450427377925,0.22215686794134915,0.12165202366334965,0.0699101391528165,0.0
Nodal_Acvr1c_Acvr2a_Cfc1,1.0,0.6278899507576821,0.3548450427377925,0.22215686794134915,0.12165202366334965,0.0699101391528165,0.0
Nodal_Acvr1c_Acvr2b_Cfc1,1.0,0.6278899507576821,0.3548450427377925,0.22215686794134915,0.12165202366334965,0.0699101391528165,0.0
Npb_Npbwr1,1.0,0.7024410858097292,0.43381434150014475,0.30138471677432294,0.17234853608239734,0.11569048023647524,0.0
Npff_Npffr1,0.8525102700710053,1.0,0.631134663215485,0.42675575169751334,0.24266199940652902,0.13383003652002187,0.0
Npff_Npffr2,1.0,0.7186257737054049,0.2988657932034295,0.12131570546236564,0.037987024450921246,0.009282503897217492,0.0
Npnt_Fras1_Frem1_Itga8_Itgb1,1.0,0.4399557106043024,0.17635225873014881,0.07446117272969321,0.03244705966233674,0.01252875392550233,0.0
Npnt_Fras1_Frem2_Itga8_Itgb1,1.0,0.40362605446566396,0.14948281589119433,0.0621406830349018,0.024010070641179385,0.009798037178777285,0.0
Nppa_Npr1,1.0,0.3304462300496718,0.1712808916364121,0.09423475865878798,0.04011060654949218,0.03393955962402789,0.0
Nppb_Npr1,1.0,0.34709649755868616,0.17712875502357822,0.0949256684040742,0.038273154467753964,0.034033273999196825,0.0
Nppc_Npr2,1.0,0.6990925139443643,0.3811148302861768,0.24372156129405737,0.1475024354734298,0.07075255969224802,0.0
Nps_Npsr1,1.0,0.5310025520595951,0.19517695460494527,0.06475537009548454,0.006485096853744651,0.0,0.005006766356186755
Npvf_Npffr1,1.0,0.7092296977364818,0.3955167020969899,0.2513590747842179,0.14037685407458525,0.08126584865407582,0.0
Npvf_Npffr2,1.0,0.4936769340721693,0.2007739024162473,0.0924930103781225,0.03993412804733682,0.019466786842573667,0.0
Npw_Npbwr1,1.0,0.7201122591514807,0.38137643175390884,0.22012764206379049,0.11806417518456105,0.05766161328846449,0.0
Npy_Gpr83,0.7211246139443701,1.0,0.5591492881809308,0.4012526381018415,0.26626797799190965,0.14265978495019926,0.0
Npy_Npy1r,0.06731364286281656,1.0,0.9126343995434374,0.8679431964708911,0.6288681045379378,0.3522766969614765,0.0
Npy_Npy2r,0.680204371994465,1.0,0.7230971519651842,0.5814349689454602,0.40500645975474203,0.20582937030069748,0.0
Npy_Npy5r,0.0,0.8926213869810196,0.9666714059348218,1.0,0.8933456353813657,0.6506851784341741,0.3800336849607871
Nrg1_Erbb2_Erbb3,1.0,0.4974074090401235,0.18288316784309422,0.07729773127390244,0.033848245716935135,0.010799083303653229,0.0
Nrg1_Erbb2_Erbb4,1.0,0.6520242683310976,0.3404604230705896,0.2079105699457164,0.11990764423247782,0.05449764264127909,0.0
Nrg1_Erbb3,1.0,0.4660958902593507,0.1711777155222545,0.07235028357487729,0.03168178594342781,0.010107887081439155,0.0
Nrg1_Erbb4,1.0,0.5204228009691191,0.22410397412148345,0.12083987342715019,0.06795274400793899,0.030390325174256203,0.0
Nrg1_Itgav_Itgb3,1.0,0.5859046361241558,0.28150414961982,0.16331193495570895,0.085787387760418,0.043503493264444366,0.0
Nrg2_Erbb2_Erbb3,1.0,0.4753274967330715,0.16853994719288728,0.06371895417786566,0.02178326088239161,0.004767434613994274,0.0
Nrg2_Erbb2_Erbb4,1.0,0.5954142196326901,0.2933101693390334,0.16188473118219776,0.08199613017193248,0.03658461008744015,0.0
Nrg2_Erbb3,1.0,0.4528152159288178,0.16042953487680803,0.06065269600382927,0.02073501546468821,0.004538018021349978,0.0
Nrg2_Erbb4,1.0,0.4810325563337656,0.1953290938525295,0.09424112037437583,0.04679431546764341,0.020765308076080752,0.0
Nrg3_Erbb2_Erbb4,0.9250751139482178,1.0,0.6806477378060182,0.5089201937069998,0.3245806106974045,0.16588062802839765,0.0
Nrg3_Erbb4,1.0,0.7683285617468368,0.4131072605188952,0.2642085206654147,0.16418167294280964,0.08014475932579435,0.0
Nrg4_Erbb2_Erbb4,1.0,0.5715930479300513,0.2832895237540189,0.1526257581426496,0.07482815594318334,0.03291490868193649,0.0
Nrg4_Erbb4,1.0,0.45359369029247026,0.1847523644923995,0.0864337905939669,0.04010784380805217,0.017662067572388744,0.0
Nrtn_Gfra2_Ret,1.0,0.9846223065796302,0.600981719840229,0.39095071717392116,0.22009604475215858,0.1182716685982826,0.0
Nrxn1_Nlgn1,1.0,0.9266052993373344,0.5254784521329648,0.3714469524967209,0.24959544868907507,0.11879206700321294,0.0
Nrxn1_Nlgn2,1.0,0.9948334281062342,0.5897585594119449,0.41464832619441166,0.26948750034758373,0.12704167522576743,0.0
Nrxn1_Nlgn3,0.7648146468478322,1.0,0.6214103775269016,0.4813040083675902,0.3344207743948881,0.16444490768663694,0.0
Nrxn2_Nlgn1,0.6398915500933055,1.0,0.6659050163113563,0.4899556081902188,0.3165396240814988,0.15447282338833615,0.0
Nrxn2_Nlgn2,0.6046964903068317,1.0,0.6840672718798299,0.5008471455481365,0.3167980046702505,0.152647039056148,0.0
Nrxn2_Nlgn3,0.34096771423301253,1.0,0.7482655985529426,0.60425433222805,0.40351103787445336,0.20449751598024724,0.0
Nrxn3_Nlgn1,0.9146216271222879,1.0,0.6562856570287168,0.4931511482440034,0.3310213669883733,0.1660329793140974,0.0
Nrxn3_Nlgn2,0.8664699393760716,1.0,0.6724802010960638,0.50154081578537,0.32788917455954536,0.16273469339129507,0.0
Nrxn3_Nlgn3,0.6033262477739076,1.0,0.7458142681099817,0.6184390864541219,0.43033928133307514,0.22544086588415418,0.0
Ntf3_Ntrk1,1.0,0.5057444507728183,0.18644343574711156,0.06334969436864088,0.01655628122154814,0.0,0.006900787225807439
Ntf3_Ntrk2,1.0,0.49385595850613817,0.2012573894855674,0.09027736367265714,0.04162738381759439,0.014844656930293266,0.0
Ntf3_Ntrk3,1.0,0.5736923326309935,0.24471543588775013,0.11049493852310907,0.048181560896514035,0.015988420982241642,0.0
Ntf5_Ntrk2,1.0,0.6311064565179362,0.315637124302533,0.17714087372595816,0.09288318979457512,0.043275331796136275,0.0
Nts_Ntsr1,1.0,0.7509893423368925,0.41707590009819534,0.2392906630686212,0.11742734954634415,0.06125070489298131,0.0
Ocln_Ocln,1.0,0.6423253562412491,0.289823939981455,0.15772296649874326,0.053730943473121386,0.041045824224492586,0.0
Osm_Lifr_Il6st,1.0,0.5780185316850216,0.27008856550170607,0.14418255453877,0.06315250779181111,0.033724530168503575,0.0
Osm_Osmr_Il6st,1.0,0.7851534499884355,0.5018456013494093,0.37405471364553056,0.22017627577170656,0.16027124590529476,0.0
Ostn_Npr3,1.0,0.4170411053983759,0.17528206095303617,0.09172391525582463,0.04764025512568356,0.024249402775151956,0.0
Oxt_Oxtr,1.0,0.9792777778300402,0.5308570942653834,0.30770640262619414,0.13601903669880522,0.063207388128245,0.0
Pdcd1lg2_Pdcd1,1.0,0.7371188432140583,0.40228346935799203,0.23448497025840667,0.11956044994714372,0.06847960490233179,0.0
Pdgfa_Pdgfra,1.0,0.40549768993654217,0.1460478311621143,0.060789184418439494,0.0249768478718008,0.008676562265632156,0.0
Pdgfa_Pdgfrb,1.0,0.4783987323340765,0.19686209787246445,0.09313462814740764,0.042121613821455545,0.018776449554009474,0.0
Pdgfb_Pdgfra,1.0,0.46780095428030527,0.19238619708444427,0.09205477006512702,0.043861888443791366,0.01819272062639959,0.0
Pdgfb_Pdgfrb,1.0,0.5418577422477028,0.2569734740142682,0.1427820010441022,0.07578685489351071,0.03758342989998662,0.0
Pdgfc_Pdgfra,1.0,0.33342965585249723,0.10669151885246413,0.038768408317739186,0.014955472852696397,0.004125465752681756,0.0
Pdgfd_Pdgfrb,1.0,0.40042793502976903,0.14901212709173994,0.061735601034744535,0.026084874758443857,0.00943285781750306,0.0
Pdyn_Oprd1,0.7006131752616299,1.0,0.6275688695903548,0.37458012277146024,0.18010282729193822,0.09487058416190063,0.0
Pdyn_Oprk1,0.0,0.9951679373978514,1.0,0.9576317055871857,0.709193944992567,0.527032525773224,0.22816798870882218
Pdyn_Oprl1,0.0,0.7662813374041295,0.945215760431192,1.0,0.8761731956340676,0.6977162107160201,0.4657978204329314
Pdyn_Oprm1,0.0,1.0,0.9376329134587211,0.9108479072685799,0.7967636149263538,0.6408858001390398,0.4593291372494631
Pecam1_Pecam1,1.0,0.5187171564277191,0.25001068168900603,0.14006174310793812,0.07055822789534516,0.04144112902153449,0.0
Penk_Oprd1,1.0,0.5089589284624177,0.22964386682783675,0.11218739123423223,0.05439548960286858,0.023865389388138033,0.0
Penk_Oprk1,1.0,0.8051616602357081,0.46818843362644563,0.3008483334886209,0.17389103831822247,0.08909761751706848,0.0
Penk_Oprl1,0.5237428975418236,1.0,0.7220932221715248,0.5174533295100714,0.3297361063525036,0.16139244874642894,0.0
Penk_Oprm1,1.0,0.7195163897323664,0.3788905563074398,0.22664365468688363,0.1314535901979122,0.06101710721596149,0.0
Pgf_Flt1,1.0,0.5109595313214883,0.22729960267330918,0.11678598727587963,0.05481858300776086,0.02770348781672285,0.0
Plg_F2rl3,1.0,0.8791996402811952,0.5775519307423771,0.4060747366437286,0.15384596372765588,0.12159546582990617,0.0
Plg_Pard3,1.0,0.5732539219705688,0.2808646069281886,0.13865789024393926,0.04136701222022681,0.01858705757512432,0.0
Pmch_Mchr1,1.0,0.6786762427104217,0.4086767904996147,0.29952679556541656,0.1880413986831121,0.09967802333663894,0.0
Pmch_Mertk,1.0,0.5561488699104529,0.2839243768821131,0.1622025812254059,0.08622985583624537,0.04100138300655861,0.0
Pomc_Mc1r,1.0,0.7343306823420609,0.4098416511489759,0.2451827547310241,0.12923580682735603,0.06118984536516425,0.0
Pomc_Mc2r,1.0,0.5608171285614756,0.25830904663507687,0.13907856521182266,0.06302252379584918,0.029263677750758752,0.0
Pomc_Mc4r,1.0,0.8142250075986498,0.5271029396297954,0.3646262533025345,0.22158873760872175,0.10845679252964986,0.0
Pomc_Oprd1,1.0,0.5524383609123785,0.26212022859138695,0.1319437021191943,0.05823974472305911,0.027601495340809263,0.0
Pomc_Oprk1,1.0,0.8020648084994436,0.48347662538757985,0.3203296747001878,0.17297654942563098,0.09428195620450787,0.0
Pomc_Oprl1,0.5833549388233722,1.0,0.7608149535508376,0.5739030189999721,0.352162727074447,0.17954129973024505,0.0
Pomc_Oprm1,1.0,0.8445204977259146,0.47804008213711785,0.30267868230735284,0.16878728851411803,0.08152741114949906,0.0
Postn_Itgav_Itgb3,1.0,0.6722516168290253,0.38697513709538534,0.27379640986965736,0.15118160328267097,0.10249072715622765,0.0
Postn_Itgav_Itgb5,1.0,0.615553572010592,0.3169544856696277,0.19763775104080092,0.11106914710133207,0.06250160669870793,0.0
Ppbp_Cxcr2,1.0,0.583105800377432,0.31442789331313753,0.18764523689652154,0.07565404635008592,0.05019828058812439,0.0
Ppy_Gpr83,1.0,0.5606417619116902,0.2788868171345705,0.18033548926545195,0.09657402691468721,0.057194605758733426,0.0
Ppy_Npy1r,1.0,0.9012362104874636,0.5965807202088137,0.4475729230297152,0.2583220305368906,0.15837581218024027,0.0
Ppy_Npy2r,1.0,0.7429739934795727,0.44925631433922597,0.31928647664287185,0.19243795710691758,0.1008807597450129,0.0
Ppy_Npy5r,0.43202083164575983,1.0,0.8479025523548153,0.7275848430687286,0.48037983580100374,0.2688544098136843,0.0
Prok1_Prokr1,1.0,0.5438430597998781,0.22991987677944628,0.1173999651417791,0.055313486248992995,0.025645199274289605,0.0
Prok1_Prokr2,1.0,0.554285001684929,0.23688310869653864,0.10939743021169246,0.046567932122990006,0.017548547189441238,0.0
Prok2_Prokr1,1.0,0.5352530776087084,0.23422330125938728,0.1273117390574839,0.06328562521511359,0.030650665014619705,0.0
Prok2_Prokr2,1.0,0.5523919077550921,0.24637827218406458,0.12423721867966289,0.05857783810628009,0.025009826574035804,0.0
Pros1_Axl,1.0,0.551035556844227,0.25750131261493436,0.1410083994060791,0.07326061475324873,0.03507607268841431,0.0
Pros1_Tyro3,1.0,0.5384222176351867,0.24544426108365514,0.12540729831545921,0.06306432289666979,0.026435379572258434,0.0
Psap_Gpr37,1.0,0.5624795802043059,0.261656401130316,0.14656721309208806,0.08036980752968471,0.03933452984831417,0.0
Psap_Gpr37l1,1.0,0.7634758082707298,0.4374099995496431,0.2989139520496823,0.1916635223367911,0.10074571777014023,0.0
Pspn_Gfra4_Ret,1.0,0.8981387674191127,0.5330297175638667,0.3599177641733911,0.22693247628276914,0.1342190175217957,0.0
Pth2_Pth1r,1.0,0.6283773214850993,0.36965322771248815,0.23922717626260395,0.13827661354345422,0.07657936135808446,0.0
Pth2_Pth2r,1.0,0.609970123641317,0.32704351112467955,0.2088689294500448,0.11427866049266373,0.06802885080085512,0.0
Pthlh_Pth1r,1.0,0.49027012389989616,0.23488888188675122,0.11497681366141316,0.06298413943605287,0.024558359369789562,0.0
Ptn_Alk,1.0,0.5037791344937907,0.2036950786069449,0.09991222590979752,0.04768456988647823,0.02107645507589631,0.0
Ptn_Itgav_Itgb3,1.0,0.5474583694149782,0.2571083740438723,0.14698646670203588,0.07079764820907818,0.04068465117891162,0.0
Ptn_Ncl,1.0,0.44977128400851213,0.1810647395079069,0.08692144838732106,0.040850698995836945,0.017623748788839964,0.0
Ptn_Ptprz1,1.0,0.6418479153343906,0.3316175896651012,0.20156858805020805,0.11802491233223952,0.05942654965552167,0.0
Ptn_Sdc1,1.0,0.5236809381402044,0.2352142291216288,0.12065116873300662,0.06050230725756394,0.02702532612248139,0.0
Ptn_Sdc2,1.0,0.4702009077866865,0.19754621103784317,0.09626797509859478,0.046405095966919205,0.020508956141232916,0.0
Ptn_Sdc3,1.0,0.8855837047414139,0.5064225998191327,0.3301225602032337,0.19197753365667652,0.10179391998878635,0.0
Ptn_Sdc4,1.0,0.6818265308650074,0.36135585892234207,0.21709393247179812,0.11758742711269944,0.06270347572112862,0.0
Ptprc_Cd22,1.0,0.6999602832132903,0.3899821150489914,0.25685189958909205,0.13990189763386957,0.0802510325183677,0.0
Ptprc_Mrc1,1.0,0.70770639134763,0.44171153734098084,0.3376248886312733,0.2070737911006176,0.11767612755416791,0.0
Ptprm_Ptprm,1.0,0.339848207121676,0.10507736672469307,0.03641274069020668,0.013284112254416265,0.003419747801955331,0.0
Pvr_Cd226,1.0,0.5315108930101713,0.20469414657706847,0.07434178711237227,0.008021704567103619,0.0037235846195293226,0.0
Pvr_Tigit,1.0,0.4258430150571987,0.1596996863511012,0.06364128263070938,0.021748383914667678,0.00827381707012298,0.0
Pyy_Gpr83,1.0,0.6598156059569187,0.3876647915773717,0.2925152207780991,0.18347442685113924,0.1040313977773878,0.0
Pyy_Npy1r,0.8400958304818144,1.0,0.7915776068596038,0.6738162197357316,0.4456231252328005,0.2589681983440936,0.0
Pyy_Npy2r,1.0,0.8472034739252204,0.5840548860346423,0.4554493185427316,0.29449909480539976,0.15202686760754464,0.0
Pyy_Npy5r,0.3369314419755142,1.0,0.9966644945195681,0.946533955737904,0.6784292652401935,0.37390273024237,0.0
Qrfp_Qrfpr,1.0,0.7805340716624729,0.4189017326907599,0.24574247618769435,0.12972302895551918,0.06409860985691311,0.0
Rarres2_Cmklr1,1.0,0.5875647201884162,0.3200814424737587,0.21963556493358405,0.1283720898450239,0.07360457910813538,0.0
Rarres2_Gpr1,1.0,0.5636999285072538,0.2934890843926314,0.19292909222085858,0.11177397159597997,0.06794432048265711,0.0
Reln_Itga3_Itgb1,1.0,0.7464369456437292,0.4122424938863015,0.24976592753850282,0.12896403394262096,0.06401148804621025,0.0
Retn_Cap1,1.0,0.5536747732897342,0.25981456689756594,0.13979952685532118,0.06833538922961101,0.029182822207811515,0.0
Retn_Tlr4,1.0,0.6263805736047371,0.32041077819441954,0.18925126398403383,0.09380234006214686,0.0451427641592077,0.0
Rln1_Rxfp1,1.0,0.589107687416834,0.34082510503728586,0.2109909544864885,0.11562822005002382,0.06470708515110735,0.0
Rln1_Rxfp2,1.0,0.5748594355079658,0.2611400707291981,0.13531026421736297,0.06748634933773431,0.027520662026817036,0.0
Rln1_Rxfp3,1.0,0.6079252526658719,0.29456208660094074,0.16314895150873593,0.08677027959719781,0.03685407958186915,0.0
Rln3_Rxfp1,1.0,0.6110784319248843,0.33759872691424336,0.19891812839853582,0.10462579614185542,0.06450541531441917,0.0
Rln3_Rxfp2,1.0,0.5407034379790867,0.23277555488144114,0.11384932693717295,0.05380443656223136,0.02187734868884221,0.0
Rln3_Rxfp3,1.0,0.5578940820201769,0.2521666193887941,0.12888703410190802,0.06504383724917126,0.026618656707720213,0.0
Saa2_Fpr2,1.0,0.5341030519018386,0.2414396410407935,0.11278992993610737,0.040026269316566755,0.014232316995273624,0.0
Scgb3a2_Marco,1.0,0.8532803627621631,0.8016132331585125,0.8828358234974869,0.0030593268802831396,0.5397863502378594,0.0
Sct_Sctr,1.0,0.5009760569378097,0.20307935409930933,0.0948654738253512,0.04168159688718135,0.015931121620541586,0.0
Sell_Cd34,1.0,0.9695991492329282,0.782782797859752,0.6658680126366632,0.4148675729478424,0.2861777376507483,0.0
Sell_Madcam1,0.9135862401929373,1.0,0.8030668827395528,0.6682116236048807,0.4130306811632211,0.26946118793954854,0.0
Sell_Podxl,1.0,0.8237859210927393,0.6005982270250615,0.4636214675909458,0.2506863393789879,0.18024607593349457,0.0
Selplg_Sell,0.8210843307803923,1.0,0.8704637976116533,0.7701659924364993,0.4673049974507254,0.3154450056103871,0.0
Selplg_Selp,1.0,0.6500377356042454,0.3444930286495193,0.2036302112949035,0.09053599591411712,0.05579637487147342,0.0
Sema3a_Nrp1_Plxna1,1.0,0.4316572623630986,0.16402687203743357,0.07042132188081225,0.029963930592493554,0.010252049618890249,0.0
Sema3a_Nrp1_Plxna2,1.0,0.4209406392737,0.15646677823109104,0.06613954651462875,0.028443125044004834,0.009667661354028972,0.0
Sema3a_Nrp1_Plxna3,1.0,0.6145819982026345,0.2843370651128583,0.13839409760264448,0.06629858029238152,0.025108010817561584,0.0
Sema3a_Nrp1_Plxna4,1.0,0.4492630112422166,0.1785661962132036,0.07788816567445489,0.034709368064001433,0.012135004048117508,0.0
Sema3b_Nrp1_Plxna1,1.0,0.5720951000315326,0.2682139584836398,0.15289735882327682,0.0787588432094366,0.04071975869213811,0.0
Sema3b_Nrp1_Plxna2,1.0,0.5548598875362191,0.2557647924917781,0.14160092354787182,0.0737037755228919,0.03561401430217659,0.0
Sema3b_Nrp1_Plxna3,1.0,0.8578528878924779,0.5002479149615467,0.3365831217237186,0.19896073856294488,0.11282760258843982,0.0
Sema3b_Nrp1_Plxna4,1.0,0.5852966795887993,0.2844143954572113,0.16257231860088817,0.09002870400952627,0.047084821319964824,0.0
Sema3b_Nrp2_Plxna1,1.0,0.584884951040109,0.2864661017307565,0.16869396126145864,0.09308632218699159,0.04723847725992092,0.0
Sema3b_Nrp2_Plxna2,1.0,0.592547152153871,0.27558148916862346,0.15273322369162398,0.08138380274948455,0.03989644716920926,0.0
Sema3b_Nrp2_Plxna3,1.0,0.8628029842102585,0.5129603688778196,0.3521710765737647,0.21361745854525188,0.12022144993468786,0.0
Sema3b_Nrp2_Plxna4,1.0,0.6339725906115504,0.3115578032187015,0.1792151217465873,0.09940369944868668,0.05246601722263635,0.0
Sema3c_Nrp1_Nrp2_Plxnd1,1.0,0.6062387094065438,0.27978988784199305,0.14483412851196367,0.06733776671978005,0.028427497980240263,0.0
Sema3c_Nrp1_Plxna1,1.0,0.49543618718922616,0.20566417335599183,0.10182461027093802,0.047577960279411344,0.02034108392607941,0.0
Sema3c_Nrp1_Plxna2,1.0,0.4863117443314145,0.19828587340241705,0.0963391332453128,0.04550666509023276,0.01859865233550786,0.0
Sema3c_Nrp1_Plxna3,1.0,0.717537389787266,0.3638359483882043,0.2075910273391183,0.11027423123516573,0.05207288130711357,0.0
Sema3c_Nrp1_Plxna4,1.0,0.5162668762820292,0.221543216429304,0.11070363773340605,0.0547984581231843,0.02373816728471221,0.0
Sema3c_Nrp2_Plxna1,1.0,0.5054548416755074,0.21896753817281908,0.11108560954749064,0.05567117020256657,0.023751853865097317,0.0
Sema3c_Nrp2_Plxna2,1.0,0.5183755802039811,0.2132777890600604,0.10339878327373739,0.05002761813139703,0.021097750071733118,0.0
Sema3c_Nrp2_Plxna3,1.0,0.7210961823388218,0.37101253758788155,0.21586734141312913,0.11799382439096935,0.05605511968640797,0.0
Sema3c_Nrp2_Plxna4,1.0,0.5327389733296584,0.23051462398982944,0.11558640316729157,0.05743086925594315,0.02518437469069377,0.0
Sema3c_Plxnd1,1.0,0.582026954473534,0.2700060870471165,0.14544201952165334,0.07104883594883198,0.03618896100641489,0.0
Sema3d_Nrp1_Plxna1,1.0,0.456620565975228,0.17877840350035173,0.07665205936466285,0.029696908086799916,0.010060278142311144,0.0
Sema3d_Nrp1_Plxna2,1.0,0.446410523080722,0.1727730587694473,0.07406950936703365,0.029955160432389053,0.010095294149498654,0.0
Sema3d_Nrp1_Plxna3,1.0,0.6519450383609793,0.3098759236990652,0.15151731206136348,0.0678554226735788,0.02681132060220831,0.0
Sema3d_Nrp1_Plxna4,1.0,0.46632660353175137,0.18819764719767465,0.08003563836817157,0.03186500211802739,0.010768041169501969,0.0
Sema3d_Nrp2_Plxna1,1.0,0.4673748170021551,0.19132594968332398,0.0841046724881802,0.03615092653879781,0.012570896811963418,0.0
Sema3d_Nrp2_Plxna2,1.0,0.4750182579650378,0.18515589111756625,0.07930161313016551,0.03304801231583181,0.011767276257597126,0.0
Sema3d_Nrp2_Plxna3,1.0,0.6542315460108148,0.3142181314879403,0.1564539437196171,0.07277696310461021,0.029404120053735695,0.0
Sema3d_Nrp2_Plxna4,1.0,0.4839719767180157,0.19640269569014301,0.0836740524830012,0.03335202665528911,0.011526101998358214,0.0
Sema3e_Plxnd1,1.0,0.5785162255382283,0.2601241709897155,0.12599326697100297,0.05373067107249081,0.024130248987791536,0.0
Sema3f_Nrp2_Plxna1,1.0,0.5766338194291426,0.26851473602898257,0.1368747037517895,0.0684210115679662,0.02713860550605977,0.0
Sema3f_Nrp2_Plxna2,1.0,0.5956636713849455,0.265018197911717,0.12911960622084082,0.061721001312106324,0.02467695272217234,0.0
Sema3f_Nrp2_Plxna3,1.0,0.8389803189249961,0.46554293770529337,0.27339527906693273,0.14986842824599914,0.0681205839142028,0.0
Sema3f_Nrp2_Plxna4,1.0,0.6053434521899255,0.28003700496593614,0.13806330267178407,0.06598830146862376,0.026414131261207303,0.0
Sema3g_Nrp2_Plxna1,1.0,0.6082559646834843,0.2894908169738599,0.16019975252283697,0.08230839150367668,0.03833955459081718,0.0
Sema3g_Nrp2_Plxna2,1.0,0.6280099826631556,0.28860299189934313,0.15174504657208887,0.07606084317292675,0.03451364225181632,0.0
Sema3g_Nrp2_Plxna3,1.0,0.8827307985286126,0.5051080761713134,0.3232230428651791,0.1834250001471181,0.09575903265107057,0.0
Sema3g_Nrp2_Plxna4,1.0,0.6372930066993704,0.3027737669657119,0.16253071877261302,0.08348562530366738,0.039384064469142235,0.0
Sema4a_Nrp1_Plxna1,1.0,0.957709873136598,0.5416559455082959,0.33902717489543044,0.18185542777356126,0.08854983356001361,0.0
Sema4a_Nrp1_Plxna2,1.0,0.9341707547503879,0.5183655082418466,0.3112308774321114,0.16720620419287702,0.07679718442606807,0.0
Sema4a_Nrp1_Plxna3,0.47209467411297074,1.0,0.7378428703143254,0.5596715755379078,0.348479156602355,0.18861730505639032,0.0
Sema4a_Nrp1_Plxna4,0.956040117013738,1.0,0.5827715083689239,0.3685096966830626,0.21333163085737555,0.10392160631751456,0.0
Sema4a_Plxnb1,0.9141840652041778,1.0,0.6379294840806661,0.4258231888958466,0.24371367397529506,0.1226510004846869,0.0
Sema4a_Plxnb2,1.0,0.9746896097417679,0.5998939736324844,0.39715285172335135,0.23137563021428506,0.11703448873078566,0.0
Sema4a_Plxnb3,1.0,0.9682676667349381,0.5378645920839399,0.3397634673328398,0.1902042254101622,0.09983335423408109,0.0
Sema4a_Timd2,0.18478713267122404,1.0,0.8628028922579881,0.779856352460008,0.34883518043907313,0.291999871958919,0.0
Sema4c_Plxnb2,1.0,0.5582997910421589,0.2597697311019324,0.13647490052060213,0.06777169605895712,0.029875773866171268,0.0
Sema4d_Cd72,1.0,0.642094679657947,0.3104159380361045,0.16050887564635152,0.07500368424558473,0.032983324109579604,0.0
Sema4d_Plxnb1,1.0,0.6323556628648056,0.30754496764091216,0.15678966388292812,0.0705846652806424,0.03017152677071183,0.0
Sema4d_Plxnb2,1.0,0.5769237551092752,0.2746886974385284,0.14428079832400154,0.07030384448963797,0.03231428812121311,0.0
Sema4d_Plxnb3,1.0,0.53992748674989,0.22858991024876277,0.10793599260319396,0.0455666837614985,0.020040771820479395,0.0
Sema4g_Plxnb2,0.9895911774383851,1.0,0.6082485205648713,0.3988653231637778,0.22959398484721172,0.11746311703461126,0.0
Sema5a_Plxna1,1.0,0.4704708645573911,0.194553833801905,0.08936921510141974,0.04248614642336411,0.0158049809070859,0.0
Sema5a_Plxna3,1.0,0.6620453123087859,0.3218424401470276,0.1685766090375927,0.08750264697598925,0.03653198425927845,0.0
Sema5a_Plxnb3,1.0,0.45798967984616334,0.17742479647210432,0.08119358784615456,0.03753202632752532,0.014865774076275927,0.0
Sema5b_Plxna1,1.0,0.5631055533743166,0.2631708282618275,0.13875571406262976,0.06790125570269813,0.02886805079655508,0.0
Sema5b_Plxna3,1.0,0.7731459814930453,0.4270782949074173,0.25694792741167877,0.1377584252373609,0.06450063993948166,0.0
Sema6a_Plxna2,1.0,0.4549156633224512,0.17254371704125782,0.07706981290134703,0.036493399783264706,0.013177748977643119,0.0
Sema6a_Plxna4,1.0,0.4866108073824051,0.195141093181133,0.08655440763616684,0.039880952508500336,0.013942014411388185,0.0
Sema6b_Plxna2,1.0,0.8048333672429806,0.42347724649039925,0.26786490231663806,0.16143170426327347,0.07539838103228272,0.0
Sema6b_Plxna4,0.98411791502184,1.0,0.5588126881884429,0.3580204117330176,0.21501656521864165,0.1064022810771789,0.0
Sema6d_Plxna1,1.0,0.6340538872096302,0.3053240361087212,0.1690048769854929,0.08974987613697162,0.04031358010449396,0.0
Sema6d_Plxna1_Kdr,1.0,0.630429294044721,0.30830165862034925,0.18126221929959752,0.09948794227994295,0.05078834183098414,0.0
Sema6d_Plxna1_Trem2_Tyrobp,1.0,0.9180140185764855,0.6237885209409089,0.4747496675659737,0.31823004260187027,0.1789365951146619,0.0
Sema7a_Itgb1_Itga1,1.0,0.8228555343250689,0.47477042243268275,0.3081670059851801,0.170495327453409,0.10010871484455466,0.0
Sema7a_Plxnc1,0.8952392119349033,1.0,0.6665697631008869,0.5004577167189918,0.32011614055668336,0.17216324310715617,0.0
Shh_Ptch1_Smo,1.0,0.42848351538126694,0.16173797063546472,0.0636014162014759,0.021785658897435542,0.0055739539705038236,0.0
Shh_Ptch2_Smo,1.0,0.4642992710703802,0.18012481742670117,0.07128021562744132,0.022534178000949867,0.004569909232780865,0.0
Siglec1_Spn,1.0,0.9759513780372464,0.6979337150172598,0.5415645876129399,0.2660663872707263,0.18723274232106205,0.0
Slurp1_Chrna1,1.0,0.5915079894664063,0.28124570715776875,0.1592153464820368,0.07940745482784399,0.04541755539532405,0.0
Slurp1_Chrna2,1.0,0.871555199544509,0.6163866449059247,0.49579185429979333,0.29176959898441185,0.22384161985597023,0.0
Slurp1_Chrna3,0.5621800765280551,1.0,0.7644538938253262,0.5749570680127354,0.3193562908034961,0.18870764032554055,0.0
Slurp1_Chrna4,0.0,1.0,0.9535969508599704,0.8453954441351816,0.589838327785364,0.5428315712030468,0.3314996884895831
Slurp1_Chrna5,0.882375571745415,1.0,0.6533906167978625,0.44374145664562653,0.2407718638729502,0.13512910641445064,0.0
Slurp1_Chrna6,0.978031584160728,1.0,0.5040331906914715,0.22351572254687874,0.0,0.06412957170759351,0.08932437766690769
Slurp1_Chrna7,1.0,0.6101725579961628,0.2931422881305432,0.14050113808678036,0.05176479249948913,0.022872790390349892,0.0
Slurp1_Chrna9,1.0,0.5423357692047679,0.2357824293843868,0.09212349098326544,0.007695870771425402,0.009370473406912268,0.0
Slurp1_Chrnb1,1.0,0.547751690829245,0.2452026153758149,0.12376238441715758,0.05346909115530398,0.02892528201136545,0.0
Slurp1_Chrnb2,0.0,1.0,0.9996496140870488,0.9239117936009192,0.726346951619481,0.6772421528391702,0.5049905159433108
Slurp1_Chrnb3,1.0,0.7538367721456696,0.34866995740462275,0.14597074177702488,0.0,0.10249363224951241,0.12984011919569938
Slurp1_Chrnb4,1.0,0.6868863567513701,0.3512578289107431,0.18225137725199708,0.05679176848300982,0.03135022247083073,0.0
Slurp1_Chrnd,1.0,0.5724449020353952,0.2469013553443477,0.12341183507666642,0.047982804605120784,0.03277922608288911,0.0
Slurp1_Chrne,1.0,0.682888819345542,0.39210402467782546,0.24726384680386534,0.12195235143392093,0.08558958526240273,0.0
Slurp1_Chrng,1.0,0.5661373302610683,0.24668704468086103,0.12316966550689261,0.04716315532960536,0.0306652944824543,0.0
Slurp2_Chrna1,1.0,0.5374522719149853,0.2325018283731255,0.13145410891265663,0.07332373752192035,0.03264082192122097,0.0
Slurp2_Chrna2,0.7630803198403519,1.0,0.7308059900009327,0.5753585621794821,0.39179992884149745,0.2032251955757209,0.0
Slurp2_Chrna3,0.6909197552709555,1.0,0.6968669402493495,0.5063377839882763,0.32405033762180685,0.15194059129288862,0.0
Slurp2_Chrna4,0.41768724255623574,1.0,0.7507245570647946,0.576242277175541,0.37512481567209416,0.18683115237041378,0.0
Slurp2_Chrna5,1.0,0.9944395803371855,0.6141877285952819,0.4139896349638022,0.2555443327701954,0.11675439136888692,0.0
Slurp2_Chrna6,1.0,0.9526326283283632,0.5351524649515259,0.3284785188716016,0.17632001584422746,0.07726086900561618,0.0
Slurp2_Chrna7,1.0,0.6782944519432168,0.3342537842959707,0.1836342649083314,0.09918149067287754,0.04108427053885577,0.0
Slurp2_Chrna9,1.0,0.656938758736031,0.310638880473395,0.1637143162650207,0.08091007303203754,0.03415110157286049,0.0
Slurp2_Chrnb1,1.0,0.5295064019753146,0.2204092282721566,0.11565696032422672,0.06057024120089859,0.02559054640686123,0.0
Slurp2_Chrnb2,0.37720855966625394,1.0,0.7583112123542693,0.5856124186601913,0.3855226289157872,0.19154460559613096,0.0
Slurp2_Chrnb3,1.0,0.9134902652399695,0.49021490360741954,0.2907515878733993,0.1536975105606828,0.07273408414712694,0.0
Slurp2_Chrnb4,1.0,0.7926697015932255,0.4260604126148046,0.25011422446141085,0.13214459927040936,0.05636456818441747,0.0
Slurp2_Chrnd,1.0,0.5345782818758436,0.22094269104416378,0.1200629323707978,0.0653841950722922,0.02935128608952846,0.0
Slurp2_Chrne,1.0,0.779542034841962,0.4581731027748252,0.2994892061130534,0.17850311451826337,0.08818382442789957,0.0
Slurp2_Chrng,1.0,0.5301629113537059,0.2181699989655036,0.11664108618076684,0.06132947735879524,0.02697557463069785,0.0
Spp1_Cd44,0.0,0.614765203886883,0.802160279406562,1.0,0.9109670032317123,0.7147900194112767,0.25658372906219384
Spp1_Itga4_Itgb1,1.0,0.6383092162581471,0.3351777661013482,0.20580209841840905,0.10857288920400325,0.05752645750540558,0.0
Spp1_Itga5_Itgb1,1.0,0.6588610823511541,0.3687685966829608,0.23212960464756666,0.12910515395263872,0.06866558447101005,0.0
Spp1_Itga8_Itgb1,1.0,0.6440788855103442,0.3553193189360768,0.2202448378969781,0.12527068775181716,0.06621657735915286,0.0
Spp1_Itga9_Itgb1,1.0,0.6389672464031455,0.3427313801171499,0.20269094485508968,0.11005545641727438,0.05432144618334095,0.0
Spp1_Itgav_Itgb1,1.0,0.7007957384177381,0.4036017047831218,0.25788634944405,0.14786810210962098,0.0786612568508346,0.0
Spp1_Itgav_Itgb3,1.0,0.7482929051928914,0.47107748121300563,0.33637785938457354,0.18967409036005323,0.1159829681080733,0.0
Spp1_Itgav_Itgb5,1.0,0.7008927268313563,0.40451879016103376,0.25908421784786023,0.14885677686564963,0.07913556132417554,0.0
Spp1_Itgav_Itgb6,1.0,0.5933340411450734,0.2715297905805162,0.14487618475825767,0.07115772469673483,0.03409945164202966,0.0
Sst_Sstr1,0.5300012699897223,1.0,0.9128043104142327,0.8408949547538349,0.6263461774117423,0.32107085576099603,0.0
Sst_Sstr2,0.8860051940773805,1.0,0.813528870949142,0.6648027993867949,0.44334202935394623,0.2169496009680437,0.0
Sst_Sstr3,0.503726181225434,1.0,0.9770887765989947,0.9014294332443518,0.6487982179450805,0.3351625898956752,0.0
Sst_Sstr4,1.0,0.8106950958227562,0.4848037834217053,0.33009519277323063,0.19704816715413964,0.09432754445452599,0.0
Sst_Sstr5,0.5508169771171809,1.0,0.8652827864452898,0.7222315666892328,0.49708275576795213,0.2560993432760277,0.0
Tac1_Tacr1,0.5446480574264061,1.0,0.7880790156156642,0.6319585617489751,0.44598934436063425,0.22948142099849642,0.0
Tac1_Tacr2,0.8907911956019895,1.0,0.6957968227140572,0.5031531677657961,0.31443679695973725,0.16663720335382307,0.0
Tac2_Tacr3,0.8529592983176645,1.0,0.8471820208103028,0.7380958561225309,0.49101868985787717,0.30065072962921047,0.0
Tac4_Tacr1,1.0,0.5084716886121597,0.19596335902964937,0.07752908784111297,0.02784859151536935,0.0067611427940792185,0.0
Tgfa_Egfr,1.0,0.7432676596510891,0.37017058618154125,0.19901618190266226,0.1039665436883916,0.04494359601104567,0.0
Tgfa_Egfr_Erbb2,0.9363296377367633,1.0,0.614298953471451,0.3584738692794161,0.19105572773343352,0.08295266047086419,0.0
Tgfb1_Acvr1_Tgfbr1_Tgfbr2,1.0,0.47690586010670305,0.20836590627564977,0.10333591431186744,0.04813159083935526,0.022404140673794176,0.0
Tgfb1_Acvr1b_Tgfbr2,1.0,0.5851641043045481,0.29852624092517305,0.17113554361543662,0.08764457456899642,0.045663752524683895,0.0
Tgfb1_Acvr1c_Tgfbr2,1.0,0.5319655773569015,0.2610153932858533,0.1381088225950792,0.05912593676672769,0.03549195876860051,0.0
Tgfb1_Tgfbr1_Tgfbr2,1.0,0.49420781302310973,0.22589028298468983,0.1219847587765179,0.06082130269852865,0.030089452608177063,0.0
Tgfb2_Acvr1_Tgfbr1_Tgfbr2,1.0,0.38534779287201976,0.14177192105689215,0.06050294753050572,0.027464099122855613,0.010561430880533585,0.0
Tgfb2_Acvr1b_Tgfbr2,1.0,0.4969854402466334,0.21565414622027915,0.10512043500886933,0.05204753194503926,0.021886530615267207,0.0
Tgfb2_Acvr1c_Tgfbr2,1.0,0.48994998789113087,0.2121707715165847,0.0986865695438128,0.043731547984517026,0.019516566058464836,0.0
Tgfb2_Tgfbr1_Tgfbr2,1.0,0.40471937741552727,0.15558406583832077,0.07155615225026163,0.03425409996267554,0.013998241663500645,0.0
Tgfb3_Acvr1_Tgfbr1_Tgfbr2,1.0,0.42729074260185257,0.1701268351519303,0.079965901477517,0.03864499937381189,0.016126535694084992,0.0
Tgfb3_Acvr1b_Tgfbr2,1.0,0.5565452227343242,0.2626633001314195,0.14277509027789684,0.07622302338702802,0.035001971739740435,0.0
Tgfb3_Acvr1c_Tgfbr2,1.0,0.5590542196102385,0.26281686259413223,0.13703008120701293,0.06614659037790825,0.033058767324267456,0.0
Tgfb3_Tgfbr1_Tgfbr2,1.0,0.44788495096725484,0.18608918303346778,0.09464472956962053,0.04838390332134872,0.02134645017009177,0.0
Thbs1_Cd36,1.0,0.5539985062262561,0.27847291336806373,0.16665305447980078,0.08771441297705755,0.05228024895222752,0.0
Thbs1_Cd47,1.0,0.5852440353542652,0.3091407436997591,0.18186632555020169,0.09666683331670388,0.04876467192385896,0.0
Thbs1_Itga3_Itgb1,1.0,0.512702945600595,0.2389805242193471,0.1203719706661451,0.057811428278026704,0.02600375434272341,0.0
Thbs1_Itgav_Itgb3,1.0,0.547664893631203,0.2714358253878268,0.15256137434757916,0.07455456838310265,0.04030474930730375,0.0
Thbs1_Sdc1,1.0,0.48698917466522534,0.22463240254212244,0.11121483306705451,0.05708658103507071,0.023488189198076034,0.0
Thbs1_Sdc4,1.0,0.6104940390084419,0.33196677897561466,0.19068065798038739,0.10433022427611244,0.051135520982402524,0.0
Thbs2_Cd36,1.0,0.5845566167056325,0.3062114798444282,0.2048082622405197,0.11467069797741233,0.07438156256342277,0.0
Thbs2_Cd47,1.0,0.6733851373653993,0.3899756412687702,0.2645601961369206,0.1551753587874296,0.08598605085950736,0.0
Thbs2_Itga3_Itgb1,1.0,0.5813774817215528,0.29245894665269745,0.16951699754087435,0.08833397827614224,0.04553355396933492,0.0
Thbs2_Itgav_Itgb3,1.0,0.6030649098334597,0.32063297221280374,0.20799588585241585,0.11063647797368988,0.06716953516417094,0.0
Thbs2_Sdc1,1.0,0.5587024039683638,0.27671585845661995,0.15675649341749684,0.08540488472782315,0.04036153594633991,0.0
Thbs2_Sdc4,1.0,0.7401128393688925,0.4437974123999962,0.30131255374437305,0.1789418833647481,0.10033876326190727,0.0
Thbs3_Cd36,1.0,0.6598068811544561,0.3672863950425482,0.2469687218510575,0.14068257726497124,0.08758918820834204,0.0
Thbs3_Cd47,1.0,0.763527290198017,0.46032561362896063,0.3111507644325363,0.18003738053116677,0.0965364515465825,0.0
Thbs3_Itga3_Itgb1,1.0,0.6422733644031393,0.33449093083732084,0.19328506137368406,0.10023973952970786,0.04943244866199153,0.0
Thbs3_Itgav_Itgb3,1.0,0.688229185110782,0.3848194731043326,0.2481985027354397,0.13215669811107617,0.07705752201136763,0.0
Thbs3_Sdc1,1.0,0.6269683351826135,0.3216507987977401,0.18165235443287564,0.0983594139582364,0.045022985955054266,0.0
Thbs3_Sdc4,1.0,0.8454868363082323,0.5315375391589743,0.3607110830380126,0.21323735537238317,0.1157981554163582,0.0
Thbs4_Cd36,1.0,0.4053427180344329,0.1848022704854618,0.11213934514045808,0.059625993781482145,0.03912022699860579,0.0
Thbs4_Cd47,1.0,0.5619764848316876,0.2877732773697311,0.18436061794810632,0.10606270781325629,0.060623871354964165,0.0
Thbs4_Itga3_Itgb1,1.0,0.47709421508119465,0.21585418741813034,0.12079118538937197,0.06254989557309688,0.03375919656099311,0.0
Thbs4_Itgav_Itgb3,1.0,0.5028548522953272,0.24474916189033952,0.1506597702232393,0.07945283107705116,0.05039459171979902,0.0
Thbs4_Sdc1,1.0,0.47603192058669874,0.2078270428510168,0.11375610388641662,0.06033682108011723,0.029997218052583985,0.0
Thbs4_Sdc4,1.0,0.6176454960561569,0.3287630703149338,0.21230297668993914,0.12165385378665164,0.07098912644112275,0.0
Thpo_Mpl,1.0,0.6241225430361558,0.2796689194407179,0.13500724402637862,0.04001736435966554,0.020427110587051413,0.0
Thy1_Itgam_Itgb2,1.0,0.8244606192313318,0.5432285076378353,0.4105517361231484,0.2526386025342712,0.15189478574108684,0.0
Thy1_Itgav_Itgb3,1.0,0.7543495693128631,0.4532584541015742,0.32786543723234995,0.18530481379149719,0.12660005380739114,0.0
Thy1_Itgax_Itgb2,1.0,0.8293792635679736,0.5315234489900321,0.38398488875376113,0.23103768755425919,0.13829763784357568,0.0
Tigit_Nectin2,1.0,0.44758833659244396,0.17264506546553632,0.07026708536738939,0.02474383564522526,0.00891028285869073,0.0
Tigit_Pvr,1.0,0.4258152685519969,0.15967561765422456,0.06363466165339679,0.021730767718829588,0.008288810565548437,0.0
Tnc_Itga2b_Itgb3,1.0,0.5706046427515596,0.29556919780227286,0.1758134069742035,0.09572657765210668,0.05316832051516644,0.0
Tnc_Itga8_Itgb1,1.0,0.4781567527483866,0.22223888870204245,0.11594179759503932,0.06310826682136456,0.02911276424876791,0.0
Tnc_Itga9_Itgb1,1.0,0.4625963643937902,0.20236324213684986,0.10025209351985881,0.0517076719782892,0.022570903820902655,0.0
Tnc_Itgav_Itgb3,1.0,0.5698795063502674,0.29513710612121985,0.17550538346819217,0.09551000658626925,0.05298987649944998,0.0
Tnc_Itgav_Itgb6,1.0,0.4231003296618267,0.15435820068601838,0.069132768442486,0.032300315592922464,0.01329902093412602,0.0
Tnc_Sdc1,1.0,0.5110317677254035,0.2442788755370108,0.128102065780599,0.07080744069223827,0.030774009115254526,0.0
Tnc_Sdc4,1.0,0.6489282229960154,0.3694119414507356,0.22529966971798665,0.1340956514226516,0.06796733274399477,0.0
Tnfsf10_Tnfrsf10b,1.0,0.5432333959156723,0.24657320502951394,0.12381584970204788,0.05569579134247692,0.02748040247104019,0.0
Tnfsf11_Tnfrsf11a,1.0,0.5821343815888969,0.28743926500115846,0.1607396791976131,0.08468202790690131,0.03901591528471602,0.0
Tnfsf11_Tnfrsf11b,1.0,0.5283245580374517,0.2501547657726103,0.1365751932314667,0.0703056080781487,0.03198533052626517,0.0
Tnfsf12_Tnfrsf12a,1.0,0.5045453225632764,0.2680363714319726,0.16618043611157318,0.08934886239200623,0.055040289941361634,0.0
Tnfsf13b_Tnfrsf13b,1.0,0.557293338779886,0.2648626342568045,0.14728299123141506,0.07521104639188493,0.03646406862694615,0.0
Tnfsf13b_Tnfrsf13c,1.0,0.5286065601275796,0.23584137825354531,0.12151795867506189,0.05809085453016427,0.02554494759874244,0.0
Tnfsf13b_Tnfrsf17,1.0,0.49991054730645634,0.21606875616378865,0.1109407162993562,0.05430906665099326,0.024224019906855358,0.0
Tnfsf14_Ltbr,1.0,0.599585643139035,0.32776380814479766,0.20203161599717845,0.10547429209136037,0.05899097249215773,0.0
Tnfsf14_Tnfrsf14,1.0,0.628696727977778,0.33609412513555237,0.19933669156389705,0.07187995961276347,0.05155618910903347,0.0
Tnfsf15_Tnfrsf25,1.0,0.5434306529584585,0.20897392518498978,0.0759309791052836,0.007719057543437592,0.002520293977567068,0.0
Tnfsf18_Tnfrsf18,1.0,0.4745533682843536,0.19592269172507798,0.09593211194581201,0.04632101634911035,0.022379594441162647,0.0
Tnfsf4_Tnfrsf4,1.0,0.6354388099735949,0.298354240033011,0.15030381082852196,0.060725795524687036,0.031573793871908395,0.0
Tnfsf8_Tnfrsf8,1.0,0.6796071981224701,0.2557257549637755,0.0813384151163808,0.0,0.021083155586698942,0.0666291373186455
Tnfsf9_Tnfrsf9,1.0,0.5287326359778688,0.2437235317052699,0.12437594593891592,0.0604242000926109,0.025963851244770197,0.0
Tnn_Itga2b_Itgb3,1.0,0.623791665394804,0.3220099210296411,0.18434145523075796,0.08656242817563495,0.04816441426371731,0.0
Tnn_Itga8_Itgb1,1.0,0.5189239425548192,0.24576341685350264,0.12203361367648118,0.06017372742913975,0.025952094049424557,0.0
Tnn_Itga9_Itgb1,1.0,0.5059505858787798,0.22864335837328378,0.10870037325887026,0.050511361004099316,0.019963736053216986,0.0
Tnn_Itgav_Itgb3,1.0,0.6226257887017022,0.3213443987858241,0.18389987925239526,0.08629748747441066,0.04794728493669807,0.0
Tnn_Itgav_Itgb6,1.0,0.5093787881839403,0.19267091128412256,0.08014187413854065,0.029320451658311063,0.008801355099224795,0.0
Tnn_Sdc1,1.0,0.5556417330253426,0.2744315275840918,0.13939392169270345,0.0715661808303533,0.02890998006786372,0.0
Tnn_Sdc4,1.0,0.7160792270451573,0.4185829378171906,0.2489462479521393,0.1376251983439773,0.06834590292740597,0.0
Tnr_Itga2b_Itgb3,0.9044757958783576,1.0,0.6154368765340369,0.42759615868267037,0.2269091825562729,0.1348142728701128,0.0
Tnr_Itga8_Itgb1,1.0,0.8771125585367205,0.47724851306419275,0.27634165041670844,0.14263483864780752,0.0680040022774975,0.0
Tnr_Itga9_Itgb1,1.0,0.8802589630267001,0.4619651850797644,0.25400448139496357,0.12580129985106597,0.0530582209262578,0.0
Tnr_Itgav_Itgb3,0.9077054988894339,1.0,0.6146853014142957,0.4264622690086589,0.22541570763798482,0.13310040393478742,0.0
Tnr_Itgav_Itgb6,1.0,0.8789154920324004,0.3589018369115735,0.15521253615483965,0.06344939124790466,0.013128973918638792,0.0
Tnr_Sdc1,1.0,0.9895372009875428,0.577380234041325,0.34711931961962966,0.18847228428212504,0.083137811294125,0.0
Tnr_Sdc4,0.3947403641850637,1.0,0.7660183506608245,0.5999299557297776,0.3771195797291596,0.216210195162871,0.0
Tnxb_Itga2b_Itgb3,1.0,0.5472041852062737,0.27966101359332873,0.18835881493196416,0.0904006682983164,0.07117103988655875,0.0
Tnxb_Itga8_Itgb1,1.0,0.5042279816117174,0.22355771410907366,0.13250808582524326,0.06482853668539214,0.04229029810863117,0.0
Tnxb_Itga9_Itgb1,1.0,0.5068131423655703,0.22102130422430338,0.12305916956798657,0.058204517286909674,0.033361198218900275,0.0
Tnxb_Itgav_Itgb3,1.0,0.5461589826165902,0.2789759420454463,0.18779236081892947,0.089980844944465,0.0707609301865562,0.0
Tnxb_Itgav_Itgb6,1.0,0.4001181345309038,0.14295316032665975,0.06567917320477536,0.025531149635852367,0.01279229491840866,0.0
Tnxb_Sdc1,1.0,0.5646725455721533,0.26659975339672237,0.15996522896451018,0.08087869327253625,0.04773413640806096,0.0
Tnxb_Sdc4,1.0,0.7547699787466414,0.43962360058660704,0.3285602987227336,0.18235096258905611,0.1333184261127054,0.0
Trh_Trhr,1.0,0.7193474016259662,0.4144657886499938,0.27824191658454406,0.16482569812290565,0.07875827381918463,0.0
Try10_F2r,1.0,0.593917410072301,0.29066055156770776,0.16330736599429724,0.0787457311350852,0.04006764213401168,0.0
Try10_F2rl1,1.0,0.7067163165378781,0.3356369909542575,0.2007302723558847,0.09215228636595876,0.05492160103479521,0.0
Try10_F2rl2,1.0,0.5297100462375418,0.23669552098951446,0.11527794735563113,0.034677109619775506,0.016474902291560508,0.0
Try10_F2rl3,1.0,0.6334240654122788,0.3177586776188202,0.1839977423131258,0.08279531621986104,0.04749299827577727,0.0
Try10_Pard3,1.0,0.4790171234184835,0.18592582826811732,0.07748400457767828,0.028021234537370855,0.00801134324155886,0.0
Try5_F2r,1.0,0.5181958969959696,0.24497942973170694,0.1431882359631923,0.07489208697242608,0.03819961040502004,0.0
Try5_F2rl1,1.0,0.563739187492089,0.27524683442570613,0.17980969604361133,0.10164567280915797,0.0583012576564077,0.0
Try5_F2rl2,1.0,0.4838711302741978,0.21857717629372475,0.1190415192217095,0.0510707366134239,0.026779115093851384,0.0
Try5_F2rl3,1.0,0.5696686975826648,0.2862909741911902,0.17833357304462824,0.09471658016233825,0.052858280777294986,0.0
Try5_Pard3,1.0,0.40193524814143905,0.14904501812724305,0.06756026160958449,0.029198369899251227,0.011522777656800076,0.0
Tshb_Tshr,1.0,0.5660678524711802,0.2193046320264814,0.08480919166184832,0.019429680449088042,0.0,0.0015176582206574902
Tslp_Il7r_Crlf2,1.0,0.6148350745398724,0.31907658665504346,0.20324951242953804,0.11744886260769358,0.06360460184961275,0.0
Ucn_Crhr1,0.8260849774003854,1.0,0.6561835983999097,0.5012254016718459,0.2945675434956924,0.17576260901743737,0.0
Ucn_Crhr2,1.0,0.40228221739004966,0.21195169524841984,0.12621161432996705,0.058488416917824214,0.04696310453501709,0.0
Ucn2_Crhr1,0.0,1.0,0.8723849538911016,0.7397314426577087,0.5324690955217883,0.3623155861985328,0.10460759577361316
Ucn2_Crhr2,1.0,0.6349419643507728,0.3951346500269846,0.25417443999831607,0.1315290096147488,0.11467205417873863,0.0
Uts2b_Sstr5,1.0,0.9265112240406466,0.6178150298825075,0.4242020752297743,0.2581470675490113,0.13068756672659385,0.0
Uts2b_Uts2r,1.0,0.581959445507776,0.27409170311562325,0.14249750933418312,0.07222076592414352,0.031435980683408866,0.0
Vegfa_Flt1,1.0,0.475730041158759,0.20784621587047758,0.10261717047291555,0.046348331613799414,0.024274415894996636,0.0
Vegfa_Flt1_Kdr,1.0,0.475730041158759,0.20784621587047758,0.10261717047291555,0.046348331613799414,0.024274415894996636,0.0
Vegfa_Kdr,1.0,0.5173458941506146,0.24365471287381124,0.13277203356210257,0.0662253685055033,0.0360632520531583,0.0
Vegfb_Flt1,1.0,0.492291413227189,0.23343909978076305,0.12524744503179655,0.061958980267635876,0.033553930880600796,0.0
Vegfc_Flt4,1.0,0.42886563777212977,0.17260097126472013,0.07847211574720352,0.03351806606913625,0.015214205407799927,0.0
Vegfc_Flt4_Kdr,1.0,0.42886563777212977,0.17260097126472013,0.07847211574720352,0.03351806606913625,0.015214205407799927,0.0
Vegfc_Kdr,1.0,0.4509855018400682,0.18788607657041306,0.08953215069803892,0.04007900210177976,0.018974781504073793,0.0
Vegfd_Flt4,1.0,0.5645389348613692,0.27166540362113784,0.15410655360658898,0.07358966572873465,0.04334844149000956,0.0
Vegfd_Flt4_Kdr,1.0,0.5645389348613692,0.27166540362113784,0.15410655360658898,0.07358966572873465,0.04334844149000956,0.0
Vegfd_Kdr,1.0,0.589013037385375,0.2914122769304269,0.17526516582207655,0.08978325646980875,0.05563813528072646,0.0
Vsir_Igsf11,1.0,0.7779046591485562,0.4618787384770355,0.3119685722097896,0.18609990016676303,0.0997275421840873,0.0
Vtn_Itga2b_Itgb3,1.0,0.6543551364156937,0.3513433374509957,0.23254729435731847,0.08612198841022499,0.07088278522553458,0.0
Vtn_Itga8_Itgb1,1.0,0.5834069793284063,0.28088413953177205,0.16463835447464883,0.06500781494210083,0.04153063850776629,0.0
Vtn_Itgav_Itgb1,1.0,0.6421717156857092,0.31914383875543345,0.18906128415528095,0.07547657548399946,0.04873961507630164,0.0
Vtn_Itgav_Itgb3,1.0,0.6538130914145925,0.35084794128404023,0.2320674890424772,0.0856780117408216,0.07042683425223094,0.0
Vtn_Itgav_Itgb5,1.0,0.6421072442771087,0.32028282385505275,0.19062921385008275,0.07672310802542454,0.04942737435299081,0.0
Vtn_Itgav_Itgb8,1.0,0.6230201502420502,0.33103723576196437,0.18902426809008196,0.08566046283168297,0.04025491658575861,0.0
Vwf_Gp1ba_Gp1bb_Gp5_Gp9,1.0,0.4992777482177795,0.2566895401664083,0.14538640906470207,0.06330834740802055,0.042839304657249166,0.0
Vwf_Itga2b_Itgb3,1.0,0.5067886201224708,0.24541691671289392,0.13860370415594578,0.0599518616276881,0.041449803269951645,0.0
Vwf_Itgav_Itgb3,1.0,0.5063931205376832,0.2451406757244888,0.1383738748367738,0.059768759066692156,0.041263689789933805,0.0
Wnt1_Fzd10_Lrp5,1.0,0.4332159444368224,0.16042253727906358,0.05947693606839889,0.017891599636165958,0.00158177132500745,0.0
Wnt1_Fzd10_Lrp6,1.0,0.43671413654016833,0.16740609574685247,0.06786093532475948,0.023486800523548467,0.00466315288961919,0.0
Wnt1_Fzd1_Lrp5,1.0,0.4182549580469125,0.1519457280860674,0.05598338700682511,0.017084390422136143,0.0029446790729154146,0.0
Wnt1_Fzd1_Lrp6,1.0,0.47892235489197055,0.20671109535254362,0.09733542716038897,0.041876481559446906,0.016237345274296645,0.0
Wnt1_Fzd2_Lrp5,1.0,0.4173078055901726,0.15160164186095754,0.0558566107390966,0.017045702243911574,0.0029380107478553935,0.0
Wnt1_Fzd2_Lrp6,1.0,0.4573719565892874,0.17465928174267004,0.0702287641809035,0.026973513019952537,0.0077392964160182525,0.0
Wnt1_Fzd3_Lrp5,1.0,0.4173078055901726,0.15160164186095754,0.0558566107390966,0.017045702243911574,0.0029380107478553935,0.0
Wnt1_Fzd3_Lrp6,1.0,0.5212610002412685,0.21843971734930673,0.09226845393208295,0.0354950781057805,0.010329182423738025,0.0
Wnt1_Fzd4_Lrp5,1.0,0.46434944287389157,0.18899475081509615,0.0832389589101161,0.03263525844772493,0.012001641332311068,0.0
Wnt1_Fzd4_Lrp6,1.0,0.4641161864689889,0.18864201894725102,0.0849835493027143,0.034095882630221876,0.013408711732182383,0.0
Wnt1_Fzd5_Lrp5,1.0,0.49693307456380426,0.2171725313036908,0.09848673259977303,0.03193698553573321,0.011804618155360993,0.0
Wnt1_Fzd5_Lrp6,1.0,0.49693307456380426,0.2171725313036908,0.09848673259977303,0.03193698553573321,0.011804618155360993,0.0
Wnt1_Fzd6_Lrp5,1.0,0.4967312101142511,0.22167474670313117,0.09520396933851474,0.03104745897192474,0.0059395370096369925,0.0
Wnt1_Fzd6_Lrp6,1.0,0.48556329621595984,0.20754183083665978,0.09607206372712947,0.036205197005959464,0.013028584057074815,0.0
Wnt1_Fzd7_Lrp5,1.0,0.41839239502469605,0.15223474394473124,0.05608987296645356,0.01711688662870804,0.0029502801448341065,0.0
Wnt1_Fzd7_Lrp6,1.0,0.4338835889696855,0.1641929394787188,0.06449029492503554,0.021416514375628425,0.004898507975807288,0.0
Wnt1_Fzd8_Lrp5,1.0,0.47607882190749873,0.1882138159359282,0.07970033417780836,0.02957176457242708,0.009848421665234235,0.0
Wnt1_Fzd8_Lrp6,1.0,0.4771730473518203,0.19298408826225505,0.08555288662204606,0.035392349062920075,0.012829189002005038,0.0
Wnt1_Fzd9_Lrp5,1.0,0.5739635811545281,0.2672372598728555,0.12866353976470749,0.05551388893195117,0.023095563704549946,0.0
Wnt1_Fzd9_Lrp6,1.0,0.5737786249424537,0.27654933616704286,0.14424207262023192,0.07116822232439947,0.03078495727814914,0.0
Wnt10a_Fzd10_Lrp5,1.0,0.5625008277752656,0.24568335768135163,0.10194523370323767,0.04231492519544343,0.008014485236030664,0.0
Wnt10a_Fzd10_Lrp6,1.0,0.5546608913040403,0.24448349348888407,0.1089519875385039,0.04912958897044328,0.012627131765072014,0.0
Wnt10a_Fzd1_Lrp5,1.0,0.5361484068743815,0.2299692378680234,0.09374519600302934,0.03647962980140692,0.008515927849796164,0.0
Wnt10a_Fzd1_Lrp6,1.0,0.6190795602688363,0.31452620281710536,0.16561368870012616,0.0859467417402708,0.03671302136472891,0.0
Wnt10a_Fzd2_Lrp5,1.0,0.5359542518985465,0.22988595929953642,0.09371124813331409,0.03646641946346364,0.008512843983939826,0.0
Wnt10a_Fzd2_Lrp6,1.0,0.5833010479107362,0.2639611736980641,0.11762736781023281,0.055127144039462256,0.017852384842117663,0.0
Wnt10a_Fzd3_Lrp5,1.0,0.5359542518985465,0.22988595929953642,0.09371124813331409,0.03646641946346364,0.008512843983939826,0.0
Wnt10a_Fzd3_Lrp6,1.0,0.6970781120425807,0.3550279388597002,0.1692105355281238,0.08010744737884751,0.026518985709458133,0.0
Wnt10a_Fzd4_Lrp5,1.0,0.5974031648118586,0.28505744959067814,0.14124149550034648,0.06645746041334079,0.027613744959447458,0.0
Wnt10a_Fzd4_Lrp6,1.0,0.5969671971642111,0.284284096195904,0.1440796973563629,0.06980614377200522,0.031091766541562548,0.0
Wnt10a_Fzd5_Lrp5,1.0,0.6197013565548833,0.2951980140345577,0.14246791507195122,0.056256247610210586,0.026793115875260533,0.0
Wnt10a_Fzd5_Lrp6,1.0,0.6197013565548833,0.2951980140345577,0.14246791507195122,0.056256247610210586,0.026793115875260533,0.0
Wnt10a_Fzd6_Lrp5,1.0,0.659117739964658,0.3452970361454493,0.16937570067475533,0.07476462769654942,0.02115203687004581,0.0
Wnt10a_Fzd6_Lrp6,1.0,0.643303024556525,0.3199984431043514,0.16922308466123437,0.08546299743561679,0.03860260536253361,0.0
Wnt10a_Fzd7_Lrp5,1.0,0.5360573156449718,0.2300389433090197,0.09377361089142597,0.03649068705717844,0.008518509092886612,0.0
Wnt10a_Fzd7_Lrp6,1.0,0.5577273538399232,0.2482199850416547,0.10830988138484926,0.04524260818870165,0.0130304988827731,0.0
Wnt10a_Fzd8_Lrp5,1.0,0.6050932477240768,0.2795801788397805,0.13223963026489957,0.058304961673066265,0.022187404796990894,0.0
Wnt10a_Fzd8_Lrp6,1.0,0.6070038598915297,0.28901531736838976,0.14461536270157424,0.07092121895233824,0.02866891176226933,0.0
Wnt10a_Fzd9_Lrp5,1.0,0.7527023087457247,0.4271283075364202,0.2418311735047479,0.13275052090693873,0.0615553754887456,0.0
Wnt10a_Fzd9_Lrp6,1.0,0.7524501818957856,0.43469281029312956,0.2592655858760755,0.155639308438003,0.07357858963973316,0.0
Wnt10b_Fzd10_Lrp5,1.0,0.6265273177313103,0.27707962903486744,0.10521243161457935,0.03515929413277372,0.0,0.0013037580511471819
Wnt10b_Fzd10_Lrp6,1.0,0.6104152760567725,0.26794631400805785,0.10845248431548819,0.04048321146281541,0.003945518482554313,0.0
Wnt10b_Fzd1_Lrp5,1.0,0.6110480229323197,0.27271482860521473,0.10839210610015904,0.036695566513118734,0.0054183031556212236,0.0
Wnt10b_Fzd1_Lrp6,1.0,0.7065508920574288,0.3770399871033758,0.20246648130374414,0.10337594302428936,0.04669785842135605,0.0
Wnt10b_Fzd2_Lrp5,1.0,0.6106425562616487,0.2725338661121744,0.10832018149728322,0.03667121682434785,0.005414707789530922,0.0
Wnt10b_Fzd2_Lrp6,1.0,0.6694680580153392,0.31739208447180506,0.14128133869207363,0.06402479151536805,0.01967076467787833,0.0
Wnt10b_Fzd3_Lrp5,1.0,0.6106425562616487,0.2725338661121744,0.10832018149728322,0.03667121682434785,0.005414707789530922,0.0
Wnt10b_Fzd3_Lrp6,1.0,0.8165780307555344,0.442040494996954,0.21162229724790704,0.09647656579090576,0.03033146585198616,0.0
Wnt10b_Fzd4_Lrp5,1.0,0.6950769102561546,0.34715141218848555,0.17265073290494118,0.07642158951929003,0.033368297990063404,0.0
Wnt10b_Fzd4_Lrp6,1.0,0.694438612229985,0.34578606542603446,0.17746959863733838,0.0821915894138368,0.03983890549449527,0.0
Wnt10b_Fzd5_Lrp5,1.0,0.7114659515514364,0.3343104648141873,0.1500932317113716,0.03516593970222325,0.022872662145262356,0.0
Wnt10b_Fzd5_Lrp6,1.0,0.7114659515514364,0.3343104648141873,0.1500932317113716,0.03516593970222325,0.022872662145262356,0.0
Wnt10b_Fzd6_Lrp5,1.0,0.7448867604612529,0.3991674300459869,0.1848450189117028,0.06606187995642944,0.01064284300322577,0.0
Wnt10b_Fzd6_Lrp6,1.0,0.7216035122727205,0.35261552051497896,0.17399777244966289,0.07340320858586824,0.038084895982161526,0.0
Wnt10b_Fzd7_Lrp5,1.0,0.6109615087056743,0.2728663809412829,0.10845234146387155,0.03671595887262794,0.005421314200179966,0.0
Wnt10b_Fzd7_Lrp6,1.0,0.6330720311450797,0.2914694261942446,0.12394466021720052,0.04579654528994953,0.010612172240247107,0.0
Wnt10b_Fzd8_Lrp5,1.0,0.7071861092936932,0.3418645668125428,0.16163002033515256,0.06635248128561196,0.025496265183661587,0.0
Wnt10b_Fzd8_Lrp6,1.0,0.7096505279157171,0.3553661896449506,0.18096608315135448,0.08692911594904096,0.036651143446932676,0.0
Wnt10b_Fzd9_Lrp5,1.0,0.9070919592009896,0.5503106945808538,0.32345137689847486,0.17762669751457005,0.08924319259870533,0.0
Wnt10b_Fzd9_Lrp6,1.0,0.9069083669405276,0.5588655853212299,0.3469553467587791,0.21320997092479912,0.10899291900502499,0.0
Wnt11_Fzd1,1.0,0.4515439483252588,0.19297526642756557,0.0941528629978071,0.046354738110829984,0.019789881986033233,0.0
Wnt11_Fzd10,1.0,0.4557551106821625,0.18803997435766406,0.08423263934095078,0.03993263347944069,0.014859028019161395,0.0
Wnt11_Fzd2,1.0,0.44072542809272514,0.1801101271076055,0.08346121666447931,0.03944408470348843,0.016016971336686513,0.0
Wnt11_Fzd3,1.0,0.5329443333994562,0.24205844120403724,0.12444630469936711,0.06459534558518161,0.02760555752597455,0.0
Wnt11_Fzd4,1.0,0.42710235317824435,0.1689790875964561,0.08054018984649144,0.038184862939993895,0.016745467114285754,0.0
Wnt11_Fzd5,1.0,0.47358706396239225,0.21090167898948933,0.10675891852946498,0.05039211767481193,0.02394975054757446,0.0
Wnt11_Fzd6,1.0,0.5270402611157458,0.2462747559998424,0.12859688523277726,0.06618537092959774,0.03064233831637712,0.0
Wnt11_Fzd7,1.0,0.4088462117666556,0.15561461293075693,0.06698991916921454,0.029568252365405633,0.011027613076897728,0.0
Wnt11_Fzd8,1.0,0.42759472466149073,0.16530291799164207,0.07631981053323506,0.03577559081759454,0.014632577108915662,0.0
Wnt11_Fzd9,1.0,0.5160410140899158,0.2381840426546454,0.12671700831476776,0.06786752503335919,0.030358489305891297,0.0
Wnt16_Fzd10_Lrp5,1.0,0.4015203736209365,0.14025964608646535,0.04897161758462346,0.01653196443745899,0.0022521379660323335,0.0
Wnt16_Fzd10_Lrp6,1.0,0.40242962121180637,0.1417407348601345,0.051042832478493956,0.017901603635265016,0.0029904011970561827,0.0
Wnt16_Fzd1_Lrp5,1.0,0.3443216260292704,0.10858280460818164,0.036692286404383885,0.011999282983888476,0.0021925070078127064,0.0
Wnt16_Fzd1_Lrp6,1.0,0.40138275949715224,0.14834231565336573,0.06050978899014024,0.024707338234530456,0.007999643460141499,0.0
Wnt16_Fzd2_Lrp5,1.0,0.3442232842078616,0.10855179223494797,0.03668180670748458,0.01199585586443088,0.002191880805110639,0.0
Wnt16_Fzd2_Lrp6,1.0,0.3635812231289759,0.11699076028778208,0.041559503653027345,0.015528024381833485,0.003947446579561076,0.0
Wnt16_Fzd3_Lrp5,1.0,0.3442232842078616,0.10855179223494797,0.03668180670748458,0.01199585586443088,0.002191880805110639,0.0
Wnt16_Fzd3_Lrp6,1.0,0.46664649933947633,0.1725755262147015,0.06518096186832482,0.024429648182231187,0.006264098458039622,0.0
Wnt16_Fzd4_Lrp5,1.0,0.381000390377475,0.13040705040943965,0.051156689557186504,0.019344305645881667,0.0059156511660838065,0.0
Wnt16_Fzd4_Lrp6,1.0,0.3809017379988029,0.13026885083655185,0.05168253453160725,0.01992935338688189,0.006420132585198997,0.0
Wnt16_Fzd5_Lrp5,1.0,0.4195700050561738,0.15743257267207778,0.06254970682313446,0.02104398539746277,0.00553888260323305,0.0
Wnt16_Fzd5_Lrp6,1.0,0.4195700050561738,0.15743257267207778,0.06254970682313446,0.02104398539746277,0.00553888260323305,0.0
Wnt16_Fzd6_Lrp5,1.0,0.47332893224859024,0.18992479812146867,0.07587089036442818,0.02766859181150655,0.0056214772860753316,0.0
Wnt16_Fzd6_Lrp6,1.0,0.46915682928716534,0.18507099660007828,0.0767000114986984,0.029536843952951912,0.008264789987386079,0.0
Wnt16_Fzd7_Lrp5,1.0,0.34428763169194426,0.10860875879133002,0.036701056838384996,0.012002151132204748,0.002193031075400021,0.0
Wnt16_Fzd7_Lrp6,1.0,0.3643879716234252,0.12063995149455975,0.04316208102195904,0.01490448212676061,0.00322624809107223,0.0
Wnt16_Fzd8_Lrp5,1.0,0.37870895053328824,0.12340192144106028,0.04592473599967715,0.016328009705019075,0.004694305402051783,0.0
Wnt16_Fzd8_Lrp6,1.0,0.3801510870915514,0.12776042946226193,0.04972961736312535,0.019297286049117603,0.005960021359594216,0.0
Wnt16_Fzd9_Lrp5,1.0,0.45383208625826665,0.17874534437777723,0.07736744688644248,0.03317291183256674,0.011694297165578467,0.0
Wnt16_Fzd9_Lrp6,1.0,0.45371461505579974,0.17988136960061402,0.08006874653777804,0.03656617481425339,0.013418752370918673,0.0
Wnt2_Fzd10_Lrp5,1.0,0.46217075928812534,0.19186286286332963,0.08191286792496907,0.03147435944709242,0.012137948670620322,0.0
Wnt2_Fzd10_Lrp6,1.0,0.46440488933044805,0.19551751967448433,0.08723558680064432,0.03581549713789528,0.014355230252384303,0.0
Wnt2_Fzd1_Lrp5,1.0,0.414799767647771,0.1603537274680841,0.06719216701925756,0.025446862706689596,0.00970170254200791,0.0
Wnt2_Fzd1_Lrp6,1.0,0.47931989482760823,0.21744139567298576,0.11228848969991369,0.05285052052564841,0.025882071584983755,0.0
Wnt2_Fzd2_Lrp5,1.0,0.4143925145158122,0.1601962911269237,0.06712619730906012,0.025421878810014356,0.009692177346832488,0.0
Wnt2_Fzd2_Lrp6,1.0,0.4355318412468991,0.17276766913296535,0.07648357210880388,0.03315914481273699,0.013324742267501589,0.0
Wnt2_Fzd3_Lrp5,1.0,0.4143925145158122,0.1601962911269237,0.06712619730906012,0.025421878810014356,0.009692177346832488,0.0
Wnt2_Fzd3_Lrp6,1.0,0.5514411173097005,0.2510567056602579,0.1180441591204665,0.05145492204427403,0.02103435723020702,0.0
Wnt2_Fzd4_Lrp5,1.0,0.454920041617101,0.19484635041708517,0.09620329409768612,0.042622068512906154,0.021099389351554997,0.0
Wnt2_Fzd4_Lrp6,1.0,0.4545497734138926,0.19429989079873825,0.099000338817834,0.04520047404052287,0.023661300157912596,0.0
Wnt2_Fzd5_Lrp5,1.0,0.5028597390719269,0.23673751805926202,0.1265422677840848,0.05290161719283831,0.031175590181587054,0.0
Wnt2_Fzd5_Lrp6,1.0,0.5028597390719269,0.23673751805926202,0.1265422677840848,0.05290161719283831,0.031175590181587054,0.0
Wnt2_Fzd6_Lrp5,1.0,0.5340618465265017,0.2599441939195616,0.12942360595740113,0.05512240780596504,0.025475067336255108,0.0
Wnt2_Fzd6_Lrp6,1.0,0.5255666582744608,0.2502364219560915,0.13383662470917154,0.06203247675704728,0.03593162593276872,0.0
Wnt2_Fzd7_Lrp5,1.0,0.4147233207418298,0.1604856543381491,0.06724744763186134,0.025467798452948037,0.009709684366134346,0.0
Wnt2_Fzd7_Lrp6,1.0,0.43378812633719166,0.1741055874462702,0.07738942695648084,0.031312201628838056,0.013101261305527223,0.0
Wnt2_Fzd8_Lrp5,1.0,0.45982323735300806,0.18945394452078365,0.08917929188711736,0.037357622986535055,0.01736884833284586,0.0
Wnt2_Fzd8_Lrp6,1.0,0.46120616145749393,0.19507597673092897,0.09670561828088854,0.044292669553946805,0.020895171074770926,0.0
Wnt2_Fzd9_Lrp5,1.0,0.5791491262498561,0.29667219438272496,0.16845952491650767,0.08324287749984127,0.04428622215182135,0.0
Wnt2_Fzd9_Lrp6,1.0,0.578950489177375,0.2994446486600964,0.17569500945705965,0.09383854811784435,0.04914821312476573,0.0
Wnt2b_Fzd10_Lrp5,1.0,0.4412811933962852,0.16906641625836105,0.06643374671215338,0.025061716284223143,0.00622275456557332,0.0
Wnt2b_Fzd10_Lrp6,1.0,0.44497616368638404,0.1741888622215244,0.07272240035071965,0.029695788439044617,0.008774375867809507,0.0
Wnt2b_Fzd1_Lrp5,1.0,0.3844920569587857,0.13506616843479563,0.05141530496481315,0.018696410469963103,0.005162155342576647,0.0
Wnt2b_Fzd1_Lrp6,1.0,0.44828049087263305,0.18670991630259948,0.08896539133314983,0.04177177434951688,0.01739217444943704,0.0
Wnt2b_Fzd2_Lrp5,1.0,0.3842837369065101,0.13499298879230429,0.051387447850929566,0.01868628064507862,0.005159358456525668,0.0
Wnt2b_Fzd2_Lrp6,1.0,0.4069587866202275,0.1471294222066971,0.05978074126596249,0.025252067817363114,0.008437171398341249,0.0
Wnt2b_Fzd3_Lrp5,1.0,0.3842837369065101,0.13499298879230429,0.051387447850929566,0.01868628064507862,0.005159358456525668,0.0
Wnt2b_Fzd3_Lrp6,1.0,0.5180673128128409,0.21456715723342584,0.09289859967890532,0.039538108266245826,0.01343122494568487,0.0
Wnt2b_Fzd4_Lrp5,1.0,0.42361487000238085,0.16275613798990846,0.07369910431428958,0.0323299484939224,0.013208479632107726,0.0
Wnt2b_Fzd4_Lrp6,1.0,0.4234252140281301,0.16248112451721392,0.07488048548092346,0.03354279937431058,0.014350271470203737,0.0
Wnt2b_Fzd5_Lrp5,1.0,0.46803016736721026,0.19734337983075,0.09335453132399496,0.03748145638020434,0.01673637277814507,0.0
Wnt2b_Fzd5_Lrp6,1.0,0.46803016736721026,0.19734337983075,0.09335453132399496,0.03748145638020434,0.01673637277814507,0.0
Wnt2b_Fzd6_Lrp5,1.0,0.5208745007310773,0.2334149975262135,0.10713518715268243,0.04442579526074046,0.014480696155092005,0.0
Wnt2b_Fzd6_Lrp6,1.0,0.512255751832897,0.22227117788101325,0.10815175454612522,0.04961614689364562,0.0216788121490402,0.0
Wnt2b_Fzd7_Lrp5,1.0,0.3844373397010138,0.13512744115115438,0.05143862949851479,0.018704892089519864,0.005164497152400462,0.0
Wnt2b_Fzd7_Lrp6,1.0,0.4050342658783964,0.1488800552691821,0.06043292765563175,0.023649992605827324,0.007507309603857106,0.0
Wnt2b_Fzd8_Lrp5,1.0,0.42362481752505665,0.15601198437331895,0.06703759629096226,0.027650918392042135,0.010617250530222246,0.0
Wnt2b_Fzd8_Lrp6,1.0,0.42509527108694656,0.16122055033422827,0.07255910245668247,0.03254439633409557,0.012897392166988552,0.0
Wnt2b_Fzd9_Lrp5,1.0,0.5142967325649141,0.22992679302055277,0.11513529648023224,0.055382356823052835,0.024558313017805648,0.0
Wnt2b_Fzd9_Lrp6,1.0,0.5141163707886037,0.23362920181431152,0.12326722739662996,0.06517710184796169,0.02954018958980958,0.0
Wnt3_Fzd10_Lrp5,1.0,0.520639988192162,0.2119484222123185,0.08484238066546632,0.03277337895874045,0.005365134876882478,0.0
Wnt3_Fzd10_Lrp6,1.0,0.5170074404538444,0.2170026926033933,0.09568027745991613,0.04099285794978108,0.010542579575676508,0.0
Wnt3_Fzd1_Lrp5,1.0,0.5004174249643648,0.19737344836597187,0.07665880338640566,0.027824682023135372,0.00571057549806507,0.0
Wnt3_Fzd1_Lrp6,1.0,0.5801012802931417,0.2750292234991448,0.1397114314925051,0.07009442066054226,0.028641169768429856,0.0
Wnt3_Fzd2_Lrp5,1.0,0.5001404259436126,0.19726419507223666,0.07661636998498766,0.027809280062115135,0.005707414489391146,0.0
Wnt3_Fzd2_Lrp6,1.0,0.54888246256993,0.2304583586922838,0.09903237983424393,0.044190784367737816,0.0139129820472867,0.0
Wnt3_Fzd3_Lrp5,1.0,0.5001404259436126,0.19726419507223666,0.07661636998498766,0.027809280062115135,0.005707414489391146,0.0
Wnt3_Fzd3_Lrp6,1.0,0.6370115781772439,0.29681627153294193,0.13528785533113694,0.06084841991573658,0.019488019421512813,0.0
Wnt3_Fzd4_Lrp5,1.0,0.5711816579945928,0.25165056618398846,0.11969902716613624,0.055428918196873976,0.02175769388831483,0.0
Wnt3_Fzd4_Lrp6,1.0,0.5709028466843001,0.2511647699977311,0.12130460561636781,0.05737546877522502,0.02375288387368499,0.0
Wnt3_Fzd5_Lrp5,1.0,0.5816878927425135,0.25997630351496603,0.12056251096492311,0.04558974553013223,0.0179162725122538,0.0
Wnt3_Fzd5_Lrp6,1.0,0.5816878927425135,0.25997630351496603,0.12056251096492311,0.04558974553013223,0.0179162725122538,0.0
Wnt3_Fzd6_Lrp5,1.0,0.6381737396056436,0.31790191051038735,0.15039642278111726,0.06184911271327662,0.014759326451600191,0.0
Wnt3_Fzd6_Lrp6,1.0,0.6225437333290351,0.29215092247997254,0.14891239136940607,0.07255893968356462,0.029293609611225877,0.0
Wnt3_Fzd7_Lrp5,1.0,0.5003953662353677,0.19746492722816625,0.07669433329262672,0.02783757823725875,0.00571322224185641,0.0
Wnt3_Fzd7_Lrp6,1.0,0.5240544035956272,0.21646108269665876,0.09054380714940391,0.03593682202022263,0.009511360239369784,0.0
Wnt3_Fzd8_Lrp5,1.0,0.5713404582419122,0.24322912213827236,0.11070141190270918,0.04784750561423306,0.017264708210942423,0.0
Wnt3_Fzd8_Lrp6,1.0,0.5731109722641191,0.25106185179416074,0.11979808483380147,0.057130764655882044,0.021917348183851583,0.0
Wnt3_Fzd9_Lrp5,1.0,0.6748255380342858,0.33986338770758523,0.1763719442905556,0.08979040327303679,0.03896833075269717,0.0
Wnt3_Fzd9_Lrp6,1.0,0.6746194009158264,0.3525531299768079,0.19930214751376008,0.11397216635195342,0.05129932922860331,0.0
Wnt3a_Fzd10_Lrp5,1.0,0.4594321138023257,0.17484854156252924,0.06669162611587187,0.02301022720138195,0.0026512904222447667,0.0
Wnt3a_Fzd10_Lrp6,1.0,0.45818676721324947,0.1790978479405031,0.07430011029727995,0.028374572917850362,0.005902381524084971,0.0
Wnt3a_Fzd1_Lrp5,1.0,0.4448068561207588,0.16649212303479277,0.06254419022119971,0.020975615612420864,0.0037402439716220674,0.0
Wnt3a_Fzd1_Lrp6,1.0,0.5105452056172152,0.2262631106023421,0.10839497570726764,0.04973922104193693,0.01909942186073565,0.0
Wnt3a_Fzd2_Lrp5,1.0,0.4440534220931649,0.16621011112536593,0.06243825003504358,0.020940086163324788,0.003733908576740119,0.0
Wnt3a_Fzd2_Lrp6,1.0,0.48678217319434913,0.19207395119158346,0.07877698608912109,0.032535108747811854,0.009352732674598789,0.0
Wnt3a_Fzd3_Lrp5,1.0,0.4440534220931649,0.16621011112536593,0.06243825003504358,0.020940086163324788,0.003733908576740119,0.0
Wnt3a_Fzd3_Lrp6,1.0,0.5548468975349402,0.2407786658108169,0.10414664008604843,0.04314691574998298,0.012589134504762114,0.0
Wnt3a_Fzd4_Lrp5,1.0,0.4971736518725584,0.20735348242910862,0.09310647445262674,0.03894086158032901,0.014114684347825498,0.0
Wnt3a_Fzd4_Lrp6,1.0,0.4969246174649084,0.20696141613189448,0.09464405060053385,0.04048438890797327,0.015639965717422974,0.0
Wnt3a_Fzd5_Lrp5,1.0,0.5205362156179819,0.22761792152278906,0.1029577958387806,0.035239778447714365,0.012664992794081996,0.0
Wnt3a_Fzd5_Lrp6,1.0,0.5205362156179819,0.22761792152278906,0.1029577958387806,0.035239778447714365,0.012664992794081996,0.0
Wnt3a_Fzd6_Lrp5,1.0,0.5331826206160861,0.24321941498438335,0.10733203132904129,0.039069255691429924,0.0077242484832445325,0.0
Wnt3a_Fzd6_Lrp6,1.0,0.5213470606491072,0.22713746029736126,0.10755204410749002,0.04499003577143542,0.015948721774985228,0.0
Wnt3a_Fzd7_Lrp5,1.0,0.44491108285096015,0.16672875042568797,0.06263308132474221,0.021005427264193424,0.003745559803723815,0.0
Wnt3a_Fzd7_Lrp6,1.0,0.462397229907643,0.18011997153052103,0.07207892410942851,0.026055586787778418,0.006008043279408682,0.0
Wnt3a_Fzd8_Lrp5,1.0,0.5042927200786959,0.2042599687886257,0.08822196140028973,0.03483892454475173,0.01150886030515457,0.0
Wnt3a_Fzd8_Lrp6,1.0,0.5055680701384351,0.2098501896778596,0.094887404442603,0.04157622311783231,0.014927988585630433,0.0
Wnt3a_Fzd9_Lrp5,1.0,0.6039308264795069,0.2895441480305736,0.14369599004297665,0.06769855951247469,0.027928136732836027,0.0
Wnt3a_Fzd9_Lrp6,1.0,0.6037363042693991,0.298528696147796,0.1591881143952052,0.08371373009351561,0.03592519301563546,0.0
Wnt4_Fzd10_Lrp5,1.0,0.5313919790974628,0.21441650945463217,0.08193003684077706,0.02489797339259484,0.0007598580752467019,0.0
Wnt4_Fzd10_Lrp6,1.0,0.5266552334454002,0.215492682431209,0.08962839181497449,0.03225086822862786,0.005547337808667554,0.0
Wnt4_Fzd1_Lrp5,1.0,0.5140876521571996,0.20680078088095566,0.08117633806711765,0.026610286045205957,0.004695763117013465,0.0
Wnt4_Fzd1_Lrp6,1.0,0.5875883421980492,0.2809704370042945,0.14642611447091272,0.07179379688974012,0.03170800086721285,0.0
Wnt4_Fzd2_Lrp5,1.0,0.513699461789656,0.20664462449244558,0.08111504137504988,0.026590192474241967,0.0046922173208780345,0.0
Wnt4_Fzd2_Lrp6,1.0,0.5559162937370236,0.2358262818043755,0.10330858486022122,0.044536252679622544,0.014036354812971054,0.0
Wnt4_Fzd3_Lrp5,1.0,0.513699461789656,0.20664462449244558,0.08111504137504988,0.026590192474241967,0.0046922173208780345,0.0
Wnt4_Fzd3_Lrp6,1.0,0.6622870756075869,0.31675909118973855,0.147940169190886,0.06394594109016552,0.02054925308351038,0.0
Wnt4_Fzd4_Lrp5,1.0,0.5699887174425068,0.2549845509993908,0.12393279021321554,0.05462027038025027,0.023405257381381186,0.0
Wnt4_Fzd4_Lrp6,1.0,0.5695278610138238,0.25418688299909925,0.12671123152413286,0.0578138869569761,0.026775607382360473,0.0
Wnt4_Fzd5_Lrp5,1.0,0.5928185694399543,0.2645046557528195,0.12372970902437622,0.038105128631904316,0.01926790127391437,0.0
Wnt4_Fzd5_Lrp6,1.0,0.5928185694399543,0.2645046557528195,0.12372970902437622,0.038105128631904316,0.01926790127391437,0.0
Wnt4_Fzd6_Lrp5,1.0,0.6108461957621169,0.29326470925504255,0.13442093371508806,0.04729945831087978,0.010227068130896093,0.0
Wnt4_Fzd6_Lrp6,1.0,0.5917498913594197,0.2642574428043272,0.13151322083053038,0.055386801431023064,0.02628338794444631,0.0
Wnt4_Fzd7_Lrp5,1.0,0.5140292989933047,0.20693158063572042,0.08122768141827257,0.026627116827343752,0.004698733147694791,0.0
Wnt4_Fzd7_Lrp6,1.0,0.5302502841771027,0.22047410979235715,0.09275224243869294,0.033725438650025065,0.008653849184297612,0.0
Wnt4_Fzd8_Lrp5,1.0,0.5865177968144073,0.2567872725246051,0.11937696195271914,0.04885088212862916,0.018893437067405754,0.0
Wnt4_Fzd8_Lrp6,1.0,0.5882865571345003,0.2657017826875913,0.1312235887242394,0.061298026503827915,0.025405932788359037,0.0
Wnt4_Fzd9_Lrp5,1.0,0.7505272973643479,0.4031733348818488,0.22694989553126327,0.11687644535005882,0.056929637461369496,0.0
Wnt4_Fzd9_Lrp6,1.0,0.7502239562493619,0.41221824962954967,0.24797203378176505,0.144435149328953,0.07181046080287783,0.0
Wnt5a_Fzd1,1.0,0.46320077346409483,0.21343780591203837,0.10065843582873761,0.05288750905074189,0.020551231667716652,0.0
Wnt5a_Fzd10,1.0,0.4640145510471678,0.20154719116827277,0.08659619667964143,0.0439449566607566,0.013185060404984059,0.0
Wnt5a_Fzd2,1.0,0.4507732807351662,0.20020256149557936,0.08929972335103105,0.044957939914715035,0.0156674944247144,0.0
Wnt5a_Fzd3,1.0,0.5312687920685882,0.2563807674139501,0.12712643639707083,0.06786948581818596,0.026307424721205484,0.0
Wnt5a_Fzd4,1.0,0.4377240638455873,0.18680147808159833,0.08612262976001846,0.042415833217380884,0.016871197681387715,0.0
Wnt5a_Fzd5,1.0,0.4830026476089399,0.22173017870738682,0.10245968621031433,0.04922970981948074,0.019925966214117165,0.0
Wnt5a_Fzd6,1.0,0.5383552243074032,0.26100896997933215,0.1285253863581233,0.06997680384963276,0.027767360854136752,0.0
Wnt5a_Fzd7,1.0,0.42032402850178324,0.17356038437047588,0.0715758412665313,0.03297689176565772,0.010118904062399936,0.0
Wnt5a_Fzd8,1.0,0.43840639096380424,0.18509959819671626,0.08369802333941181,0.040986520744030266,0.01531413373691267,0.0
Wnt5a_Fzd9,1.0,0.5237871726141476,0.2647028273489111,0.13667360950486918,0.07866838733838043,0.03266153382833336,0.0
Wnt5a_Mcam,1.0,0.5080430327288533,0.2474464625859775,0.12615718206988605,0.06560876029816098,0.03292858131313738,0.0
Wnt5b_Fzd1,1.0,0.4333310875355562,0.1723268914125445,0.07702413561510377,0.0344475489054493,0.013283680107761004,0.0
Wnt5b_Fzd10,1.0,0.4333328426876077,0.16418217402541613,0.06537589268294386,0.025749017647950158,0.0068360786235760794,0.0
Wnt5b_Fzd2,1.0,0.4214478693833087,0.15926960114274177,0.06643833866111379,0.027483996734331047,0.009302296789418041,0.0
Wnt5b_Fzd3,1.0,0.5044083412412068,0.21093955810318077,0.09832909503863145,0.04500235424347057,0.016694459608140456,0.0
Wnt5b_Fzd4,1.0,0.4104000654194981,0.15046050733554417,0.06517500159849088,0.027695285566093054,0.010800269286328379,0.0
Wnt5b_Fzd5,1.0,0.45336266248257723,0.18424890689415427,0.08212300834497116,0.03161280151712566,0.012411598860149597,0.0
Wnt5b_Fzd6,1.0,0.5033265879900939,0.2133061545996313,0.0980681747780957,0.04282796626942808,0.01645716972919121,0.0
Wnt5b_Fzd7,1.0,0.39207664761829564,0.13835983778841637,0.0535660124942324,0.020243572147857807,0.0058773916811715645,0.0
Wnt5b_Fzd8,1.0,0.40977653104933737,0.14747248004969463,0.06234135226137183,0.026481373764563963,0.009661602684517748,0.0
Wnt5b_Fzd9,1.0,0.4884107301845294,0.20875749638297159,0.10199542287752131,0.050557736595960065,0.02113013608140496,0.0
Wnt6_Fzd10_Lrp5,1.0,0.5243957506935327,0.21035080619433605,0.08083373871120228,0.025754862146594178,0.0003987928106080157,0.0
Wnt6_Fzd10_Lrp6,1.0,0.518814474621246,0.2097788174635669,0.08714527362974937,0.03218611749591937,0.004807474763109578,0.0
Wnt6_Fzd1_Lrp5,1.0,0.5142229920157375,0.2089156584968575,0.08169288962933081,0.027025721474611745,0.004109587693074393,0.0
Wnt6_Fzd1_Lrp6,1.0,0.5875911622614715,0.2830756655541461,0.146832053720076,0.0720964744574261,0.031059101739352415,0.0
Wnt6_Fzd2_Lrp5,1.0,0.5138829221773362,0.20877749681344848,0.08163886386967764,0.027007848620077327,0.004106869909458376,0.0
Wnt6_Fzd2_Lrp6,1.0,0.5590533878890231,0.23995940443028305,0.1047679842846225,0.045576510235610074,0.013752506643643055,0.0
Wnt6_Fzd3_Lrp5,1.0,0.5138829221773362,0.20877749681344848,0.08163886386967764,0.027007848620077327,0.004106869909458376,0.0
Wnt6_Fzd3_Lrp6,1.0,0.6567196854436445,0.3158816522157317,0.14696593916473033,0.06413725553845898,0.019726895127927812,0.0
Wnt6_Fzd4_Lrp5,1.0,0.5717180116631546,0.2593057571464314,0.1252882074055398,0.054602778740830415,0.022420427036673716,0.0
Wnt6_Fzd4_Lrp6,1.0,0.5712211088962602,0.2584471694518132,0.12802734441513175,0.05785123329021403,0.02594732196559687,0.0
Wnt6_Fzd5_Lrp5,1.0,0.5941615136049455,0.26257871406116984,0.11837393372685799,0.03358347989753819,0.016043082077151518,0.0
Wnt6_Fzd5_Lrp6,1.0,0.5941615136049455,0.26257871406116984,0.11837393372685799,0.03358347989753819,0.016043082077151518,0.0
Wnt6_Fzd6_Lrp5,1.0,0.5996530237971966,0.28621605881987205,0.13011482137350422,0.045613384958177246,0.00780326565674422,0.0
Wnt6_Fzd6_Lrp6,1.0,0.5798151478263391,0.2565341997165768,0.1263093398576741,0.05242396843694915,0.02305496394810248,0.0
Wnt6_Fzd7_Lrp5,1.0,0.5141476607843466,0.2090313655674104,0.08173813489726343,0.027040689558305925,0.00411186377116527,0.0
Wnt6_Fzd7_Lrp6,1.0,0.5307219877205211,0.22265842617474588,0.09315284770507375,0.033784272035276994,0.007801704059386822,0.0
Wnt6_Fzd8_Lrp5,1.0,0.5889019050328058,0.26174074282410614,0.12098445645186434,0.04914770509572207,0.0180873764355776,0.0
Wnt6_Fzd8_Lrp6,1.0,0.5905703576612381,0.2706153156648004,0.1332269294918133,0.062159714714119324,0.024988961967202284,0.0
Wnt6_Fzd9_Lrp5,1.0,0.7421534154548504,0.4037843866342629,0.22636438792804273,0.11781512597094758,0.055940913301540066,0.0
Wnt6_Fzd9_Lrp6,1.0,0.741836226116152,0.4116328856505983,0.2455019953368704,0.14391074952432473,0.07020553093022357,0.0
Wnt7a_Fzd10_Lrp5,1.0,0.6427279660550995,0.3102586778333574,0.15110578916630835,0.07062215608128582,0.02470019670994976,0.0
Wnt7a_Fzd10_Lrp6,1.0,0.6251165790646375,0.3105593710228068,0.1644891178389638,0.08271942780019609,0.032204953401016694,0.0
Wnt7a_Fzd1_Lrp5,1.0,0.6412655351796512,0.29789367879628476,0.13783517607592038,0.059813019989285794,0.021064016590922656,0.0
Wnt7a_Fzd1_Lrp6,1.0,0.7444188224965832,0.4188940965024412,0.24903728512998943,0.13717638728162637,0.06395479221882426,0.0
Wnt7a_Fzd2_Lrp5,1.0,0.6404785571324244,0.29752809578463163,0.1376660210975899,0.059739615867143596,0.02103816627192986,0.0
Wnt7a_Fzd2_Lrp6,1.0,0.7136911090678466,0.35200530074022535,0.1765032861465694,0.08770396792244627,0.03436591207404669,0.0
Wnt7a_Fzd3_Lrp5,1.0,0.6404785571324244,0.29752809578463163,0.1376660210975899,0.059739615867143596,0.02103816627192986,0.0
Wnt7a_Fzd3_Lrp6,1.0,0.7999908822102777,0.4375621590549876,0.23258207083182988,0.11663834748813662,0.04649890514508563,0.0
Wnt7a_Fzd4_Lrp5,1.0,0.7595467699846289,0.40478962413993386,0.22919549037000309,0.12064864942995386,0.05687467863976969,0.0
Wnt7a_Fzd4_Lrp6,1.0,0.7592657470330066,0.40409512264429437,0.23351614039502122,0.12511761829607856,0.06126049497165451,0.0
Wnt7a_Fzd5_Lrp5,1.0,0.7648436140344654,0.432128696362296,0.2598787358321612,0.13073120755228623,0.07022645180957249,0.0
Wnt7a_Fzd5_Lrp6,1.0,0.7648436140344654,0.432128696362296,0.2598787358321612,0.13073120755228623,0.07022645180957249,0.0
Wnt7a_Fzd6_Lrp5,1.0,0.8412686711798993,0.5183839107392926,0.3001298255088652,0.14986712466954463,0.0613027932911553,0.0
Wnt7a_Fzd6_Lrp6,1.0,0.8304900133312271,0.49277756501513154,0.3187975180235262,0.1861448510296665,0.09756439031741021,0.0
Wnt7a_Fzd7_Lrp5,1.0,0.6413637902119961,0.2982001646352932,0.13797698683791842,0.05987455819878765,0.021085688157851643,0.0
Wnt7a_Fzd7_Lrp6,1.0,0.6735552015293469,0.32988509089584406,0.16561947648090605,0.07807810352750193,0.030666485623665102,0.0
Wnt7a_Fzd8_Lrp5,1.0,0.7395299088142042,0.3745855513256262,0.1999276793481048,0.09852109364034331,0.04347973634718567,0.0
Wnt7a_Fzd8_Lrp6,1.0,0.7419517150694802,0.3860275863484339,0.2149033536512968,0.11334610334778175,0.050788541812397794,0.0
Wnt7a_Fzd9_Lrp5,1.0,0.8649327276841416,0.5163923989064436,0.3112898185873465,0.17139537734010762,0.08471595535686902,0.0
Wnt7a_Fzd9_Lrp6,1.0,0.8648205844884991,0.5392001552050235,0.35310857840657656,0.21515612473473383,0.10584535942196721,0.0
Wnt7b_Fzd10_Lrp5,1.0,0.599357063221905,0.2773700563425591,0.13002298205227075,0.05835132296630036,0.019401493512972576,0.0
Wnt7b_Fzd10_Lrp6,1.0,0.5825537427394804,0.27737919083437945,0.1409214767933843,0.06784391818236629,0.025134799109646663,0.0
Wnt7b_Fzd1_Lrp5,1.0,0.5951177717914439,0.2654818675609745,0.11917218216532081,0.05005935838166467,0.016932073007297876,0.0
Wnt7b_Fzd1_Lrp6,1.0,0.6896255604340096,0.37078485004801914,0.2121906226891271,0.1129597216308309,0.0512407286817316,0.0
Wnt7b_Fzd2_Lrp5,1.0,0.5945092817845923,0.2652104203431829,0.11905033219649196,0.05000817419465418,0.016914760472353393,0.0
Wnt7b_Fzd2_Lrp6,1.0,0.6651174154654745,0.3158755458643597,0.15354241119988243,0.07392624351057206,0.028021497009303706,0.0
Wnt7b_Fzd3_Lrp5,1.0,0.5945092817845923,0.2652104203431829,0.11905033219649196,0.05000817419465418,0.016914760472353393,0.0
Wnt7b_Fzd3_Lrp6,1.0,0.7355370690057076,0.3846052825477995,0.19775410106348665,0.09600364504826744,0.037035073507621155,0.0
Wnt7b_Fzd4_Lrp5,1.0,0.6962321861790672,0.35511625358738,0.19430680923744348,0.09860165709511969,0.04536092013980055,0.0
Wnt7b_Fzd4_Lrp6,1.0,0.6959354635918316,0.35448727533887286,0.19785961286357273,0.10231556876047916,0.04900387510099825,0.0
Wnt7b_Fzd5_Lrp5,1.0,0.6917383390279764,0.37174567734126085,0.214443181400233,0.1030876309436787,0.053401705644523935,0.0
Wnt7b_Fzd5_Lrp6,1.0,0.6917383390279764,0.37174567734126085,0.214443181400233,0.1030876309436787,0.053401705644523935,0.0
Wnt7b_Fzd6_Lrp5,1.0,0.7723243229448825,0.4518832190092504,0.25011405107816875,0.11951493822169733,0.04714464095226916,0.0
Wnt7b_Fzd6_Lrp6,1.0,0.7607764260845551,0.42979414570817875,0.26434026209218275,0.1473359673877225,0.07446190541120955,0.0
Wnt7b_Fzd7_Lrp5,1.0,0.5951637903071045,0.2657093490995659,0.11927429637600241,0.05010225238406935,0.016946581470925273,0.0
Wnt7b_Fzd7_Lrp6,1.0,0.625222409896355,0.2937200581557046,0.14268413502688293,0.06494627228815382,0.024608803344666277,0.0
Wnt7b_Fzd8_Lrp5,1.0,0.6764697626771238,0.32843063345909823,0.1696705696292303,0.08077435406785106,0.03470559867249262,0.0
Wnt7b_Fzd8_Lrp6,1.0,0.6785543642545748,0.33800831783547863,0.18195050720770273,0.0925893022959825,0.04052463285322196,0.0
Wnt7b_Fzd9_Lrp5,1.0,0.7849420277569426,0.44642031999224724,0.2592354527607764,0.1380607545113854,0.06656954114109978,0.0
Wnt7b_Fzd9_Lrp6,1.0,0.7847907825557542,0.46632319332617767,0.2934840565713133,0.1723071903169519,0.08265191774835241,0.0
Wnt8a_Fzd10_Lrp5,1.0,0.3980671341320047,0.14068475475796846,0.047323613045941494,0.013366496176142764,0.0,2.0122913306577892e-05
Wnt8a_Fzd10_Lrp6,1.0,0.4018556409331069,0.1449745463906941,0.05173215099577742,0.01585782083082718,0.0012597065056441086,0.0
Wnt8a_Fzd1_Lrp5,1.0,0.35362602955638534,0.11832494852735752,0.039563956987896144,0.011369526808282336,0.0011970356957524146,0.0
Wnt8a_Fzd1_Lrp6,1.0,0.4127736829663297,0.16199327735289273,0.06673460879095432,0.025666713485541316,0.00817282307594032,0.0
Wnt8a_Fzd2_Lrp5,1.0,0.35312099580976286,0.11815596183780684,0.039507453417008356,0.011353289330717366,0.0011953261399738847,0.0
Wnt8a_Fzd2_Lrp6,1.0,0.37946923521670683,0.13193267840948306,0.04710962928913589,0.016505262871490563,0.0036433132296949653,0.0
Wnt8a_Fzd3_Lrp5,1.0,0.35312099580976286,0.11815596183780684,0.039507453417008356,0.011353289330717366,0.0011953261399738847,0.0
Wnt8a_Fzd3_Lrp6,1.0,0.45815735124985185,0.17637092631948548,0.06636594268593328,0.02319849827869204,0.005136913084618192,0.0
Wnt8a_Fzd4_Lrp5,1.0,0.38465833606266425,0.14083765021512532,0.05489416541773824,0.01871701042539944,0.005403700805755132,0.0
Wnt8a_Fzd4_Lrp6,1.0,0.3844929158093867,0.14060697592322785,0.05592875180686477,0.01959851909549667,0.0062433498236866515,0.0
Wnt8a_Fzd5_Lrp5,1.0,0.43485234573039183,0.17558727269220065,0.07108310630894564,0.020385602824946437,0.005062013740645124,0.0
Wnt8a_Fzd5_Lrp6,1.0,0.43485234573039183,0.17558727269220065,0.07108310630894564,0.020385602824946437,0.005062013740645124,0.0
Wnt8a_Fzd6_Lrp5,1.0,0.46094363052440396,0.19102861800055498,0.07300231208190346,0.021185352206748248,0.0018262913000316617,0.0
Wnt8a_Fzd6_Lrp6,1.0,0.4545031549575962,0.1833559755474139,0.0738147576071524,0.023684816137500144,0.005391889884243435,0.0
Wnt8a_Fzd7_Lrp5,1.0,0.3536267013489116,0.11846667061862322,0.0396113441770972,0.011383144503755905,0.0011984694289104095,0.0
Wnt8a_Fzd7_Lrp6,1.0,0.372049517419427,0.12953227278424811,0.04559594245957364,0.013757774540705543,0.002006567492805116,0.0
Wnt8a_Fzd8_Lrp5,1.0,0.3845196446297129,0.1354784402640606,0.05085866473756469,0.0167605488449516,0.004425790886119061,0.0
Wnt8a_Fzd8_Lrp6,1.0,0.38557086595308887,0.13881090123951562,0.0543293650840291,0.019642210060305473,0.005871286114217551,0.0
Wnt8a_Fzd9_Lrp5,1.0,0.4651901993049587,0.1960395315052406,0.08434452333824331,0.03331991605013478,0.011760114218754971,0.0
Wnt8a_Fzd9_Lrp6,1.0,0.4650635631797093,0.20033077299231408,0.09109625886754928,0.039946331244583064,0.01501500109170588,0.0
Wnt8b_Fzd10_Lrp5,1.0,0.4234476046101985,0.14704371485637266,0.053488707015535174,0.015641132636333734,0.0012901940855788085,0.0
Wnt8b_Fzd10_Lrp6,1.0,0.42890128933283544,0.15823513118202265,0.06481255490622906,0.02276401288806261,0.0049332928589176745,0.0
Wnt8b_Fzd1_Lrp5,1.0,0.38679970632790345,0.12594998266106308,0.04368001586535953,0.012610376259923027,0.0016990865845155224,0.0
Wnt8b_Fzd1_Lrp6,1.0,0.45828657347917784,0.18203828574110548,0.08215789188220778,0.0347700065774275,0.012501766615832991,0.0
Wnt8b_Fzd2_Lrp5,1.0,0.386423072360626,0.12582734285324496,0.0436374838328968,0.01259809730530663,0.0016974321527499215,0.0
Wnt8b_Fzd2_Lrp6,1.0,0.4229116481518229,0.1467369208740943,0.056648393988619,0.020971303787689237,0.0056877093617078165,0.0
Wnt8b_Fzd3_Lrp5,1.0,0.386423072360626,0.12582734285324496,0.0436374838328968,0.01259809730530663,0.0016974321527499215,0.0
Wnt8b_Fzd3_Lrp6,1.0,0.49581405388437044,0.18967733690804978,0.07686967421703352,0.028537767948122145,0.007823774183941486,0.0
Wnt8b_Fzd4_Lrp5,1.0,0.43124462337502645,0.15610878560324848,0.06516039234801362,0.02517986827802528,0.008397154573161262,0.0
Wnt8b_Fzd4_Lrp6,1.0,0.43113043464061174,0.15593974847696906,0.06575048908379864,0.025812971081272302,0.00897443318114729,0.0
Wnt8b_Fzd5_Lrp5,1.0,0.4623442369134645,0.1817733851773463,0.0772595188210811,0.02442332152188258,0.006985297642801969,0.0
Wnt8b_Fzd5_Lrp6,1.0,0.4623442369134645,0.1817733851773463,0.0772595188210811,0.02442332152188258,0.006985297642801969,0.0
Wnt8b_Fzd6_Lrp5,1.0,0.515868080217376,0.21879909330400527,0.091587915713699,0.028683254715787084,0.004418487402981662,0.0
Wnt8b_Fzd6_Lrp6,1.0,0.5065164849759809,0.2059115610760559,0.09388740186642414,0.03640389370517908,0.011470566102103395,0.0
Wnt8b_Fzd7_Lrp5,1.0,0.3868285414719682,0.12605274956428333,0.04371565588585222,0.012620665497676728,0.0017004729274343903,0.0
Wnt8b_Fzd7_Lrp6,1.0,0.40918759569964236,0.14081382880727247,0.05272303891545949,0.017019415160628003,0.0034695796043665403,0.0
Wnt8b_Fzd8_Lrp5,1.0,0.42766839537725576,0.15003983044919422,0.06055358872949392,0.022281881527416027,0.006948101824384299,0.0
Wnt8b_Fzd8_Lrp6,1.0,0.42898423624883586,0.15409390619172952,0.06426822090744592,0.025535143210146324,0.008458896481733093,0.0
Wnt8b_Fzd9_Lrp5,1.0,0.5110636006991652,0.21075190267378974,0.09391702545477999,0.03816385562964721,0.014145613813126894,0.0
Wnt8b_Fzd9_Lrp6,1.0,0.5109281899328406,0.22092806827618808,0.10958499645475878,0.05212018895660691,0.020772667341487076,0.0
Wnt9a_Fzd10_Lrp5,1.0,0.44076348525408027,0.16711256627427712,0.06822909128827646,0.027130154783954193,0.007583692155455951,0.0
Wnt9a_Fzd10_Lrp6,1.0,0.44371195447785083,0.17204513560204682,0.07436787805254258,0.03163990693549247,0.010049528322641246,0.0
Wnt9a_Fzd1_Lrp5,1.0,0.3879545197903717,0.13514630872502661,0.05259738577572238,0.019872944816883415,0.005810394565846085,0.0
Wnt9a_Fzd1_Lrp6,1.0,0.4530505706746841,0.1875175963609512,0.09066207650576337,0.042924885595723744,0.01765725835069104,0.0
Wnt9a_Fzd2_Lrp5,1.0,0.38779238842918584,0.13508982928252733,0.05257540462763512,0.01986463964854648,0.005807966324565389,0.0
Wnt9a_Fzd2_Lrp6,1.0,0.4122029073752648,0.14759649390308616,0.06108873625472313,0.026217529219433197,0.008896006572341918,0.0
Wnt9a_Fzd3_Lrp5,1.0,0.38779238842918584,0.13508982928252733,0.05257540462763512,0.01986463964854648,0.005807966324565389,0.0
Wnt9a_Fzd3_Lrp6,1.0,0.5195805209434824,0.2125838819991157,0.0933546444058729,0.040323325670165354,0.013889458983577772,0.0
Wnt9a_Fzd4_Lrp5,1.0,0.42819812827314024,0.1640259678131415,0.07539942365016922,0.033637219245827805,0.013571354696485176,0.0
Wnt9a_Fzd4_Lrp6,1.0,0.4280359027516632,0.16378928186966113,0.07648971905875167,0.034754957001235834,0.014571936711448316,0.0
Wnt9a_Fzd5_Lrp5,1.0,0.4709807139067063,0.1986472152054429,0.09564814059362244,0.04048590018068069,0.017756565794168767,0.0
Wnt9a_Fzd5_Lrp6,1.0,0.4709807139067063,0.1986472152054429,0.09564814059362244,0.04048590018068069,0.017756565794168767,0.0
Wnt9a_Fzd6_Lrp5,1.0,0.5194528788818048,0.23136993361854316,0.10907117694679583,0.047120755941741276,0.01598536990347498,0.0
Wnt9a_Fzd6_Lrp6,1.0,0.5120248365219384,0.22220960333688874,0.11187038250181615,0.053045846973091275,0.022821811604939103,0.0
Wnt9a_Fzd7_Lrp5,1.0,0.3879030573393404,0.1351935877326673,0.05261578622059898,0.01987989708305113,0.005812427249473671,0.0
Wnt9a_Fzd7_Lrp6,1.0,0.4091463315713425,0.14967088567807363,0.062266177758929515,0.025209827823622397,0.00828610931618907,0.0
Wnt9a_Fzd8_Lrp5,1.0,0.42835242881033186,0.15701852370876263,0.06831887435608897,0.02864300743952254,0.010950187258613865,0.0
Wnt9a_Fzd8_Lrp6,1.0,0.42989495337024985,0.1623751668063123,0.07386899557072917,0.033467705401314184,0.013112711965776742,0.0
Wnt9a_Fzd9_Lrp5,1.0,0.5205008991835247,0.2311612107209654,0.11691972119687612,0.056720953747290206,0.024608040198083186,0.0
Wnt9a_Fzd9_Lrp6,1.0,0.5203280346441895,0.2347345566338195,0.12455711254428588,0.0657506067458495,0.02907292526840659,0.0
Wnt9b_Fzd10_Lrp5,1.0,0.4805106180842531,0.19334827747994263,0.07146736945403744,0.02588700395620546,0.002843014746539203,0.0
Wnt9b_Fzd10_Lrp6,1.0,0.4783160795294341,0.19410040936228595,0.07612117285686971,0.02966448463120638,0.005215233920557591,0.0
Wnt9b_Fzd1_Lrp5,1.0,0.4337513897565482,0.16644281196561497,0.06086981983773676,0.021077338550295963,0.0037397451882927126,0.0
Wnt9b_Fzd1_Lrp6,1.0,0.501450332177794,0.22570242351815528,0.10395103818536627,0.04808845087064348,0.01846919134128981,0.0
Wnt9b_Fzd2_Lrp5,1.0,0.4334895587761159,0.16634233993100703,0.06083307619844652,0.021064615362894477,0.0037374877173719455,0.0
Wnt9b_Fzd2_Lrp6,1.0,0.4679808737750472,0.18783952255228592,0.0744579765265195,0.03138940260858871,0.00882251193482503,0.0
Wnt9b_Fzd3_Lrp5,1.0,0.4334895587761159,0.16634233993100703,0.06083307619844652,0.021064615362894477,0.0037374877173719455,0.0
Wnt9b_Fzd3_Lrp6,1.0,0.5685550575268646,0.25643806710318157,0.10834662716188143,0.04596229046007916,0.013140288941351285,0.0
Wnt9b_Fzd4_Lrp5,1.0,0.475849241033201,0.1995914110580012,0.08641684558980904,0.0355710700636578,0.0129796879110039,0.0
Wnt9b_Fzd4_Lrp6,1.0,0.4755435029761673,0.19912504359932415,0.0881492650613748,0.03741970581818851,0.014854141928821505,0.0
Wnt9b_Fzd5_Lrp5,1.0,0.5033679595821373,0.21752767165890735,0.09124205894684399,0.029289377268698857,0.010692523309969351,0.0
Wnt9b_Fzd5_Lrp6,1.0,0.5033679595821373,0.21752767165890735,0.09124205894684399,0.029289377268698857,0.010692523309969351,0.0
Wnt9b_Fzd6_Lrp5,1.0,0.5492548005204924,0.257647425235735,0.10937265596114765,0.040890312678825286,0.008093838856307491,0.0
Wnt9b_Fzd6_Lrp6,1.0,0.5382173899073198,0.24256641211084626,0.10820001610629335,0.045146461499599166,0.016361132335464195,0.0
Wnt9b_Fzd7_Lrp5,1.0,0.43371141850456535,0.16652694594263695,0.060900588484114934,0.021087992782198996,0.003741635565125596,0.0
Wnt9b_Fzd7_Lrp6,1.0,0.45411991759571674,0.18079439958665988,0.0700674458303646,0.02574758623831042,0.005855952869420716,0.0
Wnt9b_Fzd8_Lrp5,1.0,0.4806561419209744,0.19509878010950643,0.08154167004467333,0.03197118488621144,0.01064006211118841,0.0
Wnt9b_Fzd8_Lrp6,1.0,0.48207532521964697,0.20094069569502107,0.08843991265734485,0.03856564092814809,0.01400310465614263,0.0
Wnt9b_Fzd9_Lrp5,1.0,0.5807426509172634,0.2862193000562137,0.14099880344211382,0.06901537295657227,0.029092763336906455,0.0
Wnt9b_Fzd9_Lrp6,1.0,0.5805372038181933,0.29041661162881655,0.15005633434724702,0.08041343825831794,0.03506685581526651,0.0
