time,pair,score_min,score_geometric_mean,ligand,receptor,ligand_n_subunits,receptor_n_subunits,is_multisubunit,score_difference,absolute_difference,symmetric_relative_difference
0.0,ADIPOQ_ADIPOR1,0.0021588830936837,0.0021588829999958,ADIPOQ,ADIPOR1,1,1,False,-9.368789988598025e-11,9.368789988598025e-11,4.3396467441931136e-08
0.0,ADIPOQ_ADIPOR2,0.0090950876472759,0.0090950877901702,ADIPOQ,ADIPOR2,1,1,False,1.428943005588046e-10,1.428943005588046e-10,1.571115132206223e-08
0.0,ADM_CALCR,0.0244096201085008,0.0244096212712549,ADM,CALCR,1,1,False,1.1627541013359277e-09,1.1627541013359277e-09,4.7635073416940013e-08
0.0,ADM_CALCRL,0.0717399156133978,0.0717399159298313,ADM,CALCRL,1,1,False,3.1643349052146164e-10,3.1643349052146164e-10,4.410842784245311e-09
0.0,AGRN_DAG1,8.030325268252412,8.03032525141176,AGRN,DAG1,1,1,False,-1.6840651539951068e-08,1.6840651539951068e-08,2.097131931446158e-09
0.0,AGT_AGTR1,0.0141006467672291,0.0141006440381443,AGT,AGTR1,1,1,False,-2.7290848001598755e-09,2.7290848001598755e-09,1.9354323565515177e-07
0.0,ANGPT1_TEK,0.0013379093340402,0.0013379092260596,ANGPT1,TEK,1,1,False,-1.0798059993898101e-10,1.0798059993898101e-10,8.070845848193817e-08
0.0,ANGPT2_ITGA5_ITGB1,0.0101328154549929,0.0397049337377654,ANGPT2,ITGA5_ITGB1,1,2,True,0.0295721182827725,0.0295721182827725,0.7447970692530067
0.0,ANGPT2_TEK,0.0020069851307088,0.0020069851097265,ANGPT2,TEK,1,1,False,-2.0982299665101012e-11,2.0982299665101012e-11,1.0454636331904844e-08
0.0,ANGPTL1_ITGA1_ITGB1,0.0038735143258427,0.0277127338384514,ANGPTL1,ITGA1_ITGB1,1,2,True,0.0238392195126087,0.0238392195126087,0.8602261924636175
0.0,ANGPTL2_ITGA5_ITGB1,0.117960337215325,0.4654544814856353,ANGPTL2,ITGA5_ITGB1,1,2,True,0.3474941442703103,0.3474941442703103,0.7465695531841915
0.0,ANGPTL4_CDH5,0.1036877005929748,0.103687689185312,ANGPTL4,CDH5,1,1,False,-1.1407662800499985e-08,1.1407662800499985e-08,1.1001944044723944e-07
0.0,ANGPTL4_ITGA5_ITGB1,0.1607355646357803,0.6071784782402212,ANGPTL4,ITGA5_ITGB1,1,2,True,0.4464429136044409,0.4464429136044409,0.7352746014620966
0.0,ANGPTL4_SDC2,2.620604282761014,2.620604361225096,ANGPTL4,SDC2,1,1,False,7.846408234257751e-08,7.846408234257751e-08,2.99412164245566e-08
0.0,ANGPTL4_SDC3,7.428027681977898,7.4280272404398895,ANGPTL4,SDC3,1,1,False,-4.4153800882185124e-07,4.4153800882185124e-07,5.944215984723965e-08
0.0,ANGPTL4_SDC4,2.372661625148926,2.372661454451745,ANGPTL4,SDC4,1,1,False,-1.7069718083462249e-07,1.7069718083462249e-07,7.194333107819715e-08
0.0,BAG6_NCR3,0.024362323221395,0.0243623257160179,BAG6,NCR3,1,1,False,2.4946228971423068e-09,2.4946228971423068e-09,1.0239674677291282e-07
0.0,BMP5_BMPR1A_ACVR2A,0.0180044398617081,0.0492448544136464,BMP5,BMPR1A_ACVR2A,1,2,True,0.031240414551938298,0.031240414551938298,0.63438941842584
0.0,BMP5_BMPR1A_BMPR2,0.0180044398617081,0.0301676347340676,BMP5,BMPR1A_BMPR2,1,2,True,0.0121631948723595,0.0121631948723595,0.40318689150077414
0.0,BMP6_BMPR1A_ACVR2A,0.0424941548997832,0.1159877751984407,BMP6,BMPR1A_ACVR2A,1,2,True,0.0734936202986575,0.0734936202986575,0.6336324683607305
0.0,BMP6_BMPR1A_BMPR2,0.0424941548997832,0.0722453013906779,BMP6,BMPR1A_BMPR2,1,2,True,0.029751146490894706,0.029751146490894706,0.41180735519408623
0.0,BMP7_BMPR1A_ACVR2A,0.0358762157443732,0.10516580574651,BMP7,BMPR1A_ACVR2A,1,2,True,0.0692895900021368,0.0692895900021368,0.6588604490812474
0.0,BMP7_BMPR1A_BMPR2,0.0358762157443732,0.0612772544794155,BMP7,BMPR1A_BMPR2,1,2,True,0.0254010387350423,0.0254010387350423,0.4145263842324254
0.0,BTC_ERBB2_ERBB4,0.0085840684489454,0.0149612294161274,BTC,ERBB2_ERBB4,1,2,True,0.006377160967181999,0.006377160967181999,0.4262457843409421
0.0,BTC_ERBB4,0.0276340902367758,0.0276340887213991,BTC,ERBB4,1,1,False,-1.5153766991238271e-09,1.5153766991238271e-09,5.483722048164786e-08
0.0,CALCB_CALCR,0.0026971495666525,0.0026971496207613,CALCB,CALCR,1,1,False,5.410879990591644e-11,5.410879990591644e-11,2.0061475080734915e-08
0.0,CALCB_CALCRL,0.0076946835811334,0.0076946836442278,CALCB,CALCRL,1,1,False,6.3094400364061e-11,6.3094400364061e-11,8.199739363084996e-09
0.0,CCK_CCKAR,0.0231104471978993,0.0231104495731633,CCK,CCKAR,1,1,False,2.37526399937682e-09,2.37526399937682e-09,1.027787880913863e-07
0.0,CCL19_ACKR4,0.0024993812678858,0.0024993814883157,CCL19,ACKR4,1,1,False,2.2042990002746343e-10,2.2042990002746343e-10,8.819377956424259e-08
0.0,CD34_SELP,0.0244526900473161,0.0244526864338608,CD34,SELP,1,1,False,-3.613455302337032e-09,3.613455302337032e-09,1.4777332454404706e-07
0.0,CD40LG_ITGA5_ITGB1,0.011856568294518,0.0441095235743791,CD40LG,ITGA5_ITGB1,1,2,True,0.0322529552798611,0.0322529552798611,0.731201624190635
0.0,CD40LG_ITGAM_ITGB2,0.0028475238209202,0.0062166280467959,CD40LG,ITGAM_ITGB2,1,2,True,0.0033691042258756996,0.0033691042258756996,0.5419504272275326
0.0,CDH15_CDH15,7.355048942407268e-07,7.355048941058441e-07,CDH15,CDH15,1,1,False,-1.3488269119107726e-16,1.3488269119107726e-16,1.8338789074995724e-10
0.0,CDH1_CDH1,0.2656952907340437,0.2656952869332876,CDH1,CDH1,1,1,False,-3.800756098737423e-09,3.800756098737423e-09,1.4304943411819494e-08
0.0,CDH1_ITGAE_ITGB7,0.0055630392334424,0.0101912096322511,CDH1,ITGAE_ITGB7,1,2,True,0.0046281703988087005,0.0046281703988087005,0.4541335686160741
0.0,CDH2_CDH2,10.178666933942669,10.178666785062514,CDH2,CDH2,1,1,False,-1.4888015442693359e-07,1.4888015442693359e-07,1.4626684947364262e-08
0.0,CDH5_CDH5,0.024544585095832,0.0245445814855024,CDH5,CDH5,1,1,False,-3.610329597780737e-09,3.610329597780737e-09,1.4709271245305425e-07
0.0,CLDN11_CLDN11,1.143784999192513,1.1437849948544156,CLDN11,CLDN11,1,1,False,-4.338097436829003e-09,4.338097436829003e-09,3.79275601611457e-09
0.0,CNTN1_NRCAM,13.136875093055888,13.136874510122512,CNTN1,NRCAM,1,1,False,-5.829333762363831e-07,5.829333762363831e-07,4.43738234631248e-08
0.0,CNTN2_CNTN2,0.0112700738968259,0.0112700713679896,CNTN2,CNTN2,1,1,False,-2.528836300086379e-09,2.528836300086379e-09,2.243850682113628e-07
0.0,CNTN2_L1CAM,0.3168154898837317,0.3168154434410232,CNTN2,L1CAM,1,1,False,-4.644270851228427e-08,4.644270851228427e-08,1.4659229108187957e-07
0.0,COL1A1_CD44,0.0017463692631305,0.0017463690385894,COL1A1,CD44,1,1,False,-2.2454110012309902e-10,2.2454110012309902e-10,1.285759574814046e-07
0.0,COL1A1_ITGA10_ITGB1,0.00079969647999,0.0078083498459128,COL1A1,ITGA10_ITGB1,1,2,True,0.0070086533659228,0.0070086533659228,0.8975844453987173
0.0,COL1A1_ITGA1_ITGB1,0.0143099596459585,0.0580342155374259,COL1A1,ITGA1_ITGB1,1,2,True,0.0437242558914674,0.0437242558914674,0.7534220198646419
0.0,COL1A1_ITGA3_ITGB1,0.0347134954587482,0.0980047034876845,COL1A1,ITGA3_ITGB1,1,2,True,0.0632912080289363,0.0632912080289363,0.6457976584449299
0.0,COL1A1_ITGA9_ITGB1,0.0109804108554275,0.0452235988194829,COL1A1,ITGA9_ITGB1,1,2,True,0.0342431879640554,0.0342431879640554,0.7571973230335441
0.0,COL1A1_SDC4,0.2733598597240826,0.2733598528933409,COL1A1,SDC4,1,1,False,-6.8307416944968224e-09,6.8307416944968224e-09,2.4988093355738007e-08
0.0,COL1A2_CD44,0.0045900464378497,0.0045900455049501,COL1A2,CD44,1,1,False,-9.328995995844247e-10,9.328995995844247e-10,2.0324404387103772e-07
0.0,COL1A2_ITGA10_ITGB1,0.0011797636658918,0.0113501446408444,COL1A2,ITGA10_ITGB1,1,2,True,0.0101703809749526,0.0101703809749526,0.8960573892912055
0.0,COL1A2_ITGA1_ITGB1,0.030462995818929,0.13037690561018,COL1A2,ITGA1_ITGB1,1,2,True,0.099913909791251,0.099913909791251,0.7663466878864902
0.0,COL1A2_ITGA3_ITGB1,0.0868050144568001,0.2421244507077656,COL1A2,ITGA3_ITGB1,1,2,True,0.1553194362509655,0.1553194362509655,0.6414859622683451
0.0,COL1A2_ITGA9_ITGB1,0.0220911792985133,0.0998593187133524,COL1A2,ITGA9_ITGB1,1,2,True,0.0777681394148391,0.0777681394148391,0.7787769876347109
0.0,COL1A2_SDC4,0.6774449796161546,0.6774449509678349,COL1A2,SDC4,1,1,False,-2.8648319716495507e-08,2.8648319716495507e-08,4.228877706456377e-08
0.0,COL4A1_CD44,0.0034998554253162,0.0034998548001795,COL4A1,CD44,1,1,False,-6.251366997840624e-10,6.251366997840624e-10,1.7861786383007047e-07
0.0,COL4A1_ITGA10_ITGB1,0.0009124372348424,0.008756882897982,COL4A1,ITGA10_ITGB1,1,2,True,0.0078444456631396,0.0078444456631396,0.8958034216658683
0.0,COL4A1_ITGA1_ITGB1,0.0244399040726408,0.1050974697032638,COL4A1,ITGA1_ITGB1,1,2,True,0.08065756563062298,0.08065756563062298,0.7674548764908864
0.0,COL4A1_ITGA3_ITGB1,0.0693483249903093,0.1964300537759132,COL4A1,ITGA3_ITGB1,1,2,True,0.1270817287856039,0.1270817287856039,0.6469566461076183
0.0,COL4A1_ITGA9_ITGB1,0.0181662941914539,0.0811986025886346,COL4A1,ITGA9_ITGB1,1,2,True,0.06303230839718069,0.06303230839718069,0.7762733149055862
0.0,COL4A1_SDC4,0.572792576453709,0.5727925742441277,COL4A1,SDC4,1,1,False,-2.209581295709029e-09,2.209581295709029e-09,3.857559239662386e-09
0.0,COL4A2_CD44,0.0028298922504267,0.0028298916109326,COL4A2,CD44,1,1,False,-6.394941000353871e-10,6.394941000353871e-10,2.2597825056376694e-07
0.0,COL4A2_ITGA10_ITGB1,0.0005493343124634,0.005203231365006,COL4A2,ITGA10_ITGB1,1,2,True,0.0046538970525426,0.0046538970525426,0.8944243924731249
0.0,COL4A2_ITGA1_ITGB1,0.0156716866992711,0.0733690304247705,COL4A2,ITGA1_ITGB1,1,2,True,0.057697343725499395,0.057697343725499395,0.7863991576753875
0.0,COL4A2_ITGA3_ITGB1,0.0528370905597249,0.146738988828404,COL4A2,ITGA3_ITGB1,1,2,True,0.09390189826867909,0.09390189826867909,0.639924665001526
0.0,COL4A2_ITGA9_ITGB1,0.0137310936594573,0.0633021468923685,COL4A2,ITGA9_ITGB1,1,2,True,0.0495710532329112,0.0495710532329112,0.7830864459809865
0.0,COL4A2_SDC4,0.4528483369628464,0.4528483044702331,COL4A2,SDC4,1,1,False,-3.249261326665476e-08,3.249261326665476e-08,7.175164534019387e-08
0.0,COL6A1_CD44,0.0014476976525292,0.0014476973837507,COL6A1,CD44,1,1,False,-2.687784998907372e-10,2.687784998907372e-10,1.856592772815289e-07
0.0,COL6A1_ITGA10_ITGB1,0.0004765051970808,0.0045903047465631,COL6A1,ITGA10_ITGB1,1,2,True,0.0041137995494823,0.0041137995494823,0.8961931236836566
0.0,COL6A1_ITGA1_ITGB1,0.0111406700694725,0.0464613025322677,COL6A1,ITGA1_ITGB1,1,2,True,0.035320632462795196,0.035320632462795196,0.7602161484444989
0.0,COL6A1_ITGA3_ITGB1,0.0309514914500362,0.0850587600265454,COL6A1,ITGA3_ITGB1,1,2,True,0.0541072685765092,0.0541072685765092,0.6361163572055746
0.0,COL6A1_ITGA9_ITGB1,0.0097170546927238,0.0417526678787007,COL6A1,ITGA9_ITGB1,1,2,True,0.032035613185976905,0.032035613185976905,0.7672710467040416
0.0,COL6A1_SDC4,0.2487025071930724,0.2487025086079363,COL6A1,SDC4,1,1,False,1.4148638927125035e-09,1.4148638927125035e-09,5.688981187330709e-09
0.0,COL6A2_CD44,0.0018448816352415,0.0018448813086049,COL6A2,CD44,1,1,False,-3.266366001460075e-10,3.266366001460075e-10,1.770501662038876e-07
0.0,COL6A2_ITGA10_ITGB1,0.0004486183453602,0.004287384899197,COL6A2,ITGA10_ITGB1,1,2,True,0.0038387665538367997,0.0038387665538367997,0.8953631745439455
0.0,COL6A2_ITGA1_ITGB1,0.0124108626722683,0.0556959619310995,COL6A2,ITGA1_ITGB1,1,2,True,0.0432850992588312,0.0432850992588312,0.7771676394130411
0.0,COL6A2_ITGA3_ITGB1,0.0378297886382977,0.1076444271903976,COL6A2,ITGA3_ITGB1,1,2,True,0.0698146385520999,0.0698146385520999,0.64856714252949
0.0,COL6A2_ITGA9_ITGB1,0.0114590555035546,0.0499174476515936,COL6A2,ITGA9_ITGB1,1,2,True,0.038458392148039006,0.038458392148039006,0.770439875381153
0.0,COL6A2_SDC4,0.3329572936615871,0.3329572811320751,COL6A2,SDC4,1,1,False,-1.2529511983494501e-08,1.2529511983494501e-08,3.763098818381589e-08
0.0,COL6A3_CD44,0.001280218815698,0.0012802186578116,COL6A3,CD44,1,1,False,-1.5788640013447708e-10,1.5788640013447708e-10,1.2332766726943812e-07
0.0,COL6A3_ITGA10_ITGB1,0.000309256751737,0.0029878025951053,COL6A3,ITGA10_ITGB1,1,2,True,0.0026785458433683,0.0026785458433683,0.8964935795143787
0.0,COL6A3_ITGA1_ITGB1,0.0082769906957316,0.0380629197201244,COL6A3,ITGA1_ITGB1,1,2,True,0.029785929024392796,0.029785929024392796,0.7825445142781455
0.0,COL6A3_ITGA3_ITGB1,0.0241281516743735,0.0700796668742322,COL6A3,ITGA3_ITGB1,1,2,True,0.0459515151998587,0.0459515151998587,0.655703961640188
0.0,COL6A3_ITGA9_ITGB1,0.0073716951185008,0.0318596936422954,COL6A3,ITGA9_ITGB1,1,2,True,0.0244879985237946,0.0244879985237946,0.7686200249987811
0.0,COL6A3_SDC4,0.2249307205757134,0.224930724456274,COL6A3,SDC4,1,1,False,3.8805605950820166e-09,3.8805605950820166e-09,1.72522477952379e-08
0.0,COL6A6_CD44,0.000550879195752,0.0005508790621605,COL6A6,CD44,1,1,False,-1.3359149994996572e-10,1.3359149994996572e-10,2.4250598131156725e-07
0.0,COL6A6_ITGA10_ITGB1,4.957885398369727e-05,0.0004535301615039,COL6A6,ITGA10_ITGB1,1,2,True,0.0004039513075202027,0.0004039513075202027,0.8906823444348344
0.0,COL6A6_ITGA1_ITGB1,0.0032804612765802,0.0151454294346845,COL6A6,ITGA1_ITGB1,1,2,True,0.0118649681581043,0.0118649681581043,0.7834025577995415
0.0,COL6A6_ITGA3_ITGB1,0.0102337524566452,0.0293453149720504,COL6A6,ITGA3_ITGB1,1,2,True,0.0191115625154052,0.0191115625154052,0.651264521563588
0.0,COL6A6_ITGA9_ITGB1,0.0023514322082802,0.0113273306583807,COL6A6,ITGA9_ITGB1,1,2,True,0.008975898450100502,0.008975898450100502,0.7924107383110198
0.0,COL6A6_SDC4,0.0910856056280534,0.091085601002346,COL6A6,SDC4,1,1,False,-4.625707400451873e-09,4.625707400451873e-09,5.078417570544433e-08
0.0,COL9A2_CD44,0.0008624360811571,0.0008624360094072,COL9A2,CD44,1,1,False,-7.174989996670128e-11,7.174989996670128e-11,8.319445525799081e-08
0.0,COL9A2_ITGA10_ITGB1,5.902035978336242e-05,0.0005376795541469,COL9A2,ITGA10_ITGB1,1,2,True,0.0004786591943635376,0.0004786591943635376,0.8902313481549321
0.0,COL9A2_ITGA1_ITGB1,0.0035335211311276,0.0187583519483298,COL9A2,ITGA1_ITGB1,1,2,True,0.0152248308172022,0.0152248308172022,0.8116294469332517
0.0,COL9A2_ITGA3_ITGB1,0.012620077674182,0.0375803914427451,COL9A2,ITGA3_ITGB1,1,2,True,0.0249603137685631,0.0249603137685631,0.6641845071409359
0.0,COL9A2_ITGA9_ITGB1,0.0023729758456906,0.0119440137504528,COL9A2,ITGA9_ITGB1,1,2,True,0.0095710379047622,0.0095710379047622,0.8013250909393301
0.0,COL9A2_SDC4,0.1111921578808696,0.1111921613879002,COL9A2,SDC4,1,1,False,3.507030596483496e-09,3.507030596483496e-09,3.154026824111297e-08
0.0,COMP_ITGA3_ITGB1,0.0357654729264996,0.095206842194043,COMP,ITGA3_ITGB1,1,2,True,0.059441369267543405,0.059441369267543405,0.6243392585839024
0.0,COMP_SDC4,0.2822744921469038,0.2822744917869505,COMP,SDC4,1,1,False,-3.5995328939719684e-10,3.5995328939719684e-10,1.2751888654886561e-09
0.0,CSPG4_ITGA3_ITGB1,0.0140306816570126,0.0381052814733843,CSPG4,ITGA3_ITGB1,1,2,True,0.0240745998163717,0.0240745998163717,0.6317916804574001
0.0,CXCL12_ACKR3,0.0170625928793557,0.0170625930216062,CXCL12,ACKR3,1,1,False,1.4225049957405922e-10,1.4225049957405922e-10,8.336980164382328e-09
0.0,CXCL12_CXCR4,0.090227757888879,0.0902277546312282,CXCL12,CXCR4,1,1,False,-3.25765080189111e-09,3.25765080189111e-09,3.6104751776089856e-08
0.0,DLL1_NOTCH3,0.0333469143286243,0.0333469175053612,DLL1,NOTCH3,1,1,False,3.1767369013113722e-09,3.1767369013113722e-09,9.526328485385933e-08
0.0,DLL4_NOTCH3,0.0048610538896612,0.0048610543738668,DLL4,NOTCH3,1,1,False,4.842055992271277e-10,4.842055992271277e-10,9.960917158841796e-08
0.0,EDN1_EDNRA,0.0005199319735703,0.0005199318622212,EDN1,EDNRA,1,1,False,-1.113490999708408e-10,1.113490999708408e-10,2.141609011006231e-07
0.0,EDN1_EDNRB,0.0286200869779621,0.0286200843503365,EDN1,EDNRB,1,1,False,-2.6276255997437215e-09,2.6276255997437215e-09,9.181053858316479e-08
0.0,EDN2_EDNRA,0.0019018810077825,0.0019018807278109,EDN2,EDNRA,1,1,False,-2.7997159993999043e-10,2.7997159993999043e-10,1.4720773738964016e-07
0.0,EDN2_EDNRB,0.1632273836521098,0.1632273689893872,EDN2,EDNRB,1,1,False,-1.46627225916518e-08,1.46627225916518e-08,8.983004115842959e-08
0.0,EFNA1_EPHA2,0.0804962584879861,0.0804962608563214,EFNA1,EPHA2,1,1,False,2.3683353056469514e-09,2.3683353056469514e-09,2.94216809632216e-08
0.0,EFNA1_EPHA3,0.3463462763679936,0.3463463002913833,EFNA1,EPHA3,1,1,False,2.3923389713687016e-08,2.3923389713687016e-08,6.90736112773837e-08
0.0,EFNA1_EPHA4,0.6133719238974403,0.613371920391499,EFNA1,EPHA4,1,1,False,-3.5059413150406726e-09,3.5059413150406726e-09,5.715849028047277e-09
0.0,EFNA1_EPHA5,1.4948962261605971,1.4948962919995814,EFNA1,EPHA5,1,1,False,6.583898426448798e-08,6.583898426448798e-08,4.4042509582000095e-08
0.0,EFNA1_EPHA8,0.0365161221004741,0.0365161210715909,EFNA1,EPHA8,1,1,False,-1.0288832008598092e-09,1.0288832008598092e-09,2.8176135407501304e-08
0.0,EFNA3_EPHA2,0.1030871509471201,0.1030871476618481,EFNA3,EPHA2,1,1,False,-3.2852719988873957e-09,3.2852719988873957e-09,3.186887957135045e-08
0.0,EFNA3_EPHA3,0.4583553503858799,0.458355348330723,EFNA3,EPHA3,1,1,False,-2.0551568780113882e-09,2.0551568780113882e-09,4.48376325547677e-09
0.0,EFNA3_EPHA4,0.7813946016287417,0.781394546279135,EFNA3,EPHA4,1,1,False,-5.534960678676981e-08,5.534960678676981e-08,7.083438594456488e-08
0.0,EFNA3_EPHA5,1.891011531373224,1.8910114672140932,EFNA3,EPHA5,1,1,False,-6.415913089696801e-08,6.415913089696801e-08,3.392847152570065e-08
0.0,EFNA3_EPHA8,0.0486012824175619,0.0486012787108084,EFNA3,EPHA8,1,1,False,-3.7067534944257297e-09,3.7067534944257297e-09,7.626863551827406e-08
0.0,EFNA5_EPHA2,0.1306470321952225,0.130647027533535,EFNA5,EPHA2,1,1,False,-4.661687508233925e-09,4.661687508233925e-09,3.56815415544081e-08
0.0,EFNA5_EPHA3,0.6116868331274674,0.6116868230618097,EFNA5,EPHA3,1,1,False,-1.0065657751745505e-08,1.0065657751745505e-08,1.645557368021351e-08
0.0,EFNA5_EPHA4,1.0419733216652085,1.0419732595993287,EFNA5,EPHA4,1,1,False,-6.206587976897993e-08,6.206587976897993e-08,5.956570910068081e-08
0.0,EFNA5_EPHA5,2.518876050022918,2.5188759733003425,EFNA5,EPHA5,1,1,False,-7.672257540392025e-08,7.672257540392025e-08,3.0459051529439963e-08
0.0,EFNA5_EPHA8,0.0766086465945277,0.0766086436986767,EFNA5,EPHA8,1,1,False,-2.8958509895593565e-09,2.8958509895593565e-09,3.7800576283333175e-08
0.0,EFNA5_EPHB2,0.4918574253224279,0.4918574005707921,EFNA5,EPHB2,1,1,False,-2.475163579651607e-08,2.475163579651607e-08,5.032278567369518e-08
0.0,EFNB1_EPHA4,5.590115625612883,5.590114943918273,EFNB1,EPHA4,1,1,False,-6.816946100940413e-07,6.816946100940413e-07,1.21946423964943e-07
0.0,EFNB1_EPHB1,1.3800654494225602,1.3800653735518138,EFNB1,EPHB1,1,1,False,-7.587074635218016e-08,7.587074635218016e-08,5.497619434203328e-08
0.0,EFNB1_EPHB2,2.850396293287548,2.850396032699993,EFNB1,EPHB2,1,1,False,-2.6058755508984177e-07,2.6058755508984177e-07,9.142151766879023e-08
0.0,EFNB1_EPHB3,0.3843288748819669,0.3843288105590742,EFNB1,EPHB3,1,1,False,-6.43228926788808e-08,6.43228926788808e-08,1.6736419478925522e-07
0.0,EFNB2_EPHA4,1.9827223966180296,1.9827222685392023,EFNB2,EPHA4,1,1,False,-1.2807882732168707e-07,1.2807882732168707e-07,6.459745829277651e-08
0.0,EFNB2_EPHB1,0.50079667965933,0.5007966820669383,EFNB2,EPHB1,1,1,False,2.4076083349200417e-09,2.4076083349200417e-09,4.807556481770445e-09
0.0,EFNB2_EPHB2,1.0010930877052515,1.0010930523128618,EFNB2,EPHB2,1,1,False,-3.539238968564007e-08,3.539238968564007e-08,3.535374494170969e-08
0.0,EFNB2_EPHB3,0.1452101910474124,0.1452101747617641,EFNB2,EPHB3,1,1,False,-1.6285648302138966e-08,1.6285648302138966e-08,1.121522407254568e-07
0.0,EFNB3_EPHA4,0.693831301634945,0.6938312848748727,EFNB3,EPHA4,1,1,False,-1.676007232997989e-08,1.676007232997989e-08,2.4155831958700097e-08
0.0,EFNB3_EPHB1,0.1787081320536616,0.1787081399863339,EFNB3,EPHB1,1,1,False,7.9326722968176e-09,7.9326722968176e-09,4.4388981371661214e-08
0.0,EFNB3_EPHB2,0.3364871173403861,0.3364871214923256,EFNB3,EPHB2,1,1,False,4.151939514418501e-09,4.151939514418501e-09,1.2339074066206708e-08
0.0,EFNB3_EPHB3,0.0545529655518685,0.0545529616752323,EFNB3,EPHB3,1,1,False,-3.876636199551253e-09,3.876636199551253e-09,7.106187831100366e-08
0.0,ESAM_ESAM,0.0141782422438949,0.0141782427948859,ESAM,ESAM,1,1,False,5.509910010886854e-10,5.509910010886854e-10,3.886172701792271e-08
0.0,FGF10_FGFR1,0.2546584266877031,0.2546584233129296,FGF10,FGFR1,1,1,False,-3.3747735161959724e-09,3.3747735161959724e-09,1.3252157252721034e-08
0.0,FGF17_FGFR1,1.15886558495162,1.158865517491486,FGF17,FGFR1,1,1,False,-6.746013414549168e-08,6.746013414549168e-08,5.821221634457976e-08
0.0,FGF17_FGFR3,0.2065767775093034,0.2065767641645753,FGF17,FGFR3,1,1,False,-1.3344728100328496e-08,1.3344728100328496e-08,6.459936233504031e-08
0.0,FGF17_FGFR4,0.146572640909252,0.1465726339029722,FGF17,FGFR4,1,1,False,-7.0062798063208476e-09,7.0062798063208476e-09,4.780073390816959e-08
0.0,FGF18_FGFR1,0.0708271805574641,0.0708271846294597,FGF18,FGFR1,1,1,False,4.071995587939803e-09,4.071995587939803e-09,5.7491987140854196e-08
0.0,FGF18_FGFR3,0.0158902574150062,0.0158902589100963,FGF18,FGFR3,1,1,False,1.4950901003341066e-09,1.4950901003341066e-09,9.408846695280472e-08
0.0,FGF18_FGFR4,0.0112337883019854,0.0112337896075322,FGF18,FGFR4,1,1,False,1.3055468008754678e-09,1.3055468008754678e-09,1.1621606301048268e-07
0.0,FGF2_FGFR1,0.9135629703565068,0.9135629805653684,FGF2,FGFR1,1,1,False,1.020886164493362e-08,1.020886164493362e-08,1.1174775972879018e-08
0.0,FGF2_FGFR3,0.126755014714215,0.1267550122546245,FGF2,FGFR3,1,1,False,-2.4595905034896504e-09,2.4595905034896504e-09,1.9404285574303348e-08
0.0,FGF2_FGFR4,0.0881930701373808,0.0881930676395969,FGF2,FGFR4,1,1,False,-2.497783896382444e-09,2.497783896382444e-09,2.8321770548316058e-08
0.0,FGF7_FGFR1,0.1507196520516554,0.1507196693935874,FGF7,FGFR1,1,1,False,1.7341932001535554e-08,1.7341932001535554e-08,1.1506084156971613e-07
0.0,FGF8_FGFR1,0.0436469552964601,0.0436469492946123,FGF8,FGFR1,1,1,False,-6.001847803471794e-09,6.001847803471794e-09,1.375089685570476e-07
0.0,FGF8_FGFR3,0.0052729543019417,0.0052729535300629,FGF8,FGFR3,1,1,False,-7.718787995922294e-10,7.718787995922294e-10,1.46384503902868e-07
0.0,FGF8_FGFR4,0.0032356141121614,0.0032356136631504,FGF8,FGFR4,1,1,False,-4.490109998221692e-10,4.490109998221692e-10,1.3877149259997155e-07
0.0,FGF9_FGFR1,0.3931300174985752,0.393129969163893,FGF9,FGFR1,1,1,False,-4.8334682201112145e-08,4.8334682201112145e-08,1.229483378263969e-07
0.0,FGF9_FGFR3,0.0555767711249788,0.0555767649464369,FGF9,FGFR3,1,1,False,-6.17854190032574e-09,6.17854190032574e-09,1.1117130008203759e-07
0.0,FGF9_FGFR4,0.0413826005560933,0.0413825951270516,FGF9,FGFR4,1,1,False,-5.429041702309512e-09,5.429041702309512e-09,1.311914096590076e-07
0.0,FN1_CD44,0.0046909021668374,0.0046909014568246,FN1,CD44,1,1,False,-7.100128002895945e-10,7.100128002895945e-10,1.5135954130722878e-07
0.0,FN1_ITGA3_ITGB1,0.0828044858451216,0.2319008906441602,FN1,ITGA3_ITGB1,1,2,True,0.1490964047990386,0.1490964047990386,0.6429315747123164
0.0,FN1_ITGA4_ITGB1,0.0076516295445665,0.0595006845515205,FN1,ITGA4_ITGB1,1,2,True,0.051849055006954,0.051849055006954,0.871402663645977
0.0,FN1_ITGA4_ITGB7,0.0051936728901711,0.009747067314227,FN1,ITGA4_ITGB7,1,2,True,0.0045533944240559,0.0045533944240559,0.46715532757321593
0.0,FN1_ITGA5_ITGB1,0.0372737319769941,0.1463161862171643,FN1,ITGA5_ITGB1,1,2,True,0.1090424542401702,0.1090424542401702,0.7452521628627473
0.0,FN1_ITGA8_ITGB1,0.010259138989223,0.0717225749950722,FN1,ITGA8_ITGB1,1,2,True,0.061463436005849206,0.061463436005849206,0.8569608105965539
0.0,FN1_SDC4,0.7030179073195171,0.7030179264678776,FN1,SDC4,1,1,False,1.9148360563825406e-08,1.9148360563825406e-08,2.723737168414913e-08
0.0,GAL_GALR1,0.0006866180834856,0.0006866180980472,GAL,GALR1,1,1,False,1.4561599972692796e-11,1.4561599972692796e-11,2.120771359523907e-08
0.0,GAL_GALR2,3.1427419123398574e-05,3.1427413337722416e-05,GAL,GALR2,1,1,False,-5.785676157729538e-12,5.785676157729538e-12,1.840964456868793e-07
0.0,GAS6_AXL,0.6234864665632615,0.6234864172314498,GAS6,AXL,1,1,False,-4.9331811635688894e-08,4.9331811635688894e-08,7.912250591037246e-08
0.0,GAS6_MERTK,0.0038686164182712,0.003868616291599,GAS6,MERTK,1,1,False,-1.266722000729803e-10,1.266722000729803e-10,3.274354094004164e-08
0.0,GAS6_TYRO3,0.2700018837079564,0.270001868880358,GAS6,TYRO3,1,1,False,-1.4827598426858657e-08,1.4827598426858657e-08,5.491664807382126e-08
0.0,GDF10_ACVR1B_ACVR2A,0.3680202906866611,1.1174176679785397,GDF10,ACVR1B_ACVR2A,1,2,True,0.7493973772918786,0.7493973772918786,0.6706510902477255
0.0,GDF5_BMPR1A_ACVR2A,0.0121541612080674,0.0328609023476083,GDF5,BMPR1A_ACVR2A,1,2,True,0.0207067411395409,0.0207067411395409,0.6301330657479036
0.0,GDF5_BMPR1A_BMPR2,0.0121541612080674,0.0181506912544808,GDF5,BMPR1A_BMPR2,1,2,True,0.005996530046413401,0.005996530046413401,0.33037474784510246
0.0,GDNF_GFRA1_RET,0.0014793288450038,0.0027836804744745,GDNF,GFRA1_RET,1,2,True,0.0013043516294706998,0.0013043516294706998,0.46857088715145506
0.0,GRN_SORT1,5.2028834617865165,5.2028832112752905,GRN,SORT1,1,1,False,-2.5051122598540587e-07,2.5051122598540587e-07,4.814853683064962e-08
0.0,HBEGF_ERBB2_ERBB4,0.0934864026483261,0.1461998491627438,HBEGF,ERBB2_ERBB4,1,2,True,0.052713446514417714,0.052713446514417714,0.36055746169573144
0.0,HBEGF_ERBB4,0.2432401245333525,0.2432401376205696,HBEGF,ERBB4,1,1,False,1.3087217087814906e-08,1.3087217087814906e-08,5.380369052507963e-08
0.0,HSPG2_DAG1,1.0852377783276526,1.0852377176333945,HSPG2,DAG1,1,1,False,-6.069425806387585e-08,6.069425806387585e-08,5.5927151888690676e-08
0.0,IHH_PTCH1_SMO,0.0050887940401895,0.0065953316853061,IHH,PTCH1_SMO,1,2,True,0.0015065376451166004,0.0015065376451166004,0.22842484912063668
0.0,IHH_PTCH2_SMO,0.002677187489881,0.0037231437091728,IHH,PTCH2_SMO,1,2,True,0.0010459562192917998,0.0010459562192917998,0.280933614438479
0.0,INHBB_ACVR1B_ACVR2A,0.0943037134167658,0.2960555446724575,INHBB,ACVR1B_ACVR2A,1,2,True,0.20175183125569168,0.20175183125569168,0.6814661467627665
0.0,INHBB_ACVR1C_ACVR2A,0.0068466456585283,0.0721470546580794,INHBB,ACVR1C_ACVR2A,1,2,True,0.0653004089995511,0.0653004089995511,0.9051015222870006
0.0,JAG1_NOTCH3,0.0341379364376912,0.0341379383563508,JAG1,NOTCH3,1,1,False,1.918659599253747e-09,1.918659599253747e-09,5.620314792374719e-08
0.0,JAG2_NOTCH3,0.0179640674356699,0.0179640707179568,JAG2,NOTCH3,1,1,False,3.2822869006077227e-09,3.2822869006077227e-09,1.8271398237854653e-07
0.0,JAM2_ITGA3_ITGB1,0.4171847142506273,1.1803595815672814,JAM2,ITGA3_ITGB1,1,2,True,0.7631748673166541,0.7631748673166541,0.6465613354053605
0.0,JAM2_JAM2,3.739753221874008,3.739752770296336,JAM2,JAM2,1,1,False,-4.515776721447651e-07,4.515776721447651e-07,1.2075066063275625e-07
0.0,JAM2_JAM3,0.4779414796735968,0.4779414512467284,JAM2,JAM3,1,1,False,-2.8426868414754836e-08,2.8426868414754836e-08,5.947771772010363e-08
0.0,JAM3_ITGAM_ITGB2,0.007994534570857,0.0183221317342568,JAM3,ITGAM_ITGB2,1,2,True,0.0103275971633998,0.0103275971633998,0.5636678806369644
0.0,JAM3_JAM2,0.5501711904314373,0.5501711491184771,JAM3,JAM2,1,1,False,-4.131296016396391e-08,4.131296016396391e-08,7.509110052012504e-08
0.0,JAM3_JAM3,0.0942572683572622,0.0942572642638984,JAM3,JAM3,1,1,False,-4.093363800694583e-09,4.093363800694583e-09,4.342756661671496e-08
0.0,L1CAM_ITGA4_ITGB7,0.0450257476066571,0.0807358454738245,L1CAM,ITGA4_ITGB7,1,2,True,0.0357100978671674,0.0357100978671674,0.44230784551262337
0.0,L1CAM_L1CAM,9.722618735236164,9.722617957749808,L1CAM,L1CAM,1,1,False,-7.774863561849088e-07,7.774863561849088e-07,7.996676382744361e-08
0.0,LAMA1_CD44,0.0032849488705938,0.0032849484313594,LAMA1,CD44,1,1,False,-4.392344001534487e-10,4.392344001534487e-10,1.3371118317407816e-07
0.0,LAMA1_DAG1,0.5248758771574676,0.5248758481484613,LAMA1,DAG1,1,1,False,-2.900900630820047e-08,2.900900630820047e-08,5.526831689294324e-08
0.0,LAMA1_ITGA1_ITGB1,0.0114803163531994,0.0652178863548824,LAMA1,ITGA1_ITGB1,1,2,True,0.053737570001683006,0.053737570001683006,0.8239698187897506
0.0,LAMA1_ITGA3_ITGB1,0.0443882810211717,0.1348150918065206,LAMA1,ITGA3_ITGB1,1,2,True,0.0904268107853489,0.0904268107853489,0.6707469436368787
0.0,LAMA1_ITGA6_ITGB1,0.2686000002094891,0.3548194250909567,LAMA1,ITGA6_ITGB1,1,2,True,0.08621942488146761,0.08621942488146761,0.2429952217507978
0.0,LAMA1_ITGA6_ITGB4,0.228344342790402,0.2774468390823476,LAMA1,ITGA6_ITGB4,1,2,True,0.049102496291945574,0.049102496291945574,0.1769798367656721
0.0,LAMA1_ITGA7_ITGB1,0.0114710006715313,0.0691132203880477,LAMA1,ITGA7_ITGB1,1,2,True,0.057642219716516396,0.057642219716516396,0.8340259561466612
0.0,LAMA1_ITGA9_ITGB1,0.0067698836623695,0.0363185157328388,LAMA1,ITGA9_ITGB1,1,2,True,0.0295486320704693,0.0295486320704693,0.8135969070936385
0.0,LAMA1_SV2A,0.4100701648067401,0.4100701542843705,LAMA1,SV2A,1,1,False,-1.0522369586762892e-08,1.0522369586762892e-08,2.5659924788046766e-08
0.0,LAMA1_SV2B,0.3794316451326965,0.379431642310471,LAMA1,SV2B,1,1,False,-2.8222255088472536e-09,2.8222255088472536e-09,7.4380340834783364e-09
0.0,LAMA2_CD44,0.0017452660324911,0.0017452659604165,LAMA2,CD44,1,1,False,-7.207459997750354e-11,7.207459997750354e-11,4.1297199759642424e-08
0.0,LAMA2_DAG1,0.2753682447589993,0.2753682623442351,LAMA2,DAG1,1,1,False,1.7585235823069922e-08,1.7585235823069922e-08,6.386079380886238e-08
0.0,LAMA2_ITGA1_ITGB1,0.0073107529096511,0.0386349256640087,LAMA2,ITGA1_ITGB1,1,2,True,0.0313241727543576,0.0313241727543576,0.8107734702732556
0.0,LAMA2_ITGA3_ITGB1,0.0268933192879245,0.0791250497106387,LAMA2,ITGA3_ITGB1,1,2,True,0.0522317304227142,0.0522317304227142,0.6601162414902271
0.0,LAMA2_ITGA6_ITGB1,0.1406935169309811,0.1905062640293356,LAMA2,ITGA6_ITGB1,1,2,True,0.04981274709835451,0.04981274709835451,0.26147563888337005
0.0,LAMA2_ITGA6_ITGB4,0.1124212690820605,0.1376623802561595,LAMA2,ITGA6_ITGB4,1,2,True,0.02524111117409901,0.02524111117409901,0.1833551848161483
0.0,LAMA2_ITGA7_ITGB1,0.0071915007917352,0.0409361858573235,LAMA2,ITGA7_ITGB1,1,2,True,0.033744685065588295,0.033744685065588295,0.8243241122463137
0.0,LAMA2_ITGA9_ITGB1,0.0053359235101156,0.0262857596590575,LAMA2,ITGA9_ITGB1,1,2,True,0.0209498361489419,0.0209498361489419,0.7970032603460652
0.0,LAMA2_SV2A,0.2562797044359962,0.2562797257604203,LAMA2,SV2A,1,1,False,2.13244241153987e-08,2.13244241153987e-08,8.320761251061098e-08
0.0,LAMA2_SV2B,0.2484326519843217,0.2484326732392127,LAMA2,SV2B,1,1,False,2.1254890986144304e-08,2.1254890986144304e-08,8.555594040433738e-08
0.0,LAMA3_CD44,6.521794242462789e-05,6.521793565884169e-05,LAMA3,CD44,1,1,False,-6.765786200605209e-12,6.765786200605209e-12,1.0374117840998128e-07
0.0,LAMA3_DAG1,0.0112566724199317,0.011256671528448,LAMA3,DAG1,1,1,False,-8.914836993612063e-10,8.914836993612063e-10,7.919602402062398e-08
0.0,LAMA3_ITGA1_ITGB1,0.000247928018586,0.0014095422873287,LAMA3,ITGA1_ITGB1,1,2,True,0.0011616142687427,0.0011616142687427,0.8241074277694344
0.0,LAMA3_ITGA3_ITGB1,0.0008041300319693,0.0026133965984656,LAMA3,ITGA3_ITGB1,1,2,True,0.0018092665664962999,0.0018092665664962999,0.6923046305174546
0.0,LAMA3_ITGA6_ITGB1,0.0056000480220602,0.0074632899312986,LAMA3,ITGA6_ITGB1,1,2,True,0.0018632419092384006,0.0018632419092384006,0.24965423109513307
0.0,LAMA3_ITGA6_ITGB4,0.0052846067277743,0.0064413326489206,LAMA3,ITGA6_ITGB4,1,2,True,0.0011567259211462998,0.0011567259211462998,0.17957866550179444
0.0,LAMA3_ITGA7_ITGB1,0.0002849313276461,0.0016324157983994,LAMA3,ITGA7_ITGB1,1,2,True,0.0013474844707533,0.0013474844707533,0.8254541962130738
0.0,LAMA3_ITGA9_ITGB1,0.000165525607908,0.0007357701201484,LAMA3,ITGA9_ITGB1,1,2,True,0.0005702445122404,0.0005702445122404,0.7750308100652218
0.0,LAMA3_SV2A,0.0097513085430326,0.0097513081830707,LAMA3,SV2A,1,1,False,-3.599619005645316e-10,3.599619005645316e-10,3.691421504878211e-08
0.0,LAMA3_SV2B,0.0079075763432813,0.0079075761251442,LAMA3,SV2B,1,1,False,-2.181371003967536e-10,2.181371003967536e-10,2.7585835523686666e-08
0.0,LAMA4_CD44,0.0031766647069664,0.0031766641931255,LAMA4,CD44,1,1,False,-5.138408999509625e-10,5.138408999509625e-10,1.61754842688973e-07
0.0,LAMA4_DAG1,0.4940924554042346,0.494092444406722,LAMA4,DAG1,1,1,False,-1.0997512567278989e-08,1.0997512567278989e-08,2.2258005454225228e-08
0.0,LAMA4_ITGA1_ITGB1,0.0140597780363525,0.0710713899947734,LAMA4,ITGA1_ITGB1,1,2,True,0.0570116119584209,0.0570116119584209,0.8021738700004818
0.0,LAMA4_ITGA3_ITGB1,0.0560093243326577,0.1577979590543437,LAMA4,ITGA3_ITGB1,1,2,True,0.101788634721686,0.101788634721686,0.6450567252687421
0.0,LAMA4_ITGA6_ITGB1,0.2442564306487079,0.3392343016457392,LAMA4,ITGA6_ITGB1,1,2,True,0.09497787099703131,0.09497787099703131,0.2799772031786345
0.0,LAMA4_ITGA6_ITGB4,0.185409881294778,0.2277643413353879,LAMA4,ITGA6_ITGB4,1,2,True,0.04235446004060989,0.04235446004060989,0.18595737942245327
0.0,LAMA4_ITGA7_ITGB1,0.0136515601081621,0.077306788941229,LAMA4,ITGA7_ITGB1,1,2,True,0.0636552288330669,0.0636552288330669,0.8234105918105015
0.0,LAMA4_ITGA9_ITGB1,0.0133499130865308,0.0627572748433628,LAMA4,ITGA9_ITGB1,1,2,True,0.049407361756832,0.049407361756832,0.78727704286314
0.0,LAMA4_SV2A,0.5211032952291539,0.5211033112194559,LAMA4,SV2A,1,1,False,1.59903019714136e-08,1.59903019714136e-08,3.068547373839176e-08
0.0,LAMA4_SV2B,0.5297418526700663,0.5297418724821784,LAMA4,SV2B,1,1,False,1.981211206203426e-08,1.981211206203426e-08,3.739955833432967e-08
0.0,LAMA5_CD44,0.008363914654359,0.0083639130350762,LAMA5,CD44,1,1,False,-1.6192827998612325e-09,1.6192827998612325e-09,1.936034580430965e-07
0.0,LAMA5_DAG1,1.184507829503987,1.1845077310635697,LAMA5,DAG1,1,1,False,-9.8440417373169e-08,9.8440417373169e-08,8.310659914708284e-08
0.0,LAMA5_ITGA1_ITGB1,0.0254071236968512,0.1499470917474495,LAMA5,ITGA1_ITGB1,1,2,True,0.1245399680505983,0.1245399680505983,0.8305594099841329
0.0,LAMA5_ITGA3_ITGB1,0.1213045753754197,0.3448010458573535,LAMA5,ITGA3_ITGB1,1,2,True,0.2234964704819338,0.2234964704819338,0.6481896536195421
0.0,LAMA5_ITGA6_ITGB1,0.6061801041744995,0.8123453825532032,LAMA5,ITGA6_ITGB1,1,2,True,0.2061652783787037,0.2061652783787037,0.25379017694508926
0.0,LAMA5_ITGA6_ITGB4,0.4943448885929022,0.5940596554374471,LAMA5,ITGA6_ITGB4,1,2,True,0.09971476684454489,0.09971476684454489,0.1678531203589613
0.0,LAMA5_ITGA7_ITGB1,0.0268041393707366,0.1628876840945039,LAMA5,ITGA7_ITGB1,1,2,True,0.13608354472376732,0.13608354472376732,0.835444039125847
0.0,LAMA5_ITGA9_ITGB1,0.0192433771866294,0.1061837417561875,LAMA5,ITGA9_ITGB1,1,2,True,0.0869403645695581,0.0869403645695581,0.8187728472517493
0.0,LAMA5_SV2A,0.9499206329600232,0.94992059808475,LAMA5,SV2A,1,1,False,-3.487527311385463e-08,3.487527311385463e-08,3.671388103780912e-08
0.0,LAMA5_SV2B,0.9982556020819264,0.9982555809419696,LAMA5,SV2B,1,1,False,-2.1139956785098946e-08,2.1139956785098946e-08,2.1176897721395404e-08
0.0,LAMB3_CD44,0.0012719211612951,0.0012719209049863,LAMB3,CD44,1,1,False,-2.5630879992195876e-10,2.5630879992195876e-10,2.0151311867551533e-07
0.0,LAMB3_DAG1,0.1640013466699917,0.1640013410953386,LAMB3,DAG1,1,1,False,-5.574653100248739e-09,5.574653100248739e-09,3.399150807868803e-08
0.0,LAMB3_ITGA1_ITGB1,0.0036622725567954,0.0223266423754944,LAMB3,ITGA1_ITGB1,1,2,True,0.018664369818699,0.018664369818699,0.8359685036736608
0.0,LAMB3_ITGA3_ITGB1,0.0204289781403763,0.055715773531154,LAMB3,ITGA3_ITGB1,1,2,True,0.0352867953907777,0.0352867953907777,0.6333358249266118
0.0,LAMB3_ITGA6_ITGB1,0.0862081260924883,0.1182283717090675,LAMB3,ITGA6_ITGB1,1,2,True,0.03202024561657919,0.03202024561657919,0.2708338544607006
0.0,LAMB3_ITGA6_ITGB4,0.06418539750437,0.0781054856793133,LAMB3,ITGA6_ITGB4,1,2,True,0.013920088174943307,0.013920088174943307,0.1782216454308551
0.0,LAMB3_ITGA7_ITGB1,0.0042097834454297,0.0254451687047228,LAMB3,ITGA7_ITGB1,1,2,True,0.021235385259293103,0.021235385259293103,0.8345547048918432
0.0,LAMB3_ITGA9_ITGB1,0.0041650750929824,0.0214826665547868,LAMB3,ITGA9_ITGB1,1,2,True,0.0173175914618044,0.0173175914618044,0.806119269115857
0.0,LAMB3_SV2A,0.1530181042399178,0.1530181100376551,LAMB3,SV2A,1,1,False,5.797737290258453e-09,5.797737290258453e-09,3.788922297388023e-08
0.0,LAMB3_SV2B,0.1814733730821832,0.181473379059656,LAMB3,SV2B,1,1,False,5.977472794516103e-09,5.977472794516103e-09,3.2938565565316994e-08
0.0,LAMC1_CD44,0.0099964901204247,0.0099964884130908,LAMC1,CD44,1,1,False,-1.7073338992590337e-09,1.7073338992590337e-09,1.7079333633018164e-07
0.0,LAMC1_DAG1,1.4888687882560303,1.48886870244104,LAMC1,DAG1,1,1,False,-8.581499022497496e-08,8.581499022497496e-08,5.76377118668015e-08
0.0,LAMC1_ITGA1_ITGB1,0.0375771027485169,0.2030689597137326,LAMC1,ITGA1_ITGB1,1,2,True,0.16549185696521568,0.16549185696521568,0.8149539801578264
0.0,LAMC1_ITGA3_ITGB1,0.1519982791660144,0.4378118443381977,LAMC1,ITGA3_ITGB1,1,2,True,0.28581356517218326,0.28581356517218326,0.6528228253034655
0.0,LAMC1_ITGA6_ITGB1,0.7753310925354037,1.0373447530884994,LAMC1,ITGA6_ITGB1,1,2,True,0.2620136605530957,0.2620136605530957,0.2525810823961843
0.0,LAMC1_ITGA6_ITGB4,0.6049197209870706,0.7385690760224699,LAMC1,ITGA6_ITGB4,1,2,True,0.13364935503539932,0.13364935503539932,0.18095714994616593
0.0,LAMC1_ITGA7_ITGB1,0.034761645839104,0.2072863395911944,LAMC1,ITGA7_ITGB1,1,2,True,0.1725246937520904,0.1725246937520904,0.8323013185159226
0.0,LAMC1_ITGA9_ITGB1,0.0269624095844326,0.1412192080289903,LAMC1,ITGA9_ITGB1,1,2,True,0.11425679844455769,0.11425679844455769,0.8090740632188108
0.0,LAMC1_SV2A,1.2657394005837677,1.265739382281857,LAMC1,SV2A,1,1,False,-1.8301910653661935e-08,1.8301910653661935e-08,1.4459461912318578e-08
0.0,LAMC1_SV2B,1.3106162616666857,1.3106162619546873,LAMC1,SV2B,1,1,False,2.880016225503823e-10,2.880016225503823e-10,2.1974519232719512e-10
0.0,LAMC3_CD44,0.0004467255308963,0.0004467254965338,LAMC3,CD44,1,1,False,-3.4362499987377476e-11,3.4362499987377476e-11,7.692083306372334e-08
0.0,LAMC3_DAG1,0.0635202721808903,0.0635202763355777,LAMC3,DAG1,1,1,False,4.154687399671175e-09,4.154687399671175e-09,6.540726267817155e-08
0.0,LAMC3_ITGA1_ITGB1,0.0020910356962579,0.0104213017033878,LAMC3,ITGA1_ITGB1,1,2,True,0.0083302660071299,0.0083302660071299,0.7993498551550294
0.0,LAMC3_ITGA3_ITGB1,0.0080722268602483,0.0223695664886762,LAMC3,ITGA3_ITGB1,1,2,True,0.014297339628427901,0.014297339628427901,0.6391424543549121
0.0,LAMC3_ITGA6_ITGB1,0.0335989084438288,0.046667573159159,LAMC3,ITGA6_ITGB1,1,2,True,0.013068664715330205,0.013068664715330205,0.28003737564753445
0.0,LAMC3_ITGA6_ITGB4,0.02373070749189,0.0298010146537483,LAMC3,ITGA6_ITGB4,1,2,True,0.006070307161858298,0.006070307161858298,0.2036946470577568
0.0,LAMC3_ITGA7_ITGB1,0.0019454615025354,0.0109068778518034,LAMC3,ITGA7_ITGB1,1,2,True,0.008961416349268,0.008961416349268,0.8216298441250328
0.0,LAMC3_ITGA9_ITGB1,0.002128754318157,0.0098066174344169,LAMC3,ITGA9_ITGB1,1,2,True,0.0076778631162599,0.0076778631162599,0.7829267499835354
0.0,LAMC3_SV2A,0.0718205485955225,0.0718205592055375,LAMC3,SV2A,1,1,False,1.0610014991585537e-08,1.0610014991585537e-08,1.4772949568968944e-07
0.0,LAMC3_SV2B,0.0792250803900528,0.0792250937291031,LAMC3,SV2B,1,1,False,1.3339050294880472e-08,1.3339050294880472e-08,1.683690061698269e-07
0.0,LRRC4C_NTNG1,0.3408613890148949,0.3408613495056495,LRRC4C,NTNG1,1,1,False,-3.95092453753243e-08,3.95092453753243e-08,1.159100052062448e-07
0.0,MAG_MAG,7.0198405824243535e-06,7.019840997743415e-06,MAG,MAG,1,1,False,4.153190615583443e-13,4.153190615583443e-13,5.9163599530509593e-08
0.0,MPZ_MPZ,0.0428833064480817,0.0428833040047334,MPZ,MPZ,1,1,False,-2.4433483014618673e-09,2.4433483014618673e-09,5.697667702979012e-08
0.0,MSTN_ACVR1B_ACVR2A,0.0131218712310101,0.0407001575740561,MSTN,ACVR1B_ACVR2A,1,2,True,0.027578286343046002,0.027578286343046002,0.6775965496660754
0.0,MSTN_TGFBR1_ACVR2A,0.0250329152082256,0.0548152536874542,MSTN,TGFBR1_ACVR2A,1,2,True,0.0297823384792286,0.0297823384792286,0.5433220951423784
0.0,NCAM1_FGFR1,0.2580529529111853,0.2580529244784798,NCAM1,FGFR1,1,1,False,-2.8432705523329105e-08,2.8432705523329105e-08,1.1018167086471921e-07
0.0,NCAM1_L1CAM,0.253449676881666,0.2534496467377401,NCAM1,L1CAM,1,1,False,-3.0143925855430354e-08,3.0143925855430354e-08,1.1893456021056345e-07
0.0,NCAM1_NCAM1,0.0129362167581142,0.0129362139528192,NCAM1,NCAM1,1,1,False,-2.8052949997692256e-09,2.8052949997692256e-09,2.1685590557298086e-07
0.0,NCAM1_NCAM2,0.1520297720518126,0.1520297562801678,NCAM1,NCAM2,1,1,False,-1.577164479571458e-08,1.577164479571458e-08,1.0374050150084758e-07
0.0,NCAM2_L1CAM,6.172932423710495,6.172932091186407,NCAM2,L1CAM,1,1,False,-3.3252408826456303e-07,3.3252408826456303e-07,5.3868091441811984e-08
0.0,NEGR1_NEGR1,1.5237637936362214,1.5237636767356852,NEGR1,NEGR1,1,1,False,-1.1690053614010765e-07,1.1690053614010765e-07,7.671827919020376e-08
0.0,NFASC_CNTN1_CNTNAP1,0.0132232242623359,0.2293980637089936,NFASC,CNTN1_CNTNAP1,1,2,True,0.2161748394466577,0.2161748394466577,0.9423568619170629
0.0,NMB_NMBR,0.1666654067174171,0.1666653828265854,NMB,NMBR,1,1,False,-2.389083167408934e-08,2.389083167408934e-08,1.4334607369720395e-07
0.0,NMU_NMUR1,0.0057655102247321,0.0057655095743095,NMU,NMUR1,1,1,False,-6.504225994602431e-10,6.504225994602431e-10,1.1281266949630041e-07
0.0,NPB_NPBWR1,0.0001469548853599,0.0001469548668722,NPB,NPBWR1,1,1,False,-1.8487700004796506e-11,1.8487700004796506e-11,1.258052766297574e-07
0.0,NPFF_NPFFR2,0.0040950215932761,0.0040950217800161,NPFF,NPFFR2,1,1,False,1.8674000019924808e-10,1.8674000019924808e-10,4.560171110946176e-08
0.0,NPPC_NPR2,0.0142745725802805,0.0142745731055571,NPPC,NPR2,1,1,False,5.252765999941289e-10,5.252765999941289e-10,3.679806016683178e-08
0.0,NPW_NPBWR1,0.0010728723475497,0.0010728723965371,NPW,NPBWR1,1,1,False,4.898739985707834e-11,4.898739985707834e-11,4.566004309104653e-08
0.0,NPY_GPR83,0.0014339751763472,0.0014339752123922,NPY,GPR83,1,1,False,3.604500010100098e-11,3.604500010100098e-11,2.513641783310162e-08
0.0,NPY_NPY1R,0.2312344207468759,0.2312343967753672,NPY,NPY1R,1,1,False,-2.3971508694708987e-08,2.3971508694708987e-08,1.0366756219632953e-07
0.0,NPY_NPY2R,0.0707987760623502,0.0707987723492343,NPY,NPY2R,1,1,False,-3.7131158980852064e-09,3.7131158980852064e-09,5.2446046451639006e-08
0.0,NRG1_ERBB2_ERBB3,0.0405791752378341,0.0564226860155758,NRG1,ERBB2_ERBB3,1,2,True,0.015843510777741696,0.015843510777741696,0.28080036411892917
0.0,NRG1_ERBB2_ERBB4,0.3617977796786384,0.597767915095354,NRG1,ERBB2_ERBB4,1,2,True,0.23597013541671558,0.23597013541671558,0.394752092673081
0.0,NRG1_ERBB3,0.0405791752378341,0.0405791812159832,NRG1,ERBB3,1,1,False,5.9781491007493415e-09,5.9781491007493415e-09,1.473205944922981e-07
0.0,NRG1_ERBB4,1.040980887856528,1.0409809044459184,NRG1,ERBB4,1,1,False,1.658939030591e-08,1.658939030591e-08,1.5936306069648812e-08
0.0,NRG3_ERBB2_ERBB4,0.2878107933011947,0.4723119364557471,NRG3,ERBB2_ERBB4,1,2,True,0.1845011431545524,0.1845011431545524,0.3906340892823044
0.0,NRG3_ERBB4,0.8199025532052754,0.8199025980339424,NRG3,ERBB4,1,1,False,4.482866700072918e-08,4.482866700072918e-08,5.46756006240553e-08
0.0,NRG4_ERBB2_ERBB4,0.0319627084781372,0.0486522277414994,NRG4,ERBB2_ERBB4,1,2,True,0.0166895192633622,0.0166895192633622,0.34303710309089025
0.0,NRG4_ERBB4,0.0781251136306562,0.0781251179287816,NRG4,ERBB4,1,1,False,4.2981253972618205e-09,4.2981253972618205e-09,5.5015922039054925e-08
0.0,NRTN_GFRA2_RET,4.31256385224764e-05,0.0001126207847278,NRTN,GFRA2_RET,1,2,True,6.94951462053236e-05,6.94951462053236e-05,0.6170721183775325
0.0,NRXN1_NLGN1,1.2886244932664388,1.2886244291391349,NRXN1,NLGN1,1,1,False,-6.412730391147647e-08,6.412730391147647e-08,4.976415103590412e-08
0.0,NRXN1_NLGN2,1.3056969812423134,1.3056970396167784,NRXN1,NLGN2,1,1,False,5.8374465039534584e-08,5.8374465039534584e-08,4.470751121306629e-08
0.0,NRXN1_NLGN3,1.8836460398094408,1.8836460840263507,NRXN1,NLGN3,1,1,False,4.4216909911298785e-08,4.4216909911298785e-08,2.3474107098072158e-08
0.0,NRXN2_NLGN1,2.3226862659201206,2.3226860393258435,NRXN2,NLGN1,1,1,False,-2.2659427711957392e-07,2.2659427711957392e-07,9.755698840790697e-08
0.0,NRXN2_NLGN2,2.325803404780705,2.325803377624464,NRXN2,NLGN2,1,1,False,-2.7156240811621046e-08,2.7156240811621046e-08,1.1676068904104795e-08
0.0,NRXN2_NLGN3,3.3540863751027064,3.354086253616981,NRXN2,NLGN3,1,1,False,-1.2148572547943104e-07,1.2148572547943104e-07,3.622021376110536e-08
0.0,NRXN3_NLGN1,3.2281629162495222,3.228162639588916,NRXN3,NLGN1,1,1,False,-2.766606064241728e-07,2.766606064241728e-07,8.570218220138558e-08
0.0,NRXN3_NLGN2,3.256792255103411,3.2567922373713007,NRXN3,NLGN2,1,1,False,-1.7732110446644356e-08,1.7732110446644356e-08,5.4446550647675e-09
0.0,NRXN3_NLGN3,4.6345215616790085,4.634521455216153,NRXN3,NLGN3,1,1,False,-1.0646285542037504e-07,1.0646285542037504e-07,2.2971703552028647e-08
0.0,NTS_NTSR1,0.7166336586765478,0.7166336314441093,NTS,NTSR1,1,1,False,-2.723243852642554e-08,2.723243852642554e-08,3.800050164643032e-08
0.0,PDGFA_PDGFRA,0.0283172459210849,0.02831724059622,PDGFA,PDGFRA,1,1,False,-5.324864899708404e-09,5.324864899708404e-09,1.8804317745263256e-07
0.0,PDGFA_PDGFRB,0.0255657869571073,0.0255657837546427,PDGFA,PDGFRB,1,1,False,-3.202464599061372e-09,3.202464599061372e-09,1.2526368167090924e-07
0.0,PDGFC_PDGFRA,0.0251604941509392,0.0251604889626414,PDGFC,PDGFRA,1,1,False,-5.188297801800301e-09,5.188297801800301e-09,2.0620810428743629e-07
0.0,PDGFD_PDGFRB,0.1721078953904809,0.1721078949812527,PDGFD,PDGFRB,1,1,False,-4.092282068768327e-10,4.092282068768327e-10,2.377742206122327e-09
0.0,PECAM1_PECAM1,0.0096129144128623,0.0096129125350579,PECAM1,PECAM1,1,1,False,-1.8778043998218807e-09,1.8778043998218807e-09,1.9534184110797193e-07
0.0,PLG_F2R,0.000473937325429,0.0004739373658916,PLG,F2R,1,1,False,4.0462600013179556e-11,4.0462600013179556e-11,8.537541651112237e-08
0.0,PLG_F2RL2,7.716815450616107e-05,7.716815142337703e-05,PLG,F2RL2,1,1,False,-3.082784041604815e-12,3.082784041604815e-12,3.994891495505036e-08
0.0,PROS1_AXL,0.8593442123761015,0.8593442357518019,PROS1,AXL,1,1,False,2.3375700375360964e-08,2.3375700375360964e-08,2.720178876269602e-08
0.0,PROS1_TYRO3,0.3664796289730002,0.3664796449379888,PROS1,TYRO3,1,1,False,1.596498860889639e-08,1.596498860889639e-08,4.356309778568409e-08
0.0,PRSS1_F2R,0.0683675257712443,0.068367526736589,PRSS1,F2R,1,1,False,9.653446930713017e-10,9.653446930713017e-10,1.4119930018686307e-08
0.0,PRSS1_F2RL2,0.0143161847670259,0.0143161832819766,PRSS1,F2RL2,1,1,False,-1.4850493005452714e-09,1.4850493005452714e-09,1.0373219713996339e-07
0.0,PSAP_GPR37L1,24.090640863920196,24.09063998344144,PSAP,GPR37L1,1,1,False,-8.80478754794467e-07,8.80478754794467e-07,3.6548581657415874e-08
0.0,PTHLH_PTH1R,0.0007667473451807,0.0007667473165267,PTHLH,PTH1R,1,1,False,-2.865400007111968e-11,2.865400007111968e-11,3.737085006061125e-08
0.0,PTPRC_MRC1,0.0008638522994933,0.0008638524487662,PTPRC,MRC1,1,1,False,1.492729000303339e-10,1.492729000303339e-10,1.72799070308284e-07
0.0,PTPRM_PTPRM,0.0319179672350127,0.0319179682188174,PTPRM,PTPRM,1,1,False,9.838046974297576e-10,9.838046974297576e-10,3.082291111655881e-08
0.0,RELN_ITGA3_ITGB1,0.1114350338730583,0.321005028531705,RELN,ITGA3_ITGB1,1,2,True,0.20956999465864667,0.20956999465864667,0.6528557998522067
0.0,SEMA3A_NRP1_PLXNA1,0.7848494871781844,0.9517155206377864,SEMA3A,NRP1_PLXNA1,1,2,True,0.16686603345960205,0.16686603345960205,0.17533184007315314
0.0,SEMA3A_NRP1_PLXNA3,0.71852776674664,0.906276043092735,SEMA3A,NRP1_PLXNA3,1,2,True,0.18774827634609503,0.18774827634609503,0.20716455849962662
0.0,SEMA3A_NRP1_PLXNA4,0.6839743363726034,0.783844444261882,SEMA3A,NRP1_PLXNA4,1,2,True,0.09987010788927864,0.09987010788927864,0.1274106216104175
0.0,SEMA3C_NRP1_NRP2_PLXND1,0.0138652476600605,0.0964765719449221,SEMA3C,NRP1_NRP2_PLXND1,1,3,True,0.08261132428486159,0.08261132428486159,0.8562837859954633
0.0,SEMA3C_NRP1_PLXNA1,0.3137198464445237,0.3686439530218976,SEMA3C,NRP1_PLXNA1,1,2,True,0.0549241065773739,0.0549241065773739,0.1489895768725966
0.0,SEMA3C_NRP1_PLXNA3,0.2777339696948185,0.3430853283170835,SEMA3C,NRP1_PLXNA3,1,2,True,0.06535135862226499,0.06535135862226499,0.19048135617698725
0.0,SEMA3C_NRP1_PLXNA4,0.2698550794408558,0.306884738394362,SEMA3C,NRP1_PLXNA4,1,2,True,0.037029658953506184,0.037029658953506184,0.12066308395538801
0.0,SEMA3C_NRP2_PLXNA1,0.392855722510533,0.4341854630116127,SEMA3C,NRP2_PLXNA1,1,2,True,0.04132974050107968,0.04132974050107968,0.09518913925493235
0.0,SEMA3C_NRP2_PLXNA3,0.3596082747226402,0.4078946811932597,SEMA3C,NRP2_PLXNA3,1,2,True,0.04828640647061955,0.04828640647061955,0.11837959330423713
0.0,SEMA3C_NRP2_PLXNA4,0.2982899809724283,0.3577596835823013,SEMA3C,NRP2_PLXNA4,1,2,True,0.059469702609873,0.059469702609873,0.16622807247142538
0.0,SEMA3C_PLXND1,0.0138652476600605,0.0138652473057129,SEMA3C,PLXND1,1,1,False,-3.5434759987351683e-10,3.5434759987351683e-10,2.5556528708407555e-08
0.0,SEMA3E_PLXND1,0.0022594030726562,0.0022594029858719,SEMA3E,PLXND1,1,1,False,-8.678430023223438e-11,8.678430023223438e-11,3.841027804313331e-08
0.0,SEMA3F_NRP2_PLXNA1,0.212706901165107,0.2368866160905167,SEMA3F,NRP2_PLXNA1,1,2,True,0.024179714925409712,0.024179714925409712,0.10207294664621494
0.0,SEMA3F_NRP2_PLXNA3,0.1983275209183803,0.2263983921610018,SEMA3F,NRP2_PLXNA3,1,2,True,0.028070871242621503,0.028070871242621503,0.12398882772391369
0.0,SEMA3F_NRP2_PLXNA4,0.1622383583516425,0.1971350663531604,SEMA3F,NRP2_PLXNA4,1,2,True,0.034896708001517895,0.034896708001517895,0.17701928250046442
0.0,SEMA3G_NRP2_PLXNA1,0.1641996761692345,0.18327201929017,SEMA3G,NRP2_PLXNA1,1,2,True,0.019072343120935503,0.019072343120935503,0.10406576625719793
0.0,SEMA3G_NRP2_PLXNA3,0.1550804972733306,0.1752879161891536,SEMA3G,NRP2_PLXNA3,1,2,True,0.020207418915823006,0.020207418915823006,0.11528130036081399
0.0,SEMA3G_NRP2_PLXNA4,0.1279842803920158,0.1524636307770348,SEMA3G,NRP2_PLXNA4,1,2,True,0.024479350385019,0.024479350385019,0.16055862149064248
0.0,SEMA4A_NRP1_PLXNA1,0.6814266034371941,0.7898612795255031,SEMA4A,NRP1_PLXNA1,1,2,True,0.10843467608830903,0.10843467608830903,0.1372831899715979
0.0,SEMA4A_NRP1_PLXNA3,0.6034665338093853,0.7348192503760431,SEMA4A,NRP1_PLXNA3,1,2,True,0.1313527165666578,0.1313527165666578,0.17875513808251237
0.0,SEMA4A_NRP1_PLXNA4,0.5835171278458144,0.6627803074641748,SEMA4A,NRP1_PLXNA4,1,2,True,0.07926317961836038,0.07926317961836038,0.11959193525472207
0.0,SEMA4A_PLXNB2,0.668476659012483,0.6684767009543,SEMA4A,PLXNB2,1,1,False,4.1941817019441885e-08,4.1941817019441885e-08,6.274237674935691e-08
0.0,SEMA4A_PLXNB3,0.5816428481266377,0.5816428771200374,SEMA4A,PLXNB3,1,1,False,2.8993399681098708e-08,2.8993399681098708e-08,4.984742497777576e-08
0.0,SEMA4C_PLXNB2,0.8880569172173242,0.8880569196734885,SEMA4C,PLXNB2,1,1,False,2.4561643829912327e-09,2.4561643829912327e-09,2.7657735991678207e-09
0.0,SEMA4G_PLXNB2,0.0425766397441726,0.0425766399689354,SEMA4G,PLXNB2,1,1,False,2.247627986506906e-10,2.247627986506906e-10,5.279016822715018e-09
0.0,SEMA5A_PLXNA1,1.2814114649506037,1.2814114189485633,SEMA5A,PLXNA1,1,1,False,-4.600204039917344e-08,4.600204039917344e-08,3.5899507423984806e-08
0.0,SEMA5A_PLXNA3,1.1339100959135322,1.1339100846762504,SEMA5A,PLXNA3,1,1,False,-1.1237281771769858e-08,1.1237281771769858e-08,9.91020523784698e-09
0.0,SEMA5A_PLXNB3,0.8117779795817057,0.8117779489768472,SEMA5A,PLXNB3,1,1,False,-3.060485853634276e-08,3.060485853634276e-08,3.770102085315604e-08
0.0,SEMA5B_PLXNA1,7.798769793757996,7.7987698819569236,SEMA5B,PLXNA1,1,1,False,8.819892727274237e-08,8.819892727274237e-08,1.1309338345371316e-08
0.0,SEMA5B_PLXNA3,7.116832420685957,7.116832648684992,SEMA5B,PLXNA3,1,1,False,2.2799903565129398e-07,2.2799903565129398e-07,3.203658803097222e-08
0.0,SEMA6A_PLXNA4,2.9366881947497907,2.936688111478778,SEMA6A,PLXNA4,1,1,False,-8.3271012751851e-08,8.3271012751851e-08,2.8355415089938003e-08
0.0,SEMA6D_PLXNA1,3.381139323569198,3.381139308068738,SEMA6D,PLXNA1,1,1,False,-1.5500460026629526e-08,1.5500460026629526e-08,4.584389622332076e-09
0.0,SEMA6D_PLXNA1_KDR,0.1274824120658331,0.4886678550102824,SEMA6D,PLXNA1_KDR,1,2,True,0.3611854429444493,0.3611854429444493,0.7391225742418628
0.0,SST_SSTR2,0.3385272273608,0.3385272326571334,SST,SSTR2,1,1,False,5.296333427384781e-09,5.296333427384781e-09,1.5645221171169424e-08
0.0,SST_SSTR4,0.0264376016778525,0.0264376030685023,SST,SSTR4,1,1,False,1.3906498001758916e-09,1.3906498001758916e-09,5.26012058117594e-08
0.0,SST_SSTR5,0.6909890366609983,0.6909890600298869,SST,SSTR5,1,1,False,2.3368888601993376e-08,2.3368888601993376e-08,3.3819476969697055e-08
0.0,TAC1_TACR1,0.0075591162055203,0.007559116150675,TAC1,TACR1,1,1,False,-5.484530017640932e-11,5.484530017640932e-11,7.255517534755807e-09
0.0,TGFB2_ACVR1B_TGFBR2,0.0428223444266835,0.0541454002100327,TGFB2,ACVR1B_TGFBR2,1,2,True,0.011323055783349203,0.011323055783349203,0.2091231339952518
0.0,TGFB2_ACVR1C_TGFBR2,0.0044620391556462,0.0130058147063897,TGFB2,ACVR1C_TGFBR2,1,2,True,0.0085437755507435,0.0085437755507435,0.6569196735169524
0.0,TGFB2_TGFBR1_TGFBR2,0.0487505788676223,0.0757540441238496,TGFB2,TGFBR1_TGFBR2,1,2,True,0.0270034652562273,0.0270034652562273,0.3564623587894473
0.0,TGFB3_ACVR1B_TGFBR2,0.0052565223881005,0.0060240749800693,TGFB3,ACVR1B_TGFBR2,1,2,True,0.0007675525919687998,0.0007675525919687998,0.1274141830087198
0.0,TGFB3_ACVR1C_TGFBR2,0.0004869581673741,0.0016320129905397,TGFB3,ACVR1C_TGFBR2,1,2,True,0.0011450548231655999,0.0011450548231655999,0.7016211450540814
0.0,TGFB3_TGFBR1_TGFBR2,0.0060377339939705,0.0093168818755685,TGFB3,TGFBR1_TGFBR2,1,2,True,0.003279147881598001,0.003279147881598001,0.35195765336435725
0.0,THBS1_ITGA3_ITGB1,0.7420593240975984,2.155352589642888,THBS1,ITGA3_ITGB1,1,2,True,1.4132932655452897,1.4132932655452897,0.6557132565393641
0.0,THBS1_SDC4,6.35763176430114,6.357631600346585,THBS1,SDC4,1,1,False,-1.6395455482154375e-07,1.6395455482154375e-07,2.5788620810372837e-08
0.0,THBS2_ITGA3_ITGB1,0.0160760345084995,0.045210929714953,THBS2,ITGA3_ITGB1,1,2,True,0.029134895206453505,0.029134895206453505,0.6444215013967622
0.0,THBS2_SDC4,0.1547163258125141,0.1547163307508325,THBS2,SDC4,1,1,False,4.93831839309955e-09,4.93831839309955e-09,3.191853354545107e-08
0.0,THBS3_ITGA3_ITGB1,0.1077664004301793,0.3048499875133685,THBS3,ITGA3_ITGB1,1,2,True,0.1970835870831892,0.1970835870831892,0.6464936695283497
0.0,THBS3_SDC4,0.8677138494504053,0.8677138507871396,THBS3,SDC4,1,1,False,1.3367342788228598e-09,1.3367342788228598e-09,1.5405243071898093e-09
0.0,THY1_ITGAM_ITGB2,0.0034220964125974,0.0076990205270371,THY1,ITGAM_ITGB2,1,2,True,0.0042769241144396996,0.0042769241144396996,0.5555153541181214
0.0,TNC_ITGA8_ITGB1,0.0644211584231301,0.4880645885037963,TNC,ITGA8_ITGB1,1,2,True,0.4236434300806662,0.4236434300806662,0.8680068992085276
0.0,TNC_ITGA9_ITGB1,0.126343475939979,0.6475507021949846,TNC,ITGA9_ITGB1,1,2,True,0.5212072262550056,0.5212072262550056,0.8048902186165253
0.0,TNC_SDC4,5.777035328587972,5.777035075510802,TNC,SDC4,1,1,False,-2.5307716988720586e-07,2.5307716988720586e-07,4.3807447158032734e-08
0.0,TNN_ITGA8_ITGB1,0.0002401748380666,0.0016105980585925,TNN,ITGA8_ITGB1,1,2,True,0.0013704232205259,0.0013704232205259,0.8508784753680328
0.0,TNN_ITGA9_ITGB1,0.0005007309153886,0.0022386349118859,TNN,ITGA9_ITGB1,1,2,True,0.0017379039964972999,0.0017379039964972999,0.776323100863835
0.0,TNN_SDC4,0.0154183480065745,0.0154183482886584,TNN,SDC4,1,1,False,2.8208389964146097e-10,2.8208389964146097e-10,1.8295338408521967e-08
0.0,TNR_ITGA8_ITGB1,0.0090452572800981,0.0636497425944074,TNR,ITGA8_ITGB1,1,2,True,0.054604485314309295,0.054604485314309295,0.8578901200317994
0.0,TNR_ITGA9_ITGB1,0.0162740820544107,0.0800585524977577,TNR,ITGA9_ITGB1,1,2,True,0.06378447044334701,0.06378447044334701,0.7967227542008519
0.0,TNR_SDC4,0.6451093579330928,0.6451093083363972,TNR,SDC4,1,1,False,-4.9596695528286716e-08,4.9596695528286716e-08,7.688106662596362e-08
0.0,UCN_CRHR2,0.0223568032667977,0.0223568017663174,UCN,CRHR2,1,1,False,-1.5004802990381538e-09,1.5004802990381538e-09,6.711515421645864e-08
0.0,UTS2B_SSTR5,0.0009710995590066,0.0009710995645989,UTS2B,SSTR5,1,1,False,5.592299952110469e-12,5.592299952110469e-12,5.7587297492202e-09
0.0,VEGFA_FLT1,0.0628295445323378,0.0628295380130088,VEGFA,FLT1,1,1,False,-6.519328993315199e-09,6.519328993315199e-09,1.0376215587492854e-07
0.0,VEGFA_FLT1_KDR,0.0165624337747763,0.0319398432974078,VEGFA,FLT1_KDR,1,2,True,0.015377409522631502,0.015377409522631502,0.48144912232175896
0.0,VEGFA_KDR,0.0532433133871386,0.0532433086457097,VEGFA,KDR,1,1,False,-4.741428902277356e-09,4.741428902277356e-09,8.905210064223183e-08
0.0,VEGFC_FLT4,0.0004136384262018,0.0004136383839585,VEGFC,FLT4,1,1,False,-4.224330000385246e-11,4.224330000385246e-11,1.0212615010589804e-07
0.0,VEGFC_FLT4_KDR,0.0004136384262018,0.0009948141736925,VEGFC,FLT4_KDR,1,2,True,0.0005811757474906999,0.0005811757474906999,0.5842053348853302
0.0,VEGFC_KDR,0.0078545462105795,0.007854545362299,VEGFC,KDR,1,1,False,-8.482804996629012e-10,8.482804996629012e-10,1.0799866433026128e-07
0.0,VEGFD_FLT4,0.0014993547927989,0.001499354692953,VEGFD,FLT4,1,1,False,-9.984589999408044e-11,9.984589999408044e-11,6.659257733634512e-08
0.0,VEGFD_FLT4_KDR,0.0014993547927989,0.0036067645007782,VEGFD,FLT4_KDR,1,2,True,0.0021074097079793,0.0021074097079793,0.5842936813658343
0.0,VEGFD_KDR,0.0220396805555342,0.0220396794933271,VEGFD,KDR,1,1,False,-1.0622071000554456e-09,1.0622071000554456e-09,4.819521305578649e-08
0.0,VIP_VIPR1,0.0015523172982144,0.0015523173478241,VIP,VIPR1,1,1,False,4.960970002854115e-11,4.960970002854115e-11,3.195847814113499e-08
0.0,VIP_VIPR2,4.8907227235725805e-05,4.89072254086498e-05,VIP,VIPR2,1,1,False,-1.8270760067645025e-12,1.8270760067645025e-12,3.735799614969499e-08
0.0,VSIR_IGSF11,1.1935462937522578,1.193546213660878,VSIR,IGSF11,1,1,False,-8.009137975051317e-08,8.009137975051317e-08,6.71037061316849e-08
0.0,WNT10B_FZD10_LRP5,0.0160546569524652,0.0303991018062592,WNT10B,FZD10_LRP5,1,2,True,0.014344444853793999,0.014344444853793999,0.47187068043044833
0.0,WNT10B_FZD10_LRP6,0.0160796844990941,0.0276529491383474,WNT10B,FZD10_LRP6,1,2,True,0.0115732646392533,0.0115732646392533,0.4185182774304608
0.0,WNT10B_FZD2_LRP5,0.0595525775680359,0.1181429155232025,WNT10B,FZD2_LRP5,1,2,True,0.0585903379551666,0.0585903379551666,0.49592764573056297
0.0,WNT10B_FZD2_LRP6,0.0496503937506694,0.1073344614130842,WNT10B,FZD2_LRP6,1,2,True,0.057684067662414795,0.057684067662414795,0.5374235534700604
0.0,WNT10B_FZD3_LRP5,0.0595585554078266,0.0727790663927725,WNT10B,FZD3_LRP5,1,2,True,0.0132205109849459,0.0132205109849459,0.18165265975792724
0.0,WNT10B_FZD3_LRP6,0.0511529767044425,0.0676802346777601,WNT10B,FZD3_LRP6,1,2,True,0.016527257973317604,0.016527257973317604,0.2441962273329484
0.0,WNT10B_FZD4_LRP5,0.0020300882391183,0.0097285085241338,WNT10B,FZD4_LRP5,1,2,True,0.007698420285015499,0.007698420285015499,0.7913258508144183
0.0,WNT10B_FZD4_LRP6,0.0020300882391183,0.0091316625643648,WNT10B,FZD4_LRP6,1,2,True,0.0071015743252465,0.0071015743252465,0.7776868971220562
0.0,WNT10B_FZD5_LRP5,0.0099402448036973,0.0225292628392342,WNT10B,FZD5_LRP5,1,2,True,0.0125890180355369,0.0125890180355369,0.5587851731044395
0.0,WNT10B_FZD5_LRP6,0.0099402448036973,0.0194167182074834,WNT10B,FZD5_LRP6,1,2,True,0.009476473403786101,0.009476473403786101,0.4880574205446197
0.0,WNT10B_FZD6_LRP5,0.0428582658994725,0.0505349548113862,WNT10B,FZD6_LRP5,1,2,True,0.007676688911913698,0.007676688911913698,0.15190849463635095
0.0,WNT10B_FZD6_LRP6,0.0390284971557524,0.0463657279114865,WNT10B,FZD6_LRP6,1,2,True,0.0073372307557341004,0.0073372307557341004,0.15824685788910903
0.0,WNT10B_FZD7_LRP5,0.0261561782523641,0.0383113198231113,WNT10B,FZD7_LRP5,1,2,True,0.012155141570747197,0.012155141570747197,0.3172728485175969
0.0,WNT10B_FZD7_LRP6,0.026290968051359,0.0359281651234456,WNT10B,FZD7_LRP6,1,2,True,0.0096371970720866,0.0096371970720866,0.268235158655449
0.0,WNT10B_FZD8_LRP5,0.0384953245438525,0.0478615434583654,WNT10B,FZD8_LRP5,1,2,True,0.009366218914512899,0.009366218914512899,0.1956940423925221
0.0,WNT10B_FZD8_LRP6,0.034776827585102,0.0427283165650286,WNT10B,FZD8_LRP6,1,2,True,0.007951488979926605,0.007951488979926605,0.18609413192830013
0.0,WNT11_FZD10,0.051082833014358,0.0510828309422723,WNT11,FZD10,1,1,False,-2.0720857044076446e-09,2.0720857044076446e-09,4.056324957202819e-08
0.0,WNT11_FZD2,0.7691408574380958,0.7691408016859953,WNT11,FZD2,1,1,False,-5.575210049180157e-08,5.575210049180157e-08,7.248620321315952e-08
0.0,WNT11_FZD3,0.2657337042180221,0.2657337128592582,WNT11,FZD3,1,1,False,8.641236060036306e-09,8.641236060036306e-09,3.251840335596788e-08
0.0,WNT11_FZD4,0.0042208189307893,0.0042208185664912,WNT11,FZD4,1,1,False,-3.6429810036653354e-10,3.6429810036653354e-10,8.630981483453714e-08
0.0,WNT11_FZD5,0.0205349680340642,0.0205349667324677,WNT11,FZD5,1,1,False,-1.3015965007190378e-09,1.3015965007190378e-09,6.338439380864383e-08
0.0,WNT11_FZD6,0.1178121726493261,0.1178121685806758,WNT11,FZD6,1,1,False,-4.068650305555366e-09,4.068650305555366e-09,3.4535058763969234e-08
0.0,WNT11_FZD7,0.1108014890800377,0.1108014905355076,WNT11,FZD7,1,1,False,1.4554698973823221e-09,1.4554698973823221e-09,1.3135833194553463e-08
0.0,WNT11_FZD8,0.1116116919915794,0.1116116863845705,WNT11,FZD8,1,1,False,-5.60700889884469e-09,5.60700889884469e-09,5.0236752071348525e-08
0.0,WNT2B_FZD10_LRP5,0.0828660743059502,0.1471481904213696,WNT2B,FZD10_LRP5,1,2,True,0.0642821161154194,0.0642821161154194,0.43685291631071277
0.0,WNT2B_FZD10_LRP6,0.0828876747565962,0.137677217737781,WNT2B,FZD10_LRP6,1,2,True,0.0547895429811848,0.0547895429811848,0.3979564947741503
0.0,WNT2B_FZD2_LRP5,0.2686125566044163,0.5651582846752735,WNT2B,FZD2_LRP5,1,2,True,0.2965457280708572,0.2965457280708572,0.5247126975078236
0.0,WNT2B_FZD2_LRP6,0.2390034436939485,0.5324388802937863,WNT2B,FZD2_LRP6,1,2,True,0.2934354365998378,0.2934354365998378,0.551115719494278
0.0,WNT2B_FZD3_LRP5,0.2686214071341652,0.3364096405205605,WNT2B,FZD3_LRP5,1,2,True,0.06778823338639528,0.06778823338639528,0.20150502607921617
0.0,WNT2B_FZD3_LRP6,0.2458686959487076,0.3233376778753731,WNT2B,FZD3_LRP6,1,2,True,0.07746898192666549,0.07746898192666549,0.2395915701371649
0.0,WNT2B_FZD4_LRP5,0.0070984368214592,0.0387688049329143,WNT2B,FZD4_LRP5,1,2,True,0.0316703681114551,0.0316703681114551,0.8169033883365153
0.0,WNT2B_FZD4_LRP6,0.0070984368214592,0.0377872590906493,WNT2B,FZD4_LRP6,1,2,True,0.0306888222691901,0.0306888222691901,0.8121473482786754
0.0,WNT2B_FZD5_LRP5,0.0308742188403022,0.0859782343265956,WNT2B,FZD5_LRP5,1,2,True,0.0551040154862934,0.0551040154862934,0.6409065726678701
0.0,WNT2B_FZD5_LRP6,0.0308742188403022,0.0783676503221759,WNT2B,FZD5_LRP6,1,2,True,0.047493431481873696,0.047493431481873696,0.6060336285013558
0.0,WNT2B_FZD6_LRP5,0.1833084256686935,0.2223916552705855,WNT2B,FZD6_LRP5,1,2,True,0.039083229601892006,0.039083229601892006,0.17574054005910952
0.0,WNT2B_FZD6_LRP6,0.1779549631860233,0.21222117419136,WNT2B,FZD6_LRP6,1,2,True,0.034266211005336694,0.034266211005336694,0.16146461886238941
0.0,WNT2B_FZD7_LRP5,0.1666820236875285,0.2086977930701634,WNT2B,FZD7_LRP5,1,2,True,0.042015769382634904,0.042015769382634904,0.20132349635584965
0.0,WNT2B_FZD7_LRP6,0.1676863676850746,0.2002462528807895,WNT2B,FZD7_LRP6,1,2,True,0.0325598851957149,0.0325598851957149,0.16259922334276303
0.0,WNT2B_FZD8_LRP5,0.1589340059760683,0.2072035792909058,WNT2B,FZD8_LRP5,1,2,True,0.0482695733148375,0.0482695733148375,0.23295723693589718
0.0,WNT2B_FZD8_LRP6,0.1516967718769148,0.1932385772781299,WNT2B,FZD8_LRP6,1,2,True,0.041541805401215104,0.041541805401215104,0.2149767711310751
0.0,WNT3A_FZD10_LRP5,0.0087156042422248,0.0169043884751376,WNT3A,FZD10_LRP5,1,2,True,0.0081887842329128,0.0081887842329128,0.4844176555074196
0.0,WNT3A_FZD10_LRP6,0.008718899300697,0.0164781040951152,WNT3A,FZD10_LRP6,1,2,True,0.0077592047944182,0.0077592047944182,0.47087970494848086
0.0,WNT3A_FZD2_LRP5,0.0344632035635505,0.0736759037433024,WNT3A,FZD2_LRP5,1,2,True,0.039212700179751904,0.039212700179751904,0.5322323607508728
0.0,WNT3A_FZD2_LRP6,0.0336614250533164,0.072569122506894,WNT3A,FZD2_LRP6,1,2,True,0.0389076974535776,0.0389076974535776,0.5361467261765691
0.0,WNT3A_FZD3_LRP5,0.0344695345780042,0.0434155779484575,WNT3A,FZD3_LRP5,1,2,True,0.008946043370453294,0.008946043370453294,0.20605607003720966
0.0,WNT3A_FZD3_LRP6,0.034713196505828,0.0437932676811187,WNT3A,FZD3_LRP6,1,2,True,0.0090800711752907,0.0090800711752907,0.20733943037563143
0.0,WNT3A_FZD4_LRP5,0.0011470395250914,0.005106338875831,WNT3A,FZD4_LRP5,1,2,True,0.0039592993507396,0.0039592993507396,0.7753694862437558
0.0,WNT3A_FZD4_LRP6,0.0011470395250914,0.0053111286893257,WNT3A,FZD4_LRP6,1,2,True,0.0041640891642343,0.0041640891642343,0.7840309297350074
0.0,WNT3A_FZD5_LRP5,0.0037085072856108,0.0103084873226125,WNT3A,FZD5_LRP5,1,2,True,0.0065999800370017,0.0065999800370017,0.640247189568164
0.0,WNT3A_FZD5_LRP6,0.0037085072856108,0.0097875752202517,WNT3A,FZD5_LRP6,1,2,True,0.0060790679346409,0.0060790679346409,0.6211005073107952
0.0,WNT3A_FZD6_LRP5,0.0246790871769853,0.0293049097200876,WNT3A,FZD6_LRP5,1,2,True,0.004625822543102301,0.004625822543102301,0.15785145176309634
0.0,WNT3A_FZD6_LRP6,0.0244518708249987,0.0293750624045452,WNT3A,FZD6_LRP6,1,2,True,0.0049231915795465014,0.0049231915795465014,0.16759765517246142
0.0,WNT3A_FZD7_LRP5,0.0223516363435135,0.028610810962697,WNT3A,FZD7_LRP5,1,2,True,0.006259174619183499,0.006259174619183499,0.21876956327257763
0.0,WNT3A_FZD7_LRP6,0.0224393775455064,0.0286478400052457,WNT3A,FZD7_LRP6,1,2,True,0.0062084624597393,0.0062084624597393,0.21671659917824415
0.0,WNT3A_FZD8_LRP5,0.0219054445587942,0.0290275314174512,WNT3A,FZD8_LRP5,1,2,True,0.007122086858656999,0.007122086858656999,0.24535627078419894
0.0,WNT3A_FZD8_LRP6,0.0211552907474553,0.0283697662597844,WNT3A,FZD8_LRP6,1,2,True,0.007214475512329101,0.007214475512329101,0.2543015492713449
0.0,WNT4_FZD10_LRP5,0.0155359923812537,0.02749543906,WNT4,FZD10_LRP5,1,2,True,0.0119594466787463,0.0119594466787463,0.43496110946432365
0.0,WNT4_FZD10_LRP6,0.0155479600781631,0.0261819492423011,WNT4,FZD10_LRP6,1,2,True,0.010633989164137998,0.010633989164137998,0.40615727521758005
0.0,WNT4_FZD2_LRP5,0.0501496207128769,0.104310253735609,WNT4,FZD2_LRP5,1,2,True,0.054160633022732094,0.054160633022732094,0.5192263567876162
0.0,WNT4_FZD2_LRP6,0.0456219313087429,0.0995786015035664,WNT4,FZD2_LRP6,1,2,True,0.0539566701948235,0.0539566701948235,0.5418500499114868
0.0,WNT4_FZD3_LRP5,0.0501534578064041,0.063286288872012,WNT4,FZD3_LRP5,1,2,True,0.013132831065607899,0.013132831065607899,0.20751463389119373
0.0,WNT4_FZD3_LRP6,0.0477807193561139,0.0623116541868361,WNT4,FZD3_LRP6,1,2,True,0.014530934830722202,0.014530934830722202,0.23319770627742364
0.0,WNT4_FZD4_LRP5,0.0014974089168157,0.007617056467263,WNT4,FZD4_LRP5,1,2,True,0.0061196475504472995,0.0061196475504472995,0.8034137040664795
0.0,WNT4_FZD4_LRP6,0.0014974089168157,0.0076372024335675,WNT4,FZD4_LRP6,1,2,True,0.0061397935167517995,0.0061397935167517995,0.8039322736511216
0.0,WNT4_FZD5_LRP5,0.0056511286320691,0.0158008553623074,WNT4,FZD5_LRP5,1,2,True,0.010149726730238298,0.010149726730238298,0.6423529927658381
0.0,WNT4_FZD5_LRP6,0.0056511286320691,0.014568223727234,WNT4,FZD5_LRP6,1,2,True,0.0089170950951649,0.0089170950951649,0.6120921302502502
0.0,WNT4_FZD6_LRP5,0.0345256976644335,0.0417644288751379,WNT4,FZD6_LRP5,1,2,True,0.007238731210704397,0.007238731210704397,0.1733228827897026
0.0,WNT4_FZD6_LRP6,0.0337216318267717,0.0407383896369269,WNT4,FZD6_LRP6,1,2,True,0.007016757810155198,0.007016757810155198,0.17223944963683419
0.0,WNT4_FZD7_LRP5,0.0306702045639891,0.0384524212591563,WNT4,FZD7_LRP5,1,2,True,0.0077822166951672,0.0077822166951672,0.20238560902882274
0.0,WNT4_FZD7_LRP6,0.0309052042840879,0.0375382707547186,WNT4,FZD7_LRP6,1,2,True,0.006633066470630698,0.006633066470630698,0.17670143928505055
0.0,WNT4_FZD8_LRP5,0.0288860125741838,0.0378153544173068,WNT4,FZD8_LRP5,1,2,True,0.008929341843123002,0.008929341843123002,0.23613005829812733
0.0,WNT4_FZD8_LRP6,0.0275641060022556,0.0356450161932275,WNT4,FZD8_LRP6,1,2,True,0.008080910190971898,0.008080910190971898,0.2267051906265443
0.0,WNT7A_FZD10_LRP5,0.166680635475321,0.3085148480237493,WNT7A,FZD10_LRP5,1,2,True,0.1418342125484283,0.1418342125484283,0.45973220886117605
0.0,WNT7A_FZD10_LRP6,0.1667149193240672,0.2763787068099442,WNT7A,FZD10_LRP6,1,2,True,0.10966378748587699,0.10966378748587699,0.3967881200098706
0.0,WNT7A_FZD2_LRP5,0.586192467238582,1.1989686618626862,WNT7A,FZD2_LRP5,1,2,True,0.6127761946241043,0.6127761946241043,0.5110860809924016
0.0,WNT7A_FZD2_LRP6,0.4760308480922824,1.079076921907286,WNT7A,FZD2_LRP6,1,2,True,0.6030460738150036,0.6030460738150036,0.5588536475686181
0.0,WNT7A_FZD3_LRP5,0.586219874506433,0.7163443224518381,WNT7A,FZD3_LRP5,1,2,True,0.13012444794540512,0.13012444794540512,0.1816507004620725
0.0,WNT7A_FZD3_LRP6,0.4851721439431763,0.6530267508322639,WNT7A,FZD3_LRP6,1,2,True,0.1678546068890876,0.1678546068890876,0.2570409354213464
0.0,WNT7A_FZD4_LRP5,0.0149211739685219,0.0847322970819765,WNT7A,FZD4_LRP5,1,2,True,0.0698111231134546,0.0698111231134546,0.8239021662060452
0.0,WNT7A_FZD4_LRP6,0.0149211739685219,0.0762144532428008,WNT7A,FZD4_LRP6,1,2,True,0.0612932792742789,0.0612932792742789,0.8042212030179282
0.0,WNT7A_FZD5_LRP5,0.0923571267694925,0.2193652041076238,WNT7A,FZD5_LRP5,1,2,True,0.1270080773381313,0.1270080773381313,0.5789800522594243
0.0,WNT7A_FZD5_LRP6,0.0923571267694925,0.1897982030874231,WNT7A,FZD5_LRP6,1,2,True,0.0974410763179306,0.0974410763179306,0.5133930392009465
0.0,WNT7A_FZD6_LRP5,0.4095247703931083,0.48913147937796,WNT7A,FZD6_LRP5,1,2,True,0.07960670898485167,0.07960670898485167,0.16275114635044424
0.0,WNT7A_FZD6_LRP6,0.3748862980847764,0.4406775088276268,WNT7A,FZD6_LRP6,1,2,True,0.06579121074285038,0.06579121074285038,0.14929559468074632
0.0,WNT7A_FZD7_LRP5,0.2937110247629996,0.4048687258560555,WNT7A,FZD7_LRP5,1,2,True,0.1111577010930559,0.1111577010930559,0.27455245118778626
0.0,WNT7A_FZD7_LRP6,0.2949525863180467,0.3740814551231832,WNT7A,FZD7_LRP6,1,2,True,0.07912886880513648,0.07912886880513648,0.21152844580087438
0.0,WNT7A_FZD8_LRP5,0.3791277931613992,0.4746398118362305,WNT7A,FZD8_LRP5,1,2,True,0.09551201867483128,0.09551201867483128,0.2012305253226139
0.0,WNT7A_FZD8_LRP6,0.3473994226003272,0.4223414770412028,WNT7A,FZD8_LRP6,1,2,True,0.0749420544408756,0.0749420544408756,0.17744422112148933
0.0,WNT7B_FZD10_LRP5,0.9342485177852208,1.7384000855675108,WNT7B,FZD10_LRP5,1,2,True,0.80415156778229,0.80415156778229,0.46258141290862287
0.0,WNT7B_FZD10_LRP6,0.9343682476688564,1.5588920699246858,WNT7B,FZD10_LRP6,1,2,True,0.6245238222558294,0.6245238222558294,0.4006203086824361
0.0,WNT7B_FZD2_LRP5,3.322944894480696,6.808038649542026,WNT7B,FZD2_LRP5,1,2,True,3.4850937550613303,3.4850937550613303,0.5119086324951712
0.0,WNT7B_FZD2_LRP6,2.7122824114403725,6.142578913328433,WNT7B,FZD2_LRP6,1,2,True,3.4302965018880602,3.4302965018880602,0.5584456545515198
0.0,WNT7B_FZD3_LRP5,3.3230925574173926,4.063230995449418,WNT7B,FZD3_LRP5,1,2,True,0.7401384380320253,0.7401384380320253,0.18215514669506538
0.0,WNT7B_FZD3_LRP6,2.762161437953698,3.712241371776954,WNT7B,FZD3_LRP6,1,2,True,0.9500799338232557,0.9500799338232557,0.2559316161514781
0.0,WNT7B_FZD4_LRP5,0.0850932893189798,0.4803292653532179,WNT7B,FZD4_LRP5,1,2,True,0.3952359760342381,0.3952359760342381,0.8228438376404047
0.0,WNT7B_FZD4_LRP6,0.0850932893189798,0.4330554972950261,WNT7B,FZD4_LRP6,1,2,True,0.3479622079760463,0.3479622079760463,0.8035048859776773
0.0,WNT7B_FZD5_LRP5,0.5236535917758663,1.2435223609208734,WNT7B,FZD5_LRP5,1,2,True,0.7198687691450071,0.7198687691450071,0.5788949131657899
0.0,WNT7B_FZD5_LRP6,0.5236535917758663,1.0781629323544273,WNT7B,FZD5_LRP6,1,2,True,0.5545093405785609,0.5545093405785609,0.514309409031209
0.0,WNT7B_FZD6_LRP5,2.3294806795322702,2.777990364673101,WNT7B,FZD6_LRP5,1,2,True,0.4485096851408308,0.4485096851408308,0.16145113058864372
0.0,WNT7B_FZD6_LRP6,2.134963134028224,2.508788322456235,WNT7B,FZD6_LRP6,1,2,True,0.37382518842801105,0.37382518842801105,0.1490062693141112
0.0,WNT7B_FZD7_LRP5,1.670243827010606,2.304492062756182,WNT7B,FZD7_LRP5,1,2,True,0.6342482357455759,0.6342482357455759,0.2752225733366217
0.0,WNT7B_FZD7_LRP6,1.6768906054418375,2.1353321860838617,WNT7B,FZD7_LRP6,1,2,True,0.4584415806420241,0.4584415806420241,0.21469333138409388
0.0,WNT7B_FZD8_LRP5,2.158285226872719,2.703805793579204,WNT7B,FZD8_LRP5,1,2,True,0.5455205667064851,0.5455205667064851,0.2017602625166151
0.0,WNT7B_FZD8_LRP6,1.978811373956388,2.41250121201491,WNT7B,FZD8_LRP6,1,2,True,0.4336898380585219,0.4336898380585219,0.1797677182082351
0.0,WNT8B_FZD10_LRP5,0.1133643756306898,0.2069973057300571,WNT8B,FZD10_LRP5,1,2,True,0.0936329300993673,0.0936329300993673,0.45233888320011745
0.0,WNT8B_FZD10_LRP6,0.1133937593259451,0.1961254655428514,WNT8B,FZD10_LRP6,1,2,True,0.0827317062169063,0.0827317062169063,0.42183051541988703
0.0,WNT8B_FZD2_LRP5,0.3908524795458508,0.8115575784775438,WNT8B,FZD2_LRP5,1,2,True,0.42070509893169306,0.42070509893169306,0.518392175846503
0.0,WNT8B_FZD2_LRP6,0.3621170691990102,0.7783579646759479,WNT8B,FZD2_LRP6,1,2,True,0.41624089547693766,0.41624089547693766,0.5347679530076247
0.0,WNT8B_FZD3_LRP5,0.3908571734150171,0.4934257506147394,WNT8B,FZD3_LRP5,1,2,True,0.10256857719972234,0.10256857719972234,0.20787033727351328
0.0,WNT8B_FZD3_LRP6,0.3731890717822176,0.4846812455077209,WNT8B,FZD3_LRP6,1,2,True,0.1114921737255033,0.1114921737255033,0.2300319534928802
0.0,WNT8B_FZD4_LRP5,0.0129297808648495,0.0628984855282712,WNT8B,FZD4_LRP5,1,2,True,0.049968704663421695,0.049968704663421695,0.7944341464463733
0.0,WNT8B_FZD4_LRP6,0.0129297808648495,0.0632243806064383,WNT8B,FZD4_LRP6,1,2,True,0.0502945997415888,0.0502945997415888,0.7954937519224533
0.0,WNT8B_FZD5_LRP5,0.0466649605101191,0.1261982474231748,WNT8B,FZD5_LRP5,1,2,True,0.0795332869130557,0.0795332869130557,0.6302249717173993
0.0,WNT8B_FZD5_LRP6,0.0466649605101191,0.1162200282943541,WNT8B,FZD5_LRP6,1,2,True,0.06955506778423501,0.06955506778423501,0.5984774638676796
0.0,WNT8B_FZD6_LRP5,0.2764780627215651,0.3304361117932633,WNT8B,FZD6_LRP5,1,2,True,0.05395804907169821,0.05395804907169821,0.16329343902175242
0.0,WNT8B_FZD6_LRP6,0.2696259058520916,0.3221384503795956,WNT8B,FZD6_LRP6,1,2,True,0.05251254452750398,0.05251254452750398,0.16301234598237252
0.0,WNT8B_FZD7_LRP5,0.2297479540029374,0.2942848954862584,WNT8B,FZD7_LRP5,1,2,True,0.06453694148332101,0.06453694148332101,0.21930089676088915
0.0,WNT8B_FZD7_LRP6,0.231014745381544,0.2881040134793594,WNT8B,FZD7_LRP6,1,2,True,0.057089268097815365,0.057089268097815365,0.1981550600714051
0.0,WNT8B_FZD8_LRP5,0.2305356455012178,0.3000977625886319,WNT8B,FZD8_LRP5,1,2,True,0.06956211708741411,0.06956211708741411,0.23179818632226354
0.0,WNT8B_FZD8_LRP6,0.2184758137960873,0.2839795569981282,WNT8B,FZD8_LRP6,1,2,True,0.06550374320204091,0.06550374320204091,0.23066358682457086
0.0,WNT9A_FZD10_LRP5,0.0040200594725786,0.0076008847696078,WNT9A,FZD10_LRP5,1,2,True,0.0035808252970292,0.0035808252970292,0.4711063784767741
0.0,WNT9A_FZD10_LRP6,0.0040343656815001,0.0076510585385636,WNT9A,FZD10_LRP6,1,2,True,0.0036166928570634995,0.0036166928570634995,0.47270489943767874
0.0,WNT9A_FZD2_LRP5,0.0152099230919004,0.0305101485311909,WNT9A,FZD2_LRP5,1,2,True,0.0153002254392905,0.0153002254392905,0.5014798739392858
0.0,WNT9A_FZD2_LRP6,0.015510107328611,0.0308276821132423,WNT9A,FZD2_LRP6,1,2,True,0.0153175747846313,0.0153175747846313,0.49687727829694667
0.0,WNT9A_FZD3_LRP5,0.0152136690718476,0.0197596925657084,WNT9A,FZD3_LRP5,1,2,True,0.004546023493860799,0.004546023493860799,0.23006549716011845
0.0,WNT9A_FZD3_LRP6,0.0164411303731496,0.0208288589116852,WNT9A,FZD3_LRP6,1,2,True,0.004387728538535602,0.004387728538535602,0.210656212956248
0.0,WNT9A_FZD4_LRP5,0.0008253609833326,0.0031099353950669,WNT9A,FZD4_LRP5,1,2,True,0.0022845744117343,0.0022845744117343,0.7346051031665096
0.0,WNT9A_FZD4_LRP6,0.0008253609833326,0.0034024937612519,WNT9A,FZD4_LRP6,1,2,True,0.0025771327779193,0.0025771327779193,0.7574246886998199
0.0,WNT9A_FZD5_LRP5,0.0020342014942231,0.0051192413854721,WNT9A,FZD5_LRP5,1,2,True,0.0030850398912489994,0.0030850398912489994,0.6026361444889153
0.0,WNT9A_FZD5_LRP6,0.0020342014942231,0.0048338957728252,WNT9A,FZD5_LRP6,1,2,True,0.0027996942786021,0.0027996942786021,0.5791796948418276
0.0,WNT9A_FZD6_LRP5,0.0118794790759708,0.0136516867523332,WNT9A,FZD6_LRP5,1,2,True,0.0017722076763624015,0.0017722076763624015,0.12981602262881653
0.0,WNT9A_FZD6_LRP6,0.0117232079585682,0.0142241894116198,WNT9A,FZD6_LRP6,1,2,True,0.002500981453051601,0.002500981453051601,0.17582593852473158
0.0,WNT9A_FZD7_LRP5,0.0075231739315062,0.0103069528026924,WNT9A,FZD7_LRP5,1,2,True,0.0027837788711862,0.0027837788711862,0.2700874763352964
0.0,WNT9A_FZD7_LRP6,0.007579899111088,0.0107728504518607,WNT9A,FZD7_LRP6,1,2,True,0.0031929513407727003,0.0031929513407727003,0.29638871856995
0.0,WNT9A_FZD8_LRP5,0.0087410155814495,0.0112858935895788,WNT9A,FZD8_LRP5,1,2,True,0.0025448780081293015,0.0025448780081293015,0.2254919371629729
0.0,WNT9A_FZD8_LRP6,0.008098360750308,0.0110496970076128,WNT9A,FZD8_LRP6,1,2,True,0.0029513362573047996,0.0029513362573047996,0.26709657787642926
0.5,ADIPOQ_ADIPOR1,0.001651621171615,0.0016516211177481,ADIPOQ,ADIPOR1,1,1,False,-5.3866900089766245e-11,5.3866900089766245e-11,3.261456138703631e-08
0.5,ADIPOQ_ADIPOR2,0.0050371988282722,0.0050371990090145,ADIPOQ,ADIPOR2,1,1,False,1.8074230046655204e-10,1.8074230046655204e-10,3.5881508779601156e-08
0.5,ADM_CALCR,0.048321216750933,0.0483212136911056,ADM,CALCR,1,1,False,-3.059827405338389e-09,3.059827405338389e-09,6.332264812597685e-08
0.5,ADM_CALCRL,0.0705302946929636,0.0705302934324768,ADM,CALCRL,1,1,False,-1.2604867982712875e-09,1.2604867982712875e-09,1.7871565740062605e-08
0.5,AGRN_DAG1,7.6922986482142,7.692298613467598,AGRN,DAG1,1,1,False,-3.474660204005886e-08,3.474660204005886e-08,4.51706357606454e-09
0.5,AGT_AGTR1,0.0214278320677689,0.0214278281967224,AGT,AGTR1,1,1,False,-3.871046497239128e-09,3.871046497239128e-09,1.8065506977076974e-07
0.5,ANGPT1_TEK,0.0038360739348601,0.0038360745120519,ANGPT1,TEK,1,1,False,5.771917999976284e-10,5.771917999976284e-10,1.5046417846792316e-07
0.5,ANGPT2_ITGA5_ITGB1,0.0164502809321119,0.0545829562016962,ANGPT2,ITGA5_ITGB1,1,2,True,0.038132675269584304,0.038132675269584304,0.698618725022433
0.5,ANGPT2_TEK,0.0039692541933927,0.003969254517938,ANGPT2,TEK,1,1,False,3.245453003564158e-10,3.245453003564158e-10,8.176479963421817e-08
0.5,ANGPTL1_ITGA1_ITGB1,0.0057413853353195,0.0333892823776509,ANGPTL1,ITGA1_ITGB1,1,2,True,0.027647897042331403,0.027647897042331403,0.8280470580235503
0.5,ANGPTL2_ITGA5_ITGB1,0.0956673861197768,0.315549375244637,ANGPTL2,ITGA5_ITGB1,1,2,True,0.21988198912486018,0.21988198912486018,0.6968227680830981
0.5,ANGPTL4_CDH5,0.0612251820724364,0.0612251757156735,ANGPTL4,CDH5,1,1,False,-6.3567629007832416e-09,6.3567629007832416e-09,1.0382595340039109e-07
0.5,ANGPTL4_ITGA5_ITGB1,0.1106880659064765,0.3596397187694532,ANGPTL4,ITGA5_ITGB1,1,2,True,0.2489516528629767,0.2489516528629767,0.6922251349622676
0.5,ANGPTL4_SDC2,1.258892554667164,1.2588924664005092,ANGPTL4,SDC2,1,1,False,-8.826665487404739e-08,8.826665487404739e-08,7.011452609423369e-08
0.5,ANGPTL4_SDC3,3.5404292024772217,3.540429083904993,ANGPTL4,SDC3,1,1,False,-1.1857222892430741e-07,1.1857222892430741e-07,3.34909193612297e-08
0.5,ANGPTL4_SDC4,0.989621469564132,0.9896214683473936,ANGPTL4,SDC4,1,1,False,-1.2167383767192064e-09,1.2167383767192064e-09,1.2294987670943573e-09
0.5,BAG6_NCR3,0.0601751157788493,0.0601751145659521,BAG6,NCR3,1,1,False,-1.2128971993430326e-09,1.2128971993430326e-09,2.0156125728126123e-08
0.5,BMP5_BMPR1A_ACVR2A,0.0101655761043156,0.031802873653778,BMP5,BMPR1A_ACVR2A,1,2,True,0.0216372975494624,0.0216372975494624,0.6803566805005374
0.5,BMP5_BMPR1A_BMPR2,0.0101655761043156,0.018846171901254,BMP5,BMPR1A_BMPR2,1,2,True,0.0086805957969384,0.0086805957969384,0.46060260101738776
0.5,BMP6_BMPR1A_ACVR2A,0.0393807298757151,0.124834945083211,BMP6,BMPR1A_ACVR2A,1,2,True,0.0854542152074959,0.0854542152074959,0.6845376120487323
0.5,BMP6_BMPR1A_BMPR2,0.0393807298757151,0.0730206047481996,BMP6,BMPR1A_BMPR2,1,2,True,0.0336398748724845,0.0336398748724845,0.46069017078790936
0.5,BMP7_BMPR1A_ACVR2A,0.0974931407833185,0.3055405936321694,BMP7,BMPR1A_ACVR2A,1,2,True,0.2080474528488509,0.2080474528488509,0.6809159148892425
0.5,BMP7_BMPR1A_BMPR2,0.0974931407833185,0.1801635064058371,BMP7,BMPR1A_BMPR2,1,2,True,0.08267036562251859,0.08267036562251859,0.45886299213279613
0.5,BTC_ERBB2_ERBB4,0.010145778966566,0.0213164455583281,BTC,ERBB2_ERBB4,1,2,True,0.011170666591762099,0.011170666591762099,0.5240398339955811
0.5,BTC_ERBB4,0.0458436496650123,0.0458436516701251,BTC,ERBB4,1,1,False,2.005112798020292e-09,2.005112798020292e-09,4.373806895769087e-08
0.5,CALCB_CALCR,0.0096996439654529,0.009699643439906,CALCB,CALCR,1,1,False,-5.255469011367087e-10,5.255469011367087e-10,5.418208163191787e-08
0.5,CALCB_CALCRL,0.0138317676205914,0.0138317669790003,CALCB,CALCRL,1,1,False,-6.415910996926399e-10,6.415910996926399e-10,4.638532957548398e-08
0.5,CCK_CCKAR,0.2268477582298743,0.2268477373875193,CCK,CCKAR,1,1,False,-2.0842355008543478e-08,2.0842355008543478e-08,9.187816168508508e-08
0.5,CCL19_ACKR4,0.0011883494683761,0.0011883494720107,CCL19,ACKR4,1,1,False,3.634599999441379e-12,3.634599999441379e-12,3.0585278868274303e-09
0.5,CD34_SELP,0.0239752711694984,0.0239752718454496,CD34,SELP,1,1,False,6.759511977927346e-10,6.759511977927346e-10,2.819368231359709e-08
0.5,CD40LG_ITGA5_ITGB1,0.0137353226654857,0.0447073559741324,CD40LG,ITGA5_ITGB1,1,2,True,0.030972033308646695,0.030972033308646695,0.6927726463306634
0.5,CD40LG_ITGAM_ITGB2,0.0029672731616876,0.0082186966961575,CD40LG,ITGAM_ITGB2,1,2,True,0.0052514235344699005,0.0052514235344699005,0.6389606197446253
0.5,CDH15_CDH15,8.808948695731422e-05,8.808951298145498e-05,CDH15,CDH15,1,1,False,2.6024140755234217e-11,2.6024140755234217e-11,2.9542836456268e-07
0.5,CDH1_CDH1,0.1813452392720471,0.1813452384465275,CDH1,CDH1,1,1,False,-8.255195971251794e-10,8.255195971251794e-10,4.552198891125931e-09
0.5,CDH1_ITGAE_ITGB7,0.0112659283794744,0.0134951501332504,CDH1,ITGAE_ITGB7,1,2,True,0.002229221753776,0.002229221753776,0.1651868806026448
0.5,CDH2_CDH2,8.80327503981568,8.803274697456189,CDH2,CDH2,1,1,False,-3.423594918672279e-07,3.423594918672279e-07,3.889001426387288e-08
0.5,CDH5_CDH5,0.0138446087131335,0.0138446072854604,CDH5,CDH5,1,1,False,-1.4276730995327336e-09,1.4276730995327336e-09,1.0312123145657349e-07
0.5,CLDN11_CLDN11,0.0286643267647108,0.0286643270749911,CLDN11,CLDN11,1,1,False,3.1028030145208163e-10,3.1028030145208163e-10,1.0824614882475066e-08
0.5,CNTN1_NRCAM,17.456403845348902,17.45640387355538,CNTN1,NRCAM,1,1,False,2.8206478930314915e-08,2.8206478930314915e-08,1.6158241488125036e-09
0.5,CNTN2_CNTN2,0.0272143445642472,0.0272143434196112,CNTN2,CNTN2,1,1,False,-1.144636000566246e-09,1.144636000566246e-09,4.206002455300759e-08
0.5,CNTN2_L1CAM,0.6578553389854047,0.6578553381617983,CNTN2,L1CAM,1,1,False,-8.236064052979941e-10,8.236064052979941e-10,1.2519567091577055e-09
0.5,COL1A1_CD44,0.0112329834877639,0.0112329849946233,COL1A1,CD44,1,1,False,1.5068593994110868e-09,1.5068593994110868e-09,1.3414594608043627e-07
0.5,COL1A1_ITGA10_ITGB1,0.0027086945393042,0.0351350479392827,COL1A1,ITGA10_ITGB1,1,2,True,0.0324263533999785,0.0324263533999785,0.922906194863171
0.5,COL1A1_ITGA1_ITGB1,0.0224924555612244,0.0990923767800839,COL1A1,ITGA1_ITGB1,1,2,True,0.0765999212188595,0.0765999212188595,0.773015278348384
0.5,COL1A1_ITGA3_ITGB1,0.0883820126403673,0.2013425445701797,COL1A1,ITGA3_ITGB1,1,2,True,0.1129605319298124,0.1129605319298124,0.5610365766011218
0.5,COL1A1_ITGA9_ITGB1,0.0279402494197188,0.1136549761515555,COL1A1,ITGA9_ITGB1,1,2,True,0.0857147267318367,0.0857147267318367,0.7541660702786888
0.5,COL1A1_SDC4,0.3702320756287999,0.3702320823820881,COL1A1,SDC4,1,1,False,6.7532882064291755e-09,6.7532882064291755e-09,1.8240688821396156e-08
0.5,COL1A2_CD44,0.0186936187908463,0.0186936197424804,COL1A2,CD44,1,1,False,9.516341013815488e-10,9.516341013815488e-10,5.090689307320206e-08
0.5,COL1A2_ITGA10_ITGB1,0.0043609014934028,0.0568291613436849,COL1A2,ITGA10_ITGB1,1,2,True,0.052468259850282105,0.052468259850282105,0.9232629623543195
0.5,COL1A2_ITGA1_ITGB1,0.0326172823903792,0.1527738013530618,COL1A2,ITGA1_ITGB1,1,2,True,0.12015651896268259,0.12015651896268259,0.7864995038318099
0.5,COL1A2_ITGA3_ITGB1,0.1380689861815855,0.3218343149688436,COL1A2,ITGA3_ITGB1,1,2,True,0.18376532878725813,0.18376532878725813,0.5709935834687119
0.5,COL1A2_ITGA9_ITGB1,0.0432629150904593,0.1807568682774447,COL1A2,ITGA9_ITGB1,1,2,True,0.1374939531869854,0.1374939531869854,0.76065686741123
0.5,COL1A2_SDC4,0.6153418325066651,0.6153418263329413,COL1A2,SDC4,1,1,False,-6.173723754443472e-09,6.173723754443472e-09,1.0032998616873006e-08
0.5,COL4A1_CD44,0.0105893766574154,0.0105893781533355,COL4A1,CD44,1,1,False,1.495920101332593e-09,1.495920101332593e-09,1.4126609510695391e-07
0.5,COL4A1_ITGA10_ITGB1,0.0024054167707959,0.0304170322745201,COL4A1,ITGA10_ITGB1,1,2,True,0.0280116155037242,0.0280116155037242,0.9209187553510643
0.5,COL4A1_ITGA1_ITGB1,0.0161918668485669,0.0774416297466072,COL4A1,ITGA1_ITGB1,1,2,True,0.06124976289804031,0.06124976289804031,0.7909152105715301
0.5,COL4A1_ITGA3_ITGB1,0.0715402388707039,0.1667696970314001,COL4A1,ITGA3_ITGB1,1,2,True,0.0952294581606962,0.0952294581606962,0.5710237522513817
0.5,COL4A1_ITGA9_ITGB1,0.0221533163850039,0.0931043997052221,COL4A1,ITGA9_ITGB1,1,2,True,0.0709510833202182,0.0709510833202182,0.7620594036893689
0.5,COL4A1_SDC4,0.3224836810451764,0.3224837024681993,COL4A1,SDC4,1,1,False,2.1423022911193357e-08,2.1423022911193357e-08,6.643133512555079e-08
0.5,COL4A2_CD44,0.0088187492796349,0.0088187503583134,COL4A2,CD44,1,1,False,1.0786785006877686e-09,1.0786785006877686e-09,1.2231647987074528e-07
0.5,COL4A2_ITGA10_ITGB1,0.0019340578453913,0.0242645996296502,COL4A2,ITGA10_ITGB1,1,2,True,0.0223305417842589,0.0223305417842589,0.9202930246156639
0.5,COL4A2_ITGA1_ITGB1,0.011498272417422,0.0583779581422568,COL4A2,ITGA1_ITGB1,1,2,True,0.046879685724834794,0.046879685724834794,0.8030374342760886
0.5,COL4A2_ITGA3_ITGB1,0.0552057421807709,0.1305666613343997,COL4A2,ITGA3_ITGB1,1,2,True,0.0753609191536288,0.0753609191536288,0.5771834738166339
0.5,COL4A2_ITGA9_ITGB1,0.0167086280672365,0.0720128227171086,COL4A2,ITGA9_ITGB1,1,2,True,0.0553041946498721,0.0553041946498721,0.7679770430208825
0.5,COL4A2_SDC4,0.2616465366048655,0.261646545307972,COL4A2,SDC4,1,1,False,8.703106513241465e-09,8.703106513241465e-09,3.326283747793208e-08
0.5,COL6A1_CD44,0.010953336463847,0.0109533368221458,COL6A1,CD44,1,1,False,3.582988003514309e-10,3.582988003514309e-10,3.2711383404827936e-08
0.5,COL6A1_ITGA10_ITGB1,0.002549991295644,0.031123002934189,COL6A1,ITGA10_ITGB1,1,2,True,0.028573011638545,0.028573011638545,0.9180673117874881
0.5,COL6A1_ITGA1_ITGB1,0.0148115687330743,0.0741645640960265,COL6A1,ITGA1_ITGB1,1,2,True,0.059352995362952195,0.059352995362952195,0.8002877935897171
0.5,COL6A1_ITGA3_ITGB1,0.0708292769687235,0.1654970038541305,COL6A1,ITGA3_ITGB1,1,2,True,0.09466772688540699,0.09466772688540699,0.5720207899887262
0.5,COL6A1_ITGA9_ITGB1,0.0216049916489804,0.091793879312897,COL6A1,ITGA9_ITGB1,1,2,True,0.0701888876639166,0.0701888876639166,0.7646358143843593
0.5,COL6A1_SDC4,0.3245926424936092,0.3245926313248343,COL6A1,SDC4,1,1,False,-1.116877490492385e-08,1.116877490492385e-08,3.44085892370273e-08
0.5,COL6A2_CD44,0.0057915783287327,0.005791579779152,COL6A2,CD44,1,1,False,1.4504192994216347e-09,1.4504192994216347e-09,2.504358663317946e-07
0.5,COL6A2_ITGA10_ITGB1,0.0013686099303731,0.0174212017084482,COL6A2,ITGA10_ITGB1,1,2,True,0.0160525917780751,0.0160525917780751,0.9214399813929363
0.5,COL6A2_ITGA1_ITGB1,0.010213659039302,0.0467277346778333,COL6A2,ITGA1_ITGB1,1,2,True,0.036514075638531304,0.036514075638531304,0.7814219090713346
0.5,COL6A2_ITGA3_ITGB1,0.0426469849458381,0.0978297262147642,COL6A2,ITGA3_ITGB1,1,2,True,0.0551827412689261,0.0551827412689261,0.5640692599689404
0.5,COL6A2_ITGA9_ITGB1,0.0133078567718699,0.0548747856018394,COL6A2,ITGA9_ITGB1,1,2,True,0.0415669288299695,0.0415669288299695,0.7574868561960482
0.5,COL6A2_SDC4,0.1840200866565878,0.1840201112644752,COL6A2,SDC4,1,1,False,2.4607887394445527e-08,2.4607887394445527e-08,1.337239023786855e-07
0.5,COL6A3_CD44,0.0046809603289883,0.0046809605536174,COL6A3,CD44,1,1,False,2.2462910004295011e-10,2.2462910004295011e-10,4.798782161694547e-08
0.5,COL6A3_ITGA10_ITGB1,0.0010715623391861,0.0138591879497557,COL6A3,ITGA10_ITGB1,1,2,True,0.012787625610569599,0.012787625610569599,0.9226821699026753
0.5,COL6A3_ITGA1_ITGB1,0.008002152566722,0.0371463884010929,COL6A3,ITGA1_ITGB1,1,2,True,0.029144235834370896,0.029144235834370896,0.784577911577359
0.5,COL6A3_ITGA3_ITGB1,0.0335979664693923,0.0780121574522655,COL6A3,ITGA3_ITGB1,1,2,True,0.0444141909828732,0.0444141909828732,0.569323967357903
0.5,COL6A3_ITGA9_ITGB1,0.0105351675733295,0.0438285142667817,COL6A3,ITGA9_ITGB1,1,2,True,0.0332933466934522,0.0332933466934522,0.7596275449995287
0.5,COL6A3_SDC4,0.1485631325517904,0.1485631326826996,COL6A3,SDC4,1,1,False,1.3090920014668939e-10,1.3090920014668939e-10,8.811688188232042e-10
0.5,COL6A6_CD44,0.0017192263852766,0.0017192265105603,COL6A6,CD44,1,1,False,1.2528369986407328e-10,1.2528369986407328e-10,7.287213121396263e-08
0.5,COL6A6_ITGA10_ITGB1,0.0003458723400793,0.0044081945344569,COL6A6,ITGA10_ITGB1,1,2,True,0.004062322194377599,0.004062322194377599,0.9215387757106067
0.5,COL6A6_ITGA1_ITGB1,0.001954293217061,0.0104463843485288,COL6A6,ITGA1_ITGB1,1,2,True,0.0084920911314678,0.0084920911314678,0.8129215667489555
0.5,COL6A6_ITGA3_ITGB1,0.0098314541236507,0.0237534163941554,COL6A6,ITGA3_ITGB1,1,2,True,0.013921962270504698,0.013921962270504698,0.5861035751442576
0.5,COL6A6_ITGA9_ITGB1,0.003041464380952,0.0132468959888702,COL6A6,ITGA9_ITGB1,1,2,True,0.010205431607918201,0.010205431607918201,0.7704017315824491
0.5,COL6A6_SDC4,0.048489431870407,0.048489433643852,COL6A6,SDC4,1,1,False,1.773444995023521e-09,1.773444995023521e-09,3.6573844273975696e-08
0.5,COL9A2_CD44,0.0054796339126988,0.0054796344130347,COL9A2,CD44,1,1,False,5.003359003150076e-10,5.003359003150076e-10,9.130826303390456e-08
0.5,COL9A2_ITGA10_ITGB1,0.0010696975949233,0.0132773174833997,COL9A2,ITGA10_ITGB1,1,2,True,0.012207619888476401,0.012207619888476401,0.9194342082833588
0.5,COL9A2_ITGA1_ITGB1,0.0049180167572433,0.0287280457797756,COL9A2,ITGA1_ITGB1,1,2,True,0.0238100290225323,0.0238100290225323,0.8288078209376303
0.5,COL9A2_ITGA3_ITGB1,0.0282066333838417,0.0689322981560405,COL9A2,ITGA3_ITGB1,1,2,True,0.0407256647721988,0.0407256647721988,0.5908067170487922
0.5,COL9A2_ITGA9_ITGB1,0.0083798974374532,0.037662395161704,COL9A2,ITGA9_ITGB1,1,2,True,0.0292824977242508,0.0292824977242508,0.777499614629553
0.5,COL9A2_SDC4,0.1463350542865008,0.1463350621335023,COL9A2,SDC4,1,1,False,7.847001520788766e-09,7.847001520788766e-09,5.36235226635562e-08
0.5,COMP_ITGA3_ITGB1,0.0705440618717266,0.1680038954127196,COMP,ITGA3_ITGB1,1,2,True,0.097459833540993,0.097459833540993,0.5801046059174548
0.5,COMP_SDC4,0.3509318410237032,0.3509318846911872,COMP,SDC4,1,1,False,4.3667484017628766e-08,4.3667484017628766e-08,1.244329339183735e-07
0.5,CSPG4_ITGA3_ITGB1,0.0156641882906295,0.03727429109619,CSPG4,ITGA3_ITGB1,1,2,True,0.021610102805560503,0.021610102805560503,0.5797589214988286
0.5,CXCL12_ACKR3,0.0163045782308039,0.0163045778571552,CXCL12,ACKR3,1,1,False,-3.7364869878708795e-10,3.7364869878708795e-10,2.291679634381227e-08
0.5,CXCL12_CXCR4,0.1188248886083537,0.1188248941883249,CXCL12,CXCR4,1,1,False,5.5799711934367835e-09,5.5799711934367835e-09,4.695961424205536e-08
0.5,DLL1_NOTCH3,0.0275733611924399,0.0275733621750953,DLL1,NOTCH3,1,1,False,9.826554014935596e-10,9.826554014935596e-10,3.5637852041892433e-08
0.5,DLL4_NOTCH3,0.0084917797905415,0.0084917803374681,DLL4,NOTCH3,1,1,False,5.469265994956229e-10,5.469265994956229e-10,6.440658822537253e-08
0.5,EDN1_EDNRA,0.0010210772424859,0.001021077252176,EDN1,EDNRA,1,1,False,9.690099850995226e-12,9.690099850995226e-12,9.49007514401562e-09
0.5,EDN1_EDNRB,0.0822464687964197,0.0822464742989469,EDN1,EDNRB,1,1,False,5.502527197775997e-09,5.502527197775997e-09,6.690289455783337e-08
0.5,EDN2_EDNRA,0.0027730879040411,0.0027730877528288,EDN2,EDNRA,1,1,False,-1.5121229962611338e-10,1.5121229962611338e-10,5.452849129151597e-08
0.5,EDN2_EDNRB,0.1918929147230239,0.1918929013965172,EDN2,EDNRB,1,1,False,-1.3326506675959138e-08,1.3326506675959138e-08,6.944762236372547e-08
0.5,EFNA1_EPHA2,0.0460109259511352,0.0460109263904966,EFNA1,EPHA2,1,1,False,4.3936140142752933e-10,4.3936140142752933e-10,9.549066621668325e-09
0.5,EFNA1_EPHA3,0.3167642666038509,0.3167642495916706,EFNA1,EPHA3,1,1,False,-1.701218027561069e-08,1.701218027561069e-08,5.3706121773155435e-08
0.5,EFNA1_EPHA4,0.4252997716941687,0.4252997490529075,EFNA1,EPHA4,1,1,False,-2.2641261199218832e-08,2.2641261199218832e-08,5.323600600354911e-08
0.5,EFNA1_EPHA5,0.9660651300104413,0.9660651216298636,EFNA1,EPHA5,1,1,False,-8.380577676270207e-09,8.380577676270207e-09,8.674961362263049e-09
0.5,EFNA1_EPHA8,0.060669729700293,0.0606697273182977,EFNA1,EPHA8,1,1,False,-2.381995302391804e-09,2.381995302391804e-09,3.9261676525654605e-08
0.5,EFNA3_EPHA2,0.1267261377553624,0.1267261313075476,EFNA3,EPHA2,1,1,False,-6.447814809851238e-09,6.447814809851238e-09,5.087991257413982e-08
0.5,EFNA3_EPHA3,0.9415624890975284,0.9415624203274572,EFNA3,EPHA3,1,1,False,-6.877007119321377e-08,6.877007119321377e-08,7.303824439642737e-08
0.5,EFNA3_EPHA4,1.1581073877625636,1.1581072983552825,EFNA3,EPHA4,1,1,False,-8.94072811341573e-08,8.94072811341573e-08,7.720120092394028e-08
0.5,EFNA3_EPHA5,2.6532437303132106,2.6532436277638967,EFNA3,EPHA5,1,1,False,-1.0254931392950084e-07,1.0254931392950084e-07,3.865054414635141e-08
0.5,EFNA3_EPHA8,0.1762055486562445,0.1762055363911688,EFNA3,EPHA8,1,1,False,-1.2265075705064632e-08,1.2265075705064632e-08,6.96066372404214e-08
0.5,EFNA5_EPHA2,0.1049729597913658,0.1049729568422297,EFNA5,EPHA2,1,1,False,-2.9491361019928775e-09,2.9491361019928775e-09,2.809424548811711e-08
0.5,EFNA5_EPHA3,0.7975338752555007,0.7975338510052705,EFNA5,EPHA3,1,1,False,-2.4250230157285557e-08,2.4250230157285557e-08,3.040652053747143e-08
0.5,EFNA5_EPHA4,0.9610213933096996,0.9610213303942888,EFNA5,EPHA4,1,1,False,-6.291541077008134e-08,6.291541077008134e-08,6.546723226774845e-08
0.5,EFNA5_EPHA5,2.221204048011475,2.2212039970393658,EFNA5,EPHA5,1,1,False,-5.09721092001314e-08,5.09721092001314e-08,2.2947963401095005e-08
0.5,EFNA5_EPHA8,0.1494889102264569,0.1494889038098441,EFNA5,EPHA8,1,1,False,-6.416612824411416e-09,6.416612824411416e-09,4.292367115855654e-08
0.5,EFNA5_EPHB2,0.66782674040923,0.6678267447882681,EFNA5,EPHB2,1,1,False,4.379038132107382e-09,4.379038132107382e-09,6.557146994009261e-09
0.5,EFNB1_EPHA4,3.927969619829183,3.927969436439213,EFNB1,EPHA4,1,1,False,-1.8338997032074644e-07,1.8338997032074644e-07,4.668823541683135e-08
0.5,EFNB1_EPHB1,1.5367967611971274,1.5367967050328388,EFNB1,EPHB1,1,1,False,-5.6164288553262054e-08,5.6164288553262054e-08,3.6546334539065164e-08
0.5,EFNB1_EPHB2,2.883129814365033,2.883129812642476,EFNB1,EPHB2,1,1,False,-1.7225572079837548e-09,1.7225572079837548e-09,5.974608563933576e-10
0.5,EFNB1_EPHB3,0.2582550564609008,0.2582550626549766,EFNB1,EPHB3,1,1,False,6.194075807819388e-09,6.194075807819388e-09,2.3984334495291364e-08
0.5,EFNB2_EPHA4,1.5219019792241764,1.521901928424438,EFNB2,EPHA4,1,1,False,-5.079973841581875e-08,5.079973841581875e-08,3.3379113181596006e-08
0.5,EFNB2_EPHB1,0.5975151817760893,0.5975151713559276,EFNB2,EPHB1,1,1,False,-1.0420161733470934e-08,1.0420161733470934e-08,1.7439158118957634e-08
0.5,EFNB2_EPHB2,1.0781136137951588,1.0781136346914006,EFNB2,EPHB2,1,1,False,2.0896241847978558e-08,2.0896241847978558e-08,1.938222574650946e-08
0.5,EFNB2_EPHB3,0.1016513261818491,0.1016513303198323,EFNB2,EPHB3,1,1,False,4.137983192209482e-09,4.137983192209482e-09,4.070761473745471e-08
0.5,EFNB3_EPHA4,0.7854169534532993,0.7854169589841948,EFNB3,EPHA4,1,1,False,5.5308955193567044e-09,5.5308955193567044e-09,7.041986369265556e-09
0.5,EFNB3_EPHB1,0.320833387103079,0.320833391631683,EFNB3,EPHB1,1,1,False,4.528603991804658e-09,4.528603991804658e-09,1.4115126760257858e-08
0.5,EFNB3_EPHB2,0.5591082255730067,0.559108258395703,EFNB3,EPHB2,1,1,False,3.282269633864132e-08,3.282269633864132e-08,5.870544003914785e-08
0.5,EFNB3_EPHB3,0.0546350639621306,0.054635067161437,EFNB3,EPHB3,1,1,False,3.199306396195478e-09,3.199306396195478e-09,5.85577461951697e-08
0.5,ESAM_ESAM,0.0099801441379275,0.0099801445301388,ESAM,ESAM,1,1,False,3.922112998960836e-10,3.922112998960836e-10,3.929916031893667e-08
0.5,FGF10_FGFR1,0.252169488896695,0.2521694625864001,FGF10,FGFR1,1,1,False,-2.6310294887199603e-08,2.6310294887199603e-08,1.0433575847067688e-07
0.5,FGF17_FGFR1,1.6782624523542276,1.6782622810130452,FGF17,FGFR1,1,1,False,-1.7134118235340168e-07,1.7134118235340168e-07,1.0209439060800548e-07
0.5,FGF17_FGFR3,0.2408526642902025,0.240852650056076,FGF17,FGFR3,1,1,False,-1.423412648859923e-08,1.423412648859923e-08,5.9098895710983635e-08
0.5,FGF17_FGFR4,0.1618726328387131,0.1618726243633734,FGF17,FGFR4,1,1,False,-8.475339680069638e-09,8.475339680069638e-09,5.235807641748998e-08
0.5,FGF18_FGFR1,0.0475113810797301,0.0475113798964227,FGF18,FGFR1,1,1,False,-1.1833074034517388e-09,1.1833074034517388e-09,2.4905767345849184e-08
0.5,FGF18_FGFR3,0.006730835581408,0.0067308356156742,FGF18,FGFR3,1,1,False,3.426620012042525e-11,3.426620012042525e-11,5.0909280922905064e-09
0.5,FGF18_FGFR4,0.0044955745596199,0.0044955745233538,FGF18,FGFR4,1,1,False,-3.6266100365833775e-11,3.6266100365833775e-11,8.067066819797126e-09
0.5,FGF2_FGFR1,0.8417888389119433,0.8417888732750295,FGF2,FGFR1,1,1,False,3.4363086154343137e-08,3.4363086154343137e-08,4.082150197667916e-08
0.5,FGF2_FGFR3,0.1204932040090951,0.1204932127343891,FGF2,FGFR3,1,1,False,8.725293987321692e-09,8.725293987321692e-09,7.241315746601774e-08
0.5,FGF2_FGFR4,0.0796298079054508,0.0796298130429478,FGF2,FGFR4,1,1,False,5.137497011142855e-09,5.137497011142855e-09,6.45172557214467e-08
0.5,FGF7_FGFR1,0.2055738555662085,0.2055738740951803,FGF7,FGFR1,1,1,False,1.8528971801323735e-08,1.8528971801323735e-08,9.013291150384634e-08
0.5,FGF8_FGFR1,0.0434653962220146,0.0434653977660374,FGF8,FGFR1,1,1,False,1.5440228054441896e-09,1.5440228054441896e-09,3.552303406390644e-08
0.5,FGF8_FGFR3,0.0062988101733116,0.0062988107835896,FGF8,FGFR3,1,1,False,6.102780000100116e-10,6.102780000100116e-10,9.688781279157956e-08
0.5,FGF8_FGFR4,0.0040023031650852,0.0040023033585577,FGF8,FGFR4,1,1,False,1.934724993060688e-10,1.934724993060688e-10,4.8340288572176103e-08
0.5,FGF9_FGFR1,0.3584611368715986,0.3584611647598485,FGF9,FGFR1,1,1,False,2.788824993160688e-08,2.788824993160688e-08,7.779991997261584e-08
0.5,FGF9_FGFR3,0.0516237433378271,0.0516237479109185,FGF9,FGFR3,1,1,False,4.573091398618612e-09,4.573091398618612e-09,8.85850327355135e-08
0.5,FGF9_FGFR4,0.0346293015722429,0.0346293042537465,FGF9,FGFR4,1,1,False,2.681503602497415e-09,2.681503602497415e-09,7.743452143446706e-08
0.5,FN1_CD44,0.0124523170875854,0.0124523187049098,FN1,CD44,1,1,False,1.6173243994055397e-09,1.6173243994055397e-09,1.2988138496389818e-07
0.5,FN1_ITGA3_ITGB1,0.0862172182314244,0.2021258169538236,FN1,ITGA3_ITGB1,1,2,True,0.11590859872239918,0.11590859872239918,0.5734477686681605
0.5,FN1_ITGA4_ITGB1,0.0076937407939629,0.0605998351841517,FN1,ITGA4_ITGB1,1,2,True,0.0529060943901888,0.0529060943901888,0.8730402356609874
0.5,FN1_ITGA4_ITGB7,0.0076635562175584,0.0088457534180601,FN1,ITGA4_ITGB7,1,2,True,0.0011821972005016997,0.0011821972005016997,0.13364573311393063
0.5,FN1_ITGA5_ITGB1,0.0434279023815954,0.1445290530599442,FN1,ITGA5_ITGB1,1,2,True,0.10110115067834881,0.10110115067834881,0.6995212971914827
0.5,FN1_ITGA8_ITGB1,0.0114058875846517,0.071501257485115,FN1,ITGA8_ITGB1,1,2,True,0.060095369900463304,0.060095369900463304,0.8404799022307243
0.5,FN1_SDC4,0.4003363117545419,0.4003363225480576,FN1,SDC4,1,1,False,1.0793515747842264e-08,1.0793515747842264e-08,2.6961120287921356e-08
0.5,GAL_GALR1,0.1266917876806343,0.1266917828175415,GAL,GALR1,1,1,False,-4.863092789575418e-09,4.863092789575418e-09,3.838522510894189e-08
0.5,GAL_GALR2,0.0065465683147801,0.0065465686696704,GAL,GALR2,1,1,False,3.548902994393588e-10,3.548902994393588e-10,5.4210124012527386e-08
0.5,GAS6_AXL,0.2921343352265148,0.2921343464122761,GAS6,AXL,1,1,False,1.1185761317200615e-08,1.1185761317200615e-08,3.828978500670596e-08
0.5,GAS6_MERTK,0.0073246123337145,0.0073246129876423,GAS6,MERTK,1,1,False,6.539277999303983e-10,6.539277999303983e-10,8.927813674711152e-08
0.5,GAS6_TYRO3,0.2715851820998733,0.2715851852898687,GAS6,TYRO3,1,1,False,3.189995378960475e-09,3.189995378960475e-09,1.1745837224352737e-08
0.5,GDF10_ACVR1B_ACVR2A,0.2810745861634847,0.8589512489712848,GDF10,ACVR1B_ACVR2A,1,2,True,0.5778766628078001,0.5778766628078001,0.6727700361340517
0.5,GDF5_BMPR1A_ACVR2A,0.0092723497029802,0.0285041441470242,GDF5,BMPR1A_ACVR2A,1,2,True,0.019231794444044,0.019231794444044,0.6747016975793597
0.5,GDF5_BMPR1A_BMPR2,0.0092723497029802,0.0169666586744419,GDF5,BMPR1A_BMPR2,1,2,True,0.007694308971461701,0.007694308971461701,0.4534958307997433
0.5,GDNF_GFRA1_RET,0.0012319611573821,0.0031489793701997,GDNF,GFRA1_RET,1,2,True,0.0019170182128176,0.0019170182128176,0.6087744591022926
0.5,GRN_SORT1,4.704014278895815,4.7040141841977645,GRN,SORT1,1,1,False,-9.469805029027611e-08,9.469805029027611e-08,2.013132713374859e-08
0.5,HBEGF_ERBB2_ERBB4,0.0391950646633371,0.0823524126550516,HBEGF,ERBB2_ERBB4,1,2,True,0.043157347991714494,0.043157347991714494,0.5240568745992552
0.5,HBEGF_ERBB4,0.1768465522656425,0.1768465529923243,HBEGF,ERBB4,1,1,False,7.266817980688955e-10,7.266817980688955e-10,4.109109201016974e-09
0.5,HSPG2_DAG1,0.7449699389728388,0.7449699470921917,HSPG2,DAG1,1,1,False,8.119352856716944e-09,8.119352856716944e-09,1.0898899866241391e-08
0.5,IHH_PTCH1_SMO,0.0093417210200246,0.0139554601040984,IHH,PTCH1_SMO,1,2,True,0.004613739084073799,0.004613739084073799,0.3306045841311136
0.5,IHH_PTCH2_SMO,0.0062930976755508,0.0078922725487984,IHH,PTCH2_SMO,1,2,True,0.0015991748732475993,0.0015991748732475993,0.20262539887716802
0.5,INHBB_ACVR1B_ACVR2A,0.069318851903364,0.2130496910624587,INHBB,ACVR1B_ACVR2A,1,2,True,0.14373083915909468,0.14373083915909468,0.6746352855163626
0.5,INHBB_ACVR1C_ACVR2A,0.0060796307002869,0.0630324097999915,INHBB,ACVR1C_ACVR2A,1,2,True,0.0569527790997046,0.0569527790997046,0.9035475445159369
0.5,JAG1_NOTCH3,0.0452761210099642,0.0452761197184236,JAG1,NOTCH3,1,1,False,-1.2915405966928972e-09,1.2915405966928972e-09,2.8525866789883784e-08
0.5,JAG2_NOTCH3,0.0265973176953953,0.0265973178977626,JAG2,NOTCH3,1,1,False,2.0236730000067205e-10,2.0236730000067205e-10,7.608560411187003e-09
0.5,JAM2_ITGA3_ITGB1,0.449631819304326,1.1077301218935678,JAM2,ITGA3_ITGB1,1,2,True,0.6580983025892417,0.6580983025892417,0.5940962420199247
0.5,JAM2_JAM2,2.5850150662464344,2.585014909220708,JAM2,JAM2,1,1,False,-1.5702572619957778e-07,1.5702572619957778e-07,6.074460773939962e-08
0.5,JAM2_JAM3,0.5519497757590648,0.5519497560287642,JAM2,JAM3,1,1,False,-1.973030061552805e-08,1.973030061552805e-08,3.5746550650182085e-08
0.5,JAM3_ITGAM_ITGB2,0.0127909596526587,0.0355227837028141,JAM3,ITGAM_ITGB2,1,2,True,0.0227318240501554,0.0227318240501554,0.6399223732107062
0.5,JAM3_JAM2,0.5448915224598893,0.5448915010368863,JAM3,JAM2,1,1,False,-2.1423002927178914e-08,2.1423002927178914e-08,3.9316087779207304e-08
0.5,JAM3_JAM3,0.1324701311975864,0.1324701307312732,JAM3,JAM3,1,1,False,-4.663132102677991e-10,4.663132102677991e-10,3.520138510108876e-09
0.5,L1CAM_ITGA4_ITGB7,0.1038746684582009,0.1194691085662654,L1CAM,ITGA4_ITGB7,1,2,True,0.015594440108064503,0.015594440108064503,0.13053114981112296
0.5,L1CAM_L1CAM,16.425720075230956,16.425720300159064,L1CAM,L1CAM,1,1,False,2.2492810813901087e-07,2.2492810813901087e-07,1.369365263919858e-08
0.5,LAMA1_CD44,0.0114151875729537,0.0114151886994731,LAMA1,CD44,1,1,False,1.1265194003323709e-09,1.1265194003323709e-09,9.868600773847641e-08
0.5,LAMA1_DAG1,0.449388841296479,0.4493888422305167,LAMA1,DAG1,1,1,False,9.340377360445018e-10,9.340377360445018e-10,2.0784622319692164e-09
0.5,LAMA1_ITGA1_ITGB1,0.010778485903389,0.0613567294145374,LAMA1,ITGA1_ITGB1,1,2,True,0.0505782435111484,0.0505782435111484,0.824330827176795
0.5,LAMA1_ITGA3_ITGB1,0.0582937820159445,0.1436616694853464,LAMA1,ITGA3_ITGB1,1,2,True,0.0853678874694019,0.0853678874694019,0.5942287025845088
0.5,LAMA1_ITGA6_ITGB1,0.1766444820147906,0.2489812818559299,LAMA1,ITGA6_ITGB1,1,2,True,0.0723367998411393,0.0723367998411393,0.2905310764806655
0.5,LAMA1_ITGA6_ITGB4,0.1655738963213865,0.1709912549099538,LAMA1,ITGA6_ITGB4,1,2,True,0.005417358588567289,0.005417358588567289,0.0316820798316273
0.5,LAMA1_ITGA7_ITGB1,0.0160492677277556,0.0756456492565059,LAMA1,ITGA7_ITGB1,1,2,True,0.0595963815287503,0.0595963815287503,0.7878362088831529
0.5,LAMA1_ITGA9_ITGB1,0.0179916195991344,0.0800116758714276,LAMA1,ITGA9_ITGB1,1,2,True,0.062020056272293206,0.062020056272293206,0.7751375733206052
0.5,LAMA1_SV2A,0.4538919560357293,0.4538919615296488,LAMA1,SV2A,1,1,False,5.493919486010412e-09,5.493919486010412e-09,1.2104024639465978e-08
0.5,LAMA1_SV2B,0.4160866392154507,0.4160866433394814,LAMA1,SV2B,1,1,False,4.124030728025474e-09,4.124030728025474e-09,9.911471069886552e-09
0.5,LAMA2_CD44,0.0100209287401844,0.0100209292667359,LAMA2,CD44,1,1,False,5.265515003183285e-10,5.265515003183285e-10,5.2545176829677515e-08
0.5,LAMA2_DAG1,0.4039469834326496,0.4039469643210472,LAMA2,DAG1,1,1,False,-1.9111602411747697e-08,1.9111602411747697e-08,4.731215529657294e-08
0.5,LAMA2_ITGA1_ITGB1,0.0104848177118777,0.0576670682774148,LAMA2,ITGA1_ITGB1,1,2,True,0.0471822505655371,0.0471822505655371,0.8181836180497482
0.5,LAMA2_ITGA3_ITGB1,0.0551006864878963,0.1334996701534165,LAMA2,ITGA3_ITGB1,1,2,True,0.07839898366552019,0.07839898366552019,0.5872597555890952
0.5,LAMA2_ITGA6_ITGB1,0.1542723719519442,0.2216485072444589,LAMA2,ITGA6_ITGB1,1,2,True,0.06737613529251468,0.06737613529251468,0.303977392539823
0.5,LAMA2_ITGA6_ITGB4,0.1439723903755841,0.1489866534930933,LAMA2,ITGA6_ITGB4,1,2,True,0.005014263117509216,0.005014263117509216,0.033655787279910046
0.5,LAMA2_ITGA7_ITGB1,0.0151913396636869,0.0704482503952639,LAMA2,ITGA7_ITGB1,1,2,True,0.05525691073157699,0.05525691073157699,0.7843617183045303
0.5,LAMA2_ITGA9_ITGB1,0.0170746842227625,0.0745617924911267,LAMA2,ITGA9_ITGB1,1,2,True,0.0574871082683642,0.0574871082683642,0.7709995474586466
0.5,LAMA2_SV2A,0.445965817488945,0.4459658036820336,LAMA2,SV2A,1,1,False,-1.3806911391966992e-08,1.3806911391966992e-08,3.0959573246461316e-08
0.5,LAMA2_SV2B,0.4019437714410472,0.4019437552931343,LAMA2,SV2B,1,1,False,-1.614791289572537e-08,1.614791289572537e-08,4.0174556848665515e-08
0.5,LAMA3_CD44,0.0011280128382316,0.0011280129312933,LAMA3,CD44,1,1,False,9.306169983930301e-11,9.306169983930301e-11,8.250056117052227e-08
0.5,LAMA3_DAG1,0.0460425321691102,0.0460425311723749,LAMA3,DAG1,1,1,False,-9.96735305403007e-10,9.96735305403007e-10,2.1648142672563822e-08
0.5,LAMA3_ITGA1_ITGB1,0.0011172472065883,0.0063671443590154,LAMA3,ITGA1_ITGB1,1,2,True,0.0052498971524270995,0.0052498971524270995,0.8245293111650026
0.5,LAMA3_ITGA3_ITGB1,0.0062167105228144,0.0150736662792976,LAMA3,ITGA3_ITGB1,1,2,True,0.0088569557564832,0.0088569557564832,0.5875780710793284
0.5,LAMA3_ITGA6_ITGB1,0.0175828059872499,0.0252207550151305,LAMA3,ITGA6_ITGB1,1,2,True,0.007637949027880599,0.007637949027880599,0.30284378970012676
0.5,LAMA3_ITGA6_ITGB4,0.0164425743948967,0.0169979452622937,LAMA3,ITGA6_ITGB4,1,2,True,0.0005553708673970009,0.0005553708673970009,0.03267282361645041
0.5,LAMA3_ITGA7_ITGB1,0.0017027551586559,0.0079295815917133,LAMA3,ITGA7_ITGB1,1,2,True,0.006226826433057399,0.006226826433057399,0.7852654469896191
0.5,LAMA3_ITGA9_ITGB1,0.0018867873682405,0.0083347268395687,LAMA3,ITGA9_ITGB1,1,2,True,0.0064479394713282,0.0064479394713282,0.7736233706804798
0.5,LAMA3_SV2A,0.0497250291814937,0.0497250291966836,LAMA3,SV2A,1,1,False,1.5189897950573794e-11,1.5189897950573794e-11,3.0547790913286947e-10
0.5,LAMA3_SV2B,0.0449838536306795,0.0449838531013734,LAMA3,SV2B,1,1,False,-5.293060989508547e-10,5.293060989508547e-10,1.1766579699829494e-08
0.5,LAMA4_CD44,0.0118475186205649,0.0118475188432298,LAMA4,CD44,1,1,False,2.226649004066772e-10,2.226649004066772e-10,1.8794222094351666e-08
0.5,LAMA4_DAG1,0.4945502796802911,0.4945502374284429,LAMA4,DAG1,1,1,False,-4.225184818684724e-08,4.225184818684724e-08,8.543488887350653e-08
0.5,LAMA4_ITGA1_ITGB1,0.0136358724067483,0.0733383336333221,LAMA4,ITGA1_ITGB1,1,2,True,0.05970246122657379,0.05970246122657379,0.8140689632392644
0.5,LAMA4_ITGA3_ITGB1,0.0708623565951679,0.1691907716695841,LAMA4,ITGA3_ITGB1,1,2,True,0.0983284150744162,0.0983284150744162,0.5811689024413438
0.5,LAMA4_ITGA6_ITGB1,0.1840983088968134,0.2696660918849952,LAMA4,ITGA6_ITGB1,1,2,True,0.0855677829881818,0.0855677829881818,0.3173101311701954
0.5,LAMA4_ITGA6_ITGB4,0.171450942985177,0.1775837180016729,LAMA4,ITGA6_ITGB4,1,2,True,0.006132775016495923,0.006132775016495923,0.03453455691494278
0.5,LAMA4_ITGA7_ITGB1,0.019164854011405,0.0884611343791933,LAMA4,ITGA7_ITGB1,1,2,True,0.0692962803677883,0.0692962803677883,0.7833528345990473
0.5,LAMA4_ITGA9_ITGB1,0.021258608517447,0.0929691888859317,LAMA4,ITGA9_ITGB1,1,2,True,0.0717105803684847,0.0717105803684847,0.7713370550803643
0.5,LAMA4_SV2A,0.5726677032855965,0.5726676715326031,LAMA4,SV2A,1,1,False,-3.1752993345790514e-08,3.1752993345790514e-08,5.5447501515472936e-08
0.5,LAMA4_SV2B,0.547183721192167,0.5471836861904418,LAMA4,SV2B,1,1,False,-3.5001725184891086e-08,3.5001725184891086e-08,6.3967044027976e-08
0.5,LAMA5_CD44,0.0329668510735071,0.0329668538637431,LAMA5,CD44,1,1,False,2.790236000582702e-09,2.790236000582702e-09,8.463761850357821e-08
0.5,LAMA5_DAG1,1.3171009158358111,1.317100898026754,LAMA5,DAG1,1,1,False,-1.780905711790126e-08,1.780905711790126e-08,1.3521406677179265e-08
0.5,LAMA5_ITGA1_ITGB1,0.0303070894405802,0.176234705907973,LAMA5,ITGA1_ITGB1,1,2,True,0.1459276164673928,0.1459276164673928,0.8280299599080894
0.5,LAMA5_ITGA3_ITGB1,0.1702377119365971,0.4193527050432186,LAMA5,ITGA3_ITGB1,1,2,True,0.2491149931066215,0.2491149931066215,0.5940464675933058
0.5,LAMA5_ITGA6_ITGB1,0.5158949119255106,0.727648817174352,LAMA5,ITGA6_ITGB1,1,2,True,0.2117539052488414,0.2117539052488414,0.291011130989172
0.5,LAMA5_ITGA6_ITGB4,0.4846809550242046,0.4999722654975208,LAMA5,ITGA6_ITGB4,1,2,True,0.015291310473316166,0.015291310473316166,0.030584317428287412
0.5,LAMA5_ITGA7_ITGB1,0.0465736183752437,0.2200524685269332,LAMA5,ITGA7_ITGB1,1,2,True,0.17347885015168948,0.17347885015168948,0.7883522112384603
0.5,LAMA5_ITGA9_ITGB1,0.0513375550312108,0.2308113404072705,LAMA5,ITGA9_ITGB1,1,2,True,0.1794737853760597,0.1794737853760597,0.7775778480354353
0.5,LAMA5_SV2A,1.3007639318055175,1.3007639383026273,LAMA5,SV2A,1,1,False,6.4971097391008925e-09,6.4971097391008925e-09,4.9948415294930455e-09
0.5,LAMA5_SV2B,1.2298209345617566,1.229820939053069,LAMA5,SV2B,1,1,False,4.491312433074768e-09,4.491312433074768e-09,3.6520051744548803e-09
0.5,LAMB3_CD44,0.0024182943557554,0.0024182943394283,LAMB3,CD44,1,1,False,-1.632710026205908e-11,1.632710026205908e-11,6.751494177374036e-09
0.5,LAMB3_DAG1,0.0998867901846826,0.099886778715465,LAMB3,DAG1,1,1,False,-1.1469217603421455e-08,1.1469217603421455e-08,1.1482216599628237e-07
0.5,LAMB3_ITGA1_ITGB1,0.0023120749925612,0.0134637543164312,LAMB3,ITGA1_ITGB1,1,2,True,0.011151679323870001,0.011151679323870001,0.8282741248672715
0.5,LAMB3_ITGA3_ITGB1,0.0133756926931617,0.0324737377813317,LAMB3,ITGA3_ITGB1,1,2,True,0.019098045088170004,0.019098045088170004,0.5881073874763184
0.5,LAMB3_ITGA6_ITGB1,0.038374440915489,0.0547907087165831,LAMB3,ITGA6_ITGB1,1,2,True,0.0164162678010941,0.0164162678010941,0.29961773055374824
0.5,LAMB3_ITGA6_ITGB4,0.0360971242227249,0.0372115815772921,LAMB3,ITGA6_ITGB4,1,2,True,0.0011144573545671943,0.0011144573545671943,0.029949206868629254
0.5,LAMB3_ITGA7_ITGB1,0.0035622807069251,0.0168215176973418,LAMB3,ITGA7_ITGB1,1,2,True,0.0132592369904167,0.0132592369904167,0.7882307190695389
0.5,LAMB3_ITGA9_ITGB1,0.0038534629305108,0.0174734551455348,LAMB3,ITGA9_ITGB1,1,2,True,0.013619992215023998,0.013619992215023998,0.7794676039503543
0.5,LAMB3_SV2A,0.1008658112469488,0.1008658036448308,LAMB3,SV2A,1,1,False,-7.602117990668233e-09,7.602117990668233e-09,7.536862983291773e-08
0.5,LAMB3_SV2B,0.1015892700474911,0.1015892610651167,LAMB3,SV2B,1,1,False,-8.98237439983518e-09,8.98237439983518e-09,8.841853470977876e-08
0.5,LAMC1_CD44,0.0312932843746933,0.0312932889571775,LAMC1,CD44,1,1,False,4.582484197657166e-09,4.582484197657166e-09,1.4643664345821717e-07
0.5,LAMC1_DAG1,1.261118470021198,1.2611185120208293,LAMC1,DAG1,1,1,False,4.199963132833773e-08,4.199963132833773e-08,3.330347697540106e-08
0.5,LAMC1_ITGA1_ITGB1,0.0305828794246519,0.1737576161215272,LAMC1,ITGA1_ITGB1,1,2,True,0.1431747366968753,0.1431747366968753,0.8239911429075889
0.5,LAMC1_ITGA3_ITGB1,0.1665651490930137,0.4084960482597163,LAMC1,ITGA3_ITGB1,1,2,True,0.2419308991667026,0.2419308991667026,0.5922478325001719
0.5,LAMC1_ITGA6_ITGB1,0.4890978105606995,0.6960028432946721,LAMC1,ITGA6_ITGB1,1,2,True,0.2069050327339726,0.2069050327339726,0.2972761314516263
0.5,LAMC1_ITGA6_ITGB4,0.4585876220745603,0.4735003396299796,LAMC1,ITGA6_ITGB4,1,2,True,0.014912717555419341,0.014912717555419341,0.031494629057865084
0.5,LAMC1_ITGA7_ITGB1,0.0456991786249729,0.2147182288100706,LAMC1,ITGA7_ITGB1,1,2,True,0.16901905018509772,0.16901905018509772,0.7871667492870567
0.5,LAMC1_ITGA9_ITGB1,0.050523509733033,0.2254995988345191,LAMC1,ITGA9_ITGB1,1,2,True,0.1749760891014861,0.1749760891014861,0.7759485604668005
0.5,LAMC1_SV2A,1.2896797359215617,1.2896797917110916,LAMC1,SV2A,1,1,False,5.578952988471997e-08,5.578952988471997e-08,4.3258435344405005e-08
0.5,LAMC1_SV2B,1.2222875120210537,1.2222875309594154,LAMC1,SV2B,1,1,False,1.8938361767695255e-08,1.8938361767695255e-08,1.5494195341115757e-08
0.5,LAMC3_CD44,0.0013365795017837,0.0013365796863012,LAMC3,CD44,1,1,False,1.8451750002056178e-10,1.8451750002056178e-10,1.3805200087335497e-07
0.5,LAMC3_DAG1,0.0534193302923875,0.0534193310751027,LAMC3,DAG1,1,1,False,7.82715205149831e-10,7.82715205149831e-10,1.465228390916024e-08
0.5,LAMC3_ITGA1_ITGB1,0.00162982325088,0.0083235440069146,LAMC3,ITGA1_ITGB1,1,2,True,0.0066937207560346,0.0066937207560346,0.8041911895310386
0.5,LAMC3_ITGA3_ITGB1,0.0076342304483537,0.0183686727224931,LAMC3,ITGA3_ITGB1,1,2,True,0.010734442274139399,0.010734442274139399,0.5843885639594791
0.5,LAMC3_ITGA6_ITGB1,0.020200372318424,0.0294235331074994,LAMC3,ITGA6_ITGB1,1,2,True,0.0092231607890754,0.0092231607890754,0.3134620426234476
0.5,LAMC3_ITGA6_ITGB4,0.0187597420766012,0.0194592040359382,LAMC3,ITGA6_ITGB4,1,2,True,0.0006994619593370006,0.0006994619593370006,0.035945044722548794
0.5,LAMC3_ITGA7_ITGB1,0.002093984621788,0.0096607815680214,LAMC3,ITGA7_ITGB1,1,2,True,0.0075667969462333996,0.0075667969462333996,0.7832489424334574
0.5,LAMC3_ITGA9_ITGB1,0.0024042765474239,0.0103327430237495,LAMC3,ITGA9_ITGB1,1,2,True,0.0079284664763256,0.0079284664763256,0.7673147835093022
0.5,LAMC3_SV2A,0.062879553205779,0.0628795536262953,LAMC3,SV2A,1,1,False,4.205163023351943e-10,4.205163023351943e-10,6.687647702373966e-09
0.5,LAMC3_SV2B,0.0581114359752645,0.0581114356746461,LAMC3,SV2B,1,1,False,-3.006183982301458e-10,3.006183982301458e-10,5.173136632832579e-09
0.5,LRRC4C_NTNG1,0.8583976413114958,0.8583976226212481,LRRC4C,NTNG1,1,1,False,-1.8690247682862093e-08,1.8690247682862093e-08,2.177341453816946e-08
0.5,MAG_MAG,0.0001395871272189,0.000139587118882,MAG,MAG,1,1,False,-8.336900017991838e-12,8.336900017991838e-12,5.972542156353676e-08
0.5,MPZ_MPZ,0.030158191668385,0.0301581952687664,MPZ,MPZ,1,1,False,3.600381399265773e-09,3.600381399265773e-09,1.1938318480862613e-07
0.5,MSTN_ACVR1B_ACVR2A,0.0152315780567422,0.0464538841301711,MSTN,ACVR1B_ACVR2A,1,2,True,0.031222306073428897,0.031222306073428897,0.672114004201222
0.5,MSTN_TGFBR1_ACVR2A,0.0247055706639981,0.0581631923729529,MSTN,TGFBR1_ACVR2A,1,2,True,0.033457621708954804,0.033457621708954804,0.5752370243782097
0.5,NCAM1_FGFR1,0.1583876918454009,0.1583876699665733,NCAM1,FGFR1,1,1,False,-2.1878827610732898e-08,2.1878827610732898e-08,1.3813464515972862e-07
0.5,NCAM1_L1CAM,0.246441630311237,0.2464416071055556,NCAM1,L1CAM,1,1,False,-2.3205681404236955e-08,2.3205681404236955e-08,9.416299257122243e-08
0.5,NCAM1_NCAM1,0.0055194247373664,0.0055194236549982,NCAM1,NCAM1,1,1,False,-1.0823682002752966e-09,1.0823682002752966e-09,1.9610163228564104e-07
0.5,NCAM1_NCAM2,0.126159034242858,0.1261590176227139,NCAM1,NCAM2,1,1,False,-1.662014409431478e-08,1.662014409431478e-08,1.3173962684527817e-07
0.5,NCAM2_L1CAM,8.356334614320955,8.35633456830974,NCAM2,L1CAM,1,1,False,-4.601121617042736e-08,4.601121617042736e-08,5.5061481252287405e-09
0.5,NEGR1_NEGR1,2.5556506813167745,2.555650811920143,NEGR1,NEGR1,1,1,False,1.3060336856440813e-07,1.3060336856440813e-07,5.110376110665979e-08
0.5,NFASC_CNTN1_CNTNAP1,0.0202875886229072,0.4590992748142578,NFASC,CNTN1_CNTNAP1,1,2,True,0.4388116861913506,0.4388116861913506,0.9558100181466958
0.5,NMB_NMBR,0.2690806244766076,0.2690806168469993,NMB,NMBR,1,1,False,-7.629608278492128e-09,7.629608278492128e-09,2.8354357707220966e-08
0.5,NMU_NMUR1,0.0066742781226841,0.0066742776356206,NMU,NMUR1,1,1,False,-4.870635006426483e-10,4.870635006426483e-10,7.297620681811995e-08
0.5,NPB_NPBWR1,0.0003990596205654,0.0003990596382983,NPB,NPBWR1,1,1,False,1.7732900000830276e-11,1.7732900000830276e-11,4.4436716467864894e-08
0.5,NPFF_NPFFR2,0.0026236006838222,0.0026236006439787,NPFF,NPFFR2,1,1,False,-3.9843500027059164e-11,3.9843500027059164e-11,1.5186571749559484e-08
0.5,NPPC_NPR2,0.0191101850094734,0.0191101851163171,NPPC,NPR2,1,1,False,1.0684370055358272e-10,1.0684370055358272e-10,5.590929648418474e-09
0.5,NPW_NPBWR1,0.0024024533392595,0.0024024530991311,NPW,NPBWR1,1,1,False,-2.401283998032522e-10,2.401283998032522e-10,9.995132720341038e-08
0.5,NPY_GPR83,0.0137240099167237,0.0137240092033676,NPY,GPR83,1,1,False,-7.133560998850985e-10,7.133560998850985e-10,5.197869312348882e-08
0.5,NPY_NPY1R,0.4900032213947002,0.490003218968586,NPY,NPY1R,1,1,False,-2.4261141984283086e-09,2.4261141984283086e-09,4.951220915492841e-09
0.5,NPY_NPY2R,0.1109428921406265,0.1109428891279399,NPY,NPY2R,1,1,False,-3.012686600190051e-09,3.012686600190051e-09,2.7155291718655553e-08
0.5,NRG1_ERBB2_ERBB3,0.0382109036904279,0.1028007566861899,NRG1,ERBB2_ERBB3,1,2,True,0.064589852995762,0.064589852995762,0.6283013382180571
0.5,NRG1_ERBB2_ERBB4,0.2925062304689759,0.6235051260065764,NRG1,ERBB2_ERBB4,1,2,True,0.3309988955376005,0.3309988955376005,0.5308679619966898
0.5,NRG1_ERBB3,0.0382109036904279,0.0382109008713772,NRG1,ERBB3,1,1,False,-2.8190507012082477e-09,2.8190507012082477e-09,7.377608035777598e-08
0.5,NRG1_ERBB4,1.3681139311631514,1.3681138513696145,NRG1,ERBB4,1,1,False,-7.97935368890279e-08,7.97935368890279e-08,5.832375145919942e-08
0.5,NRG3_ERBB2_ERBB4,0.3326501819265883,0.7000836754879965,NRG3,ERBB2_ERBB4,1,2,True,0.36743349356140825,0.36743349356140825,0.5248422530425196
0.5,NRG3_ERBB4,1.512224446867641,1.5122243950433008,NRG3,ERBB4,1,1,False,-5.1824340152606396e-08,5.1824340152606396e-08,3.427027003825602e-08
0.5,NRG4_ERBB2_ERBB4,0.013745346757066,0.0293630136279153,NRG4,ERBB2_ERBB4,1,2,True,0.0156176668708493,0.0156176668708493,0.531882287995182
0.5,NRG4_ERBB4,0.0645724262627974,0.0645724197289537,NRG4,ERBB4,1,1,False,-6.533843702194453e-09,6.533843702194453e-09,1.0118628151903355e-07
0.5,NRTN_GFRA2_RET,0.0008673351465527,0.0031378355405771,NRTN,GFRA2_RET,1,2,True,0.0022705003940244,0.0022705003940244,0.7235880799561654
0.5,NRXN1_NLGN1,2.633428368426129,2.633428184285306,NRXN1,NLGN1,1,1,False,-1.8414082303408463e-07,1.8414082303408463e-07,6.992437130315285e-08
0.5,NRXN1_NLGN2,1.954570078588852,1.954569870532071,NRXN1,NLGN2,1,1,False,-2.080567809148448e-07,2.080567809148448e-07,1.0644631430409306e-07
0.5,NRXN1_NLGN3,2.6984896203156903,2.6984895171328573,NRXN1,NLGN3,1,1,False,-1.0318283294452613e-07,1.0318283294452613e-07,3.8237253968927624e-08
0.5,NRXN2_NLGN1,5.550918020640726,5.5509178643800565,NRXN2,NLGN1,1,1,False,-1.5626066929286253e-07,1.5626066929286253e-07,2.8150419212068607e-08
0.5,NRXN2_NLGN2,4.108051212080404,4.108050946336257,NRXN2,NLGN2,1,1,False,-2.657441466880073e-07,2.657441466880073e-07,6.468861583481304e-08
0.5,NRXN2_NLGN3,5.6376342438314895,5.637634260723878,NRXN2,NLGN3,1,1,False,1.689238882107702e-08,1.689238882107702e-08,2.9963612465538015e-09
0.5,NRXN3_NLGN1,5.737683693288492,5.737683595567935,NRXN3,NLGN1,1,1,False,-9.772055697965243e-08,9.772055697965243e-08,1.7031360075488047e-08
0.5,NRXN3_NLGN2,4.205262969170922,4.205262749683186,NRXN3,NLGN2,1,1,False,-2.194877355421454e-07,2.194877355421454e-07,5.219358150755979e-08
0.5,NRXN3_NLGN3,5.751044303281046,5.75104435623847,NRXN3,NLGN3,1,1,False,5.295742422362082e-08,5.295742422362082e-08,9.208314341407404e-09
0.5,NTS_NTSR1,1.4755711787552552,1.4755710845440615,NTS,NTSR1,1,1,False,-9.421119373520526e-08,9.421119373520526e-08,6.384727154584221e-08
0.5,PDGFA_PDGFRA,0.029954613743695,0.0299546118945769,PDGFA,PDGFRA,1,1,False,-1.8491180982238564e-09,1.8491180982238564e-09,6.173066072711648e-08
0.5,PDGFA_PDGFRB,0.0187769137761212,0.0187769130328553,PDGFA,PDGFRB,1,1,False,-7.432659002160058e-10,7.432659002160058e-10,3.9584029041089004e-08
0.5,PDGFC_PDGFRA,0.0266788329969806,0.0266788307647823,PDGFC,PDGFRA,1,1,False,-2.232198297730248e-09,2.232198297730248e-09,8.366926311892575e-08
0.5,PDGFD_PDGFRB,0.0800046135082788,0.0800046035283714,PDGFD,PDGFRB,1,1,False,-9.97990740048138e-09,9.97990740048138e-09,1.2474164879814923e-07
0.5,PECAM1_PECAM1,0.0102879423172177,0.0102879439734508,PECAM1,PECAM1,1,1,False,1.656233100319482e-09,1.656233100319482e-09,1.6098776437678689e-07
0.5,PLG_F2R,0.0147423265791398,0.0147423258188402,PLG,F2R,1,1,False,-7.602996010547258e-10,7.602996010547258e-10,5.157256535956406e-08
0.5,PLG_F2RL2,0.0018106017061141,0.0018106015058299,PLG,F2RL2,1,1,False,-2.002842000321109e-10,2.002842000321109e-10,1.1061748111458449e-07
0.5,PROS1_AXL,0.4465830121265676,0.4465829881343911,PROS1,AXL,1,1,False,-2.399217646775753e-08,2.399217646775753e-08,5.3723889660536005e-08
0.5,PROS1_TYRO3,0.4068526332103722,0.406852607475536,PROS1,TYRO3,1,1,False,-2.5734836206492417e-08,2.5734836206492417e-08,6.325345863789863e-08
0.5,PRSS1_F2R,0.038769978354146,0.0387699778462177,PRSS1,F2R,1,1,False,-5.079283035835935e-10,5.079283035835935e-10,1.3101072663592975e-08
0.5,PRSS1_F2RL2,0.0048201003747696,0.0048201000583873,PRSS1,F2RL2,1,1,False,-3.163822996990473e-10,3.163822996990473e-10,6.5638114375195e-08
0.5,PSAP_GPR37L1,22.429233051838477,22.429232991628,PSAP,GPR37L1,1,1,False,-6.021047482818176e-08,6.021047482818176e-08,2.6844642743255295e-09
0.5,PTHLH_PTH1R,0.0015650229549025,0.0015650229107091,PTHLH,PTH1R,1,1,False,-4.4193400024553076e-11,4.4193400024553076e-11,2.8238180076602324e-08
0.5,PTPRC_MRC1,0.001569514460645,0.0015695143280073,PTPRC,MRC1,1,1,False,-1.3263769986851526e-10,1.3263769986851526e-10,8.450874661836956e-08
0.5,PTPRM_PTPRM,0.0590641751859011,0.0590641712977888,PTPRM,PTPRM,1,1,False,-3.888112297401047e-09,3.888112297401047e-09,6.582860566770699e-08
0.5,RELN_ITGA3_ITGB1,0.1285586011955913,0.3111410739240244,RELN,ITGA3_ITGB1,1,2,True,0.18258247272843312,0.18258247272843312,0.5868157181106111
0.5,SEMA3A_NRP1_PLXNA1,0.7873214146131096,0.9626492727204696,SEMA3A,NRP1_PLXNA1,1,2,True,0.17532785810736007,0.17532785810736007,0.18213056725413546
0.5,SEMA3A_NRP1_PLXNA3,0.7274921117822111,0.9311377774351342,SEMA3A,NRP1_PLXNA3,1,2,True,0.20364566565292308,0.20364566565292308,0.21870626516075345
0.5,SEMA3A_NRP1_PLXNA4,0.7872965356602837,0.945553876882782,SEMA3A,NRP1_PLXNA4,1,2,True,0.15825734122249835,0.15825734122249835,0.16736998820651774
0.5,SEMA3C_NRP1_NRP2_PLXND1,0.0180116627163808,0.1303098487861813,SEMA3C,NRP1_NRP2_PLXND1,1,3,True,0.11229818606980049,0.11229818606980049,0.8617781934047425
0.5,SEMA3C_NRP1_PLXNA1,0.3157849353255572,0.3588333209688978,SEMA3C,NRP1_PLXNA1,1,2,True,0.043048385643340625,0.043048385643340625,0.11996763713889291
0.5,SEMA3C_NRP1_PLXNA3,0.2810850665576252,0.33901123662741,SEMA3C,NRP1_PLXNA3,1,2,True,0.05792617006978479,0.05792617006978479,0.17086799436517938
0.5,SEMA3C_NRP1_PLXNA4,0.3157639654346435,0.3607827000670429,SEMA3C,NRP1_PLXNA4,1,2,True,0.04501873463239936,0.04501873463239936,0.12478074648267143
0.5,SEMA3C_NRP2_PLXNA1,0.3938461665742023,0.4309474965909541,SEMA3C,NRP2_PLXNA1,1,2,True,0.03710133001675181,0.03710133001675181,0.08609245977815153
0.5,SEMA3C_NRP2_PLXNA3,0.3619120695736779,0.4110306869139405,SEMA3C,NRP2_PLXNA3,1,2,True,0.04911861734026263,0.04911861734026263,0.11950109542684055
0.5,SEMA3C_NRP2_PLXNA4,0.4136503640671898,0.4322700371134916,SEMA3C,NRP2_PLXNA4,1,2,True,0.0186196730463018,0.0186196730463018,0.043074169957824864
0.5,SEMA3C_PLXND1,0.0180116627163808,0.018011661261652,SEMA3C,PLXND1,1,1,False,-1.4547287992272562e-09,1.4547287992272562e-09,8.076593605676646e-08
0.5,SEMA3E_PLXND1,0.005095306246145,0.0050953061284434,SEMA3E,PLXND1,1,1,False,-1.1770160020241338e-10,1.1770160020241338e-10,2.3100005086340765e-08
0.5,SEMA3F_NRP2_PLXNA1,0.3779329587810968,0.4172264680580351,SEMA3F,NRP2_PLXNA1,1,2,True,0.03929350927693831,0.03929350927693831,0.09417789206861317
0.5,SEMA3F_NRP2_PLXNA3,0.362875900823101,0.4068916267459379,SEMA3F,NRP2_PLXNA3,1,2,True,0.04401572592283687,0.04401572592283687,0.108175551005674
0.5,SEMA3F_NRP2_PLXNA4,0.3942958456377762,0.4132667344911169,SEMA3F,NRP2_PLXNA4,1,2,True,0.018970888853340695,0.018970888853340695,0.04590470819457759
0.5,SEMA3G_NRP2_PLXNA1,0.1614081074509019,0.1784680500560375,SEMA3G,NRP2_PLXNA1,1,2,True,0.017059942605135603,0.017059942605135603,0.09559101811096676
0.5,SEMA3G_NRP2_PLXNA3,0.1552638226626646,0.174248963357614,SEMA3G,NRP2_PLXNA3,1,2,True,0.018985140694949387,0.018985140694949387,0.10895410985020251
0.5,SEMA3G_NRP2_PLXNA4,0.1706746529173489,0.1780459318337517,SEMA3G,NRP2_PLXNA4,1,2,True,0.007371278916402796,0.007371278916402796,0.041400996026607566
0.5,SEMA4A_NRP1_PLXNA1,0.8515087134745994,0.9828748337185468,SEMA4A,NRP1_PLXNA1,1,2,True,0.13136612024394734,0.13136612024394734,0.13365498407049964
0.5,SEMA4A_NRP1_PLXNA3,0.7680319226137468,0.9362322659185004,SEMA4A,NRP1_PLXNA3,1,2,True,0.16820034330475364,0.16820034330475364,0.179656640160483
0.5,SEMA4A_NRP1_PLXNA4,0.8514705291366524,0.985130664333787,SEMA4A,NRP1_PLXNA4,1,2,True,0.1336601351971346,0.1336601351971346,0.1356775705358078
0.5,SEMA4A_PLXNB2,0.9286582335932242,0.9286582942617648,SEMA4A,PLXNB2,1,1,False,6.066854063568883e-08,6.066854063568883e-08,6.532924005585625e-08
0.5,SEMA4A_PLXNB3,0.5104666784470435,0.5104667220070784,SEMA4A,PLXNB3,1,1,False,4.3560034912459855e-08,4.3560034912459855e-08,8.533374074060762e-08
0.5,SEMA4C_PLXNB2,0.7568546499332377,0.7568546764465993,SEMA4C,PLXNB2,1,1,False,2.651336161729745e-08,2.651336161729745e-08,3.5030980771337184e-08
0.5,SEMA4G_PLXNB2,0.1008997199624825,0.1008997253195975,SEMA4G,PLXNB2,1,1,False,5.357115001602963e-09,5.357115001602963e-09,5.309345476050037e-08
0.5,SEMA5A_PLXNA1,1.830143850700466,1.8301438455038008,SEMA5A,PLXNA1,1,1,False,-5.19666509823935e-09,5.19666509823935e-09,2.8394845007677336e-09
0.5,SEMA5A_PLXNA3,1.701444424512651,1.7014443687329392,SEMA5A,PLXNA3,1,1,False,-5.5779711738424e-08,5.5779711738424e-08,3.2783740059215346e-08
0.5,SEMA5A_PLXNB3,0.7920751858602201,0.7920752080444496,SEMA5A,PLXNB3,1,1,False,2.21842295644592e-08,2.21842295644592e-08,2.80077312598001e-08
0.5,SEMA5B_PLXNA1,7.661877064324954,7.661877041926199,SEMA5B,PLXNA1,1,1,False,-2.239875485088305e-08,2.239875485088305e-08,2.9234030594376918e-09
0.5,SEMA5B_PLXNA3,7.143793587176793,7.143793351491685,SEMA5B,PLXNA3,1,1,False,-2.356851078744171e-07,2.356851078744171e-07,3.299158983225314e-08
0.5,SEMA6A_PLXNA4,4.29877043201967,4.298770325429237,SEMA6A,PLXNA4,1,1,False,-1.0659043336858076e-07,1.0659043336858076e-07,2.4795563069531468e-08
0.5,SEMA6D_PLXNA1,3.4593726457699656,3.459372603561865,SEMA6D,PLXNA1,1,1,False,-4.220810057020685e-08,4.220810057020685e-08,1.2201085252211225e-08
0.5,SEMA6D_PLXNA1_KDR,0.1016882893426877,0.5800829147692231,SEMA6D,PLXNA1_KDR,1,2,True,0.47839462542653544,0.47839462542653544,0.8247004234159477
0.5,SST_SSTR2,0.5224380580381605,0.5224380169394603,SST,SSTR2,1,1,False,-4.109870010982064e-08,4.109870010982064e-08,7.866712517873012e-08
0.5,SST_SSTR4,0.1099436874342858,0.1099436769199108,SST,SSTR4,1,1,False,-1.0514374995662656e-08,1.0514374995662656e-08,9.563418547287838e-08
0.5,SST_SSTR5,1.6626607565274996,1.6626607466869698,SST,SSTR5,1,1,False,-9.840529724414182e-09,9.840529724414182e-09,5.918543326280417e-09
0.5,TAC1_TACR1,0.0698486210688042,0.0698486246241736,TAC1,TACR1,1,1,False,3.5553694016643433e-09,3.5553694016643433e-09,5.090106527929945e-08
0.5,TGFB2_ACVR1B_TGFBR2,0.0372418516241408,0.0550718564688366,TGFB2,ACVR1B_TGFBR2,1,2,True,0.017830004844695796,0.017830004844695796,0.3237589213064794
0.5,TGFB2_ACVR1C_TGFBR2,0.0071077470547561,0.0160381831014036,TGFB2,ACVR1C_TGFBR2,1,2,True,0.008930436046647498,0.008930436046647498,0.5568234250839761
0.5,TGFB2_TGFBR1_TGFBR2,0.0372418516241408,0.0742566952540141,TGFB2,TGFBR1_TGFBR2,1,2,True,0.0370148436298733,0.0370148436298733,0.4984714644686855
0.5,TGFB3_ACVR1B_TGFBR2,0.0067038569880161,0.0097535112934643,TGFB3,ACVR1B_TGFBR2,1,2,True,0.0030496543054481995,0.0030496543054481995,0.3126724534057528
0.5,TGFB3_ACVR1C_TGFBR2,0.0012628121375725,0.0028820083485082,TGFB3,ACVR1C_TGFBR2,1,2,True,0.0016191962109357,0.0016191962109357,0.5618291188413235
0.5,TGFB3_TGFBR1_TGFBR2,0.0067038569880161,0.0132882240183462,TGFB3,TGFBR1_TGFBR2,1,2,True,0.006584367030330101,0.006584367030330101,0.49550391543967703
0.5,THBS1_ITGA3_ITGB1,0.7918128872502558,1.9520207229301023,THBS1,ITGA3_ITGB1,1,2,True,1.1602078356798464,1.1602078356798464,0.5943624583750851
0.5,THBS1_SDC4,4.138329029645227,4.13832919913994,THBS1,SDC4,1,1,False,1.694947124875057e-07,1.694947124875057e-07,4.09572811468772e-08
0.5,THBS2_ITGA3_ITGB1,0.0240536358835807,0.0588788096889713,THBS2,ITGA3_ITGB1,1,2,True,0.0348251738053906,0.0348251738053906,0.5914721100741575
0.5,THBS2_SDC4,0.1231308801347463,0.1231308708203854,THBS2,SDC4,1,1,False,-9.314360893686313e-09,9.314360893686313e-09,7.564601896366933e-08
0.5,THBS3_ITGA3_ITGB1,0.1174545642643443,0.2885168796232958,THBS3,ITGA3_ITGB1,1,2,True,0.1710623153589515,0.1710623153589515,0.5929022786545463
0.5,THBS3_SDC4,0.6104017253777563,0.610401676957036,THBS3,SDC4,1,1,False,-4.842072032218425e-08,4.842072032218425e-08,7.932598862203143e-08
0.5,THY1_ITGAM_ITGB2,0.0030248122458911,0.0083478824458548,THY1,ITGAM_ITGB2,1,2,True,0.0053230701999637,0.0053230701999637,0.6376551460193247
0.5,TNC_ITGA8_ITGB1,0.0855121422536453,0.6215037578994971,TNC,ITGA8_ITGB1,1,2,True,0.5359916156458517,0.5359916156458517,0.8624109007117645
0.5,TNC_ITGA9_ITGB1,0.2289436434841726,1.0267158377701031,TNC,ITGA9_ITGB1,1,2,True,0.7977721942859305,0.7977721942859305,0.7770136243525675
0.5,TNC_SDC4,3.928240742987245,3.92824095500371,TNC,SDC4,1,1,False,2.1201646527302387e-07,2.1201646527302387e-07,5.3972367709002625e-08
0.5,TNN_ITGA8_ITGB1,0.0004596970743126,0.0033098843283887,TNN,ITGA8_ITGB1,1,2,True,0.0028501872540760997,0.0028501872540760997,0.8611138551369294
0.5,TNN_ITGA9_ITGB1,0.0012451209278211,0.0055268097987757,TNN,ITGA9_ITGB1,1,2,True,0.0042816888709546,0.0042816888709546,0.7747125424694514
0.5,TNN_SDC4,0.0208368505287553,0.020836850983532,TNN,SDC4,1,1,False,4.547766989382307e-10,4.547766989382307e-10,2.1825596357993568e-08
0.5,TNR_ITGA8_ITGB1,0.0129761961555827,0.0896524573878162,TNR,ITGA8_ITGB1,1,2,True,0.0766762612322335,0.0766762612322335,0.8552611212936349
0.5,TNR_ITGA9_ITGB1,0.0337790907300067,0.1473017886505857,TNR,ITGA9_ITGB1,1,2,True,0.11352269792057901,0.11352269792057901,0.7706810552712702
0.5,TNR_SDC4,0.543109552580902,0.5431095830399286,TNR,SDC4,1,1,False,3.0459026634233055e-08,3.0459026634233055e-08,5.60826536400735e-08
0.5,UCN_CRHR2,0.0501414615310629,0.0501414612159667,UCN,CRHR2,1,1,False,-3.15096199132725e-10,3.15096199132725e-10,6.284144688074584e-09
0.5,UTS2B_SSTR5,0.006943763326383,0.0069437633325524,UTS2B,SSTR5,1,1,False,6.169400060263008e-12,6.169400060263008e-12,8.884807509698419e-10
0.5,VEGFA_FLT1,0.0446314043187948,0.0446314030093843,VEGFA,FLT1,1,1,False,-1.3094105036359771e-09,1.3094105036359771e-09,2.933832183014168e-08
0.5,VEGFA_FLT1_KDR,0.0249701292816248,0.0332527373287462,VEGFA,FLT1_KDR,1,2,True,0.0082826080471214,0.0082826080471214,0.24908048817867642
0.5,VEGFA_KDR,0.024983310832832,0.0249833125355407,VEGFA,KDR,1,1,False,1.7027086997301044e-09,1.7027086997301044e-09,6.815384058090252e-08
0.5,VEGFC_FLT4,0.0017223242502654,0.0017223243386827,VEGFC,FLT4,1,1,False,8.841729995726078e-11,8.841729995726078e-11,5.133603350509796e-08
0.5,VEGFC_FLT4_KDR,0.0017223242502654,0.0027360499580906,VEGFC,FLT4_KDR,1,2,True,0.0010137257078251998,0.0010137257078251998,0.3705070168136279
0.5,VEGFC_KDR,0.0044004657288692,0.0044004661551179,VEGFC,KDR,1,1,False,4.2624869953100664e-10,4.2624869953100664e-10,9.686444219898478e-08
0.5,VEGFD_FLT4,0.0076930694160008,0.0076930698186428,VEGFD,FLT4,1,1,False,4.026419996028263e-10,4.026419996028263e-10,5.233827445931848e-08
0.5,VEGFD_FLT4_KDR,0.0076930694160008,0.0121797008542755,VEGFD,FLT4_KDR,1,2,True,0.004486631438274699,0.004486631438274699,0.3683695923204662
0.5,VEGFD_KDR,0.0195401828376835,0.0195401846770568,VEGFD,KDR,1,1,False,1.8393733029753445e-09,1.8393733029753445e-09,9.41328515249425e-08
0.5,VIP_VIPR1,0.0256113862883669,0.0256113845843607,VIP,VIPR1,1,1,False,-1.704006200031749e-09,1.704006200031749e-09,6.653314978134299e-08
0.5,VIP_VIPR2,0.0027127170910907,0.0027127167943469,VIP,VIPR2,1,1,False,-2.9674380010516477e-10,2.9674380010516477e-10,1.0938988111946949e-07
0.5,VSIR_IGSF11,0.9542668856801942,0.9542668608570616,VSIR,IGSF11,1,1,False,-2.4823132660500846e-08,2.4823132660500846e-08,2.601277801105621e-08
0.5,WNT10B_FZD10_LRP5,0.0153859250451306,0.0326385697260334,WNT10B,FZD10_LRP5,1,2,True,0.017252644680902797,0.017252644680902797,0.5285968357596756
0.5,WNT10B_FZD10_LRP6,0.0153859250451306,0.0332408534675686,WNT10B,FZD10_LRP6,1,2,True,0.017854928422438,0.017854928422438,0.5371380864170091
0.5,WNT10B_FZD2_LRP5,0.0701065959915103,0.1316101873571074,WNT10B,FZD2_LRP5,1,2,True,0.06150359136559709,0.06150359136559709,0.46731634230346447
0.5,WNT10B_FZD2_LRP6,0.0713000496763652,0.1327247510807384,WNT10B,FZD2_LRP6,1,2,True,0.061424701404373186,0.061424701404373186,0.4627976387539627
0.5,WNT10B_FZD3_LRP5,0.0701065959915103,0.080187539394823,WNT10B,FZD3_LRP5,1,2,True,0.010080943403312698,0.010080943403312698,0.12571708122476116
0.5,WNT10B_FZD3_LRP6,0.0717414411026866,0.0826491514916825,WNT10B,FZD3_LRP6,1,2,True,0.010907710388995906,0.010907710388995906,0.13197607225397368
0.5,WNT10B_FZD4_LRP5,0.0015166578115379,0.0099840747951511,WNT10B,FZD4_LRP5,1,2,True,0.0084674169836132,0.0084674169836132,0.8480923027264894
0.5,WNT10B_FZD4_LRP6,0.0015166578115379,0.0105122259929789,WNT10B,FZD4_LRP6,1,2,True,0.008995568181441,0.008995568181441,0.8557243905761849
0.5,WNT10B_FZD5_LRP5,0.0148794848077209,0.0321304494275117,WNT10B,FZD5_LRP5,1,2,True,0.017250964619790796,0.017250964619790796,0.5369039315403928
0.5,WNT10B_FZD5_LRP6,0.0148794848077209,0.032162368390228,WNT10B,FZD5_LRP6,1,2,True,0.017282883582507097,0.017282883582507097,0.5373635228852802
0.5,WNT10B_FZD6_LRP5,0.0313569738990401,0.0467904004771663,WNT10B,FZD6_LRP5,1,2,True,0.0154334265781262,0.0154334265781262,0.3298417286609399
0.5,WNT10B_FZD6_LRP6,0.0313569738990401,0.0478903418327607,WNT10B,FZD6_LRP6,1,2,True,0.016533367933720594,0.016533367933720594,0.3452338676440704
0.5,WNT10B_FZD7_LRP5,0.0289708848707291,0.0449116666066801,WNT10B,FZD7_LRP5,1,2,True,0.015940781735951,0.015940781735951,0.35493632145862053
0.5,WNT10B_FZD7_LRP6,0.0289708848707291,0.0459833262636414,WNT10B,FZD7_LRP6,1,2,True,0.0170124413929123,0.0170124413929123,0.3699697863389209
0.5,WNT10B_FZD8_LRP5,0.0530524222599814,0.0607541689882774,WNT10B,FZD8_LRP5,1,2,True,0.007701746728296002,0.007701746728296002,0.12676902435752294
0.5,WNT10B_FZD8_LRP6,0.0526766451568605,0.0607813949827272,WNT10B,FZD8_LRP6,1,2,True,0.008104749825866703,0.008104749825866703,0.13334260966155684
0.5,WNT11_FZD10,0.0534542273672722,0.0534542292347533,WNT11,FZD10,1,1,False,1.8674811003149827e-09,1.8674811003149827e-09,3.4936077594789054e-08
0.5,WNT11_FZD2,0.7935368808767498,0.7935368516057794,WNT11,FZD2,1,1,False,-2.927097042526583e-08,2.927097042526583e-08,3.688671708985398e-08
0.5,WNT11_FZD3,0.2972433019834697,0.2972432948511996,WNT11,FZD3,1,1,False,-7.132270107845784e-09,7.132270107845784e-09,2.3994721025681593e-08
0.5,WNT11_FZD4,0.0044641700249414,0.004464169705731,WNT11,FZD4,1,1,False,-3.192103994326123e-10,3.192103994326123e-10,7.150498248256181e-08
0.5,WNT11_FZD5,0.0445089478908601,0.0445089447880758,WNT11,FZD5,1,1,False,-3.1027843003239575e-09,3.1027843003239575e-09,6.971147257698071e-08
0.5,WNT11_FZD6,0.1007440078212103,0.100744001436605,WNT11,FZD6,1,1,False,-6.38460530277829e-09,6.38460530277829e-09,6.337454148249695e-08
0.5,WNT11_FZD7,0.089640808117968,0.0896408042708535,WNT11,FZD7,1,1,False,-3.847114501964732e-09,3.847114501964732e-09,4.291699933028158e-08
0.5,WNT11_FZD8,0.1647866732564141,0.1647866696572365,WNT11,FZD8,1,1,False,-3.5991775948485127e-09,3.5991775948485127e-09,2.184143610477566e-08
0.5,WNT2B_FZD10_LRP5,0.0708503628083226,0.1412042454066351,WNT2B,FZD10_LRP5,1,2,True,0.07035388259831249,0.07035388259831249,0.4982419784597114
0.5,WNT2B_FZD10_LRP6,0.0708503628083226,0.1433771628910034,WNT2B,FZD10_LRP6,1,2,True,0.07252680008268081,0.07252680008268081,0.5058462492929667
0.5,WNT2B_FZD2_LRP5,0.2843331267127286,0.5384726658965335,WNT2B,FZD2_LRP5,1,2,True,0.25413953918380494,0.25413953918380494,0.4719636766718208
0.5,WNT2B_FZD2_LRP6,0.2895636907103908,0.5439978558600872,WNT2B,FZD2_LRP6,1,2,True,0.2544341651496964,0.2544341651496964,0.46771170586219235
0.5,WNT2B_FZD3_LRP5,0.2843331267127286,0.3292610943464887,WNT2B,FZD3_LRP5,1,2,True,0.04492796763376011,0.04492796763376011,0.136450884739153
0.5,WNT2B_FZD3_LRP6,0.2917758795727193,0.3363489283083796,WNT2B,FZD3_LRP6,1,2,True,0.044573048735660314,0.044573048735660314,0.13252026388142307
0.5,WNT2B_FZD4_LRP5,0.0056184289171829,0.0389277217984064,WNT2B,FZD4_LRP5,1,2,True,0.0333092928812235,0.0333092928812235,0.8556702355642887
0.5,WNT2B_FZD4_LRP6,0.0056184289171829,0.0402992913218687,WNT2B,FZD4_LRP6,1,2,True,0.0346808624046858,0.0346808624046858,0.8605824387255658
0.5,WNT2B_FZD5_LRP5,0.0556856916387336,0.1253290707638723,WNT2B,FZD5_LRP5,1,2,True,0.06964337912513871,0.06964337912513871,0.5556841577190907
0.5,WNT2B_FZD5_LRP6,0.0556856916387336,0.1259824522864415,WNT2B,FZD5_LRP6,1,2,True,0.0702967606477079,0.0702967606477079,0.5579885084938403
0.5,WNT2B_FZD6_LRP5,0.1299800280328076,0.1919987708681562,WNT2B,FZD6_LRP5,1,2,True,0.06201874283534861,0.06201874283534861,0.32301635346372254
0.5,WNT2B_FZD6_LRP6,0.1299800280328076,0.1953966398213063,WNT2B,FZD6_LRP6,1,2,True,0.06541661178849872,0.06541661178849872,0.33478882670819404
0.5,WNT2B_FZD7_LRP5,0.1142277112533495,0.1798699945584689,WNT2B,FZD7_LRP5,1,2,True,0.06564228330511938,0.06564228330511938,0.3649429326233819
0.5,WNT2B_FZD7_LRP6,0.1142277112533495,0.1829415221041364,WNT2B,FZD7_LRP6,1,2,True,0.06871381085078689,0.06871381085078689,0.37560533038351296
0.5,WNT2B_FZD8_LRP5,0.2093123904692945,0.2434322646718351,WNT2B,FZD8_LRP5,1,2,True,0.03411987420254059,0.03411987420254059,0.14016167597395823
0.5,WNT2B_FZD8_LRP6,0.2084500282093108,0.2447169410820202,WNT2B,FZD8_LRP6,1,2,True,0.03626691287270939,0.03626691287270939,0.14819943691823953
0.5,WNT3A_FZD10_LRP5,0.0191200128679009,0.0393925182227182,WNT3A,FZD10_LRP5,1,2,True,0.0202725053548173,0.0202725053548173,0.5146283169864949
0.5,WNT3A_FZD10_LRP6,0.0191200128679009,0.0399159164493369,WNT3A,FZD10_LRP6,1,2,True,0.020795903581435998,0.020795903581435998,0.5209927625695656
0.5,WNT3A_FZD2_LRP5,0.082189326013138,0.1546799629993159,WNT3A,FZD2_LRP5,1,2,True,0.07249063698617791,0.07249063698617791,0.4686491745960562
0.5,WNT3A_FZD2_LRP6,0.0828994301982495,0.1554969566340201,WNT3A,FZD2_LRP6,1,2,True,0.07259752643577061,0.07259752643577061,0.4668742591961925
0.5,WNT3A_FZD3_LRP5,0.082189326013138,0.0942932797882122,WNT3A,FZD3_LRP5,1,2,True,0.0121039537750742,0.0121039537750742,0.1283649672835682
0.5,WNT3A_FZD3_LRP6,0.0835850774727368,0.0963912174125424,WNT3A,FZD3_LRP6,1,2,True,0.012806139939805603,0.012806139939805603,0.13285587923427628
0.5,WNT3A_FZD4_LRP5,0.0016596096162742,0.0113744962728121,WNT3A,FZD4_LRP5,1,2,True,0.009714886656537901,0.009714886656537901,0.854093792246336
0.5,WNT3A_FZD4_LRP6,0.0016596096162742,0.0118172698098987,WNT3A,FZD4_LRP6,1,2,True,0.0101576601936245,0.0101576601936245,0.8595606563130147
0.5,WNT3A_FZD5_LRP5,0.0168564127609192,0.0370382859674121,WNT3A,FZD5_LRP5,1,2,True,0.0201818732064929,0.0201818732064929,0.5448922021999018
0.5,WNT3A_FZD5_LRP6,0.0168564127609192,0.0370099275434444,WNT3A,FZD5_LRP6,1,2,True,0.020153514782525198,0.020153514782525198,0.5445434811745533
0.5,WNT3A_FZD6_LRP5,0.036952984519028,0.0550255633167049,WNT3A,FZD6_LRP5,1,2,True,0.018072578797676896,0.018072578797676896,0.3284396870897702
0.5,WNT3A_FZD6_LRP6,0.036952984519028,0.0559397660096186,WNT3A,FZD6_LRP6,1,2,True,0.018986781490590597,0.018986781490590597,0.33941474634209057
0.5,WNT3A_FZD7_LRP5,0.0333815095817824,0.0522415153296408,WNT3A,FZD7_LRP5,1,2,True,0.018860005747858406,0.018860005747858406,0.3610156717096147
0.5,WNT3A_FZD7_LRP6,0.0333815095817824,0.0531070965093348,WNT3A,FZD7_LRP6,1,2,True,0.019725586927552406,0.019725586927552406,0.371430340276373
0.5,WNT3A_FZD8_LRP5,0.0616461538990653,0.0709693837548859,WNT3A,FZD8_LRP5,1,2,True,0.009323229855820604,0.009323229855820604,0.1313697451287048
0.5,WNT3A_FZD8_LRP6,0.0612858530757744,0.0709315020234566,WNT3A,FZD8_LRP6,1,2,True,0.009645648947682203,0.009645648947682203,0.1359854038406299
0.5,WNT4_FZD10_LRP5,0.0194773145838073,0.0397839946037993,WNT4,FZD10_LRP5,1,2,True,0.020306680019991998,0.020306680019991998,0.5104233554780532
0.5,WNT4_FZD10_LRP6,0.0194773145838073,0.0413319749098611,WNT4,FZD10_LRP6,1,2,True,0.021854660326053797,0.021854660326053797,0.5287591597961522
0.5,WNT4_FZD2_LRP5,0.0822419601448377,0.154911899329323,WNT4,FZD2_LRP5,1,2,True,0.0726699391844853,0.0726699391844853,0.46910495255111584
0.5,WNT4_FZD2_LRP6,0.0865169014330858,0.1593859643979082,WNT4,FZD2_LRP6,1,2,True,0.0728690629648224,0.0728690629648224,0.4571861972921547
0.5,WNT4_FZD3_LRP5,0.0822419601448377,0.0958038562214753,WNT4,FZD3_LRP5,1,2,True,0.013561896076637603,0.013561896076637603,0.14155897905910786
0.5,WNT4_FZD3_LRP6,0.0875467270890864,0.1009382919214266,WNT4,FZD3_LRP6,1,2,True,0.013391564832340205,0.013391564832340205,0.13267080884194674
0.5,WNT4_FZD4_LRP5,0.0018543695025834,0.0118823173114125,WNT4,FZD4_LRP5,1,2,True,0.0100279478088291,0.0100279478088291,0.8439387323209799
0.5,WNT4_FZD4_LRP6,0.0018543695025834,0.0128157278369969,WNT4,FZD4_LRP6,1,2,True,0.0109613583344135,0.0109613583344135,0.855305174534829
0.5,WNT4_FZD5_LRP5,0.0164346808388523,0.0365529786013506,WNT4,FZD5_LRP5,1,2,True,0.0201182977624983,0.0201182977624983,0.5503873701213216
0.5,WNT4_FZD5_LRP6,0.0164346808388523,0.0373090684410341,WNT4,FZD5_LRP6,1,2,True,0.0208743876021818,0.0208743876021818,0.5594990299790831
0.5,WNT4_FZD6_LRP5,0.0378623276458297,0.0556817710121951,WNT4,FZD6_LRP5,1,2,True,0.017819443366365394,0.017819443366365394,0.3200229274759002
0.5,WNT4_FZD6_LRP6,0.0378623276458297,0.0582409436853887,WNT4,FZD6_LRP6,1,2,True,0.020378616039558997,0.020378616039558997,0.34990188602784467
0.5,WNT4_FZD7_LRP5,0.0338261509088733,0.0525924008699896,WNT4,FZD7_LRP5,1,2,True,0.018766249961116296,0.018766249961116296,0.3568243634191026
0.5,WNT4_FZD7_LRP6,0.0338261509088733,0.0549311718252833,WNT4,FZD7_LRP6,1,2,True,0.02110502091641,0.02110502091641,0.3842084596982135
0.5,WNT4_FZD8_LRP5,0.0600577156256807,0.0699798408163027,WNT4,FZD8_LRP5,1,2,True,0.009922125190621994,0.009922125190621994,0.14178547814459316
0.5,WNT4_FZD8_LRP6,0.0597404671820327,0.0713624143210294,WNT4,FZD8_LRP6,1,2,True,0.011621947138996697,0.011621947138996697,0.16285809903676268
0.5,WNT7A_FZD10_LRP5,0.1299562345872788,0.2722940427991994,WNT7A,FZD10_LRP5,1,2,True,0.14233780821192057,0.14233780821192057,0.5227356674743201
0.5,WNT7A_FZD10_LRP6,0.1299562345872788,0.2729230509715025,WNT7A,FZD10_LRP6,1,2,True,0.14296681638422368,0.14296681638422368,0.5238356228076597
0.5,WNT7A_FZD2_LRP5,0.5778315776362982,1.0903633566228734,WNT7A,FZD2_LRP5,1,2,True,0.5125317789865752,0.5125317789865752,0.4700559459133088
0.5,WNT7A_FZD2_LRP6,0.5718269132174907,1.084947494205962,WNT7A,FZD2_LRP6,1,2,True,0.5131205809884714,0.5131205809884714,0.47294508142443126
0.5,WNT7A_FZD3_LRP5,0.5778315776362982,0.6577721978233576,WNT7A,FZD3_LRP5,1,2,True,0.07994062018705939,0.07994062018705939,0.12153237922124394
0.5,WNT7A_FZD3_LRP6,0.5756015901047131,0.6637526655481719,WNT7A,FZD3_LRP6,1,2,True,0.08815107544345879,0.08815107544345879,0.13280711328015182
0.5,WNT7A_FZD4_LRP5,0.0116742652997829,0.0801239417507162,WNT7A,FZD4_LRP5,1,2,True,0.0684496764509333,0.0684496764509333,0.8542974166684886
0.5,WNT7A_FZD4_LRP6,0.0116742652997829,0.0819602225654671,WNT7A,FZD4_LRP6,1,2,True,0.0702859572656842,0.0702859572656842,0.8575618155446335
0.5,WNT7A_FZD5_LRP5,0.1221610675331838,0.2644658300466101,WNT7A,FZD5_LRP5,1,2,True,0.14230476251342633,0.14230476251342633,0.5380837384109175
0.5,WNT7A_FZD5_LRP6,0.1221610675331838,0.2614763839504526,WNT7A,FZD5_LRP6,1,2,True,0.1393153164172688,0.1393153164172688,0.5328026734669384
0.5,WNT7A_FZD6_LRP5,0.2575682035166726,0.3852110424158039,WNT7A,FZD6_LRP5,1,2,True,0.1276428388991313,0.1276428388991313,0.33135820328159565
0.5,WNT7A_FZD6_LRP6,0.2575682035166726,0.3868423880818508,WNT7A,FZD6_LRP6,1,2,True,0.1292741845651782,0.1292741845651782,0.33417791986597256
0.5,WNT7A_FZD7_LRP5,0.2358689925620771,0.3681664088454477,WNT7A,FZD7_LRP5,1,2,True,0.1322974162833706,0.1322974162833706,0.3593413551721054
0.5,WNT7A_FZD7_LRP6,0.2358689925620771,0.3694968157615252,WNT7A,FZD7_LRP6,1,2,True,0.1336278231994481,0.1336278231994481,0.36164810493439287
0.5,WNT7A_FZD8_LRP5,0.4411905248374905,0.5035423124867252,WNT7A,FZD8_LRP5,1,2,True,0.06235178764923471,0.06235178764923471,0.12382631231388024
0.5,WNT7A_FZD8_LRP6,0.4382764284018498,0.498156952869474,WNT7A,FZD8_LRP6,1,2,True,0.05988052446762415,0.05988052446762415,0.12020413269894462
0.5,WNT7B_FZD10_LRP5,0.6832177410288821,1.4332689894587085,WNT7B,FZD10_LRP5,1,2,True,0.7500512484298264,0.7500512484298264,0.5233150608477843
0.5,WNT7B_FZD10_LRP6,0.6832177410288821,1.4288592173967436,WNT7B,FZD10_LRP6,1,2,True,0.7456414763678615,0.7456414763678615,0.5218439068660347
0.5,WNT7B_FZD2_LRP5,3.0454854357191605,5.740458305065589,WNT7B,FZD2_LRP5,1,2,True,2.6949728693464285,2.6949728693464285,0.4694699841244882
0.5,WNT7B_FZD2_LRP6,2.983937961294193,5.6828640230175305,WNT7B,FZD2_LRP6,1,2,True,2.6989260617233373,2.6989260617233373,0.47492356860761925
0.5,WNT7B_FZD3_LRP5,3.0454854357191605,3.4553556462557,WNT7B,FZD3_LRP5,1,2,True,0.4098702105365395,0.4098702105365395,0.11861882031757974
0.5,WNT7B_FZD3_LRP6,3.0035709203515983,3.464634404623987,WNT7B,FZD3_LRP6,1,2,True,0.46106348427238864,0.46106348427238864,0.13307709571233314
0.5,WNT7B_FZD4_LRP5,0.0597060004926153,0.4173660497063842,WNT7B,FZD4_LRP5,1,2,True,0.35766004921376887,0.35766004921376887,0.8569457181900197
0.5,WNT7B_FZD4_LRP6,0.0597060004926153,0.4234169786508477,WNT7B,FZD4_LRP6,1,2,True,0.3637109781582324,0.3637109781582324,0.8589900653420673
0.5,WNT7B_FZD5_LRP5,0.6460537584671063,1.3964737259182691,WNT7B,FZD5_LRP5,1,2,True,0.7504199674511628,0.7504199674511628,0.5373677667710608
0.5,WNT7B_FZD5_LRP6,0.6460537584671063,1.374382291542203,WNT7B,FZD5_LRP6,1,2,True,0.7283285330750967,0.7283285330750967,0.5299315463806178
0.5,WNT7B_FZD6_LRP5,1.349667366791371,2.0247130599871173,WNT7B,FZD6_LRP5,1,2,True,0.6750456931957463,0.6750456931957463,0.3334031406899906
0.5,WNT7B_FZD6_LRP6,1.349667366791371,2.020972519225709,WNT7B,FZD6_LRP6,1,2,True,0.6713051524343381,0.6713051524343381,0.33216936205126324
0.5,WNT7B_FZD7_LRP5,1.2356220042529833,1.9347820711614687,WNT7B,FZD7_LRP5,1,2,True,0.6991600669084854,0.6991600669084854,0.3613637304840088
0.5,WNT7B_FZD7_LRP6,1.2356220042529833,1.9307127266314723,WNT7B,FZD7_LRP6,1,2,True,0.695090722378489,0.695090722378489,0.36001768299897136
0.5,WNT7B_FZD8_LRP5,2.334297899902532,2.659796542162227,WNT7B,FZD8_LRP5,1,2,True,0.32549864225969527,0.32549864225969527,0.12237727100550624
0.5,WNT7B_FZD8_LRP6,2.3183547486974585,2.620082118858527,WNT7B,FZD8_LRP6,1,2,True,0.30172737016106854,0.30172737016106854,0.1151595089288728
0.5,WNT8B_FZD10_LRP5,0.1595738273000738,0.3172403949089925,WNT8B,FZD10_LRP5,1,2,True,0.15766656760891867,0.15766656760891867,0.4969939835503889
0.5,WNT8B_FZD10_LRP6,0.1595738273000738,0.3240545252063381,WNT8B,FZD10_LRP6,1,2,True,0.1644806979062643,0.1644806979062643,0.5075710570668102
0.5,WNT8B_FZD2_LRP5,0.6370029876236984,1.2072191990512045,WNT8B,FZD2_LRP5,1,2,True,0.570216211427506,0.570216211427506,0.4723385876199275
0.5,WNT8B_FZD2_LRP6,0.6560088514573242,1.2268286956440928,WNT8B,FZD2_LRP6,1,2,True,0.5708198441867686,0.5708198441867686,0.46528080588063236
0.5,WNT8B_FZD3_LRP5,0.6370029876236984,0.740576579152185,WNT8B,FZD3_LRP5,1,2,True,0.10357359152848655,0.10357359152848655,0.13985534304508793
0.5,WNT8B_FZD3_LRP6,0.6611992578098315,0.762077851206543,WNT8B,FZD3_LRP6,1,2,True,0.10087859339671157,0.10087859339671157,0.1323730813551368
0.5,WNT8B_FZD4_LRP5,0.0129592949493234,0.0881997466677352,WNT8B,FZD4_LRP5,1,2,True,0.07524045171841179,0.07524045171841179,0.8530687962387978
0.5,WNT8B_FZD4_LRP6,0.0129592949493234,0.0921692538526537,WNT8B,FZD4_LRP6,1,2,True,0.0792099589033303,0.0792099589033303,0.8593967683622483
0.5,WNT8B_FZD5_LRP5,0.1238740656369785,0.2797615645539076,WNT8B,FZD5_LRP5,1,2,True,0.1558874989169291,0.1558874989169291,0.5572155673546462
0.5,WNT8B_FZD5_LRP6,0.1238740656369785,0.2828286050412076,WNT8B,FZD5_LRP6,1,2,True,0.1589545394042291,0.1589545394042291,0.5620171954709805
0.5,WNT8B_FZD6_LRP5,0.2930513324337729,0.4314593937574767,WNT8B,FZD6_LRP5,1,2,True,0.1384080613237038,0.1384080613237038,0.32079046910612163
0.5,WNT8B_FZD6_LRP6,0.2930513324337729,0.4421752475430419,WNT8B,FZD6_LRP6,1,2,True,0.14912391510926898,0.14912391510926898,0.33725070758229875
0.5,WNT8B_FZD7_LRP5,0.2572438710320827,0.403972151386324,WNT8B,FZD7_LRP5,1,2,True,0.1467282803542413,0.1467282803542413,0.3632138498921503
0.5,WNT8B_FZD7_LRP6,0.2572438710320827,0.413691904847464,WNT8B,FZD7_LRP6,1,2,True,0.1564480338153813,0.1564480338153813,0.37817523616534543
0.5,WNT8B_FZD8_LRP5,0.4660915563456473,0.5435719553161341,WNT8B,FZD8_LRP5,1,2,True,0.07748039897048681,0.07748039897048681,0.14253936063611902
0.5,WNT8B_FZD8_LRP6,0.4643114091511843,0.5493361975639157,WNT8B,FZD8_LRP6,1,2,True,0.08502478841273142,0.08502478841273142,0.15477732723563828
0.5,WNT9A_FZD10_LRP5,0.0045327946318695,0.0093995739952495,WNT9A,FZD10_LRP5,1,2,True,0.0048667793633800005,0.0048667793633800005,0.5177659504398441
0.5,WNT9A_FZD10_LRP6,0.0045327946318695,0.0098626325139768,WNT9A,FZD10_LRP6,1,2,True,0.0053298378821073,0.0053298378821073,0.5404072264229794
0.5,WNT9A_FZD2_LRP5,0.0197319647578765,0.0372031102743271,WNT9A,FZD2_LRP5,1,2,True,0.0174711455164506,0.0174711455164506,0.46961518506443223
0.5,WNT9A_FZD2_LRP6,0.0211683100052784,0.0386078016659778,WNT9A,FZD2_LRP6,1,2,True,0.0174394916606994,0.0174394916606994,0.45170900460948893
0.5,WNT9A_FZD3_LRP5,0.0197319647578765,0.0230316972023565,WNT9A,FZD3_LRP5,1,2,True,0.003299732444480001,0.003299732444480001,0.14326918313872186
0.5,WNT9A_FZD3_LRP6,0.021306332119899,0.0245592979911862,WNT9A,FZD3_LRP6,1,2,True,0.0032529658712871987,0.0032529658712871987,0.1324535364347392
0.5,WNT9A_FZD4_LRP5,0.0004732199353123,0.0029358376802712,WNT9A,FZD4_LRP5,1,2,True,0.0024626177449589004,0.0024626177449589004,0.8388126365117755
0.5,WNT9A_FZD4_LRP6,0.0004732199353123,0.0032145587204644,WNT9A,FZD4_LRP6,1,2,True,0.0027413387851521003,0.0027413387851521003,0.8527885235694389
0.5,WNT9A_FZD5_LRP5,0.0040169587505384,0.0088476567841925,WNT9A,FZD5_LRP5,1,2,True,0.0048306980336541,0.0048306980336541,0.5459861465563149
0.5,WNT9A_FZD5_LRP6,0.0040169587505384,0.0091078603989424,WNT9A,FZD5_LRP6,1,2,True,0.005090901648404001,0.005090901648404001,0.5589569257116801
0.5,WNT9A_FZD6_LRP5,0.0091339283839663,0.0133929120459339,WNT9A,FZD6_LRP5,1,2,True,0.004258983661967601,0.004258983661967601,0.3180028097967411
0.5,WNT9A_FZD6_LRP6,0.0091339283839663,0.0141698930674353,WNT9A,FZD6_LRP6,1,2,True,0.0050359646834690006,0.0050359646834690006,0.3553989193498192
0.5,WNT9A_FZD7_LRP5,0.0084178589709921,0.0128385935136497,WNT9A,FZD7_LRP5,1,2,True,0.0044207345426576,0.0044207345426576,0.3443316853951
0.5,WNT9A_FZD7_LRP6,0.0084178589709921,0.0135756130054993,WNT9A,FZD7_LRP6,1,2,True,0.0051577540345072,0.0051577540345072,0.37992789220036416
0.5,WNT9A_FZD8_LRP5,0.0145419719768325,0.0168523889588131,WNT9A,FZD8_LRP5,1,2,True,0.002310416981980602,0.002310416981980602,0.13709729745896646
0.5,WNT9A_FZD8_LRP6,0.0144726968546723,0.0173144395547737,WNT9A,FZD8_LRP6,1,2,True,0.0028417427001014,0.0028417427001014,0.16412559535130397
1.0,ADIPOQ_ADIPOR1,0.0012601957378044,0.0012601953295862,ADIPOQ,ADIPOR1,1,1,False,-4.082181999116169e-10,4.082181999116169e-10,3.2393237626945384e-07
1.0,ADIPOQ_ADIPOR2,0.0027951827473579,0.0027951820167785,ADIPOQ,ADIPOR2,1,1,False,-7.305794003618915e-10,7.305794003618915e-10,2.6137088927457765e-07
1.0,ADM_CALCR,0.0393701221206308,0.0393701204992931,ADM,CALCR,1,1,False,-1.6213376960449999e-09,1.6213376960449999e-09,4.1181932102653646e-08
1.0,ADM_CALCRL,0.0532775213404388,0.0532775088231428,ADM,CALCRL,1,1,False,-1.2517296005265521e-08,1.2517296005265521e-08,2.3494516430824683e-07
1.0,AGRN_DAG1,7.460081113720849,7.460081276576623,AGRN,DAG1,1,1,False,1.6285577331132117e-07,1.6285577331132117e-07,2.1830294774758073e-08
1.0,AGT_AGTR1,0.0106238175188416,0.0106238177125118,AGT,AGTR1,1,1,False,1.936701996690937e-10,1.936701996690937e-10,1.8229812004493068e-08
1.0,ANGPT1_TEK,0.0019759147134806,0.0019759147021026,ANGPT1,TEK,1,1,False,-1.1378000104589336e-11,1.1378000104589336e-11,5.758345756000186e-09
1.0,ANGPT2_ITGA5_ITGB1,0.0135577124670655,0.0376945564306893,ANGPT2,ITGA5_ITGB1,1,2,True,0.0241368439636238,0.0241368439636238,0.6403270458429539
1.0,ANGPT2_TEK,0.0009024114018026,0.0009024113857508,ANGPT2,TEK,1,1,False,-1.6051799971682212e-11,1.6051799971682212e-11,1.7787674157948525e-08
1.0,ANGPTL1_ITGA1_ITGB1,0.0068685429023293,0.0426617285799541,ANGPTL1,ITGA1_ITGB1,1,2,True,0.0357931856776248,0.0357931856776248,0.8389998921525957
1.0,ANGPTL2_ITGA5_ITGB1,0.1214399192576257,0.3178759182731309,ANGPTL2,ITGA5_ITGB1,1,2,True,0.19643599901550518,0.19643599901550518,0.617964393410639
1.0,ANGPTL4_CDH5,0.0374590833844486,0.0374590850602402,ANGPTL4,CDH5,1,1,False,1.675791595767695e-09,1.675791595767695e-09,4.4736586413489654e-08
1.0,ANGPTL4_ITGA5_ITGB1,0.1632726437966448,0.4148619729920927,ANGPTL4,ITGA5_ITGB1,1,2,True,0.2515893291954479,0.2515893291954479,0.6064410468400371
1.0,ANGPTL4_SDC2,1.1958875988700146,1.1958876547481834,ANGPTL4,SDC2,1,1,False,5.587816875873841e-08,5.587816875873841e-08,4.6725265987050106e-08
1.0,ANGPTL4_SDC3,3.3948287063052387,3.3948289525163613,ANGPTL4,SDC3,1,1,False,2.462111226009256e-07,2.462111226009256e-07,7.252533958107835e-08
1.0,ANGPTL4_SDC4,0.94149608117255,0.9414961035188546,ANGPTL4,SDC4,1,1,False,2.2346304584530685e-08,2.2346304584530685e-08,2.373488801601097e-08
1.0,BAG6_NCR3,0.0301946171144467,0.0301946203902448,BAG6,NCR3,1,1,False,3.2757981015263393e-09,3.2757981015263393e-09,1.0848946134075842e-07
1.0,BMP5_BMPR1A_ACVR2A,0.0067205156258886,0.0191190654734333,BMP5,BMPR1A_ACVR2A,1,2,True,0.0123985498475447,0.0123985498475447,0.6484914163180714
1.0,BMP5_BMPR1A_BMPR2,0.0067205156258886,0.0119843522137685,BMP5,BMPR1A_BMPR2,1,2,True,0.005263836587879899,0.005263836587879899,0.4392257915978487
1.0,BMP6_BMPR1A_ACVR2A,0.0415140141679218,0.1202453504713549,BMP6,BMPR1A_ACVR2A,1,2,True,0.0787313363034331,0.0787313363034331,0.6547557639011468
1.0,BMP6_BMPR1A_BMPR2,0.0415140141679218,0.0757116494264889,BMP6,BMPR1A_BMPR2,1,2,True,0.0341976352585671,0.0341976352585671,0.4516826078630183
1.0,BMP7_BMPR1A_ACVR2A,0.1152310747384236,0.3320606008408376,BMP7,BMPR1A_ACVR2A,1,2,True,0.21682952610241402,0.21682952610241402,0.6529817917372984
1.0,BMP7_BMPR1A_BMPR2,0.1152310747384236,0.2070012178936253,BMP7,BMPR1A_BMPR2,1,2,True,0.0917701431552017,0.0917701431552017,0.44333141654442315
1.0,BTC_ERBB2_ERBB4,0.0091282608892031,0.0176938132420618,BTC,ERBB2_ERBB4,1,2,True,0.008565552352858701,0.008565552352858701,0.4840987205910277
1.0,BTC_ERBB4,0.0355848790333318,0.035584872372267,BTC,ERBB4,1,1,False,-6.661064803903383e-09,6.661064803903383e-09,1.8718806933877917e-07
1.0,CALCB_CALCR,0.0149670832910086,0.01496708459684,CALCB,CALCR,1,1,False,1.3058313996089366e-09,1.3058313996089366e-09,8.72468777175641e-08
1.0,CALCB_CALCRL,0.0247969640842937,0.0247969630693783,CALCB,CALCRL,1,1,False,-1.0149154017202733e-09,1.0149154017202733e-09,4.0929018498805534e-08
1.0,CCK_CCKAR,0.1752739890527981,0.1752739643943406,CCK,CCKAR,1,1,False,-2.465845749810569e-08,2.465845749810569e-08,1.4068520737938918e-07
1.0,CCL19_ACKR4,0.0008574703233476,0.0008574702158352,CCL19,ACKR4,1,1,False,-1.0751240002437878e-10,1.0751240002437878e-10,1.2538323146233898e-07
1.0,CD34_SELP,0.018500672886752,0.0185006728855176,CD34,SELP,1,1,False,-1.2344014699294803e-12,1.2344014699294803e-12,6.672197695108771e-11
1.0,CD40LG_ITGA5_ITGB1,0.010563846636255,0.0276847653687355,CD40LG,ITGA5_ITGB1,1,2,True,0.0171209187324805,0.0171209187324805,0.6184238336300011
1.0,CD40LG_ITGAM_ITGB2,0.0012736993869993,0.0037016182467817,CD40LG,ITGAM_ITGB2,1,2,True,0.0024279188597824,0.0024279188597824,0.6559074161397672
1.0,CDH15_CDH15,0.0005240904051506,0.000524090472789,CDH15,CDH15,1,1,False,6.763839998074478e-11,6.763839998074478e-11,1.2905863298907201e-07
1.0,CDH1_CDH1,0.2970335683587705,0.297033542941415,CDH1,CDH1,1,1,False,-2.5417355498102978e-08,2.5417355498102978e-08,8.557064993880676e-08
1.0,CDH1_ITGAE_ITGB7,0.0115337121908687,0.0144332609488674,CDH1,ITGAE_ITGB7,1,2,True,0.0028995487579986986,0.0028995487579986986,0.20089353114801342
1.0,CDH2_CDH2,6.886419146735157,6.886418999513983,CDH2,CDH2,1,1,False,-1.472211748065888e-07,1.472211748065888e-07,2.1378480117113722e-08
1.0,CDH5_CDH5,0.0044064821883973,0.004406482294869,CDH5,CDH5,1,1,False,1.0647169951250035e-10,1.0647169951250035e-10,2.4162516126861154e-08
1.0,CLDN11_CLDN11,0.0034599823863833,0.003459982412657,CLDN11,CLDN11,1,1,False,2.6273700229340058e-11,2.6273700229340058e-11,7.593593578171942e-09
1.0,CNTN1_NRCAM,9.382009018613813,9.382009301116849,CNTN1,NRCAM,1,1,False,2.8250303607535443e-07,2.8250303607535443e-07,3.0111144319770055e-08
1.0,CNTN2_CNTN2,0.0189758356815464,0.0189758376238541,CNTN2,CNTN2,1,1,False,1.942307700092405e-09,1.942307700092405e-09,1.0235688872309772e-07
1.0,CNTN2_L1CAM,0.3788826599350197,0.3788826927211036,CNTN2,L1CAM,1,1,False,3.2786083903335594e-08,3.2786083903335594e-08,8.653360138429313e-08
1.0,COL1A1_CD44,0.0079291593815325,0.0079291597870721,COL1A1,CD44,1,1,False,4.055396001650946e-10,4.055396001650946e-10,5.1145343397707346e-08
1.0,COL1A1_ITGA10_ITGB1,0.0022707311389837,0.0170393318142288,COL1A1,ITGA10_ITGB1,1,2,True,0.0147686006752451,0.0147686006752451,0.8667359046856806
1.0,COL1A1_ITGA1_ITGB1,0.005744975552695,0.0304701496041434,COL1A1,ITGA1_ITGB1,1,2,True,0.0247251740514484,0.0247251740514484,0.8114556171423003
1.0,COL1A1_ITGA3_ITGB1,0.0346260186181685,0.0854835628141423,COL1A1,ITGA3_ITGB1,1,2,True,0.0508575441959738,0.0508575441959738,0.5949394541094161
1.0,COL1A1_ITGA9_ITGB1,0.0129420784038043,0.0519036460438069,COL1A1,ITGA9_ITGB1,1,2,True,0.0389615676400026,0.0389615676400026,0.7506518445181841
1.0,COL1A1_SDC4,0.1816941698050619,0.181694181756652,COL1A1,SDC4,1,1,False,1.195159010647373e-08,1.195159010647373e-08,6.57786066175791e-08
1.0,COL1A2_CD44,0.0179499041212578,0.017949904887084,COL1A2,CD44,1,1,False,7.658261975962422e-10,7.658261975962422e-10,4.2664638192445167e-08
1.0,COL1A2_ITGA10_ITGB1,0.0031287311825352,0.0233646188810467,COL1A2,ITGA10_ITGB1,1,2,True,0.0202358876985115,0.0202358876985115,0.866091067076073
1.0,COL1A2_ITGA1_ITGB1,0.0162887977647908,0.0833259073179908,COL1A2,ITGA1_ITGB1,1,2,True,0.0670371095532,0.0670371095532,0.8045170069060392
1.0,COL1A2_ITGA3_ITGB1,0.0911120182754906,0.2163507781137293,COL1A2,ITGA3_ITGB1,1,2,True,0.12523875983823868,0.12523875983823868,0.5788690058346095
1.0,COL1A2_ITGA9_ITGB1,0.0262104034354514,0.1145832597232291,COL1A2,ITGA9_ITGB1,1,2,True,0.08837285628777769,0.08837285628777769,0.771254513977334
1.0,COL1A2_SDC4,0.4263151027864629,0.4263151037054635,COL1A2,SDC4,1,1,False,9.190005978432225e-10,9.190005978432225e-10,2.155683882310091e-09
1.0,COL4A1_CD44,0.0067641300672796,0.0067641301093937,COL4A1,CD44,1,1,False,4.211410040144692e-11,4.211410040144692e-11,6.2260925973261324e-09
1.0,COL4A1_ITGA10_ITGB1,0.0016425616508011,0.0124011077313098,COL4A1,ITGA10_ITGB1,1,2,True,0.010758546080508701,0.010758546080508701,0.8675471831718687
1.0,COL4A1_ITGA1_ITGB1,0.005229961536081,0.0271716048388829,COL4A1,ITGA1_ITGB1,1,2,True,0.0219416433028019,0.0219416433028019,0.8075210659402472
1.0,COL4A1_ITGA3_ITGB1,0.0300683648750545,0.0733888107381148,COL4A1,ITGA3_ITGB1,1,2,True,0.0433204458630603,0.0433204458630603,0.5902867947764908
1.0,COL4A1_ITGA9_ITGB1,0.0105397892896695,0.0430317737716911,COL4A1,ITGA9_ITGB1,1,2,True,0.032491984482021605,0.032491984482021605,0.7550696063427623
1.0,COL4A1_SDC4,0.1513668242538733,0.1513668219114545,COL4A1,SDC4,1,1,False,-2.3424187867160384e-09,2.3424187867160384e-09,1.547511350827656e-08
1.0,COL4A2_CD44,0.0112500172021503,0.0112500174910015,COL4A2,CD44,1,1,False,2.88851199903295e-10,2.88851199903295e-10,2.5675622294306395e-08
1.0,COL4A2_ITGA10_ITGB1,0.0031700728581749,0.0243930150474776,COL4A2,ITGA10_ITGB1,1,2,True,0.0212229421893027,0.0212229421893027,0.8700417782711651
1.0,COL4A2_ITGA1_ITGB1,0.0064353283755614,0.0376869408799326,COL4A2,ITGA1_ITGB1,1,2,True,0.0312516125043712,0.0312516125043712,0.8292424849216653
1.0,COL4A2_ITGA3_ITGB1,0.043374564424982,0.1078730676042767,COL4A2,ITGA3_ITGB1,1,2,True,0.0644985031792947,0.0644985031792947,0.5979110876488842
1.0,COL4A2_ITGA9_ITGB1,0.0163505944259971,0.0657843238891039,COL4A2,ITGA9_ITGB1,1,2,True,0.04943372946310679,0.04943372946310679,0.7514515091230525
1.0,COL4A2_SDC4,0.2527165260437224,0.2527165332803678,COL4A2,SDC4,1,1,False,7.236645394037566e-09,7.236645394037566e-09,2.863542523357233e-08
1.0,COL6A1_CD44,0.0171165097728958,0.0171165107546548,COL6A1,CD44,1,1,False,9.817589970151364e-10,9.817589970151364e-10,5.735742588472064e-08
1.0,COL6A1_ITGA10_ITGB1,0.0049624706790748,0.037655095008517,COL6A1,ITGA10_ITGB1,1,2,True,0.0326926243294422,0.0326926243294422,0.868212504099316
1.0,COL6A1_ITGA1_ITGB1,0.0099794952907077,0.0578942795397008,COL6A1,ITGA1_ITGB1,1,2,True,0.0479147842489931,0.0479147842489931,0.8276255379624459
1.0,COL6A1_ITGA3_ITGB1,0.0687830147010157,0.1706170447108679,COL6A1,ITGA3_ITGB1,1,2,True,0.1018340300098522,0.1018340300098522,0.5968573080281797
1.0,COL6A1_ITGA9_ITGB1,0.0255363141143828,0.1032541785016567,COL6A1,ITGA9_ITGB1,1,2,True,0.0777178643872739,0.0777178643872739,0.7526849326105183
1.0,COL6A1_SDC4,0.3912798563723053,0.3912798823648283,COL6A1,SDC4,1,1,False,2.5992523022821956e-08,2.5992523022821956e-08,6.642948997461259e-08
1.0,COL6A2_CD44,0.0070327464184149,0.0070327458757752,COL6A2,CD44,1,1,False,-5.426397005348083e-10,5.426397005348083e-10,7.715900279212869e-08
1.0,COL6A2_ITGA10_ITGB1,0.0012312841823275,0.0091701704244788,COL6A2,ITGA10_ITGB1,1,2,True,0.0079388862421513,0.0079388862421513,0.8657294111960322
1.0,COL6A2_ITGA1_ITGB1,0.0044629959745234,0.0243584795612808,COL6A2,ITGA1_ITGB1,1,2,True,0.019895483586757398,0.019895483586757398,0.8167785487885053
1.0,COL6A2_ITGA3_ITGB1,0.0287391116199146,0.0690983576815358,COL6A2,ITGA3_ITGB1,1,2,True,0.040359246061621196,0.040359246061621196,0.5840840132211397
1.0,COL6A2_ITGA9_ITGB1,0.0088235303204511,0.0378045348190177,COL6A2,ITGA9_ITGB1,1,2,True,0.028981004498566602,0.028981004498566602,0.7666012725009808
1.0,COL6A2_SDC4,0.139411482264392,0.1394114691467404,COL6A2,SDC4,1,1,False,-1.311765160383338e-08,1.311765160383338e-08,9.40930502335233e-08
1.0,COL6A3_CD44,0.0062755266267322,0.0062755265275457,COL6A3,CD44,1,1,False,-9.918650015899866e-11,9.918650015899866e-11,1.58052871190903e-08
1.0,COL6A3_ITGA10_ITGB1,0.0012372491755332,0.0093622657067708,COL6A3,ITGA10_ITGB1,1,2,True,0.0081250165312376,0.0081250165312376,0.867847248274697
1.0,COL6A3_ITGA1_ITGB1,0.0053001928534785,0.0274781759217279,COL6A3,ITGA1_ITGB1,1,2,True,0.022177983068249398,0.022177983068249398,0.807112638459838
1.0,COL6A3_ITGA3_ITGB1,0.0297054073852897,0.0711631092367161,COL6A3,ITGA3_ITGB1,1,2,True,0.041457701851426394,0.041457701851426394,0.5825729411783007
1.0,COL6A3_ITGA9_ITGB1,0.0092306351293107,0.0392191728246957,COL6A3,ITGA9_ITGB1,1,2,True,0.029988537695384995,0.029988537695384995,0.7646397293851563
1.0,COL6A3_SDC4,0.1439993927414518,0.1439993831583041,COL6A3,SDC4,1,1,False,-9.583147692060479e-09,9.583147692060479e-09,6.654991739629653e-08
1.0,COL6A6_CD44,0.001821656721699,0.0018216570085837,COL6A6,CD44,1,1,False,2.868846998068525e-10,2.868846998068525e-10,1.5748557409822133e-07
1.0,COL6A6_ITGA10_ITGB1,0.0004519748513888,0.003406946798574,COL6A6,ITGA10_ITGB1,1,2,True,0.0029549719471852,0.0029549719471852,0.867337273485463
1.0,COL6A6_ITGA1_ITGB1,0.0011512738529881,0.0065204924490938,COL6A6,ITGA1_ITGB1,1,2,True,0.0053692185961057,0.0053692185961057,0.8234375912592152
1.0,COL6A6_ITGA3_ITGB1,0.007759752426626,0.0189364735698038,COL6A6,ITGA3_ITGB1,1,2,True,0.0111767211431778,0.0111767211431778,0.5902218859270745
1.0,COL6A6_ITGA9_ITGB1,0.002587537299343,0.0108281224184178,COL6A6,ITGA9_ITGB1,1,2,True,0.0082405851190748,0.0082405851190748,0.761035459393976
1.0,COL6A6_SDC4,0.0416158353395599,0.0416158404321075,COL6A6,SDC4,1,1,False,5.092547598894992e-09,5.092547598894992e-09,1.2237041342954554e-07
1.0,COL9A2_CD44,0.004710022352904,0.0047100213500323,COL9A2,CD44,1,1,False,-1.0028716997470544e-09,1.0028716997470544e-09,2.1292291726147039e-07
1.0,COL9A2_ITGA10_ITGB1,0.0011922110691733,0.0093507666589867,COL9A2,ITGA10_ITGB1,1,2,True,0.008158555589813401,0.008158555589813401,0.8725012490791323
1.0,COL9A2_ITGA1_ITGB1,0.0029780157278705,0.0172399882978371,COL9A2,ITGA1_ITGB1,1,2,True,0.0142619725699666,0.0142619725699666,0.8272611514333732
1.0,COL9A2_ITGA3_ITGB1,0.0189484443311404,0.0464183225198285,COL9A2,ITGA3_ITGB1,1,2,True,0.027469878188688096,0.027469878188688096,0.5917895498475585
1.0,COL9A2_ITGA9_ITGB1,0.0065988015319857,0.0271648619782887,COL9A2,ITGA9_ITGB1,1,2,True,0.020566060446303,0.020566060446303,0.7570831930874621
1.0,COL9A2_SDC4,0.1093453987345484,0.1093453771123662,COL9A2,SDC4,1,1,False,-2.1622182211356034e-08,2.1622182211356034e-08,1.9774204000889854e-07
1.0,COMP_ITGA3_ITGB1,0.078436359169606,0.1901677316911692,COMP,ITGA3_ITGB1,1,2,True,0.11173137252156322,0.11173137252156322,0.5875411749823783
1.0,COMP_SDC4,0.4288748262251045,0.4288748232534694,COMP,SDC4,1,1,False,-2.9716351046538136e-09,2.9716351046538136e-09,6.928910075720054e-09
1.0,CSPG4_ITGA3_ITGB1,0.0174237478588105,0.0428812775197024,CSPG4,ITGA3_ITGB1,1,2,True,0.0254575296608919,0.0254575296608919,0.593674702186638
1.0,CXCL12_ACKR3,0.0040292891838502,0.0040292891248315,CXCL12,ACKR3,1,1,False,-5.90186996496378e-11,5.90186996496378e-11,1.4647422152321739e-08
1.0,CXCL12_CXCR4,0.0544099362006947,0.0544099388411607,CXCL12,CXCR4,1,1,False,2.640465998626773e-09,2.640465998626773e-09,4.8529111681876785e-08
1.0,DLL1_NOTCH3,0.0222763262885772,0.0222763242826848,DLL1,NOTCH3,1,1,False,-2.005892400097631e-09,2.005892400097631e-09,9.004592472351275e-08
1.0,DLL4_NOTCH3,0.0074398819281761,0.0074398811989712,DLL4,NOTCH3,1,1,False,-7.292048995882761e-10,7.292048995882761e-10,9.801296668790575e-08
1.0,EDN1_EDNRA,0.0003103965320503,0.0003103965788572,EDN1,EDNRA,1,1,False,4.6806900044250865e-11,4.6806900044250865e-11,1.507970874440104e-07
1.0,EDN1_EDNRB,0.0480769282168563,0.0480769287689672,EDN1,EDNRB,1,1,False,5.521108986661361e-10,5.521108986661361e-10,1.1483905332624195e-08
1.0,EDN2_EDNRA,0.0003456433891455,0.0003456433682515,EDN2,EDNRA,1,1,False,-2.089399996334923e-11,2.089399996334923e-11,6.04495865377417e-08
1.0,EDN2_EDNRB,0.0759005441349522,0.0759005326487365,EDN2,EDNRB,1,1,False,-1.1486215700795555e-08,1.1486215700795555e-08,1.5133245527690693e-07
1.0,EFNA1_EPHA2,0.0357993988334284,0.0357994029254518,EFNA1,EPHA2,1,1,False,4.092023400681377e-09,4.092023400681377e-09,1.1430423600087834e-07
1.0,EFNA1_EPHA3,0.2746750035418234,0.2746749869699029,EFNA1,EPHA3,1,1,False,-1.6571920502528315e-08,1.6571920502528315e-08,6.033283075940688e-08
1.0,EFNA1_EPHA4,0.2925968756864226,0.2925968787975934,EFNA1,EPHA4,1,1,False,3.111170765457416e-09,3.111170765457416e-09,1.0632959511538731e-08
1.0,EFNA1_EPHA5,0.83320931330124,0.8332092587746006,EFNA1,EPHA5,1,1,False,-5.452663942584479e-08,5.452663942584479e-08,6.544170661007858e-08
1.0,EFNA1_EPHA8,0.0565369460353062,0.0565369353686192,EFNA1,EPHA8,1,1,False,-1.0666686998950237e-08,1.0666686998950237e-08,1.8866754833713696e-07
1.0,EFNA3_EPHA2,0.1275432132803788,0.1275432289237722,EFNA3,EPHA2,1,1,False,1.564339341397769e-08,1.564339341397769e-08,1.2265169657361552e-07
1.0,EFNA3_EPHA3,0.8321114171016961,0.832111422801352,EFNA3,EPHA3,1,1,False,5.699655858393271e-09,5.699655858393271e-09,6.849630592986027e-09
1.0,EFNA3_EPHA4,0.8152001844858152,0.8152002340946203,EFNA3,EPHA4,1,1,False,4.960880506388321e-08,4.960880506388321e-08,6.085474830485036e-08
1.0,EFNA3_EPHA5,2.086807167857082,2.086807177480486,EFNA3,EPHA5,1,1,False,9.62340429566666e-09,9.62340429566666e-09,4.611544564115172e-09
1.0,EFNA3_EPHA8,0.1551869097571267,0.1551869035094561,EFNA3,EPHA8,1,1,False,-6.24767060308784e-09,6.24767060308784e-09,4.0259005175537535e-08
1.0,EFNA5_EPHA2,0.1063398389445164,0.1063398454832608,EFNA5,EPHA2,1,1,False,6.538744393158602e-09,6.538744393158602e-09,6.148912821382537e-08
1.0,EFNA5_EPHA3,0.7325239056758042,0.7325238827419317,EFNA5,EPHA3,1,1,False,-2.2933872467767458e-08,2.2933872467767458e-08,3.130801915141509e-08
1.0,EFNA5_EPHA4,0.7080529828796582,0.7080529925487309,EFNA5,EPHA4,1,1,False,9.669072653650801e-09,9.669072653650801e-09,1.365586016216906e-08
1.0,EFNA5_EPHA5,1.86915205800713,1.869152022779176,EFNA5,EPHA5,1,1,False,-3.522795388732902e-08,3.522795388732902e-08,1.8847024101874672e-08
1.0,EFNA5_EPHA8,0.1422137118122331,0.1422136999776134,EFNA5,EPHA8,1,1,False,-1.1834619700890059e-08,1.1834619700890059e-08,8.3217149387926e-08
1.0,EFNA5_EPHB2,0.6766367381230678,0.6766367503957411,EFNA5,EPHB2,1,1,False,1.2272673322044625e-08,1.2272673322044625e-08,1.8137757541053997e-08
1.0,EFNB1_EPHA4,3.7793625945633194,3.779362866009612,EFNB1,EPHA4,1,1,False,2.714462925546002e-07,2.714462925546002e-07,7.182329460764454e-08
1.0,EFNB1_EPHB1,1.4468426878981653,1.446842782925817,EFNB1,EPHB1,1,1,False,9.50276517475146e-08,9.50276517475146e-08,6.567932111832422e-08
1.0,EFNB1_EPHB2,4.121962009659777,4.121962315436337,EFNB1,EPHB2,1,1,False,3.057765605163354e-07,3.057765605163354e-07,7.418227948645544e-08
1.0,EFNB1_EPHB3,0.3544072685132834,0.354407289063449,EFNB1,EPHB3,1,1,False,2.055016556923306e-08,2.055016556923306e-08,5.798460190685862e-08
1.0,EFNB2_EPHA4,1.022084769197829,1.0220848033486272,EFNB2,EPHA4,1,1,False,3.415079818935851e-08,3.415079818935851e-08,3.341288127704397e-08
1.0,EFNB2_EPHB1,0.4006493427708128,0.4006493513331505,EFNB2,EPHB1,1,1,False,8.56233767221326e-09,8.56233767221326e-09,2.1371150717509713e-08
1.0,EFNB2_EPHB2,1.0520597881546248,1.0520598222259736,EFNB2,EPHB2,1,1,False,3.4071348853359495e-08,3.4071348853359495e-08,3.238537213717611e-08
1.0,EFNB2_EPHB3,0.0929256836483576,0.0929256855317986,EFNB2,EPHB3,1,1,False,1.883441000383179e-09,1.883441000383179e-09,2.0268249726698838e-08
1.0,EFNB3_EPHA4,0.5054956137524047,0.5054956263927074,EFNB3,EPHA4,1,1,False,1.264030269343408e-08,1.264030269343408e-08,2.500576074938012e-08
1.0,EFNB3_EPHB1,0.2016711713738476,0.2016711745989061,EFNB3,EPHB1,1,1,False,3.225058498035338e-09,3.225058498035338e-09,1.5991668142209707e-08
1.0,EFNB3_EPHB2,0.5052495081948398,0.5052495237101368,EFNB3,EPHB2,1,1,False,1.5515296936108314e-08,1.5515296936108314e-08,3.07081871590432e-08
1.0,EFNB3_EPHB3,0.0453348856275256,0.0453348874079102,EFNB3,EPHB3,1,1,False,1.7803846036335003e-09,1.7803846036335003e-09,3.927184350573356e-08
1.0,ESAM_ESAM,0.0112812004270126,0.0112812003400604,ESAM,ESAM,1,1,False,-8.695220064802722e-11,8.695220064802722e-11,7.707708165508875e-09
1.0,FGF10_FGFR1,0.3210419247785299,0.3210419072851409,FGF10,FGFR1,1,1,False,-1.7493388959621825e-08,1.7493388959621825e-08,5.448942212668829e-08
1.0,FGF17_FGFR1,1.8078410834440528,1.807841225612304,FGF17,FGFR1,1,1,False,1.421682511715261e-07,1.421682511715261e-07,7.863978824986394e-08
1.0,FGF17_FGFR3,0.2113114018994596,0.2113114240074834,FGF17,FGFR3,1,1,False,2.210802380053778e-08,2.210802380053778e-08,1.0462294646102448e-07
1.0,FGF17_FGFR4,0.1243272887399631,0.124327301998887,FGF17,FGFR4,1,1,False,1.3258923903247677e-08,1.3258923903247677e-08,1.0664531193129546e-07
1.0,FGF18_FGFR1,0.0437698864477242,0.0437698946975612,FGF18,FGFR1,1,1,False,8.249837001039761e-09,8.249837001039761e-09,1.8848199334369043e-07
1.0,FGF18_FGFR3,0.005140731532329,0.0051407325577626,FGF18,FGFR3,1,1,False,1.0254336000117825e-09,1.0254336000117825e-09,1.9947227141068816e-07
1.0,FGF18_FGFR4,0.0025370289560625,0.002537029467117,FGF18,FGFR4,1,1,False,5.110544999339939e-10,5.110544999339939e-10,2.014381411638628e-07
1.0,FGF2_FGFR1,1.1884453473326193,1.188445377374643,FGF2,FGFR1,1,1,False,3.004202375755938e-08,3.004202375755938e-08,2.527842198681799e-08
1.0,FGF2_FGFR3,0.1384997718992204,0.1384997785802812,FGF2,FGFR3,1,1,False,6.681060815694195e-09,6.681060815694195e-09,4.8238783369762055e-08
1.0,FGF2_FGFR4,0.0830105387681083,0.0830105433451022,FGF2,FGFR4,1,1,False,4.576993908878002e-09,4.576993908878002e-09,5.513750090575759e-08
1.0,FGF7_FGFR1,0.2100160189920141,0.2100160134792277,FGF7,FGFR1,1,1,False,-5.512786421801863e-09,5.512786421801863e-09,2.624936158803909e-08
1.0,FGF8_FGFR1,0.0351556979100263,0.0351556979434363,FGF8,FGFR1,1,1,False,3.341000393008997e-11,3.341000393008997e-11,9.50343923873875e-10
1.0,FGF8_FGFR3,0.0038730616829847,0.0038730618387885,FGF8,FGFR3,1,1,False,1.5580379998311744e-10,1.5580379998311744e-10,4.0227552894392496e-08
1.0,FGF8_FGFR4,0.0022230660227597,0.0022230661425549,FGF8,FGFR4,1,1,False,1.1979519980165332e-10,1.1979519980165332e-10,5.3887375417438756e-08
1.0,FGF9_FGFR1,0.3909681222310372,0.3909680887592744,FGF9,FGFR1,1,1,False,-3.3471762805881156e-08,3.3471762805881156e-08,8.56125113599453e-08
1.0,FGF9_FGFR3,0.0463297071863074,0.046329704537496,FGF9,FGFR3,1,1,False,-2.6488113993861084e-09,2.6488113993861084e-09,5.717306584162821e-08
1.0,FGF9_FGFR4,0.0255511114388606,0.025551110631993,FGF9,FGFR4,1,1,False,-8.068675970418493e-10,8.068675970418493e-10,3.157857140471342e-08
1.0,FN1_CD44,0.0159533425999531,0.0159533426675721,FN1,CD44,1,1,False,6.761900067653315e-11,6.761900067653315e-11,4.23854749976507e-09
1.0,FN1_ITGA3_ITGB1,0.0659930538538636,0.1605609450980752,FN1,ITGA3_ITGB1,1,2,True,0.0945678912442116,0.0945678912442116,0.5889843958407621
1.0,FN1_ITGA4_ITGB1,0.0060654963698488,0.0413557302572952,FN1,ITGA4_ITGB1,1,2,True,0.0352902338874464,0.0352902338874464,0.853333592899648
1.0,FN1_ITGA4_ITGB7,0.0036691872131567,0.0053807013799303,FN1,ITGA4_ITGB7,1,2,True,0.0017115141667735996,0.0017115141667735996,0.31808384184958616
1.0,FN1_ITGA5_ITGB1,0.0535665877737371,0.1434980865400067,FN1,ITGA5_ITGB1,1,2,True,0.0899314987662696,0.0899314987662696,0.6267086965037478
1.0,FN1_ITGA8_ITGB1,0.0064794474110437,0.0380704947714485,FN1,ITGA8_ITGB1,1,2,True,0.0315910473604048,0.0315910473604048,0.8298039610479911
1.0,FN1_SDC4,0.3524198634526831,0.3524198679084678,FN1,SDC4,1,1,False,4.455784685664099e-09,4.455784685664099e-09,1.2643398092474677e-08
1.0,GAL_GALR1,0.0652341792175101,0.0652341816065957,GAL,GALR1,1,1,False,2.3890856098995883e-09,2.3890856098995883e-09,3.66232173235087e-08
1.0,GAL_GALR2,0.0020259712787224,0.0020259707250627,GAL,GALR2,1,1,False,-5.536596996841281e-10,5.536596996841281e-10,2.7328111977642254e-07
1.0,GAS6_AXL,0.2129707242078689,0.2129706996965006,GAS6,AXL,1,1,False,-2.4511368296176173e-08,2.4511368296176173e-08,1.1509266537616685e-07
1.0,GAS6_MERTK,0.0087853955050392,0.0087853956155456,GAS6,MERTK,1,1,False,1.1050640090493058e-10,1.1050640090493058e-10,1.2578420567582805e-08
1.0,GAS6_TYRO3,0.2706993315208217,0.2706993203260354,GAS6,TYRO3,1,1,False,-1.1194786320167793e-08,1.1194786320167793e-08,4.135505713026377e-08
1.0,GDF10_ACVR1B_ACVR2A,0.3294435418472089,0.9913601888281932,GDF10,ACVR1B_ACVR2A,1,2,True,0.6619166469809843,0.6619166469809843,0.6676853220859943
1.0,GDF5_BMPR1A_ACVR2A,0.0038937642305662,0.0113122982946562,GDF5,BMPR1A_ACVR2A,1,2,True,0.007418534064090001,0.007418534064090001,0.6557937097180713
1.0,GDF5_BMPR1A_BMPR2,0.0038937642305662,0.007027291256911,GDF5,BMPR1A_BMPR2,1,2,True,0.0031335270263448,0.0031335270263448,0.44590823288605386
1.0,GDNF_GFRA1_RET,0.0003002031899066,0.0014544648294608,GDNF,GFRA1_RET,1,2,True,0.0011542616395542001,0.0011542616395542001,0.7935988661768525
1.0,GRN_SORT1,5.594863838064781,5.594863650726023,GRN,SORT1,1,1,False,-1.873387578399388e-07,1.873387578399388e-07,3.348406024921918e-08
1.0,HBEGF_ERBB2_ERBB4,0.0379546505603078,0.0772013655601528,HBEGF,ERBB2_ERBB4,1,2,True,0.039246714999844994,0.039246714999844994,0.5083681449813894
1.0,HBEGF_ERBB4,0.161460523425532,0.1614605411470761,HBEGF,ERBB4,1,1,False,1.7721544093296515e-08,1.7721544093296515e-08,1.0975773998647617e-07
1.0,HSPG2_DAG1,0.5349057111469802,0.534905722430137,HSPG2,DAG1,1,1,False,1.1283156853281184e-08,1.1283156853281184e-08,2.109372994183074e-08
1.0,IHH_PTCH1_SMO,0.0127485054354629,0.0162554253112556,IHH,PTCH1_SMO,1,2,True,0.003506919875792701,0.003506919875792701,0.21573842631877713
1.0,IHH_PTCH2_SMO,0.0067188245842097,0.0094484279344382,IHH,PTCH2_SMO,1,2,True,0.0027296033502284996,0.0027296033502284996,0.2888949748221582
1.0,INHBB_ACVR1B_ACVR2A,0.0521915742609365,0.1582452220491383,INHBB,ACVR1B_ACVR2A,1,2,True,0.1060536477882018,0.1060536477882018,0.6701854654118405
1.0,INHBB_ACVR1C_ACVR2A,0.003764883090444,0.0365226785634128,INHBB,ACVR1C_ACVR2A,1,2,True,0.032757795472968795,0.032757795472968795,0.8969165669514848
1.0,JAG1_NOTCH3,0.0444030309302853,0.0444030310920972,JAG1,NOTCH3,1,1,False,1.6181189721464762e-10,1.6181189721464762e-10,3.6441633202704197e-09
1.0,JAG2_NOTCH3,0.0247865708283911,0.0247865695602236,JAG2,NOTCH3,1,1,False,-1.2681674980974389e-09,1.2681674980974389e-09,5.1163491185511274e-08
1.0,JAM2_ITGA3_ITGB1,0.4194363898266538,1.0216920186061629,JAM2,ITGA3_ITGB1,1,2,True,0.6022556287795091,0.6022556287795091,0.589468859315484
1.0,JAM2_JAM2,2.296009478256336,2.296009575694513,JAM2,JAM2,1,1,False,9.743817708240954e-08,9.743817708240954e-08,4.243805344450088e-08
1.0,JAM2_JAM3,0.4417875939381781,0.4417875818901793,JAM2,JAM3,1,1,False,-1.2047998820818862e-08,1.2047998820818862e-08,2.7271021156164033e-08
1.0,JAM3_ITGAM_ITGB2,0.007837927097813,0.024598775716015,JAM3,ITGAM_ITGB2,1,2,True,0.016760848618202,0.016760848618202,0.6813692198221829
1.0,JAM3_JAM2,0.4503773499891784,0.450377342755939,JAM3,JAM2,1,1,False,-7.23323939633147e-09,7.23323939633147e-09,1.6060397789776217e-08
1.0,JAM3_JAM3,0.1018244319417554,0.1018244265239904,JAM3,JAM3,1,1,False,-5.41776500051494e-09,5.41776500051494e-09,5.3206925854631396e-08
1.0,L1CAM_ITGA4_ITGB7,0.0423765623890972,0.0624226126057906,L1CAM,ITGA4_ITGB7,1,2,True,0.020046050216693402,0.020046050216693402,0.3211344315767046
1.0,L1CAM_L1CAM,8.38396871631839,8.383969401489763,L1CAM,L1CAM,1,1,False,6.851713720834596e-07,6.851713720834596e-07,8.172398290977902e-08
1.0,LAMA1_CD44,0.0251045349443068,0.0251045367665481,LAMA1,CD44,1,1,False,1.8222412988266878e-09,1.8222412988266878e-09,7.258613515844005e-08
1.0,LAMA1_DAG1,0.5891355666247458,0.5891355638534987,LAMA1,DAG1,1,1,False,-2.7712470096474817e-09,2.7712470096474817e-09,4.7039207385227315e-09
1.0,LAMA1_ITGA1_ITGB1,0.0108909703162316,0.066259415743056,LAMA1,ITGA1_ITGB1,1,2,True,0.0553684454268244,0.0553684454268244,0.835631356025457
1.0,LAMA1_ITGA3_ITGB1,0.0839949160312095,0.1977826823658733,LAMA1,ITGA3_ITGB1,1,2,True,0.1137877663346638,0.1137877663346638,0.5753171358257273
1.0,LAMA1_ITGA6_ITGB1,0.2837957796874988,0.3605418556802245,LAMA1,ITGA6_ITGB1,1,2,True,0.0767460759927257,0.0767460759927257,0.21286315245682355
1.0,LAMA1_ITGA6_ITGB4,0.2807104298093234,0.314744485729954,LAMA1,ITGA6_ITGB4,1,2,True,0.03403405592063058,0.03403405592063058,0.10813233420658332
1.0,LAMA1_ITGA7_ITGB1,0.017142062879396,0.0878028351858516,LAMA1,ITGA7_ITGB1,1,2,True,0.0706607723064556,0.0706607723064556,0.8047664082473929
1.0,LAMA1_ITGA9_ITGB1,0.0216622282015514,0.0991124886336308,LAMA1,ITGA9_ITGB1,1,2,True,0.07745026043207939,0.07745026043207939,0.7814379549924751
1.0,LAMA1_SV2A,0.3998104060816841,0.3998104004766837,LAMA1,SV2A,1,1,False,-5.605000408248628e-09,5.605000408248628e-09,1.4019145882619891e-08
1.0,LAMA1_SV2B,0.3315819487206179,0.3315819327030408,LAMA1,SV2B,1,1,False,-1.6017577098015323e-08,1.6017577098015323e-08,4.830654129339021e-08
1.0,LAMA2_CD44,0.0141018462923089,0.0141018465779037,LAMA2,CD44,1,1,False,2.855947995455965e-10,2.855947995455965e-10,2.0252298021246194e-08
1.0,LAMA2_DAG1,0.4118812194812822,0.4118812179469691,LAMA2,DAG1,1,1,False,-1.5343131209988314e-09,1.5343131209988314e-09,3.7251349380074315e-09
1.0,LAMA2_ITGA1_ITGB1,0.0078986339969914,0.0455483202592863,LAMA2,ITGA1_ITGB1,1,2,True,0.037649686262294896,0.037649686262294896,0.8265878093412008
1.0,LAMA2_ITGA3_ITGB1,0.0562812916526784,0.1358545647350557,LAMA2,ITGA3_ITGB1,1,2,True,0.0795732730823773,0.0795732730823773,0.5857239558903414
1.0,LAMA2_ITGA6_ITGB1,0.1760309137800594,0.2378043255345482,LAMA2,ITGA6_ITGB1,1,2,True,0.061773411754488805,0.061773411754488805,0.259765719633701
1.0,LAMA2_ITGA6_ITGB4,0.1722814375873942,0.1945865220998048,LAMA2,ITGA6_ITGB4,1,2,True,0.02230508451241059,0.02230508451241059,0.11462810615922389
1.0,LAMA2_ITGA7_ITGB1,0.0128278331584682,0.063326250676821,LAMA2,ITGA7_ITGB1,1,2,True,0.0504984175183528,0.0504984175183528,0.797432612520616
1.0,LAMA2_ITGA9_ITGB1,0.0174602319499857,0.0748022814592039,LAMA2,ITGA9_ITGB1,1,2,True,0.057342049509218194,0.057342049509218194,0.7665815586185261
1.0,LAMA2_SV2A,0.3133756418778576,0.3133756414557951,LAMA2,SV2A,1,1,False,-4.2206249606380197e-10,4.2206249606380197e-10,1.34682610790888e-09
1.0,LAMA2_SV2B,0.2895027059927795,0.2895026913332458,LAMA2,SV2B,1,1,False,-1.465953369805817e-08,1.465953369805817e-08,5.0636948790467586e-08
1.0,LAMA3_CD44,0.0019618401921885,0.0019618402500465,LAMA3,CD44,1,1,False,5.7857999641308666e-11,5.7857999641308666e-11,2.9491697726120823e-08
1.0,LAMA3_DAG1,0.065170337767214,0.0651703391540437,LAMA3,DAG1,1,1,False,1.3868297066288449e-09,1.3868297066288449e-09,2.1280075025400487e-08
1.0,LAMA3_ITGA1_ITGB1,0.0012568667716939,0.007024768540232,LAMA3,ITGA1_ITGB1,1,2,True,0.0057679017685381,0.0057679017685381,0.8210806855064878
1.0,LAMA3_ITGA3_ITGB1,0.0086655182893355,0.0211739820500852,LAMA3,ITGA3_ITGB1,1,2,True,0.0125084637607497,0.0125084637607497,0.5907468765753189
1.0,LAMA3_ITGA6_ITGB1,0.0262177845722549,0.0364679106162011,LAMA3,ITGA6_ITGB1,1,2,True,0.010250126043946203,0.010250126043946203,0.2810724790850101
1.0,LAMA3_ITGA6_ITGB4,0.0254918695610322,0.0288322720518929,LAMA3,ITGA6_ITGB4,1,2,True,0.0033404024908606986,0.0033404024908606986,0.11585637388716975
1.0,LAMA3_ITGA7_ITGB1,0.0021470461200395,0.0102571127130655,LAMA3,ITGA7_ITGB1,1,2,True,0.008110066593025999,0.008110066593025999,0.7906773397054908
1.0,LAMA3_ITGA9_ITGB1,0.0029317674808645,0.0122058845855896,LAMA3,ITGA9_ITGB1,1,2,True,0.009274117104725099,0.009274117104725099,0.7598070455028079
1.0,LAMA3_SV2A,0.0528417746786142,0.0528417751768769,LAMA3,SV2A,1,1,False,4.982627019312069e-10,4.982627019312069e-10,9.429333141503587e-09
1.0,LAMA3_SV2B,0.0492737176694199,0.049273716627024,LAMA3,SV2B,1,1,False,-1.0423959057037635e-09,1.0423959057037635e-09,2.115521123649032e-08
1.0,LAMA4_CD44,0.0107448577176079,0.0107448583229118,LAMA4,CD44,1,1,False,6.053038990178061e-10,6.053038990178061e-10,5.633428388041993e-08
1.0,LAMA4_DAG1,0.3261250945760493,0.3261251042947922,LAMA4,DAG1,1,1,False,9.718742866038355e-09,9.718742866038355e-09,2.9800658514326922e-08
1.0,LAMA4_ITGA1_ITGB1,0.0066973511836648,0.037682270378805,LAMA4,ITGA1_ITGB1,1,2,True,0.0309849191951402,0.0309849191951402,0.8222678433029919
1.0,LAMA4_ITGA3_ITGB1,0.0448178078705487,0.1086709488863814,LAMA4,ITGA3_ITGB1,1,2,True,0.0638531410158327,0.0638531410158327,0.5875824373503262
1.0,LAMA4_ITGA6_ITGB1,0.1348845718341942,0.1860880331329874,LAMA4,ITGA6_ITGB1,1,2,True,0.05120346129879322,0.05120346129879322,0.2751571954237421
1.0,LAMA4_ITGA6_ITGB4,0.131652631429018,0.1493728416342312,LAMA4,ITGA6_ITGB4,1,2,True,0.017720210205213194,0.017720210205213194,0.11863073642666995
1.0,LAMA4_ITGA7_ITGB1,0.0102355955089995,0.0507014453250145,LAMA4,ITGA7_ITGB1,1,2,True,0.040465849816015,0.040465849816015,0.7981202420683344
1.0,LAMA4_ITGA9_ITGB1,0.0143645410382906,0.060824205608754,LAMA4,ITGA9_ITGB1,1,2,True,0.046459664570463396,0.046459664570463396,0.7638351229658605
1.0,LAMA4_SV2A,0.2559035169431489,0.2559035195731899,LAMA4,SV2A,1,1,False,2.6300410183033307e-09,2.6300410183033307e-09,1.0277471066790559e-08
1.0,LAMA4_SV2B,0.2473447075511755,0.2473447041445576,LAMA4,SV2B,1,1,False,-3.4066179044334177e-09,3.4066179044334177e-09,1.3772754380558517e-08
1.0,LAMA5_CD44,0.0482934581264828,0.0482934623352654,LAMA5,CD44,1,1,False,4.208782600212402e-09,4.208782600212402e-09,8.715015235383148e-08
1.0,LAMA5_DAG1,1.37810301527814,1.3781030894324544,LAMA5,DAG1,1,1,False,7.415431446666787e-08,7.415431446666787e-08,5.3808974840341527e-08
1.0,LAMA5_ITGA1_ITGB1,0.0270589381460685,0.1579582276789362,LAMA5,ITGA1_ITGB1,1,2,True,0.1308992895328677,0.1308992895328677,0.8286956080498185
1.0,LAMA5_ITGA3_ITGB1,0.1882987212549669,0.4556265904587748,LAMA5,ITGA3_ITGB1,1,2,True,0.2673278692038079,0.2673278692038079,0.5867257855487163
1.0,LAMA5_ITGA6_ITGB1,0.5867014669727801,0.7974904669192324,LAMA5,ITGA6_ITGB1,1,2,True,0.21078899994645228,0.21078899994645228,0.2643153851866676
1.0,LAMA5_ITGA6_ITGB4,0.5753637736675876,0.6537690997231346,LAMA5,ITGA6_ITGB4,1,2,True,0.07840532605554695,0.07840532605554695,0.119928161316818
1.0,LAMA5_ITGA7_ITGB1,0.0409787869631824,0.2077511022570745,LAMA5,ITGA7_ITGB1,1,2,True,0.16677231529389208,0.16677231529389208,0.8027505677805039
1.0,LAMA5_ITGA9_ITGB1,0.0593680379589476,0.2530703412066937,LAMA5,ITGA9_ITGB1,1,2,True,0.1937023032477461,0.1937023032477461,0.7654089464776155
1.0,LAMA5_SV2A,0.996476805214967,0.9964768306158824,LAMA5,SV2A,1,1,False,2.5400915482087782e-08,2.5400915482087782e-08,2.5490723619121674e-08
1.0,LAMA5_SV2B,1.0053591815621192,1.0053592012727923,LAMA5,SV2B,1,1,False,1.9710673093698006e-08,1.9710673093698006e-08,1.960560272263301e-08
1.0,LAMB3_CD44,0.0031513007423163,0.0031513012198293,LAMB3,CD44,1,1,False,4.77513000061297e-10,4.77513000061297e-10,1.5152883420238797e-07
1.0,LAMB3_DAG1,0.0845708744448985,0.0845708847073302,LAMB3,DAG1,1,1,False,1.0262431696106411e-08,1.0262431696106411e-08,1.2134710109301851e-07
1.0,LAMB3_ITGA1_ITGB1,0.0017635430793665,0.0103116349302118,LAMB3,ITGA1_ITGB1,1,2,True,0.0085480918508453,0.0085480918508453,0.828975415508598
1.0,LAMB3_ITGA3_ITGB1,0.0119122926259825,0.0285777242792151,LAMB3,ITGA3_ITGB1,1,2,True,0.0166654316532326,0.0166654316532326,0.583161608335397
1.0,LAMB3_ITGA6_ITGB1,0.0369545588796405,0.0498586994255734,LAMB3,ITGA6_ITGB1,1,2,True,0.012904140545932904,0.012904140545932904,0.2588142228859292
1.0,LAMB3_ITGA6_ITGB4,0.0363210431503578,0.0413341719109604,LAMB3,ITGA6_ITGB4,1,2,True,0.0050131287606026,0.0050131287606026,0.12128291263223036
1.0,LAMB3_ITGA7_ITGB1,0.0023615394308469,0.0124776623500285,LAMB3,ITGA7_ITGB1,1,2,True,0.0101161229191816,0.0101161229191816,0.8107386331990699
1.0,LAMB3_ITGA9_ITGB1,0.0035514566764934,0.0154145266191829,LAMB3,ITGA9_ITGB1,1,2,True,0.0118630699426895,0.0118630699426895,0.7696032603379643
1.0,LAMB3_SV2A,0.0585950009425772,0.0585950062774667,LAMB3,SV2A,1,1,False,5.334889502384144e-09,5.334889502384144e-09,9.104682875400133e-08
1.0,LAMB3_SV2B,0.0611547954791687,0.0611548020547993,LAMB3,SV2B,1,1,False,6.575630595584414e-09,6.575630595584414e-09,1.0752435417405414e-07
1.0,LAMC1_CD44,0.0478676806300803,0.0478676845153311,LAMC1,CD44,1,1,False,3.885250794699591e-09,3.885250794699591e-09,8.116646614596993e-08
1.0,LAMC1_DAG1,1.292948743468926,1.292948803804692,LAMC1,DAG1,1,1,False,6.033576593900136e-08,6.033576593900136e-08,4.6665239769319946e-08
1.0,LAMC1_ITGA1_ITGB1,0.0239996973463457,0.143136509627538,LAMC1,ITGA1_ITGB1,1,2,True,0.11913681228119229,0.11913681228119229,0.8323300085436175
1.0,LAMC1_ITGA3_ITGB1,0.175890777783279,0.4247271803103122,LAMC1,ITGA3_ITGB1,1,2,True,0.2488364025270332,0.2488364025270332,0.5858735067184292
1.0,LAMC1_ITGA6_ITGB1,0.5635755380256843,0.7533956545605401,LAMC1,ITGA6_ITGB1,1,2,True,0.18982011653485586,0.18982011653485586,0.2519527626497647
1.0,LAMC1_ITGA6_ITGB4,0.5545671764661341,0.628806302289808,LAMC1,ITGA6_ITGB4,1,2,True,0.07423912582367398,0.07423912582367398,0.11806358421238947
1.0,LAMC1_ITGA7_ITGB1,0.0394257918206652,0.1972029724807582,LAMC1,ITGA7_ITGB1,1,2,True,0.157777180660093,0.157777180660093,0.8000750631458554
1.0,LAMC1_ITGA9_ITGB1,0.0545339410797562,0.2337816702062637,LAMC1,ITGA9_ITGB1,1,2,True,0.1792477291265075,0.1792477291265075,0.766731322298958
1.0,LAMC1_SV2A,0.9309082790088908,0.9309082999807272,LAMC1,SV2A,1,1,False,2.0971836378613773e-08,2.0971836378613773e-08,2.2528359000610433e-08
1.0,LAMC1_SV2B,0.9066682585382118,0.9066682560791528,LAMC1,SV2B,1,1,False,-2.4590589564610355e-09,2.4590589564610355e-09,2.7121926165427767e-09
1.0,LAMC3_CD44,0.0013955435462936,0.0013955436668099,LAMC3,CD44,1,1,False,1.2051630006448821e-10,1.2051630006448821e-10,8.635795706771307e-08
1.0,LAMC3_DAG1,0.0352999380326251,0.0352999408873438,LAMC3,DAG1,1,1,False,2.854718697542502e-09,2.854718697542502e-09,8.087035348452988e-08
1.0,LAMC3_ITGA1_ITGB1,0.0006653320278834,0.0040462955212916,LAMC3,ITGA1_ITGB1,1,2,True,0.0033809634934082004,0.0033809634934082004,0.8355700851847266
1.0,LAMC3_ITGA3_ITGB1,0.0047874000279184,0.0116173341285153,LAMC3,ITGA3_ITGB1,1,2,True,0.006829934100596901,0.006829934100596901,0.5879088976043567
1.0,LAMC3_ITGA6_ITGB1,0.0151477075199021,0.0204365420080303,LAMC3,ITGA6_ITGB1,1,2,True,0.0052888344881282,0.0052888344881282,0.2587930231078239
1.0,LAMC3_ITGA6_ITGB4,0.0149849033119808,0.0171852754858481,LAMC3,ITGA6_ITGB4,1,2,True,0.0022003721738673016,0.0022003721738673016,0.12803822526320777
1.0,LAMC3_ITGA7_ITGB1,0.0010800622516414,0.0054539814981319,LAMC3,ITGA7_ITGB1,1,2,True,0.0043739192464905,0.0043739192464905,0.8019681122843296
1.0,LAMC3_ITGA9_ITGB1,0.0015617015607969,0.0065631363257601,LAMC3,ITGA9_ITGB1,1,2,True,0.0050014347649632,0.0050014347649632,0.7620495014453271
1.0,LAMC3_SV2A,0.0248732132467441,0.0248732141923658,LAMC3,SV2A,1,1,False,9.45621702469479e-10,9.45621702469479e-10,3.801767214949299e-08
1.0,LAMC3_SV2B,0.0273980612866858,0.0273980608545356,LAMC3,SV2B,1,1,False,-4.321502010407041e-10,4.321502010407041e-10,1.577302118273271e-08
1.0,LRRC4C_NTNG1,0.7098849548058551,0.7098850122514203,LRRC4C,NTNG1,1,1,False,5.744556519360344e-08,5.744556519360344e-08,8.092235249679834e-08
1.0,MAG_MAG,0.0003080017545985,0.0003080018144126,MAG,MAG,1,1,False,5.981409996209247e-11,5.981409996209247e-11,1.9420047922823387e-07
1.0,MPZ_MPZ,0.048575451063811,0.0485754586391187,MPZ,MPZ,1,1,False,7.575307700569134e-09,7.575307700569134e-09,1.5594927794399867e-07
1.0,MSTN_ACVR1B_ACVR2A,0.0073280858600941,0.0218446723456345,MSTN,ACVR1B_ACVR2A,1,2,True,0.0145165864855404,0.0145165864855404,0.6645367005672408
1.0,MSTN_TGFBR1_ACVR2A,0.012721572398137,0.0284928105570573,MSTN,TGFBR1_ACVR2A,1,2,True,0.0157712381589203,0.0157712381589203,0.5535164081949075
1.0,NCAM1_FGFR1,0.1880060576180165,0.1880060460712419,NCAM1,FGFR1,1,1,False,-1.1546774592030573e-08,1.1546774592030573e-08,6.141703484624345e-08
1.0,NCAM1_L1CAM,0.1367537286801981,0.1367537303041577,NCAM1,L1CAM,1,1,False,1.623959577923273e-09,1.623959577923273e-09,1.1875066035210743e-08
1.0,NCAM1_NCAM1,0.0027460945204516,0.0027460942182323,NCAM1,NCAM1,1,1,False,-3.0221929993301533e-10,3.0221929993301533e-10,1.1005422343704137e-07
1.0,NCAM1_NCAM2,0.1070192677457169,0.1070192673711648,NCAM1,NCAM2,1,1,False,-3.745521115483541e-10,3.745521115483541e-10,3.4998567962388653e-09
1.0,NCAM2_L1CAM,6.311939674383241,6.311940171005547,NCAM2,L1CAM,1,1,False,4.966223059454933e-07,4.966223059454933e-07,7.867981832698155e-08
1.0,NEGR1_NEGR1,1.3123422514510694,1.3123421956408483,NEGR1,NEGR1,1,1,False,-5.581022111122991e-08,5.581022111122991e-08,4.252718454314795e-08
1.0,NFASC_CNTN1_CNTNAP1,0.0004217377713263,0.0048703230153475,NFASC,CNTN1_CNTNAP1,1,2,True,0.0044485852440212005,0.0044485852440212005,0.9134066118412869
1.0,NMB_NMBR,0.202210170928133,0.2022101624304081,NMB,NMBR,1,1,False,-8.497724912626126e-09,8.497724912626126e-09,4.202422100541263e-08
1.0,NMU_NMUR1,0.0024187867822672,0.002418786755773,NMU,NMUR1,1,1,False,-2.6494199629328863e-11,2.6494199629328863e-11,1.0953507693842726e-08
1.0,NPB_NPBWR1,0.0003374291221781,0.0003374290383715,NPB,NPBWR1,1,1,False,-8.380659995187514e-11,8.380659995187514e-11,2.4836801106823494e-07
1.0,NPFF_NPFFR2,0.0018749872721713,0.0018749873808587,NPFF,NPFFR2,1,1,False,1.086874000088417e-10,1.086874000088417e-10,5.796700346807957e-08
1.0,NPPC_NPR2,0.0096627238753257,0.0096627236017777,NPPC,NPR2,1,1,False,-2.7354800022361125e-10,2.7354800022361125e-10,2.8309615772228698e-08
1.0,NPW_NPBWR1,0.0018546524275073,0.0018546520011107,NPW,NPBWR1,1,1,False,-4.263966001030045e-10,4.263966001030045e-10,2.299064739996013e-07
1.0,NPY_GPR83,0.0206480550782686,0.0206480497547174,NPY,GPR83,1,1,False,-5.323551197089493e-09,5.323551197089493e-09,2.5782337256027356e-07
1.0,NPY_NPY1R,0.3517843362196855,0.3517843220390955,NPY,NPY1R,1,1,False,-1.4180590035550722e-08,1.4180590035550722e-08,4.031046461004192e-08
1.0,NPY_NPY2R,0.0800000867379629,0.0800000725085729,NPY,NPY2R,1,1,False,-1.4229389999620423e-08,1.4229389999620423e-08,1.778671821472922e-07
1.0,NRG1_ERBB2_ERBB3,0.0295432154815941,0.073254307904073,NRG1,ERBB2_ERBB3,1,2,True,0.043711092422478906,0.043711092422478906,0.5967033703972586
1.0,NRG1_ERBB2_ERBB4,0.2370259578872643,0.4534937078735885,NRG1,ERBB2_ERBB4,1,2,True,0.2164677499863242,0.2164677499863242,0.47733352465094103
1.0,NRG1_ERBB3,0.0295432154815941,0.0295432150453151,NRG1,ERBB3,1,1,False,-4.3627899903864176e-10,4.3627899903864176e-10,1.4767485255978674e-08
1.0,NRG1_ERBB4,0.901825878374135,0.9018259138479178,NRG1,ERBB4,1,1,False,3.54737828001106e-08,3.54737828001106e-08,3.9335510607308665e-08
1.0,NRG3_ERBB2_ERBB4,0.2522416101395145,0.469240224269663,NRG3,ERBB2_ERBB4,1,2,True,0.21699861413014848,0.21699861413014848,0.4624467445600821
1.0,NRG3_ERBB4,0.9071501538508716,0.9071501346089246,NRG3,ERBB4,1,1,False,-1.924194703573079e-08,1.924194703573079e-08,2.1211424540963054e-08
1.0,NRG4_ERBB2_ERBB4,0.008627731123359,0.0162726650729521,NRG4,ERBB2_ERBB4,1,2,True,0.007644933949593102,0.007644933949593102,0.469802206050456
1.0,NRG4_ERBB4,0.0320384448552584,0.0320384440904278,NRG4,ERBB4,1,1,False,-7.648305946905687e-10,7.648305946905687e-10,2.387227589060206e-08
1.0,NRTN_GFRA2_RET,6.743176551967606e-05,0.0004771052425517,NRTN,GFRA2_RET,1,2,True,0.00040967347703202395,0.00040967347703202395,0.8586647986531629
1.0,NRXN1_NLGN1,2.1265898527944618,2.1265899935141306,NRXN1,NLGN1,1,1,False,1.40719668806355e-07,1.40719668806355e-07,6.617150895825465e-08
1.0,NRXN1_NLGN2,1.7066082832831355,1.70660839341257,NRXN1,NLGN2,1,1,False,1.1012943446075951e-07,1.1012943446075951e-07,6.453116888786793e-08
1.0,NRXN1_NLGN3,2.558286396563848,2.5582864711173507,NRXN1,NLGN3,1,1,False,7.455350292673302e-08,7.455350292673302e-08,2.914196817613284e-08
1.0,NRXN2_NLGN1,4.327944707233586,4.327944747951346,NRXN2,NLGN1,1,1,False,4.0717759830499745e-08,4.0717759830499745e-08,9.408105279018107e-09
1.0,NRXN2_NLGN2,3.444905481488483,3.4449054746688272,NRXN2,NLGN2,1,1,False,-6.8196559510624866e-09,6.8196559510624866e-09,1.979635141721169e-09
1.0,NRXN2_NLGN3,5.138113964873681,5.138113810733282,NRXN2,NLGN3,1,1,False,-1.5414039911121336e-07,1.5414039911121336e-07,2.9999412267805323e-08
1.0,NRXN3_NLGN1,3.371582990656302,3.3715831892494874,NRXN3,NLGN1,1,1,False,1.9859318545201177e-07,1.9859318545201177e-07,5.890205707669889e-08
1.0,NRXN3_NLGN2,2.700047786375533,2.7000479578393057,NRXN3,NLGN2,1,1,False,1.7146377251364697e-07,1.7146377251364697e-07,6.350397296308013e-08
1.0,NRXN3_NLGN3,4.096342952875548,4.09634307502904,NRXN3,NLGN3,1,1,False,1.2215349176614154e-07,1.2215349176614154e-07,2.9820132134629753e-08
1.0,NTS_NTSR1,1.1747381344407306,1.1747381315422305,NTS,NTSR1,1,1,False,-2.8985001065962024e-09,2.8985001065962024e-09,2.4673584874948497e-09
1.0,PDGFA_PDGFRA,0.0090767816321656,0.0090767811399597,PDGFA,PDGFRA,1,1,False,-4.922058993023226e-10,4.922058993023226e-10,5.4226918664439524e-08
1.0,PDGFA_PDGFRB,0.0079768171086217,0.0079768169762972,PDGFA,PDGFRB,1,1,False,-1.323245003154172e-10,1.323245003154172e-10,1.6588634102240473e-08
1.0,PDGFC_PDGFRA,0.0146664244164544,0.0146664241329051,PDGFC,PDGFRA,1,1,False,-2.8354930035889847e-10,2.8354930035889847e-10,1.9333226170707418e-08
1.0,PDGFD_PDGFRB,0.0686334034244486,0.0686333944090555,PDGFD,PDGFRB,1,1,False,-9.015393098721347e-09,9.015393098721347e-09,1.3135576335866047e-07
1.0,PECAM1_PECAM1,0.0028760333142622,0.0028760331836582,PECAM1,PECAM1,1,1,False,-1.306040002709008e-10,1.306040002709008e-10,4.5411156965128946e-08
1.0,PLG_F2R,0.00853680171964,0.0085367998413218,PLG,F2R,1,1,False,-1.8783182006293364e-09,1.8783182006293364e-09,2.2002598424044757e-07
1.0,PLG_F2RL2,0.0008566971484577,0.0008566968720633,PLG,F2RL2,1,1,False,-2.763943999888052e-10,2.763943999888052e-10,3.226278977190413e-07
1.0,PROS1_AXL,0.391332668506709,0.3913326813326088,PROS1,AXL,1,1,False,1.2825899786683692e-08,1.2825899786683692e-08,3.277492629291154e-08
1.0,PROS1_TYRO3,0.5525777665737024,0.5525778460852286,PROS1,TYRO3,1,1,False,7.9511526251963e-08,7.9511526251963e-08,1.4389199063130606e-07
1.0,PRSS1_F2R,0.0232374962078324,0.0232374913570353,PRSS1,F2R,1,1,False,-4.850797100802717e-09,4.850797100802717e-09,2.0874869897419128e-07
1.0,PRSS1_F2RL2,0.0025944928231559,0.0025944922095986,PRSS1,F2RL2,1,1,False,-6.135573000186356e-10,6.135573000186356e-10,2.3648448534627827e-07
1.0,PSAP_GPR37L1,23.01297570431244,23.012975881576352,PSAP,GPR37L1,1,1,False,1.7726391376982065e-07,1.7726391376982065e-07,7.702781017197084e-09
1.0,PTHLH_PTH1R,0.0009780745923714,0.0009780745010372,PTHLH,PTH1R,1,1,False,-9.133419996872061e-11,9.133419996872061e-11,9.338163027757977e-08
1.0,PTPRC_MRC1,0.0020551977173498,0.0020551976936301,PTPRC,MRC1,1,1,False,-2.3719700249086317e-11,2.3719700249086317e-11,1.1541322787995857e-08
1.0,PTPRM_PTPRM,0.0497857137805667,0.0497857105641985,PTPRM,PTPRM,1,1,False,-3.216368199554509e-09,3.216368199554509e-09,6.460423995788893e-08
1.0,RELN_ITGA3_ITGB1,0.0946246803786325,0.2299358209155925,RELN,ITGA3_ITGB1,1,2,True,0.13531114053696,0.13531114053696,0.5884735140360386
1.0,SEMA3A_NRP1_PLXNA1,0.6064895082141438,0.7820898361924417,SEMA3A,NRP1_PLXNA1,1,2,True,0.17560032797829783,0.17560032797829783,0.22452705539966827
1.0,SEMA3A_NRP1_PLXNA3,0.5432245582557087,0.7527393284393291,SEMA3A,NRP1_PLXNA3,1,2,True,0.2095147701836204,0.2095147701836204,0.27833642041530093
1.0,SEMA3A_NRP1_PLXNA4,0.6770217992049077,0.8059327256643519,SEMA3A,NRP1_PLXNA4,1,2,True,0.12891092645944424,0.12891092645944424,0.15995246545321698
1.0,SEMA3C_NRP1_NRP2_PLXND1,0.0124113574957181,0.0893188574059465,SEMA3C,NRP1_NRP2_PLXND1,1,3,True,0.0769074999102284,0.0769074999102284,0.8610443767847415
1.0,SEMA3C_NRP1_PLXNA1,0.2474571775582767,0.3066826742281552,SEMA3C,NRP1_PLXNA1,1,2,True,0.0592254966698785,0.0592254966698785,0.19311653916848906
1.0,SEMA3C_NRP1_PLXNA3,0.2156054090998954,0.2899887646199012,SEMA3C,NRP1_PLXNA3,1,2,True,0.0743833555200058,0.0743833555200058,0.2565042670446311
1.0,SEMA3C_NRP1_PLXNA4,0.2868049317366482,0.3269560695982392,SEMA3C,NRP1_PLXNA4,1,2,True,0.04015113786159097,0.04015113786159097,0.12280285211076931
1.0,SEMA3C_NRP2_PLXNA1,0.3251771037930968,0.3382594069698479,SEMA3C,NRP2_PLXNA1,1,2,True,0.013082303176751131,0.013082303176751131,0.0386753565671487
1.0,SEMA3C_NRP2_PLXNA3,0.3002344417206815,0.3240581042331016,SEMA3C,NRP2_PLXNA3,1,2,True,0.02382366251242013,0.02382366251242013,0.07351663853246294
1.0,SEMA3C_NRP2_PLXNA4,0.3103342742465692,0.3505231635735441,SEMA3C,NRP2_PLXNA4,1,2,True,0.04018888932697495,0.04018888932697495,0.11465401863104782
1.0,SEMA3C_PLXND1,0.0124113574957181,0.0124113563565654,SEMA3C,PLXND1,1,1,False,-1.139152699253243e-09,1.139152699253243e-09,9.178308655167246e-08
1.0,SEMA3E_PLXND1,0.0028497344889393,0.0028497339803493,SEMA3E,PLXND1,1,1,False,-5.085899999757171e-10,5.085899999757171e-10,1.7846925808341513e-07
1.0,SEMA3F_NRP2_PLXNA1,0.324484157435341,0.3398695615060528,SEMA3F,NRP2_PLXNA1,1,2,True,0.015385404070711817,0.015385404070711817,0.04526855539088285
1.0,SEMA3F_NRP2_PLXNA3,0.304932359558574,0.3277291278825303,SEMA3F,NRP2_PLXNA3,1,2,True,0.022796768323956274,0.022796768323956274,0.06955978698398588
1.0,SEMA3F_NRP2_PLXNA4,0.3086784510727202,0.3499019904760018,SEMA3F,NRP2_PLXNA4,1,2,True,0.041223539403281606,0.041223539403281606,0.11781453242721392
1.0,SEMA3G_NRP2_PLXNA1,0.0950387326297407,0.0993596492854133,SEMA3G,NRP2_PLXNA1,1,2,True,0.004320916655672594,0.004320916655672594,0.04348763997003092
1.0,SEMA3G_NRP2_PLXNA3,0.0898573845210985,0.0964011925325887,SEMA3G,NRP2_PLXNA3,1,2,True,0.00654380801149021,0.00654380801149021,0.06788098611205516
1.0,SEMA3G_NRP2_PLXNA4,0.0906580620807848,0.1024689968736696,SEMA3G,NRP2_PLXNA4,1,2,True,0.011810934792884809,0.011810934792884809,0.11526349582055626
1.0,SEMA4A_NRP1_PLXNA1,0.6549095359548579,0.8023035475087853,SEMA4A,NRP1_PLXNA1,1,2,True,0.1473940115539274,0.1473940115539274,0.18371352340594432
1.0,SEMA4A_NRP1_PLXNA3,0.5630321796709831,0.754930057210375,SEMA4A,NRP1_PLXNA3,1,2,True,0.19189787753939191,0.19189787753939191,0.2541929225185375
1.0,SEMA4A_NRP1_PLXNA4,0.752988064559429,0.8578816085667081,SEMA4A,NRP1_PLXNA4,1,2,True,0.10489354400727913,0.10489354400727913,0.12227041932106264
1.0,SEMA4A_PLXNB2,0.8411435554846084,0.841143631379013,SEMA4A,PLXNB2,1,1,False,7.589440464972341e-08,7.589440464972341e-08,9.022763986847088e-08
1.0,SEMA4A_PLXNB3,0.4637271089233996,0.4637270757847144,SEMA4A,PLXNB3,1,1,False,-3.313868518484142e-08,3.313868518484142e-08,7.146160866414952e-08
1.0,SEMA4C_PLXNB2,0.5710851167853263,0.5710850970396447,SEMA4C,PLXNB2,1,1,False,-1.9745681534288906e-08,1.9745681534288906e-08,3.457572427283446e-08
1.0,SEMA4G_PLXNB2,0.0578066489886521,0.0578066426244446,SEMA4G,PLXNB2,1,1,False,-6.3642075012748656e-09,6.3642075012748656e-09,1.100947315338104e-07
1.0,SEMA5A_PLXNA1,1.4330746566160235,1.4330745847237742,SEMA5A,PLXNA1,1,1,False,-7.189224926484883e-08,7.189224926484883e-08,5.016643685166471e-08
1.0,SEMA5A_PLXNA3,1.3155589641283003,1.3155588210175038,SEMA5A,PLXNA3,1,1,False,-1.431107965466083e-07,1.431107965466083e-07,1.0878326281744022e-07
1.0,SEMA5A_PLXNB3,0.7303272205258122,0.7303270912918274,SEMA5A,PLXNB3,1,1,False,-1.292339848468771e-07,1.292339848468771e-07,1.769535370102086e-07
1.0,SEMA5B_PLXNA1,5.778943647747751,5.778943761934372,SEMA5B,PLXNA1,1,1,False,1.1418662104745181e-07,1.1418662104745181e-07,1.9759081546976394e-08
1.0,SEMA5B_PLXNA3,5.328585130748187,5.328584932302895,SEMA5B,PLXNA3,1,1,False,-1.9844529219881224e-07,1.9844529219881224e-07,3.7241648079093095e-08
1.0,SEMA6A_PLXNA4,3.785823598376161,3.785823244408716,SEMA6A,PLXNA4,1,1,False,-3.539674446884078e-07,3.539674446884078e-07,9.34981346833576e-08
1.0,SEMA6D_PLXNA1,3.018914912200965,3.018914799370359,SEMA6D,PLXNA1,1,1,False,-1.128306061914941e-07,1.128306061914941e-07,3.7374556578421084e-08
1.0,SEMA6D_PLXNA1_KDR,0.0462793941034184,0.2692222968722589,SEMA6D,PLXNA1_KDR,1,2,True,0.2229429027688405,0.2229429027688405,0.8280996981264998
1.0,SST_SSTR2,0.1662025943524617,0.1662025912550497,SST,SSTR2,1,1,False,-3.097412021313417e-09,3.097412021313417e-09,1.8636363850884375e-08
1.0,SST_SSTR4,0.0202757198748027,0.0202757201817909,SST,SSTR4,1,1,False,3.069881987505241e-10,3.069881987505241e-10,1.5140680380183105e-08
1.0,SST_SSTR5,0.7055081165552171,0.7055080889842531,SST,SSTR5,1,1,False,-2.757096395633596e-08,2.757096395633596e-08,3.907958435823055e-08
1.0,TAC1_TACR1,0.0457807125562291,0.0457807126439186,TAC1,TACR1,1,1,False,8.768950149340426e-11,8.768950149340426e-11,1.915424562641725e-09
1.0,TGFB2_ACVR1B_TGFBR2,0.0203075728569053,0.0335207101588007,TGFB2,ACVR1B_TGFBR2,1,2,True,0.013213137301895397,0.013213137301895397,0.39417832257430124
1.0,TGFB2_ACVR1C_TGFBR2,0.0039592214187149,0.0080422695634761,TGFB2,ACVR1C_TGFBR2,1,2,True,0.0040830481447612,0.0040830481447612,0.5076984938809225
1.0,TGFB2_TGFBR1_TGFBR2,0.020306378323057,0.0455937656035942,TGFB2,TGFBR1_TGFBR2,1,2,True,0.025287387280537196,0.025287387280537196,0.5546237944106939
1.0,TGFB3_ACVR1B_TGFBR2,0.0083087683827412,0.0133662363665765,TGFB3,ACVR1B_TGFBR2,1,2,True,0.005057467983835301,0.005057467983835301,0.37837636901902794
1.0,TGFB3_ACVR1C_TGFBR2,0.0017183944750029,0.0036800302351055,TGFB3,ACVR1C_TGFBR2,1,2,True,0.0019616357601026004,0.0019616357601026004,0.5330488161183174
1.0,TGFB3_TGFBR1_TGFBR2,0.0083084818729911,0.0174369306210872,TGFB3,TGFBR1_TGFBR2,1,2,True,0.009128448748096098,0.009128448748096098,0.5235123627237863
1.0,THBS1_ITGA3_ITGB1,0.7710385650323447,1.854035987190428,THBS1,ITGA3_ITGB1,1,2,True,1.0829974221580834,1.0829974221580834,0.5841296661124888
1.0,THBS1_SDC4,3.9593569371424513,3.9593568838465054,THBS1,SDC4,1,1,False,-5.3295945878772955e-08,5.3295945878772955e-08,1.3460758078870688e-08
1.0,THBS2_ITGA3_ITGB1,0.0077289484216593,0.0181443949276585,THBS2,ITGA3_ITGB1,1,2,True,0.0104154465059992,0.0104154465059992,0.5740310739225788
1.0,THBS2_SDC4,0.0377432796207167,0.0377432761897496,THBS2,SDC4,1,1,False,-3.4309671007037856e-09,3.4309671007037856e-09,9.090272851701476e-08
1.0,THBS3_ITGA3_ITGB1,0.1073895677747368,0.263611422173475,THBS3,ITGA3_ITGB1,1,2,True,0.1562218543987382,0.1562218543987382,0.5926217199189994
1.0,THBS3_SDC4,0.5919034262706537,0.5919033960201945,THBS3,SDC4,1,1,False,-3.0250459248648554e-08,3.0250459248648554e-08,5.110708589616481e-08
1.0,THY1_ITGAM_ITGB2,0.001061904198871,0.0034279458085604,THY1,ITGAM_ITGB2,1,2,True,0.0023660416096894,0.0023660416096894,0.6902214159222787
1.0,TNC_ITGA8_ITGB1,0.06004946092986,0.3428978613101305,TNC,ITGA8_ITGB1,1,2,True,0.2828484003802705,0.2828484003802705,0.8248765369943533
1.0,TNC_ITGA9_ITGB1,0.2276064780442107,0.9888844722409024,TNC,ITGA9_ITGB1,1,2,True,0.7612779941966916,0.7612779941966916,0.7698351178187339
1.0,TNC_SDC4,3.8588789383186985,3.858878983915357,TNC,SDC4,1,1,False,4.559665844894312e-08,4.559665844894312e-08,1.181603741371519e-08
1.0,TNN_ITGA8_ITGB1,0.0004708394415312,0.0026269005080507,TNN,ITGA8_ITGB1,1,2,True,0.0021560610665195003,0.0021560610665195003,0.8207623623018034
1.0,TNN_ITGA9_ITGB1,0.0010897430803945,0.0043920502889985,TNN,ITGA9_ITGB1,1,2,True,0.0033023072086040004,0.0033023072086040004,0.7518828317780967
1.0,TNN_SDC4,0.0171354943890884,0.0171354922095613,TNN,SDC4,1,1,False,-2.179527100465428e-09,2.179527100465428e-09,1.2719370979184089e-07
1.0,TNR_ITGA8_ITGB1,0.0081739974907698,0.0469662633174177,TNR,ITGA8_ITGB1,1,2,True,0.038792265826647895,0.038792265826647895,0.82596023372082
1.0,TNR_ITGA9_ITGB1,0.0254334706252218,0.1062715886855497,TNR,ITGA9_ITGB1,1,2,True,0.0808381180603279,0.0808381180603279,0.7606747867440122
1.0,TNR_SDC4,0.4144250066514115,0.4144250025202038,TNR,SDC4,1,1,False,-4.131207709257012e-09,4.131207709257012e-09,9.96852902926277e-09
1.0,UCN_CRHR2,0.0234781806012488,0.0234781787964298,UCN,CRHR2,1,1,False,-1.8048189991126673e-09,1.8048189991126673e-09,7.687218314594059e-08
1.0,UTS2B_SSTR5,0.0069932459065755,0.0069932456349129,UTS2B,SSTR5,1,1,False,-2.7166259953387284e-10,2.7166259953387284e-10,3.8846424559221944e-08
1.0,VEGFA_FLT1,0.0241030345907369,0.0241030380286101,VEGFA,FLT1,1,1,False,3.437873201395103e-09,3.437873201395103e-09,1.4263236017444676e-07
1.0,VEGFA_FLT1_KDR,0.0065283570481804,0.0101124059682511,VEGFA,FLT1_KDR,1,2,True,0.0035840489200707005,0.0035840489200707005,0.3544209885682178
1.0,VEGFA_KDR,0.0083808966404978,0.0083808976288042,VEGFA,KDR,1,1,False,9.883064002597086e-10,9.883064002597086e-10,1.1792369314511264e-07
1.0,VEGFC_FLT4,0.001437276617578,0.0014372764086193,VEGFC,FLT4,1,1,False,-2.0895869995256333e-10,2.0895869995256333e-10,1.453851662212986e-07
1.0,VEGFC_FLT4_KDR,0.0011101673329717,0.0015725996121775,VEGFC,FLT4_KDR,1,2,True,0.0004624322792058,0.0004624322792058,0.29405595399167955
1.0,VEGFC_KDR,0.0022171687741533,0.0022171689134008,VEGFC,KDR,1,1,False,1.3924750024915666e-10,1.3924750024915666e-10,6.280419115004285e-08
1.0,VEGFD_FLT4,0.0060165710017856,0.006016569935002,VEGFD,FLT4,1,1,False,-1.0667836006922338e-09,1.0667836006922338e-09,1.7730757276455864e-07
1.0,VEGFD_FLT4_KDR,0.0046578582135823,0.0066538282180373,VEGFD,FLT4_KDR,1,2,True,0.0019959700044549994,0.0019959700044549994,0.29997317920596345
1.0,VEGFD_KDR,0.0119130001532049,0.011913000271929,VEGFD,KDR,1,1,False,1.1872409999558187e-10,1.1872409999558187e-10,9.965927749983808e-09
1.0,VIP_VIPR1,0.0114662041845602,0.0114662044934441,VIP,VIPR1,1,1,False,3.088839010956246e-10,3.088839010956246e-10,2.6938635297515545e-08
1.0,VIP_VIPR2,0.0021721553546722,0.0021721555507549,VIP,VIPR2,1,1,False,1.960826999901355e-10,1.960826999901355e-10,9.027102130047267e-08
1.0,VSIR_IGSF11,0.9541824563382856,0.9541825671814234,VSIR,IGSF11,1,1,False,1.1084313777942612e-07,1.1084313777942612e-07,1.161655448252923e-07
1.0,WNT10B_FZD10_LRP5,0.0209721635951378,0.0446035166258911,WNT10B,FZD10_LRP5,1,2,True,0.0236313530307533,0.0236313530307533,0.5298091903595771
1.0,WNT10B_FZD10_LRP6,0.0209725282647885,0.0399623618818705,WNT10B,FZD10_LRP6,1,2,True,0.018989833617082,0.018989833617082,0.47519297465991395
1.0,WNT10B_FZD2_LRP5,0.1044900235862825,0.2064174742629539,WNT10B,FZD2_LRP5,1,2,True,0.1019274506766714,0.1019274506766714,0.49379274230837006
1.0,WNT10B_FZD2_LRP6,0.0791321444188305,0.1764185414839524,WNT10B,FZD2_LRP6,1,2,True,0.09728639706512189,0.09728639706512189,0.5514522240507888
1.0,WNT10B_FZD3_LRP5,0.0918882817385477,0.1027603076051884,WNT10B,FZD3_LRP5,1,2,True,0.010872025866640697,0.010872025866640697,0.10579985716286203
1.0,WNT10B_FZD3_LRP6,0.0791970339173724,0.0908031887046785,WNT10B,FZD3_LRP6,1,2,True,0.011606154787306103,0.011606154787306103,0.12781659931627612
1.0,WNT10B_FZD4_LRP5,0.001067457813259,0.0063998877031634,WNT10B,FZD4_LRP5,1,2,True,0.0053324298899044,0.0053324298899044,0.8332067900611183
1.0,WNT10B_FZD4_LRP6,0.001067457813259,0.0067596356194354,WNT10B,FZD4_LRP6,1,2,True,0.0056921778061764,0.0056921778061764,0.8420835273738971
1.0,WNT10B_FZD5_LRP5,0.0331571383171675,0.0538994687985551,WNT10B,FZD5_LRP5,1,2,True,0.0207423304813876,0.0207423304813876,0.3848336717178119
1.0,WNT10B_FZD5_LRP6,0.0306937097793887,0.0423346893251133,WNT10B,FZD5_LRP6,1,2,True,0.0116409795457246,0.0116409795457246,0.2749749609906567
1.0,WNT10B_FZD6_LRP5,0.0355110310307108,0.0606434019062195,WNT10B,FZD6_LRP5,1,2,True,0.0251323708755087,0.0251323708755087,0.4144287768416099
1.0,WNT10B_FZD6_LRP6,0.0355114260285586,0.052887017293513,WNT10B,FZD6_LRP6,1,2,True,0.0173755912649544,0.0173755912649544,0.3285417131490539
1.0,WNT10B_FZD7_LRP5,0.016076565844871,0.0375388974745055,WNT10B,FZD7_LRP5,1,2,True,0.0214623316296345,0.0214623316296345,0.5717358013567292
1.0,WNT10B_FZD7_LRP6,0.016077373944162,0.0348535597051427,WNT10B,FZD7_LRP6,1,2,True,0.0187761857609807,0.0187761857609807,0.5387164444557507
1.0,WNT10B_FZD8_LRP5,0.0871853702092628,0.0950797614496362,WNT10B,FZD8_LRP5,1,2,True,0.007894391240373402,0.007894391240373402,0.08302914437322254
1.0,WNT10B_FZD8_LRP6,0.0575482529244549,0.0788514937175972,WNT10B,FZD8_LRP6,1,2,True,0.021303240793142296,0.021303240793142296,0.2701691469465223
1.0,WNT11_FZD10,0.0776096197699087,0.0776096232632736,WNT11,FZD10,1,1,False,3.493364902906748e-09,3.493364902906748e-09,4.50120069653769e-08
1.0,WNT11_FZD2,1.102070469352066,1.1020705059255578,WNT11,FZD2,1,1,False,3.657349179064795e-08,3.657349179064795e-08,3.3186163311695054e-08
1.0,WNT11_FZD3,0.3114729884571044,0.3114730000559049,WNT11,FZD3,1,1,False,1.1598800475631776e-08,1.1598800475631776e-08,3.723854226064525e-08
1.0,WNT11_FZD4,0.0039316908769241,0.0039316907822689,WNT11,FZD4,1,1,False,-9.465520034446229e-11,9.465520034446229e-11,2.4074934502102663e-08
1.0,WNT11_FZD5,0.0525682930283069,0.0525682935349542,WNT11,FZD5,1,1,False,5.066473005022054e-10,5.066473005022054e-10,9.637887525592223e-09
1.0,WNT11_FZD6,0.100920174077248,0.1009201695879675,WNT11,FZD6,1,1,False,-4.489280502895099e-09,4.489280502895099e-09,4.4483479581187e-08
1.0,WNT11_FZD7,0.0606713230280705,0.0606713304452976,WNT11,FZD7,1,1,False,7.4172271033456916e-09,7.4172271033456916e-09,1.2225258699466302e-07
1.0,WNT11_FZD8,0.2011283693894368,0.2011283855143199,WNT11,FZD8,1,1,False,1.6124883123191935e-08,1.6124883123191935e-08,8.017209048816174e-08
1.0,WNT2B_FZD10_LRP5,0.0870360845407043,0.1503797353711147,WNT2B,FZD10_LRP5,1,2,True,0.06334365083041041,0.06334365083041041,0.42122464622036837
1.0,WNT2B_FZD10_LRP6,0.0870372176316787,0.1565562315153368,WNT2B,FZD10_LRP6,1,2,True,0.0695190138836581,0.0695190138836581,0.44405140064225274
1.0,WNT2B_FZD2_LRP5,0.2821212727933722,0.5613674179502566,WNT2B,FZD2_LRP5,1,2,True,0.2792461451568844,0.2792461451568844,0.4974391748215582
1.0,WNT2B_FZD2_LRP6,0.2892875404267133,0.5649730493131122,WNT2B,FZD2_LRP6,1,2,True,0.2756855088863989,0.2756855088863989,0.4879622297410013
1.0,WNT2B_FZD3_LRP5,0.2713546629682634,0.303948050179382,WNT2B,FZD3_LRP5,1,2,True,0.032593387211118596,0.032593387211118596,0.10723341436762912
1.0,WNT2B_FZD3_LRP6,0.2904812476607851,0.310476982678375,WNT2B,FZD3_LRP6,1,2,True,0.01999573501758989,0.01999573501758989,0.06440327667801253
1.0,WNT2B_FZD4_LRP5,0.0036429444242575,0.0278135474445665,WNT2B,FZD4_LRP5,1,2,True,0.024170603020309,0.024170603020309,0.8690226612941757
1.0,WNT2B_FZD4_LRP6,0.0036429444242575,0.0294848397172656,WNT2B,FZD4_LRP6,1,2,True,0.0258418952930081,0.0258418952930081,0.8764468635681855
1.0,WNT2B_FZD5_LRP5,0.045897379943354,0.1039877125151317,WNT2B,FZD5_LRP5,1,2,True,0.058090332571777696,0.058090332571777696,0.5586268912620299
1.0,WNT2B_FZD5_LRP6,0.0438935276337238,0.0995390948500697,WNT2B,FZD5_LRP6,1,2,True,0.055645567216345906,0.055645567216345906,0.5590322807351401
1.0,WNT2B_FZD6_LRP5,0.104316044711751,0.1711303224079556,WNT2B,FZD6_LRP5,1,2,True,0.06681427769620459,0.06681427769620459,0.39042921649458945
1.0,WNT2B_FZD6_LRP6,0.1043175614496224,0.1735781274771412,WNT2B,FZD6_LRP6,1,2,True,0.06926056602751879,0.06926056602751879,0.39901666779208594
1.0,WNT2B_FZD7_LRP5,0.0677378136021113,0.1342153307674258,WNT2B,FZD7_LRP5,1,2,True,0.06647751716531451,0.06647751716531451,0.495304946053515
1.0,WNT2B_FZD7_LRP6,0.0677386871214955,0.13871583787286,WNT2B,FZD7_LRP6,1,2,True,0.07097715075136449,0.07097715075136449,0.5116730132605233
1.0,WNT2B_FZD8_LRP5,0.2011724280238261,0.2372916501885997,WNT2B,FZD8_LRP5,1,2,True,0.03611922216477362,0.03611922216477362,0.1522144674541477
1.0,WNT2B_FZD8_LRP6,0.1770643993105219,0.2344874771067144,WNT2B,FZD8_LRP6,1,2,True,0.05742307779619249,0.05742307779619249,0.24488760979785482
1.0,WNT3A_FZD10_LRP5,0.0265464440808223,0.0506939340659013,WNT3A,FZD10_LRP5,1,2,True,0.024147489985079002,0.024147489985079002,0.47633884467691245
1.0,WNT3A_FZD10_LRP6,0.0265469104029384,0.0493884505488505,WNT3A,FZD10_LRP6,1,2,True,0.0228415401459121,0.0228415401459121,0.46248748223674996
1.0,WNT3A_FZD2_LRP5,0.1076826263949197,0.2129813262647777,WNT3A,FZD2_LRP5,1,2,True,0.105298699869858,0.105298699869858,0.4944034376936455
1.0,WNT3A_FZD2_LRP6,0.0953771918359492,0.197885776943917,WNT3A,FZD2_LRP6,1,2,True,0.10250858510796781,0.10250858510796781,0.5180189637227938
1.0,WNT3A_FZD3_LRP5,0.0992831320085244,0.1108366568551749,WNT3A,FZD3_LRP5,1,2,True,0.011553524846650495,0.011553524846650495,0.10423920365756745
1.0,WNT3A_FZD3_LRP6,0.0957636045038446,0.1057142779722353,WNT3A,FZD3_LRP6,1,2,True,0.009950673468390708,0.009950673468390708,0.09412799916208238
1.0,WNT3A_FZD4_LRP5,0.0013468444607038,0.0089500178908615,WNT3A,FZD4_LRP5,1,2,True,0.007603173430157701,0.007603173430157701,0.8495148862127966
1.0,WNT3A_FZD4_LRP6,0.0013468444607038,0.009417757912055,WNT3A,FZD4_LRP6,1,2,True,0.0080709134513512,0.0080709134513512,0.8569888424314029
1.0,WNT3A_FZD5_LRP5,0.0252427423958446,0.0468198289873169,WNT3A,FZD5_LRP5,1,2,True,0.021577086591472304,0.021577086591472304,0.4608535968236312
1.0,WNT3A_FZD5_LRP6,0.0236304629130337,0.0400979276500577,WNT3A,FZD5_LRP6,1,2,True,0.016467464737024002,0.016467464737024002,0.4106811923234219
1.0,WNT3A_FZD6_LRP5,0.0382626361238726,0.0639355944520905,WNT3A,FZD6_LRP5,1,2,True,0.0256729583282179,0.0256729583282179,0.40154406239947726
1.0,WNT3A_FZD6_LRP6,0.0382631345604106,0.0603061234307793,WNT3A,FZD6_LRP6,1,2,True,0.0220429888703687,0.0220429888703687,0.3655182528134167
1.0,WNT3A_FZD7_LRP5,0.0214993879992433,0.0453030995324341,WNT3A,FZD7_LRP5,1,2,True,0.023803711533190802,0.023803711533190802,0.5254322944536913
1.0,WNT3A_FZD7_LRP6,0.0215005248179014,0.044568732995501,WNT3A,FZD7_LRP6,1,2,True,0.0230682081775996,0.0230682081775996,0.5175872551712032
1.0,WNT3A_FZD8_LRP5,0.0829551941614373,0.0940384464197099,WNT3A,FZD8_LRP5,1,2,True,0.0110832522582726,0.0110832522582726,0.11785873416927925
1.0,WNT3A_FZD8_LRP6,0.0635581159043834,0.0849945695417532,WNT3A,FZD8_LRP6,1,2,True,0.021436453637369804,0.021436453637369804,0.25220968531218035
1.0,WNT4_FZD10_LRP5,0.0185755988821202,0.0431563433545344,WNT4,FZD10_LRP5,1,2,True,0.024580744472414203,0.024580744472414203,0.5695743096323179
1.0,WNT4_FZD10_LRP6,0.0185761563448225,0.0362253725872561,WNT4,FZD10_LRP6,1,2,True,0.017649216242433596,0.017649216242433596,0.4872059272798895
1.0,WNT4_FZD2_LRP5,0.1085806188849928,0.2144015118704478,WNT4,FZD2_LRP5,1,2,True,0.10582089298545498,0.10582089298545498,0.49356411744613676
1.0,WNT4_FZD2_LRP6,0.074066956491956,0.1739597845238614,WNT4,FZD2_LRP6,1,2,True,0.09989282803190541,0.09989282803190541,0.5742294307004243
1.0,WNT4_FZD3_LRP5,0.0930575474731489,0.1038637916774187,WNT4,FZD3_LRP5,1,2,True,0.010806244204269802,0.010806244204269802,0.1040424582017182
1.0,WNT4_FZD3_LRP6,0.0738162265069424,0.0868454983146858,WNT4,FZD3_LRP6,1,2,True,0.013029271807743395,0.013029271807743395,0.15002817717196645
1.0,WNT4_FZD4_LRP5,0.0010288881863224,0.0055651007992095,WNT4,FZD4_LRP5,1,2,True,0.0045362126128871,0.0045362126128871,0.8151177807114385
1.0,WNT4_FZD4_LRP6,0.0010288881863224,0.005773338284862,WNT4,FZD4_LRP6,1,2,True,0.0047444500985396,0.0047444500985396,0.8217862637600504
1.0,WNT4_FZD5_LRP5,0.0389446265330534,0.0602709781598542,WNT4,FZD5_LRP5,1,2,True,0.0213263516268008,0.0213263516268008,0.3538411400962799
1.0,WNT4_FZD5_LRP6,0.0359031977865733,0.0453513837928489,WNT4,FZD5_LRP6,1,2,True,0.009448186006275602,0.009448186006275602,0.20833291547248028
1.0,WNT4_FZD6_LRP5,0.0359776269642276,0.062217739082596,WNT4,FZD6_LRP5,1,2,True,0.0262401121183684,0.0262401121183684,0.4217464746434105
1.0,WNT4_FZD6_LRP6,0.0359778742917008,0.0514402293570352,WNT4,FZD6_LRP6,1,2,True,0.015462355065334395,0.015462355065334395,0.30058876600284234
1.0,WNT4_FZD7_LRP5,0.0141302434817173,0.0355706625699602,WNT4,FZD7_LRP5,1,2,True,0.0214404190882429,0.0214404190882429,0.6027556851400784
1.0,WNT4_FZD7_LRP6,0.0141307649634688,0.031297903789037,WNT4,FZD7_LRP6,1,2,True,0.017167138825568196,0.017167138825568196,0.5485076234268919
1.0,WNT4_FZD8_LRP5,0.0943078536096249,0.1009477712178013,WNT4,FZD8_LRP5,1,2,True,0.006639917608176393,0.006639917608176393,0.06577577224414737
1.0,WNT4_FZD8_LRP6,0.0577169076615474,0.0796333653339291,WNT4,FZD8_LRP6,1,2,True,0.021916457672381706,0.021916457672381706,0.275217022167514
1.0,WNT7A_FZD10_LRP5,0.1536527607653313,0.3343226375809233,WNT7A,FZD10_LRP5,1,2,True,0.180669876815592,0.180669876815592,0.5404057533252159
1.0,WNT7A_FZD10_LRP6,0.1536541286180582,0.295470361499623,WNT7A,FZD10_LRP6,1,2,True,0.14181623288156484,0.14181623288156484,0.4799677103374911
1.0,WNT7A_FZD2_LRP5,0.8002403419792463,1.594879973911179,WNT7A,FZD2_LRP5,1,2,True,0.7946396319319327,0.7946396319319327,0.49824415939163785
1.0,WNT7A_FZD2_LRP6,0.5983411621192934,1.3562708386284337,WNT7A,FZD2_LRP6,1,2,True,0.7579296765091402,0.7579296765091402,0.5588335713799004
1.0,WNT7A_FZD3_LRP5,0.7007357620724216,0.7839311666060281,WNT7A,FZD3_LRP5,1,2,True,0.08319540453360652,0.08319540453360652,0.10612590502530325
1.0,WNT7A_FZD3_LRP6,0.5968563122666501,0.6856941971111832,WNT7A,FZD3_LRP6,1,2,True,0.08883788484453303,0.08883788484453303,0.12955904427776316
1.0,WNT7A_FZD4_LRP5,0.0099194404970861,0.0512921466280019,WNT7A,FZD4_LRP5,1,2,True,0.0413727061309158,0.0413727061309158,0.8066089811169888
1.0,WNT7A_FZD4_LRP6,0.0099194404970861,0.0541269132649973,WNT7A,FZD4_LRP6,1,2,True,0.044207472767911205,0.044207472767911205,0.8167373696607824
1.0,WNT7A_FZD5_LRP5,0.2593014734865801,0.4179335503234724,WNT7A,FZD5_LRP5,1,2,True,0.1586320768368923,0.1586320768368923,0.3795629154781045
1.0,WNT7A_FZD5_LRP6,0.2398395462826968,0.3255049094608306,WNT7A,FZD5_LRP6,1,2,True,0.08566536317813381,0.08566536317813381,0.26317686980522265
1.0,WNT7A_FZD6_LRP5,0.275342093237456,0.4665553045643307,WNT7A,FZD6_LRP5,1,2,True,0.1912132113268747,0.1912132113268747,0.4098403971752707
1.0,WNT7A_FZD6_LRP6,0.2753435248544471,0.4037468234379539,WNT7A,FZD6_LRP6,1,2,True,0.1284032985835068,0.1284032985835068,0.3180292478591829
1.0,WNT7A_FZD7_LRP5,0.1178928749264301,0.2812288405606033,WNT7A,FZD7_LRP5,1,2,True,0.16333596563417324,0.16333596563417324,0.5807937952187916
1.0,WNT7A_FZD7_LRP6,0.1178931325114247,0.258242601984004,WNT7A,FZD7_LRP6,1,2,True,0.1403494694725793,0.1403494694725793,0.543479148654461
1.0,WNT7A_FZD8_LRP5,0.6687662436790097,0.7284596543747722,WNT7A,FZD8_LRP5,1,2,True,0.059693410695762505,0.059693410695762505,0.08194470392048907
1.0,WNT7A_FZD8_LRP6,0.4346228901032026,0.5987981619142853,WNT7A,FZD8_LRP6,1,2,True,0.16417527181108266,0.16417527181108266,0.27417464223042065
1.0,WNT7B_FZD10_LRP5,0.853708804628241,1.8193005265182387,WNT7B,FZD10_LRP5,1,2,True,0.9655917218899978,0.9655917218899978,0.5307488827796575
1.0,WNT7B_FZD10_LRP6,0.8537170189080543,1.6269871974408758,WNT7B,FZD10_LRP6,1,2,True,0.7732701785328215,0.7732701785328215,0.47527735912680524
1.0,WNT7B_FZD2_LRP5,4.281295501271828,8.460248371896874,WNT7B,FZD2_LRP5,1,2,True,4.1789528706250465,4.1789528706250465,0.49395155873988633
1.0,WNT7B_FZD2_LRP6,3.2439231348082798,7.231746282708616,WNT7B,FZD2_LRP6,1,2,True,3.987823147900336,3.987823147900336,0.5514329446865932
1.0,WNT7B_FZD3_LRP5,3.773568129467177,4.209173453356743,WNT7B,FZD3_LRP5,1,2,True,0.4356053238895661,0.4356053238895661,0.1034895161049204
1.0,WNT7B_FZD3_LRP6,3.2383423699741587,3.7054507218888766,WNT7B,FZD3_LRP6,1,2,True,0.4671083519147179,0.4671083519147179,0.12605979325414063
1.0,WNT7B_FZD4_LRP5,0.0449073507523181,0.2697059075006802,WNT7B,FZD4_LRP5,1,2,True,0.22479855674836208,0.22479855674836208,0.8334951163344286
1.0,WNT7B_FZD4_LRP6,0.0449073507523181,0.2805133162787395,WNT7B,FZD4_LRP6,1,2,True,0.23560596552642138,0.23560596552642138,0.8399100928681235
1.0,WNT7B_FZD5_LRP5,1.3351293069330945,2.1823311356001773,WNT7B,FZD5_LRP5,1,2,True,0.8472018286670828,0.8472018286670828,0.3882095685878066
1.0,WNT7B_FZD5_LRP6,1.2362069928253356,1.7132292201116606,WNT7B,FZD5_LRP6,1,2,True,0.47702222728632493,0.47702222728632493,0.2784345618709648
1.0,WNT7B_FZD6_LRP5,1.454783616050137,2.484862199576328,WNT7B,FZD6_LRP5,1,2,True,1.030078583526191,1.030078583526191,0.4145415322032025
1.0,WNT7B_FZD6_LRP6,1.4547913534952297,2.1609938115688045,WNT7B,FZD6_LRP6,1,2,True,0.7062024580735748,0.7062024580735748,0.32679522462903166
1.0,WNT7B_FZD7_LRP5,0.669073874830071,1.5527538352535566,WNT7B,FZD7_LRP5,1,2,True,0.8836799604234856,0.8836799604234856,0.5691049929232249
1.0,WNT7B_FZD7_LRP6,0.6690807320883343,1.433226307373966,WNT7B,FZD7_LRP6,1,2,True,0.7641455752856317,0.7641455752856317,0.5331646309826256
1.0,WNT7B_FZD8_LRP5,3.564094693318201,3.892469065089627,WNT7B,FZD8_LRP5,1,2,True,0.32837437177142625,0.32837437177142625,0.0843614595981035
1.0,WNT7B_FZD8_LRP6,2.3739760516223,3.230111198575691,WNT7B,FZD8_LRP6,1,2,True,0.8561351469533909,0.8561351469533909,0.2650481962759986
1.0,WNT8B_FZD10_LRP5,0.2330830673243612,0.4019959805611923,WNT8B,FZD10_LRP5,1,2,True,0.16891291323683108,0.16891291323683108,0.420185577480218
1.0,WNT8B_FZD10_LRP6,0.2330862890997425,0.4192017895496538,WNT8B,FZD10_LRP6,1,2,True,0.18611550044991132,0.18611550044991132,0.4439759206415941
1.0,WNT8B_FZD2_LRP5,0.7523149210622175,1.4968056288322544,WNT8B,FZD2_LRP5,1,2,True,0.7444907077700369,0.7444907077700369,0.4973863629513858
1.0,WNT8B_FZD2_LRP6,0.7741785498967775,1.5096145882505951,WNT8B,FZD2_LRP6,1,2,True,0.7354360383538177,0.7354360383538177,0.4871680785796273
1.0,WNT8B_FZD3_LRP5,0.7243964188959141,0.811537536421882,WNT8B,FZD3_LRP5,1,2,True,0.08714111752596787,0.08714111752596787,0.10737780276951615
1.0,WNT8B_FZD3_LRP6,0.7775681952143955,0.8306555449983396,WNT8B,FZD3_LRP6,1,2,True,0.05308734978394414,0.05308734978394414,0.06391018527908611
1.0,WNT8B_FZD4_LRP5,0.0097478890283038,0.0745288632127873,WNT8B,FZD4_LRP5,1,2,True,0.0647809741844835,0.0647809741844835,0.8692065247195223
1.0,WNT8B_FZD4_LRP6,0.0097478890283038,0.0790592598827822,WNT8B,FZD4_LRP6,1,2,True,0.0693113708544784,0.0693113708544784,0.8767014889494719
1.0,WNT8B_FZD5_LRP5,0.1209479233507716,0.2759236405896241,WNT8B,FZD5_LRP5,1,2,True,0.1549757172388525,0.1549757172388525,0.5616616137264763
1.0,WNT8B_FZD5_LRP6,0.1157588267346457,0.2650285936213714,WNT8B,FZD5_LRP6,1,2,True,0.14926976688672566,0.14926976688672566,0.5632213673516956
1.0,WNT8B_FZD6_LRP5,0.2785039916343422,0.4566273783149849,WNT8B,FZD6_LRP5,1,2,True,0.1781233866806427,0.1781233866806427,0.3900847718284905
1.0,WNT8B_FZD6_LRP6,0.2785085022221004,0.4641427207828641,WNT8B,FZD6_LRP6,1,2,True,0.18563421856076373,0.18563421856076373,0.3999507268963664
1.0,WNT8B_FZD7_LRP5,0.1813986650166418,0.3589454429501808,WNT8B,FZD7_LRP5,1,2,True,0.177546777933539,0.177546777933539,0.49463443935735185
1.0,WNT8B_FZD7_LRP6,0.1813998728739969,0.3714765236312584,WNT8B,FZD7_LRP6,1,2,True,0.1900766507572615,0.1900766507572615,0.5116787701662104
1.0,WNT8B_FZD8_LRP5,0.5350873537625871,0.6319408646658573,WNT8B,FZD8_LRP5,1,2,True,0.09685351090327021,0.09685351090327021,0.15326356676503602
1.0,WNT8B_FZD8_LRP6,0.4726581569517913,0.625964192803533,WNT8B,FZD8_LRP6,1,2,True,0.15330603585174168,0.15330603585174168,0.2449118298047102
1.0,WNT9A_FZD10_LRP5,0.0036178795185358,0.0063271778798027,WNT9A,FZD10_LRP5,1,2,True,0.0027092983612669003,0.0027092983612669003,0.42820012535373575
1.0,WNT9A_FZD10_LRP6,0.0036181081382965,0.0066868071279391,WNT9A,FZD10_LRP6,1,2,True,0.0030686989896425996,0.0030686989896425996,0.45891842413411804
1.0,WNT9A_FZD2_LRP5,0.0121236298950322,0.0246009952523045,WNT9A,FZD2_LRP5,1,2,True,0.012477365357272301,0.012477365357272301,0.507189454300776
1.0,WNT9A_FZD2_LRP6,0.0128171614937104,0.0253130544345554,WNT9A,FZD2_LRP6,1,2,True,0.012495892940845,0.012495892940845,0.493654093509418
1.0,WNT9A_FZD3_LRP5,0.011713960081797,0.0132392292469318,WNT9A,FZD3_LRP5,1,2,True,0.0015252691651347992,0.0015252691651347992,0.11520830530888204
1.0,WNT9A_FZD3_LRP6,0.0129708404459828,0.013885835616343,WNT9A,FZD3_LRP6,1,2,True,0.0009149951703602,0.0009149951703602,0.06589413814486555
1.0,WNT9A_FZD4_LRP5,0.0002593230554327,0.0014155793096269,WNT9A,FZD4_LRP5,1,2,True,0.0011562562541942,0.0011562562541942,0.8168078230098962
1.0,WNT9A_FZD4_LRP6,0.0002593230554327,0.0015575795036094,WNT9A,FZD4_LRP6,1,2,True,0.0012982564481767,0.0012982564481767,0.8335089445952729
1.0,WNT9A_FZD5_LRP5,0.0018795911711292,0.0043744720352086,WNT9A,FZD5_LRP5,1,2,True,0.0024948808640793997,0.0024948808640793997,0.5703273089869986
1.0,WNT9A_FZD5_LRP6,0.0018026513132045,0.0042907377396912,WNT9A,FZD5_LRP6,1,2,True,0.0024880864264866997,0.0024880864264866997,0.5798738066581913
1.0,WNT9A_FZD6_LRP5,0.0047682590160923,0.0075529595301112,WNT9A,FZD6_LRP5,1,2,True,0.0027847005140189006,0.0027847005140189006,0.36868998210796744
1.0,WNT9A_FZD6_LRP6,0.0047683338858978,0.007875800136523,WNT9A,FZD6_LRP6,1,2,True,0.0031074662506252,0.0031074662506252,0.3945587999643019
1.0,WNT9A_FZD7_LRP5,0.0028913492045858,0.0057519610517734,WNT9A,FZD7_LRP5,1,2,True,0.0028606118471875995,0.0028606118471875995,0.4973280975721555
1.0,WNT9A_FZD7_LRP6,0.0028922279329959,0.006085391146504,WNT9A,FZD7_LRP6,1,2,True,0.0031931632135081,0.0031931632135081,0.5247260425227624
1.0,WNT9A_FZD8_LRP5,0.0082824950682485,0.0099421185963593,WNT9A,FZD8_LRP5,1,2,True,0.0016596235281108006,0.0016596235281108006,0.16692855873983814
1.0,WNT9A_FZD8_LRP6,0.0073568438637509,0.0100070149334981,WNT9A,FZD8_LRP6,1,2,True,0.0026501710697472,0.0026501710697472,0.2648313295582136
1.5,ADIPOQ_ADIPOR1,0.0014446761402334,0.0014446762395572,ADIPOQ,ADIPOR1,1,1,False,9.932380005267527e-11,9.932380005267527e-11,6.87515979934151e-08
1.5,ADIPOQ_ADIPOR2,0.0054122919700784,0.0054122921267084,ADIPOQ,ADIPOR2,1,1,False,1.56629999768787e-10,1.56629999768787e-10,2.8939679548310867e-08
1.5,ADM_CALCR,0.0777858120023685,0.0777858116443333,ADM,CALCR,1,1,False,-3.580351987109154e-10,3.580351987109154e-10,4.602834237945778e-09
1.5,ADM_CALCRL,0.1020474289416458,0.1020474352367488,ADM,CALCRL,1,1,False,6.295103008313596e-09,6.295103008313596e-09,6.168800806908114e-08
1.5,AGRN_DAG1,10.228869480510967,10.22886938010926,AGRN,DAG1,1,1,False,-1.0040170828062855e-07,1.0040170828062855e-07,9.815523452706442e-09
1.5,AGT_AGTR1,0.036108314051482,0.0361083155304265,AGT,AGTR1,1,1,False,1.4789445015872538e-09,1.4789445015872538e-09,4.0958557048750396e-08
1.5,ANGPT1_TEK,0.0051898008349926,0.0051898001159856,ANGPT1,TEK,1,1,False,-7.190069997720094e-10,7.190069997720094e-10,1.3854231070372756e-07
1.5,ANGPT2_ITGA5_ITGB1,0.0222597131347809,0.0728043078842499,ANGPT2,ITGA5_ITGB1,1,2,True,0.050544594749469,0.050544594749469,0.694252802043374
1.5,ANGPT2_TEK,0.0032785554653709,0.0032785551811389,ANGPT2,TEK,1,1,False,-2.842319999155074e-10,2.842319999155074e-10,8.669427829348999e-08
1.5,ANGPTL1_ITGA1_ITGB1,0.011156665062446,0.0567035427316821,ANGPTL1,ITGA1_ITGB1,1,2,True,0.0455468776692361,0.0455468776692361,0.8032457140246299
1.5,ANGPTL2_ITGA5_ITGB1,0.1897022042668433,0.6228283640867212,ANGPTL2,ITGA5_ITGB1,1,2,True,0.43312615981987784,0.43312615981987784,0.6954181678205817
1.5,ANGPTL4_CDH5,0.0944714942271751,0.0944714825204394,ANGPTL4,CDH5,1,1,False,-1.1706735705829807e-08,1.1706735705829807e-08,1.2391818083959465e-07
1.5,ANGPTL4_ITGA5_ITGB1,0.1693560942027049,0.5479507916007583,ANGPTL4,ITGA5_ITGB1,1,2,True,0.3785946973980534,0.3785946973980534,0.6909282789646936
1.5,ANGPTL4_SDC2,1.9757458634208995,1.9757458640904144,ANGPTL4,SDC2,1,1,False,6.695148879742874e-10,6.695148879742874e-10,3.3886690598363764e-10
1.5,ANGPTL4_SDC3,5.017899709928691,5.017900013666472,ANGPTL4,SDC3,1,1,False,3.037377815928721e-07,3.037377815928721e-07,6.053085568975644e-08
1.5,ANGPTL4_SDC4,1.426573656606918,1.4265736445235255,ANGPTL4,SDC4,1,1,False,-1.2083392508799307e-08,1.2083392508799307e-08,8.470219853589233e-09
1.5,BAG6_NCR3,0.0683401004195851,0.0683401013746627,BAG6,NCR3,1,1,False,9.550776003397488e-10,9.550776003397488e-10,1.3975361188062952e-08
1.5,BMP5_BMPR1A_ACVR2A,0.017067542710889,0.0492838925080474,BMP5,BMPR1A_ACVR2A,1,2,True,0.0322163497971584,0.0322163497971584,0.6536892310585635
1.5,BMP5_BMPR1A_BMPR2,0.017067542710889,0.0308314307006377,BMP5,BMPR1A_BMPR2,1,2,True,0.013763887989748702,0.013763887989748702,0.44642391471843107
1.5,BMP6_BMPR1A_ACVR2A,0.0589484044679709,0.1771236764848719,BMP6,BMPR1A_ACVR2A,1,2,True,0.118175272016901,0.118175272016901,0.6671907130777874
1.5,BMP6_BMPR1A_BMPR2,0.0589484044679709,0.1074645022244547,BMP6,BMPR1A_BMPR2,1,2,True,0.04851609775648379,0.04851609775648379,0.45146161525180767
1.5,BMP7_BMPR1A_ACVR2A,0.14871332386251,0.4402089801959503,BMP7,BMPR1A_ACVR2A,1,2,True,0.2914956563334403,0.2914956563334403,0.6621756244129477
1.5,BMP7_BMPR1A_BMPR2,0.14871332386251,0.270134876223516,BMP7,BMPR1A_BMPR2,1,2,True,0.12142155236100602,0.12142155236100602,0.4494849167885266
1.5,BTC_ERBB2_ERBB4,0.0159943842270142,0.0333998549352208,BTC,ERBB2_ERBB4,1,2,True,0.017405470708206604,0.017405470708206604,0.5211241408672166
1.5,BTC_ERBB4,0.0713994563874262,0.0713994482451183,BTC,ERBB4,1,1,False,-8.142307897363033e-09,8.142307897363033e-09,1.1403879398158742e-07
1.5,CALCB_CALCR,0.0236823183979304,0.0236823179551193,CALCB,CALCR,1,1,False,-4.428111002874324e-10,4.428111002874324e-10,1.8697962456502134e-08
1.5,CALCB_CALCRL,0.030000466120822,0.030000467395822,CALCB,CALCRL,1,1,False,1.2749999979411175e-09,1.2749999979411175e-09,4.249933779760644e-08
1.5,CCK_CCKAR,0.3438468677409112,0.3438468589132779,CCK,CCKAR,1,1,False,-8.827633346530916e-09,8.827633346530916e-09,2.5673153297945825e-08
1.5,CCL19_ACKR4,0.0015390426782581,0.0015390427879156,CCL19,ACKR4,1,1,False,1.0965749987733309e-10,1.0965749987733309e-10,7.125045563278168e-08
1.5,CD34_SELP,0.0409846385097356,0.0409846406762648,CD34,SELP,1,1,False,2.1665291990990987e-09,2.1665291990990987e-09,5.286197861809701e-08
1.5,CD40LG_ITGA5_ITGB1,0.0193376860487953,0.0625735630491536,CD40LG,ITGA5_ITGB1,1,2,True,0.043235877000358296,0.043235877000358296,0.690960765114096
1.5,CD40LG_ITGAM_ITGB2,0.0061302037125115,0.0158917559810619,CD40LG,ITGAM_ITGB2,1,2,True,0.009761552268550399,0.009761552268550399,0.6142525898448967
1.5,CDH15_CDH15,0.0001901691009578,0.0001901690726723,CDH15,CDH15,1,1,False,-2.8285500000167427e-11,2.8285500000167427e-11,1.4873867446238912e-07
1.5,CDH1_CDH1,0.2918319079174014,0.291831891115148,CDH1,CDH1,1,1,False,-1.6802253366421382e-08,1.6802253366421382e-08,5.757510714413383e-08
1.5,CDH1_ITGAE_ITGB7,0.0247709626871158,0.0280053757249107,CDH1,ITGAE_ITGB7,1,2,True,0.003234413037794901,0.003234413037794901,0.11549257790952971
1.5,CDH2_CDH2,11.294931799632026,11.294930875144306,CDH2,CDH2,1,1,False,-9.244877201552981e-07,9.244877201552981e-07,8.184978329709053e-08
1.5,CDH5_CDH5,0.0148569417214017,0.0148569385462685,CDH5,CDH5,1,1,False,-3.175133201499536e-09,3.175133201499536e-09,2.1371378181592363e-07
1.5,CLDN11_CLDN11,0.030479291071578,0.0304792918399935,CLDN11,CLDN11,1,1,False,7.684155013676364e-10,7.684155013676364e-10,2.521106807210519e-08
1.5,CNTN1_NRCAM,16.993606858980513,16.993606471724668,CNTN1,NRCAM,1,1,False,-3.872558451689656e-07,3.872558451689656e-07,2.2788325538101688e-08
1.5,CNTN2_CNTN2,0.0308685459484293,0.0308685411531055,CNTN2,CNTN2,1,1,False,-4.795323801237705e-09,4.795323801237705e-09,1.553466045744117e-07
1.5,CNTN2_L1CAM,0.7145203192711609,0.7145202549738525,CNTN2,L1CAM,1,1,False,-6.429730836643444e-08,6.429730836643444e-08,8.998667586111512e-08
1.5,COL1A1_CD44,0.0399329896001781,0.0399329905356759,COL1A1,CD44,1,1,False,9.354978042219741e-10,9.354978042219741e-10,2.342669035483846e-08
1.5,COL1A1_ITGA10_ITGB1,0.0075519011399735,0.1018342273051696,COL1A1,ITGA10_ITGB1,1,2,True,0.09428232616519609,0.09428232616519609,0.9258412290266366
1.5,COL1A1_ITGA1_ITGB1,0.0601708247711801,0.2910801567335179,COL1A1,ITGA1_ITGB1,1,2,True,0.2309093319623378,0.2309093319623378,0.7932843466678969
1.5,COL1A1_ITGA3_ITGB1,0.2106104147377515,0.5442679115979788,COL1A1,ITGA3_ITGB1,1,2,True,0.33365749686022733,0.33365749686022733,0.6130390745994998
1.5,COL1A1_ITGA9_ITGB1,0.0731223646690588,0.3214613115129757,COL1A1,ITGA9_ITGB1,1,2,True,0.24833894684391689,0.24833894684391689,0.7725313683164413
1.5,COL1A1_SDC4,1.1426886898213011,1.1426886985674145,COL1A1,SDC4,1,1,False,8.746113389079824e-09,8.746113389079824e-09,7.653977325622281e-09
1.5,COL1A2_CD44,0.0457359006440003,0.0457359002253183,COL1A2,CD44,1,1,False,-4.1868199879280255e-10,4.1868199879280255e-10,9.1543403081038e-09
1.5,COL1A2_ITGA10_ITGB1,0.0089215630486676,0.1228131233183948,COL1A2,ITGA10_ITGB1,1,2,True,0.1138915602697272,0.1138915602697272,0.9273565983210253
1.5,COL1A2_ITGA1_ITGB1,0.0768053724803988,0.3656377044623009,COL1A2,ITGA1_ITGB1,1,2,True,0.2888323319819021,0.2888323319819021,0.789941322946037
1.5,COL1A2_ITGA3_ITGB1,0.2594783165115644,0.6723753938351338,COL1A2,ITGA3_ITGB1,1,2,True,0.4128970773235694,0.4128970773235694,0.61408713214275
1.5,COL1A2_ITGA9_ITGB1,0.092612420203674,0.4026670133508034,COL1A2,ITGA9_ITGB1,1,2,True,0.3100545931471294,0.3100545931471294,0.7700024657272085
1.5,COL1A2_SDC4,1.394454394216526,1.394454399120248,COL1A2,SDC4,1,1,False,4.903722095050966e-09,4.903722095050966e-09,3.516588350357453e-09
1.5,COL4A1_CD44,0.0190265069683348,0.0190265089048419,COL4A1,CD44,1,1,False,1.936507100508411e-09,1.936507100508411e-09,1.0177942312977896e-07
1.5,COL4A1_ITGA10_ITGB1,0.0036039704230315,0.0474863483978066,COL4A1,ITGA10_ITGB1,1,2,True,0.043882377974775094,0.043882377974775094,0.9241051261124561
1.5,COL4A1_ITGA1_ITGB1,0.0262622218181994,0.1294549482639453,COL4A1,ITGA1_ITGB1,1,2,True,0.1031927264457459,0.1031927264457459,0.7971323447238692
1.5,COL4A1_ITGA3_ITGB1,0.0947218666296445,0.2456429743475629,COL4A1,ITGA3_ITGB1,1,2,True,0.1509211077179184,0.1509211077179184,0.6143921197777815
1.5,COL4A1_ITGA9_ITGB1,0.032577360402852,0.1444087970458871,COL4A1,ITGA9_ITGB1,1,2,True,0.1118314366430351,0.1118314366430351,0.7744087543884167
1.5,COL4A1_SDC4,0.5193279931098538,0.5193280195523758,COL4A1,SDC4,1,1,False,2.64425220608544e-08,2.64425220608544e-08,5.091680222385457e-08
1.5,COL4A2_CD44,0.0170630966599702,0.017063097585964,COL4A2,CD44,1,1,False,9.259937990002687e-10,9.259937990002687e-10,5.4268798167220566e-08
1.5,COL4A2_ITGA10_ITGB1,0.0032094098560615,0.0421898478439652,COL4A2,ITGA10_ITGB1,1,2,True,0.038980437987903696,0.038980437987903696,0.9239293332383853
1.5,COL4A2_ITGA1_ITGB1,0.0227991195790771,0.1135681899128775,COL4A2,ITGA1_ITGB1,1,2,True,0.0907690703338004,0.0907690703338004,0.7992473103906369
1.5,COL4A2_ITGA3_ITGB1,0.0833953190724741,0.2169451008123502,COL4A2,ITGA3_ITGB1,1,2,True,0.13354978173987608,0.13354978173987608,0.6155925219781382
1.5,COL4A2_ITGA9_ITGB1,0.0284046241611191,0.126876306855884,COL4A2,ITGA9_ITGB1,1,2,True,0.09847168269476489,0.09847168269476489,0.7761234948824346
1.5,COL4A2_SDC4,0.4629055491205316,0.4629055465868105,COL4A2,SDC4,1,1,False,-2.53372112180017e-09,2.53372112180017e-09,5.473516415203824e-09
1.5,COL6A1_CD44,0.0222829527796361,0.0222829544353984,COL6A1,CD44,1,1,False,1.6557622981028253e-09,1.6557622981028253e-09,7.430622823841096e-08
1.5,COL6A1_ITGA10_ITGB1,0.0043955831538964,0.0553729881630539,COL6A1,ITGA10_ITGB1,1,2,True,0.050977405009157505,0.050977405009157505,0.9206186391647683
1.5,COL6A1_ITGA1_ITGB1,0.0283451798349461,0.1424906642131191,COL6A1,ITGA1_ITGB1,1,2,True,0.114145484378173,0.114145484378173,0.8010734247645092
1.5,COL6A1_ITGA3_ITGB1,0.1076449665359738,0.2763069935626057,COL6A1,ITGA3_ITGB1,1,2,True,0.16866202702663188,0.16866202702663188,0.610415338576714
1.5,COL6A1_ITGA9_ITGB1,0.0364846284448056,0.1615717290341031,COL6A1,ITGA9_ITGB1,1,2,True,0.1250871005892975,0.1250871005892975,0.7741892801239705
1.5,COL6A1_SDC4,0.5807975333518551,0.5807975437541001,COL6A1,SDC4,1,1,False,1.0402244954299533e-08,1.0402244954299533e-08,1.791027711147427e-08
1.5,COL6A2_CD44,0.0145059915984284,0.0145059917390527,COL6A2,CD44,1,1,False,1.4062430039873952e-10,1.4062430039873952e-10,9.694221734605983e-09
1.5,COL6A2_ITGA10_ITGB1,0.002816421065808,0.0368176111792178,COL6A2,ITGA10_ITGB1,1,2,True,0.0340011901134098,0.0340011901134098,0.9235034274195996
1.5,COL6A2_ITGA1_ITGB1,0.0204500393458956,0.1004975259159664,COL6A2,ITGA1_ITGB1,1,2,True,0.0800474865700708,0.0800474865700708,0.7965120120171373
1.5,COL6A2_ITGA3_ITGB1,0.0737007056419385,0.1904112112223082,COL6A2,ITGA3_ITGB1,1,2,True,0.1167105055803697,0.1167105055803697,0.6129392530574699
1.5,COL6A2_ITGA9_ITGB1,0.0254866856461359,0.1123368054863028,COL6A2,ITGA9_ITGB1,1,2,True,0.0868501198401669,0.0868501198401669,0.7731225706854955
1.5,COL6A2_SDC4,0.3993451583153336,0.3993451509430861,COL6A2,SDC4,1,1,False,-7.372247534664922e-09,7.372247534664922e-09,1.8460841157472098e-08
1.5,COL6A3_CD44,0.0110145335603031,0.0110145328576976,COL6A3,CD44,1,1,False,-7.026055015568744e-10,7.026055015568744e-10,6.378894736760327e-08
1.5,COL6A3_ITGA10_ITGB1,0.0020892094577626,0.0281747621810707,COL6A3,ITGA10_ITGB1,1,2,True,0.0260855527233081,0.0260855527233081,0.9258481954759411
1.5,COL6A3_ITGA1_ITGB1,0.0166127063758689,0.0804074363802388,COL6A3,ITGA1_ITGB1,1,2,True,0.0637947300043699,0.0637947300043699,0.7933934083247095
1.5,COL6A3_ITGA3_ITGB1,0.0578532188883689,0.1500393899723132,COL6A3,ITGA3_ITGB1,1,2,True,0.09218617108394431,0.09218617108394431,0.6144131291186631
1.5,COL6A3_ITGA9_ITGB1,0.0202836444390557,0.0890492159883923,COL6A3,ITGA9_ITGB1,1,2,True,0.0687655715493366,0.0687655715493366,0.7722198425452763
1.5,COL6A3_SDC4,0.3144840143288789,0.3144839858393116,COL6A3,SDC4,1,1,False,-2.848956731638097e-08,2.848956731638097e-08,9.0591464170854e-08
1.5,COL6A6_CD44,0.0029308861602789,0.0029308862446183,COL6A6,CD44,1,1,False,8.43394000471509e-11,8.43394000471509e-11,2.877607420008712e-08
1.5,COL6A6_ITGA10_ITGB1,0.0005444443350318,0.0072453046969812,COL6A6,ITGA10_ITGB1,1,2,True,0.0067008603619494005,0.0067008603619494005,0.9248555640098
1.5,COL6A6_ITGA1_ITGB1,0.0040749774379275,0.0200843035882125,COL6A6,ITGA1_ITGB1,1,2,True,0.016009326150285,0.016009326150285,0.7971063611924732
1.5,COL6A6_ITGA3_ITGB1,0.0145580931070677,0.0378760837393544,COL6A6,ITGA3_ITGB1,1,2,True,0.023317990632286702,0.023317990632286702,0.6156389027110161
1.5,COL6A6_ITGA9_ITGB1,0.0051069701965736,0.0224947413337968,COL6A6,ITGA9_ITGB1,1,2,True,0.0173877711372232,0.0173877711372232,0.772970485821914
1.5,COL6A6_SDC4,0.0798633621005141,0.0798633636132441,COL6A6,SDC4,1,1,False,1.5127299968220598e-09,1.5127299968220598e-09,1.8941476146030955e-08
1.5,COL9A2_CD44,0.008902487318326,0.008902488125784,COL9A2,CD44,1,1,False,8.074579997685571e-10,8.074579997685571e-10,9.070026136063486e-08
1.5,COL9A2_ITGA10_ITGB1,0.001602116453571,0.0208460769284962,COL9A2,ITGA10_ITGB1,1,2,True,0.0192439604749252,0.0192439604749252,0.9231454216030002
1.5,COL9A2_ITGA1_ITGB1,0.0108465608220397,0.0548591034498512,COL9A2,ITGA1_ITGB1,1,2,True,0.0440125426278115,0.0440125426278115,0.8022833014040239
1.5,COL9A2_ITGA3_ITGB1,0.0407791014633945,0.1059464240184255,COL9A2,ITGA3_ITGB1,1,2,True,0.065167322555031,0.065167322555031,0.6150969526229364
1.5,COL9A2_ITGA9_ITGB1,0.0138035732071386,0.0617921298584999,COL9A2,ITGA9_ITGB1,1,2,True,0.0479885566513613,0.0479885566513613,0.7766127621956402
1.5,COL9A2_SDC4,0.227605643775288,0.2276056517912603,COL9A2,SDC4,1,1,False,8.01597230259965e-09,8.01597230259965e-09,3.521868740742514e-08
1.5,COMP_ITGA3_ITGB1,0.0766940574588893,0.1979769207602,COMP,ITGA3_ITGB1,1,2,True,0.12128286330131069,0.12128286330131069,0.6126111207084327
1.5,COMP_SDC4,0.4258010941042848,0.4258010676526376,COMP,SDC4,1,1,False,-2.64516472059384e-08,2.64516472059384e-08,6.212207430227977e-08
1.5,CSPG4_ITGA3_ITGB1,0.0240008216068177,0.0621575019766934,CSPG4,ITGA3_ITGB1,1,2,True,0.0381566803698757,0.0381566803698757,0.6138708789195381
1.5,CXCL12_ACKR3,0.0407769557252883,0.0407769556242893,CXCL12,ACKR3,1,1,False,-1.0099900082938262e-10,1.0099900082938262e-10,2.4768646661562067e-09
1.5,CXCL12_CXCR4,0.4665593754682434,0.4665593606232681,CXCL12,CXCR4,1,1,False,-1.4844975304573182e-08,1.4844975304573182e-08,3.1817976628750895e-08
1.5,DLL1_NOTCH3,0.0412928032640759,0.0412928090441136,DLL1,NOTCH3,1,1,False,5.780037698466245e-09,5.780037698466245e-09,1.399768587380762e-07
1.5,DLL4_NOTCH3,0.0120598560650302,0.0120598582658741,DLL4,NOTCH3,1,1,False,2.200843899485827e-09,2.200843899485827e-09,1.8249334701665416e-07
1.5,EDN1_EDNRA,0.0017097623556404,0.0017097623810442,EDN1,EDNRA,1,1,False,2.5403799940384997e-11,2.5403799940384997e-11,1.4858088013885404e-08
1.5,EDN1_EDNRB,0.1390494775874821,0.1390494666294021,EDN1,EDNRB,1,1,False,-1.095807999895726e-08,1.095807999895726e-08,7.880705622977299e-08
1.5,EDN2_EDNRA,0.0039802354099169,0.0039802353928939,EDN2,EDNRA,1,1,False,-1.702300019695846e-11,1.702300019695846e-11,4.276882757875336e-09
1.5,EDN2_EDNRB,0.340570202444585,0.3405702109654394,EDN2,EDNRB,1,1,False,8.520854355431595e-09,8.520854355431595e-09,2.5019376566367632e-08
1.5,EFNA1_EPHA2,0.0688483757263933,0.0688483732771275,EFNA1,EPHA2,1,1,False,-2.4492657901831194e-09,2.4492657901831194e-09,3.5574779569479135e-08
1.5,EFNA1_EPHA3,0.4984444649176405,0.4984444854365703,EFNA1,EPHA3,1,1,False,2.0518929777502137e-08,2.0518929777502137e-08,4.1165927955909304e-08
1.5,EFNA1_EPHA4,0.5871384533427219,0.587138500714618,EFNA1,EPHA4,1,1,False,4.7371896183534545e-08,4.7371896183534545e-08,8.068266026819441e-08
1.5,EFNA1_EPHA5,1.2836942836700738,1.2836942443788777,EFNA1,EPHA5,1,1,False,-3.9291196074486834e-08,3.9291196074486834e-08,3.0607907641493546e-08
1.5,EFNA1_EPHA8,0.0953974835369384,0.0953974837940274,EFNA1,EPHA8,1,1,False,2.570890028641415e-10,2.570890028641415e-10,2.6949243590032424e-09
1.5,EFNA3_EPHA2,0.1903340815654269,0.1903340727278899,EFNA3,EPHA2,1,1,False,-8.837536979999783e-09,8.837536979999783e-09,4.643171053399546e-08
1.5,EFNA3_EPHA3,1.449992808051216,1.4499928352739215,EFNA3,EPHA3,1,1,False,2.7222705423213256e-08,2.7222705423213256e-08,1.877437236996454e-08
1.5,EFNA3_EPHA4,1.614293645896853,1.6142937086499267,EFNA3,EPHA4,1,1,False,6.275307362635374e-08,6.275307362635374e-08,3.887339292106619e-08
1.5,EFNA3_EPHA5,3.587624390074201,3.587624180754636,EFNA3,EPHA5,1,1,False,-2.0931956479230962e-07,2.0931956479230962e-07,5.8344894011599795e-08
1.5,EFNA3_EPHA8,0.2745094825631371,0.2745094743940707,EFNA3,EPHA8,1,1,False,-8.169066423313609e-09,8.169066423313609e-09,2.975877680813713e-08
1.5,EFNA5_EPHA2,0.1720765430010022,0.1720765295464164,EFNA5,EPHA2,1,1,False,-1.3454585806593755e-08,1.3454585806593755e-08,7.818954037515383e-08
1.5,EFNA5_EPHA3,1.3930000958664666,1.393000069926697,EFNA5,EPHA3,1,1,False,-2.5939769665583867e-08,2.5939769665583867e-08,1.8621513194835028e-08
1.5,EFNA5_EPHA4,1.5034868552578438,1.5034868487486877,EFNA5,EPHA4,1,1,False,-6.509156103007285e-09,6.509156103007285e-09,4.3293734695744866e-09
1.5,EFNA5_EPHA5,3.376211500339254,3.376211195709128,EFNA5,EPHA5,1,1,False,-3.0463012601344985e-07,3.0463012601344985e-07,9.022838941898027e-08
1.5,EFNA5_EPHA8,0.2629561321448152,0.262956113324055,EFNA5,EPHA8,1,1,False,-1.882076022807766e-08,1.882076022807766e-08,7.157376431789273e-08
1.5,EFNA5_EPHB2,1.033019739277104,1.033019741366199,EFNA5,EPHB2,1,1,False,2.089094897073096e-09,2.089094897073096e-09,2.0223184644179273e-09
1.5,EFNB1_EPHA4,5.482238633989523,5.482239094329521,EFNB1,EPHA4,1,1,False,4.603399981206735e-07,4.603399981206735e-07,8.396933993572442e-08
1.5,EFNB1_EPHB1,2.391262668366884,2.391262573259076,EFNB1,EPHB1,1,1,False,-9.510780785149109e-08,9.510780785149109e-08,3.977304923864558e-08
1.5,EFNB1_EPHB2,3.942233138591463,3.942233506316812,EFNB1,EPHB2,1,1,False,3.677253488376664e-07,3.677253488376664e-07,9.32784291565794e-08
1.5,EFNB1_EPHB3,0.3451816630847966,0.3451816706443363,EFNB1,EPHB3,1,1,False,7.559539716428532e-09,7.559539716428532e-09,2.1900177093173728e-08
1.5,EFNB2_EPHA4,2.0594775879502265,2.0594776345940504,EFNB2,EPHA4,1,1,False,4.6643823914394034e-08,4.6643823914394034e-08,2.2648376040067136e-08
1.5,EFNB2_EPHB1,0.9006685154394939,0.9006684324184465,EFNB2,EPHB1,1,1,False,-8.302104737012428e-08,8.302104737012428e-08,9.217713947690621e-08
1.5,EFNB2_EPHB2,1.4594796958163292,1.4594797515326194,EFNB2,EPHB2,1,1,False,5.5716290248142286e-08,5.5716290248142286e-08,3.817544586667534e-08
1.5,EFNB2_EPHB3,0.1310205813671974,0.1310205763144996,EFNB2,EPHB3,1,1,False,-5.052697815699503e-09,5.052697815699503e-09,3.856415353202292e-08
1.5,EFNB3_EPHA4,1.113584329579966,1.1135843453334169,EFNB3,EPHA4,1,1,False,1.575345098814296e-08,1.575345098814296e-08,1.4146616782248531e-08
1.5,EFNB3_EPHB1,0.5029644605371212,0.5029644169448478,EFNB3,EPHB1,1,1,False,-4.3592273346604316e-08,4.3592273346604316e-08,8.66706830539312e-08
1.5,EFNB3_EPHB2,0.77805130310011,0.7780513173061583,EFNB3,EPHB2,1,1,False,1.4206048337683796e-08,1.4206048337683796e-08,1.825849789300441e-08
1.5,EFNB3_EPHB3,0.073177049493507,0.0731770467436135,EFNB3,EPHB3,1,1,False,-2.7498934934699903e-09,2.7498934934699903e-09,3.757863308924458e-08
1.5,ESAM_ESAM,0.01837099614648,0.0183709966857675,ESAM,ESAM,1,1,False,5.39287500073149e-10,5.39287500073149e-10,2.9355375176293478e-08
1.5,FGF10_FGFR1,0.3571101195874464,0.3571101395899466,FGF10,FGFR1,1,1,False,2.000250021172434e-08,2.000250021172434e-08,5.60121318165099e-08
1.5,FGF17_FGFR1,2.643576333013794,2.643576180562325,FGF17,FGFR1,1,1,False,-1.5245146878228866e-07,1.5245146878228866e-07,5.7668646400872886e-08
1.5,FGF17_FGFR3,0.3786143559817881,0.3786143322111026,FGF17,FGFR3,1,1,False,-2.377068553105488e-08,2.377068553105488e-08,6.278337087724768e-08
1.5,FGF17_FGFR4,0.2393871915700686,0.2393871871396775,FGF17,FGFR4,1,1,False,-4.43039110953336e-09,4.43039110953336e-09,1.850721870487622e-08
1.5,FGF18_FGFR1,0.0685347281714019,0.068534732955206,FGF18,FGFR1,1,1,False,4.783804102848066e-09,4.783804102848066e-09,6.980116353520687e-08
1.5,FGF18_FGFR3,0.0096204801855453,0.0096204806409323,FGF18,FGFR3,1,1,False,4.55386998943208e-10,4.55386998943208e-10,4.733516088641882e-08
1.5,FGF18_FGFR4,0.0060003357398434,0.0060003362225024,FGF18,FGFR4,1,1,False,4.826590004405884e-10,4.826590004405884e-10,8.043865919221751e-08
1.5,FGF2_FGFR1,1.2876844228669766,1.2876844518271593,FGF2,FGFR1,1,1,False,2.8960182696380343e-08,2.8960182696380343e-08,2.2490123768511224e-08
1.5,FGF2_FGFR3,0.1840587317008502,0.1840587332233914,FGF2,FGFR3,1,1,False,1.522541204224126e-09,1.522541204224126e-09,8.27204000353639e-09
1.5,FGF2_FGFR4,0.1155390605431181,0.1155390651921358,FGF2,FGFR4,1,1,False,4.649017698588054e-09,4.649017698588054e-09,4.0237626043251824e-08
1.5,FGF7_FGFR1,0.3153495699539365,0.3153495435877197,FGF7,FGFR1,1,1,False,-2.636621676543882e-08,2.636621676543882e-08,8.360949015814471e-08
1.5,FGF8_FGFR1,0.0651992885233706,0.065199291441476,FGF8,FGFR1,1,1,False,2.91810539621018e-09,2.91810539621018e-09,4.475670412506739e-08
1.5,FGF8_FGFR3,0.0092261583435424,0.0092261586017031,FGF8,FGFR3,1,1,False,2.5816070114981216e-10,2.5816070114981216e-10,2.7981385568437664e-08
1.5,FGF8_FGFR4,0.0056262020008698,0.0056262024051948,FGF8,FGFR4,1,1,False,4.0432499969628166e-10,4.0432499969628166e-10,7.18646380945981e-08
1.5,FGF9_FGFR1,0.5399227347875333,0.5399227207077337,FGF9,FGFR1,1,1,False,-1.4079799548483152e-08,1.4079799548483152e-08,2.6077434124020984e-08
1.5,FGF9_FGFR3,0.0788208745614279,0.0788208717124805,FGF9,FGFR3,1,1,False,-2.8489473974380175e-09,2.8489473974380175e-09,3.6144579888132705e-08
1.5,FGF9_FGFR4,0.050351985239643,0.0503519850561402,FGF9,FGFR4,1,1,False,-1.8350280323042867e-10,1.8350280323042867e-10,3.6444005605156098e-09
1.5,FN1_CD44,0.0346561924649966,0.034656192183128,FN1,CD44,1,1,False,-2.8186859790668706e-10,2.8186859790668706e-10,8.13328233306009e-09
1.5,FN1_ITGA3_ITGB1,0.186654617872375,0.4827259877293077,FN1,ITGA3_ITGB1,1,2,True,0.2960713698569327,0.2960713698569327,0.613332154023075
1.5,FN1_ITGA4_ITGB1,0.0234506784641088,0.1716417327034441,FN1,ITGA4_ITGB1,1,2,True,0.1481910542393353,0.1481910542393353,0.8633742616393533
1.5,FN1_ITGA4_ITGB7,0.0234493653434012,0.0285712695862724,FN1,ITGA4_ITGB7,1,2,True,0.005121904242871199,0.005121904242871199,0.1792676460318065
1.5,FN1_ITGA5_ITGB1,0.117629451308692,0.3853662617926572,FN1,ITGA5_ITGB1,1,2,True,0.2677368104839652,0.2677368104839652,0.694759342030877
1.5,FN1_ITGA8_ITGB1,0.0317129714517939,0.1984443075003049,FN1,ITGA8_ITGB1,1,2,True,0.16673133604851098,0.16673133604851098,0.8401920828505237
1.5,FN1_SDC4,1.018278887858399,1.0182788564394305,FN1,SDC4,1,1,False,-3.141896853797732e-08,3.141896853797732e-08,3.085497392964354e-08
1.5,GAL_GALR1,0.2282825001257142,0.2282824823588414,GAL,GALR1,1,1,False,-1.7766872778546272e-08,1.7766872778546272e-08,7.782844838637273e-08
1.5,GAL_GALR2,0.0116395305513912,0.011639528342866,GAL,GALR2,1,1,False,-2.2085252012610246e-09,2.2085252012610246e-09,1.8974349450863836e-07
1.5,GAS6_AXL,0.5155987799427925,0.5155987276096525,GAS6,AXL,1,1,False,-5.233313993269206e-08,5.233313993269206e-08,1.0149973578001603e-07
1.5,GAS6_MERTK,0.0129542155599808,0.0129542161666685,GAS6,MERTK,1,1,False,6.066877000776572e-10,6.066877000776572e-10,4.683322342873039e-08
1.5,GAS6_TYRO3,0.4116622155336334,0.4116621962019391,GAS6,TYRO3,1,1,False,-1.9331694300905866e-08,1.9331694300905866e-08,4.6960089052249774e-08
1.5,GDF10_ACVR1B_ACVR2A,0.3691711978053033,1.1172207980941766,GDF10,ACVR1B_ACVR2A,1,2,True,0.7480496002888734,0.7480496002888734,0.6695629024852938
1.5,GDF5_BMPR1A_ACVR2A,0.0133071648317517,0.0389681404087505,GDF5,BMPR1A_ACVR2A,1,2,True,0.0256609755769988,0.0256609755769988,0.6585116792290272
1.5,GDF5_BMPR1A_BMPR2,0.0133071648317517,0.024110257445827,GDF5,BMPR1A_BMPR2,1,2,True,0.0108030926140753,0.0108030926140753,0.448070396525156
1.5,GDNF_GFRA1_RET,0.0017110006305242,0.0046571220328598,GDNF,GFRA1_RET,1,2,True,0.0029461214023355996,0.0029461214023355996,0.6326055837807786
1.5,GRN_SORT1,6.936798919865241,6.9367990981578505,GRN,SORT1,1,1,False,1.782926091209447e-07,1.782926091209447e-07,2.570243228873277e-08
1.5,HBEGF_ERBB2_ERBB4,0.06295810008349,0.1338201243315427,HBEGF,ERBB2_ERBB4,1,2,True,0.0708620242480527,0.0708620242480527,0.5295318966562179
1.5,HBEGF_ERBB4,0.2909483489176018,0.290948360310121,HBEGF,ERBB4,1,1,False,1.1392519205788432e-08,1.1392519205788432e-08,3.915649909023436e-08
1.5,HSPG2_DAG1,1.268242111167773,1.2682420342402156,HSPG2,DAG1,1,1,False,-7.692755743526902e-08,7.692755743526902e-08,6.065683890943788e-08
1.5,IHH_PTCH1_SMO,0.0168703039887605,0.0241603727875233,IHH,PTCH1_SMO,1,2,True,0.007290068798762799,0.007290068798762799,0.30173660244710615
1.5,IHH_PTCH2_SMO,0.0104872759091238,0.0135404496797146,IHH,PTCH2_SMO,1,2,True,0.0030531737705908005,0.0030531737705908005,0.22548540431156153
1.5,INHBB_ACVR1B_ACVR2A,0.0954585602683006,0.2911258689375836,INHBB,ACVR1B_ACVR2A,1,2,True,0.19566730866928297,0.19566730866928297,0.6721055376608713
1.5,INHBB_ACVR1C_ACVR2A,0.0087589437267438,0.088087290476232,INHBB,ACVR1C_ACVR2A,1,2,True,0.0793283467494882,0.0793283467494882,0.9005651816579923
1.5,JAG1_NOTCH3,0.0730335894611808,0.0730336000470379,JAG1,NOTCH3,1,1,False,1.0585857107558994e-08,1.0585857107558994e-08,1.4494502668280193e-07
1.5,JAG2_NOTCH3,0.0404406644274541,0.0404406686603768,JAG2,NOTCH3,1,1,False,4.232922699853869e-09,4.232922699853869e-09,1.0466994834833746e-07
1.5,JAM2_ITGA3_ITGB1,0.5893482327873543,1.5478734241776904,JAM2,ITGA3_ITGB1,1,2,True,0.9585251913903361,0.9585251913903361,0.6192529546784833
1.5,JAM2_JAM2,3.7081475133298447,3.708147129693003,JAM2,JAM2,1,1,False,-3.836368418497216e-07,3.836368418497216e-07,1.0345781565340778e-07
1.5,JAM2_JAM3,0.7625827106745516,0.762582652326933,JAM2,JAM3,1,1,False,-5.834761862555382e-08,5.834761862555382e-08,7.651316743588606e-08
1.5,JAM3_ITGAM_ITGB2,0.024625940573282,0.0640668578757485,JAM3,ITGAM_ITGB2,1,2,True,0.0394409173024665,0.0394409173024665,0.6156212214895627
1.5,JAM3_JAM2,0.7374519227072438,0.7374518744644709,JAM3,JAM2,1,1,False,-4.824277288761891e-08,4.824277288761891e-08,6.541819392173515e-08
1.5,JAM3_JAM3,0.1619251213742714,0.1619251153875048,JAM3,JAM3,1,1,False,-5.9867666102331185e-09,5.9867666102331185e-09,3.697243861497804e-08
1.5,L1CAM_ITGA4_ITGB7,0.1451265347892168,0.173772938300375,L1CAM,ITGA4_ITGB7,1,2,True,0.028646403511158186,0.028646403511158186,0.16484962383292087
1.5,L1CAM_L1CAM,15.22051964450678,15.220518836285772,L1CAM,L1CAM,1,1,False,-8.082210083415475e-07,8.082210083415475e-07,5.310074998873259e-08
1.5,LAMA1_CD44,0.0177452779155957,0.0177452777737672,LAMA1,CD44,1,1,False,-1.4182850033295225e-10,1.4182850033295225e-10,7.992464305577552e-09
1.5,LAMA1_DAG1,0.6805115367203995,0.6805114914175829,LAMA1,DAG1,1,1,False,-4.5302816609193997e-08,4.5302816609193997e-08,6.657170990446776e-08
1.5,LAMA1_ITGA1_ITGB1,0.0223048173346702,0.1126412515749465,LAMA1,ITGA1_ITGB1,1,2,True,0.0903364342402763,0.0903364342402763,0.8019835804129932
1.5,LAMA1_ITGA3_ITGB1,0.0821679067513981,0.2156958340853843,LAMA1,ITGA3_ITGB1,1,2,True,0.13352792733398622,0.13352792733398622,0.6190565891093126
1.5,LAMA1_ITGA6_ITGB1,0.2701030317256471,0.390799508356672,LAMA1,ITGA6_ITGB1,1,2,True,0.1206964766310249,0.1206964766310249,0.3088450063270513
1.5,LAMA1_ITGA6_ITGB4,0.250457538572322,0.2600656356587288,LAMA1,ITGA6_ITGB4,1,2,True,0.009608097086406808,0.009608097086406808,0.036944893015450286
1.5,LAMA1_ITGA7_ITGB1,0.0247632969600306,0.1187779882021891,LAMA1,ITGA7_ITGB1,1,2,True,0.0940146912421585,0.0940146912421585,0.791516110561854
1.5,LAMA1_ITGA9_ITGB1,0.0284492247152385,0.1271995698493679,LAMA1,ITGA9_ITGB1,1,2,True,0.09875034513412939,0.09875034513412939,0.7763418166513566
1.5,LAMA1_SV2A,0.5582250695524402,0.5582250045223104,LAMA1,SV2A,1,1,False,-6.503012983660739e-08,6.503012983660739e-08,1.1649446322564055e-07
1.5,LAMA1_SV2B,0.5471932713696633,0.5471932455392872,LAMA1,SV2B,1,1,False,-2.583037617132078e-08,2.583037617132078e-08,4.7205215273692105e-08
1.5,LAMA2_CD44,0.0144647550115577,0.014464755587988,LAMA2,CD44,1,1,False,5.764302993260806e-10,5.764302993260806e-10,3.985067675839383e-08
1.5,LAMA2_DAG1,0.5613688478561293,0.5613688474272471,LAMA2,DAG1,1,1,False,-4.2888215201486446e-10,4.2888215201486446e-10,7.639935020490854e-10
1.5,LAMA2_ITGA1_ITGB1,0.0187993963731379,0.0942542957381119,LAMA2,ITGA1_ITGB1,1,2,True,0.07545489936497402,0.07545489936497402,0.8005459992468404
1.5,LAMA2_ITGA3_ITGB1,0.0691259729316875,0.1800771764605704,LAMA2,ITGA3_ITGB1,1,2,True,0.1109512035288829,0.1109512035288829,0.6161314038216094
1.5,LAMA2_ITGA6_ITGB1,0.2199511401069964,0.3210390019738708,LAMA2,ITGA6_ITGB1,1,2,True,0.1010878618668744,0.1010878618668744,0.3148771994846343
1.5,LAMA2_ITGA6_ITGB4,0.2037964712421043,0.2116871271474384,LAMA2,ITGA6_ITGB4,1,2,True,0.00789065590533411,0.00789065590533411,0.03727508616921392
1.5,LAMA2_ITGA7_ITGB1,0.0208891867701197,0.0994516066614458,LAMA2,ITGA7_ITGB1,1,2,True,0.07856241989132609,0.07856241989132609,0.789956266455997
1.5,LAMA2_ITGA9_ITGB1,0.0241889818452874,0.1068681795514621,LAMA2,ITGA9_ITGB1,1,2,True,0.08267919770617471,0.08267919770617471,0.7736559006917559
1.5,LAMA2_SV2A,0.484675430521131,0.484675408312332,LAMA2,SV2A,1,1,False,-2.220879896652761e-08,2.220879896652761e-08,4.5822002866223986e-08
1.5,LAMA2_SV2B,0.4623973073205212,0.4623973204183477,LAMA2,SV2B,1,1,False,1.3097826490060527e-08,1.3097826490060527e-08,2.832591347677025e-08
1.5,LAMA3_CD44,0.001677248789361,0.0016772490111961,LAMA3,CD44,1,1,False,2.218350999855928e-10,2.218350999855928e-10,1.322612793358543e-07
1.5,LAMA3_DAG1,0.0654272100844989,0.0654272165078353,LAMA3,DAG1,1,1,False,6.423336404437485e-09,6.423336404437485e-09,9.817529687615937e-08
1.5,LAMA3_ITGA1_ITGB1,0.0022393737496439,0.0111290309180144,LAMA3,ITGA1_ITGB1,1,2,True,0.0088896571683705,0.0088896571683705,0.7987808852234332
1.5,LAMA3_ITGA3_ITGB1,0.008221977528968,0.0212331304254548,LAMA3,ITGA3_ITGB1,1,2,True,0.0130111528964868,0.0130111528964868,0.6127760078602781
1.5,LAMA3_ITGA6_ITGB1,0.0254696636250986,0.0373441139202192,LAMA3,ITGA6_ITGB1,1,2,True,0.011874450295120596,0.011874450295120596,0.3179738129679232
1.5,LAMA3_ITGA6_ITGB4,0.0235624854442868,0.0244925427723457,LAMA3,ITGA6_ITGB4,1,2,True,0.000930057328058901,0.000930057328058901,0.03797308171322334
1.5,LAMA3_ITGA7_ITGB1,0.0024574624527777,0.0116708889220021,LAMA3,ITGA7_ITGB1,1,2,True,0.009213426469224401,0.009213426469224401,0.789436565697677
1.5,LAMA3_ITGA9_ITGB1,0.0028648873415717,0.0125810365055047,LAMA3,ITGA9_ITGB1,1,2,True,0.009716149163933,0.009716149163933,0.7722852691574181
1.5,LAMA3_SV2A,0.058333950345662,0.0583339531303186,LAMA3,SV2A,1,1,False,2.78465659558913e-09,2.78465659558913e-09,4.773646300582752e-08
1.5,LAMA3_SV2B,0.0556422210793468,0.0556422281954969,LAMA3,SV2B,1,1,False,7.116150099739649e-09,7.116150099739649e-09,1.2789117780721003e-07
1.5,LAMA4_CD44,0.0176665507953016,0.0176665520777317,LAMA4,CD44,1,1,False,1.2824301030833762e-09,1.2824301030833762e-09,7.259085402973741e-08
1.5,LAMA4_DAG1,0.6971770470538263,0.6971770639108987,LAMA4,DAG1,1,1,False,1.685707240461909e-08,1.685707240461909e-08,2.417904041486579e-08
1.5,LAMA4_ITGA1_ITGB1,0.0244630337317437,0.1208674180977371,LAMA4,ITGA1_ITGB1,1,2,True,0.0964043843659934,0.0964043843659934,0.7976043989624885
1.5,LAMA4_ITGA3_ITGB1,0.0887571559243588,0.2295934206508017,LAMA4,ITGA3_ITGB1,1,2,True,0.1408362647264429,0.1408362647264429,0.6134159433978149
1.5,LAMA4_ITGA6_ITGB1,0.2703910334962033,0.3994567098629033,LAMA4,ITGA6_ITGB1,1,2,True,0.12906567636670002,0.12906567636670002,0.3231030376508042
1.5,LAMA4_ITGA6_ITGB4,0.2501212191049568,0.2600051114288575,LAMA4,ITGA6_ITGB4,1,2,True,0.00988389232390069,0.00988389232390069,0.038014223141936636
1.5,LAMA4_ITGA7_ITGB1,0.0264868238655727,0.1259749667147892,LAMA4,ITGA7_ITGB1,1,2,True,0.09948814284921649,0.09948814284921649,0.7897453394408144
1.5,LAMA4_ITGA9_ITGB1,0.0306142708298509,0.1352363595833277,LAMA4,ITGA9_ITGB1,1,2,True,0.1046220887534768,0.1046220887534768,0.7736239652991583
1.5,LAMA4_SV2A,0.6186037618431585,0.6186037410773003,LAMA4,SV2A,1,1,False,-2.0765858144145e-08,2.0765858144145e-08,3.356891668791694e-08
1.5,LAMA4_SV2B,0.6189494315889696,0.6189494566418613,LAMA4,SV2B,1,1,False,2.5052891650112485e-08,2.5052891650112485e-08,4.047647409860912e-08
1.5,LAMA5_CD44,0.0493417508399969,0.0493417520463768,LAMA5,CD44,1,1,False,1.206379898754939e-09,1.206379898754939e-09,2.4449474303649587e-08
1.5,LAMA5_DAG1,1.891266499741072,1.891266405570572,LAMA5,DAG1,1,1,False,-9.417050006454986e-08,9.417050006454986e-08,4.979229530975274e-08
1.5,LAMA5_ITGA1_ITGB1,0.0613684010889527,0.3110360362138099,LAMA5,ITGA1_ITGB1,1,2,True,0.24966763512485718,0.24966763512485718,0.8026968134111402
1.5,LAMA5_ITGA3_ITGB1,0.2279200381457106,0.5980263703881432,LAMA5,ITGA3_ITGB1,1,2,True,0.3701063322424326,0.3701063322424326,0.6188796189743584
1.5,LAMA5_ITGA6_ITGB1,0.7519098993755541,1.0857359725748852,LAMA5,ITGA6_ITGB1,1,2,True,0.3338260731993311,0.3338260731993311,0.30746524167164085
1.5,LAMA5_ITGA6_ITGB4,0.6975502559465901,0.7241473903748998,LAMA5,ITGA6_ITGB4,1,2,True,0.026597134428309688,0.026597134428309688,0.03672889632943375
1.5,LAMA5_ITGA7_ITGB1,0.0681772895314291,0.3279923273535896,LAMA5,ITGA7_ITGB1,1,2,True,0.2598150378221605,0.2598150378221605,0.7921375476020477
1.5,LAMA5_ITGA9_ITGB1,0.077968722209065,0.3504610759326892,LAMA5,ITGA9_ITGB1,1,2,True,0.27249235372362424,0.27249235372362424,0.7775253014858634
1.5,LAMA5_SV2A,1.529397678564032,1.5293975158049355,LAMA5,SV2A,1,1,False,-1.6275909642260444e-07,1.6275909642260444e-07,1.0642038934923762e-07
1.5,LAMA5_SV2B,1.528985104623284,1.5289850674622505,LAMA5,SV2B,1,1,False,-3.7161033583643643e-08,3.7161033583643643e-08,2.4304379075556456e-08
1.5,LAMB3_CD44,0.0037909105020274,0.0037909104480453,LAMB3,CD44,1,1,False,-5.398210004003978e-11,5.398210004003978e-11,1.4239877203951362e-08
1.5,LAMB3_DAG1,0.1473744199129996,0.1473744055956461,LAMB3,DAG1,1,1,False,-1.4317353497217411e-08,1.4317353497217411e-08,9.714951553783525e-08
1.5,LAMB3_ITGA1_ITGB1,0.0049120052693207,0.0246944619563818,LAMB3,ITGA1_ITGB1,1,2,True,0.0197824566870611,0.0197824566870611,0.8010887915680508
1.5,LAMB3_ITGA3_ITGB1,0.018224912796469,0.0474634387552638,LAMB3,ITGA3_ITGB1,1,2,True,0.0292385259587948,0.0292385259587948,0.6160220735281676
1.5,LAMB3_ITGA6_ITGB1,0.0581051011802836,0.0845990153005953,LAMB3,ITGA6_ITGB1,1,2,True,0.0264939141203117,0.0264939141203117,0.31317047871271464
1.5,LAMB3_ITGA6_ITGB4,0.0538694209418703,0.0559398429333634,LAMB3,ITGA6_ITGB4,1,2,True,0.002070421991493099,0.002070421991493099,0.03701158034997389
1.5,LAMB3_ITGA7_ITGB1,0.0053695319453094,0.0258390766460472,LAMB3,ITGA7_ITGB1,1,2,True,0.0204695447007378,0.0204695447007378,0.79219335044889
1.5,LAMB3_ITGA9_ITGB1,0.0061209309243415,0.0275606653782099,LAMB3,ITGA9_ITGB1,1,2,True,0.0214397344538684,0.0214397344538684,0.7779106258740455
1.5,LAMB3_SV2A,0.1213398927070623,0.1213398756988937,LAMB3,SV2A,1,1,False,-1.7008168595733508e-08,1.7008168595733508e-08,1.4016963602229713e-07
1.5,LAMB3_SV2B,0.1269735879021699,0.1269735775735567,LAMB3,SV2B,1,1,False,-1.0328613186949553e-08,1.0328613186949553e-08,8.134458006264659e-08
1.5,LAMC1_CD44,0.0509235727724231,0.0509235734667736,LAMC1,CD44,1,1,False,6.943505007073192e-10,6.943505007073192e-10,1.3635148781543505e-08
1.5,LAMC1_DAG1,1.9752774866756644,1.9752773888240776,LAMC1,DAG1,1,1,False,-9.785158683328632e-08,9.785158683328632e-08,4.953814716835949e-08
1.5,LAMC1_ITGA1_ITGB1,0.0660367339530943,0.3317423134378637,LAMC1,ITGA1_ITGB1,1,2,True,0.2657055794847694,0.2657055794847694,0.8009396713106869
1.5,LAMC1_ITGA3_ITGB1,0.2420771349817672,0.6339652100171609,LAMC1,ITGA3_ITGB1,1,2,True,0.3918880750353937,0.3918880750353937,0.618153912617359
1.5,LAMC1_ITGA6_ITGB1,0.7789817977764875,1.1350035324919994,LAMC1,ITGA6_ITGB1,1,2,True,0.3560217347155119,0.3560217347155119,0.3136745609362423
1.5,LAMC1_ITGA6_ITGB4,0.7220793724580644,0.7498931391978395,LAMC1,ITGA6_ITGB4,1,2,True,0.027813766739775092,0.027813766739775092,0.03709030698630937
1.5,LAMC1_ITGA7_ITGB1,0.0728184156750583,0.3487508428632384,LAMC1,ITGA7_ITGB1,1,2,True,0.27593242718818006,0.27593242718818006,0.7912021801088124
1.5,LAMC1_ITGA9_ITGB1,0.0833323254300423,0.3727334644567692,LAMC1,ITGA9_ITGB1,1,2,True,0.2894011390267269,0.2894011390267269,0.7764291823072745
1.5,LAMC1_SV2A,1.6387896190458613,1.638789461121268,LAMC1,SV2A,1,1,False,-1.5792459318042518e-07,1.5792459318042518e-07,9.636660578334166e-08
1.5,LAMC1_SV2B,1.6434824221080788,1.6434823636137272,LAMC1,SV2B,1,1,False,-5.849435158467031e-08,5.849435158467031e-08,3.559171111160421e-08
1.5,LAMC3_CD44,0.0020802320080438,0.0020802317851405,LAMC3,CD44,1,1,False,-2.2290329998453373e-10,2.2290329998453373e-10,1.0715309596363081e-07
1.5,LAMC3_DAG1,0.0800622769074744,0.080062265678207,LAMC3,DAG1,1,1,False,-1.1229267404821996e-08,1.1229267404821996e-08,1.4025665817372803e-07
1.5,LAMC3_ITGA1_ITGB1,0.0027785564588801,0.013736187301928,LAMC3,ITGA1_ITGB1,1,2,True,0.0109576308430479,0.0109576308430479,0.7977199642225246
1.5,LAMC3_ITGA3_ITGB1,0.0099239586319779,0.0259249256355745,LAMC3,ITGA3_ITGB1,1,2,True,0.0160009670035966,0.0160009670035966,0.6172039692040573
1.5,LAMC3_ITGA6_ITGB1,0.0315362328326951,0.0460704737996389,LAMC3,ITGA6_ITGB1,1,2,True,0.0145342409669438,0.0145342409669438,0.3154784348464356
1.5,LAMC3_ITGA6_ITGB4,0.0292085146191542,0.0303453085845013,LAMC3,ITGA6_ITGB4,1,2,True,0.001136793965347098,0.001136793965347098,0.03746193459135588
1.5,LAMC3_ITGA7_ITGB1,0.0029753859476895,0.0142436163758609,LAMC3,ITGA7_ITGB1,1,2,True,0.0112682304281714,0.0112682304281714,0.7911074077555206
1.5,LAMC3_ITGA9_ITGB1,0.0034826258977639,0.015391451483203,LAMC3,ITGA9_ITGB1,1,2,True,0.011908825585439101,0.011908825585439101,0.7737298589697951
1.5,LAMC3_SV2A,0.0691258419639849,0.0691258297339736,LAMC3,SV2A,1,1,False,-1.2230011295355503e-08,1.2230011295355503e-08,1.76923867368262e-07
1.5,LAMC3_SV2B,0.0675286490693779,0.0675286409242178,LAMC3,SV2B,1,1,False,-8.145160101946658e-09,8.145160101946658e-09,1.206178446362587e-07
1.5,LRRC4C_NTNG1,1.2946804033237087,1.2946804644356769,LRRC4C,NTNG1,1,1,False,6.111196815261621e-08,6.111196815261621e-08,4.72023559722542e-08
1.5,MAG_MAG,0.0003312974660533,0.0003312973545467,MAG,MAG,1,1,False,-1.1150660001466375e-10,1.1150660001466375e-10,3.365754689977746e-07
1.5,MPZ_MPZ,0.0343210404480381,0.0343210410660878,MPZ,MPZ,1,1,False,6.180497016949893e-10,6.180497016949893e-10,1.800789493841073e-08
1.5,MSTN_ACVR1B_ACVR2A,0.0164629352198414,0.0502740344786524,MSTN,ACVR1B_ACVR2A,1,2,True,0.033811099258811,0.033811099258811,0.6725360240019732
1.5,MSTN_TGFBR1_ACVR2A,0.0291091664943345,0.0658391985149671,MSTN,TGFBR1_ACVR2A,1,2,True,0.0367300320206326,0.0367300320206326,0.5578748351908147
1.5,NCAM1_FGFR1,0.2486335916092502,0.248633549005879,NCAM1,FGFR1,1,1,False,-4.2603371191995976e-08,4.2603371191995976e-08,1.713500211948471e-07
1.5,NCAM1_L1CAM,0.2898226180390011,0.2898225722007717,NCAM1,L1CAM,1,1,False,-4.583822943438065e-08,4.583822943438065e-08,1.5815960032564556e-07
1.5,NCAM1_NCAM1,0.0056078726084888,0.0056078713579329,NCAM1,NCAM1,1,1,False,-1.2505559001535493e-09,1.2505559001535493e-09,2.2300005500491336e-07
1.5,NCAM1_NCAM2,0.1853230139665252,0.1853229824639276,NCAM1,NCAM2,1,1,False,-3.150259761386387e-08,3.150259761386387e-08,1.6998750958989997e-07
1.5,NCAM2_L1CAM,10.00051347451739,10.000513109872456,NCAM2,L1CAM,1,1,False,-3.6464493469168247e-07,3.6464493469168247e-07,3.6462621206485565e-08
1.5,NEGR1_NEGR1,3.134801654019668,3.1348014689364057,NEGR1,NEGR1,1,1,False,-1.850832624938903e-07,1.850832624938903e-07,5.904145873362138e-08
1.5,NFASC_CNTN1_CNTNAP1,0.0225407178592164,0.508567276213989,NFASC,CNTN1_CNTNAP1,1,2,True,0.4860265583547726,0.4860265583547726,0.9556780018820322
1.5,NMB_NMBR,0.3227436911033062,0.3227436864781242,NMB,NMBR,1,1,False,-4.6251820151610445e-09,4.6251820151610445e-09,1.4330820842228585e-08
1.5,NMU_NMUR1,0.0112826138593466,0.0112826159809284,NMU,NMUR1,1,1,False,2.121581800865191e-09,2.121581800865191e-09,1.8803988405272434e-07
1.5,NPB_NPBWR1,0.000445830123418,0.0004458301200703,NPB,NPBWR1,1,1,False,-3.347699992651415e-12,3.347699992651415e-12,7.508913859355101e-09
1.5,NPFF_NPFFR2,0.0030264142057028,0.0030264141668684,NPFF,NPFFR2,1,1,False,-3.883440010538086e-11,3.883440010538086e-11,1.283181926393405e-08
1.5,NPPC_NPR2,0.0220347056769256,0.0220347022518437,NPPC,NPR2,1,1,False,-3.4250819021253154e-09,3.4250819021253154e-09,1.5544032910373782e-07
1.5,NPW_NPBWR1,0.0029202905358035,0.0029202904449989,NPW,NPBWR1,1,1,False,-9.080459995036705e-11,9.080459995036705e-11,3.109437189111142e-08
1.5,NPY_GPR83,0.0202716955992193,0.0202716920964031,NPY,GPR83,1,1,False,-3.5028161968209126e-09,3.5028161968209126e-09,1.7279344885959184e-07
1.5,NPY_NPY1R,0.5877276268385241,0.5877275840114664,NPY,NPY1R,1,1,False,-4.282705767799655e-08,4.282705767799655e-08,7.286888640639505e-08
1.5,NPY_NPY2R,0.1326049781262274,0.1326049768165972,NPY,NPY2R,1,1,False,-1.3096302098336565e-09,1.3096302098336565e-09,9.876176809795273e-09
1.5,NRG1_ERBB2_ERBB3,0.0523161939156768,0.1401301802987495,NRG1,ERBB2_ERBB3,1,2,True,0.0878139863830727,0.0878139863830727,0.6266600542142907
1.5,NRG1_ERBB2_ERBB4,0.4013353306880833,0.8410685175527352,NRG1,ERBB2_ERBB4,1,2,True,0.43973318686465185,0.43973318686465185,0.5228268300234892
1.5,NRG1_ERBB3,0.0523161939156768,0.0523161888698813,NRG1,ERBB3,1,1,False,-5.045795503644257e-09,5.045795503644257e-09,9.644806179472968e-08
1.5,NRG1_ERBB4,1.8067135171096,1.8067135382475144,NRG1,ERBB4,1,1,False,2.1137914307800543e-08,2.1137914307800543e-08,1.1699649036949162e-08
1.5,NRG3_ERBB2_ERBB4,0.4566372420862297,0.943785536993874,NRG3,ERBB2_ERBB4,1,2,True,0.48714829490764433,0.48714829490764433,0.5161641875327936
1.5,NRG3_ERBB4,1.9960284389983989,1.9960284420039187,NRG3,ERBB4,1,1,False,3.0055198330103394e-09,3.0055198330103394e-09,1.5057500032378991e-09
1.5,NRG4_ERBB2_ERBB4,0.0197653849304038,0.0415475477415975,NRG4,ERBB2_ERBB4,1,2,True,0.021782162811193703,0.021782162811193703,0.5242707210222506
1.5,NRG4_ERBB4,0.0895444162151991,0.0895444117874605,NRG4,ERBB4,1,1,False,-4.4277385924385015e-09,4.4277385924385015e-09,4.944740029124167e-08
1.5,NRTN_GFRA2_RET,0.0011763744526121,0.0044686641995141,NRTN,GFRA2_RET,1,2,True,0.0032922897469020006,0.0032922897469020006,0.7367503128250243
1.5,NRXN1_NLGN1,4.020176406516514,4.020176409777074,NRXN1,NLGN1,1,1,False,3.2605598221380205e-09,3.2605598221380205e-09,8.110489415858307e-10
1.5,NRXN1_NLGN2,2.701771194758013,2.70177106431476,NRXN1,NLGN2,1,1,False,-1.304432530879751e-07,1.304432530879751e-07,4.828064394981396e-08
1.5,NRXN1_NLGN3,3.902028787050483,3.902028822602426,NRXN1,NLGN3,1,1,False,3.5551942723088814e-08,3.5551942723088814e-08,9.111143033376606e-09
1.5,NRXN2_NLGN1,9.198112241114377,9.19811209967906,NRXN2,NLGN1,1,1,False,-1.4143531679167154e-07,1.4143531679167154e-07,1.537655913345718e-08
1.5,NRXN2_NLGN2,6.166509358819236,6.166508969173918,NRXN2,NLGN2,1,1,False,-3.896453177887338e-07,3.896453177887338e-07,6.318733907886959e-08
1.5,NRXN2_NLGN3,8.875836055766765,8.8758359649993,NRXN2,NLGN3,1,1,False,-9.076746465552787e-08,9.076746465552787e-08,1.0226356602942759e-08
1.5,NRXN3_NLGN1,7.759273714461258,7.759273644970347,NRXN3,NLGN1,1,1,False,-6.949091080343806e-08,6.949091080343806e-08,8.955852488348898e-09
1.5,NRXN3_NLGN2,5.168006248009683,5.168005998324306,NRXN3,NLGN2,1,1,False,-2.4968537726266504e-07,2.4968537726266504e-07,4.8313675580176505e-08
1.5,NRXN3_NLGN3,7.446249424689092,7.446249406756817,NRXN3,NLGN3,1,1,False,-1.7932275220289284e-08,1.7932275220289284e-08,2.40822918996405e-09
1.5,NTS_NTSR1,1.8599978501602723,1.859997736471639,NTS,NTSR1,1,1,False,-1.1368863339633606e-07,1.1368863339633606e-07,6.112299182847966e-08
1.5,PDGFA_PDGFRA,0.0319565191044705,0.0319565146494769,PDGFA,PDGFRA,1,1,False,-4.454993596247903e-09,4.454993596247903e-09,1.3940797436929478e-07
1.5,PDGFA_PDGFRB,0.0247604076914245,0.0247604074509501,PDGFA,PDGFRB,1,1,False,-2.404744008088766e-10,2.404744008088766e-10,9.71205336381284e-09
1.5,PDGFC_PDGFRA,0.045782260922439,0.0457822561689862,PDGFC,PDGFRA,1,1,False,-4.753452798045288e-09,4.753452798045288e-09,1.0382739301796923e-07
1.5,PDGFD_PDGFRB,0.179411173186082,0.1794111742766813,PDGFD,PDGFRB,1,1,False,1.0905993053089702e-09,1.0905993053089702e-09,6.078770231039724e-09
1.5,PECAM1_PECAM1,0.011313249438579,0.0113132481441527,PECAM1,PECAM1,1,1,False,-1.2944263005215673e-09,1.2944263005215673e-09,1.1441684438667814e-07
1.5,PLG_F2R,0.0235395073303571,0.0235395066911272,PLG,F2R,1,1,False,-6.392299016499958e-10,6.392299016499958e-10,2.7155619388245647e-08
1.5,PLG_F2RL2,0.0028599356778696,0.0028599355757373,PLG,F2RL2,1,1,False,-1.0213230001304696e-10,1.0213230001304696e-10,3.5711397568607744e-08
1.5,PROS1_AXL,0.8818261475591768,0.8818260803911832,PROS1,AXL,1,1,False,-6.71679936115055e-08,6.71679936115055e-08,7.616920160217641e-08
1.5,PROS1_TYRO3,0.6965193161065244,0.6965193005812529,PROS1,TYRO3,1,1,False,-1.5525271512828454e-08,1.5525271512828454e-08,2.228979319570521e-08
1.5,PRSS1_F2R,0.0562443190492178,0.0562443178628631,PRSS1,F2R,1,1,False,-1.1863546950374726e-09,1.1863546950374726e-09,2.109288040271814e-08
1.5,PRSS1_F2RL2,0.0069838784797516,0.0069838783976998,PRSS1,F2RL2,1,1,False,-8.205180025006031e-11,8.205180025006031e-11,1.1748743980576636e-08
1.5,PSAP_GPR37L1,31.46197176192491,31.46197199025719,PSAP,GPR37L1,1,1,False,2.2833227930618705e-07,2.2833227930618705e-07,7.2574052057796815e-09
1.5,PTHLH_PTH1R,0.0031032436815693,0.003103243974982,PTHLH,PTH1R,1,1,False,2.934126999525055e-10,2.934126999525055e-10,9.455031648106476e-08
1.5,PTPRC_MRC1,0.0048891203563423,0.0048891202976575,PTPRC,MRC1,1,1,False,-5.868480007498178e-11,5.868480007498178e-11,1.2003140810157039e-08
1.5,PTPRM_PTPRM,0.1000076106848816,0.1000076244982991,PTPRM,PTPRM,1,1,False,1.3813417493180324e-08,1.3813417493180324e-08,1.3812364369693892e-07
1.5,RELN_ITGA3_ITGB1,0.1764086319717393,0.4596456063122348,RELN,ITGA3_ITGB1,1,2,True,0.28323697434049544,0.28323697434049544,0.616207291989416
1.5,SEMA3A_NRP1_PLXNA1,1.1393024602463082,1.305465631528081,SEMA3A,NRP1_PLXNA1,1,2,True,0.16616317128177283,0.16616317128177283,0.1272826854026594
1.5,SEMA3A_NRP1_PLXNA3,1.0409462323340466,1.2494185505319175,SEMA3A,NRP1_PLXNA3,1,2,True,0.20847231819787093,0.20847231819787093,0.16685546897724352
1.5,SEMA3A_NRP1_PLXNA4,1.1393024602463082,1.3195877740675128,SEMA3A,NRP1_PLXNA4,1,2,True,0.1802853138212046,0.1802853138212046,0.13662244934680703
1.5,SEMA3C_NRP1_NRP2_PLXND1,0.0284246293251827,0.1726098484141228,SEMA3C,NRP1_NRP2_PLXND1,1,3,True,0.1441852190889401,0.1441852190889401,0.8353244059574934
1.5,SEMA3C_NRP1_PLXNA1,0.4243751378023624,0.4639764625087373,SEMA3C,NRP1_PLXNA1,1,2,True,0.039601324706374896,0.039601324706374896,0.08535201223839917
1.5,SEMA3C_NRP1_PLXNA3,0.3776315539477304,0.4359848087649303,SEMA3C,NRP1_PLXNA3,1,2,True,0.058353254817199884,0.058353254817199884,0.133842403781234
1.5,SEMA3C_NRP1_PLXNA4,0.4243751378023624,0.4756863838709391,SEMA3C,NRP1_PLXNA4,1,2,True,0.05131124606857668,0.05131124606857668,0.10786780494120302
1.5,SEMA3C_NRP2_PLXNA1,0.446086780640613,0.4814922484971221,SEMA3C,NRP2_PLXNA1,1,2,True,0.035405467856509054,0.035405467856509054,0.07353278888085917
1.5,SEMA3C_NRP2_PLXNA3,0.4171218763497235,0.455458040020235,SEMA3C,NRP2_PLXNA3,1,2,True,0.038336163670511514,0.038336163670511514,0.08417057182437337
1.5,SEMA3C_NRP2_PLXNA4,0.4506545208450493,0.4934755553162161,SEMA3C,NRP2_PLXNA4,1,2,True,0.04282103447116681,0.04282103447116681,0.08677437820344992
1.5,SEMA3C_PLXND1,0.0284246293251827,0.0284246351715136,SEMA3C,PLXND1,1,1,False,5.846330898562346e-09,5.846330898562346e-09,2.056783090894824e-07
1.5,SEMA3E_PLXND1,0.0133222757767698,0.0133222761327361,SEMA3E,PLXND1,1,1,False,3.5596630157397335e-10,3.5596630157397335e-10,2.671963094198872e-08
1.5,SEMA3F_NRP2_PLXNA1,0.5306578867195275,0.5753297490292548,SEMA3F,NRP2_PLXNA1,1,2,True,0.044671862309727306,0.044671862309727306,0.07764566735007439
1.5,SEMA3F_NRP2_PLXNA3,0.4989296871738459,0.5492994767516938,SEMA3F,NRP2_PLXNA3,1,2,True,0.05036978957784788,0.05036978957784788,0.09169822967193017
1.5,SEMA3F_NRP2_PLXNA4,0.533618575231637,0.5833551236994932,SEMA3F,NRP2_PLXNA4,1,2,True,0.049736548467856134,0.049736548467856134,0.08525946965621782
1.5,SEMA3G_NRP2_PLXNA1,0.268651933606452,0.2935263812087733,SEMA3G,NRP2_PLXNA1,1,2,True,0.02487444760232127,0.02487444760232127,0.08474348199942239
1.5,SEMA3G_NRP2_PLXNA3,0.2549016514920162,0.2821524239650902,SEMA3G,NRP2_PLXNA3,1,2,True,0.027250772473074003,0.027250772473074003,0.09658174149319253
1.5,SEMA3G_NRP2_PLXNA4,0.2715194025313948,0.2993807171308058,SEMA3G,NRP2_PLXNA4,1,2,True,0.02786131459941099,0.02786131459941099,0.09306315672708404
1.5,SEMA4A_NRP1_PLXNA1,1.317534141613194,1.4564539616887269,SEMA4A,NRP1_PLXNA1,1,2,True,0.13891982007553283,0.13891982007553283,0.09538222541168298
1.5,SEMA4A_NRP1_PLXNA3,1.1677604688709642,1.3684918879113344,SEMA4A,NRP1_PLXNA3,1,2,True,0.20073141904037017,0.20073141904037017,0.1466807518652794
1.5,SEMA4A_NRP1_PLXNA4,1.317534141613194,1.483419511651759,SEMA4A,NRP1_PLXNA4,1,2,True,0.16588537003856496,0.16588537003856496,0.11182633687611052
1.5,SEMA4A_PLXNB2,1.365006912481503,1.3650068985943646,SEMA4A,PLXNB2,1,1,False,-1.3887138328172455e-08,1.3887138328172455e-08,1.0173676192545023e-08
1.5,SEMA4A_PLXNB3,0.7494295755731327,0.7494295796252602,SEMA4A,PLXNB3,1,1,False,4.052127522413684e-09,4.052127522413684e-09,5.406949008390999e-09
1.5,SEMA4C_PLXNB2,1.0073103392667078,1.0073102756423449,SEMA4C,PLXNB2,1,1,False,-6.362436288931406e-08,6.362436288931406e-08,6.316262268848617e-08
1.5,SEMA4G_PLXNB2,0.164932549190345,0.1649325375855522,SEMA4G,PLXNB2,1,1,False,-1.1604792793384888e-08,1.1604792793384888e-08,7.036084053968058e-08
1.5,SEMA5A_PLXNA1,2.777324739348257,2.777324746446644,SEMA5A,PLXNA1,1,1,False,7.098387211357249e-09,7.098387211357249e-09,2.555836230688919e-09
1.5,SEMA5A_PLXNA3,2.5231930993621567,2.52319297650517,SEMA5A,PLXNA3,1,1,False,-1.2285698680614132e-07,1.2285698680614132e-07,4.869107593754858e-08
1.5,SEMA5A_PLXNB3,1.2519716708022226,1.2519716644035856,SEMA5A,PLXNB3,1,1,False,-6.39863695361953e-09,6.39863695361953e-09,5.110848035019428e-09
1.5,SEMA5B_PLXNA1,10.93147503101398,10.931474518578238,SEMA5B,PLXNA1,1,1,False,-5.124357418395675e-07,5.124357418395675e-07,4.687709027242183e-08
1.5,SEMA5B_PLXNA3,9.893037748139418,9.893036688745308,SEMA5B,PLXNA3,1,1,False,-1.0593941102143845e-06,1.0593941102143845e-06,1.0708481430929791e-07
1.5,SEMA6A_PLXNA4,6.477090826040572,6.477090700721044,SEMA6A,PLXNA4,1,1,False,-1.253195280881414e-07,1.253195280881414e-07,1.9348119619429342e-08
1.5,SEMA6D_PLXNA1,4.500769354592057,4.500769162318853,SEMA6D,PLXNA1,1,1,False,-1.9227320446901786e-07,1.9227320446901786e-07,4.2720075018473195e-08
1.5,SEMA6D_PLXNA1_KDR,0.1391511472866655,0.7854811153668145,SEMA6D,PLXNA1_KDR,1,2,True,0.6463299680801491,0.6463299680801491,0.8228459671857512
1.5,SST_SSTR2,0.4695737771018384,0.4695738085429254,SST,SSTR2,1,1,False,3.144108701169657e-08,3.144108701169657e-08,6.695664545102588e-08
1.5,SST_SSTR4,0.1083737926649329,0.1083737821278015,SST,SSTR4,1,1,False,-1.0537131403531852e-08,1.0537131403531852e-08,9.722951595973267e-08
1.5,SST_SSTR5,1.6640665067559273,1.6640664622683978,SST,SSTR5,1,1,False,-4.4487529438086426e-08,4.4487529438086426e-08,2.673422561987273e-08
1.5,TAC1_TACR1,0.1049116213310538,0.1049116126544064,TAC1,TACR1,1,1,False,-8.676647400562842e-09,8.676647400562842e-09,8.270434953229111e-08
1.5,TGFB2_ACVR1B_TGFBR2,0.0560929568203934,0.0732374896337734,TGFB2,ACVR1B_TGFBR2,1,2,True,0.01714453281338,0.01714453281338,0.234095036559989
1.5,TGFB2_ACVR1C_TGFBR2,0.0086941576537462,0.0218975331968052,TGFB2,ACVR1C_TGFBR2,1,2,True,0.013203375543059,0.013203375543059,0.6029617776757312
1.5,TGFB2_TGFBR1_TGFBR2,0.0560929568203934,0.1013616732175446,TGFB2,TGFBR1_TGFBR2,1,2,True,0.04526871639715121,0.04526871639715121,0.44660585170091377
1.5,TGFB3_ACVR1B_TGFBR2,0.013964714845051,0.017888896037397,TGFB3,ACVR1B_TGFBR2,1,2,True,0.003924181192346001,0.003924181192346001,0.2193640783725526
1.5,TGFB3_ACVR1C_TGFBR2,0.0021241760545239,0.0054151350320065,TGFB3,ACVR1C_TGFBR2,1,2,True,0.0032909589774825997,0.0032909589774825997,0.6077335021252799
1.5,TGFB3_TGFBR1_TGFBR2,0.013964714845051,0.0251044069604877,TGFB3,TGFBR1_TGFBR2,1,2,True,0.0111396921154367,0.0111396921154367,0.44373452569382227
1.5,THBS1_ITGA3_ITGB1,1.0995342814044533,2.8839294839110794,THBS1,ITGA3_ITGB1,1,2,True,1.784395202506626,1.784395202506626,0.6187374595881917
1.5,THBS1_SDC4,6.212929823009411,6.212929766282922,THBS1,SDC4,1,1,False,-5.6726488395497654e-08,5.6726488395497654e-08,9.130392586346735e-09
1.5,THBS2_ITGA3_ITGB1,0.0439693057278942,0.1144331538699303,THBS2,ITGA3_ITGB1,1,2,True,0.0704638481420361,0.0704638481420361,0.6157642759905785
1.5,THBS2_SDC4,0.2359932907531574,0.2359932988783167,THBS2,SDC4,1,1,False,8.125159295380158e-09,8.125159295380158e-09,3.4429618696798964e-08
1.5,THBS3_ITGA3_ITGB1,0.1568491147844105,0.4113413021904061,THBS3,ITGA3_ITGB1,1,2,True,0.2544921874059956,0.2544921874059956,0.618688631680836
1.5,THBS3_SDC4,0.88767615498955,0.8876761436797184,THBS3,SDC4,1,1,False,-1.130983162678234e-08,1.130983162678234e-08,1.2740943375814217e-08
1.5,THY1_ITGAM_ITGB2,0.0056743960377227,0.0147656876111932,THY1,ITGAM_ITGB2,1,2,True,0.0090912915734705,0.0090912915734705,0.6157039084707984
1.5,TNC_ITGA8_ITGB1,0.1800341593044185,1.1384150898146754,TNC,ITGA8_ITGB1,1,2,True,0.958380930510257,0.958380930510257,0.8418554348803242
1.5,TNC_ITGA9_ITGB1,0.3639574234263222,1.6206684496429635,TNC,ITGA9_ITGB1,1,2,True,1.2567110262166414,1.2567110262166414,0.7754275876065196
1.5,TNC_SDC4,5.8677984311244575,5.867798197474397,TNC,SDC4,1,1,False,-2.33650060188495e-07,2.33650060188495e-07,3.9819033140121035e-08
1.5,TNN_ITGA8_ITGB1,0.0010085309250947,0.0063166995410527,TNN,ITGA8_ITGB1,1,2,True,0.005308168615958,0.005308168615958,0.8403389430603462
1.5,TNN_ITGA9_ITGB1,0.0020838745270555,0.0091148815771097,TNN,ITGA9_ITGB1,1,2,True,0.007031007050054201,0.007031007050054201,0.7713766756675418
1.5,TNN_SDC4,0.0318972247182,0.0318972225046533,TNN,SDC4,1,1,False,-2.2135467001027642e-09,2.2135467001027642e-09,6.939621611781646e-08
1.5,TNR_ITGA8_ITGB1,0.022237554244115,0.1389412250765907,TNR,ITGA8_ITGB1,1,2,True,0.11670367083247571,0.11670367083247571,0.8399499196019278
1.5,TNR_ITGA9_ITGB1,0.0451643544209531,0.1984638472291705,TNR,ITGA9_ITGB1,1,2,True,0.1532994928082174,0.1532994928082174,0.7724303189144528
1.5,TNR_SDC4,0.7005515507690278,0.7005515701822869,TNR,SDC4,1,1,False,1.9413259111367154e-08,1.9413259111367154e-08,2.771139190554627e-08
1.5,UCN_CRHR2,0.08596847116774,0.0859684653904649,UCN,CRHR2,1,1,False,-5.777275088880707e-09,5.777275088880707e-09,6.720225462202533e-08
1.5,UTS2B_SSTR5,0.0097600611354607,0.0097600606239784,UTS2B,SSTR5,1,1,False,-5.114823009577663e-10,5.114823009577663e-10,5.240564519615819e-08
1.5,VEGFA_FLT1,0.0583328625947374,0.058332856452943,VEGFA,FLT1,1,1,False,-6.141794399450173e-09,6.141794399450173e-09,1.0528875365023259e-07
1.5,VEGFA_FLT1_KDR,0.0367604921239308,0.0461225300740828,VEGFA,FLT1_KDR,1,2,True,0.009362037950151995,0.009362037950151995,0.20298188185068186
1.5,VEGFA_KDR,0.0368171183661738,0.0368171150099773,VEGFA,KDR,1,1,False,-3.356196501269615e-09,3.356196501269615e-09,9.115858736932446e-08
1.5,VEGFC_FLT4,0.0027671492141905,0.0027671492122186,VEGFC,FLT4,1,1,False,-1.971900073782784e-12,1.971900073782784e-12,7.126106766019275e-10
1.5,VEGFC_FLT4_KDR,0.0027671492141905,0.0042747573604766,VEGFC,FLT4_KDR,1,2,True,0.0015076081462860997,0.0015076081462860997,0.352676893482912
1.5,VEGFC_KDR,0.0066660414572636,0.0066660411484431,VEGFC,KDR,1,1,False,-3.088205004220246e-10,3.088205004220246e-10,4.632741971406744e-08
1.5,VEGFD_FLT4,0.013843289749155,0.0138432884273092,VEGFD,FLT4,1,1,False,-1.3218457994845778e-09,1.3218457994845778e-09,9.548639257263713e-08
1.5,VEGFD_FLT4_KDR,0.013843289749155,0.0215731182733219,VEGFD,FLT4_KDR,1,2,True,0.0077298285241668985,0.0077298285241668985,0.3583083551591095
1.5,VEGFD_KDR,0.033945660453177,0.0339456558943764,VEGFD,KDR,1,1,False,-4.558800600906743e-09,4.558800600906743e-09,1.3429700704144294e-07
1.5,VIP_VIPR1,0.0373505645275503,0.0373505624827079,VIP,VIPR1,1,1,False,-2.0448423995733656e-09,2.0448423995733656e-09,5.474729566845131e-08
1.5,VIP_VIPR2,0.0044904569587466,0.0044904566817792,VIP,VIPR2,1,1,False,-2.769673995359212e-10,2.769673995359212e-10,6.167911241114085e-08
1.5,VSIR_IGSF11,1.6622581694578735,1.6622581687070324,VSIR,IGSF11,1,1,False,-7.508411670187343e-10,7.508411670187343e-10,4.5169948977517283e-10
1.5,WNT10B_FZD10_LRP5,0.0212640488881163,0.0450732812961278,WNT10B,FZD10_LRP5,1,2,True,0.023809232408011503,0.023809232408011503,0.5282338388365111
1.5,WNT10B_FZD10_LRP6,0.0212640488881163,0.0473707376232347,WNT10B,FZD10_LRP6,1,2,True,0.026106688735118403,0.026106688735118403,0.5511142541785844
1.5,WNT10B_FZD2_LRP5,0.0963086319678564,0.1778885160836358,WNT10B,FZD2_LRP5,1,2,True,0.08157988411577939,0.08157988411577939,0.4586011841114236
1.5,WNT10B_FZD2_LRP6,0.1062686628796304,0.1865827498545863,WNT10B,FZD2_LRP6,1,2,True,0.08031408697495591,0.08031408697495591,0.4304475469331912
1.5,WNT10B_FZD3_LRP5,0.0963086319678564,0.1063403188638456,WNT10B,FZD3_LRP5,1,2,True,0.010031686895989197,0.010031686895989197,0.09433568568506379
1.5,WNT10B_FZD3_LRP6,0.103536391306866,0.1132356332522063,WNT10B,FZD3_LRP6,1,2,True,0.009699241945340303,0.009699241945340303,0.0856553866196648
1.5,WNT10B_FZD4_LRP5,0.0023964655157624,0.0146474839427211,WNT10B,FZD4_LRP5,1,2,True,0.0122510184269587,0.0122510184269587,0.8363906371132568
1.5,WNT10B_FZD4_LRP6,0.0023964655157624,0.016026531215748,WNT10B,FZD4_LRP6,1,2,True,0.0136300656999856,0.0136300656999856,0.8504688579517704
1.5,WNT10B_FZD5_LRP5,0.0182253594389204,0.0417109128721081,WNT10B,FZD5_LRP5,1,2,True,0.023485553433187697,0.023485553433187697,0.5630553688718806
1.5,WNT10B_FZD5_LRP6,0.0182253594389204,0.0434956168832409,WNT10B,FZD5_LRP6,1,2,True,0.025270257444320498,0.025270257444320498,0.5809839991959573
1.5,WNT10B_FZD6_LRP5,0.0426352552170393,0.0639900532923165,WNT10B,FZD6_LRP5,1,2,True,0.021354798075277195,0.021354798075277195,0.3337205858811394
1.5,WNT10B_FZD6_LRP6,0.0426352552170393,0.0678737469899686,WNT10B,FZD6_LRP6,1,2,True,0.025238491772929306,0.025238491772929306,0.3718446806341696
1.5,WNT10B_FZD7_LRP5,0.0349512450966836,0.0577856234521964,WNT10B,FZD7_LRP5,1,2,True,0.022834378355512802,0.022834378355512802,0.3951567360764519
1.5,WNT10B_FZD7_LRP6,0.0349512450966836,0.0613142211965489,WNT10B,FZD7_LRP6,1,2,True,0.0263629760998653,0.0263629760998653,0.4299651138902365
1.5,WNT10B_FZD8_LRP5,0.0672245859872765,0.0800351851146783,WNT10B,FZD8_LRP5,1,2,True,0.012810599127401803,0.012810599127401803,0.16006209155443515
1.5,WNT10B_FZD8_LRP6,0.0672245859872765,0.0831313036354154,WNT10B,FZD8_LRP6,1,2,True,0.015906717648138904,0.015906717648138904,0.19134449903372333
1.5,WNT11_FZD10,0.0855476245852592,0.0855476226833418,WNT11,FZD10,1,1,False,-1.90191740134793e-09,1.90191740134793e-09,2.2232264315561736e-08
1.5,WNT11_FZD2,1.254412161227949,1.2544122433548597,WNT11,FZD2,1,1,False,8.21269106054956e-08,8.21269106054956e-08,6.547043130402768e-08
1.5,WNT11_FZD3,0.444935238024944,0.4449352404084016,WNT11,FZD3,1,1,False,2.3834575979542194e-09,2.3834575979542194e-09,5.3568640590627696e-09
1.5,WNT11_FZD4,0.0078974780622347,0.0078974788113,WNT11,FZD4,1,1,False,7.490653011060777e-10,7.490653011060777e-10,9.484866233946558e-08
1.5,WNT11_FZD5,0.0677027517857093,0.067702749781579,WNT11,FZD5,1,1,False,-2.0041302922768622e-09,2.0041302922768622e-09,2.960190301599963e-08
1.5,WNT11_FZD6,0.1608693050607731,0.1608692938692634,WNT11,FZD6,1,1,False,-1.1191509691199641e-08,1.1191509691199641e-08,6.956895653258228e-08
1.5,WNT11_FZD7,0.1266769651782982,0.1266769751803498,WNT11,FZD7,1,1,False,1.0002051575863646e-08,1.0002051575863646e-08,7.895713930352176e-08
1.5,WNT11_FZD8,0.2572851565404874,0.2572851381197656,WNT11,FZD8,1,1,False,-1.842072178126486e-08,1.842072178126486e-08,7.159651970970235e-08
1.5,WNT2B_FZD10_LRP5,0.117091738483121,0.2391991269307817,WNT2B,FZD10_LRP5,1,2,True,0.12210738844766071,0.12210738844766071,0.5104842564203654
1.5,WNT2B_FZD10_LRP6,0.117091738483121,0.2465936973848744,WNT2B,FZD10_LRP6,1,2,True,0.12950195890175342,0.12950195890175342,0.5251632960417132
1.5,WNT2B_FZD2_LRP5,0.4920131827572053,0.9107797646722622,WNT2B,FZD2_LRP5,1,2,True,0.4187665819150569,0.4187665819150569,0.4597890710338159
1.5,WNT2B_FZD2_LRP6,0.5211284802934443,0.9377614877538406,WNT2B,FZD2_LRP6,1,2,True,0.41663300746039633,0.41663300746039633,0.44428462130421925
1.5,WNT2B_FZD3_LRP5,0.4920131827572053,0.5421990714510333,WNT2B,FZD3_LRP5,1,2,True,0.05018588869382801,0.05018588869382801,0.09255989420918874
1.5,WNT2B_FZD3_LRP6,0.518101282612192,0.562846446984506,WNT2B,FZD3_LRP6,1,2,True,0.04474516437231402,0.04474516437231402,0.0794979956114847
1.5,WNT2B_FZD4_LRP5,0.010342033628827,0.069576093761529,WNT2B,FZD4_LRP5,1,2,True,0.059234060132702,0.059234060132702,0.8513565066720451
1.5,WNT2B_FZD4_LRP6,0.010342033628827,0.0733301490476093,WNT2B,FZD4_LRP6,1,2,True,0.0629881154187823,0.0629881154187823,0.858966144714741
1.5,WNT2B_FZD5_LRP5,0.0901410446221069,0.2099664858285932,WNT2B,FZD5_LRP5,1,2,True,0.1198254412064863,0.1198254412064863,0.5706884159803778
1.5,WNT2B_FZD5_LRP6,0.0901410446221069,0.2155940524331015,WNT2B,FZD5_LRP6,1,2,True,0.1254530078109946,0.1254530078109946,0.5818945671051036
1.5,WNT2B_FZD6_LRP5,0.2168110918512469,0.3263710804412364,WNT2B,FZD6_LRP5,1,2,True,0.10955998858998953,0.10955998858998953,0.33569147254674103
1.5,WNT2B_FZD6_LRP6,0.2168110918512469,0.3378985938064894,WNT2B,FZD6_LRP6,1,2,True,0.12108750195524251,0.12108750195524251,0.35835456013938877
1.5,WNT2B_FZD7_LRP5,0.1685737428243962,0.2870904454815335,WNT2B,FZD7_LRP5,1,2,True,0.11851670265713732,0.11851670265713732,0.41282008691842953
1.5,WNT2B_FZD7_LRP6,0.1685737428243962,0.2972759112869251,WNT2B,FZD7_LRP6,1,2,True,0.1287021684625289,0.1287021684625289,0.43293843724292885
1.5,WNT2B_FZD8_LRP5,0.3455739324455832,0.4112762046404411,WNT2B,FZD8_LRP5,1,2,True,0.06570227219485791,0.06570227219485791,0.15975218467185143
1.5,WNT2B_FZD8_LRP6,0.3455739324455832,0.4215598915671656,WNT2B,FZD8_LRP6,1,2,True,0.0759859591215824,0.0759859591215824,0.1802494986871298
1.5,WNT3A_FZD10_LRP5,0.0309175268199981,0.0641618714707497,WNT3A,FZD10_LRP5,1,2,True,0.0332443446507516,0.0332443446507516,0.5181324030722378
1.5,WNT3A_FZD10_LRP6,0.0309175268199981,0.0662750732745569,WNT3A,FZD10_LRP6,1,2,True,0.0353575464545588,0.0353575464545588,0.5334969047575933
1.5,WNT3A_FZD2_LRP5,0.1341754484397551,0.2479076862629252,WNT3A,FZD2_LRP5,1,2,True,0.1137322378231701,0.1137322378231701,0.4587685018468863
1.5,WNT3A_FZD2_LRP6,0.1423315774423029,0.2555124576376469,WNT3A,FZD2_LRP6,1,2,True,0.113180880195344,0.113180880195344,0.44295640706431083
1.5,WNT3A_FZD3_LRP5,0.1341754484397551,0.1476173200816635,WNT3A,FZD3_LRP5,1,2,True,0.01344187164190841,0.01344187164190841,0.09105890578742536
1.5,WNT3A_FZD3_LRP6,0.1413158595591096,0.1537834719064802,WNT3A,FZD3_LRP6,1,2,True,0.012467612347370594,0.012467612347370594,0.08107251184283626
1.5,WNT3A_FZD4_LRP5,0.0029242637155895,0.0192993329120112,WNT3A,FZD4_LRP5,1,2,True,0.0163750691964217,0.0163750691964217,0.8484785080955028
1.5,WNT3A_FZD4_LRP6,0.0029242637155895,0.0204564578111747,WNT3A,FZD4_LRP6,1,2,True,0.0175321940955852,0.0175321940955852,0.8570493610095062
1.5,WNT3A_FZD5_LRP5,0.0251114525817246,0.057842836848139,WNT3A,FZD5_LRP5,1,2,True,0.0327313842664144,0.0327313842664144,0.5658675481693198
1.5,WNT3A_FZD5_LRP6,0.0251114525817246,0.0594299483009118,WNT3A,FZD5_LRP6,1,2,True,0.0343184957191872,0.0343184957191872,0.577461308655735
1.5,WNT3A_FZD6_LRP5,0.058838530716125,0.0887781814929412,WNT3A,FZD6_LRP5,1,2,True,0.0299396507768162,0.0299396507768162,0.33724109092273663
1.5,WNT3A_FZD6_LRP6,0.058838530716125,0.0921557687223096,WNT3A,FZD6_LRP6,1,2,True,0.0333172380061846,0.0333172380061846,0.3615317680934169
1.5,WNT3A_FZD7_LRP5,0.0469548577332606,0.0790965836855873,WNT3A,FZD7_LRP5,1,2,True,0.03214172595232669,0.03214172595232669,0.4063604830278333
1.5,WNT3A_FZD7_LRP6,0.0469548577332606,0.0821365819483452,WNT3A,FZD7_LRP6,1,2,True,0.035181724215084594,0.035181724215084594,0.4283319731664753
1.5,WNT3A_FZD8_LRP5,0.0948598869562375,0.1124527859795859,WNT3A,FZD8_LRP5,1,2,True,0.0175928990233484,0.0175928990233484,0.15644698234992707
1.5,WNT3A_FZD8_LRP6,0.0948598869562375,0.1153064505292858,WNT3A,FZD8_LRP6,1,2,True,0.020446563573048304,0.020446563573048304,0.17732367512132582
1.5,WNT4_FZD10_LRP5,0.0267352504970368,0.0551872990125105,WNT4,FZD10_LRP5,1,2,True,0.028452048515473703,0.028452048515473703,0.5155542855798009
1.5,WNT4_FZD10_LRP6,0.0267352504970368,0.0576511641745961,WNT4,FZD10_LRP6,1,2,True,0.0309159136775593,0.0309159136775593,0.5362582719740177
1.5,WNT4_FZD2_LRP5,0.1147763962286321,0.2122254518975089,WNT4,FZD2_LRP5,1,2,True,0.09744905566887681,0.09744905566887681,0.4591770440236281
1.5,WNT4_FZD2_LRP6,0.124522124815121,0.2212797076445014,WNT4,FZD2_LRP6,1,2,True,0.09675758282938039,0.09675758282938039,0.43726369606754467
1.5,WNT4_FZD3_LRP5,0.1147763962286321,0.1270172670189771,WNT4,FZD3_LRP5,1,2,True,0.012240870790344985,0.012240870790344985,0.09637170660045874
1.5,WNT4_FZD3_LRP6,0.1232756464840868,0.1341582937425622,WNT4,FZD3_LRP6,1,2,True,0.01088264725847539,0.01088264725847539,0.08111796114042878
1.5,WNT4_FZD4_LRP5,0.0026544779150442,0.0168612797311019,WNT4,FZD4_LRP5,1,2,True,0.014206801816057702,0.014206801816057702,0.8425696057845589
1.5,WNT4_FZD4_LRP6,0.0026544779150442,0.0182179796905945,WNT4,FZD4_LRP6,1,2,True,0.015563501775550301,0.015563501775550301,0.854293507835304
1.5,WNT4_FZD5_LRP5,0.0210578426761895,0.0489764449926082,WNT4,FZD5_LRP5,1,2,True,0.027918602316418697,0.027918602316418697,0.5700414213533124
1.5,WNT4_FZD5_LRP6,0.0210578426761895,0.0508369171206157,WNT4,FZD5_LRP6,1,2,True,0.0297790744444262,0.0297790744444262,0.5857765602460187
1.5,WNT4_FZD6_LRP5,0.0509182935618965,0.0763613543448681,WNT4,FZD6_LRP5,1,2,True,0.0254430607829716,0.0254430607829716,0.3331928958208887
1.5,WNT4_FZD6_LRP6,0.0509182935618965,0.0803422687035742,WNT4,FZD6_LRP6,1,2,True,0.029423975141677695,0.029423975141677695,0.3662328138907622
1.5,WNT4_FZD7_LRP5,0.039891833488375,0.0674316746095,WNT4,FZD7_LRP5,1,2,True,0.027539841121125,0.027539841121125,0.40841105134359357
1.5,WNT4_FZD7_LRP6,0.039891833488375,0.0709273320789154,WNT4,FZD7_LRP6,1,2,True,0.031035498590540396,0.031035498590540396,0.43756754527309133
1.5,WNT4_FZD8_LRP5,0.0795153435928334,0.0951547438200126,WNT4,FZD8_LRP5,1,2,True,0.015639400227179204,0.015639400227179204,0.1643575464483567
1.5,WNT4_FZD8_LRP6,0.0795153435928334,0.0984827794850734,WNT4,FZD8_LRP6,1,2,True,0.01896743589224001,0.01896743589224001,0.19259647210825134
1.5,WNT7A_FZD10_LRP5,0.1883373896188474,0.3931552999668987,WNT7A,FZD10_LRP5,1,2,True,0.20481791034805127,0.20481791034805127,0.5209593012361673
1.5,WNT7A_FZD10_LRP6,0.1883373896188474,0.4045967773156192,WNT7A,FZD10_LRP6,1,2,True,0.2162593876967718,0.2162593876967718,0.5345059570953317
1.5,WNT7A_FZD2_LRP5,0.8269896120995046,1.5310146934580848,WNT7A,FZD2_LRP5,1,2,True,0.7040250813585802,0.7040250813585802,0.4598421454521818
1.5,WNT7A_FZD2_LRP6,0.8729150619744884,1.5724952204971057,WNT7A,FZD2_LRP6,1,2,True,0.6995801585226172,0.6995801585226172,0.44488539577338887
1.5,WNT7A_FZD3_LRP5,0.8269896120995046,0.907671023319228,WNT7A,FZD3_LRP5,1,2,True,0.08068141121972339,0.08068141121972339,0.08888838482987214
1.5,WNT7A_FZD3_LRP6,0.8648966685542657,0.94117815349858,WNT7A,FZD3_LRP6,1,2,True,0.0762814849443143,0.0762814849443143,0.08104893283036599
1.5,WNT7A_FZD4_LRP5,0.0180242538296439,0.1191333187022371,WNT7A,FZD4_LRP5,1,2,True,0.1011090648725932,0.1011090648725932,0.848705181505991
1.5,WNT7A_FZD4_LRP6,0.0180242538296439,0.1255249875814812,WNT7A,FZD4_LRP6,1,2,True,0.1075007337518373,0.1075007337518373,0.8564090371413585
1.5,WNT7A_FZD5_LRP5,0.1568933166824402,0.3589833689585106,WNT7A,FZD5_LRP5,1,2,True,0.20209005227607038,0.20209005227607038,0.5629510159826565
1.5,WNT7A_FZD5_LRP6,0.1568933166824402,0.3674820900385528,WNT7A,FZD5_LRP6,1,2,True,0.21058877335611262,0.21058877335611262,0.5730586035744479
1.5,WNT7A_FZD6_LRP5,0.3621921344021876,0.5468384038886398,WNT7A,FZD6_LRP5,1,2,True,0.18464626948645219,0.18464626948645219,0.33766148861054435
1.5,WNT7A_FZD6_LRP6,0.3621921344021876,0.5652763149865898,WNT7A,FZD6_LRP6,1,2,True,0.2030841805844022,0.2030841805844022,0.3592653277702251
1.5,WNT7A_FZD7_LRP5,0.2926002756546262,0.4901286047280024,WNT7A,FZD7_LRP5,1,2,True,0.1975283290733762,0.1975283290733762,0.4030132646165282
1.5,WNT7A_FZD7_LRP6,0.2926002756546262,0.5065860972170421,WNT7A,FZD7_LRP6,1,2,True,0.21398582156241586,0.21398582156241586,0.4224076079820557
1.5,WNT7A_FZD8_LRP5,0.590043565470913,0.6963695596455998,WNT7A,FZD8_LRP5,1,2,True,0.1063259941746868,0.1063259941746868,0.1526861602462905
1.5,WNT7A_FZD8_LRP6,0.590043565470913,0.7115416980697813,WNT7A,FZD8_LRP6,1,2,True,0.12149813259886832,0.12149813259886832,0.17075335560580587
1.5,WNT7B_FZD10_LRP5,1.0117202844358375,2.113167704262775,WNT7B,FZD10_LRP5,1,2,True,1.1014474198269375,1.1014474198269375,0.5212304814260833
1.5,WNT7B_FZD10_LRP6,1.0117202844358375,2.172044248882242,WNT7B,FZD10_LRP6,1,2,True,1.1603239644464045,1.1603239644464045,0.5342082533739909
1.5,WNT7B_FZD2_LRP5,4.447834958441966,8.227496305648925,WNT7B,FZD2_LRP5,1,2,True,3.779661347206959,3.779661347206959,0.45939386744080063
1.5,WNT7B_FZD2_LRP6,4.682716222570131,8.439465237776018,WNT7B,FZD2_LRP6,1,2,True,3.7567490152058864,3.7567490152058864,0.4451406468730087
1.5,WNT7B_FZD3_LRP5,4.447834958441966,4.87773809378701,WNT7B,FZD3_LRP5,1,2,True,0.429903135345044,0.429903135345044,0.0881357561802325
1.5,WNT7B_FZD3_LRP6,4.641433256646856,5.050699743021704,WNT7B,FZD3_LRP6,1,2,True,0.4092664863748485,0.4092664863748485,0.08103164060392053
1.5,WNT7B_FZD4_LRP5,0.0959934813883474,0.6383828109719746,WNT7B,FZD4_LRP5,1,2,True,0.5423893295836272,0.5423893295836272,0.8496302222765181
1.5,WNT7B_FZD4_LRP6,0.0959934813883474,0.6712790021216676,WNT7B,FZD4_LRP6,1,2,True,0.5752855207333202,0.5752855207333202,0.8569991298924187
1.5,WNT7B_FZD5_LRP5,0.8448259075239193,1.9319368118784304,WNT7B,FZD5_LRP5,1,2,True,1.087110904354511,1.087110904354511,0.5627052073703739
1.5,WNT7B_FZD5_LRP6,0.8448259075239193,1.975509775994705,WNT7B,FZD5_LRP6,1,2,True,1.1306838684707856,1.1306838684707856,0.5723504293475166
1.5,WNT7B_FZD6_LRP5,1.943312179636003,2.937663251984429,WNT7B,FZD6_LRP5,1,2,True,0.9943510723484261,0.9943510723484261,0.33848368143514385
1.5,WNT7B_FZD6_LRP6,1.943312179636003,3.032358152045294,WNT7B,FZD6_LRP6,1,2,True,1.0890459724092911,1.0890459724092911,0.35914160458742017
1.5,WNT7B_FZD7_LRP5,1.5691878779674966,2.63248312227236,WNT7B,FZD7_LRP5,1,2,True,1.0632952443048633,1.0632952443048633,0.4039134136544916
1.5,WNT7B_FZD7_LRP6,1.5691878779674966,2.717487599975589,WNT7B,FZD7_LRP6,1,2,True,1.1482997220080924,1.1482997220080924,0.4225593235525371
1.5,WNT7B_FZD8_LRP5,3.1763409843298054,3.7473783056695806,WNT7B,FZD8_LRP5,1,2,True,0.5710373213397753,0.5710373213397753,0.15238315290341162
1.5,WNT7B_FZD8_LRP6,3.1763409843298054,3.825285235783996,WNT7B,FZD8_LRP6,1,2,True,0.6489442514541905,0.6489442514541905,0.1696459770852065
1.5,WNT8B_FZD10_LRP5,0.2638798645505379,0.5385790308023732,WNT8B,FZD10_LRP5,1,2,True,0.2746991662518353,0.2746991662518353,0.5100443027694365
1.5,WNT8B_FZD10_LRP6,0.2638798645505379,0.5566037026833627,WNT8B,FZD10_LRP6,1,2,True,0.29272383813282477,0.29272383813282477,0.5259106914338076
1.5,WNT8B_FZD2_LRP5,1.106745997513144,2.0497207388869385,WNT8B,FZD2_LRP5,1,2,True,0.9429747413737946,0.9429747413737946,0.46005034904699205
1.5,WNT8B_FZD2_LRP6,1.1790123204991043,2.116152845239238,WNT8B,FZD2_LRP6,1,2,True,0.9371405247401339,0.9371405247401339,0.44285105721377466
1.5,WNT8B_FZD3_LRP5,1.106745997513144,1.2211901187883116,WNT8B,FZD3_LRP5,1,2,True,0.11444412127516768,0.11444412127516768,0.09371523689425307
1.5,WNT8B_FZD3_LRP6,1.170059204096601,1.2715598905526324,WNT8B,FZD3_LRP6,1,2,True,0.1015006864560315,0.1015006864560315,0.0798237560103585
1.5,WNT8B_FZD4_LRP5,0.0236286975108131,0.1573781573682758,WNT8B,FZD4_LRP5,1,2,True,0.1337494598574627,0.1337494598574627,0.8498603751248637
1.5,WNT8B_FZD4_LRP6,0.0236286975108131,0.1666280166155597,WNT8B,FZD4_LRP6,1,2,True,0.14299931910474661,0.14299931910474661,0.8581949302959737
1.5,WNT8B_FZD5_LRP5,0.2019973463788355,0.471383341042094,WNT8B,FZD5_LRP5,1,2,True,0.2693859946632585,0.2693859946632585,0.5714796667776231
1.5,WNT8B_FZD5_LRP6,0.2019973463788355,0.4851772802097208,WNT8B,FZD5_LRP6,1,2,True,0.28317993383088524,0.28317993383088524,0.5836628081770008
1.5,WNT8B_FZD6_LRP5,0.48921435948694,0.7352393468355487,WNT8B,FZD6_LRP5,1,2,True,0.24602498734860873,0.24602498734860873,0.33461890798893446
1.5,WNT8B_FZD6_LRP6,0.48921435948694,0.7635664218538096,WNT8B,FZD6_LRP6,1,2,True,0.27435206236686965,0.27435206236686965,0.3593034666202181
1.5,WNT8B_FZD7_LRP5,0.3797032262476147,0.6461803456511593,WNT8B,FZD7_LRP5,1,2,True,0.2664771194035446,0.2664771194035446,0.41238815324073996
1.5,WNT8B_FZD7_LRP6,0.3797032262476147,0.671137349805299,WNT8B,FZD7_LRP6,1,2,True,0.29143412355768433,0.29143412355768433,0.43423916675510776
1.5,WNT8B_FZD8_LRP5,0.7745074308523181,0.9232610073893316,WNT8B,FZD8_LRP5,1,2,True,0.1487535765370135,0.1487535765370135,0.1611175770951684
1.5,WNT8B_FZD8_LRP6,0.7745074308523181,0.948346374024369,WNT8B,FZD8_LRP6,1,2,True,0.17383894317205095,0.17383894317205095,0.18330743695929808
1.5,WNT9A_FZD10_LRP5,0.0077914765559613,0.0163669683837316,WNT9A,FZD10_LRP5,1,2,True,0.008575491827770301,0.008575491827770301,0.5239511451793447
1.5,WNT9A_FZD10_LRP6,0.0077914765559613,0.0173781611672678,WNT9A,FZD10_LRP6,1,2,True,0.0095866846113065,0.0095866846113065,0.5516512661514072
1.5,WNT9A_FZD2_LRP5,0.0346481487544245,0.0643119090749444,WNT9A,FZD2_LRP5,1,2,True,0.0296637603205199,0.0296637603205199,0.4612483247224386
1.5,WNT9A_FZD2_LRP6,0.0391691866666261,0.0682280449629677,WNT9A,FZD2_LRP6,1,2,True,0.02905885829634159,0.02905885829634159,0.4259078259110889
1.5,WNT9A_FZD3_LRP5,0.0346481487544245,0.0385181452651062,WNT9A,FZD3_LRP5,1,2,True,0.003869996510681699,0.003869996510681699,0.10047203685551158
1.5,WNT9A_FZD3_LRP6,0.0378542694997067,0.0415035579641992,WNT9A,FZD3_LRP6,1,2,True,0.0036492884644925005,0.0036492884644925005,0.0879271234442204
1.5,WNT9A_FZD4_LRP5,0.0009130195223735,0.0053883718991446,WNT9A,FZD4_LRP5,1,2,True,0.004475352376771101,0.004475352376771101,0.8305574411969522
1.5,WNT9A_FZD4_LRP6,0.0009130195223735,0.0059919336378862,WNT9A,FZD4_LRP6,1,2,True,0.0050789141155127004,0.0050789141155127004,0.8476252279229866
1.5,WNT9A_FZD5_LRP5,0.0064354808812136,0.014861540654419,WNT9A,FZD5_LRP5,1,2,True,0.008426059773205399,0.008426059773205399,0.5669708120537257
1.5,WNT9A_FZD5_LRP6,0.0064354808812136,0.0156587216255173,WNT9A,FZD5_LRP6,1,2,True,0.009223240744303703,0.009223240744303703,0.5890162022724511
1.5,WNT9A_FZD6_LRP5,0.0156351096845079,0.0232391909765839,WNT9A,FZD6_LRP5,1,2,True,0.007604081292076001,0.007604081292076001,0.32720938090047835
1.5,WNT9A_FZD6_LRP6,0.0156351096845079,0.0249578997141557,WNT9A,FZD6_LRP6,1,2,True,0.009322790029647799,0.009322790029647799,0.3735406479079676
1.5,WNT9A_FZD7_LRP5,0.0127999433613633,0.0209668087325702,WNT9A,FZD7_LRP5,1,2,True,0.0081668653712069,0.0081668653712069,0.3895139921088874
1.5,WNT9A_FZD7_LRP6,0.0127999433613633,0.0225123529808008,WNT9A,FZD7_LRP6,1,2,True,0.009712409619437501,0.009712409619437501,0.4314257877761836
1.5,WNT9A_FZD8_LRP5,0.0239102716570409,0.0286024365090738,WNT9A,FZD8_LRP5,1,2,True,0.004692164852032898,0.004692164852032898,0.16404773245609203
1.5,WNT9A_FZD8_LRP6,0.0239102716570409,0.0299827379651953,WNT9A,FZD8_LRP6,1,2,True,0.0060724663081544,0.0060724663081544,0.20253208079940757
2.0,ADIPOQ_ADIPOR1,0.0022732220735954,0.0022732222540986,ADIPOQ,ADIPOR1,1,1,False,1.805032000604112e-10,1.805032000604112e-10,7.94041144612963e-08
2.0,ADIPOQ_ADIPOR2,0.0067435344975988,0.0067435355834061,ADIPOQ,ADIPOR2,1,1,False,1.0858072999747614e-09,1.0858072999747614e-09,1.6101454297158612e-07
2.0,ADM_CALCR,0.06107672075148,0.0610767248515686,ADM,CALCR,1,1,False,4.100088601965979e-09,4.100088601965979e-09,6.713013200904598e-08
2.0,ADM_CALCRL,0.1129194472157961,0.1129194574992277,ADM,CALCRL,1,1,False,1.028343160625056e-08,1.028343160625056e-08,9.106873017275071e-08
2.0,AGRN_DAG1,10.475400177206506,10.47539965793518,AGRN,DAG1,1,1,False,-5.192713263824089e-07,5.192713263824089e-07,4.9570547912078327e-08
2.0,AGT_AGTR1,0.0737977872685078,0.073797791745053,AGT,AGTR1,1,1,False,4.476545203968563e-09,4.476545203968563e-09,6.065960915786678e-08
2.0,ANGPT1_TEK,0.004598435382169,0.0045984355280176,ANGPT1,TEK,1,1,False,1.4584859969052344e-10,1.4584859969052344e-10,3.171700435982827e-08
2.0,ANGPT2_ITGA5_ITGB1,0.0156488639266414,0.056430027079943,ANGPT2,ITGA5_ITGB1,1,2,True,0.040781163153301596,0.040781163153301596,0.7226855144961732
2.0,ANGPT2_TEK,0.0025548870056701,0.0025548870830806,ANGPT2,TEK,1,1,False,7.741050031886965e-11,7.741050031886965e-11,3.0298990836624595e-08
2.0,ANGPTL1_ITGA1_ITGB1,0.010737772277658,0.0465768337203501,ANGPTL1,ITGA1_ITGB1,1,2,True,0.0358390614426921,0.0358390614426921,0.769461094282875
2.0,ANGPTL2_ITGA5_ITGB1,0.1229077578008947,0.4426077971827085,ANGPTL2,ITGA5_ITGB1,1,2,True,0.3197000393818138,0.3197000393818138,0.7223100031602959
2.0,ANGPTL4_CDH5,0.0505587946397684,0.0505587959172022,ANGPTL4,CDH5,1,1,False,1.2774337976306782e-09,1.2774337976306782e-09,2.5266301826544136e-08
2.0,ANGPTL4_ITGA5_ITGB1,0.1179659108256968,0.4183063064287246,ANGPTL4,ITGA5_ITGB1,1,2,True,0.3003403956030278,0.3003403956030278,0.7179915554397766
2.0,ANGPTL4_SDC2,1.692673567560367,1.6926736330619565,ANGPTL4,SDC2,1,1,False,6.550158948570584e-08,6.550158948570584e-08,3.8697116919826386e-08
2.0,ANGPTL4_SDC3,3.9030269342378174,3.903027115825802,ANGPTL4,SDC3,1,1,False,1.8158798464895654e-07,1.8158798464895654e-07,4.6524909835410195e-08
2.0,ANGPTL4_SDC4,1.261490057823072,1.2614900870210175,ANGPTL4,SDC4,1,1,False,2.9197945394798808e-08,2.9197945394798808e-08,2.3145600346134425e-08
2.0,BAG6_NCR3,0.0036374349355529,0.0036374344292429,BAG6,NCR3,1,1,False,-5.063100000021747e-10,5.063100000021747e-10,1.3919424236387453e-07
2.0,BMP5_BMPR1A_ACVR2A,0.0138191621425155,0.0365281893539352,BMP5,BMPR1A_ACVR2A,1,2,True,0.0227090272114197,0.0227090272114197,0.6216849948784348
2.0,BMP5_BMPR1A_BMPR2,0.0138191621425155,0.0220265749600288,BMP5,BMPR1A_BMPR2,1,2,True,0.008207412817513299,0.008207412817513299,0.37261411873644146
2.0,BMP6_BMPR1A_ACVR2A,0.0277820911250077,0.0862555501600688,BMP6,BMPR1A_ACVR2A,1,2,True,0.058473459035061105,0.058473459035061105,0.6779095249702649
2.0,BMP6_BMPR1A_BMPR2,0.0277820911250077,0.0486982103733993,BMP6,BMPR1A_BMPR2,1,2,True,0.020916119248391603,0.020916119248391603,0.4295048850463863
2.0,BMP7_BMPR1A_ACVR2A,0.1037846561803001,0.2780793809670699,BMP7,BMPR1A_ACVR2A,1,2,True,0.17429472478676983,0.17429472478676983,0.626780468874137
2.0,BMP7_BMPR1A_BMPR2,0.1037846561803001,0.1673513524388531,BMP7,BMPR1A_BMPR2,1,2,True,0.063566696258553,0.063566696258553,0.37983975230662703
2.0,BTC_ERBB2_ERBB4,0.0030278702665611,0.0053712606689043,BTC,ERBB2_ERBB4,1,2,True,0.0023433904023432003,0.0023433904023432003,0.43628312733167646
2.0,BTC_ERBB4,0.0102528100355473,0.0102528102275728,BTC,ERBB4,1,1,False,1.9202549966790272e-10,1.9202549966790272e-10,1.8729060170399925e-08
2.0,CALCB_CALCR,0.0094806600326847,0.0094806602018565,CALCB,CALCR,1,1,False,1.6917179983255703e-10,1.6917179983255703e-10,1.784388388895426e-08
2.0,CALCB_CALCRL,0.0105321923147575,0.0105321919790033,CALCB,CALCRL,1,1,False,-3.357542004839287e-10,3.357542004839287e-10,3.1878852042368856e-08
2.0,CCK_CCKAR,0.1463377141040809,0.1463377214232439,CCK,CCKAR,1,1,False,7.319162997898587e-09,7.319162997898587e-09,5.001555939722341e-08
2.0,CCL19_ACKR4,0.0004352509880171,0.0004352509030845,CCL19,ACKR4,1,1,False,-8.493259996125366e-11,8.493259996125366e-11,1.951347666048649e-07
2.0,CD34_SELP,0.0693332122191808,0.0693332138840472,CD34,SELP,1,1,False,1.6648663975216138e-09,1.6648663975216138e-09,2.4012537487529926e-08
2.0,CD40LG_ITGA5_ITGB1,0.0134668017738575,0.0462955392990223,CD40LG,ITGA5_ITGB1,1,2,True,0.0328287375251648,0.0328287375251648,0.70911232533926
2.0,CD40LG_ITGAM_ITGB2,0.0069248361492842,0.0167186604807388,CD40LG,ITGAM_ITGB2,1,2,True,0.0097938243314546,0.0097938243314546,0.5858019751485383
2.0,CDH15_CDH15,5.27610025688032e-05,5.276100121614786e-05,CDH15,CDH15,1,1,False,-1.352655339896102e-12,1.352655339896102e-12,2.563740782090269e-08
2.0,CDH1_CDH1,0.1354780715572769,0.1354780749131983,CDH1,CDH1,1,1,False,3.3559214018819006e-09,3.3559214018819006e-09,2.4770955772969623e-08
2.0,CDH1_ITGAE_ITGB7,0.0086049981424689,0.011324493777122,CDH1,ITGAE_ITGB7,1,2,True,0.0027194956346530998,0.0027194956346530998,0.24014279915514516
2.0,CDH2_CDH2,9.693613174701566,9.693613785909449,CDH2,CDH2,1,1,False,6.112078825282197e-07,6.112078825282197e-07,6.305263403589135e-08
2.0,CDH5_CDH5,0.0175441597718623,0.0175441618596083,CDH5,CDH5,1,1,False,2.087746000384305e-09,2.087746000384305e-09,1.1899947213727525e-07
2.0,CLDN11_CLDN11,0.0334143982548883,0.0334143934417886,CLDN11,CLDN11,1,1,False,-4.813099703515622e-09,4.813099703515622e-09,1.4404268683221004e-07
2.0,CNTN1_NRCAM,7.704799228865813,7.704799089584304,CNTN1,NRCAM,1,1,False,-1.392815089928945e-07,1.392815089928945e-07,1.8077240542632213e-08
2.0,CNTN2_CNTN2,0.0100981124436122,0.0100981108816107,CNTN2,CNTN2,1,1,False,-1.562001500365895e-09,1.562001500365895e-09,1.5468252201469353e-07
2.0,CNTN2_L1CAM,0.2649414403466853,0.2649414153451231,CNTN2,L1CAM,1,1,False,-2.500156220941463e-08,2.500156220941463e-08,9.436637083537855e-08
2.0,COL1A1_CD44,0.0561703005058579,0.0561702997701609,COL1A1,CD44,1,1,False,-7.356969963789872e-10,7.356969963789872e-10,1.3097615461435224e-08
2.0,COL1A1_ITGA10_ITGB1,0.0021180231349656,0.0232975417865566,COL1A1,ITGA10_ITGB1,1,2,True,0.021179518651590998,0.021179518651590998,0.9090881280793425
2.0,COL1A1_ITGA1_ITGB1,0.146716213386553,0.5585940416143897,COL1A1,ITGA1_ITGB1,1,2,True,0.41187782822783675,0.41187782822783675,0.7373473355309533
2.0,COL1A1_ITGA3_ITGB1,0.2663352936664586,0.7713565433420884,COL1A1,ITGA3_ITGB1,1,2,True,0.5050212496756298,0.5050212496756298,0.6547183063846238
2.0,COL1A1_ITGA9_ITGB1,0.0968179263731744,0.443365612883001,COL1A1,ITGA9_ITGB1,1,2,True,0.3465476865098266,0.3465476865098266,0.7816295996804706
2.0,COL1A1_SDC4,1.7224804929604318,1.7224805130917615,COL1A1,SDC4,1,1,False,2.0131329714345725e-08,2.0131329714345725e-08,1.1687406366189334e-08
2.0,COL1A2_CD44,0.0634691464940087,0.0634691414337065,COL1A2,CD44,1,1,False,-5.060302205039946e-09,5.060302205039946e-09,7.97285371643941e-08
2.0,COL1A2_ITGA10_ITGB1,0.0023575828861553,0.0260230057239559,COL1A2,ITGA10_ITGB1,1,2,True,0.0236654228378006,0.0236654228378006,0.9094038977985933
2.0,COL1A2_ITGA1_ITGB1,0.1707474698441815,0.6569607295728541,COL1A2,ITGA1_ITGB1,1,2,True,0.48621325972867263,0.48621325972867263,0.7400948608371175
2.0,COL1A2_ITGA3_ITGB1,0.3076227826123706,0.9010409950008532,COL1A2,ITGA3_ITGB1,1,2,True,0.5934182123884826,0.5934182123884826,0.6585918017946794
2.0,COL1A2_ITGA9_ITGB1,0.1071426260651875,0.5027554493274753,COL1A2,ITGA9_ITGB1,1,2,True,0.3956128232622878,0.3956128232622878,0.7868891800009135
2.0,COL1A2_SDC4,2.148107264908641,2.1481071174889,COL1A2,SDC4,1,1,False,-1.4741974085907827e-07,1.4741974085907827e-07,6.862773720256844e-08
2.0,COL4A1_CD44,0.013605132716063,0.0136051324757087,COL4A1,CD44,1,1,False,-2.4035429896374083e-10,2.4035429896374083e-10,1.7666442803601964e-08
2.0,COL4A1_ITGA10_ITGB1,0.0006029214528056,0.0066524085886187,COL4A1,ITGA10_ITGB1,1,2,True,0.0060494871358131004,0.0060494871358131004,0.9093679462447466
2.0,COL4A1_ITGA1_ITGB1,0.0442132647533027,0.166540011142982,COL4A1,ITGA1_ITGB1,1,2,True,0.1223267463896793,0.1223267463896793,0.7345186634139009
2.0,COL4A1_ITGA3_ITGB1,0.0723306227348269,0.2162801118798824,COL4A1,ITGA3_ITGB1,1,2,True,0.14394948914505548,0.14394948914505548,0.6655696998390778
2.0,COL4A1_ITGA9_ITGB1,0.0255476816210136,0.1211185286221536,COL4A1,ITGA9_ITGB1,1,2,True,0.09557084700113999,0.09557084700113999,0.7890687584166977
2.0,COL4A1_SDC4,0.5428454513070722,0.5428454556092119,COL4A1,SDC4,1,1,False,4.302139755552048e-09,4.302139755552048e-09,7.92516490853542e-09
2.0,COL4A2_CD44,0.0112755237063288,0.0112755236956298,COL4A2,CD44,1,1,False,-1.069900071315466e-11,1.069900071315466e-11,9.488695152269917e-10
2.0,COL4A2_ITGA10_ITGB1,0.000411243349603,0.0045457305734927,COL4A2,ITGA10_ITGB1,1,2,True,0.0041344872238897,0.0041344872238897,0.9095319568649618
2.0,COL4A2_ITGA1_ITGB1,0.0257775035834731,0.0999788140436178,COL4A2,ITGA1_ITGB1,1,2,True,0.0742013104601447,0.0742013104601447,0.742170340486064
2.0,COL4A2_ITGA3_ITGB1,0.0506996494383612,0.1450397980014997,COL4A2,ITGA3_ITGB1,1,2,True,0.09434014856313849,0.09434014856313849,0.6504431877529437
2.0,COL4A2_ITGA9_ITGB1,0.0185227993693206,0.0837401169386448,COL4A2,ITGA9_ITGB1,1,2,True,0.0652173175693242,0.0652173175693242,0.7788061439788531
2.0,COL4A2_SDC4,0.3202908782970054,0.3202908722634291,COL4A2,SDC4,1,1,False,-6.03357630524215e-09,6.03357630524215e-09,1.8837802491668903e-08
2.0,COL6A1_CD44,0.021239226317528,0.02123922574644,COL6A1,CD44,1,1,False,-5.71087999806652e-10,5.71087999806652e-10,2.688836171661078e-08
2.0,COL6A1_ITGA10_ITGB1,0.0009154406313425,0.0101514310208517,COL6A1,ITGA10_ITGB1,1,2,True,0.009235990389509199,0.009235990389509199,0.9098215188122614
2.0,COL6A1_ITGA1_ITGB1,0.0558405993931233,0.214126590586796,COL6A1,ITGA1_ITGB1,1,2,True,0.1582859911936727,0.1582859911936727,0.7392168845536801
2.0,COL6A1_ITGA3_ITGB1,0.1040904445298682,0.2998664529877554,COL6A1,ITGA3_ITGB1,1,2,True,0.19577600845788717,0.19577600845788717,0.6528773275811596
2.0,COL6A1_ITGA9_ITGB1,0.0354167404941606,0.166295763889487,COL6A1,ITGA9_ITGB1,1,2,True,0.1308790233953264,0.1308790233953264,0.7870256002570394
2.0,COL6A1_SDC4,0.7066840872511864,0.70668407745633,COL6A1,SDC4,1,1,False,-9.79485637042643e-09,9.79485637042643e-09,1.3860304126170185e-08
2.0,COL6A2_CD44,0.0202158981324962,0.0202158995815812,COL6A2,CD44,1,1,False,1.449084997828809e-09,1.449084997828809e-09,7.168046081654843e-08
2.0,COL6A2_ITGA10_ITGB1,0.0007458589792876,0.0082157442658997,COL6A2,ITGA10_ITGB1,1,2,True,0.0074698852866121,0.0074698852866121,0.9092158963146693
2.0,COL6A2_ITGA1_ITGB1,0.0544544851434329,0.2081044341006892,COL6A2,ITGA1_ITGB1,1,2,True,0.1536499489572563,0.1536499489572563,0.7383309712800946
2.0,COL6A2_ITGA3_ITGB1,0.0990235750888239,0.2862070946729728,COL6A2,ITGA3_ITGB1,1,2,True,0.1871835195841489,0.1871835195841489,0.6540142542519057
2.0,COL6A2_ITGA9_ITGB1,0.0345808953179093,0.1598575248365134,COL6A2,ITGA9_ITGB1,1,2,True,0.12527662951860408,0.12527662951860408,0.7836767749702414
2.0,COL6A2_SDC4,0.6497741649466263,0.6497741938512817,COL6A2,SDC4,1,1,False,2.8904655335892926e-08,2.8904655335892926e-08,4.448415404830395e-08
2.0,COL6A3_CD44,0.0111039095420367,0.0111039102029454,COL6A3,CD44,1,1,False,6.609086992959146e-10,6.609086992959146e-10,5.9520356992854944e-08
2.0,COL6A3_ITGA10_ITGB1,0.0003522523414692,0.0038407991656835,COL6A3,ITGA10_ITGB1,1,2,True,0.0034885468242143,0.0034885468242143,0.9082867064186851
2.0,COL6A3_ITGA1_ITGB1,0.0275642570374411,0.1042397945937261,COL6A3,ITGA1_ITGB1,1,2,True,0.076675537556285,0.076675537556285,0.7355687705940653
2.0,COL6A3_ITGA3_ITGB1,0.0508741232599336,0.1456339383240672,COL6A3,ITGA3_ITGB1,1,2,True,0.09475981506413361,0.09475981506413361,0.6506712388239643
2.0,COL6A3_ITGA9_ITGB1,0.0191674877316259,0.0858045072157288,COL6A3,ITGA9_ITGB1,1,2,True,0.0666370194841029,0.0666370194841029,0.7766144419029737
2.0,COL6A3_SDC4,0.2935977413799007,0.2935977547437947,COL6A3,SDC4,1,1,False,1.3363893991424902e-08,1.3363893991424902e-08,4.551769819591018e-08
2.0,COL6A6_CD44,0.0065578854910474,0.0065578855833044,COL6A6,CD44,1,1,False,9.225699978271384e-11,9.225699978271384e-11,1.4068101465141332e-08
2.0,COL6A6_ITGA10_ITGB1,0.0001742528622878,0.0019546486609539,COL6A6,ITGA10_ITGB1,1,2,True,0.0017803957986661,0.0017803957986661,0.9108520800854504
2.0,COL6A6_ITGA1_ITGB1,0.0095210371354104,0.0402220626506637,COL6A6,ITGA1_ITGB1,1,2,True,0.030701025515253298,0.030701025515253298,0.7632881928979518
2.0,COL6A6_ITGA3_ITGB1,0.0251204020052403,0.0693792672259009,COL6A6,ITGA3_ITGB1,1,2,True,0.0442588652206606,0.0442588652206606,0.6379263862293681
2.0,COL6A6_ITGA9_ITGB1,0.0072763657700989,0.0361623850179646,COL6A6,ITGA9_ITGB1,1,2,True,0.0288860192478657,0.0288860192478657,0.7987863420378889
2.0,COL6A6_SDC4,0.1556848184624066,0.1556848187869731,COL6A6,SDC4,1,1,False,3.2456651255508007e-10,3.2456651255508007e-10,2.084766614265656e-09
2.0,COL9A2_CD44,0.0048087226980067,0.0048087228451726,COL9A2,CD44,1,1,False,1.471659001259229e-10,1.471659001259229e-10,3.060394721514474e-08
2.0,COL9A2_ITGA10_ITGB1,0.0001880836655366,0.0021150772452912,COL9A2,ITGA10_ITGB1,1,2,True,0.0019269935797546001,0.0019269935797546001,0.9110748007169333
2.0,COL9A2_ITGA1_ITGB1,0.0069846621105559,0.0296128719574842,COL9A2,ITGA1_ITGB1,1,2,True,0.022628209846928298,0.022628209846928298,0.764134254840803
2.0,COL9A2_ITGA3_ITGB1,0.0184800998418542,0.0505611663474916,COL9A2,ITGA3_ITGB1,1,2,True,0.0320810665056374,0.0320810665056374,0.6345001277295292
2.0,COL9A2_ITGA9_ITGB1,0.0055959773202076,0.0270646401380081,COL9A2,ITGA9_ITGB1,1,2,True,0.0214686628178005,0.0214686628178005,0.7932365887123356
2.0,COL9A2_SDC4,0.1145381464849622,0.1145381499434016,COL9A2,SDC4,1,1,False,3.4584393959757875e-09,3.4584393959757875e-09,3.0194650408486226e-08
2.0,COMP_ITGA3_ITGB1,0.029335545810844,0.0873327516045711,COMP,ITGA3_ITGB1,1,2,True,0.0579972057937271,0.0579972057937271,0.6640945662210357
2.0,COMP_SDC4,0.2435416759101983,0.2435416870196156,COMP,SDC4,1,1,False,1.1109417302757052e-08,1.1109417302757052e-08,4.561608092113719e-08
2.0,CSPG4_ITGA3_ITGB1,0.0277891843317875,0.0766857536410798,CSPG4,ITGA3_ITGB1,1,2,True,0.0488965693092923,0.0488965693092923,0.6376225959537143
2.0,CXCL12_ACKR3,0.0584130377074803,0.0584130330697485,CXCL12,ACKR3,1,1,False,-4.637731795820166e-09,4.637731795820166e-09,7.939549076432065e-08
2.0,CXCL12_CXCR4,0.5058067380488193,0.5058067421293541,CXCL12,CXCR4,1,1,False,4.080534798944768e-09,4.080534798944768e-09,8.06737921635141e-09
2.0,DLL1_NOTCH3,0.0311054502107607,0.0311054479034953,DLL1,NOTCH3,1,1,False,-2.3072653995703796e-09,2.3072653995703796e-09,7.417559893642685e-08
2.0,DLL4_NOTCH3,0.008643188268763,0.0086431882730845,DLL4,NOTCH3,1,1,False,4.321501489989998e-12,4.321501489989998e-12,4.999892809748758e-10
2.0,EDN1_EDNRA,0.0013331801015084,0.0013331800086843,EDN1,EDNRA,1,1,False,-9.28240999689689e-11,9.28240999689689e-11,6.962607667482055e-08
2.0,EDN1_EDNRB,0.0441993718056614,0.0441993744440854,EDN1,EDNRB,1,1,False,2.6384240001120496e-09,2.6384240001120496e-09,5.969369551711186e-08
2.0,EDN2_EDNRA,0.0031596833644427,0.0031596828840148,EDN2,EDNRA,1,1,False,-4.804278997197486e-10,4.804278997197486e-10,1.5204938100007554e-07
2.0,EDN2_EDNRB,0.0897098511238055,0.0897098475255606,EDN2,EDNRB,1,1,False,-3.598244896485525e-09,3.598244896485525e-09,4.0109807913065314e-08
2.0,EFNA1_EPHA2,0.0962293469051626,0.0962293410548733,EFNA1,EPHA2,1,1,False,-5.8502893085510266e-09,5.8502893085510266e-09,6.079527188640999e-08
2.0,EFNA1_EPHA3,0.5507846455759623,0.5507846928445254,EFNA1,EPHA3,1,1,False,4.726856306369598e-08,4.726856306369598e-08,8.582040074421399e-08
2.0,EFNA1_EPHA4,0.7191759406370288,0.7191759604526297,EFNA1,EPHA4,1,1,False,1.981560082686684e-08,1.981560082686684e-08,2.7553202437961698e-08
2.0,EFNA1_EPHA5,1.7612256517083156,1.761225790468418,EFNA1,EPHA5,1,1,False,1.387601025193419e-07,1.387601025193419e-07,7.878609504261067e-08
2.0,EFNA1_EPHA8,0.0734687674545581,0.0734687730340119,EFNA1,EPHA8,1,1,False,5.5794538017517326e-09,5.5794538017517326e-09,7.594320105453183e-08
2.0,EFNA3_EPHA2,0.0899533471269436,0.0899533403042315,EFNA3,EPHA2,1,1,False,-6.822712103615736e-09,6.822712103615736e-09,7.584722883060055e-08
2.0,EFNA3_EPHA3,0.6091540574792289,0.60915406362488,EFNA3,EPHA3,1,1,False,6.14565109913201e-09,6.14565109913201e-09,1.0088828863032147e-08
2.0,EFNA3_EPHA4,0.6939903801314298,0.6939903540809821,EFNA3,EPHA4,1,1,False,-2.6050447687886447e-08,2.6050447687886447e-08,3.7537188459230434e-08
2.0,EFNA3_EPHA5,1.502567747268135,1.5025677775816253,EFNA3,EPHA5,1,1,False,3.031349038451481e-08,3.031349038451481e-08,2.0174457909182778e-08
2.0,EFNA3_EPHA8,0.0775966280703601,0.07759662619292,EFNA3,EPHA8,1,1,False,-1.8774400922794143e-09,1.8774400922794143e-09,2.41948669544901e-08
2.0,EFNA5_EPHA2,0.1630082144724454,0.1630082008388683,EFNA5,EPHA2,1,1,False,-1.3633577100602423e-08,1.3633577100602423e-08,8.363736235456414e-08
2.0,EFNA5_EPHA3,1.059770131124241,1.0597701299824345,EFNA5,EPHA3,1,1,False,-1.141806427185088e-09,1.141806427185088e-09,1.0774095189622114e-09
2.0,EFNA5_EPHA4,1.220779604562492,1.2207795459832416,EFNA5,EPHA4,1,1,False,-5.85792503393634e-08,5.85792503393634e-08,4.7985115511785826e-08
2.0,EFNA5_EPHA5,2.7165975014684465,2.7165975220495597,EFNA5,EPHA5,1,1,False,2.058111325808909e-08,2.058111325808909e-08,7.576062736949527e-09
2.0,EFNA5_EPHA8,0.1521135967506509,0.1521135929035413,EFNA5,EPHA8,1,1,False,-3.847109603105636e-09,3.847109603105636e-09,2.5291030422559347e-08
2.0,EFNA5_EPHB2,0.991268129301209,0.9912680106728748,EFNA5,EPHB2,1,1,False,-1.1862833415587914e-07,1.1862833415587914e-07,1.196733059898796e-07
2.0,EFNB1_EPHA4,4.247319554875426,4.247319266408063,EFNB1,EPHA4,1,1,False,-2.884673628855694e-07,2.884673628855694e-07,6.791750871545387e-08
2.0,EFNB1_EPHB1,2.191301554536489,2.191301593471515,EFNB1,EPHB1,1,1,False,3.893502631413526e-08,3.893502631413526e-08,1.7767990691072974e-08
2.0,EFNB1_EPHB2,3.471101388142336,3.4711009324353457,EFNB1,EPHB2,1,1,False,-4.557069903654565e-07,4.557069903654565e-07,1.3128599237181652e-07
2.0,EFNB1_EPHB3,0.2062879160124171,0.2062879126126595,EFNB1,EPHB3,1,1,False,-3.399757614319654e-09,3.399757614319654e-09,1.6480643558951906e-08
2.0,EFNB2_EPHA4,1.487034055302329,1.4870340364026706,EFNB2,EPHA4,1,1,False,-1.8899658282833798e-08,1.8899658282833798e-08,1.2709633794493905e-08
2.0,EFNB2_EPHB1,0.8176095543155701,0.8176095867459617,EFNB2,EPHB1,1,1,False,3.243039159439576e-08,3.243039159439576e-08,3.966488666487732e-08
2.0,EFNB2_EPHB2,1.1940038850127583,1.1940037719339116,EFNB2,EPHB2,1,1,False,-1.1307884673072977e-07,1.1307884673072977e-07,9.470559363340889e-08
2.0,EFNB2_EPHB3,0.0882304881389826,0.0882304869126989,EFNB2,EPHB3,1,1,False,-1.2262836995846627e-09,1.2262836995846627e-09,1.3898638956332121e-08
2.0,EFNB3_EPHA4,0.7358967679701378,0.7358967374231327,EFNB3,EPHA4,1,1,False,-3.054700514759645e-08,3.054700514759645e-08,4.1509905298070324e-08
2.0,EFNB3_EPHB1,0.4031243621593405,0.4031243709564433,EFNB3,EPHB1,1,1,False,8.797102823976388e-09,8.797102823976388e-09,2.1822304623023884e-08
2.0,EFNB3_EPHB2,0.5980620914949402,0.5980620234205127,EFNB3,EPHB2,1,1,False,-6.807442742839953e-08,6.807442742839953e-08,1.1382501649325063e-07
2.0,EFNB3_EPHB3,0.0427283606540786,0.0427283604410179,EFNB3,EPHB3,1,1,False,-2.1306069408755235e-10,2.1306069408755235e-10,4.986399918603356e-09
2.0,ESAM_ESAM,0.0119953008305241,0.0119953015296357,ESAM,ESAM,1,1,False,6.991116002080799e-10,6.991116002080799e-10,5.8282119751708495e-08
2.0,FGF10_FGFR1,0.2619168022072675,0.2619168075494772,FGF10,FGFR1,1,1,False,5.342209730141434e-09,5.342209730141434e-09,2.039658997115818e-08
2.0,FGF17_FGFR1,2.0948159868979883,2.0948159149129584,FGF17,FGFR1,1,1,False,-7.198502993688294e-08,7.198502993688294e-08,3.436341444170409e-08
2.0,FGF17_FGFR3,0.4170426920186582,0.4170426489326465,FGF17,FGFR3,1,1,False,-4.3086011702886395e-08,4.3086011702886395e-08,1.0331319197641943e-07
2.0,FGF17_FGFR4,0.294209427592045,0.2942094190798203,FGF17,FGFR4,1,1,False,-8.512224702883486e-09,8.512224702883486e-09,2.8932535481788366e-08
2.0,FGF18_FGFR1,0.0211103200211334,0.0211103175209778,FGF18,FGFR1,1,1,False,-2.5001555999104585e-09,2.5001555999104585e-09,1.1843286115073432e-07
2.0,FGF18_FGFR3,0.004620970579591,0.0046209695018402,FGF18,FGFR3,1,1,False,-1.0777507991957536e-09,1.0777507991957536e-09,2.3323039621930354e-07
2.0,FGF18_FGFR4,0.0035178283461779,0.0035178278200006,FGF18,FGFR4,1,1,False,-5.261773000815595e-10,5.261773000815595e-10,1.495744670581349e-07
2.0,FGF2_FGFR1,0.9527255727808468,0.9527255318553866,FGF2,FGFR1,1,1,False,-4.0925460242924316e-08,4.0925460242924316e-08,4.295618949690805e-08
2.0,FGF2_FGFR3,0.2008993963083002,0.2008993706435153,FGF2,FGFR3,1,1,False,-2.5664784908396854e-08,2.5664784908396854e-08,1.2774943767880555e-07
2.0,FGF2_FGFR4,0.1264800500130058,0.1264800448051252,FGF2,FGFR4,1,1,False,-5.207880598989689e-09,5.207880598989689e-09,4.117551027576419e-08
2.0,FGF7_FGFR1,0.5356871966880518,0.5356872446203168,FGF7,FGFR1,1,1,False,4.7932265045957934e-08,4.7932265045957934e-08,8.947807797800236e-08
2.0,FGF8_FGFR1,0.027771608296086,0.0277716089436322,FGF8,FGFR1,1,1,False,6.475462006882982e-10,6.475462006882982e-10,2.3316841382961183e-08
2.0,FGF8_FGFR3,0.0050494581020019,0.0050494580494184,FGF8,FGFR3,1,1,False,-5.258350005421519e-11,5.258350005421519e-11,1.0413691725329502e-08
2.0,FGF8_FGFR4,0.0019853244401137,0.0019853247107476,FGF8,FGFR4,1,1,False,2.706339002726821e-10,2.706339002726821e-10,1.3631719728646873e-07
2.0,FGF9_FGFR1,0.3469031431360131,0.3469031085992342,FGF9,FGFR1,1,1,False,-3.4536778936722357e-08,3.4536778936722357e-08,9.955741139878125e-08
2.0,FGF9_FGFR3,0.0548893015809743,0.0548892941258102,FGF9,FGFR3,1,1,False,-7.455164097169842e-09,7.455164097169842e-09,1.3582180648029865e-07
2.0,FGF9_FGFR4,0.0488636795546524,0.0488636723498496,FGF9,FGFR4,1,1,False,-7.204802802973642e-09,7.204802802973642e-09,1.474469968008715e-07
2.0,FN1_CD44,0.0291540622700698,0.0291540615133253,FN1,CD44,1,1,False,-7.567445003964224e-10,7.567445003964224e-10,2.5956742953564753e-08
2.0,FN1_ITGA3_ITGB1,0.1661715052106772,0.4945072075667524,FN1,ITGA3_ITGB1,1,2,True,0.32833570235607523,0.32833570235607523,0.663965453550551
2.0,FN1_ITGA4_ITGB1,0.0166570894915241,0.1146024572901191,FN1,ITGA4_ITGB1,1,2,True,0.097945367798595,0.097945367798595,0.8546532955278939
2.0,FN1_ITGA4_ITGB7,0.0115354914998007,0.0190739736986771,FN1,ITGA4_ITGB7,1,2,True,0.007538482198876401,0.007538482198876401,0.3952234766581041
2.0,FN1_ITGA5_ITGB1,0.1145237014195285,0.4174937042234263,FN1,ITGA5_ITGB1,1,2,True,0.3029700028038978,0.3029700028038978,0.7256875965769297
2.0,FN1_ITGA8_ITGB1,0.0539818756671721,0.2749615402104406,FN1,ITGA8_ITGB1,1,2,True,0.2209796645432685,0.2209796645432685,0.8036748134817061
2.0,FN1_SDC4,1.1893021584867047,1.1893021237186014,FN1,SDC4,1,1,False,-3.4768103285287566e-08,3.4768103285287566e-08,2.9234036983105535e-08
2.0,GAL_GALR1,0.1343393017118749,0.1343392978393243,GAL,GALR1,1,1,False,-3.872550585759527e-09,3.872550585759527e-09,2.8826639236708295e-08
2.0,GAL_GALR2,0.0052712099311462,0.0052712089818605,GAL,GALR2,1,1,False,-9.492856995266252e-10,9.492856995266252e-10,1.8008876746068194e-07
2.0,GAS6_AXL,0.6617422198703935,0.6617422027315947,GAS6,AXL,1,1,False,-1.7138798824589685e-08,1.7138798824589685e-08,2.589950937080368e-08
2.0,GAS6_MERTK,0.0110817838344587,0.0110817834057233,GAS6,MERTK,1,1,False,-4.2873539961296725e-10,4.2873539961296725e-10,3.868830199338654e-08
2.0,GAS6_TYRO3,0.33017825601662,0.3301782358892681,GAS6,TYRO3,1,1,False,-2.0127351896270795e-08,2.0127351896270795e-08,6.095904721011566e-08
2.0,GDF10_ACVR1B_ACVR2A,0.2682469516834841,0.8564121609255702,GDF10,ACVR1B_ACVR2A,1,2,True,0.588165209242086,0.588165209242086,0.6867782080609699
2.0,GDF5_BMPR1A_ACVR2A,0.0063527989874011,0.0169797854955964,GDF5,BMPR1A_ACVR2A,1,2,True,0.010626986508195302,0.010626986508195302,0.6258610576059009
2.0,GDF5_BMPR1A_BMPR2,0.0063527989874011,0.0102683296832308,GDF5,BMPR1A_BMPR2,1,2,True,0.0039155306958297,0.0039155306958297,0.38132109277949555
2.0,GDNF_GFRA1_RET,0.0007279774205231,0.0017373830239029,GDNF,GFRA1_RET,1,2,True,0.0010094056033797998,0.0010094056033797998,0.5809919801750142
2.0,GRN_SORT1,6.039932024484488,6.039932190686844,GRN,SORT1,1,1,False,1.6620235676612083e-07,1.6620235676612083e-07,2.7517255412634154e-08
2.0,HBEGF_ERBB2_ERBB4,0.0939409484268881,0.1398753154711714,HBEGF,ERBB2_ERBB4,1,2,True,0.0459343670442833,0.0459343670442833,0.32839509165397
2.0,HBEGF_ERBB4,0.2226118774719327,0.2226118807692866,HBEGF,ERBB4,1,1,False,3.2973538899305765e-09,3.2973538899305765e-09,1.481211999348737e-08
2.0,HSPG2_DAG1,1.5170563800648569,1.5170564249342688,HSPG2,DAG1,1,1,False,4.486941196368832e-08,4.486941196368832e-08,2.9576626964044812e-08
2.0,IHH_PTCH1_SMO,0.0073642433076218,0.011670702735833,IHH,PTCH1_SMO,1,2,True,0.0043064594282112,0.0043064594282112,0.368997439630513
2.0,IHH_PTCH2_SMO,0.0028951360709621,0.0044296485279104,IHH,PTCH2_SMO,1,2,True,0.0015345124569483,0.0015345124569483,0.34641855833021956
2.0,INHBB_ACVR1B_ACVR2A,0.0552995907793346,0.1817025767226384,INHBB,ACVR1B_ACVR2A,1,2,True,0.1264029859433038,0.1264029859433038,0.6956587420125186
2.0,INHBB_ACVR1C_ACVR2A,0.0047765138317984,0.0525632637345806,INHBB,ACVR1C_ACVR2A,1,2,True,0.0477867499027822,0.0477867499027822,0.9091282867076612
2.0,JAG1_NOTCH3,0.0482818727797144,0.0482818697141929,JAG1,NOTCH3,1,1,False,-3.0655215033092986e-09,3.0655215033092986e-09,6.349218302479095e-08
2.0,JAG2_NOTCH3,0.0280645555649108,0.0280645536517043,JAG2,NOTCH3,1,1,False,-1.913206499476461e-09,1.913206499476461e-09,6.817163004956148e-08
2.0,JAM2_ITGA3_ITGB1,0.4469797322960221,1.3180459750975742,JAM2,ITGA3_ITGB1,1,2,True,0.8710662428015521,0.8710662428015521,0.6608769794521527
2.0,JAM2_JAM2,4.031292779099844,4.031292781412248,JAM2,JAM2,1,1,False,2.3124044901123852e-09,2.3124044901123852e-09,5.736136310353277e-10
2.0,JAM2_JAM3,0.6369310932846464,0.6369310675250177,JAM2,JAM3,1,1,False,-2.5759628652366473e-08,2.5759628652366473e-08,4.0443352387656824e-08
2.0,JAM3_ITGAM_ITGB2,0.0321719589552,0.0719064198980037,JAM3,ITGAM_ITGB2,1,2,True,0.039734460942803695,0.039734460942803695,0.5525857218196288
2.0,JAM3_JAM2,0.666150453600427,0.6661504391409974,JAM3,JAM2,1,1,False,-1.4459429653612688e-08,1.4459429653612688e-08,2.170595182433937e-08
2.0,JAM3_JAM3,0.1198010155067175,0.1198010021059434,JAM3,JAM3,1,1,False,-1.3400774101501867e-08,1.3400774101501867e-08,1.1185860190601187e-07
2.0,L1CAM_ITGA4_ITGB7,0.0369769817563998,0.063386706026242,L1CAM,ITGA4_ITGB7,1,2,True,0.026409724269842193,0.026409724269842193,0.4166445288844732
2.0,L1CAM_L1CAM,9.144786494212775,9.144785872655309,L1CAM,L1CAM,1,1,False,-6.215574668289037e-07,6.215574668289037e-07,6.796850502986075e-08
2.0,LAMA1_CD44,0.0120775111883959,0.012077511127687,LAMA1,CD44,1,1,False,-6.070889971288018e-11,6.070889971288018e-11,5.0266067872666866e-09
2.0,LAMA1_DAG1,0.5663660674758894,0.5663660794256797,LAMA1,DAG1,1,1,False,1.1949790379439662e-08,1.1949790379439662e-08,2.1099057329770312e-08
2.0,LAMA1_ITGA1_ITGB1,0.0210271195564374,0.0888584785205383,LAMA1,ITGA1_ITGB1,1,2,True,0.06783135896410089,0.06783135896410089,0.7633639478580841
2.0,LAMA1_ITGA3_ITGB1,0.0483608602028833,0.1392561107249511,LAMA1,ITGA3_ITGB1,1,2,True,0.09089525052206779,0.09089525052206779,0.6527200138570416
2.0,LAMA1_ITGA6_ITGB1,0.2620716128797673,0.3194788598945166,LAMA1,ITGA6_ITGB1,1,2,True,0.05740724701474925,0.05740724701474925,0.179690283838197
2.0,LAMA1_ITGA6_ITGB4,0.2230774388841155,0.2453056880465976,LAMA1,ITGA6_ITGB4,1,2,True,0.022228249162482117,0.022228249162482117,0.09061448733410413
2.0,LAMA1_ITGA7_ITGB1,0.0227569468242828,0.0926141445804493,LAMA1,ITGA7_ITGB1,1,2,True,0.0698571977561665,0.0698571977561665,0.754282167941259
2.0,LAMA1_ITGA9_ITGB1,0.015953371580751,0.07674524336077,LAMA1,ITGA9_ITGB1,1,2,True,0.060791871780019005,0.060791871780019005,0.792125597859451
2.0,LAMA1_SV2A,0.2609920520745599,0.2609920645463068,LAMA1,SV2A,1,1,False,1.24717469129898e-08,1.24717469129898e-08,4.778592381599781e-08
2.0,LAMA1_SV2B,0.2616199603559648,0.2616199761071106,LAMA1,SV2B,1,1,False,1.5751145776565778e-08,1.5751145776565778e-08,6.020620447620963e-08
2.0,LAMA2_CD44,0.0136165262302629,0.0136165252687503,LAMA2,CD44,1,1,False,-9.615125987072481e-10,9.615125987072481e-10,7.061364862429262e-08
2.0,LAMA2_DAG1,0.5714248128154794,0.5714247612609175,LAMA2,DAG1,1,1,False,-5.1554561952826816e-08,5.1554561952826816e-08,9.022107685315804e-08
2.0,LAMA2_ITGA1_ITGB1,0.0200094493484672,0.0846752426952749,LAMA2,ITGA1_ITGB1,1,2,True,0.0646657933468077,0.0646657933468077,0.7636918571290522
2.0,LAMA2_ITGA3_ITGB1,0.052199304006059,0.1454974210109224,LAMA2,ITGA3_ITGB1,1,2,True,0.09329811700486339,0.09329811700486339,0.6412355377615907
2.0,LAMA2_ITGA6_ITGB1,0.2463666490647039,0.3077349891805515,LAMA2,ITGA6_ITGB1,1,2,True,0.061368340115847575,0.061368340115847575,0.19941944294102384
2.0,LAMA2_ITGA6_ITGB4,0.2079155470745944,0.2312733611508588,LAMA2,ITGA6_ITGB4,1,2,True,0.023357814076264416,0.023357814076264416,0.10099656077998623
2.0,LAMA2_ITGA7_ITGB1,0.0192150282231259,0.083494684322704,LAMA2,ITGA7_ITGB1,1,2,True,0.0642796560995781,0.0642796560995781,0.7698652509558513
2.0,LAMA2_ITGA9_ITGB1,0.0159941357289292,0.078372537200871,LAMA2,ITGA9_ITGB1,1,2,True,0.062378401471941805,0.062378401471941805,0.795921679963789
2.0,LAMA2_SV2A,0.2581710929555625,0.2581710760473429,LAMA2,SV2A,1,1,False,-1.6908219602207453e-08,1.6908219602207453e-08,6.549230360626689e-08
2.0,LAMA2_SV2B,0.247803324611346,0.2478033137496663,LAMA2,SV2B,1,1,False,-1.086167969455154e-08,1.086167969455154e-08,4.383185621737306e-08
2.0,LAMA3_CD44,0.0008302882021189,0.0008302879904892,LAMA3,CD44,1,1,False,-2.1162969998395759e-10,2.1162969998395759e-10,2.5488703734905235e-07
2.0,LAMA3_DAG1,0.038796407348249,0.0387963984422368,LAMA3,DAG1,1,1,False,-8.906012198550695e-09,8.906012198550695e-09,2.2955765255806994e-07
2.0,LAMA3_ITGA1_ITGB1,0.0014722887575708,0.0061148176054859,LAMA3,ITGA1_ITGB1,1,2,True,0.0046425288479151,0.0046425288479151,0.7592260550421098
2.0,LAMA3_ITGA3_ITGB1,0.0035178522457205,0.0097074263398431,LAMA3,ITGA3_ITGB1,1,2,True,0.0061895740941226,0.0061895740941226,0.6376122648201976
2.0,LAMA3_ITGA6_ITGB1,0.0158543628598255,0.0201102876658832,LAMA3,ITGA6_ITGB1,1,2,True,0.004255924806057701,0.004255924806057701,0.21162923558163782
2.0,LAMA3_ITGA6_ITGB4,0.01346296091525,0.014867590993501,LAMA3,ITGA6_ITGB4,1,2,True,0.001404630078251,0.001404630078251,0.09447596983700986
2.0,LAMA3_ITGA7_ITGB1,0.0014554061497839,0.0060680106368336,LAMA3,ITGA7_ITGB1,1,2,True,0.0046126044870497,0.0046126044870497,0.760151021992381
2.0,LAMA3_ITGA9_ITGB1,0.0011802839666679,0.0054515714635963,LAMA3,ITGA9_ITGB1,1,2,True,0.0042712874969284,0.0042712874969284,0.7834965615787253
2.0,LAMA3_SV2A,0.0191494670905517,0.0191494636559782,LAMA3,SV2A,1,1,False,-3.4345735006047207e-09,3.4345735006047207e-09,1.793560877889563e-07
2.0,LAMA3_SV2B,0.0172504750302725,0.0172504723894138,LAMA3,SV2B,1,1,False,-2.6408587018578178e-09,2.6408587018578178e-09,1.530890423146858e-07
2.0,LAMA4_CD44,0.0116290305665224,0.0116290313011216,LAMA4,CD44,1,1,False,7.345991991786205e-10,7.345991991786205e-10,6.316942315803808e-08
2.0,LAMA4_DAG1,0.5694465021535599,0.5694465052769109,LAMA4,DAG1,1,1,False,3.1233510222605787e-09,3.1233510222605787e-09,5.484889262322812e-09
2.0,LAMA4_ITGA1_ITGB1,0.0251695798047303,0.1003910463049099,LAMA4,ITGA1_ITGB1,1,2,True,0.0752214665001796,0.0752214665001796,0.749284615200795
2.0,LAMA4_ITGA3_ITGB1,0.0533557388504806,0.1498287997593607,LAMA4,ITGA3_ITGB1,1,2,True,0.0964730609088801,0.0964730609088801,0.6438886319841379
2.0,LAMA4_ITGA6_ITGB1,0.2117070081616074,0.290699543920945,LAMA4,ITGA6_ITGB1,1,2,True,0.0789925357593376,0.0789925357593376,0.27173257547600216
2.0,LAMA4_ITGA6_ITGB4,0.1825797025756033,0.201263544948009,LAMA4,ITGA6_ITGB4,1,2,True,0.018683842372405696,0.018683842372405696,0.09283272028837693
2.0,LAMA4_ITGA7_ITGB1,0.0227104759731976,0.0951007369804184,LAMA4,ITGA7_ITGB1,1,2,True,0.0723902610072208,0.0723902610072208,0.7611955838168345
2.0,LAMA4_ITGA9_ITGB1,0.017280670835144,0.0806967715648541,LAMA4,ITGA9_ITGB1,1,2,True,0.0634161007297101,0.0634161007297101,0.7858567263591714
2.0,LAMA4_SV2A,0.2878965986145042,0.2878966015751409,LAMA4,SV2A,1,1,False,2.9606367357715158e-09,2.9606367357715158e-09,1.0283680736671671e-08
2.0,LAMA4_SV2B,0.3048594640861151,0.3048594674802138,LAMA4,SV2B,1,1,False,3.3940987242964127e-09,3.3940987242964127e-09,1.1133322354558987e-08
2.0,LAMA5_CD44,0.0343258765960891,0.0343258769137568,LAMA5,CD44,1,1,False,3.176676977023618e-10,3.176676977023618e-10,9.254467074519224e-09
2.0,LAMA5_DAG1,1.8207232876004016,1.820723268259677,LAMA5,DAG1,1,1,False,-1.934072457743241e-08,1.934072457743241e-08,1.0622550229981551e-08
2.0,LAMA5_ITGA1_ITGB1,0.0782045541597879,0.318889421951262,LAMA5,ITGA1_ITGB1,1,2,True,0.24068486779147413,0.24068486779147413,0.7547596477761486
2.0,LAMA5_ITGA3_ITGB1,0.1580301723559166,0.4604390857480098,LAMA5,ITGA3_ITGB1,1,2,True,0.3024089133920932,0.3024089133920932,0.6567837587046124
2.0,LAMA5_ITGA6_ITGB1,0.7556842531921435,0.995865337937095,LAMA5,ITGA6_ITGB1,1,2,True,0.24018108474495148,0.24018108474495148,0.24117827541068892
2.0,LAMA5_ITGA6_ITGB4,0.6614454494458566,0.7198588476516524,LAMA5,ITGA6_ITGB4,1,2,True,0.05841339820579583,0.05841339820579583,0.08114562791907604
2.0,LAMA5_ITGA7_ITGB1,0.0799768618947147,0.3206346815476731,LAMA5,ITGA7_ITGB1,1,2,True,0.2406578196529584,0.2406578196529584,0.7505670269083993
2.0,LAMA5_ITGA9_ITGB1,0.0448571402165464,0.2312356999418433,LAMA5,ITGA9_ITGB1,1,2,True,0.18637855972529688,0.18637855972529688,0.8060111815440775
2.0,LAMA5_SV2A,0.8751082653390906,0.8751082848331422,LAMA5,SV2A,1,1,False,1.949405159518136e-08,1.949405159518136e-08,2.227615934283871e-08
2.0,LAMA5_SV2B,1.0181967852769749,1.0181968246007906,LAMA5,SV2B,1,1,False,3.932381575921795e-08,3.932381575921795e-08,3.8621035549424176e-08
2.0,LAMB3_CD44,0.0013354782504805,0.0013354780289316,LAMB3,CD44,1,1,False,-2.2154890010235573e-10,2.2154890010235573e-10,1.6589480212249302e-07
2.0,LAMB3_DAG1,0.0590831230764172,0.0590831146595264,LAMB3,DAG1,1,1,False,-8.416890802387389e-09,8.416890802387389e-09,1.4245846130207288e-07
2.0,LAMB3_ITGA1_ITGB1,0.0018566463239304,0.0081267204473731,LAMB3,ITGA1_ITGB1,1,2,True,0.006270074123442701,0.006270074123442701,0.7715380594233993
2.0,LAMB3_ITGA3_ITGB1,0.00524963609657,0.0142469079378167,LAMB3,ITGA3_ITGB1,1,2,True,0.008997271841246702,0.008997271841246702,0.6315245301308172
2.0,LAMB3_ITGA6_ITGB1,0.025519946337603,0.0309929592792788,LAMB3,ITGA6_ITGB1,1,2,True,0.005473012941675799,0.005473012941675799,0.17658891144786337
2.0,LAMB3_ITGA6_ITGB4,0.0217750306926302,0.0240295236339169,LAMB3,ITGA6_ITGB4,1,2,True,0.002254492941286698,0.002254492941286698,0.09382179087830747
2.0,LAMB3_ITGA7_ITGB1,0.0020230614553866,0.0084307820238769,LAMB3,ITGA7_ITGB1,1,2,True,0.0064077205684903,0.0064077205684903,0.7600386951463023
2.0,LAMB3_ITGA9_ITGB1,0.0016480386974931,0.0077713677264344,LAMB3,ITGA9_ITGB1,1,2,True,0.0061233290289413,0.0061233290289413,0.7879345366855726
2.0,LAMB3_SV2A,0.0264963570112061,0.0264963537829797,LAMB3,SV2A,1,1,False,-3.2282264014749096e-09,3.2282264014749096e-09,1.2183661324119372e-07
2.0,LAMB3_SV2B,0.0228709852960216,0.0228709839313381,LAMB3,SV2B,1,1,False,-1.364683498150665e-09,1.364683498150665e-09,5.966876723881464e-08
2.0,LAMC1_CD44,0.0404089885783419,0.0404089874170575,LAMC1,CD44,1,1,False,-1.1612844019737167e-09,1.1612844019737167e-09,2.8738269450182006e-08
2.0,LAMC1_DAG1,2.0647072101387045,2.064707098225404,LAMC1,DAG1,1,1,False,-1.1191330040460912e-07,1.1191330040460912e-07,5.4202988130743686e-08
2.0,LAMC1_ITGA1_ITGB1,0.0900220873554984,0.3634029617641953,LAMC1,ITGA1_ITGB1,1,2,True,0.2733808744086969,0.2733808744086969,0.752280259581616
2.0,LAMC1_ITGA3_ITGB1,0.1827561491405252,0.5276827823432371,LAMC1,ITGA3_ITGB1,1,2,True,0.3449266332027119,0.3449266332027119,0.6536628534117124
2.0,LAMC1_ITGA6_ITGB1,0.8275944523982779,1.102627997076844,LAMC1,ITGA6_ITGB1,1,2,True,0.2750335446785661,0.2750335446785661,0.24943457395214186
2.0,LAMC1_ITGA6_ITGB4,0.7196354443291786,0.7870272332360695,LAMC1,ITGA6_ITGB4,1,2,True,0.0673917889068909,0.0673917889068909,0.08562828077726337
2.0,LAMC1_ITGA7_ITGB1,0.0868647931409598,0.3555992132993661,LAMC1,ITGA7_ITGB1,1,2,True,0.2687344201584063,0.2687344201584063,0.7557227634588959
2.0,LAMC1_ITGA9_ITGB1,0.0539082087441212,0.2713504125056643,LAMC1,ITGA9_ITGB1,1,2,True,0.21744220376154308,0.21744220376154308,0.8013336031210349
2.0,LAMC1_SV2A,0.9970601441984868,0.9970601279374276,LAMC1,SV2A,1,1,False,-1.6261059165856295e-08,1.6261059165856295e-08,1.6309005289674054e-08
2.0,LAMC1_SV2B,1.1213816976620037,1.1213816907423857,LAMC1,SV2B,1,1,False,-6.9196179897090815e-09,6.9196179897090815e-09,6.17061791193486e-09
2.0,LAMC3_CD44,0.0060521150937158,0.0060521146392762,LAMC3,CD44,1,1,False,-4.54439600533485e-10,4.54439600533485e-10,7.508773271766615e-08
2.0,LAMC3_DAG1,0.2600843133453443,0.2600842993431288,LAMC3,DAG1,1,1,False,-1.4002215498187809e-08,1.4002215498187809e-08,5.3837216547525615e-08
2.0,LAMC3_ITGA1_ITGB1,0.0093992521703546,0.0397750074342505,LAMC3,ITGA1_ITGB1,1,2,True,0.030375755263895896,0.030375755263895896,0.7636894930593816
2.0,LAMC3_ITGA3_ITGB1,0.0236559048074077,0.0674192464157029,LAMC3,ITGA3_ITGB1,1,2,True,0.0437633416082952,0.0437633416082952,0.6491223787707912
2.0,LAMC3_ITGA6_ITGB1,0.1208889088853563,0.1497646849556971,LAMC3,ITGA6_ITGB1,1,2,True,0.02887577607034081,0.02887577607034081,0.1928076440643049
2.0,LAMC3_ITGA6_ITGB4,0.1029789046482259,0.1137569679521047,LAMC3,ITGA6_ITGB4,1,2,True,0.010778063303878802,0.010778063303878802,0.09474640101533569
2.0,LAMC3_ITGA7_ITGB1,0.0099025404216919,0.0410423093217627,LAMC3,ITGA7_ITGB1,1,2,True,0.0311397689000708,0.0311397689000708,0.7587236053395984
2.0,LAMC3_ITGA9_ITGB1,0.0067823358119135,0.0350501813601365,LAMC3,ITGA9_ITGB1,1,2,True,0.028267845548222995,0.028267845548222995,0.8064964131789848
2.0,LAMC3_SV2A,0.1193434482046237,0.119343449429491,LAMC3,SV2A,1,1,False,1.2248673048054215e-09,1.2248673048054215e-09,1.0263381112752923e-08
2.0,LAMC3_SV2B,0.1258036180565898,0.1258036259843105,LAMC3,SV2B,1,1,False,7.927720702127772e-09,7.927720702127772e-09,6.30166311988215e-08
2.0,LRRC4C_NTNG1,0.7670616034741455,0.7670615502018175,LRRC4C,NTNG1,1,1,False,-5.32723279933478e-08,5.32723279933478e-08,6.944986915271061e-08
2.0,MAG_MAG,0.0005078976306116,0.0005078976225202,MAG,MAG,1,1,False,-8.091400054317799e-12,8.091400054317799e-12,1.5931163223924275e-08
2.0,MPZ_MPZ,0.0331470132074414,0.0331470084380026,MPZ,MPZ,1,1,False,-4.769438802232351e-09,4.769438802232351e-09,1.4388743783290938e-07
2.0,MSTN_ACVR1B_ACVR2A,0.008649434245405,0.0290895666143266,MSTN,ACVR1B_ACVR2A,1,2,True,0.0204401323689216,0.0204401323689216,0.7026619763683535
2.0,MSTN_TGFBR1_ACVR2A,0.0212533444678257,0.0446497274780386,MSTN,TGFBR1_ACVR2A,1,2,True,0.023396383010212903,0.023396383010212903,0.52399833843825
2.0,NCAM1_FGFR1,0.392702723505879,0.3927027278341576,NCAM1,FGFR1,1,1,False,4.328278624399218e-09,4.328278624399218e-09,1.1021768675432003e-08
2.0,NCAM1_L1CAM,0.2873602071005886,0.2873602021153793,NCAM1,L1CAM,1,1,False,-4.985209300922833e-09,4.985209300922833e-09,1.7348293805961072e-08
2.0,NCAM1_NCAM1,0.0167504639262036,0.01675046391829,NCAM1,NCAM1,1,1,False,-7.913600330589077e-12,7.913600330589077e-12,4.724406658498235e-10
2.0,NCAM1_NCAM2,0.2002237280531763,0.2002237242013347,NCAM1,NCAM2,1,1,False,-3.8518415956811936e-09,3.8518415956811936e-09,1.9237687926069406e-08
2.0,NCAM2_L1CAM,5.8292555473380805,5.829255280926629,NCAM2,L1CAM,1,1,False,-2.6641145112193954e-07,2.6641145112193954e-07,4.57024827541822e-08
2.0,NEGR1_NEGR1,1.0460729763833343,1.0460728974595717,NEGR1,NEGR1,1,1,False,-7.892376263640699e-08,7.892376263640699e-08,7.54476641861794e-08
2.0,NFASC_CNTN1_CNTNAP1,0.0152810063262049,0.2228527926888845,NFASC,CNTN1_CNTNAP1,1,2,True,0.2075717863626796,0.2075717863626796,0.9314300433850157
2.0,NMB_NMBR,0.1152379322591627,0.1152379316928043,NMB,NMBR,1,1,False,-5.663584046189385e-10,5.663584046189385e-10,4.914687321404161e-09
2.0,NMU_NMUR1,0.0112328898786903,0.0112328903252281,NMU,NMUR1,1,1,False,4.465377997919795e-10,4.465377997919795e-10,3.97527071718215e-08
2.0,NPB_NPBWR1,0.0001701832086597,0.0001701831859035,NPB,NPBWR1,1,1,False,-2.2756200000534008e-11,2.2756200000534008e-11,1.3371589465114344e-07
2.0,NPFF_NPFFR2,0.0011617707530228,0.0011617704807441,NPFF,NPFFR2,1,1,False,-2.7227870002047294e-10,2.7227870002047294e-10,2.343652560645322e-07
2.0,NPPC_NPR2,0.0067503569390782,0.0067503568307779,NPPC,NPR2,1,1,False,-1.0830029928410312e-10,1.0830029928410312e-10,1.604364039731685e-08
2.0,NPW_NPBWR1,0.0006043068202112,0.0006043068491454,NPW,NPBWR1,1,1,False,2.8934199979534225e-11,2.8934199979534225e-11,4.7879980212788344e-08
2.0,NPY_GPR83,0.0174008987133632,0.0174009004809055,NPY,GPR83,1,1,False,1.767542300024072e-09,1.767542300024072e-09,1.0157763398300256e-07
2.0,NPY_NPY1R,0.2559896637982934,0.2559896569441794,NPY,NPY1R,1,1,False,-6.854113998588929e-09,6.854113998588929e-09,2.6774963867250576e-08
2.0,NPY_NPY2R,0.0779620923969654,0.0779620909650206,NPY,NPY2R,1,1,False,-1.4319447988464518e-09,1.4319447988464518e-09,1.8367193014206334e-08
2.0,NRG1_ERBB2_ERBB3,0.0502181896361316,0.1056888553203996,NRG1,ERBB2_ERBB3,1,2,True,0.05547066568426799,0.05547066568426799,0.5248487696844352
2.0,NRG1_ERBB2_ERBB4,0.2883377803770569,0.4566053295869345,NRG1,ERBB2_ERBB4,1,2,True,0.16826754920987763,0.16826754920987763,0.36851858335096516
2.0,NRG1_ERBB3,0.0502181896361316,0.0502181859742006,NRG1,ERBB3,1,1,False,-3.6619310014862627e-09,3.6619310014862627e-09,7.292041047317109e-08
2.0,NRG1_ERBB4,0.7748631294212205,0.77486311681604,NRG1,ERBB4,1,1,False,-1.2605180454983156e-08,1.2605180454983156e-08,1.6267621953310028e-08
2.0,NRG3_ERBB2_ERBB4,0.3155501496218788,0.5018316550739947,NRG3,ERBB2_ERBB4,1,2,True,0.18628150545211597,0.18628150545211597,0.3712031785333448
2.0,NRG3_ERBB4,0.8544990711535629,0.8544990952202102,NRG3,ERBB4,1,1,False,2.406664723064722e-08,2.406664723064722e-08,2.8164625761768752e-08
2.0,NRG4_ERBB2_ERBB4,0.0269678418405809,0.0435738569490436,NRG4,ERBB2_ERBB4,1,2,True,0.016606015108462702,0.016606015108462702,0.38110041825955887
2.0,NRG4_ERBB4,0.0754161212422698,0.0754161134361453,NRG4,ERBB4,1,1,False,-7.806124510678636e-09,7.806124510678636e-09,1.0350737192651324e-07
2.0,NRTN_GFRA2_RET,9.680189205281243e-05,0.0003985448254791,NRTN,GFRA2_RET,1,2,True,0.00030174293342628757,0.00030174293342628757,0.7571116575495752
2.0,NRXN1_NLGN1,1.162245721435355,1.1622456237134242,NRXN1,NLGN1,1,1,False,-9.77219307696231e-08,9.77219307696231e-08,8.408026716496583e-08
2.0,NRXN1_NLGN2,1.1547574194713384,1.1547574225604682,NRXN1,NLGN2,1,1,False,3.0891298408164403e-09,3.0891298408164403e-09,2.6751331322615334e-09
2.0,NRXN1_NLGN3,2.0976525227696534,2.0976523705835284,NRXN1,NLGN3,1,1,False,-1.5218612503531403e-07,1.5218612503531403e-07,7.2550683863681e-08
2.0,NRXN2_NLGN1,2.8057751491989364,2.805775024534639,NRXN2,NLGN1,1,1,False,-1.2466429755164654e-07,1.2466429755164654e-07,4.4431321443287734e-08
2.0,NRXN2_NLGN2,2.7792825164227386,2.779282622610604,NRXN2,NLGN2,1,1,False,1.0618786561167326e-07,1.0618786561167326e-07,3.8206933238020276e-08
2.0,NRXN2_NLGN3,5.129405448288235,5.1294052575200775,NRXN2,NLGN3,1,1,False,-1.9076815771512656e-07,1.9076815771512656e-07,3.719108571906496e-08
2.0,NRXN3_NLGN1,2.6397435307767765,2.639743307323557,NRXN3,NLGN1,1,1,False,-2.234532194833605e-07,2.234532194833605e-07,8.464959450723862e-08
2.0,NRXN3_NLGN2,2.594667157159501,2.594667163726479,NRXN3,NLGN2,1,1,False,6.566978072441998e-09,6.566978072441998e-09,2.5309520096637208e-09
2.0,NRXN3_NLGN3,4.57350889596334,4.573508570644368,NRXN3,NLGN3,1,1,False,-3.253189726493133e-07,3.253189726493133e-07,7.113115554152427e-08
2.0,NTS_NTSR1,0.5946063083623904,0.5946062754277393,NTS,NTSR1,1,1,False,-3.293465111742222e-08,3.293465111742222e-08,5.53890038740554e-08
2.0,PDGFA_PDGFRA,0.0295351819845258,0.0295351827923971,PDGFA,PDGFRA,1,1,False,8.078713011061556e-10,8.078713011061556e-10,2.735284581729816e-08
2.0,PDGFA_PDGFRB,0.0351813455998726,0.0351813476712835,PDGFA,PDGFRB,1,1,False,2.0714109039143835e-09,2.0714109039143835e-09,5.8878099931491715e-08
2.0,PDGFC_PDGFRA,0.0404326575768475,0.0404326537469161,PDGFC,PDGFRA,1,1,False,-3.829931399801367e-09,3.829931399801367e-09,9.472371170562031e-08
2.0,PDGFD_PDGFRB,0.3366851280773117,0.3366851069717192,PDGFD,PDGFRB,1,1,False,-2.1105592495906933e-08,2.1105592495906933e-08,6.268644123497055e-08
2.0,PECAM1_PECAM1,0.0070631067782644,0.0070631065738399,PECAM1,PECAM1,1,1,False,-2.044245007645773e-10,2.044245007645773e-10,2.894257543913417e-08
2.0,PLG_F2R,0.0175722887140539,0.0175722879732282,PLG,F2R,1,1,False,-7.408257028662657e-10,7.408257028662657e-10,4.2158748636640074e-08
2.0,PLG_F2RL2,0.0025557710073272,0.0025557711038777,PLG,F2RL2,1,1,False,9.65504998000355e-11,9.65504998000355e-11,3.777744401818531e-08
2.0,PROS1_AXL,1.138179561447746,1.1381795507245849,PROS1,AXL,1,1,False,-1.072316102579407e-08,1.072316102579407e-08,9.421326290690357e-09
2.0,PROS1_TYRO3,0.5260967444030864,0.5260967230775503,PROS1,TYRO3,1,1,False,-2.1325536114780164e-08,2.1325536114780164e-08,4.053538886460187e-08
2.0,PRSS1_F2R,0.0767806686675583,0.076780669065433,PRSS1,F2R,1,1,False,3.9787470540453285e-10,3.9787470540453285e-10,5.181964552372699e-09
2.0,PRSS1_F2RL2,0.011583089444588,0.0115830895352127,PRSS1,F2RL2,1,1,False,9.062470045229087e-11,9.062470045229087e-11,7.823879818660724e-09
2.0,PSAP_GPR37L1,34.86492478497108,34.86492479407673,PSAP,GPR37L1,1,1,False,9.10564779132983e-09,9.10564779132983e-09,2.6116929392822916e-10
2.0,PTHLH_PTH1R,0.0026247725713374,0.0026247723532783,PTHLH,PTH1R,1,1,False,-2.1805910029037978e-10,2.1805910029037978e-10,8.307733122160452e-08
2.0,PTPRC_MRC1,0.0050632919018596,0.0050632916170745,PTPRC,MRC1,1,1,False,-2.847851000159496e-10,2.847851000159496e-10,5.6245048781674284e-08
2.0,PTPRM_PTPRM,0.0954647050405886,0.0954646925965242,PTPRM,PTPRM,1,1,False,-1.244406440392698e-08,1.244406440392698e-08,1.3035251508540413e-07
2.0,RELN_ITGA3_ITGB1,0.1325746255026308,0.3856905713112045,RELN,ITGA3_ITGB1,1,2,True,0.25311594580857366,0.25311594580857366,0.6562668746297675
2.0,SEMA3A_NRP1_PLXNA1,0.6752617040431919,0.8608411050802012,SEMA3A,NRP1_PLXNA1,1,2,True,0.18557940103700932,0.18557940103700932,0.21557915850186965
2.0,SEMA3A_NRP1_PLXNA3,0.6510617178745881,0.8816897680782925,SEMA3A,NRP1_PLXNA3,1,2,True,0.23062805020370436,0.23062805020370436,0.2615750557096462
2.0,SEMA3A_NRP1_PLXNA4,0.7637878514508858,0.9104685305364948,SEMA3A,NRP1_PLXNA4,1,2,True,0.146680679085609,0.146680679085609,0.16110461170928908
2.0,SEMA3C_NRP1_NRP2_PLXND1,0.0339487310481733,0.1669189034935079,SEMA3C,NRP1_NRP2_PLXND1,1,3,True,0.1329701724453346,0.1329701724453346,0.7966154201971876
2.0,SEMA3C_NRP1_PLXNA1,0.3107028326195813,0.3872563533347135,SEMA3C,NRP1_PLXNA1,1,2,True,0.07655352071513216,0.07655352071513216,0.19768176830649803
2.0,SEMA3C_NRP1_PLXNA3,0.2991033909283531,0.3836747314302315,SEMA3C,NRP1_PLXNA3,1,2,True,0.08457134050187842,0.08457134050187842,0.2204245773148006
2.0,SEMA3C_NRP1_PLXNA4,0.3690085735626953,0.4209055580555403,SEMA3C,NRP1_PLXNA4,1,2,True,0.05189698449284502,0.05189698449284502,0.12329840625672372
2.0,SEMA3C_NRP2_PLXNA1,0.340006340194594,0.3851969052461242,SEMA3C,NRP2_PLXNA1,1,2,True,0.045190565051530185,0.045190565051530185,0.11731808962134668
2.0,SEMA3C_NRP2_PLXNA3,0.3230873701726398,0.3828520743493863,SEMA3C,NRP2_PLXNA3,1,2,True,0.05976470417674651,0.05976470417674651,0.15610390587098125
2.0,SEMA3C_NRP2_PLXNA4,0.3835248948791763,0.4154024178459096,SEMA3C,NRP2_PLXNA4,1,2,True,0.031877522966733296,0.031877522966733296,0.0767388960614043
2.0,SEMA3C_PLXND1,0.0339487310481733,0.0339487292885027,SEMA3C,PLXND1,1,1,False,-1.7596706036737686e-09,1.7596706036737686e-09,5.183317753988487e-08
2.0,SEMA3E_PLXND1,0.0313560545221709,0.0313560545855519,SEMA3E,PLXND1,1,1,False,6.338100183578277e-11,6.338100183578277e-11,2.0213321692897927e-09
2.0,SEMA3F_NRP2_PLXNA1,0.3513396898559325,0.3969804441142354,SEMA3F,NRP2_PLXNA1,1,2,True,0.045640754258302885,0.045640754258302885,0.11496977983421588
2.0,SEMA3F_NRP2_PLXNA3,0.3431483181588669,0.4130112594738755,SEMA3F,NRP2_PLXNA3,1,2,True,0.06986294131500859,0.06986294131500859,0.16915505258623023
2.0,SEMA3F_NRP2_PLXNA4,0.3677409274164548,0.4064981427471362,SEMA3F,NRP2_PLXNA4,1,2,True,0.03875721533068138,0.03875721533068138,0.09534413876717382
2.0,SEMA3G_NRP2_PLXNA1,0.284708724969777,0.3182530310665615,SEMA3G,NRP2_PLXNA1,1,2,True,0.03354430609678449,0.03354430609678449,0.10540137193467553
2.0,SEMA3G_NRP2_PLXNA3,0.272904328407296,0.3213293402852211,SEMA3G,NRP2_PLXNA3,1,2,True,0.048425011877925084,0.048425011877925084,0.15070211713297535
2.0,SEMA3G_NRP2_PLXNA4,0.3062754653003484,0.3376243616867651,SEMA3G,NRP2_PLXNA4,1,2,True,0.03134889638641669,0.03134889638641669,0.09285140512313206
2.0,SEMA4A_NRP1_PLXNA1,0.8166146042875949,1.022929620287527,SEMA4A,NRP1_PLXNA1,1,2,True,0.20631501599993218,0.20631501599993218,0.20169033324300528
2.0,SEMA4A_NRP1_PLXNA3,0.7721588885414377,1.0237631586051268,SEMA4A,NRP1_PLXNA3,1,2,True,0.25160427006368913,0.25160427006368913,0.24576413787589205
2.0,SEMA4A_NRP1_PLXNA4,0.9564735794398826,1.1105219205027963,SEMA4A,NRP1_PLXNA4,1,2,True,0.15404834106291365,0.15404834106291365,0.13871706466916675
2.0,SEMA4A_PLXNB2,1.045571579236583,1.04557154371216,SEMA4A,PLXNB2,1,1,False,-3.5524422958843616e-08,3.5524422958843616e-08,3.397607936587329e-08
2.0,SEMA4A_PLXNB3,0.5906460294256624,0.5906460708244587,SEMA4A,PLXNB3,1,1,False,4.139879639097899e-08,4.139879639097899e-08,7.009069972004063e-08
2.0,SEMA4C_PLXNB2,0.7147541365846038,0.7147540763133757,SEMA4C,PLXNB2,1,1,False,-6.027122811946839e-08,6.027122811946839e-08,8.43244201530189e-08
2.0,SEMA4G_PLXNB2,0.0792907767220923,0.0792907633482024,SEMA4G,PLXNB2,1,1,False,-1.3373889898304903e-08,1.3373889898304903e-08,1.6866892280774718e-07
2.0,SEMA5A_PLXNA1,1.1741057644365822,1.1741056966812125,SEMA5A,PLXNA1,1,1,False,-6.775536975922591e-08,6.775536975922591e-08,5.770806328656402e-08
2.0,SEMA5A_PLXNA3,1.2123383296296957,1.212338258208782,SEMA5A,PLXNA3,1,1,False,-7.142091362766223e-08,7.142091362766223e-08,5.8911701364319226e-08
2.0,SEMA5A_PLXNB3,0.6436903167605802,0.6436902810055639,SEMA5A,PLXNB3,1,1,False,-3.575501628105826e-08,3.575501628105826e-08,5.554692272053751e-08
2.0,SEMA5B_PLXNA1,7.930682218100958,7.930682273068274,SEMA5B,PLXNA1,1,1,False,5.496731603216176e-08,5.496731603216176e-08,6.930969384415353e-09
2.0,SEMA5B_PLXNA3,8.25629437756125,8.25629441327468,SEMA5B,PLXNA3,1,1,False,3.571343043518027e-08,3.571343043518027e-08,4.325600402253014e-09
2.0,SEMA6A_PLXNA4,4.765946586529403,4.765946570451731,SEMA6A,PLXNA4,1,1,False,-1.6077672526648712e-08,1.6077672526648712e-08,3.373447904785813e-09
2.0,SEMA6D_PLXNA1,3.0791915438361888,3.0791914163610827,SEMA6D,PLXNA1,1,1,False,-1.274751060265089e-07,1.274751060265089e-07,4.1398888056082074e-08
2.0,SEMA6D_PLXNA1_KDR,0.1524864837741943,0.6338644499257023,SEMA6D,PLXNA1_KDR,1,2,True,0.4813779661515081,0.4813779661515081,0.7594336079392561
2.0,SST_SSTR2,0.2732112507299447,0.2732112305020802,SST,SSTR2,1,1,False,-2.0227864494515302e-08,2.0227864494515302e-08,7.403745065575469e-08
2.0,SST_SSTR4,0.0116109971001047,0.0116109978601573,SST,SSTR4,1,1,False,7.600525989831519e-10,7.600525989831519e-10,6.545971398300259e-08
2.0,SST_SSTR5,0.582784480513103,0.5827844274576485,SST,SSTR5,1,1,False,-5.305545458522687e-08,5.305545458522687e-08,9.103786452672018e-08
2.0,TAC1_TACR1,0.1114010297888612,0.1114010147757633,TAC1,TACR1,1,1,False,-1.501309790374883e-08,1.501309790374883e-08,1.3476623988308915e-07
2.0,TGFB2_ACVR1B_TGFBR2,0.0224136797728165,0.027435422866915,TGFB2,ACVR1B_TGFBR2,1,2,True,0.0050217430940984985,0.0050217430940984985,0.18303866204133973
2.0,TGFB2_ACVR1C_TGFBR2,0.0027080155824465,0.0081072507474495,TGFB2,ACVR1C_TGFBR2,1,2,True,0.005399235165003,0.005399235165003,0.6659760914267481
2.0,TGFB2_TGFBR1_TGFBR2,0.0255964007066702,0.0436897314656374,TGFB2,TGFBR1_TGFBR2,1,2,True,0.0180933307589672,0.0180933307589672,0.41413234075832817
2.0,TGFB3_ACVR1B_TGFBR2,0.0054650647368641,0.0085164677521228,TGFB3,ACVR1B_TGFBR2,1,2,True,0.0030514030152587,0.0030514030152587,0.35829443662228544
2.0,TGFB3_ACVR1C_TGFBR2,0.0011019487705507,0.0023949793876101,TGFB3,ACVR1C_TGFBR2,1,2,True,0.0012930306170594,0.0012930306170594,0.5398921693224626
2.0,TGFB3_TGFBR1_TGFBR2,0.0060104307380556,0.011825146632455,TGFB3,TGFBR1_TGFBR2,1,2,True,0.0058147158943994,0.0058147158943994,0.49172463353989004
2.0,THBS1_ITGA3_ITGB1,1.103339152680695,3.172257513247656,THBS1,ITGA3_ITGB1,1,2,True,2.068918360566961,2.068918360566961,0.6521911767651134
2.0,THBS1_SDC4,8.41613079167797,8.416130364020326,THBS1,SDC4,1,1,False,-4.2765764440844123e-07,4.2765764440844123e-07,5.0814044481261775e-08
2.0,THBS2_ITGA3_ITGB1,0.0422626598064112,0.1191269368758101,THBS2,ITGA3_ITGB1,1,2,True,0.07686427706939888,0.07686427706939888,0.6452300301276943
2.0,THBS2_SDC4,0.2584701473270815,0.2584701474603784,THBS2,SDC4,1,1,False,1.3329687353902386e-10,1.3329687353902386e-10,5.157147734419013e-10
2.0,THBS3_ITGA3_ITGB1,0.095956275161978,0.2874131462966962,THBS3,ITGA3_ITGB1,1,2,True,0.19145687113471818,0.19145687113471818,0.6661381833142648
2.0,THBS3_SDC4,0.8538537343812369,0.8538536982720281,THBS3,SDC4,1,1,False,-3.610920884522528e-08,3.610920884522528e-08,4.228968896106378e-08
2.0,THY1_ITGAM_ITGB2,0.0062917762243138,0.0123608506558356,THY1,ITGAM_ITGB2,1,2,True,0.006069074431521801,0.006069074431521801,0.4909916477840924
2.0,TNC_ITGA8_ITGB1,0.2507320086477479,1.320845491401167,TNC,ITGA8_ITGB1,1,2,True,1.070113482753419,1.070113482753419,0.8101730972471515
2.0,TNC_ITGA9_ITGB1,0.2525057935387411,1.2801740464467826,TNC,ITGA9_ITGB1,1,2,True,1.0276682529080414,1.0276682529080414,0.8027566687204841
2.0,TNC_SDC4,6.4679596639292365,6.467959751673636,TNC,SDC4,1,1,False,8.774439930192557e-08,8.774439930192557e-08,1.356600886071083e-08
2.0,TNN_ITGA8_ITGB1,0.0002214841381915,0.0012737811356434,TNN,ITGA8_ITGB1,1,2,True,0.0010522969974519,0.0010522969974519,0.8261207267136783
2.0,TNN_ITGA9_ITGB1,0.0003092725578347,0.001452778919223,TNN,ITGA9_ITGB1,1,2,True,0.0011435063613883,0.0011435063613883,0.7871165710470864
2.0,TNN_SDC4,0.0074480782570292,0.0074480788777466,TNN,SDC4,1,1,False,6.207173993549864e-10,6.207173993549864e-10,8.33392623176385e-08
2.0,TNR_ITGA8_ITGB1,0.0148911890077976,0.0784067469498446,TNR,ITGA8_ITGB1,1,2,True,0.06351555794204701,0.06351555794204701,0.8100777090353816
2.0,TNR_ITGA9_ITGB1,0.0151498567014618,0.0747284555668874,TNR,ITGA9_ITGB1,1,2,True,0.059578598865425596,0.059578598865425596,0.7972679003394955
2.0,TNR_SDC4,0.3924131536149812,0.3924131520871384,TNR,SDC4,1,1,False,-1.5278427967224673e-09,1.5278427967224673e-09,3.893454596635465e-09
2.0,UCN_CRHR2,0.1103658116152783,0.1103658185836028,UCN,CRHR2,1,1,False,6.968324500755685e-09,6.968324500755685e-09,6.313842990687498e-08
2.0,UTS2B_SSTR5,0.0020031841439207,0.0020031841632895,UTS2B,SSTR5,1,1,False,1.936879996666807e-11,1.936879996666807e-11,9.66900613614171e-09
2.0,VEGFA_FLT1,0.0465666606822481,0.0465666555689881,VEGFA,FLT1,1,1,False,-5.113260002909126e-09,5.113260002909126e-09,1.0980516807507255e-07
2.0,VEGFA_FLT1_KDR,0.0375516077857588,0.0479068324085297,VEGFA,FLT1_KDR,1,2,True,0.0103552246227709,0.0103552246227709,0.2161533982139712
2.0,VEGFA_KDR,0.052925021499163,0.0529250196448618,VEGFA,KDR,1,1,False,-1.8543011987004476e-09,1.8543011987004476e-09,3.503638064142824e-08
2.0,VEGFC_FLT4,0.0021510171071598,0.0021510171184742,VEGFC,FLT4,1,1,False,1.1314399937789599e-11,1.1314399937789599e-11,5.2600231958243745e-09
2.0,VEGFC_FLT4_KDR,0.0013814288258031,0.0025367460139757,VEGFC,FLT4_KDR,1,2,True,0.0011553171881725998,0.0011553171881725998,0.4554327401354367
2.0,VEGFC_KDR,0.0049712399706707,0.0049712400094305,VEGFC,KDR,1,1,False,3.8759800057019955e-11,3.8759800057019955e-11,7.796807231896301e-09
2.0,VEGFD_FLT4,0.0185958146491105,0.0185958152664408,VEGFD,FLT4,1,1,False,6.173303014611609e-10,6.173303014611609e-10,3.3197270064046864e-08
2.0,VEGFD_FLT4_KDR,0.0122833945647742,0.0222350632476056,VEGFD,FLT4_KDR,1,2,True,0.0099516686828314,0.0099516686828314,0.4475664661715344
2.0,VEGFD_KDR,0.0444307828719874,0.0444307834023702,VEGFD,KDR,1,1,False,5.303828001790301e-10,5.303828001790301e-10,1.1937282207604205e-08
2.0,VIP_VIPR1,0.0195016585535436,0.0195016575745858,VIP,VIPR1,1,1,False,-9.789578002405985e-10,9.789578002405985e-10,5.019869451373993e-08
2.0,VIP_VIPR2,0.001210503937302,0.0012105036647016,VIP,VIPR2,1,1,False,-2.7260040015228415e-10,2.7260040015228415e-10,2.2519579800778046e-07
2.0,VSIR_IGSF11,1.0809206683717585,1.0809206689585005,VSIR,IGSF11,1,1,False,5.867419883287539e-10,5.867419883287539e-10,5.428168830318486e-10
2.0,WNT10B_FZD10_LRP5,0.0076644528076778,0.0181764109694269,WNT10B,FZD10_LRP5,1,2,True,0.0105119581617491,0.0105119581617491,0.5783296922274938
2.0,WNT10B_FZD10_LRP6,0.0076644528076778,0.0192426580405443,WNT10B,FZD10_LRP6,1,2,True,0.0115782052328665,0.0115782052328665,0.6016946935538329
2.0,WNT10B_FZD2_LRP5,0.0525151156424049,0.0892567005778365,WNT10B,FZD2_LRP5,1,2,True,0.036741584935431594,0.036741584935431594,0.4116395149895891
2.0,WNT10B_FZD2_LRP6,0.0509321664979598,0.0862711973249509,WNT10B,FZD2_LRP6,1,2,True,0.035339030826991094,0.035339030826991094,0.40962722116724964
2.0,WNT10B_FZD3_LRP5,0.0474846018742964,0.0506621662195983,WNT10B,FZD3_LRP5,1,2,True,0.003177564345301899,0.003177564345301899,0.0627206569006258
2.0,WNT10B_FZD3_LRP6,0.0402592481390854,0.0493952954034922,WNT10B,FZD3_LRP6,1,2,True,0.009136047264406796,0.009136047264406796,0.1849578424377818
2.0,WNT10B_FZD4_LRP5,0.0021255844527647,0.0094386877435065,WNT10B,FZD4_LRP5,1,2,True,0.0073131032907418,0.0073131032907418,0.7748008504437461
2.0,WNT10B_FZD4_LRP6,0.0021255844527647,0.0085316402954125,WNT10B,FZD4_LRP6,1,2,True,0.0064060558426477995,0.0064060558426477995,0.7508586415782629
2.0,WNT10B_FZD5_LRP5,0.0112286019462068,0.0223727526580162,WNT10B,FZD5_LRP5,1,2,True,0.0111441507118094,0.0111441507118094,0.4981126320107253
2.0,WNT10B_FZD5_LRP6,0.0112286019462068,0.0200359151889256,WNT10B,FZD5_LRP6,1,2,True,0.008807313242718799,0.008807313242718799,0.43957628886285377
2.0,WNT10B_FZD6_LRP5,0.0164315079834532,0.0284330347579038,WNT10B,FZD6_LRP5,1,2,True,0.012001526774450603,0.012001526774450603,0.4220979883659596
2.0,WNT10B_FZD6_LRP6,0.0164809214511325,0.0281132389899688,WNT10B,FZD6_LRP6,1,2,True,0.011632317538836302,0.011632317538836302,0.4137665369325419
2.0,WNT10B_FZD7_LRP5,0.0174703666068001,0.0308626934145137,WNT10B,FZD7_LRP5,1,2,True,0.0133923268077136,0.0133923268077136,0.4339325355646255
2.0,WNT10B_FZD7_LRP6,0.0177795561612359,0.0304767493567613,WNT10B,FZD7_LRP6,1,2,True,0.012697193195525397,0.012697193195525397,0.4166190116567833
2.0,WNT10B_FZD8_LRP5,0.0325930248202785,0.0400123806979344,WNT10B,FZD8_LRP5,1,2,True,0.007419355877655895,0.007419355877655895,0.18542650420295817
2.0,WNT10B_FZD8_LRP6,0.026336429275088,0.0365161453036299,WNT10B,FZD8_LRP6,1,2,True,0.0101797160285419,0.0101797160285419,0.2787730179047672
2.0,WNT11_FZD10,0.0864540266892376,0.0864540223911178,WNT11,FZD10,1,1,False,-4.298119804513334e-09,4.298119804513334e-09,4.971566934601085e-08
2.0,WNT11_FZD2,1.2298630095963234,1.2298629428370544,WNT11,FZD2,1,1,False,-6.675926900179263e-08,6.675926900179263e-08,5.4281874063116146e-08
2.0,WNT11_FZD3,0.3529497322170333,0.352949750207403,WNT11,FZD3,1,1,False,1.799036969396539e-08,1.799036969396539e-08,5.097147592084639e-08
2.0,WNT11_FZD4,0.0149402968283878,0.0149402925756027,WNT11,FZD4,1,1,False,-4.252785099773115e-09,4.252785099773115e-09,2.8465198172585645e-07
2.0,WNT11_FZD5,0.0493894107639839,0.0493894068572751,WNT11,FZD5,1,1,False,-3.906708796741487e-09,3.906708796741487e-09,7.9100129689953e-08
2.0,WNT11_FZD6,0.1359385470177507,0.1359385419121479,WNT11,FZD6,1,1,False,-5.10560280164718e-09,5.10560280164718e-09,3.755816811092218e-08
2.0,WNT11_FZD7,0.1453195112541084,0.1453195054240252,WNT11,FZD7,1,1,False,-5.830083221747273e-09,5.830083221747273e-09,4.011906709177325e-08
2.0,WNT11_FZD8,0.1624467292845578,0.1624467273538964,WNT11,FZD8,1,1,False,-1.9306614085223828e-09,1.9306614085223828e-09,1.1884889385125415e-08
2.0,WNT2B_FZD10_LRP5,0.1367164753115039,0.2368631351240744,WNT2B,FZD10_LRP5,1,2,True,0.10014665981257048,0.10014665981257048,0.42280391062168177
2.0,WNT2B_FZD10_LRP6,0.1367164753115039,0.2913382897336095,WNT2B,FZD10_LRP6,1,2,True,0.15462181442210557,0.15462181442210557,0.5307294642372167
2.0,WNT2B_FZD2_LRP5,0.4751050281830912,0.8712172092671888,WNT2B,FZD2_LRP5,1,2,True,0.3961121810840976,0.3961121810840976,0.45466523947257814
2.0,WNT2B_FZD2_LRP6,0.6348220972623676,0.9805685129545608,WNT2B,FZD2_LRP6,1,2,True,0.3457464156921932,0.3457464156921932,0.3525979175594995
2.0,WNT2B_FZD3_LRP5,0.4283946129137518,0.465046256732645,WNT2B,FZD3_LRP5,1,2,True,0.03665164381889319,0.03665164381889319,0.07881289933694534
2.0,WNT2B_FZD3_LRP6,0.3996615037600282,0.5302616280849447,WNT2B,FZD3_LRP6,1,2,True,0.13060012432491652,0.13060012432491652,0.24629374898685893
2.0,WNT2B_FZD4_LRP5,0.017660968197862,0.0678238609159754,WNT2B,FZD4_LRP5,1,2,True,0.0501628927181134,0.0501628927181134,0.7396053843094902
2.0,WNT2B_FZD4_LRP6,0.017660968197862,0.0635601447582137,WNT2B,FZD4_LRP6,1,2,True,0.045899176560351695,0.045899176560351695,0.7221376970577191
2.0,WNT2B_FZD5_LRP5,0.0546320275157029,0.1437209452556678,WNT2B,FZD5_LRP5,1,2,True,0.08908891773996491,0.08908891773996491,0.6198742819390939
2.0,WNT2B_FZD5_LRP6,0.0546320275157029,0.1541438880683313,WNT2B,FZD5_LRP6,1,2,True,0.0995118605526284,0.0995118605526284,0.6455777248106992
2.0,WNT2B_FZD6_LRP5,0.181802132739397,0.286786673992476,WNT2B,FZD6_LRP5,1,2,True,0.10498454125307899,0.10498454125307899,0.3660718951530967
2.0,WNT2B_FZD6_LRP6,0.1820504646393546,0.3237731723695906,WNT2B,FZD6_LRP6,1,2,True,0.14172270773023599,0.14172270773023599,0.43772220747325535
2.0,WNT2B_FZD7_LRP5,0.1745377459836578,0.2899066511043839,WNT2B,FZD7_LRP5,1,2,True,0.11536890512072612,0.11536890512072612,0.397951908592764
2.0,WNT2B_FZD7_LRP6,0.1757805404549635,0.3289918390090067,WNT2B,FZD7_LRP6,1,2,True,0.1532112985540432,0.1532112985540432,0.46569938943029154
2.0,WNT2B_FZD8_LRP5,0.1847745111171666,0.2820101832379245,WNT2B,FZD8_LRP5,1,2,True,0.09723567212075787,0.09723567212075787,0.3447948971357631
2.0,WNT2B_FZD8_LRP6,0.1648264242867946,0.2985360089994499,WNT2B,FZD8_LRP6,1,2,True,0.1337095847126553,0.1337095847126553,0.4478842775475761
2.0,WNT3A_FZD10_LRP5,0.0112303344911117,0.025795668230621,WNT3A,FZD10_LRP5,1,2,True,0.014565333739509299,0.014565333739509299,0.5646426217491578
2.0,WNT3A_FZD10_LRP6,0.0112303344911117,0.0269573652986399,WNT3A,FZD10_LRP6,1,2,True,0.0157270308075282,0.0157270308075282,0.583403853948653
2.0,WNT3A_FZD2_LRP5,0.0696579452064295,0.1251903990479816,WNT3A,FZD2_LRP5,1,2,True,0.0555324538415521,0.0555324538415521,0.44358396701226455
2.0,WNT3A_FZD2_LRP6,0.0674459205849282,0.1211651124458706,WNT3A,FZD2_LRP6,1,2,True,0.0537191918609424,0.0537191918609424,0.44335527592516333
2.0,WNT3A_FZD3_LRP5,0.0639973521096623,0.0687899316327676,WNT3A,FZD3_LRP5,1,2,True,0.0047925795231053,0.0047925795231053,0.06966978174495508
2.0,WNT3A_FZD3_LRP6,0.0555887716522452,0.0676429204191634,WNT3A,FZD3_LRP6,1,2,True,0.012054148766918196,0.012054148766918196,0.17820266618032105
2.0,WNT3A_FZD4_LRP5,0.0033367976148936,0.0136605190246506,WNT3A,FZD4_LRP5,1,2,True,0.010323721409757,0.010323721409757,0.7557341994932768
2.0,WNT3A_FZD4_LRP6,0.0033367976148936,0.0123616889987972,WNT3A,FZD4_LRP6,1,2,True,0.0090248913839036,0.0090248913839036,0.7300694415448995
2.0,WNT3A_FZD5_LRP5,0.0121835598739319,0.0259582959705408,WNT3A,FZD5_LRP5,1,2,True,0.013774736096608899,0.013774736096608899,0.5306487032986058
2.0,WNT3A_FZD5_LRP6,0.0121835598739319,0.0235491672479795,WNT3A,FZD5_LRP6,1,2,True,0.0113656073740476,0.0113656073740476,0.4826330907740595
2.0,WNT3A_FZD6_LRP5,0.0258583175408384,0.0409847033828549,WNT3A,FZD6_LRP5,1,2,True,0.015126385842016497,0.015126385842016497,0.3690739371885831
2.0,WNT3A_FZD6_LRP6,0.0258846371062572,0.0404097191298855,WNT3A,FZD6_LRP6,1,2,True,0.014525082023628302,0.014525082023628302,0.35944526060529086
2.0,WNT3A_FZD7_LRP5,0.0248315688513699,0.0421824149518421,WNT3A,FZD7_LRP5,1,2,True,0.0173508461004722,0.0173508461004722,0.4113288942864209
2.0,WNT3A_FZD7_LRP6,0.0251710742809391,0.0415911147568613,WNT3A,FZD7_LRP6,1,2,True,0.0164200404759222,0.0164200404759222,0.39479683513925007
2.0,WNT3A_FZD8_LRP5,0.0387283948681773,0.050137616671833,WNT3A,FZD8_LRP5,1,2,True,0.011409221803655702,0.011409221803655702,0.22755812024996655
2.0,WNT3A_FZD8_LRP6,0.0323356782793438,0.0463028906378973,WNT3A,FZD8_LRP6,1,2,True,0.013967212358553499,0.013967212358553499,0.3016488207568152
2.0,WNT4_FZD10_LRP5,0.0318394690267969,0.0651264312355946,WNT4,FZD10_LRP5,1,2,True,0.0332869622087977,0.0332869622087977,0.5111129471900931
2.0,WNT4_FZD10_LRP6,0.0318394690267969,0.0738135341831541,WNT4,FZD10_LRP6,1,2,True,0.0419740651563572,0.0419740651563572,0.5686499856815774
2.0,WNT4_FZD2_LRP5,0.1651210610503684,0.2885649078099553,WNT4,FZD2_LRP5,1,2,True,0.12344384675958692,0.12344384675958692,0.4277853731295881
2.0,WNT4_FZD2_LRP6,0.1801904633724498,0.2940267097344438,WNT4,FZD2_LRP6,1,2,True,0.11383624636199399,0.11383624636199399,0.38716294334214574
2.0,WNT4_FZD3_LRP5,0.1485216776423115,0.1593404653427409,WNT4,FZD3_LRP5,1,2,True,0.010818787700429405,0.010818787700429405,0.06789730202656445
2.0,WNT4_FZD3_LRP6,0.1278154623610681,0.1633771034922609,WNT4,FZD3_LRP6,1,2,True,0.035561641131192784,0.035561641131192784,0.21766600319779403
2.0,WNT4_FZD4_LRP5,0.0063876851640866,0.0272438577676447,WNT4,FZD4_LRP5,1,2,True,0.020856172603558102,0.020856172603558102,0.7655366865234214
2.0,WNT4_FZD4_LRP6,0.0063876851640866,0.024541565239186,WNT4,FZD4_LRP6,1,2,True,0.0181538800750994,0.0181538800750994,0.739719732550422
2.0,WNT4_FZD5_LRP5,0.031397236155779,0.06494365491779,WNT4,FZD5_LRP5,1,2,True,0.033546418762011,0.033546418762011,0.516546517199814
2.0,WNT4_FZD5_LRP6,0.031397236155779,0.0605464911202995,WNT4,FZD5_LRP6,1,2,True,0.029149254964520498,0.029149254964520498,0.4814359085913666
2.0,WNT4_FZD6_LRP5,0.0526039789910411,0.0898695153417836,WNT4,FZD6_LRP5,1,2,True,0.0372655363507425,0.0372655363507425,0.4146627052456841
2.0,WNT4_FZD6_LRP6,0.0527238619024024,0.0931838088118225,WNT4,FZD6_LRP6,1,2,True,0.040459946909420105,0.040459946909420105,0.43419503264913584
2.0,WNT4_FZD7_LRP5,0.0566917986068089,0.099534201790694,WNT4,FZD7_LRP5,1,2,True,0.042842403183885096,0.042842403183885096,0.43042896223728666
2.0,WNT4_FZD7_LRP6,0.0580130780517735,0.1034917721048673,WNT4,FZD7_LRP6,1,2,True,0.04547869405309381,0.04547869405309381,0.43944260619105685
2.0,WNT4_FZD8_LRP5,0.0930460819915182,0.1185153201343261,WNT4,FZD8_LRP5,1,2,True,0.025469238142807896,0.025469238142807896,0.21490249626749422
2.0,WNT4_FZD8_LRP6,0.0757422804212792,0.1122986007814336,WNT4,FZD8_LRP6,1,2,True,0.036556320360154396,0.036556320360154396,0.32552783477065617
2.0,WNT7A_FZD10_LRP5,0.1436903465001126,0.3340883610150564,WNT7A,FZD10_LRP5,1,2,True,0.19039801451494381,0.19039801451494381,0.5699031655471624
2.0,WNT7A_FZD10_LRP6,0.1436903465001126,0.3508880383211865,WNT7A,FZD10_LRP6,1,2,True,0.2071976918210739,0.2071976918210739,0.5904951699476709
2.0,WNT7A_FZD2_LRP5,0.9436387540802976,1.643280914982396,WNT7A,FZD2_LRP5,1,2,True,0.6996421609020983,0.6996421609020983,0.42575931754772034
2.0,WNT7A_FZD2_LRP6,0.9005249834072688,1.5739749065308586,WNT7A,FZD2_LRP6,1,2,True,0.6734499231235898,0.6734499231235898,0.42786573046956416
2.0,WNT7A_FZD3_LRP5,0.8610481164033735,0.9180856434924056,WNT7A,FZD3_LRP5,1,2,True,0.05703752708903209,0.05703752708903209,0.062126586439213725
2.0,WNT7A_FZD3_LRP6,0.7251718086584075,0.8869687255279879,WNT7A,FZD3_LRP6,1,2,True,0.16179691686958042,0.16179691686958042,0.18241558266134716
2.0,WNT7A_FZD4_LRP5,0.0399418563178189,0.1742148052558244,WNT7A,FZD4_LRP5,1,2,True,0.13427294893800548,0.13427294893800548,0.7707321357724644
2.0,WNT7A_FZD4_LRP6,0.0399418563178189,0.1540684539277877,WNT7A,FZD4_LRP6,1,2,True,0.1141265976099688,0.1141265976099688,0.7407525336981718
2.0,WNT7A_FZD5_LRP5,0.1984797177807195,0.397514350649973,WNT7A,FZD5_LRP5,1,2,True,0.1990346328692535,0.1990346328692535,0.5006979812019701
2.0,WNT7A_FZD5_LRP6,0.1984797177807195,0.3551363875478094,WNT7A,FZD5_LRP6,1,2,True,0.15665666976708992,0.15665666976708992,0.44111692087874377
2.0,WNT7A_FZD6_LRP5,0.3069116053338286,0.5215132389148843,WNT7A,FZD6_LRP5,1,2,True,0.21460163358105572,0.21460163358105572,0.41149795933767397
2.0,WNT7A_FZD6_LRP6,0.3072315592722275,0.5099586386490139,WNT7A,FZD6_LRP6,1,2,True,0.2027270793767864,0.2027270793767864,0.3975363176783365
2.0,WNT7A_FZD7_LRP5,0.3125126169667734,0.5464631481127673,WNT7A,FZD7_LRP5,1,2,True,0.2339505311459939,0.2339505311459939,0.42811767262614425
2.0,WNT7A_FZD7_LRP6,0.3153534751014588,0.5327698816529374,WNT7A,FZD7_LRP6,1,2,True,0.2174164065514786,0.2174164065514786,0.408086894621251
2.0,WNT7A_FZD8_LRP5,0.5763654059829636,0.7129801218936875,WNT7A,FZD8_LRP5,1,2,True,0.13661471591072394,0.13661471591072394,0.1916108341812853
2.0,WNT7A_FZD8_LRP6,0.4641021901784658,0.6463235871481484,WNT7A,FZD8_LRP6,1,2,True,0.1822213969696826,0.1822213969696826,0.2819352420259333
2.0,WNT7B_FZD10_LRP5,0.6622586060845196,1.618312161761548,WNT7B,FZD10_LRP5,1,2,True,0.9560535556770283,0.9560535556770283,0.5907720267246556
2.0,WNT7B_FZD10_LRP6,0.6622586060845196,1.663069276937674,WNT7B,FZD10_LRP6,1,2,True,1.0008106708531543,1.0008106708531543,0.6017853163014455
2.0,WNT7B_FZD2_LRP5,4.770111603353449,8.207149769563935,WNT7B,FZD2_LRP5,1,2,True,3.4370381662104865,3.4370381662104865,0.4187858468181828
2.0,WNT7B_FZD2_LRP6,4.394870676182248,7.731463002165087,WNT7B,FZD2_LRP6,1,2,True,3.3365923259828394,3.3365923259828394,0.43156027844257594
2.0,WNT7B_FZD3_LRP5,4.346553099125221,4.624510639961298,WNT7B,FZD3_LRP5,1,2,True,0.27795754083607704,0.27795754083607704,0.06010528734309566
2.0,WNT7B_FZD3_LRP6,3.625236347187968,4.390539329014994,WNT7B,FZD3_LRP6,1,2,True,0.7653029818270265,0.7653029818270265,0.17430728310973134
2.0,WNT7B_FZD4_LRP5,0.1990996007062364,0.8874219957619728,WNT7B,FZD4_LRP5,1,2,True,0.6883223950557364,0.6883223950557364,0.7756427025056076
2.0,WNT7B_FZD4_LRP6,0.1990996007062364,0.780952769728928,WNT7B,FZD4_LRP6,1,2,True,0.5818531690226916,0.5818531690226916,0.745055516256963
2.0,WNT7B_FZD5_LRP5,1.0532930447290794,2.075759018218266,WNT7B,FZD5_LRP5,1,2,True,1.0224659734891868,1.0224659734891868,0.49257450624823657
2.0,WNT7B_FZD5_LRP6,1.0532930447290794,1.8319162240381095,WNT7B,FZD5_LRP6,1,2,True,0.7786231793090301,0.7786231793090301,0.4250320888543167
2.0,WNT7B_FZD6_LRP5,1.5073057483130028,2.59869560111479,WNT7B,FZD6_LRP5,1,2,True,1.0913898528017874,1.0913898528017874,0.41997602656255784
2.0,WNT7B_FZD6_LRP6,1.508604583230307,2.500903069210178,WNT7B,FZD6_LRP6,1,2,True,0.9922984859798711,0.9922984859798711,0.396776067891849
2.0,WNT7B_FZD7_LRP5,1.5615474313906188,2.7514923020460342,WNT7B,FZD7_LRP5,1,2,True,1.1899448706554154,1.1899448706554154,0.43247254218031494
2.0,WNT7B_FZD7_LRP6,1.5776960197844456,2.6434612144745766,WNT7B,FZD7_LRP6,1,2,True,1.065765194690131,1.065765194690131,0.40317035440293614
2.0,WNT7B_FZD8_LRP5,3.026327801438905,3.686509114963132,WNT7B,FZD8_LRP5,1,2,True,0.6601813135242272,0.6601813135242272,0.17908034211678045
2.0,WNT7B_FZD8_LRP6,2.423962177772557,3.304394179187819,WNT7B,FZD8_LRP6,1,2,True,0.880432001415262,0.880432001415262,0.26644278910806635
2.0,WNT8B_FZD10_LRP5,0.2540643838859021,0.4696211673274911,WNT8B,FZD10_LRP5,1,2,True,0.21555678344158902,0.21555678344158902,0.45900142165284924
2.0,WNT8B_FZD10_LRP6,0.2540643838859021,0.5521784813529245,WNT8B,FZD10_LRP6,1,2,True,0.2981140974670224,0.2981140974670224,0.5398872059204404
2.0,WNT8B_FZD2_LRP5,1.0092498814384454,1.8894781622482533,WNT8B,FZD2_LRP5,1,2,True,0.8802282808098079,0.8802282808098079,0.46585787462208156
2.0,WNT8B_FZD2_LRP6,1.2292763274970273,2.0301022140312885,WNT8B,FZD2_LRP6,1,2,True,0.8008258865342612,0.8008258865342612,0.39447564807291946
2.0,WNT8B_FZD3_LRP5,0.9231178321312996,1.0027007404351236,WNT8B,FZD3_LRP5,1,2,True,0.07958290830382397,0.07958290830382397,0.07936855443957172
2.0,WNT8B_FZD3_LRP6,0.8474891692781029,1.0986873856134618,WNT8B,FZD3_LRP6,1,2,True,0.2511982163353589,0.2511982163353589,0.22863484156150582
2.0,WNT8B_FZD4_LRP5,0.0457697344964986,0.1717760317873103,WNT8B,FZD4_LRP5,1,2,True,0.1260062972908117,0.1260062972908117,0.7335499369715923
2.0,WNT8B_FZD4_LRP6,0.0457697344964986,0.1603743439966526,WNT8B,FZD4_LRP6,1,2,True,0.114604609500154,0.114604609500154,0.7146068794055118
2.0,WNT8B_FZD5_LRP5,0.1210175950292205,0.3056352196598062,WNT8B,FZD5_LRP5,1,2,True,0.18461762463058573,0.18461762463058573,0.6040456490455461
2.0,WNT8B_FZD5_LRP6,0.1210175950292205,0.3122525369643734,WNT8B,FZD5_LRP6,1,2,True,0.1912349419351529,0.1912349419351529,0.6124367916888116
2.0,WNT8B_FZD6_LRP5,0.4052550090354329,0.6216447366379584,WNT8B,FZD6_LRP5,1,2,True,0.2163897276025255,0.2163897276025255,0.3480922701490665
2.0,WNT8B_FZD6_LRP6,0.4059617273592459,0.6743177670114064,WNT8B,FZD6_LRP6,1,2,True,0.26835603965216054,0.26835603965216054,0.3979667343506628
2.0,WNT8B_FZD7_LRP5,0.3762949080487305,0.6220645848507826,WNT8B,FZD7_LRP5,1,2,True,0.24576967680205214,0.24576967680205214,0.3950870742159449
2.0,WNT8B_FZD7_LRP6,0.3798067634655444,0.6763793743648313,WNT8B,FZD7_LRP6,1,2,True,0.29657261089928694,0.29657261089928694,0.43847080815820244
2.0,WNT8B_FZD8_LRP5,0.4234682850289928,0.6238152867845684,WNT8B,FZD8_LRP5,1,2,True,0.20034700175557563,0.20034700175557563,0.3211639823516612
2.0,WNT8B_FZD8_LRP6,0.3724764582207757,0.6337952353813415,WNT8B,FZD8_LRP6,1,2,True,0.26131877716056584,0.26131877716056584,0.4123078915279881
2.0,WNT9A_FZD10_LRP5,0.0026474837874017,0.0054091843969424,WNT9A,FZD10_LRP5,1,2,True,0.0027617006095407,0.0027617006095407,0.5105576750354048
2.0,WNT9A_FZD10_LRP6,0.0026474837874017,0.006320430187014,WNT9A,FZD10_LRP6,1,2,True,0.0036729463996123,0.0036729463996123,0.5811228493843286
2.0,WNT9A_FZD2_LRP5,0.0139226663392322,0.0238554644434443,WNT9A,FZD2_LRP5,1,2,True,0.009932798104212099,0.009932798104212099,0.41637412374680144
2.0,WNT9A_FZD2_LRP6,0.0161535722014194,0.025063417806637,WNT9A,FZD2_LRP6,1,2,True,0.008909845605217601,0.008909845605217601,0.3554920431824825
2.0,WNT9A_FZD3_LRP5,0.0123198338568265,0.0132369811887242,WNT9A,FZD3_LRP5,1,2,True,0.0009171473318977004,0.0009171473318977004,0.06928674437332916
2.0,WNT9A_FZD3_LRP6,0.0105250043701351,0.0139610774145755,WNT9A,FZD3_LRP6,1,2,True,0.003436073044440399,0.003436073044440399,0.24611804249814598
2.0,WNT9A_FZD4_LRP5,0.0005154486104238,0.0022131522933738,WNT9A,FZD4_LRP5,1,2,True,0.00169770368295,0.00169770368295,0.7670975413815586
2.0,WNT9A_FZD4_LRP6,0.0005154486104238,0.0021049779433142,WNT9A,FZD4_LRP6,1,2,True,0.0015895293328903998,0.0015895293328903998,0.7551287356425941
2.0,WNT9A_FZD5_LRP5,0.0027127925507281,0.0054472882322174,WNT9A,FZD5_LRP5,1,2,True,0.0027344956814892994,0.0027344956814892994,0.5019921041292471
2.0,WNT9A_FZD5_LRP6,0.0027127925507281,0.0050549422943898,WNT9A,FZD5_LRP6,1,2,True,0.0023421497436616995,0.0023421497436616995,0.46333857188856964
2.0,WNT9A_FZD6_LRP5,0.0040184613743408,0.0071689193916867,WNT9A,FZD6_LRP5,1,2,True,0.0031504580173459,0.0031504580173459,0.4394606558136598
2.0,WNT9A_FZD6_LRP6,0.0040238114194099,0.007699894950592,WNT9A,FZD6_LRP6,1,2,True,0.0036760835311821,0.0036760835311821,0.47741995894365646
2.0,WNT9A_FZD7_LRP5,0.0048762009942427,0.008712155626979,WNT9A,FZD7_LRP5,1,2,True,0.003835954632736299,0.003835954632736299,0.44029914030202455
2.0,WNT9A_FZD7_LRP6,0.0050768047240083,0.0094382098842719,WNT9A,FZD7_LRP6,1,2,True,0.0043614051602636,0.0043614051602636,0.462100887111185
2.0,WNT9A_FZD8_LRP5,0.0079862643588686,0.0100126562084786,WNT9A,FZD8_LRP5,1,2,True,0.002026391849610001,0.002026391849610001,0.2023830447602981
2.0,WNT9A_FZD8_LRP6,0.0064228503708539,0.0096254387293244,WNT9A,FZD8_LRP6,1,2,True,0.0032025883584705,0.0032025883584705,0.3327212866374234
2.5,ADIPOQ_ADIPOR1,0.0012374728048199,0.0012374726667047,ADIPOQ,ADIPOR1,1,1,False,-1.3811520004937405e-10,1.3811520004937405e-10,1.1161069520996475e-07
2.5,ADIPOQ_ADIPOR2,0.0079697194778589,0.0079697186934327,ADIPOQ,ADIPOR2,1,1,False,-7.844261993433799e-10,7.844261993433799e-10,9.842582308230997e-08
2.5,ADM_CALCR,0.0574001954399141,0.0574001887763563,ADM,CALCR,1,1,False,-6.663557795827391e-09,6.663557795827391e-09,1.1608946179987715e-07
2.5,ADM_CALCRL,0.1206332422745814,0.120633222659892,ADM,CALCRL,1,1,False,-1.9614689400482277e-08,1.9614689400482277e-08,1.6259771378635392e-07
2.5,AGRN_DAG1,13.1392309713561,13.139231083736654,AGRN,DAG1,1,1,False,1.1238055286355575e-07,1.1238055286355575e-07,8.55305399131438e-09
2.5,AGT_AGTR1,0.1826852711208698,0.1826852473037903,AGT,AGTR1,1,1,False,-2.381707950305234e-08,2.381707950305234e-08,1.303721934281953e-07
2.5,ANGPT1_TEK,0.009516793945316,0.0095167939336663,ANGPT1,TEK,1,1,False,-1.1649700301652466e-11,1.1649700301652466e-11,1.224120262411087e-09
2.5,ANGPT2_ITGA5_ITGB1,0.0227092871618726,0.0879888643849,ANGPT2,ITGA5_ITGB1,1,2,True,0.06527957722302741,0.06527957722302741,0.7419072592807574
2.5,ANGPT2_TEK,0.0062418677563648,0.0062418679688823,ANGPT2,TEK,1,1,False,2.1251750012551973e-10,2.1251750012551973e-10,3.404709955176674e-08
2.5,ANGPTL1_ITGA1_ITGB1,0.0103942812611218,0.0518078391988577,ANGPTL1,ITGA1_ITGB1,1,2,True,0.041413557937735906,0.041413557937735906,0.7993685623284791
2.5,ANGPTL2_ITGA5_ITGB1,0.2003223332683243,0.7722154681034407,ANGPTL2,ITGA5_ITGB1,1,2,True,0.5718931348351164,0.5718931348351164,0.74058751534683
2.5,ANGPTL4_CDH5,0.1522780355193198,0.1522780396321126,ANGPTL4,CDH5,1,1,False,4.112792800770038e-09,4.112792800770038e-09,2.7008443310053795e-08
2.5,ANGPTL4_ITGA5_ITGB1,0.1373854598743093,0.5238674793097601,ANGPTL4,ITGA5_ITGB1,1,2,True,0.3864820194354508,0.3864820194354508,0.7377476837170227
2.5,ANGPTL4_SDC2,2.2772077536426694,2.277207727989545,ANGPTL4,SDC2,1,1,False,-2.5653124513524972e-08,2.5653124513524972e-08,1.1265166505993885e-08
2.5,ANGPTL4_SDC3,5.779338660060776,5.779338527399945,ANGPTL4,SDC3,1,1,False,-1.32660830765019e-07,1.32660830765019e-07,2.2954327228095666e-08
2.5,ANGPTL4_SDC4,1.4068492790587075,1.4068492356400388,ANGPTL4,SDC4,1,1,False,-4.34186686604221e-08,4.34186686604221e-08,3.086234560213344e-08
2.5,BAG6_NCR3,0.1181857222479672,0.1181857198841566,BAG6,NCR3,1,1,False,-2.3638105917100916e-09,2.3638105917100916e-09,2.000081352255517e-08
2.5,BMP5_BMPR1A_ACVR2A,0.021072929635649,0.0459338596954499,BMP5,BMPR1A_ACVR2A,1,2,True,0.0248609300598009,0.0248609300598009,0.5412332041033243
2.5,BMP5_BMPR1A_BMPR2,0.021072929635649,0.0374132841680335,BMP5,BMPR1A_BMPR2,1,2,True,0.016340354532384502,0.016340354532384502,0.43675274426579097
2.5,BMP6_BMPR1A_ACVR2A,0.0482072890361268,0.1078273336887324,BMP6,BMPR1A_ACVR2A,1,2,True,0.0596200446526056,0.0596200446526056,0.5529214403530753
2.5,BMP6_BMPR1A_BMPR2,0.0482072890361268,0.0858722643970173,BMP6,BMPR1A_BMPR2,1,2,True,0.037664975360890494,0.037664975360890494,0.43861630557163644
2.5,BMP7_BMPR1A_ACVR2A,0.1897522668120284,0.4200294227824581,BMP7,BMPR1A_ACVR2A,1,2,True,0.2302771559704297,0.2302771559704297,0.5482405362104716
2.5,BMP7_BMPR1A_BMPR2,0.1897522668120284,0.3375115474623706,BMP7,BMPR1A_BMPR2,1,2,True,0.14775928065034222,0.14775928065034222,0.43779029713588097
2.5,BTC_ERBB2_ERBB4,0.0105723257286466,0.0182855881240664,BTC,ERBB2_ERBB4,1,2,True,0.007713262395419801,0.007713262395419801,0.4218219475953341
2.5,BTC_ERBB4,0.0323378912535333,0.0323378897145951,BTC,ERBB4,1,1,False,-1.5389381990971174e-09,1.5389381990971174e-09,4.7589318271610246e-08
2.5,CALCB_CALCR,0.0203964012068674,0.0203964012788815,CALCB,CALCR,1,1,False,7.201409954471494e-11,7.201409954471494e-11,3.5307257667693847e-09
2.5,CALCB_CALCRL,0.0426073511401726,0.042607349665917,CALCB,CALCRL,1,1,False,-1.4742555995428397e-09,1.4742555995428397e-09,3.460096814497414e-08
2.5,CCK_CCKAR,1.3413503040147878,1.3413503347069269,CCK,CCKAR,1,1,False,3.0692139052490575e-08,3.0692139052490575e-08,2.2881523386055988e-08
2.5,CCL19_ACKR4,0.0021905799301078,0.0021905795805578,CCL19,ACKR4,1,1,False,-3.4955000005609804e-10,3.4955000005609804e-10,1.5956961681781518e-07
2.5,CD34_SELP,0.0476293892029923,0.0476293837562187,CD34,SELP,1,1,False,-5.446773594652843e-09,5.446773594652843e-09,1.1435741011582511e-07
2.5,CD40LG_ITGA5_ITGB1,0.0182288360780577,0.0699217939880457,CD40LG,ITGA5_ITGB1,1,2,True,0.051692957909988,0.051692957909988,0.7392967909093662
2.5,CD40LG_ITGAM_ITGB2,0.008877070381885,0.0249195964833313,CD40LG,ITGAM_ITGB2,1,2,True,0.0160425261014463,0.0160425261014463,0.6437715037712242
2.5,CDH15_CDH15,0.0001707762719491,0.0001707762687293,CDH15,CDH15,1,1,False,-3.2197999962849805e-12,3.2197999962849805e-12,1.8853907276091873e-08
2.5,CDH1_CDH1,0.2113613300788505,0.2113613264671318,CDH1,CDH1,1,1,False,-3.611718701890254e-09,3.611718701890254e-09,1.708788783900473e-08
2.5,CDH1_ITGAE_ITGB7,0.028025893947225,0.0307985696291169,CDH1,ITGAE_ITGB7,1,2,True,0.0027726756818918993,0.0027726756818918993,0.09002611859190428
2.5,CDH2_CDH2,12.946540047798823,12.946539610771564,CDH2,CDH2,1,1,False,-4.3702725882610594e-07,4.3702725882610594e-07,3.3756297606356185e-08
2.5,CDH5_CDH5,0.0437235784005217,0.0437235793988929,CDH5,CDH5,1,1,False,9.983712051520044e-10,9.983712051520044e-10,2.2833702521099714e-08
2.5,CLDN11_CLDN11,0.0375950590562747,0.037595066924255,CLDN11,CLDN11,1,1,False,7.867980302000976e-09,7.867980302000976e-09,2.0928225285123338e-07
2.5,CNTN1_NRCAM,22.655972098557548,22.655973320406485,CNTN1,NRCAM,1,1,False,1.221848936694414e-06,1.221848936694414e-06,5.3930542705657287e-08
2.5,CNTN2_CNTN2,0.0557249952862529,0.0557249951786531,CNTN2,CNTN2,1,1,False,-1.0759980406671588e-10,1.0759980406671588e-10,1.930907369556301e-09
2.5,CNTN2_L1CAM,1.2130458644389217,1.2130458555369037,CNTN2,L1CAM,1,1,False,-8.902018011625046e-09,8.902018011625046e-09,7.338566720840812e-09
2.5,COL1A1_CD44,0.0879307823618237,0.0879307803229591,COL1A1,CD44,1,1,False,-2.038864591047407e-09,2.038864591047407e-09,2.3187153989574947e-08
2.5,COL1A1_ITGA10_ITGB1,0.0215602398106945,0.316127775970686,COL1A1,ITGA10_ITGB1,1,2,True,0.2945675361599915,0.2945675361599915,0.9317989703862853
2.5,COL1A1_ITGA1_ITGB1,0.1947803076786399,0.968897388173944,COL1A1,ITGA1_ITGB1,1,2,True,0.7741170804953041,0.7741170804953041,0.7989670422729312
2.5,COL1A1_ITGA3_ITGB1,0.5605089712848289,1.6228781050128878,COL1A1,ITGA3_ITGB1,1,2,True,1.0623691337280587,1.0623691337280587,0.6546204119992254
2.5,COL1A1_ITGA9_ITGB1,0.1875449762798797,0.9474833321925044,COL1A1,ITGA9_ITGB1,1,2,True,0.7599383559126247,0.7599383559126247,0.8020598675378331
2.5,COL1A1_SDC4,3.428918336902556,3.4289182934186604,COL1A1,SDC4,1,1,False,-4.348389559538646e-08,4.348389559538646e-08,1.2681519745572814e-08
2.5,COL1A2_CD44,0.1097907538728624,0.1097907498668707,COL1A2,CD44,1,1,False,-4.005991705025025e-09,4.005991705025025e-09,3.648751432806409e-08
2.5,COL1A2_ITGA10_ITGB1,0.0277841027801611,0.4080882394748413,COL1A2,ITGA10_ITGB1,1,2,True,0.3803041366946802,0.3803041366946802,0.9319164335244854
2.5,COL1A2_ITGA1_ITGB1,0.2507065954915088,1.250198990591611,COL1A2,ITGA1_ITGB1,1,2,True,0.9994923951001022,0.9994923951001022,0.7994666470072327
2.5,COL1A2_ITGA3_ITGB1,0.7187669879593817,2.0904686448075784,COL1A2,ITGA3_ITGB1,1,2,True,1.3717016568481968,1.3717016568481968,0.6561694480590776
2.5,COL1A2_ITGA9_ITGB1,0.2442281992140593,1.2299174210497097,COL1A2,ITGA9_ITGB1,1,2,True,0.9856892218356503,0.9856892218356503,0.8014271567877984
2.5,COL1A2_SDC4,4.398397174658009,4.3983970814326,COL1A2,SDC4,1,1,False,-9.322540872602758e-08,9.322540872602758e-08,2.1195313889150128e-08
2.5,COL4A1_CD44,0.0341641166551384,0.0341641137134342,COL4A1,CD44,1,1,False,-2.9417042066159915e-09,2.9417042066159915e-09,8.610508611448465e-08
2.5,COL4A1_ITGA10_ITGB1,0.0084483910464401,0.1239537640687553,COL4A1,ITGA10_ITGB1,1,2,True,0.1155053730223152,0.1155053730223152,0.9318424001892036
2.5,COL4A1_ITGA1_ITGB1,0.0764891600888509,0.3802801725545097,COL4A1,ITGA1_ITGB1,1,2,True,0.30379101246565876,0.30379101246565876,0.798861035601621
2.5,COL4A1_ITGA3_ITGB1,0.2215918311474278,0.6390955610011484,COL4A1,ITGA3_ITGB1,1,2,True,0.4175037298537206,0.4175037298537206,0.6532727737925415
2.5,COL4A1_ITGA9_ITGB1,0.0736621397962518,0.3718830281148909,COL4A1,ITGA9_ITGB1,1,2,True,0.2982208883186391,0.2982208883186391,0.8019212111677912
2.5,COL4A1_SDC4,1.347402206826409,1.3474020912276885,COL4A1,SDC4,1,1,False,-1.155987205958553e-07,1.155987205958553e-07,8.579377413083629e-08
2.5,COL4A2_CD44,0.0230808291656514,0.0230808294590263,COL4A2,CD44,1,1,False,2.9337490076164485e-10,2.9337490076164485e-10,1.2710760732514043e-08
2.5,COL4A2_ITGA10_ITGB1,0.005629990883824,0.082643378298974,COL4A2,ITGA10_ITGB1,1,2,True,0.07701338741515,0.07701338741515,0.9318760800961364
2.5,COL4A2_ITGA1_ITGB1,0.0509249274663289,0.2533934850347498,COL4A2,ITGA1_ITGB1,1,2,True,0.2024685575684209,0.2024685575684209,0.7990282683892004
2.5,COL4A2_ITGA3_ITGB1,0.1468126916195395,0.424900326341995,COL4A2,ITGA3_ITGB1,1,2,True,0.27808763472245546,0.27808763472245546,0.6544773385243943
2.5,COL4A2_ITGA9_ITGB1,0.048950965016358,0.247576368653814,COL4A2,ITGA9_ITGB1,1,2,True,0.198625403637456,0.198625403637456,0.8022793318985703
2.5,COL4A2_SDC4,0.8990281397657944,0.8990281566102423,COL4A2,SDC4,1,1,False,1.684444783656147e-08,1.684444783656147e-08,1.8736285079293776e-08
2.5,COL6A1_CD44,0.0458846961146573,0.0458846940445661,COL6A1,CD44,1,1,False,-2.0700912026216933e-09,2.0700912026216933e-09,4.511506837593348e-08
2.5,COL6A1_ITGA10_ITGB1,0.0121754839473652,0.1713236741479137,COL6A1,ITGA10_ITGB1,1,2,True,0.1591481902005485,0.1591481902005485,0.928932857598808
2.5,COL6A1_ITGA1_ITGB1,0.1028011284987999,0.5106128932172986,COL6A1,ITGA1_ITGB1,1,2,True,0.4078117647184987,0.4078117647184987,0.7986711070864961
2.5,COL6A1_ITGA3_ITGB1,0.301211852780164,0.8607608787039657,COL6A1,ITGA3_ITGB1,1,2,True,0.5595490259238016,0.5595490259238016,0.6500632635236698
2.5,COL6A1_ITGA9_ITGB1,0.1014603759552814,0.5052342803539807,COL6A1,ITGA9_ITGB1,1,2,True,0.40377390439869926,0.40377390439869926,0.7991815284501369
2.5,COL6A1_SDC4,1.77964040008546,1.7796403420211817,COL6A1,SDC4,1,1,False,-5.806427827437233e-08,5.806427827437233e-08,3.2626972433073575e-08
2.5,COL6A2_CD44,0.0460273945533826,0.0460273929331694,COL6A2,CD44,1,1,False,-1.6202131997156144e-09,1.6202131997156144e-09,3.5201062659249374e-08
2.5,COL6A2_ITGA10_ITGB1,0.0117492768488815,0.1696780684074709,COL6A2,ITGA10_ITGB1,1,2,True,0.1579287915585894,0.1579287915585894,0.9307554773627764
2.5,COL6A2_ITGA1_ITGB1,0.1033747178777324,0.5144149303966122,COL6A2,ITGA1_ITGB1,1,2,True,0.41104021251887984,0.41104021251887984,0.7990440950109461
2.5,COL6A2_ITGA3_ITGB1,0.2995400456603406,0.8637661386196444,COL6A2,ITGA3_ITGB1,1,2,True,0.5642260929593037,0.5642260929593037,0.6532162673810928
2.5,COL6A2_ITGA9_ITGB1,0.1008600556124425,0.5062843990078414,COL6A2,ITGA9_ITGB1,1,2,True,0.4054243433953989,0.4054243433953989,0.8007837969921717
2.5,COL6A2_SDC4,1.8080267101084937,1.808026666580168,COL6A2,SDC4,1,1,False,-4.352832561060893e-08,4.352832561060893e-08,2.4075045665667705e-08
2.5,COL6A3_CD44,0.0221666813530599,0.022166680135059,COL6A3,CD44,1,1,False,-1.2180009015261284e-09,1.2180009015261284e-09,5.494737268634914e-08
2.5,COL6A3_ITGA10_ITGB1,0.0055313062924961,0.0813538903460823,COL6A3,ITGA10_ITGB1,1,2,True,0.0758225840535862,0.0758225840535862,0.9320093204029245
2.5,COL6A3_ITGA1_ITGB1,0.0502088670358501,0.2499031670175986,COL6A3,ITGA1_ITGB1,1,2,True,0.1996942999817485,0.1996942999817485,0.7990867117249687
2.5,COL6A3_ITGA3_ITGB1,0.1444969805907583,0.4186676248359132,COL6A3,ITGA3_ITGB1,1,2,True,0.2741706442451549,0.2741706442451549,0.6548646897466924
2.5,COL6A3_ITGA9_ITGB1,0.0485330017408921,0.2448800038708096,COL6A3,ITGA9_ITGB1,1,2,True,0.19634700212991751,0.19634700212991751,0.8018090453539177
2.5,COL6A3_SDC4,0.882498378538056,0.8824983449560191,COL6A3,SDC4,1,1,False,-3.3582036929047376e-08,3.3582036929047376e-08,3.805336955369739e-08
2.5,COL6A6_CD44,0.0053372017520968,0.0053372020449449,COL6A6,CD44,1,1,False,2.928480999364602e-10,2.928480999364602e-10,5.486921751703771e-08
2.5,COL6A6_ITGA10_ITGB1,0.0013544803941663,0.0198154613951136,COL6A6,ITGA10_ITGB1,1,2,True,0.018460981000947303,0.018460981000947303,0.9316452760216672
2.5,COL6A6_ITGA1_ITGB1,0.0121223278292606,0.0604871113107198,COL6A6,ITGA1_ITGB1,1,2,True,0.0483647834814592,0.0483647834814592,0.7995882500159629
2.5,COL6A6_ITGA3_ITGB1,0.0348648402227139,0.1012775784179694,COL6A6,ITGA3_ITGB1,1,2,True,0.0664127381952555,0.0664127381952555,0.6557496657470641
2.5,COL6A6_ITGA9_ITGB1,0.0118389338632151,0.059573944262732,COL6A6,ITGA9_ITGB1,1,2,True,0.0477350103995169,0.0477350103995169,0.8012732913737718
2.5,COL6A6_SDC4,0.2129257453096977,0.2129257557446834,COL6A6,SDC4,1,1,False,1.043498568109591e-08,1.043498568109591e-08,4.90076254260587e-08
2.5,COL9A2_CD44,0.0057150821120456,0.005715081770973,COL9A2,CD44,1,1,False,-3.4107259985066696e-10,3.4107259985066696e-10,5.9679387481029e-08
2.5,COL9A2_ITGA10_ITGB1,0.0013594951573885,0.0195968278843652,COL9A2,ITGA10_ITGB1,1,2,True,0.0182373327269767,0.0182373327269767,0.9306267746285032
2.5,COL9A2_ITGA1_ITGB1,0.0118919550292178,0.0592084827768378,COL9A2,ITGA1_ITGB1,1,2,True,0.047316527747620005,0.047316527747620005,0.7991511609233484
2.5,COL9A2_ITGA3_ITGB1,0.0340405675586131,0.0988684692720544,COL9A2,ITGA3_ITGB1,1,2,True,0.0648279017134413,0.0648279017134413,0.6556984465396714
2.5,COL9A2_ITGA9_ITGB1,0.0114333145240948,0.0578365081107707,COL9A2,ITGA9_ITGB1,1,2,True,0.0464031935866759,0.0464031935866759,0.8023166526202226
2.5,COL9A2_SDC4,0.2099205239493714,0.2099205137417121,COL9A2,SDC4,1,1,False,-1.0207659301153527e-08,1.0207659301153527e-08,4.86263044180254e-08
2.5,COMP_ITGA3_ITGB1,0.0621579119583653,0.1749015369305445,COMP,ITGA3_ITGB1,1,2,True,0.1127436249721792,0.1127436249721792,0.6446119739756835
2.5,COMP_SDC4,0.3704042723366637,0.3704042601610139,COMP,SDC4,1,1,False,-1.2175649766188457e-08,1.2175649766188457e-08,3.287124548909604e-08
2.5,CSPG4_ITGA3_ITGB1,0.0471900442497952,0.1363021845908821,CSPG4,ITGA3_ITGB1,1,2,True,0.08911214034108689,0.08911214034108689,0.6537836543747372
2.5,CXCL12_ACKR3,0.1647393996267301,0.1647393989302742,CXCL12,ACKR3,1,1,False,-6.964558929567488e-10,6.964558929567488e-10,4.227621895762597e-09
2.5,CXCL12_CXCR4,1.530435006834758,1.5304350289914317,CXCL12,CXCR4,1,1,False,2.21566736069434e-08,2.21566736069434e-08,1.4477369628389136e-08
2.5,DLL1_NOTCH3,0.0393708189981637,0.0393708099145439,DLL1,NOTCH3,1,1,False,-9.08361980078709e-09,9.08361980078709e-09,2.307196048223117e-07
2.5,DLL4_NOTCH3,0.0111511856243581,0.0111511833833529,DLL4,NOTCH3,1,1,False,-2.2410051991189617e-09,2.2410051991189617e-09,2.0096564388846874e-07
2.5,EDN1_EDNRA,0.0049696194914919,0.0049696194289448,EDN1,EDNRA,1,1,False,-6.254710031156074e-11,6.254710031156074e-11,1.2585893229580813e-08
2.5,EDN1_EDNRB,0.154997666494621,0.154997664717535,EDN1,EDNRB,1,1,False,-1.777085978371673e-09,1.777085978371673e-09,1.146524343599292e-08
2.5,EDN2_EDNRA,0.0066484774999731,0.0066484773957036,EDN2,EDNRA,1,1,False,-1.042695001521321e-10,1.042695001521321e-10,1.5683214713827938e-08
2.5,EDN2_EDNRB,0.2178101895796192,0.2178101919246783,EDN2,EDNRB,1,1,False,2.3450590913576264e-09,2.3450590913576264e-09,1.0766525985930812e-08
2.5,EFNA1_EPHA2,0.0840802890440192,0.0840802881101148,EFNA1,EPHA2,1,1,False,-9.339043982592443e-10,9.339043982592443e-10,1.1107292908690052e-08
2.5,EFNA1_EPHA3,0.5535669935731309,0.553566953221715,EFNA1,EPHA3,1,1,False,-4.03514158753282e-08,4.03514158753282e-08,7.289346428491032e-08
2.5,EFNA1_EPHA4,0.6710161627741751,0.6710160539204343,EFNA1,EPHA4,1,1,False,-1.0885374079894206e-07,1.0885374079894206e-07,1.6222223373712664e-07
2.5,EFNA1_EPHA5,1.4670783542057646,1.4670782094302457,EFNA1,EPHA5,1,1,False,-1.4477551890657026e-07,1.4477551890657026e-07,9.868288117777301e-08
2.5,EFNA1_EPHA8,0.0705109143976034,0.0705109095363535,EFNA1,EPHA8,1,1,False,-4.8612499026212674e-09,4.8612499026212674e-09,6.894322594101115e-08
2.5,EFNA3_EPHA2,0.1149915505522148,0.1149915636944146,EFNA3,EPHA2,1,1,False,1.3142199800642018e-08,1.3142199800642018e-08,1.1428838236835251e-07
2.5,EFNA3_EPHA3,0.7888944668769535,0.7888945002620061,EFNA3,EPHA3,1,1,False,3.338505261130109e-08,3.338505261130109e-08,4.2318779761062235e-08
2.5,EFNA3_EPHA4,0.9236834471269526,0.923683421470523,EFNA3,EPHA4,1,1,False,-2.565642964746928e-08,2.565642964746928e-08,2.7776214597405272e-08
2.5,EFNA3_EPHA5,2.03644622244017,2.0364462868911435,EFNA3,EPHA5,1,1,False,6.445097344709438e-08,6.445097344709438e-08,3.164874706589281e-08
2.5,EFNA3_EPHA8,0.1020341834056667,0.102034188065735,EFNA3,EPHA8,1,1,False,4.66006830346366e-09,4.66006830346366e-09,4.567163606438888e-08
2.5,EFNA5_EPHA2,0.3204502619486851,0.3204502591165481,EFNA5,EPHA2,1,1,False,-2.8321369693884435e-09,2.8321369693884435e-09,8.837992367882552e-09
2.5,EFNA5_EPHA3,2.3029486488971878,2.3029485133702856,EFNA5,EPHA3,1,1,False,-1.3552690214524432e-07,1.3552690214524432e-07,5.884929401710457e-08
2.5,EFNA5_EPHA4,2.467436602909792,2.467436278931704,EFNA5,EPHA4,1,1,False,-3.239780879127352e-07,3.239780879127352e-07,1.3130148411135474e-07
2.5,EFNA5_EPHA5,5.601732907927163,5.601732561649941,EFNA5,EPHA5,1,1,False,-3.462772220075294e-07,3.462772220075294e-07,6.181608936004485e-08
2.5,EFNA5_EPHA8,0.3014946106432693,0.3014945979342421,EFNA5,EPHA8,1,1,False,-1.2709027219504065e-08,1.2709027219504065e-08,4.2153414259671397e-08
2.5,EFNA5_EPHB2,1.8409415369260969,1.8409414751599664,EFNA5,EPHB2,1,1,False,-6.176613043251677e-08,6.176613043251677e-08,3.35513807438179e-08
2.5,EFNB1_EPHA4,4.432396539803245,4.432396112551263,EFNB1,EPHA4,1,1,False,-4.272519822379195e-07,4.272519822379195e-07,9.639299606909386e-08
2.5,EFNB1_EPHB1,2.6263998844066005,2.6264000977593494,EFNB1,EPHB1,1,1,False,2.1335274880129873e-07,2.1335274880129873e-07,8.123390986137852e-08
2.5,EFNB1_EPHB2,3.3294094146137803,3.3294094425366683,EFNB1,EPHB2,1,1,False,2.7922888001796764e-08,2.7922888001796764e-08,8.386738994925896e-09
2.5,EFNB1_EPHB3,0.3944182108985659,0.3944182629304362,EFNB1,EPHB3,1,1,False,5.203187031233014e-08,5.203187031233014e-08,1.3192054020456714e-07
2.5,EFNB2_EPHA4,1.7579347990243532,1.7579346389353483,EFNB2,EPHA4,1,1,False,-1.6008900494135503e-07,1.6008900494135503e-07,9.106652023169675e-08
2.5,EFNB2_EPHB1,1.0398060125761417,1.0398061038771738,EFNB2,EPHB1,1,1,False,9.1301032068003e-08,9.1301032068003e-08,8.780582430470889e-08
2.5,EFNB2_EPHB2,1.29612064841133,1.296120689447005,EFNB2,EPHB2,1,1,False,4.103567508018102e-08,4.103567508018102e-08,3.1660381177688824e-08
2.5,EFNB2_EPHB3,0.1574174692825151,0.1574174904360527,EFNB2,EPHB3,1,1,False,2.1153537588247673e-08,2.1153537588247673e-08,1.3437857209927268e-07
2.5,EFNB3_EPHA4,1.342830794126883,1.3428306177006413,EFNB3,EPHA4,1,1,False,-1.7642624183800137e-07,1.7642624183800137e-07,1.3138382185576463e-07
2.5,EFNB3_EPHB1,0.8394687705024657,0.8394687914923513,EFNB3,EPHB1,1,1,False,2.098988560739201e-08,2.098988560739201e-08,2.5003771218317243e-08
2.5,EFNB3_EPHB2,1.0202040034782296,1.0202039745771712,EFNB3,EPHB2,1,1,False,-2.8901058435337745e-08,2.8901058435337745e-08,2.8328705177399818e-08
2.5,EFNB3_EPHB3,0.1264177819188577,0.1264177894827235,EFNB3,EPHB3,1,1,False,7.563865811466286e-09,7.563865811466286e-09,5.983228976250988e-08
2.5,ESAM_ESAM,0.0268054278753326,0.0268054246945751,ESAM,ESAM,1,1,False,-3.1807575011366662e-09,3.1807575011366662e-09,1.1866094866792718e-07
2.5,FGF10_FGFR1,0.3639960073172676,0.3639960070235075,FGF10,FGFR1,1,1,False,-2.9376012733450807e-10,2.9376012733450807e-10,8.070421692248391e-10
2.5,FGF17_FGFR1,1.398711618013897,1.3987114979420294,FGF17,FGFR1,1,1,False,-1.2007186755980115e-07,1.2007186755980115e-07,8.584462015858381e-08
2.5,FGF17_FGFR3,0.2156253242453227,0.2156252898514917,FGF17,FGFR3,1,1,False,-3.439383100545257e-08,3.439383100545257e-08,1.5950738219561719e-07
2.5,FGF17_FGFR4,0.1240009480121654,0.1240009386639427,FGF17,FGFR4,1,1,False,-9.34822269593738e-09,9.34822269593738e-09,7.538831634593835e-08
2.5,FGF18_FGFR1,0.0348754977846208,0.0348754976989222,FGF18,FGFR1,1,1,False,-8.56985940544952e-11,8.56985940544952e-11,2.457272282785483e-09
2.5,FGF18_FGFR3,0.0052151902558632,0.0052151898215181,FGF18,FGFR3,1,1,False,-4.343450998173237e-10,4.343450998173237e-10,8.328461254678281e-08
2.5,FGF18_FGFR4,0.0029375462708384,0.002937546237628,FGF18,FGFR4,1,1,False,-3.3210400141731045e-11,3.3210400141731045e-11,1.1305490051822238e-08
2.5,FGF2_FGFR1,1.1881968571229158,1.1881968501103557,FGF2,FGFR1,1,1,False,-7.0125600881709715e-09,7.0125600881709715e-09,5.901850392998928e-09
2.5,FGF2_FGFR3,0.1887357710686713,0.1887357541970443,FGF2,FGFR3,1,1,False,-1.6871626984382715e-08,1.6871626984382715e-08,8.939284211387778e-08
2.5,FGF2_FGFR4,0.1091270672112174,0.1091270651097349,FGF2,FGFR4,1,1,False,-2.101482501903895e-09,2.101482501903895e-09,1.9257206810446376e-08
2.5,FGF7_FGFR1,0.2615641609830711,0.2615641476096482,FGF7,FGFR1,1,1,False,-1.3373422924622957e-08,1.3373422924622957e-08,5.1128651854901895e-08
2.5,FGF8_FGFR1,0.0553867488025546,0.0553867458621317,FGF8,FGFR1,1,1,False,-2.9404228982232716e-09,2.9404228982232716e-09,5.3088924007896467e-08
2.5,FGF8_FGFR3,0.008715242490262,0.0087152415228717,FGF8,FGFR3,1,1,False,-9.673902998108552e-10,9.673902998108552e-10,1.1099981450794646e-07
2.5,FGF8_FGFR4,0.0048193619711666,0.0048193617122517,FGF8,FGFR4,1,1,False,-2.589148999365687e-10,2.589148999365687e-10,5.3723895711841375e-08
2.5,FGF9_FGFR1,0.445977416309016,0.4459773777970591,FGF9,FGFR1,1,1,False,-3.851195690129927e-08,3.851195690129927e-08,8.635405178143479e-08
2.5,FGF9_FGFR3,0.0712574484944584,0.0712574374289119,FGF9,FGFR3,1,1,False,-1.1065546506872082e-08,1.1065546506872082e-08,1.5528968186017262e-07
2.5,FGF9_FGFR4,0.0412561041159915,0.0412561013410658,FGF9,FGFR4,1,1,False,-2.7749257058840016e-09,2.7749257058840016e-09,6.726097302067835e-08
2.5,FN1_CD44,0.0541206109931697,0.0541206086795009,FN1,CD44,1,1,False,-2.3136687982150406e-09,2.3136687982150406e-09,4.275023425931088e-08
2.5,FN1_ITGA3_ITGB1,0.3466543579098209,1.0068535812017334,FN1,ITGA3_ITGB1,1,2,True,0.6601992232919125,0.6601992232919125,0.6557052938163358
2.5,FN1_ITGA4_ITGB1,0.0327560265758671,0.3127935057062009,FN1,ITGA4_ITGB1,1,2,True,0.28003747913033383,0.28003747913033383,0.8952790707661495
2.5,FN1_ITGA4_ITGB7,0.0327558736058193,0.052956581492356,FN1,ITGA4_ITGB7,1,2,True,0.020200707886536697,0.020200707886536697,0.3814579286892331
2.5,FN1_ITGA5_ITGB1,0.20250410246326,0.7781229920086028,FN1,ITGA5_ITGB1,1,2,True,0.5756188895453428,0.5756188895453428,0.7397530923221696
2.5,FN1_ITGA8_ITGB1,0.1565376753983081,0.6826752594210679,FN1,ITGA8_ITGB1,1,2,True,0.5261375840227598,0.5261375840227598,0.770699650766519
2.5,FN1_SDC4,2.136726850280505,2.136726779783192,FN1,SDC4,1,1,False,-7.049731287622762e-08,7.049731287622762e-08,3.299313286907631e-08
2.5,GAL_GALR1,0.7155410034970421,0.7155409428612055,GAL,GALR1,1,1,False,-6.063583657400784e-08,6.063583657400784e-08,8.474124652209186e-08
2.5,GAL_GALR2,0.0414905075297026,0.0414905002419603,GAL,GALR2,1,1,False,-7.2877422985229146e-09,7.2877422985229146e-09,1.7564842496336542e-07
2.5,GAS6_AXL,0.7331669484893524,0.7331669144404681,GAS6,AXL,1,1,False,-3.404888426761232e-08,3.404888426761232e-08,4.6440833616092566e-08
2.5,GAS6_MERTK,0.0166245530805815,0.0166245516435698,GAS6,MERTK,1,1,False,-1.4370117006057281e-09,1.4370117006057281e-09,8.643911770983162e-08
2.5,GAS6_TYRO3,0.4407575280477361,0.4407575182890296,GAS6,TYRO3,1,1,False,-9.758706509543913e-09,9.758706509543913e-09,2.214075968882147e-08
2.5,GDF10_ACVR1B_ACVR2A,0.4094026796720855,0.841958590683238,GDF10,ACVR1B_ACVR2A,1,2,True,0.4325559110111525,0.4325559110111525,0.513749625928918
2.5,GDF5_BMPR1A_ACVR2A,0.0108717049155528,0.0235221520098785,GDF5,BMPR1A_ACVR2A,1,2,True,0.012650447094325699,0.012650447094325699,0.5378099371610618
2.5,GDF5_BMPR1A_BMPR2,0.0108717049155528,0.0192050695200068,GDF5,BMPR1A_BMPR2,1,2,True,0.008333364604454,0.008333364604454,0.43391483669313213
2.5,GDNF_GFRA1_RET,0.0021501256275373,0.0053763164904091,GDNF,GFRA1_RET,1,2,True,0.0032261908628718004,0.0032261908628718004,0.6000745805473051
2.5,GRN_SORT1,8.747623455396493,8.74762382577924,GRN,SORT1,1,1,False,3.7038274669498605e-07,3.7038274669498605e-07,4.234095499208236e-08
2.5,HBEGF_ERBB2_ERBB4,0.0833895589029143,0.1422117553700415,HBEGF,ERBB2_ERBB4,1,2,True,0.05882219646712719,0.05882219646712719,0.4136240095909733
2.5,HBEGF_ERBB4,0.2478153392062253,0.2478153280332008,HBEGF,ERBB4,1,1,False,-1.1173024505595208e-08,1.1173024505595208e-08,4.5086089268660305e-08
2.5,HSPG2_DAG1,2.040254170078264,2.040254263374952,HSPG2,DAG1,1,1,False,9.329668815283298e-08,9.329668815283298e-08,4.5727971178701656e-08
2.5,IHH_PTCH1_SMO,0.0108172230386556,0.0151071337129286,IHH,PTCH1_SMO,1,2,True,0.0042899106742729995,0.0042899106742729995,0.2839658902735281
2.5,IHH_PTCH2_SMO,0.0068393886331614,0.0088005011965996,IHH,PTCH2_SMO,1,2,True,0.0019611125634382,0.0019611125634382,0.22284100866845497
2.5,INHBB_ACVR1B_ACVR2A,0.1295913459296249,0.2697229783742776,INHBB,ACVR1B_ACVR2A,1,2,True,0.1401316324446527,0.1401316324446527,0.519539096332389
2.5,INHBB_ACVR1C_ACVR2A,0.0057037778969569,0.0564582505587538,INHBB,ACVR1C_ACVR2A,1,2,True,0.050754472661796904,0.050754472661796904,0.8989735275091245
2.5,JAG1_NOTCH3,0.0669092245065095,0.0669092125579634,JAG1,NOTCH3,1,1,False,-1.1948546110862601e-08,1.1948546110862601e-08,1.7857845758920945e-07
2.5,JAG2_NOTCH3,0.0421546535490759,0.042154646837118,JAG2,NOTCH3,1,1,False,-6.711957906135879e-09,6.711957906135879e-09,1.5922222912642147e-07
2.5,JAM2_ITGA3_ITGB1,0.5293836184258665,1.5566818544736445,JAM2,ITGA3_ITGB1,1,2,True,1.027298236047778,1.027298236047778,0.6599281883420777
2.5,JAM2_JAM2,3.372504190719484,3.3725040271053497,JAM2,JAM2,1,1,False,-1.636141342409303e-07,1.636141342409303e-07,4.851413815620053e-08
2.5,JAM2_JAM3,0.8255214899859842,0.8255214148240441,JAM2,JAM3,1,1,False,-7.516194011625288e-08,7.516194011625288e-08,9.104782979971725e-08
2.5,JAM3_ITGAM_ITGB2,0.0405391849905978,0.114005012336763,JAM3,ITGAM_ITGB2,1,2,True,0.07346582734616519,0.07346582734616519,0.6444087487061724
2.5,JAM3_JAM2,0.8466079795739254,0.8466079180827607,JAM3,JAM2,1,1,False,-6.149116471565463e-08,6.149116471565463e-08,7.26323944484925e-08
2.5,JAM3_JAM3,0.2301032373007306,0.2301032126889296,JAM3,JAM3,1,1,False,-2.4611800986118482e-08,2.4611800986118482e-08,1.069598206215256e-07
2.5,L1CAM_ITGA4_ITGB7,0.1463825505669419,0.236275802154321,L1CAM,ITGA4_ITGB7,1,2,True,0.0898932515873791,0.0898932515873791,0.3804589838136124
2.5,L1CAM_L1CAM,27.20618277015378,27.206182945271177,L1CAM,L1CAM,1,1,False,1.751173961395125e-07,1.751173961395125e-07,6.436676416231715e-09
2.5,LAMA1_CD44,0.0143061963393132,0.0143061947191425,LAMA1,CD44,1,1,False,-1.620170698990453e-09,1.620170698990453e-09,1.132495780543882e-07
2.5,LAMA1_DAG1,0.8076507524462125,0.8076507061179423,LAMA1,DAG1,1,1,False,-4.6328270220108436e-08,4.6328270220108436e-08,5.7361761974206515e-08
2.5,LAMA1_ITGA1_ITGB1,0.0296120875935123,0.1476972880167403,LAMA1,ITGA1_ITGB1,1,2,True,0.11808520042322801,0.11808520042322801,0.7995082510238373
2.5,LAMA1_ITGA3_ITGB1,0.0834997977170651,0.2450289967967126,LAMA1,ITGA3_ITGB1,1,2,True,0.16152919907964752,0.16152919907964752,0.6592248313111269
2.5,LAMA1_ITGA6_ITGB1,0.2861997270937827,0.4551071419138572,LAMA1,ITGA6_ITGB1,1,2,True,0.1689074148200745,0.1689074148200745,0.37113769322487433
2.5,LAMA1_ITGA6_ITGB4,0.265477094187212,0.2756374188514987,LAMA1,ITGA6_ITGB4,1,2,True,0.01016032466428668,0.01016032466428668,0.036861195067860564
2.5,LAMA1_ITGA7_ITGB1,0.0373706168536629,0.1654906792891119,LAMA1,ITGA7_ITGB1,1,2,True,0.128120062435449,0.128120062435449,0.7741829508816233
2.5,LAMA1_ITGA9_ITGB1,0.0284360401994492,0.1442600060776016,LAMA1,ITGA9_ITGB1,1,2,True,0.11582396587815239,0.11582396587815239,0.8028834118851164
2.5,LAMA1_SV2A,0.6867419753223343,0.686741901958177,LAMA1,SV2A,1,1,False,-7.336415730474499e-08,7.336415730474499e-08,1.0682928951635765e-07
2.5,LAMA1_SV2B,0.6529291821194528,0.6529290986322799,LAMA1,SV2B,1,1,False,-8.348717295270092e-08,8.348717295270092e-08,1.2786558671140388e-07
2.5,LAMA2_CD44,0.0140530717168587,0.0140530712060514,LAMA2,CD44,1,1,False,-5.10807299236582e-10,5.10807299236582e-10,3.6348444633908365e-08
2.5,LAMA2_DAG1,0.8478948034748537,0.8478948085940194,LAMA2,DAG1,1,1,False,5.119165757960786e-09,5.119165757960786e-09,6.037501003749976e-09
2.5,LAMA2_ITGA1_ITGB1,0.031563129990632,0.1573997534856485,LAMA2,ITGA1_ITGB1,1,2,True,0.1258366234950165,0.1258366234950165,0.7994715411450128
2.5,LAMA2_ITGA3_ITGB1,0.0906120140518919,0.2631183127110825,LAMA2,ITGA3_ITGB1,1,2,True,0.1725062986591906,0.1725062986591906,0.6556225482055725
2.5,LAMA2_ITGA6_ITGB1,0.2897173805903867,0.4713157345622031,LAMA2,ITGA6_ITGB1,1,2,True,0.1815983539718164,0.1815983539718164,0.3853008517538671
2.5,LAMA2_ITGA6_ITGB4,0.2691266222094191,0.2792314314666855,LAMA2,ITGA6_ITGB4,1,2,True,0.010104809257266423,0.010104809257266423,0.03618793630856706
2.5,LAMA2_ITGA7_ITGB1,0.0409957583107997,0.1788924496415799,LAMA2,ITGA7_ITGB1,1,2,True,0.1378966913307802,0.1378966913307802,0.7708357261978536
2.5,LAMA2_ITGA9_ITGB1,0.031124187395176,0.1557509658107247,LAMA2,ITGA9_ITGB1,1,2,True,0.1246267784155487,0.1246267784155487,0.8001669701811066
2.5,LAMA2_SV2A,0.7620921821118274,0.7620921505284058,LAMA2,SV2A,1,1,False,-3.158342154474525e-08,3.158342154474525e-08,4.144304624307349e-08
2.5,LAMA2_SV2B,0.71029787280967,0.71029784287888,LAMA2,SV2B,1,1,False,-2.993079006863297e-08,2.993079006863297e-08,4.213836365613496e-08
2.5,LAMA3_CD44,0.0010340825520392,0.0010340825172878,LAMA3,CD44,1,1,False,-3.4751399891411183e-11,3.4751399891411183e-11,3.3606020934094464e-08
2.5,LAMA3_DAG1,0.0632743601408724,0.0632743593546853,LAMA3,DAG1,1,1,False,-7.861871015313326e-10,7.861871015313326e-10,1.2425050206449911e-08
2.5,LAMA3_ITGA1_ITGB1,0.0023447032313503,0.0116695250890116,LAMA3,ITGA1_ITGB1,1,2,True,0.0093248218576613,0.0093248218576613,0.7990746655527441
2.5,LAMA3_ITGA3_ITGB1,0.0068646261031044,0.0196589662343059,LAMA3,ITGA3_ITGB1,1,2,True,0.0127943401312015,0.0127943401312015,0.6508144924159198
2.5,LAMA3_ITGA6_ITGB1,0.0213263256603977,0.0347585660917468,LAMA3,ITGA6_ITGB1,1,2,True,0.013432240431349104,0.013432240431349104,0.3864440321241705
2.5,LAMA3_ITGA6_ITGB4,0.01974330678215,0.0205172619234295,LAMA3,ITGA6_ITGB4,1,2,True,0.0007739551412795018,0.0007739551412795018,0.037722145584917974
2.5,LAMA3_ITGA7_ITGB1,0.0030930056080802,0.0133592262921961,LAMA3,ITGA7_ITGB1,1,2,True,0.0102662206841159,0.0102662206841159,0.7684741960028775
2.5,LAMA3_ITGA9_ITGB1,0.0023548645090005,0.0116470735495232,LAMA3,ITGA9_ITGB1,1,2,True,0.0092922090405227,0.0092922090405227,0.7978149190019581
2.5,LAMA3_SV2A,0.0597910546153854,0.0597910506255819,LAMA3,SV2A,1,1,False,-3.989803501469602e-09,3.989803501469602e-09,6.672910399615109e-08
2.5,LAMA3_SV2B,0.0529915133834212,0.0529915084668514,LAMA3,SV2B,1,1,False,-4.916569804058746e-09,4.916569804058746e-09,9.278032443581678e-08
2.5,LAMA4_CD44,0.0151844740590132,0.0151844729011299,LAMA4,CD44,1,1,False,-1.1578832996572697e-09,1.1578832996572697e-09,7.625442245528243e-08
2.5,LAMA4_DAG1,0.9296239944076596,0.9296239672449168,LAMA4,DAG1,1,1,False,-2.7162742832764764e-08,2.7162742832764764e-08,2.9219063832439475e-08
2.5,LAMA4_ITGA1_ITGB1,0.0348718855574237,0.1737191732920811,LAMA4,ITGA1_ITGB1,1,2,True,0.1388472877346574,0.1388472877346574,0.7992628856298309
2.5,LAMA4_ITGA3_ITGB1,0.1010456788367332,0.2917788946358068,LAMA4,ITGA3_ITGB1,1,2,True,0.1907332157990736,0.1907332157990736,0.6536909259223268
2.5,LAMA4_ITGA6_ITGB1,0.3154765077489807,0.5163546674491033,LAMA4,ITGA6_ITGB1,1,2,True,0.20087815970012263,0.20087815970012263,0.38903136228534824
2.5,LAMA4_ITGA6_ITGB4,0.2934446321179242,0.3042657575490012,LAMA4,ITGA6_ITGB4,1,2,True,0.010821125431076994,0.010821125431076994,0.03556471657621309
2.5,LAMA4_ITGA7_ITGB1,0.0450597246056809,0.1969354081133564,LAMA4,ITGA7_ITGB1,1,2,True,0.15187568350767552,0.15187568350767552,0.7711954135756816
2.5,LAMA4_ITGA9_ITGB1,0.0341214777298614,0.1712194949434604,LAMA4,ITGA9_ITGB1,1,2,True,0.137098017213599,0.137098017213599,0.8007149960281749
2.5,LAMA4_SV2A,0.838594685628506,0.8385946277858514,LAMA4,SV2A,1,1,False,-5.7842654666018234e-08,5.7842654666018234e-08,6.897569905617348e-08
2.5,LAMA4_SV2B,0.8188819220695713,0.8188818581591237,LAMA4,SV2B,1,1,False,-6.391044760079012e-08,6.391044760079012e-08,7.804598670253752e-08
2.5,LAMA5_CD44,0.0368800571550881,0.0368800541614124,LAMA5,CD44,1,1,False,-2.993675703166776e-09,2.993675703166776e-09,8.117329348427428e-08
2.5,LAMA5_DAG1,2.0990753014212,2.099075227880553,LAMA5,DAG1,1,1,False,-7.35406469054567e-08,7.35406469054567e-08,3.503478262817216e-08
2.5,LAMA5_ITGA1_ITGB1,0.0771071758500293,0.3850265023799289,LAMA5,ITGA1_ITGB1,1,2,True,0.3079193265298996,0.3079193265298996,0.7997354068527393
2.5,LAMA5_ITGA3_ITGB1,0.2176798191594988,0.6393599181018449,LAMA5,ITGA3_ITGB1,1,2,True,0.4216800989423461,0.4216800989423461,0.6595347737691243
2.5,LAMA5_ITGA6_ITGB1,0.7420772979825224,1.18394991022872,LAMA5,ITGA6_ITGB1,1,2,True,0.44187261224619767,0.44187261224619767,0.3732190090380048
2.5,LAMA5_ITGA6_ITGB4,0.6893141217354095,0.7152124309230546,LAMA5,ITGA6_ITGB4,1,2,True,0.02589830918764513,0.02589830918764513,0.03621065304223071
2.5,LAMA5_ITGA7_ITGB1,0.0972102914518003,0.4312280800558549,LAMA5,ITGA7_ITGB1,1,2,True,0.3340177886040546,0.3340177886040546,0.7745733732385677
2.5,LAMA5_ITGA9_ITGB1,0.0737948834092594,0.3754621363434732,LAMA5,ITGA9_ITGB1,1,2,True,0.3016672529342138,0.3016672529342138,0.8034558580848437
2.5,LAMA5_SV2A,1.7720190543643328,1.7720188905761267,LAMA5,SV2A,1,1,False,-1.6378820610896128e-07,1.6378820610896128e-07,9.243027365059354e-08
2.5,LAMA5_SV2B,1.7248487733423696,1.724848574979878,LAMA5,SV2B,1,1,False,-1.983624915435911e-07,1.983624915435911e-07,1.1500283074626254e-07
2.5,LAMB3_CD44,0.0028346222447045,0.0028346224034656,LAMB3,CD44,1,1,False,1.5876110018644973e-10,1.5876110018644973e-10,5.6007847815056046e-08
2.5,LAMB3_DAG1,0.1637962977471218,0.1637963112713713,LAMB3,DAG1,1,1,False,1.3524249498075847e-08,1.3524249498075847e-08,8.256748514726562e-08
2.5,LAMB3_ITGA1_ITGB1,0.0060514439842971,0.0301886730537972,LAMB3,ITGA1_ITGB1,1,2,True,0.0241372290695001,0.0241372290695001,0.7995458769084276
2.5,LAMB3_ITGA3_ITGB1,0.0174392368789112,0.0506223858735032,LAMB3,ITGA3_ITGB1,1,2,True,0.033183148994592,0.033183148994592,0.6555034580454404
2.5,LAMB3_ITGA6_ITGB1,0.0574451835662923,0.0921879886453993,LAMB3,ITGA6_ITGB1,1,2,True,0.034742805079107,0.034742805079107,0.3768691083254354
2.5,LAMB3_ITGA6_ITGB4,0.0534202493147367,0.0553966694442793,LAMB3,ITGA6_ITGB4,1,2,True,0.0019764201295426054,0.0019764201295426054,0.03567759847964481
2.5,LAMB3_ITGA7_ITGB1,0.0075839150207662,0.0337090258385217,LAMB3,ITGA7_ITGB1,1,2,True,0.026125110817755502,0.026125110817755502,0.775018267893713
2.5,LAMB3_ITGA9_ITGB1,0.0057365907971006,0.0292945842788343,LAMB3,ITGA9_ITGB1,1,2,True,0.0235579934817337,0.0235579934817337,0.8041757226353488
2.5,LAMB3_SV2A,0.1396227693381622,0.1396227720378197,LAMB3,SV2A,1,1,False,2.6996574975513e-09,2.6996574975513e-09,1.933536670379272e-08
2.5,LAMB3_SV2B,0.1453108080849049,0.1453108139682656,LAMB3,SV2B,1,1,False,5.883360687519712e-09,5.883360687519712e-09,4.048811321643672e-08
2.5,LAMC1_CD44,0.0402825264763321,0.0402825277218185,LAMC1,CD44,1,1,False,1.2454864015132294e-09,1.2454864015132294e-09,3.091877476295084e-08
2.5,LAMC1_DAG1,2.3276121343195277,2.3276122769988987,LAMC1,DAG1,1,1,False,1.4267937098466632e-07,1.4267937098466632e-07,6.129859873768565e-08
2.5,LAMC1_ITGA1_ITGB1,0.0860208643560843,0.4293220211492826,LAMC1,ITGA1_ITGB1,1,2,True,0.3433011567931983,0.3433011567931983,0.7996355646379169
2.5,LAMC1_ITGA3_ITGB1,0.2434375475750297,0.7137047152362936,LAMC1,ITGA3_ITGB1,1,2,True,0.470267167661264,0.470267167661264,0.658909991235756
2.5,LAMC1_ITGA6_ITGB1,0.8166219487263671,1.310238100357799,LAMC1,ITGA6_ITGB1,1,2,True,0.4936161516314319,0.4936161516314319,0.3767377482738714
2.5,LAMC1_ITGA6_ITGB4,0.7590748749311332,0.7873363367538879,LAMC1,ITGA6_ITGB4,1,2,True,0.028261461822754685,0.028261461822754685,0.03589503050154395
2.5,LAMC1_ITGA7_ITGB1,0.1088508092378359,0.481753312181486,LAMC1,ITGA7_ITGB1,1,2,True,0.37290250294365007,0.37290250294365007,0.7740528056881741
2.5,LAMC1_ITGA9_ITGB1,0.0825504614327418,0.419239748522159,LAMC1,ITGA9_ITGB1,1,2,True,0.3366892870894172,0.3366892870894172,0.80309485986542
2.5,LAMC1_SV2A,1.9821787661901484,1.982178777053264,LAMC1,SV2A,1,1,False,1.0863115518233712e-08,1.0863115518233712e-08,5.4803913975827044e-09
2.5,LAMC1_SV2B,1.9421703145135631,1.942170293625944,LAMC1,SV2B,1,1,False,-2.0887619189835505e-08,2.0887619189835505e-08,1.0754782437845585e-08
2.5,LAMC3_CD44,0.0072843924483182,0.0072843921953274,LAMC3,CD44,1,1,False,-2.5299080018414966e-10,2.5299080018414966e-10,3.473052858959562e-08
2.5,LAMC3_DAG1,0.4413092830671464,0.4413092792354399,LAMC3,DAG1,1,1,False,-3.831706507639865e-09,3.831706507639865e-09,8.68258759709086e-09
2.5,LAMC3_ITGA1_ITGB1,0.0165029903541674,0.0823069611254233,LAMC3,ITGA1_ITGB1,1,2,True,0.0658039707712559,0.0658039707712559,0.7994945976802698
2.5,LAMC3_ITGA3_ITGB1,0.0473723208833913,0.1376881095655432,LAMC3,ITGA3_ITGB1,1,2,True,0.0903157886821519,0.0903157886821519,0.6559447214950626
2.5,LAMC3_ITGA6_ITGB1,0.1508228870828178,0.2460077772305813,LAMC3,ITGA6_ITGB1,1,2,True,0.09518489014776349,0.09518489014776349,0.38691821542921134
2.5,LAMC3_ITGA6_ITGB4,0.1403501491436288,0.145497318957542,LAMC3,ITGA6_ITGB4,1,2,True,0.005147169813913194,0.005147169813913194,0.035376389412475735
2.5,LAMC3_ITGA7_ITGB1,0.0212736582492446,0.0932117146635568,LAMC3,ITGA7_ITGB1,1,2,True,0.0719380564143122,0.0719380564143122,0.7717705513085898
2.5,LAMC3_ITGA9_ITGB1,0.0161059680313542,0.0810380712970287,LAMC3,ITGA9_ITGB1,1,2,True,0.0649321032656745,0.0649321032656745,0.801254302162239
2.5,LAMC3_SV2A,0.3915427768691247,0.39154275478501,LAMC3,SV2A,1,1,False,-2.2084114703613267e-08,2.2084114703613267e-08,5.640281473253944e-08
2.5,LAMC3_SV2B,0.3812746624711705,0.3812746436975677,LAMC3,SV2B,1,1,False,-1.877360278346174e-08,1.877360278346174e-08,4.9239051611202406e-08
2.5,LRRC4C_NTNG1,1.315004012499701,1.315004023412085,LRRC4C,NTNG1,1,1,False,1.0912384107442108e-08,1.0912384107442108e-08,8.298365566310117e-09
2.5,MAG_MAG,0.0003067287391107,0.0003067286825886,MAG,MAG,1,1,False,-5.652209998869076e-11,5.652209998869076e-11,1.842738967094037e-07
2.5,MPZ_MPZ,0.0488591493470035,0.0488591493874283,MPZ,MPZ,1,1,False,4.042480239441204e-11,4.042480239441204e-11,8.273742564338122e-10
2.5,MSTN_ACVR1B_ACVR2A,0.0274197303182324,0.0573259226951157,MSTN,ACVR1B_ACVR2A,1,2,True,0.029906192376883304,0.029906192376883304,0.5216870653079149
2.5,MSTN_TGFBR1_ACVR2A,0.0468786259878067,0.0736551052123178,MSTN,TGFBR1_ACVR2A,1,2,True,0.026776479224511103,0.026776479224511103,0.3635386732165458
2.5,NCAM1_FGFR1,0.6882223259664294,0.6882222380173739,NCAM1,FGFR1,1,1,False,-8.794905548281662e-08,8.794905548281662e-08,1.277916338434895e-07
2.5,NCAM1_L1CAM,1.0315821057416903,1.0315820210068083,NCAM1,L1CAM,1,1,False,-8.473488199989276e-08,8.473488199989276e-08,8.214070555146921e-08
2.5,NCAM1_NCAM1,0.0396818394838327,0.0396818309507422,NCAM1,NCAM1,1,1,False,-8.53309049808626e-09,8.53309049808626e-09,2.1503767489314196e-07
2.5,NCAM1_NCAM2,0.5848938345010377,0.5848938077930123,NCAM1,NCAM2,1,1,False,-2.6708025457899964e-08,2.6708025457899964e-08,4.566303127589658e-08
2.5,NCAM2_L1CAM,15.068190065504512,15.068190524419675,NCAM2,L1CAM,1,1,False,4.5891516364804374e-07,4.5891516364804374e-07,3.0455890699305984e-08
2.5,NEGR1_NEGR1,4.140628310418007,4.140628203087335,NEGR1,NEGR1,1,1,False,-1.0733067234980354e-07,1.0733067234980354e-07,2.592134920194472e-08
2.5,NFASC_CNTN1_CNTNAP1,0.0372554940726093,0.5954907955298456,NFASC,CNTN1_CNTNAP1,1,2,True,0.5582353014572363,0.5582353014572363,0.937437330094312
2.5,NMB_NMBR,0.3678055301962719,0.367805509853839,NMB,NMBR,1,1,False,-2.034243290482962e-08,2.034243290482962e-08,5.530757760486717e-08
2.5,NMU_NMUR1,0.0293307100688178,0.0293307091188069,NMU,NMUR1,1,1,False,-9.500109032778425e-10,9.500109032778425e-10,3.238963192670274e-08
2.5,NPB_NPBWR1,0.0011638076822862,0.0011638076003813,NPB,NPBWR1,1,1,False,-8.190489996298678e-11,8.190489996298678e-11,7.037666206335024e-08
2.5,NPFF_NPFFR2,0.0280541668261532,0.0280541659508479,NPFF,NPFFR2,1,1,False,-8.753053004628697e-10,8.753053004628697e-10,3.120054521265895e-08
2.5,NPPC_NPR2,0.0239626938268604,0.0239626946986417,NPPC,NPR2,1,1,False,8.717812999270436e-10,8.717812999270436e-10,3.6380770647487304e-08
2.5,NPW_NPBWR1,0.0045925172802256,0.0045925173382499,NPW,NPBWR1,1,1,False,5.802430064205666e-11,5.802430064205666e-11,1.2634530556648556e-08
2.5,NPY_GPR83,0.0261946150620868,0.026194612267302,NPY,GPR83,1,1,False,-2.7947847994203023e-09,2.7947847994203023e-09,1.0669310439554347e-07
2.5,NPY_NPY1R,0.9464109960952676,0.9464108762567852,NPY,NPY1R,1,1,False,-1.1983848235974648e-07,1.1983848235974648e-07,1.2662414411305434e-07
2.5,NPY_NPY2R,0.1865834480851246,0.186583434050966,NPY,NPY2R,1,1,False,-1.4034158585252143e-08,1.4034158585252143e-08,7.521652498805451e-08
2.5,NRG1_ERBB2_ERBB3,0.0478211538842989,0.124412199005149,NRG1,ERBB2_ERBB3,1,2,True,0.07659104512085009,0.07659104512085009,0.6156232727441804
2.5,NRG1_ERBB2_ERBB4,0.3491688107546961,0.6064389253608389,NRG1,ERBB2_ERBB4,1,2,True,0.2572701146061428,0.2572701146061428,0.42423087280069266
2.5,NRG1_ERBB3,0.0478211538842989,0.0478211565618127,NRG1,ERBB3,1,1,False,2.6775137940138194e-09,2.6775137940138194e-09,5.599015135806925e-08
2.5,NRG1_ERBB4,1.0802312629085575,1.0802312704058588,NRG1,ERBB4,1,1,False,7.497301224290709e-09,7.497301224290709e-09,6.940459353184492e-09
2.5,NRG3_ERBB2_ERBB4,0.429075308246859,0.7406751585676092,NRG3,ERBB2_ERBB4,1,2,True,0.3115998503207502,0.3115998503207502,0.42069704473868513
2.5,NRG3_ERBB4,1.3094140475944824,1.3094140706224555,NRG3,ERBB4,1,1,False,2.3027973083955544e-08,2.3027973083955544e-08,1.7586471384875794e-08
2.5,NRG4_ERBB2_ERBB4,0.0162363330918225,0.0282297408419816,NRG4,ERBB2_ERBB4,1,2,True,0.011993407750159099,0.011993407750159099,0.4248500833675105
2.5,NRG4_ERBB4,0.0503840158567608,0.0503840192052833,NRG4,ERBB4,1,1,False,3.3485225009455277e-09,3.3485225009455277e-09,6.646001160213911e-08
2.5,NRTN_GFRA2_RET,0.0012649659813176,0.0039079763919288,NRTN,GFRA2_RET,1,2,True,0.0026430104106112,0.0026430104106112,0.6763117648483874
2.5,NRXN1_NLGN1,1.94663327999407,1.9466331779232344,NRXN1,NLGN1,1,1,False,-1.0207083556146301e-07,1.0207083556146301e-07,5.243454769342788e-08
2.5,NRXN1_NLGN2,1.4777195729347228,1.4777194488478755,NRXN1,NLGN2,1,1,False,-1.2408684724185548e-07,1.2408684724185548e-07,8.397185062347206e-08
2.5,NRXN1_NLGN3,2.4084977749190952,2.408497788682525,NRXN1,NLGN3,1,1,False,1.3763429951296757e-08,1.3763429951296757e-08,5.714528788845393e-09
2.5,NRXN2_NLGN1,4.366019895061862,4.3660198075568974,NRXN2,NLGN1,1,1,False,-8.750496416354281e-08,8.750496416354281e-08,2.0042273344313966e-08
2.5,NRXN2_NLGN2,3.293794790326978,3.2937946183833637,NRXN2,NLGN2,1,1,False,-1.7194361445760364e-07,1.7194361445760364e-07,5.2202285024725125e-08
2.5,NRXN2_NLGN3,5.32566361765443,5.325663799570176,NRXN2,NLGN3,1,1,False,1.819157455784648e-07,1.819157455784648e-07,3.4158323248483475e-08
2.5,NRXN3_NLGN1,7.082553665272711,7.082553197758546,NRXN3,NLGN1,1,1,False,-4.6751416427071035e-07,4.6751416427071035e-07,6.600926535340398e-08
2.5,NRXN3_NLGN2,5.301504607773769,5.3015040952928585,NRXN3,NLGN2,1,1,False,-5.124809101531014e-07,5.124809101531014e-07,9.666706870378533e-08
2.5,NRXN3_NLGN3,8.526208166566787,8.526208065300043,NRXN3,NLGN3,1,1,False,-1.0126674432342497e-07,1.0126674432342497e-07,1.1877113758553895e-08
2.5,NTS_NTSR1,1.4506730370621277,1.4506730952250764,NTS,NTSR1,1,1,False,5.8162948679552073e-08,5.8162948679552073e-08,4.00937667286977e-08
2.5,PDGFA_PDGFRA,0.081825867216675,0.0818258640092473,PDGFA,PDGFRA,1,1,False,-3.207427698437293e-09,3.207427698437293e-09,3.919821210014213e-08
2.5,PDGFA_PDGFRB,0.0888669670441718,0.0888669555790045,PDGFA,PDGFRB,1,1,False,-1.1465167301660806e-08,1.1465167301660806e-08,1.2901494990778725e-07
2.5,PDGFC_PDGFRA,0.0731063143033738,0.0731063128809741,PDGFC,PDGFRA,1,1,False,-1.4223996980256004e-09,1.4223996980256004e-09,1.945659156229625e-08
2.5,PDGFD_PDGFRB,0.4384665165392956,0.4384664549433147,PDGFD,PDGFRB,1,1,False,-6.15959808714095e-08,6.15959808714095e-08,1.404804666900699e-07
2.5,PECAM1_PECAM1,0.146748715583772,0.1467487206103965,PECAM1,PECAM1,1,1,False,5.026624505521937e-09,5.026624505521937e-09,3.425327651657784e-08
2.5,PLG_F2R,0.0163821510961401,0.0163821496356602,PLG,F2R,1,1,False,-1.4604799002115865e-09,1.4604799002115865e-09,8.915067939738996e-08
2.5,PLG_F2RL2,0.0026454764662157,0.0026454761441632,PLG,F2RL2,1,1,False,-3.2205250011935194e-10,3.2205250011935194e-10,1.2173704972701626e-07
2.5,PROS1_AXL,1.4652962758554773,1.4652961527871589,PROS1,AXL,1,1,False,-1.2306831842501254e-07,1.2306831842501254e-07,8.398869256196132e-08
2.5,PROS1_TYRO3,0.8689748699213995,0.8689748276792648,PROS1,TYRO3,1,1,False,-4.224213467907134e-08,4.224213467907134e-08,4.861145717929936e-08
2.5,PRSS1_F2R,0.0907568049649832,0.0907567896801137,PRSS1,F2R,1,1,False,-1.5284869495091336e-08,1.5284869495091336e-08,1.6841568520386668e-07
2.5,PRSS1_F2RL2,0.0147710765959655,0.0147710738822672,PRSS1,F2RL2,1,1,False,-2.713698300793599e-09,2.713698300793599e-09,1.8371702855665952e-07
2.5,PSAP_GPR37L1,33.898147081979275,33.898147122243685,PSAP,GPR37L1,1,1,False,4.026441047244589e-08,4.026441047244589e-08,1.1878056439853232e-09
2.5,PTHLH_PTH1R,0.0053441114496524,0.005344110958954,PTHLH,PTH1R,1,1,False,-4.906983994482084e-10,4.906983994482084e-10,9.182039036257844e-08
2.5,PTPRC_MRC1,0.0057034651694064,0.0057034650482279,PTPRC,MRC1,1,1,False,-1.211784995264198e-10,1.211784995264198e-10,2.1246469633307448e-08
2.5,PTPRM_PTPRM,0.0649390349453268,0.064939025354856,PTPRM,PTPRM,1,1,False,-9.590470792519845e-09,9.590470792519845e-09,1.476842210635593e-07
2.5,RELN_ITGA3_ITGB1,0.1468058918164934,0.4274792771099571,RELN,ITGA3_ITGB1,1,2,True,0.2806733852934637,0.2806733852934637,0.6565777578529691
2.5,SEMA3A_NRP1_PLXNA1,1.7126777456426725,1.887264168618585,SEMA3A,NRP1_PLXNA1,1,2,True,0.17458642297591243,0.17458642297591243,0.09250767639153766
2.5,SEMA3A_NRP1_PLXNA3,1.4714057433355068,1.650038898628286,SEMA3A,NRP1_PLXNA3,1,2,True,0.17863315529277912,0.17863315529277912,0.10825996613854427
2.5,SEMA3A_NRP1_PLXNA4,1.5249699718725342,1.6620730529025909,SEMA3A,NRP1_PLXNA4,1,2,True,0.13710308103005664,0.13710308103005664,0.08248920274029124
2.5,SEMA3C_NRP1_NRP2_PLXND1,0.0551162875856052,0.2709165127357418,SEMA3C,NRP1_NRP2_PLXND1,1,3,True,0.21580022515013658,0.21580022515013658,0.7965561898422674
2.5,SEMA3C_NRP1_PLXNA1,0.6257323977996935,0.6739555558914618,SEMA3C,NRP1_PLXNA1,1,2,True,0.04822315809176836,0.04822315809176836,0.07155243052782924
2.5,SEMA3C_NRP1_PLXNA3,0.4891579505240222,0.5702641807986583,SEMA3C,NRP1_PLXNA3,1,2,True,0.08110623027463604,0.08110623027463604,0.14222571398583425
2.5,SEMA3C_NRP1_PLXNA4,0.5417208528374549,0.5994720383416582,SEMA3C,NRP1_PLXNA4,1,2,True,0.05775118550420333,0.05775118550420333,0.09633674602065274
2.5,SEMA3C_NRP2_PLXNA1,0.5524323704940997,0.6253202854648876,SEMA3C,NRP2_PLXNA1,1,2,True,0.07288791497078795,0.07288791497078795,0.11656093151783845
2.5,SEMA3C_NRP2_PLXNA3,0.4668193215665556,0.5314706127857414,SEMA3C,NRP2_PLXNA3,1,2,True,0.06465129121918578,0.06465129121918578,0.12164603209255803
2.5,SEMA3C_NRP2_PLXNA4,0.5228954729812703,0.5567764828768679,SEMA3C,NRP2_PLXNA4,1,2,True,0.033881009895597614,0.033881009895597614,0.06085208506029961
2.5,SEMA3C_PLXND1,0.0551162875856052,0.0551162922427601,SEMA3C,PLXND1,1,1,False,4.657154897835802e-09,4.657154897835802e-09,8.449688301461446e-08
2.5,SEMA3E_PLXND1,0.0304039840414571,0.0304039894175221,SEMA3E,PLXND1,1,1,False,5.376064999423891e-09,5.376064999423891e-09,1.768210390287011e-07
2.5,SEMA3F_NRP2_PLXNA1,0.5528825808215088,0.6436997947325221,SEMA3F,NRP2_PLXNA1,1,2,True,0.09081721391101338,0.09081721391101338,0.14108628689053854
2.5,SEMA3F_NRP2_PLXNA3,0.5025903549605844,0.5619939595537755,SEMA3F,NRP2_PLXNA3,1,2,True,0.05940360459319116,0.05940360459319116,0.1057015001377555
2.5,SEMA3F_NRP2_PLXNA4,0.5299886529916576,0.5665726112990861,SEMA3F,NRP2_PLXNA4,1,2,True,0.036583958307428444,0.036583958307428444,0.06457064386424473
2.5,SEMA3G_NRP2_PLXNA1,0.6640515969054135,0.7606088633980017,SEMA3G,NRP2_PLXNA1,1,2,True,0.09655726649258822,0.09655726649258822,0.1269473327739319
2.5,SEMA3G_NRP2_PLXNA3,0.583641328155087,0.6575097958871916,SEMA3G,NRP2_PLXNA3,1,2,True,0.07386846773210465,0.07386846773210465,0.11234580563538585
2.5,SEMA3G_NRP2_PLXNA4,0.6335725289630004,0.6750146274010644,SEMA3G,NRP2_PLXNA4,1,2,True,0.04144209843806401,0.04144209843806401,0.06139437095996575
2.5,SEMA4A_NRP1_PLXNA1,1.8921033969830916,2.052027189809498,SEMA4A,NRP1_PLXNA1,1,2,True,0.15992379282640656,0.15992379282640656,0.07793453888944485
2.5,SEMA4A_NRP1_PLXNA3,1.527719938922806,1.750952482444981,SEMA4A,NRP1_PLXNA3,1,2,True,0.22323254352217492,0.22323254352217492,0.1274920626118073
2.5,SEMA4A_NRP1_PLXNA4,1.6502929251755725,1.8151375898752815,SEMA4A,NRP1_PLXNA4,1,2,True,0.16484466469970904,0.16484466469970904,0.09081662217740505
2.5,SEMA4A_PLXNB2,1.122062286071878,1.122062204008793,SEMA4A,PLXNB2,1,1,False,-8.206308499403292e-08,8.206308499403292e-08,7.313594442365569e-08
2.5,SEMA4A_PLXNB3,0.7023737743146607,0.7023737822204914,SEMA4A,PLXNB3,1,1,False,7.905830656795843e-09,7.905830656795843e-09,1.1255873805258322e-08
2.5,SEMA4C_PLXNB2,0.8313541930762143,0.8313541336663357,SEMA4C,PLXNB2,1,1,False,-5.940987857222524e-08,5.940987857222524e-08,7.146157325843769e-08
2.5,SEMA4G_PLXNB2,0.142320303452053,0.1423203066437742,SEMA4G,PLXNB2,1,1,False,3.191721220652255e-09,3.191721220652255e-09,2.2426323382235888e-08
2.5,SEMA5A_PLXNA1,1.9540501651664552,1.954050149062973,SEMA5A,PLXNA1,1,1,False,-1.6103482325391383e-08,1.6103482325391383e-08,8.241079278545345e-09
2.5,SEMA5A_PLXNA3,1.454265399292041,1.4542654132395696,SEMA5A,PLXNA3,1,1,False,1.3947528687552335e-08,1.3947528687552335e-08,9.590772468749264e-09
2.5,SEMA5A_PLXNB3,0.6300598598291111,0.6300598797973788,SEMA5A,PLXNB3,1,1,False,1.996826770600535e-08,1.996826770600535e-08,3.1692650724605656e-08
2.5,SEMA5B_PLXNA1,11.705057952078436,11.705057845787024,SEMA5B,PLXNA1,1,1,False,-1.0629141122819874e-07,1.0629141122819874e-07,9.08081033544348e-09
2.5,SEMA5B_PLXNA3,8.721090743829633,8.721090679794584,SEMA5B,PLXNA3,1,1,False,-6.403504926311143e-08,6.403504926311143e-08,7.342550507047259e-09
2.5,SEMA6A_PLXNA4,5.937451957582804,5.937452040660813,SEMA6A,PLXNA4,1,1,False,8.30780084726257e-08,8.30780084726257e-08,1.3992198657554035e-08
2.5,SEMA6D_PLXNA1,5.601340195745179,5.601340255313605,SEMA6D,PLXNA1,1,1,False,5.956842663579209e-08,5.956842663579209e-08,1.0634673831728689e-08
2.5,SEMA6D_PLXNA1_KDR,0.2221345416724634,1.1113745348491264,SEMA6D,PLXNA1_KDR,1,2,True,0.889239993176663,0.889239993176663,0.8001262988245281
2.5,SST_SSTR2,0.7611683085855341,0.761168230789951,SST,SSTR2,1,1,False,-7.779558308662615e-08,7.779558308662615e-08,1.022054941188925e-07
2.5,SST_SSTR4,0.1325582446092866,0.1325582356081882,SST,SSTR4,1,1,False,-9.001098422167786e-09,9.001098422167786e-09,6.790296936036219e-08
2.5,SST_SSTR5,2.2170233427125403,2.217023273908948,SST,SSTR5,1,1,False,-6.880359215699627e-08,6.880359215699627e-08,3.1034220899458234e-08
2.5,TAC1_TACR1,0.65691363450559,0.6569135843274403,TAC1,TACR1,1,1,False,-5.0178149746393785e-08,5.0178149746393785e-08,7.638469824752403e-08
2.5,TGFB2_ACVR1B_TGFBR2,0.0396004321375825,0.0531174259637188,TGFB2,ACVR1B_TGFBR2,1,2,True,0.013516993826136303,0.013516993826136303,0.2544738112002814
2.5,TGFB2_ACVR1C_TGFBR2,0.0031120606531985,0.010848211446645,TGFB2,ACVR1C_TGFBR2,1,2,True,0.0077361507934465,0.0077361507934465,0.7131268441342042
2.5,TGFB2_TGFBR1_TGFBR2,0.0396004321375825,0.0722971205229549,TGFB2,TGFBR1_TGFBR2,1,2,True,0.032696688385372395,0.032696688385372395,0.4522543657183545
2.5,TGFB3_ACVR1B_TGFBR2,0.0125178803085519,0.0163452905920052,TGFB3,ACVR1B_TGFBR2,1,2,True,0.0038274102834533006,0.0038274102834533006,0.23415981881199233
2.5,TGFB3_ACVR1C_TGFBR2,0.0009700068801529,0.0034267214745058,TGFB3,ACVR1C_TGFBR2,1,2,True,0.0024567145943529,0.0024567145943529,0.7169285897994397
2.5,TGFB3_TGFBR1_TGFBR2,0.0125178803085519,0.0225438838453668,TGFB3,TGFBR1_TGFBR2,1,2,True,0.010026003536814902,0.010026003536814902,0.444732753485839
2.5,THBS1_ITGA3_ITGB1,1.055193923427533,3.1050600620253066,THBS1,ITGA3_ITGB1,1,2,True,2.049866138597774,2.049866138597774,0.6601695611841815
2.5,THBS1_SDC4,6.682485717659169,6.682485745807105,THBS1,SDC4,1,1,False,2.81479355379588e-08,2.81479355379588e-08,4.212195372899987e-09
2.5,THBS2_ITGA3_ITGB1,0.0596932979335922,0.1765978739019183,THBS2,ITGA3_ITGB1,1,2,True,0.1169045759683261,0.1169045759683261,0.6619817859939491
2.5,THBS2_SDC4,0.371340055467034,0.3713400366452189,THBS2,SDC4,1,1,False,-1.8821815106484507e-08,1.8821815106484507e-08,5.068619673364439e-08
2.5,THBS3_ITGA3_ITGB1,0.1178893160713978,0.3453447325442786,THBS3,ITGA3_ITGB1,1,2,True,0.2274554164728808,0.2274554164728808,0.6586329398949714
2.5,THBS3_SDC4,0.7436357500223709,0.7436357248408227,THBS3,SDC4,1,1,False,-2.5181548179986635e-08,2.5181548179986635e-08,3.3862745543404946e-08
2.5,THY1_ITGAM_ITGB2,0.0104514553824493,0.0293955086208139,THY1,ITGAM_ITGB2,1,2,True,0.0189440532383646,0.0189440532383646,0.6444540042743468
2.5,TNC_ITGA8_ITGB1,0.453467796620741,1.9780695965171449,TNC,ITGA8_ITGB1,1,2,True,1.5246017998964039,1.5246017998964039,0.7707523550136065
2.5,TNC_ITGA9_ITGB1,0.3361671372404872,1.7034213917473895,TNC,ITGA9_ITGB1,1,2,True,1.3672542545069022,1.3672542545069022,0.8026518048504468
2.5,TNC_SDC4,6.1371718688597845,6.137171629066955,TNC,SDC4,1,1,False,-2.3979282914865507e-07,2.3979282914865507e-07,3.907220365871973e-08
2.5,TNN_ITGA8_ITGB1,0.0021204101121182,0.0092455374248237,TNN,ITGA8_ITGB1,1,2,True,0.007125127312705501,0.007125127312705501,0.770655829435612
2.5,TNN_ITGA9_ITGB1,0.0016117275331489,0.0080686381630339,TNN,ITGA9_ITGB1,1,2,True,0.006456910629885,0.006456910629885,0.8002478856304455
2.5,TNN_SDC4,0.0282956121563239,0.0282956124120539,TNN,SDC4,1,1,False,2.5572999967637955e-10,2.5572999967637955e-10,9.037796954252839e-09
2.5,TNR_ITGA8_ITGB1,0.0781954279094803,0.3338293898027029,TNR,ITGA8_ITGB1,1,2,True,0.25563396189322257,0.25563396189322257,0.7657623016484716
2.5,TNR_ITGA9_ITGB1,0.0583445090592334,0.2885053074508636,TNR,ITGA9_ITGB1,1,2,True,0.23016079839163023,0.23016079839163023,0.7977697201665164
2.5,TNR_SDC4,0.9966266833323094,0.9966266319279472,TNR,SDC4,1,1,False,-5.140436221129363e-08,5.140436221129363e-08,5.1578352326889946e-08
2.5,UCN_CRHR2,0.2015647557808506,0.2015647401733011,UCN,CRHR2,1,1,False,-1.5607549502805185e-08,1.5607549502805185e-08,7.743193715757703e-08
2.5,UTS2B_SSTR5,0.0054775792126442,0.0054775795954072,UTS2B,SSTR5,1,1,False,3.827630001146387e-10,3.827630001146387e-10,6.987812654252892e-08
2.5,VEGFA_FLT1,0.0628384603922826,0.0628384602334067,VEGFA,FLT1,1,1,False,-1.5887589854823858e-10,1.5887589854823858e-10,2.528322583914718e-09
2.5,VEGFA_FLT1_KDR,0.0501901826609757,0.0563682374856515,VEGFA,FLT1_KDR,1,2,True,0.006178054824675802,0.006178054824675802,0.10960170302022344
2.5,VEGFA_KDR,0.0508618146662737,0.0508618159547877,VEGFA,KDR,1,1,False,1.2885139968887849e-09,1.2885139968887849e-09,2.5333621552839878e-08
2.5,VEGFC_FLT4,0.0039927828206014,0.0039927823988389,VEGFC,FLT4,1,1,False,-4.2176249992476045e-10,4.2176249992476045e-10,1.0563121483808476e-07
2.5,VEGFC_FLT4_KDR,0.0039927828206014,0.0064394609175168,VEGFC,FLT4_KDR,1,2,True,0.0024466780969154,0.0024466780969154,0.3799507642417518
2.5,VEGFC_KDR,0.010420377083004,0.010420376546012,VEGFC,KDR,1,1,False,-5.36991999477987e-10,5.36991999477987e-10,5.15328759411058e-08
2.5,VEGFD_FLT4,0.0219486183609061,0.02194861776891,VEGFD,FLT4,1,1,False,-5.919961014455577e-10,5.919961014455577e-10,2.6971907375272185e-08
2.5,VEGFD_FLT4_KDR,0.0219486183609061,0.0354490315842818,VEGFD,FLT4_KDR,1,2,True,0.013500413223375703,0.013500413223375703,0.3808401138202552
2.5,VEGFD_KDR,0.0574466009132745,0.0574466032658069,VEGFD,KDR,1,1,False,2.3525324049922247e-09,2.3525324049922247e-09,4.0951636324031155e-08
2.5,VIP_VIPR1,0.0777446455927095,0.0777446486352273,VIP,VIPR1,1,1,False,3.0425178071391557e-09,3.0425178071391557e-09,3.9134755388945754e-08
2.5,VIP_VIPR2,0.0084190883319673,0.0084190877177944,VIP,VIPR2,1,1,False,-6.141729000375129e-10,6.141729000375129e-10,7.295004824993898e-08
2.5,VSIR_IGSF11,1.7606050746457187,1.7606051150678053,VSIR,IGSF11,1,1,False,4.04220865668492e-08,4.04220865668492e-08,2.2959200913881504e-08
2.5,WNT10B_FZD10_LRP5,0.018100959125227,0.0380903171579739,WNT10B,FZD10_LRP5,1,2,True,0.019989358032746905,0.019989358032746905,0.5247884376978019
2.5,WNT10B_FZD10_LRP6,0.018100959125227,0.0428358033395734,WNT10B,FZD10_LRP6,1,2,True,0.024734844214346404,0.024734844214346404,0.577433882079092
2.5,WNT10B_FZD2_LRP5,0.0805156987134464,0.1484189651042328,WNT10B,FZD2_LRP5,1,2,True,0.06790326639078641,0.06790326639078641,0.4575107119437114
2.5,WNT10B_FZD2_LRP6,0.0983016497371527,0.1653416690592714,WNT10B,FZD2_LRP6,1,2,True,0.06704001932211869,0.06704001932211869,0.4054635452971404
2.5,WNT10B_FZD3_LRP5,0.0805156987134464,0.0927888476298103,WNT10B,FZD3_LRP5,1,2,True,0.012273148916363899,0.012273148916363899,0.13226965556603057
2.5,WNT10B_FZD3_LRP6,0.0997624711544897,0.1067256088047485,WNT10B,FZD3_LRP6,1,2,True,0.006963137650258799,0.006963137650258799,0.06524336312756636
2.5,WNT10B_FZD4_LRP5,0.0041505747232725,0.0175894189975847,WNT10B,FZD4_LRP5,1,2,True,0.013438844274312202,0.013438844274312202,0.7640300271519805
2.5,WNT10B_FZD4_LRP6,0.0041505747232725,0.0207617820755346,WNT10B,FZD4_LRP6,1,2,True,0.016611207352262097,0.016611207352262097,0.8000858159394958
2.5,WNT10B_FZD5_LRP5,0.0161929164557156,0.03602051089877,WNT10B,FZD5_LRP5,1,2,True,0.019827594443054403,0.019827594443054403,0.5504528933189412
2.5,WNT10B_FZD5_LRP6,0.0161929164557156,0.0401153542285861,WNT10B,FZD5_LRP6,1,2,True,0.0239224377728705,0.0239224377728705,0.59634118239503
2.5,WNT10B_FZD6_LRP5,0.0370098600727245,0.0544583984669532,WNT10B,FZD6_LRP5,1,2,True,0.017448538394228705,0.017448538394228705,0.3204012399449635
2.5,WNT10B_FZD6_LRP6,0.0370098600727245,0.0617588560317118,WNT10B,FZD6_LRP6,1,2,True,0.024748995958987302,0.024748995958987302,0.4007359842656289
2.5,WNT10B_FZD7_LRP5,0.0430868276777026,0.0586602910033069,WNT10B,FZD7_LRP5,1,2,True,0.015573463325604303,0.015573463325604303,0.2654856131676259
2.5,WNT10B_FZD7_LRP6,0.0437404228652857,0.0676917867488254,WNT10B,FZD7_LRP6,1,2,True,0.023951363883539696,0.023951363883539696,0.3538296894483334
2.5,WNT10B_FZD8_LRP5,0.052408985404381,0.0646167248969715,WNT10B,FZD8_LRP5,1,2,True,0.012207739492590498,0.012207739492590498,0.1889253828951436
2.5,WNT10B_FZD8_LRP6,0.052408985404381,0.071132463635841,WNT10B,FZD8_LRP6,1,2,True,0.01872347823146,0.01872347823146,0.2632198756296968
2.5,WNT11_FZD10,0.0912445327341291,0.0912445293511303,WNT11,FZD10,1,1,False,-3.3829987977629372e-09,3.3829987977629372e-09,3.707618085590306e-08
2.5,WNT11_FZD2,1.325683664742484,1.3256836328326154,WNT11,FZD2,1,1,False,-3.1909868525303864e-08,3.1909868525303864e-08,2.4070499904290823e-08
2.5,WNT11_FZD3,0.5186890978994704,0.5186890718245655,WNT11,FZD3,1,1,False,-2.6074904901918217e-08,2.6074904901918217e-08,5.027077879121323e-08
2.5,WNT11_FZD4,0.0186785751644414,0.0186785745151277,WNT11,FZD4,1,1,False,-6.493137000296301e-10,6.493137000296301e-10,3.476248559182048e-08
2.5,WNT11_FZD5,0.0752448535271587,0.0752448491231816,WNT11,FZD5,1,1,False,-4.403977099665113e-09,4.403977099665113e-09,5.852861548963679e-08
2.5,WNT11_FZD6,0.1785788261938894,0.1785788251596309,WNT11,FZD6,1,1,False,-1.0342585121669856e-09,1.0342585121669856e-09,5.7916077410210675e-09
2.5,WNT11_FZD7,0.1998492002163951,0.1998491788852965,WNT11,FZD7,1,1,False,-2.1331098609689292e-08,2.1331098609689292e-08,1.0673597185573998e-07
2.5,WNT11_FZD8,0.2499754584393754,0.2499754528469558,WNT11,FZD8,1,1,False,-5.5924196107337565e-09,5.5924196107337565e-09,2.237187460580272e-08
2.5,WNT2B_FZD10_LRP5,0.1347973591539518,0.2751385251926947,WNT2B,FZD10_LRP5,1,2,True,0.14034116603874291,0.14034116603874291,0.5100745740366757
2.5,WNT2B_FZD10_LRP6,0.1347973591539518,0.3067610930799528,WNT2B,FZD10_LRP6,1,2,True,0.171963733926001,0.171963733926001,0.5605786972508315
2.5,WNT2B_FZD2_LRP5,0.5653080030014228,1.0441092775257734,WNT2B,FZD2_LRP5,1,2,True,0.4788012745243506,0.4788012745243506,0.4585739106341114
2.5,WNT2B_FZD2_LRP6,0.6858114195754178,1.155847525604213,WNT2B,FZD2_LRP6,1,2,True,0.4700361060287953,0.4700361060287953,0.4066592657046927
2.5,WNT2B_FZD3_LRP5,0.5653080030014228,0.6504507800555404,WNT2B,FZD3_LRP5,1,2,True,0.08514277705411755,0.08514277705411755,0.13089810891893683
2.5,WNT2B_FZD3_LRP6,0.6939200324412688,0.7368341203436839,WNT2B,FZD3_LRP6,1,2,True,0.04291408790241513,0.04291408790241513,0.05824117900837515
2.5,WNT2B_FZD4_LRP5,0.0268710739007327,0.1190469037850276,WNT2B,FZD4_LRP5,1,2,True,0.0921758298842949,0.0921758298842949,0.7742816230713911
2.5,WNT2B_FZD4_LRP6,0.0268710739007327,0.1377244264099184,WNT2B,FZD4_LRP6,1,2,True,0.11085335250918568,0.11085335250918568,0.8048924609730845
2.5,WNT2B_FZD5_LRP5,0.1090125572072737,0.2474285256061584,WNT2B,FZD5_LRP5,1,2,True,0.1384159683988847,0.1384159683988847,0.5594179897398199
2.5,WNT2B_FZD5_LRP6,0.1090125572072737,0.2733128769262528,WNT2B,FZD5_LRP6,1,2,True,0.16430031971897907,0.16430031971897907,0.6011437205840534
2.5,WNT2B_FZD6_LRP5,0.2612263292090785,0.3835072883725773,WNT2B,FZD6_LRP5,1,2,True,0.12228095916349879,0.12228095916349879,0.3188491141391369
2.5,WNT2B_FZD6_LRP6,0.2612263292090785,0.4300179502797484,WNT2B,FZD6_LRP6,1,2,True,0.16879162107066986,0.16879162107066986,0.39252226787477684
2.5,WNT2B_FZD7_LRP5,0.2864880600241083,0.4002012264514284,WNT2B,FZD7_LRP5,1,2,True,0.1137131664273201,0.1137131664273201,0.28413997487116954
2.5,WNT2B_FZD7_LRP6,0.2886656355202666,0.4537697773963117,WNT2B,FZD7_LRP6,1,2,True,0.1651041418760451,0.1651041418760451,0.3638500184463521
2.5,WNT2B_FZD8_LRP5,0.3643773215571035,0.4519668102308078,WNT2B,FZD8_LRP5,1,2,True,0.08758948867370431,0.08758948867370431,0.19379628479572342
2.5,WNT2B_FZD8_LRP6,0.3643773215571035,0.495265086214224,WNT2B,FZD8_LRP6,1,2,True,0.1308877646571205,0.1308877646571205,0.2642781982829005
2.5,WNT3A_FZD10_LRP5,0.0211532993319786,0.0435309998039546,WNT3A,FZD10_LRP5,1,2,True,0.022377700471975997,0.022377700471975997,0.5140635540822814
2.5,WNT3A_FZD10_LRP6,0.0211532993319786,0.0483335944765669,WNT3A,FZD10_LRP6,1,2,True,0.027180295144588296,0.027180295144588296,0.5623478956808365
2.5,WNT3A_FZD2_LRP5,0.090153550020944,0.1657468579981174,WNT3A,FZD2_LRP5,1,2,True,0.0755933079771734,0.0755933079771734,0.45607686860665564
2.5,WNT3A_FZD2_LRP6,0.1080822630554281,0.1825370113911052,WNT3A,FZD2_LRP6,1,2,True,0.0744547483356771,0.0744547483356771,0.4078885030945849
2.5,WNT3A_FZD3_LRP5,0.090153550020944,0.1033178810921212,WNT3A,FZD3_LRP5,1,2,True,0.013164331071177204,0.013164331071177204,0.1274158057833136
2.5,WNT3A_FZD3_LRP6,0.1096259150000473,0.1166837616546405,WNT3A,FZD3_LRP6,1,2,True,0.007057846654593206,0.007057846654593206,0.06048696540554592
2.5,WNT3A_FZD4_LRP5,0.0042075112417511,0.0188361962969571,WNT3A,FZD4_LRP5,1,2,True,0.014628685055206002,0.014628685055206002,0.7766262797743936
2.5,WNT3A_FZD4_LRP6,0.0042075112417511,0.0217325018819087,WNT3A,FZD4_LRP6,1,2,True,0.0175249906401576,0.0175249906401576,0.8063954502516962
2.5,WNT3A_FZD5_LRP5,0.0175626512008541,0.0396665372624137,WNT3A,FZD5_LRP5,1,2,True,0.022103886061559597,0.022103886061559597,0.5572426429696017
2.5,WNT3A_FZD5_LRP6,0.0175626512008541,0.0436310261322413,WNT3A,FZD5_LRP6,1,2,True,0.0260683749313872,0.0260683749313872,0.59747334047053
2.5,WNT3A_FZD6_LRP5,0.0411778521795533,0.060817732377407,WNT3A,FZD6_LRP5,1,2,True,0.019639880197853704,0.019639880197853704,0.322930162472642
2.5,WNT3A_FZD6_LRP6,0.0411778521795533,0.0679109395835565,WNT3A,FZD6_LRP6,1,2,True,0.0267330874040032,0.0267330874040032,0.3936492053848151
2.5,WNT3A_FZD7_LRP5,0.0455295092835047,0.0637714597119741,WNT3A,FZD7_LRP5,1,2,True,0.018241950428469392,0.018241950428469392,0.28605195036870357
2.5,WNT3A_FZD7_LRP6,0.0459554707462604,0.0721062296081149,WNT3A,FZD7_LRP6,1,2,True,0.0261507588618545,0.0261507588618545,0.36266989695591395
2.5,WNT3A_FZD8_LRP5,0.0586649130089512,0.0724181539628683,WNT3A,FZD8_LRP5,1,2,True,0.013753240953917098,0.013753240953917098,0.1899142715094469
2.5,WNT3A_FZD8_LRP6,0.0586649130089512,0.0790071815781848,WNT3A,FZD8_LRP6,1,2,True,0.0203422685692336,0.0203422685692336,0.2574736645820364
2.5,WNT4_FZD10_LRP5,0.0254539399391266,0.051546916547026,WNT4,FZD10_LRP5,1,2,True,0.026092976607899398,0.026092976607899398,0.5061985925791488
2.5,WNT4_FZD10_LRP6,0.0254539399391266,0.0583346953947391,WNT4,FZD10_LRP6,1,2,True,0.032880755455612504,0.032880755455612504,0.5636569323472947
2.5,WNT4_FZD2_LRP5,0.1051058431271794,0.1941354535656649,WNT4,FZD2_LRP5,1,2,True,0.08902961043848549,0.08902961043848549,0.45859531993403707
2.5,WNT4_FZD2_LRP6,0.1306686969727693,0.2179241551640873,WNT4,FZD2_LRP6,1,2,True,0.087255458191318,0.087255458191318,0.4003936971815652
2.5,WNT4_FZD3_LRP5,0.1051058431271794,0.1222278306104142,WNT4,FZD3_LRP5,1,2,True,0.017121987483234805,0.017121987483234805,0.14008256055700588
2.5,WNT4_FZD3_LRP6,0.1326975033275127,0.1411333523857581,WNT4,FZD3_LRP6,1,2,True,0.008435849058245404,0.008435849058245404,0.05977218648635085
2.5,WNT4_FZD4_LRP5,0.005237820803665,0.022527584265101,WNT4,FZD4_LRP5,1,2,True,0.017289763461436,0.017289763461436,0.7674930102567961
2.5,WNT4_FZD4_LRP6,0.005237820803665,0.0266742584538645,WNT4,FZD4_LRP6,1,2,True,0.0214364376501995,0.0214364376501995,0.8036376226644022
2.5,WNT4_FZD5_LRP5,0.0199623971230527,0.0456401750593764,WNT4,FZD5_LRP5,1,2,True,0.025677777936323698,0.025677777936323698,0.5626134847843536
2.5,WNT4_FZD5_LRP6,0.0199623971230527,0.0511120121740492,WNT4,FZD5_LRP6,1,2,True,0.031149615050996497,0.031149615050996497,0.6094382460413466
2.5,WNT4_FZD6_LRP5,0.0493131400494409,0.0718187111605,WNT4,FZD6_LRP5,1,2,True,0.022505571111059094,0.022505571111059094,0.313366401977944
2.5,WNT4_FZD6_LRP6,0.0493131400494409,0.0819215737639491,WNT4,FZD6_LRP6,1,2,True,0.032608433714508195,0.032608433714508195,0.398044522538922
2.5,WNT4_FZD7_LRP5,0.0539534095611113,0.0748172102744749,WNT4,FZD7_LRP5,1,2,True,0.0208638007133636,0.0208638007133636,0.27886365499091087
2.5,WNT4_FZD7_LRP6,0.0544073606741766,0.0864060195546474,WNT4,FZD7_LRP6,1,2,True,0.0319986588804708,0.0319986588804708,0.3703290470432246
2.5,WNT4_FZD8_LRP5,0.0665683221438394,0.0832226890566476,WNT4,FZD8_LRP5,1,2,True,0.016654366912808208,0.016654366912808208,0.20011810603082048
2.5,WNT4_FZD8_LRP6,0.0665683221438394,0.0922583625107925,WNT4,FZD8_LRP6,1,2,True,0.025690040366953104,0.025690040366953104,0.27845758008058996
2.5,WNT7A_FZD10_LRP5,0.1466906503639624,0.3039869734930858,WNT7A,FZD10_LRP5,1,2,True,0.1572963231291234,0.1572963231291234,0.5174442882260581
2.5,WNT7A_FZD10_LRP6,0.1466906503639624,0.3353247087565106,WNT7A,FZD10_LRP6,1,2,True,0.1886340583925482,0.1886340583925482,0.5625414813362921
2.5,WNT7A_FZD2_LRP5,0.6336208090087306,1.169625983720203,WNT7A,FZD2_LRP5,1,2,True,0.5360051747114724,0.5360051747114724,0.4582705772375309
2.5,WNT7A_FZD2_LRP6,0.7532085370485345,1.2810303582774296,WNT7A,FZD2_LRP6,1,2,True,0.5278218212288951,0.5278218212288951,0.41202912781758294
2.5,WNT7A_FZD3_LRP5,0.6336208090087306,0.7229349150148362,WNT7A,FZD3_LRP5,1,2,True,0.08931410600610556,0.08931410600610556,0.12354377157765667
2.5,WNT7A_FZD3_LRP6,0.7615894998343031,0.8098588295964734,WNT7A,FZD3_LRP6,1,2,True,0.04826932976217024,0.04826932976217024,0.059602152866841375
2.5,WNT7A_FZD4_LRP5,0.0295642847793881,0.132527980217641,WNT7A,FZD4_LRP5,1,2,True,0.1029636954382529,0.1029636954382529,0.776920430456747
2.5,WNT7A_FZD4_LRP6,0.0295642847793881,0.1514815227110788,WNT7A,FZD4_LRP6,1,2,True,0.12191723793169068,0.12191723793169068,0.804832402987022
2.5,WNT7A_FZD5_LRP5,0.1253473375670425,0.2810246193115995,WNT7A,FZD5_LRP5,1,2,True,0.155677281744557,0.155677281744557,0.5539631443177666
2.5,WNT7A_FZD5_LRP6,0.1253473375670425,0.3071855433669591,WNT7A,FZD5_LRP6,1,2,True,0.18183820579991658,0.18183820579991658,0.5919490995795186
2.5,WNT7A_FZD6_LRP5,0.2889569435337938,0.4270741247975445,WNT7A,FZD6_LRP5,1,2,True,0.13811718126375067,0.13811718126375067,0.32340329990543315
2.5,WNT7A_FZD6_LRP6,0.2889569435337938,0.4736250528369107,WNT7A,FZD6_LRP6,1,2,True,0.1846681093031169,0.1846681093031169,0.3899035918750396
2.5,WNT7A_FZD7_LRP5,0.3211218668429167,0.448862768654733,WNT7A,FZD7_LRP5,1,2,True,0.1277409018118163,0.1277409018118163,0.28458787569898697
2.5,WNT7A_FZD7_LRP6,0.3234959924286338,0.5032618112307253,WNT7A,FZD7_LRP6,1,2,True,0.17976581880209153,0.17976581880209153,0.35720139058927347
2.5,WNT7A_FZD8_LRP5,0.4163617785235422,0.5116450672037984,WNT7A,FZD8_LRP5,1,2,True,0.0952832886802562,0.0952832886802562,0.18622927257168878
2.5,WNT7A_FZD8_LRP6,0.4163617785235422,0.5550891215665016,WNT7A,FZD8_LRP6,1,2,True,0.13872734304295936,0.13872734304295936,0.2499190448039421
2.5,WNT7B_FZD10_LRP5,0.7866392479533257,1.6341140810958446,WNT7B,FZD10_LRP5,1,2,True,0.8474748331425188,0.8474748331425188,0.5186142405517968
2.5,WNT7B_FZD10_LRP6,0.7866392479533257,1.793891401527416,WNT7B,FZD10_LRP6,1,2,True,1.0072521535740904,1.0072521535740904,0.5614900393170186
2.5,WNT7B_FZD2_LRP5,3.414019853712337,6.288893585434645,WNT7B,FZD2_LRP5,1,2,True,2.8748737317223076,2.8748737317223076,0.4571350576483982
2.5,WNT7B_FZD2_LRP6,4.018069683560808,6.853507798891487,WNT7B,FZD2_LRP6,1,2,True,2.835438115330679,2.835438115330679,0.4137207104060338
2.5,WNT7B_FZD3_LRP5,3.414019853712337,3.88180920138351,WNT7B,FZD3_LRP5,1,2,True,0.467789347671173,0.467789347671173,0.12050807327275355
2.5,WNT7B_FZD3_LRP6,4.0663237082137655,4.324306186320963,WNT7B,FZD3_LRP6,1,2,True,0.25798247810719754,0.25798247810719754,0.05965869829552567
2.5,WNT7B_FZD4_LRP5,0.1557277836879756,0.7075111331817071,WNT7B,FZD4_LRP5,1,2,True,0.5517833494937315,0.5517833494937315,0.779893521975179
2.5,WNT7B_FZD4_LRP6,0.1557277836879756,0.8033103884337048,WNT7B,FZD4_LRP6,1,2,True,0.6475826047457293,0.6475826047457293,0.8061424501286312
2.5,WNT7B_FZD5_LRP5,0.6772813756169651,1.5164294657637127,WNT7B,FZD5_LRP5,1,2,True,0.8391480901467476,0.8391480901467476,0.5533710001632889
2.5,WNT7B_FZD5_LRP6,0.6772813756169651,1.6500048889598569,WNT7B,FZD5_LRP6,1,2,True,0.9727235133428918,0.9727235133428918,0.5895276552520308
2.5,WNT7B_FZD6_LRP5,1.5454233043725218,2.2931112122699746,WNT7B,FZD6_LRP5,1,2,True,0.7476879078974528,0.7476879078974528,0.32605828443763474
2.5,WNT7B_FZD6_LRP6,1.5454233043725218,2.5290419674164117,WNT7B,FZD6_LRP6,1,2,True,0.9836186630438899,0.9836186630438899,0.3889293557468021
2.5,WNT7B_FZD7_LRP5,1.7161533403661386,2.4097841904207016,WNT7B,FZD7_LRP5,1,2,True,0.6936308500545629,0.6936308500545629,0.2878394060397037
2.5,WNT7B_FZD7_LRP6,1.7286527352711465,2.6866697969665934,WNT7B,FZD7_LRP6,1,2,True,0.9580170616954469,0.9580170616954469,0.35658161742730865
2.5,WNT7B_FZD8_LRP5,2.2563457495129957,2.765363156976728,WNT7B,FZD8_LRP5,1,2,True,0.5090174074637321,0.5090174074637321,0.18406891918681037
2.5,WNT7B_FZD8_LRP6,2.2563457495129957,2.988223151808742,WNT7B,FZD8_LRP6,1,2,True,0.7318774022957464,0.7318774022957464,0.244920598333745
2.5,WNT8B_FZD10_LRP5,0.2765710000470711,0.5620328245947541,WNT8B,FZD10_LRP5,1,2,True,0.28546182454768304,0.28546182454768304,0.5079095242408862
2.5,WNT8B_FZD10_LRP6,0.2765710000470711,0.6277753598511144,WNT8B,FZD10_LRP6,1,2,True,0.35120435980404335,0.35120435980404335,0.5594427278689885
2.5,WNT8B_FZD2_LRP5,1.1498622234361655,2.125349332369053,WNT8B,FZD2_LRP5,1,2,True,0.9754871089328876,0.9754871089328876,0.4589773050840287
2.5,WNT8B_FZD2_LRP6,1.401335914652186,2.357657314764619,WNT8B,FZD2_LRP6,1,2,True,0.9563214001124329,0.9563214001124329,0.4056235798661474
2.5,WNT8B_FZD3_LRP5,1.1498622234361655,1.3254003006731816,WNT8B,FZD3_LRP5,1,2,True,0.1755380772370161,0.1755380772370161,0.13244155531567245
2.5,WNT8B_FZD3_LRP6,1.4171155512504796,1.5038868778784122,WNT8B,FZD3_LRP6,1,2,True,0.08677132662793263,0.08677132662793263,0.05769804092601971
2.5,WNT8B_FZD4_LRP5,0.0547261035835946,0.2422034762942609,WNT8B,FZD4_LRP5,1,2,True,0.18747737271066628,0.18747737271066628,0.7740490581683225
2.5,WNT8B_FZD4_LRP6,0.0547261035835946,0.2806499591314885,WNT8B,FZD4_LRP6,1,2,True,0.2259238555478939,0.2259238555478939,0.8050022748873638
2.5,WNT8B_FZD5_LRP5,0.220258138428158,0.5015471294208442,WNT8B,FZD5_LRP5,1,2,True,0.2812889909926862,0.2812889909926862,0.5608425898429554
2.5,WNT8B_FZD5_LRP6,0.220258138428158,0.5550414990900069,WNT8B,FZD5_LRP6,1,2,True,0.3347833606618489,0.3347833606618489,0.6031681616793119
2.5,WNT8B_FZD6_LRP5,0.5333966876343993,0.7815482725539327,WNT8B,FZD6_LRP5,1,2,True,0.24815158491953337,0.24815158491953337,0.31751280584195657
2.5,WNT8B_FZD6_LRP6,0.5333966876343993,0.877985846191976,WNT8B,FZD6_LRP6,1,2,True,0.34458915855757666,0.34458915855757666,0.3924768947610467
2.5,WNT8B_FZD7_LRP5,0.5815116098641702,0.8129155092005587,WNT8B,FZD7_LRP5,1,2,True,0.2314038993363885,0.2314038993363885,0.2846592256112285
2.5,WNT8B_FZD7_LRP6,0.5855775794042185,0.923077173224524,WNT8B,FZD7_LRP6,1,2,True,0.3374995938203055,0.3374995938203055,0.3656244608902424
2.5,WNT8B_FZD8_LRP5,0.737893668750688,0.9172887198333748,WNT8B,FZD8_LRP5,1,2,True,0.17939505108268683,0.17939505108268683,0.19557097694962813
2.5,WNT8B_FZD8_LRP6,0.737893668750688,1.007043624899777,WNT8B,FZD8_LRP6,1,2,True,0.269149956149089,0.269149956149089,0.26726742466184156
2.5,WNT9A_FZD10_LRP5,0.0071487828625952,0.0149245945946545,WNT9A,FZD10_LRP5,1,2,True,0.0077758117320593,0.0077758117320593,0.5210065628747022
2.5,WNT9A_FZD10_LRP6,0.0071487828625952,0.0170062262859731,WNT9A,FZD10_LRP6,1,2,True,0.0098574434233779,0.0098574434233779,0.5796373197449698
2.5,WNT9A_FZD2_LRP5,0.0313120263711679,0.0580626461942307,WNT9A,FZD2_LRP5,1,2,True,0.0267506198230628,0.0267506198230628,0.4607199563997969
2.5,WNT9A_FZD2_LRP6,0.039185750402365,0.065561664084024,WNT9A,FZD2_LRP6,1,2,True,0.026375913681659,0.026375913681659,0.40230695864973104
2.5,WNT9A_FZD3_LRP5,0.0313120263711679,0.0364381001796932,WNT9A,FZD3_LRP5,1,2,True,0.005126073808525297,0.005126073808525297,0.1406789537118084
2.5,WNT9A_FZD3_LRP6,0.0398016874937087,0.0425022875909908,WNT9A,FZD3_LRP6,1,2,True,0.0027006000972820965,0.0027006000972820965,0.06354011161165223
2.5,WNT9A_FZD4_LRP5,0.0017160217892857,0.0070288365291895,WNT9A,FZD4_LRP5,1,2,True,0.0053128147399038,0.0053128147399038,0.7558597668107134
2.5,WNT9A_FZD4_LRP6,0.0017160217892857,0.0084247991038436,WNT9A,FZD4_LRP6,1,2,True,0.0067087773145579005,0.0067087773145579005,0.7963130315472082
2.5,WNT9A_FZD5_LRP5,0.0062301670411628,0.0139295748061984,WNT9A,FZD5_LRP5,1,2,True,0.0076994077650356,0.0076994077650356,0.5527381755837593
2.5,WNT9A_FZD5_LRP6,0.0062301670411628,0.0157119346452879,WNT9A,FZD5_LRP6,1,2,True,0.0094817676041251,0.0094817676041251,0.6034754992421468
2.5,WNT9A_FZD6_LRP5,0.0146820428232019,0.0213814539520752,WNT9A,FZD6_LRP5,1,2,True,0.0066994111288733015,0.0066994111288733015,0.3133281367997466
2.5,WNT9A_FZD6_LRP6,0.0146820428232019,0.0245893929077056,WNT9A,FZD6_LRP6,1,2,True,0.0099073500845037,0.0099073500845037,0.4029115367626268
2.5,WNT9A_FZD7_LRP5,0.0171441314549682,0.0230554450693861,WNT9A,FZD7_LRP5,1,2,True,0.0059113136144179,0.0059113136144179,0.2563955541360235
2.5,WNT9A_FZD7_LRP6,0.0174002784105557,0.0269762914650639,WNT9A,FZD7_LRP6,1,2,True,0.009576013054508201,0.009576013054508201,0.3549788549293285
2.5,WNT9A_FZD8_LRP5,0.0200123821872008,0.0248886460719942,WNT9A,FZD8_LRP5,1,2,True,0.0048762638847934005,0.0048762638847934005,0.1959232282337924
2.5,WNT9A_FZD8_LRP6,0.0200123821872008,0.0277258460275057,WNT9A,FZD8_LRP6,1,2,True,0.007713463840304902,0.007713463840304902,0.2782048141164992
3.0,ADIPOQ_ADIPOR1,0.0005377933962929,0.0005377933745003,ADIPOQ,ADIPOR1,1,1,False,-2.1792600059591938e-11,2.1792600059591938e-11,4.052225298750781e-08
3.0,ADIPOQ_ADIPOR2,0.0034345177850678,0.0034345171662373,ADIPOQ,ADIPOR2,1,1,False,-6.188304998641647e-10,6.188304998641647e-10,1.8017973368914976e-07
3.0,ADM_CALCR,0.033928578459285,0.0339285792160543,ADM,CALCR,1,1,False,7.567693000032349e-10,7.567693000032349e-10,2.2304774248995e-08
3.0,ADM_CALCRL,0.0927977507483797,0.0927977550466105,ADM,CALCRL,1,1,False,4.298230799060221e-09,4.298230799060221e-09,4.631826273061566e-08
3.0,AGRN_DAG1,12.938425659164942,12.93842550770412,AGRN,DAG1,1,1,False,-1.5146082255057536e-07,1.5146082255057536e-07,1.1706279151767433e-08
3.0,AGT_AGTR1,0.0414172697957489,0.041417265475279,AGT,AGTR1,1,1,False,-4.320469898511092e-09,4.320469898511092e-09,1.0431566155417007e-07
3.0,ANGPT1_TEK,0.005573884321757,0.0055738846080478,ANGPT1,TEK,1,1,False,2.862908000944575e-10,2.862908000944575e-10,5.1362886070712565e-08
3.0,ANGPT2_ITGA5_ITGB1,0.0111259197428623,0.052110558215131,ANGPT2,ITGA5_ITGB1,1,2,True,0.0409846384722687,0.0409846384722687,0.7864939443379109
3.0,ANGPT2_TEK,0.0024492518184047,0.0024492518777889,ANGPT2,TEK,1,1,False,5.938420024817481e-11,5.938420024817481e-11,2.4245852697593853e-08
3.0,ANGPTL1_ITGA1_ITGB1,0.0031504502123602,0.0184802131864613,ANGPTL1,ITGA1_ITGB1,1,2,True,0.0153297629741011,0.0153297629741011,0.8295230590376395
3.0,ANGPTL2_ITGA5_ITGB1,0.1153521524496304,0.5928241048009998,ANGPTL2,ITGA5_ITGB1,1,2,True,0.4774719523513694,0.4774719523513694,0.8054192609317868
3.0,ANGPTL4_CDH5,0.075902327620341,0.0759023266313647,ANGPTL4,CDH5,1,1,False,-9.88976303628597e-10,9.88976303628597e-10,1.3029591247522718e-08
3.0,ANGPTL4_ITGA5_ITGB1,0.0548267104280685,0.2986990118060872,ANGPTL4,ITGA5_ITGB1,1,2,True,0.2438723013780187,0.2438723013780187,0.8164483032717178
3.0,ANGPTL4_SDC2,1.3074070216188274,1.3074069981743663,ANGPTL4,SDC2,1,1,False,-2.34444610391904e-08,2.34444610391904e-08,1.793202931567672e-08
3.0,ANGPTL4_SDC3,2.4840594643257363,2.484059375647572,ANGPTL4,SDC3,1,1,False,-8.867816436719522e-08,8.867816436719522e-08,3.5698889515620224e-08
3.0,ANGPTL4_SDC4,1.0627241944085717,1.0627242339919052,ANGPTL4,SDC4,1,1,False,3.958333349984855e-08,3.958333349984855e-08,3.7247041361955104e-08
3.0,BAG6_NCR3,0.1062635208057505,0.1062635078464292,BAG6,NCR3,1,1,False,-1.2959321296635018e-08,1.2959321296635018e-08,1.2195456350749596e-07
3.0,BMP5_BMPR1A_ACVR2A,0.0040400695557988,0.0053893629657263,BMP5,BMPR1A_ACVR2A,1,2,True,0.0013492934099275005,0.0013492934099275005,0.25036231898061856
3.0,BMP5_BMPR1A_BMPR2,0.0040400695557988,0.0067407233775618,BMP5,BMPR1A_BMPR2,1,2,True,0.0027006538217630004,0.0027006538217630004,0.4006474780960169
3.0,BMP6_BMPR1A_ACVR2A,0.0305497253701494,0.0462593066640132,BMP6,BMPR1A_ACVR2A,1,2,True,0.015709581293863798,0.015709581293863798,0.33959828684775456
3.0,BMP6_BMPR1A_BMPR2,0.0305497253701494,0.0554382708270818,BMP6,BMPR1A_BMPR2,1,2,True,0.024888545456932396,0.024888545456932396,0.44894159008967954
3.0,BMP7_BMPR1A_ACVR2A,0.2037424461223284,0.2832765408227012,BMP7,BMPR1A_ACVR2A,1,2,True,0.07953409470037281,0.07953409470037281,0.2807648472033273
3.0,BMP7_BMPR1A_BMPR2,0.2037424461223284,0.3571002413427471,BMP7,BMPR1A_BMPR2,1,2,True,0.1533577952204187,0.1533577952204187,0.429453070778591
3.0,BTC_ERBB2_ERBB4,0.0062547111235165,0.0077919598052322,BTC,ERBB2_ERBB4,1,2,True,0.0015372486817157001,0.0015372486817157001,0.1972865261295955
3.0,BTC_ERBB4,0.0093405922923152,0.0093405938821301,BTC,ERBB4,1,1,False,1.5898148995191486e-09,1.5898148995191486e-09,1.7020490555324254e-07
3.0,CALCB_CALCR,0.0137591901408562,0.0137591903122073,CALCB,CALCR,1,1,False,1.7135109997568065e-10,1.7135109997568065e-10,1.24535743810198e-08
3.0,CALCB_CALCRL,0.0212767441063101,0.021276745452116,CALCB,CALCRL,1,1,False,1.345805900748731e-09,1.345805900748731e-09,6.325243227529842e-08
3.0,CCK_CCKAR,0.916593312621986,0.9165932731026024,CCK,CCKAR,1,1,False,-3.9519383543407116e-08,3.9519383543407116e-08,4.31155049891853e-08
3.0,CCL19_ACKR4,0.0009761729130541,0.0009761727712295,CCL19,ACKR4,1,1,False,-1.4182459991563673e-10,1.4182459991563673e-10,1.4528635041912574e-07
3.0,CD34_SELP,0.0085887175952729,0.0085887171520678,CD34,SELP,1,1,False,-4.4320509935691366e-10,4.4320509935691366e-10,5.160317526342315e-08
3.0,CD40LG_ITGA5_ITGB1,0.0046258257879358,0.0240495746830085,CD40LG,ITGA5_ITGB1,1,2,True,0.0194237488950727,0.0194237488950727,0.8076545698247197
3.0,CD40LG_ITGAM_ITGB2,0.0014617430737493,0.0047953052996549,CD40LG,ITGAM_ITGB2,1,2,True,0.0033335622259056006,0.0033335622259056006,0.695172052162248
3.0,CDH15_CDH15,0.0002087847746569,0.0002087847261213,CDH15,CDH15,1,1,False,-4.8535600018217995e-11,4.8535600018217995e-11,2.3246714276928223e-07
3.0,CDH1_CDH1,0.0082812797573645,0.0082812806430073,CDH1,CDH1,1,1,False,8.856428004161421e-10,8.856428004161421e-10,1.069451499828082e-07
3.0,CDH1_ITGAE_ITGB7,0.0020298314131426,0.002529682740429,CDH1,ITGAE_ITGB7,1,2,True,0.0004998513272863997,0.0004998513272863997,0.19759447273677952
3.0,CDH2_CDH2,10.208432872734823,10.208433808399194,CDH2,CDH2,1,1,False,9.356643708713364e-07,9.356643708713364e-07,9.165601584265548e-08
3.0,CDH5_CDH5,0.0216338251197594,0.0216338256098943,CDH5,CDH5,1,1,False,4.901349014152512e-10,4.901349014152512e-10,2.2655951390820418e-08
3.0,CLDN11_CLDN11,0.0398634589521991,0.0398634570185501,CLDN11,CLDN11,1,1,False,-1.9336490048038613e-09,1.9336490048038613e-09,4.8506804367441625e-08
3.0,CNTN1_NRCAM,11.126979653214567,11.126978951817426,CNTN1,NRCAM,1,1,False,-7.013971412561659e-07,7.013971412561659e-07,6.303571706932469e-08
3.0,CNTN2_CNTN2,0.0936704572939606,0.0936704475964771,CNTN2,CNTN2,1,1,False,-9.69748351065114e-09,9.69748351065114e-09,1.0352766273167735e-07
3.0,CNTN2_L1CAM,1.288270221573832,1.2882701554882756,CNTN2,L1CAM,1,1,False,-6.608555636056224e-08,6.608555636056224e-08,5.129789950421113e-08
3.0,COL1A1_CD44,0.0071284991861811,0.0071284995019314,COL1A1,CD44,1,1,False,3.15750300038109e-10,3.15750300038109e-10,4.4294076187079684e-08
3.0,COL1A1_ITGA10_ITGB1,0.0030230591905719,0.0426012115968704,COL1A1,ITGA10_ITGB1,1,2,True,0.0395781524062985,0.0395781524062985,0.9290381874774195
3.0,COL1A1_ITGA1_ITGB1,0.0502351216439977,0.2601765861591616,COL1A1,ITGA1_ITGB1,1,2,True,0.2099414645151639,0.2099414645151639,0.8069191298664107
3.0,COL1A1_ITGA3_ITGB1,0.1648192169660509,0.4925819522377317,COL1A1,ITGA3_ITGB1,1,2,True,0.3277627352716808,0.3277627352716808,0.6653973694787233
3.0,COL1A1_ITGA9_ITGB1,0.0374844592507929,0.2123382676857772,COL1A1,ITGA9_ITGB1,1,2,True,0.17485380843498433,0.17485380843498433,0.8234681875324367
3.0,COL1A1_SDC4,0.879762711657484,0.8797627455071861,COL1A1,SDC4,1,1,False,3.384970215236649e-08,3.384970215236649e-08,3.847594402608174e-08
3.0,COL1A2_CD44,0.0245779941388988,0.0245779959472515,COL1A2,CD44,1,1,False,1.808352700222171e-09,1.808352700222171e-09,7.357608423824298e-08
3.0,COL1A2_ITGA10_ITGB1,0.0080701309830543,0.1082793114194907,COL1A2,ITGA10_ITGB1,1,2,True,0.1002091804364364,0.1002091804364364,0.9254693174784852
3.0,COL1A2_ITGA1_ITGB1,0.1592150912385202,1.0137160904611586,COL1A2,ITGA1_ITGB1,1,2,True,0.8545009992226384,0.8545009992226384,0.842939169322951
3.0,COL1A2_ITGA3_ITGB1,0.753163597425256,2.309040328483824,COL1A2,ITGA3_ITGB1,1,2,True,1.5558767310585682,1.5558767310585682,0.6738196435400491
3.0,COL1A2_ITGA9_ITGB1,0.1425808175208809,0.920026231602784,COL1A2,ITGA9_ITGB1,1,2,True,0.777445414081903,0.777445414081903,0.845025269255106
3.0,COL1A2_SDC4,3.659511322558601,3.6595114974979976,COL1A2,SDC4,1,1,False,1.749393967465096e-07,1.749393967465096e-07,4.780402981821901e-08
3.0,COL4A1_CD44,0.0044602554378552,0.0044602555632328,COL4A1,CD44,1,1,False,1.253775997953066e-10,1.253775997953066e-10,2.810995872721534e-08
3.0,COL4A1_ITGA10_ITGB1,0.0022780061591747,0.0313393971571464,COL4A1,ITGA10_ITGB1,1,2,True,0.029061390997971698,0.029061390997971698,0.9273117428598897
3.0,COL4A1_ITGA1_ITGB1,0.031078134723109,0.1681920924301939,COL4A1,ITGA1_ITGB1,1,2,True,0.1371139577070849,0.1371139577070849,0.815222378923625
3.0,COL4A1_ITGA3_ITGB1,0.1120602759734566,0.3346056114654184,COL4A1,ITGA3_ITGB1,1,2,True,0.22254533549196182,0.22254533549196182,0.6650974396912108
3.0,COL4A1_ITGA9_ITGB1,0.0260953756229455,0.1464664011438496,COL4A1,ITGA9_ITGB1,1,2,True,0.12037102552090409,0.12037102552090409,0.8218337078049979
3.0,COL4A1_SDC4,0.616289182130656,0.616289172258258,COL4A1,SDC4,1,1,False,-9.872398010202232e-09,9.872398010202232e-09,1.6019099955756228e-08
3.0,COL4A2_CD44,0.0038406390648878,0.0038406394517846,COL4A2,CD44,1,1,False,3.868968001877193e-10,3.868968001877193e-10,1.0073759983065919e-07
3.0,COL4A2_ITGA10_ITGB1,0.002099753741565,0.0283105574961003,COL4A2,ITGA10_ITGB1,1,2,True,0.0262108037545353,0.0262108037545353,0.9258314237770049
3.0,COL4A2_ITGA1_ITGB1,0.023714131982271,0.137248425826881,COL4A2,ITGA1_ITGB1,1,2,True,0.11353429384460999,0.11353429384460999,0.8272174573995993
3.0,COL4A2_ITGA3_ITGB1,0.0955297212061888,0.2887391229810373,COL4A2,ITGA3_ITGB1,1,2,True,0.19320940177484852,0.19320940177484852,0.6691486757322366
3.0,COL4A2_ITGA9_ITGB1,0.0230105462420949,0.1276426968085641,COL4A2,ITGA9_ITGB1,1,2,True,0.10463215056646921,0.10463215056646921,0.8197268874959165
3.0,COL4A2_SDC4,0.6014125359522781,0.6014125450344677,COL4A2,SDC4,1,1,False,9.08218966699792e-09,9.08218966699792e-09,1.5101430360880497e-08
3.0,COL6A1_CD44,0.0089545510173503,0.0089545513527504,COL6A1,CD44,1,1,False,3.354001000543949e-10,3.354001000543949e-10,3.745582406553249e-08
3.0,COL6A1_ITGA10_ITGB1,0.0049047680754371,0.0663944037959276,COL6A1,ITGA10_ITGB1,1,2,True,0.06148963572049051,0.06148963572049051,0.9261267848640892
3.0,COL6A1_ITGA1_ITGB1,0.0551620125801382,0.3061514813787832,COL6A1,ITGA1_ITGB1,1,2,True,0.250989468798645,0.250989468798645,0.8198211802480567
3.0,COL6A1_ITGA3_ITGB1,0.2021656470894379,0.6086502963310658,COL6A1,ITGA3_ITGB1,1,2,True,0.4064846492416279,0.4064846492416279,0.6678459727891547
3.0,COL6A1_ITGA9_ITGB1,0.0441074113372285,0.2559107811117386,COL6A1,ITGA9_ITGB1,1,2,True,0.2118033697745101,0.2118033697745101,0.8276453569262882
3.0,COL6A1_SDC4,1.223852426826339,1.2238524094479462,COL6A1,SDC4,1,1,False,-1.737839294690957e-08,1.737839294690957e-08,1.4199745464389648e-08
3.0,COL6A2_CD44,0.0078612397648925,0.0078612397536805,COL6A2,CD44,1,1,False,-1.1212000078364426e-11,1.1212000078364426e-11,1.4262381524649687e-09
3.0,COL6A2_ITGA10_ITGB1,0.0031090391867663,0.0433638711620946,COL6A2,ITGA10_ITGB1,1,2,True,0.0402548319753283,0.0402548319753283,0.9283034677613381
3.0,COL6A2_ITGA1_ITGB1,0.0510611902540353,0.2698595346728313,COL6A2,ITGA1_ITGB1,1,2,True,0.218798344418796,0.218798344418796,0.8107860435024459
3.0,COL6A2_ITGA3_ITGB1,0.1696074078914522,0.5118519073120206,COL6A2,ITGA3_ITGB1,1,2,True,0.34224449942056834,0.34224449942056834,0.6686396876351561
3.0,COL6A2_ITGA9_ITGB1,0.0363702689127088,0.2136851979455138,COL6A2,ITGA9_ITGB1,1,2,True,0.177314929032805,0.177314929032805,0.8297950945484646
3.0,COL6A2_SDC4,0.9300926270992848,0.9300926276638448,COL6A2,SDC4,1,1,False,5.645600653636507e-10,5.645600653636507e-10,6.069933774033683e-10
3.0,COL6A3_CD44,0.0036942336743588,0.0036942337597515,COL6A3,CD44,1,1,False,8.539269985563536e-11,8.539269985563536e-11,2.3115131691444308e-08
3.0,COL6A3_ITGA10_ITGB1,0.0013416679595014,0.0188890427319367,COL6A3,ITGA10_ITGB1,1,2,True,0.0175473747724353,0.0175473747724353,0.9289710982953641
3.0,COL6A3_ITGA1_ITGB1,0.0243990279527969,0.1291903956470159,COL6A3,ITGA1_ITGB1,1,2,True,0.104791367694219,0.104791367694219,0.811138995042156
3.0,COL6A3_ITGA3_ITGB1,0.0813904837504557,0.2460189427158597,COL6A3,ITGA3_ITGB1,1,2,True,0.164628458965404,0.164628458965404,0.669169849882422
3.0,COL6A3_ITGA9_ITGB1,0.0174121360656958,0.1029944478959543,COL6A3,ITGA9_ITGB1,1,2,True,0.0855823118302585,0.0855823118302585,0.8309410223424308
3.0,COL6A3_SDC4,0.4278653593115945,0.4278653737755414,COL6A3,SDC4,1,1,False,1.4463946929055282e-08,1.4463946929055282e-08,3.3804901764831955e-08
3.0,COL6A6_CD44,0.0015457533427281,0.0015457531221467,COL6A6,CD44,1,1,False,-2.2058139993383352e-10,2.2058139993383352e-10,1.4270155129959443e-07
3.0,COL6A6_ITGA10_ITGB1,0.0004995242824036,0.0070722448660694,COL6A6,ITGA10_ITGB1,1,2,True,0.0065727205836658,0.0065727205836658,0.9293683558950039
3.0,COL6A6_ITGA1_ITGB1,0.0096445737168077,0.050540273032441,COL6A6,ITGA1_ITGB1,1,2,True,0.0408956993156333,0.0408956993156333,0.8091705260354054
3.0,COL6A6_ITGA3_ITGB1,0.0307026695674034,0.0933488327109202,COL6A6,ITGA3_ITGB1,1,2,True,0.0626461631435168,0.0626461631435168,0.6710974451873171
3.0,COL6A6_ITGA9_ITGB1,0.0061182719378199,0.0377363334599006,COL6A6,ITGA9_ITGB1,1,2,True,0.0316180615220807,0.0316180615220807,0.8378678748871747
3.0,COL6A6_SDC4,0.1585415501147086,0.1585415310171475,COL6A6,SDC4,1,1,False,-1.909756111584393e-08,1.909756111584393e-08,1.2045776707762973e-07
3.0,COL9A2_CD44,0.0014737711725337,0.0014737712385951,COL9A2,CD44,1,1,False,6.606140005686878e-11,6.606140005686878e-11,4.482473149621446e-08
3.0,COL9A2_ITGA10_ITGB1,0.0011534688851176,0.0153907637535001,COL9A2,ITGA10_ITGB1,1,2,True,0.014237294868382499,0.014237294868382499,0.9250544739954647
3.0,COL9A2_ITGA1_ITGB1,0.0073850926481713,0.043397220655168,COL9A2,ITGA1_ITGB1,1,2,True,0.036012128006996706,0.036012128006996706,0.8298256769286483
3.0,COL9A2_ITGA3_ITGB1,0.0284914305243102,0.0863900815496084,COL9A2,ITGA3_ITGB1,1,2,True,0.05789865102529819,0.05789865102529819,0.6702002126488402
3.0,COL9A2_ITGA9_ITGB1,0.0058343475100707,0.0349626013278656,COL9A2,ITGA9_ITGB1,1,2,True,0.029128253817794898,0.029128253817794898,0.8331260464472173
3.0,COL9A2_SDC4,0.2141011372304817,0.21410111955302,COL9A2,SDC4,1,1,False,-1.767746168890305e-08,1.767746168890305e-08,8.256594017935137e-08
3.0,COMP_ITGA3_ITGB1,0.0390430023704622,0.1205371198196074,COMP,ITGA3_ITGB1,1,2,True,0.0814941174491452,0.0814941174491452,0.6760914610462495
3.0,COMP_SDC4,0.2731189908734219,0.2731190132917545,COMP,SDC4,1,1,False,2.2418332579210443e-08,2.2418332579210443e-08,8.208265074267262e-08
3.0,CSPG4_ITGA3_ITGB1,0.0296931445723476,0.0891800971374373,CSPG4,ITGA3_ITGB1,1,2,True,0.05948695256508969,0.05948695256508969,0.6670429218462626
3.0,CXCL12_ACKR3,0.1078757116497932,0.1078757208151648,CXCL12,ACKR3,1,1,False,9.1653716005613e-09,9.1653716005613e-09,8.496232081976377e-08
3.0,CXCL12_CXCR4,0.7180405062632282,0.7180404949014729,CXCL12,CXCR4,1,1,False,-1.1361755314354127e-08,1.1361755314354127e-08,1.582327907026041e-08
3.0,DLL1_NOTCH3,0.0534826714415254,0.0534826617890004,DLL1,NOTCH3,1,1,False,-9.652525001513368e-09,9.652525001513368e-09,1.8047948506212584e-07
3.0,DLL4_NOTCH3,0.0144920512516103,0.0144920494210824,DLL4,NOTCH3,1,1,False,-1.8305278993990814e-09,1.8305278993990814e-09,1.2631254662418342e-07
3.0,EDN1_EDNRA,0.0026652089644481,0.0026652089625445,EDN1,EDNRA,1,1,False,-1.9036001074057562e-12,1.9036001074057562e-12,7.142404714971178e-10
3.0,EDN1_EDNRB,0.0958517762145149,0.0958517756342891,EDN1,EDNRB,1,1,False,-5.802258118414727e-10,5.802258118414727e-10,6.053365255777166e-09
3.0,EDN2_EDNRA,0.0086727006075042,0.0086727008117394,EDN2,EDNRA,1,1,False,2.0423519993262307e-10,2.0423519993262307e-10,2.3549203917673437e-08
3.0,EDN2_EDNRB,0.1879042413493585,0.1879042358332274,EDN2,EDNRB,1,1,False,-5.516131079685849e-09,5.516131079685849e-09,2.9356075414125723e-08
3.0,EFNA1_EPHA2,0.0732562173206639,0.0732562151420729,EFNA1,EPHA2,1,1,False,-2.1785910020444277e-09,2.1785910020444277e-09,2.9739332465230867e-08
3.0,EFNA1_EPHA3,0.286900428239584,0.2869004361058126,EFNA1,EPHA3,1,1,False,7.866228612929405e-09,7.866228612929405e-09,2.7417973704397707e-08
3.0,EFNA1_EPHA4,0.5090964280330126,0.5090963834271703,EFNA1,EPHA4,1,1,False,-4.460584224208475e-08,4.460584224208475e-08,8.761766884601332e-08
3.0,EFNA1_EPHA5,1.1787565580020132,1.178756477828583,EFNA1,EPHA5,1,1,False,-8.017343011701428e-08,8.017343011701428e-08,6.801525690165225e-08
3.0,EFNA1_EPHA8,0.0455707001262745,0.0455706928877949,EFNA1,EPHA8,1,1,False,-7.2384796004354435e-09,7.2384796004354435e-09,1.588406493729067e-07
3.0,EFNA3_EPHA2,0.1036122608393758,0.1036122633797194,EFNA3,EPHA2,1,1,False,2.540343602142059e-09,2.540343602142059e-09,2.4517788911069135e-08
3.0,EFNA3_EPHA3,0.4199430903812036,0.4199431203183295,EFNA3,EPHA3,1,1,False,2.9937125889389904e-08,2.9937125889389904e-08,7.128852561436574e-08
3.0,EFNA3_EPHA4,0.6750330631279755,0.675033045754112,EFNA3,EPHA4,1,1,False,-1.7373863459013705e-08,1.7373863459013705e-08,2.5737796276980137e-08
3.0,EFNA3_EPHA5,1.6249277821243484,1.6249277770003985,EFNA3,EPHA5,1,1,False,-5.123949931018501e-09,5.123949931018501e-09,3.153340097564033e-09
3.0,EFNA3_EPHA8,0.0674440384053237,0.0674440324657605,EFNA3,EPHA8,1,1,False,-5.9395632023839795e-09,5.9395632023839795e-09,8.80665414293332e-08
3.0,EFNA5_EPHA2,0.2685778023734844,0.2685778019660441,EFNA5,EPHA2,1,1,False,-4.0744030371797635e-10,4.0744030371797635e-10,1.5170289581541432e-09
3.0,EFNA5_EPHA3,1.1364837225362523,1.136483785000293,EFNA5,EPHA3,1,1,False,6.246404060661348e-08,6.246404060661348e-08,5.4962544500005674e-08
3.0,EFNA5_EPHA4,1.6232674460193277,1.6232674240198104,EFNA5,EPHA4,1,1,False,-2.1999517318960216e-08,2.1999517318960216e-08,1.3552614125853833e-08
3.0,EFNA5_EPHA5,3.919014516718888,3.919014460972098,EFNA5,EPHA5,1,1,False,-5.574678985098558e-08,5.574678985098558e-08,1.422469593137879e-08
3.0,EFNA5_EPHA8,0.1786397126983719,0.178639694288425,EFNA5,EPHA8,1,1,False,-1.840994690027742e-08,1.840994690027742e-08,1.0305629483048987e-07
3.0,EFNA5_EPHB2,1.776482887019039,1.7764828910294734,EFNA5,EPHB2,1,1,False,4.010434428991516e-09,4.010434428991516e-09,2.257513680116258e-09
3.0,EFNB1_EPHA4,2.522888149426908,2.522888132593682,EFNB1,EPHA4,1,1,False,-1.6833226368362375e-08,1.6833226368362375e-08,6.672204779346306e-09
3.0,EFNB1_EPHB1,1.1118121400138976,1.1118120231059354,EFNB1,EPHB1,1,1,False,-1.1690796219987476e-07,1.1690796219987476e-07,1.051508235900477e-07
3.0,EFNB1_EPHB2,2.780744598057792,2.7807445984720784,EFNB1,EPHB2,1,1,False,4.142863829770249e-10,4.142863829770249e-10,1.4898397472556837e-10
3.0,EFNB1_EPHB3,0.1695771963167,0.1695771960523131,EFNB1,EPHB3,1,1,False,-2.6438690126084907e-10,2.6438690126084907e-10,1.5590946601516149e-09
3.0,EFNB2_EPHA4,1.1745377766686291,1.1745378497250951,EFNB2,EPHA4,1,1,False,7.305646598787519e-08,7.305646598787519e-08,6.220018027088213e-08
3.0,EFNB2_EPHB1,0.5192887565243618,0.5192887455130313,EFNB2,EPHB1,1,1,False,-1.1011330514065776e-08,1.1011330514065776e-08,2.1204638798200503e-08
3.0,EFNB2_EPHB2,1.2477369312451758,1.247737043187861,EFNB2,EPHB2,1,1,False,1.1194268512149108e-07,1.1194268512149108e-07,8.97165678719349e-08
3.0,EFNB2_EPHB3,0.0805376835931267,0.0805376897686352,EFNB2,EPHB3,1,1,False,6.175508507344496e-09,6.175508507344496e-09,7.667849084180585e-08
3.0,EFNB3_EPHA4,0.8476745050314749,0.8476745522092811,EFNB3,EPHA4,1,1,False,4.717780621721346e-08,4.717780621721346e-08,5.5655565091879506e-08
3.0,EFNB3_EPHB1,0.4167321970915072,0.4167321806215708,EFNB3,EPHB1,1,1,False,-1.646993641468697e-08,1.646993641468697e-08,3.952163170888967e-08
3.0,EFNB3_EPHB2,0.9646716479478074,0.9646717052848764,EFNB3,EPHB2,1,1,False,5.733706909261116e-08,5.733706909261116e-08,5.9436872439084334e-08
3.0,EFNB3_EPHB3,0.0665729446514087,0.0665729480951416,EFNB3,EPHB3,1,1,False,3.4437328960690294e-09,3.4437328960690294e-09,5.1728712556750184e-08
3.0,ESAM_ESAM,0.0111827471549864,0.0111827463148543,ESAM,ESAM,1,1,False,-8.401321010403917e-10,8.401321010403917e-10,7.51275236215795e-08
3.0,FGF10_FGFR1,0.1291532231072695,0.1291532083789661,FGF10,FGFR1,1,1,False,-1.4728303410205257e-08,1.4728303410205257e-08,1.1403744371112222e-07
3.0,FGF17_FGFR1,0.5330882686765,0.5330882426505315,FGF17,FGFR1,1,1,False,-2.602596860246109e-08,2.602596860246109e-08,4.8821124252229085e-08
3.0,FGF17_FGFR3,0.1443448710617151,0.1443448798838115,FGF17,FGFR3,1,1,False,8.82209641450693e-09,8.82209641450693e-09,6.111818044123325e-08
3.0,FGF17_FGFR4,0.0726935044543236,0.0726935019449544,FGF17,FGFR4,1,1,False,-2.5093691985444977e-09,2.5093691985444977e-09,3.4519854523195265e-08
3.0,FGF18_FGFR1,0.0243460110146245,0.0243460041202898,FGF18,FGFR1,1,1,False,-6.894334700358051e-09,6.894334700358051e-09,2.831812856823513e-07
3.0,FGF18_FGFR3,0.0046427099890169,0.0046427091788782,FGF18,FGFR3,1,1,False,-8.101387000483684e-10,8.101387000483684e-10,1.7449694294170556e-07
3.0,FGF18_FGFR4,0.0031282254962056,0.0031282246786981,FGF18,FGFR4,1,1,False,-8.175075000629861e-10,8.175075000629861e-10,2.613326632158029e-07
3.0,FGF2_FGFR1,0.7287724996982531,0.728772486742754,FGF2,FGFR1,1,1,False,-1.2955499117950353e-08,1.2955499117950353e-08,1.7777151475000158e-08
3.0,FGF2_FGFR3,0.1916675030914408,0.1916675172272441,FGF2,FGFR3,1,1,False,1.4135803305670436e-08,1.4135803305670436e-08,7.37516899585588e-08
3.0,FGF2_FGFR4,0.1066601251392064,0.1066601205488505,FGF2,FGFR4,1,1,False,-4.5903559009463635e-09,4.5903559009463635e-09,4.303722590757611e-08
3.0,FGF7_FGFR1,0.1441899548708756,0.1441899385182182,FGF7,FGFR1,1,1,False,-1.6352657394858028e-08,1.6352657394858028e-08,1.134105174628988e-07
3.0,FGF8_FGFR1,0.0048986491199555,0.0048986493395257,FGF8,FGFR1,1,1,False,2.1957019969570668e-10,2.1957019969570668e-10,4.482259996118972e-08
3.0,FGF8_FGFR3,0.0015486266662793,0.0015486269033577,FGF8,FGFR3,1,1,False,2.3707840009733194e-10,2.3707840009733194e-10,1.5308942365866404e-07
3.0,FGF8_FGFR4,0.0010225914556638,0.0010225915473705,FGF8,FGFR4,1,1,False,9.170669995964276e-11,9.170669995964276e-11,8.968067474785811e-08
3.0,FGF9_FGFR1,0.2094083649206402,0.2094083566737214,FGF9,FGFR1,1,1,False,-8.246918786758428e-09,8.246918786758428e-09,3.938199312087545e-08
3.0,FGF9_FGFR3,0.0644369888611627,0.0644369942921225,FGF9,FGFR3,1,1,False,5.430959806873581e-09,5.430959806873581e-09,8.428325787904607e-08
3.0,FGF9_FGFR4,0.0391859345847141,0.0391859349972213,FGF9,FGFR4,1,1,False,4.1250719506891187e-10,4.1250719506891187e-10,1.0526919801662588e-08
3.0,FN1_CD44,0.0056670864794664,0.0056670867326447,FN1,CD44,1,1,False,2.531783003731358e-10,2.531783003731358e-10,4.4675211853513185e-08
3.0,FN1_ITGA3_ITGB1,0.1454733552936877,0.4416577203340646,FN1,ITGA3_ITGB1,1,2,True,0.2961843650403769,0.2961843650403769,0.6706196934955571
3.0,FN1_ITGA4_ITGB1,0.0086847250930037,0.0983050482887847,FN1,ITGA4_ITGB1,1,2,True,0.089620323195781,0.089620323195781,0.9116553499115212
3.0,FN1_ITGA4_ITGB7,0.0043523294647405,0.0074943141804299,FN1,ITGA4_ITGB7,1,2,True,0.0031419847156894005,0.0031419847156894005,0.4192491320812447
3.0,FN1_ITGA5_ITGB1,0.0475856722765163,0.2398285650481064,FN1,ITGA5_ITGB1,1,2,True,0.1922428927715901,0.1922428927715901,0.8015846349788598
3.0,FN1_ITGA8_ITGB1,0.0541278717230073,0.1999793434998197,FN1,ITGA8_ITGB1,1,2,True,0.1458514717768124,0.1458514717768124,0.7293326861878807
3.0,FN1_SDC4,0.8851424881085054,0.8851424689938089,FN1,SDC4,1,1,False,-1.9114696492295025e-08,1.9114696492295025e-08,2.159505023099947e-08
3.0,GAL_GALR1,0.2275823769221522,0.2275823758746533,GAL,GALR1,1,1,False,-1.0474988931807871e-09,1.0474988931807871e-09,4.602724109604933e-09
3.0,GAL_GALR2,0.0211014419128551,0.0211014409282742,GAL,GALR2,1,1,False,-9.845808994490834e-10,9.845808994490834e-10,4.6659413300532415e-08
3.0,GAS6_AXL,0.3253346682803283,0.325334677563129,GAS6,AXL,1,1,False,9.282800694787596e-09,9.282800694787596e-09,2.8533080962407802e-08
3.0,GAS6_MERTK,0.0025165432652301,0.0025165430906391,GAS6,MERTK,1,1,False,-1.745910000773565e-10,1.745910000773565e-10,6.93773091405177e-08
3.0,GAS6_TYRO3,0.2394379639272095,0.2394379508759745,GAS6,TYRO3,1,1,False,-1.3051235009386986e-08,1.3051235009386986e-08,5.450779314743352e-08
3.0,GDF10_ACVR1B_ACVR2A,0.2660817996349548,0.3767995769546134,GDF10,ACVR1B_ACVR2A,1,2,True,0.1107177773196586,0.1107177773196586,0.293837318540819
3.0,GDF5_BMPR1A_ACVR2A,0.0047994768277498,0.0065743984841286,GDF5,BMPR1A_ACVR2A,1,2,True,0.0017749216563787999,0.0017749216563787999,0.26997476052960245
3.0,GDF5_BMPR1A_BMPR2,0.0047994768277498,0.0080815181517956,GDF5,BMPR1A_BMPR2,1,2,True,0.0032820413240458,0.0032820413240458,0.4061169278344783
3.0,GDNF_GFRA1_RET,0.000464254750871,0.000921937340996,GDNF,GFRA1_RET,1,2,True,0.000457682590125,0.000457682590125,0.49643567927355026
3.0,GRN_SORT1,7.0505487975273695,7.0505490999773,GRN,SORT1,1,1,False,3.024499308779127e-07,3.024499308779127e-07,4.289735828928366e-08
3.0,HBEGF_ERBB2_ERBB4,0.0571633898879887,0.0712122228614258,HBEGF,ERBB2_ERBB4,1,2,True,0.014048832973437099,0.014048832973437099,0.19728120270554095
3.0,HBEGF_ERBB4,0.0856930938932283,0.0856930929305861,HBEGF,ERBB4,1,1,False,-9.626421881847591e-10,9.626421881847591e-10,1.1233602901351538e-08
3.0,HSPG2_DAG1,2.342108590520453,2.3421085140297,HSPG2,DAG1,1,1,False,-7.649075284277274e-08,7.649075284277274e-08,3.265892672626904e-08
3.0,IHH_PTCH1_SMO,0.0046061361473906,0.006354733701245,IHH,PTCH1_SMO,1,2,True,0.0017485975538544,0.0017485975538544,0.27516456803088696
3.0,IHH_PTCH2_SMO,0.0026230877177107,0.0034824567732941,IHH,PTCH2_SMO,1,2,True,0.0008593690555833999,0.0008593690555833999,0.24677091821315325
3.0,INHBB_ACVR1B_ACVR2A,0.1321509259137701,0.1851096523953455,INHBB,ACVR1B_ACVR2A,1,2,True,0.0529587264815754,0.0529587264815754,0.28609381410575774
3.0,INHBB_ACVR1C_ACVR2A,0.0048070009375262,0.0338355853531614,INHBB,ACVR1C_ACVR2A,1,2,True,0.029028584415635196,0.029028584415635196,0.8579306110016193
3.0,JAG1_NOTCH3,0.0570955178309194,0.0570955144811825,JAG1,NOTCH3,1,1,False,-3.349736904523226e-09,3.349736904523226e-09,5.866899945531654e-08
3.0,JAG2_NOTCH3,0.0196340622494778,0.0196340616533768,JAG2,NOTCH3,1,1,False,-5.961010018928903e-10,5.961010018928903e-10,3.036055373150019e-08
3.0,JAM2_ITGA3_ITGB1,0.5333987787086749,1.631585046360977,JAM2,ITGA3_ITGB1,1,2,True,1.098186267652302,1.098186267652302,0.6730793899476177
3.0,JAM2_JAM2,4.355233155739754,4.355233748753804,JAM2,JAM2,1,1,False,5.930140503096482e-07,5.930140503096482e-07,1.3616124518674383e-07
3.0,JAM2_JAM3,0.7760106976768149,0.7760107294854793,JAM2,JAM3,1,1,False,3.180866448015962e-08,3.180866448015962e-08,4.0989980256136164e-08
3.0,JAM3_ITGAM_ITGB2,0.0149698633555835,0.0493005963099859,JAM3,ITGAM_ITGB2,1,2,True,0.0343307329544024,0.0343307329544024,0.6963553288187848
3.0,JAM3_JAM2,0.8507961164803075,0.850796157824057,JAM3,JAM2,1,1,False,4.134374953501663e-08,4.134374953501663e-08,4.859418928354685e-08
3.0,JAM3_JAM3,0.191276188985597,0.1912761730388922,JAM3,JAM3,1,1,False,-1.5946704817748625e-08,1.5946704817748625e-08,8.337004674925536e-08
3.0,L1CAM_ITGA4_ITGB7,0.0370531155938301,0.0638128429617061,L1CAM,ITGA4_ITGB7,1,2,True,0.026759727367875998,0.026759727367875998,0.4193470487427497
3.0,L1CAM_L1CAM,19.916869987365224,19.91686996407719,L1CAM,L1CAM,1,1,False,-2.3288034611823605e-08,2.3288034611823605e-08,1.1692617678679916e-09
3.0,LAMA1_CD44,0.0026151403396958,0.0026151404797254,LAMA1,CD44,1,1,False,1.400296003283008e-10,1.400296003283008e-10,5.3545727816122694e-08
3.0,LAMA1_DAG1,0.7589759547289681,0.7589758702231977,LAMA1,DAG1,1,1,False,-8.450577038132678e-08,8.450577038132678e-08,1.1134182822893774e-07
3.0,LAMA1_ITGA1_ITGB1,0.0154336571369651,0.1005025423881665,LAMA1,ITGA1_ITGB1,1,2,True,0.0850688852512014,0.0850688852512014,0.8464351570594466
3.0,LAMA1_ITGA3_ITGB1,0.0743793056309505,0.2276214610883371,LAMA1,ITGA3_ITGB1,1,2,True,0.15324215545738662,0.15324215545738662,0.6732324567493889
3.0,LAMA1_ITGA6_ITGB1,0.1805324650093854,0.3487066610445575,LAMA1,ITGA6_ITGB1,1,2,True,0.16817419603517209,0.16817419603517209,0.482279849577301
3.0,LAMA1_ITGA6_ITGB4,0.1627019137106852,0.1825424401701254,LAMA1,ITGA6_ITGB4,1,2,True,0.019840526459440178,0.019840526459440178,0.10868993775337538
3.0,LAMA1_ITGA7_ITGB1,0.0309198396802725,0.1407847962881126,LAMA1,ITGA7_ITGB1,1,2,True,0.10986495660784011,0.10986495660784011,0.7803751506164358
3.0,LAMA1_ITGA9_ITGB1,0.0140845705916042,0.0906757039425775,LAMA1,ITGA9_ITGB1,1,2,True,0.0765911333509733,0.0765911333509733,0.8446709539688428
3.0,LAMA1_SV2A,0.3925234383435047,0.392523418893227,LAMA1,SV2A,1,1,False,-1.945027772176644e-08,1.945027772176644e-08,4.9551888681727926e-08
3.0,LAMA1_SV2B,0.3695291369572008,0.3695290935012177,LAMA1,SV2B,1,1,False,-4.34559830897463e-08,4.34559830897463e-08,1.1759825882087185e-07
3.0,LAMA2_CD44,0.0030461617208453,0.0030461617850561,LAMA2,CD44,1,1,False,6.421079987162237e-11,6.421079987162237e-11,2.1079248051311177e-08
3.0,LAMA2_DAG1,0.65822606088577,0.6582260405323455,LAMA2,DAG1,1,1,False,-2.035342450135147e-08,2.035342450135147e-08,3.092163271986225e-08
3.0,LAMA2_ITGA1_ITGB1,0.0197249843855855,0.1068017539393657,LAMA2,ITGA1_ITGB1,1,2,True,0.0870767695537802,0.0870767695537802,0.8153121680306494
3.0,LAMA2_ITGA3_ITGB1,0.0686095865983799,0.2074716865182022,LAMA2,ITGA3_ITGB1,1,2,True,0.1388620999198223,0.1388620999198223,0.6693062665571934
3.0,LAMA2_ITGA6_ITGB1,0.1329125827127247,0.2774662617437055,LAMA2,ITGA6_ITGB1,1,2,True,0.1445536790309808,0.1445536790309808,0.5209774987508372
3.0,LAMA2_ITGA6_ITGB4,0.1160047120100447,0.1315722617591156,LAMA2,ITGA6_ITGB4,1,2,True,0.015567549749070902,0.015567549749070902,0.1183193899757701
3.0,LAMA2_ITGA7_ITGB1,0.0293548260711403,0.1309326901298808,LAMA2,ITGA7_ITGB1,1,2,True,0.10157786405874049,0.10157786405874049,0.7758021618434532
3.0,LAMA2_ITGA9_ITGB1,0.0143769386585303,0.086653200687025,LAMA2,ITGA9_ITGB1,1,2,True,0.0722762620284947,0.0722762620284947,0.8340864671524703
3.0,LAMA2_SV2A,0.4240866591875188,0.4240866508469603,LAMA2,SV2A,1,1,False,-8.340558521613417e-09,8.340558521613417e-09,1.966710892908674e-08
3.0,LAMA2_SV2B,0.4038632055671847,0.4038631843318065,LAMA2,SV2B,1,1,False,-2.1235378178108277e-08,2.1235378178108277e-08,5.258062107511219e-08
3.0,LAMA3_CD44,0.0001040257822031,0.0001040257939063,LAMA3,CD44,1,1,False,1.1703200000355747e-11,1.1703200000355747e-11,1.125028664611516e-07
3.0,LAMA3_DAG1,0.027727192632501,0.0277271922175928,LAMA3,DAG1,1,1,False,-4.149082015458827e-10,4.149082015458827e-10,1.496394557664448e-08
3.0,LAMA3_ITGA1_ITGB1,0.000647678842259,0.0038883220939985,LAMA3,ITGA1_ITGB1,1,2,True,0.0032406432517395,0.0032406432517395,0.8334297348312087
3.0,LAMA3_ITGA3_ITGB1,0.0027193936462444,0.0082619022714328,LAMA3,ITGA3_ITGB1,1,2,True,0.005542508625188399,0.005542508625188399,0.6708513902848676
3.0,LAMA3_ITGA6_ITGB1,0.006372557279432,0.012390882052473,LAMA3,ITGA6_ITGB1,1,2,True,0.006018324773041,0.006018324773041,0.48570592049496986
3.0,LAMA3_ITGA6_ITGB4,0.0055944717073206,0.0062724924042899,LAMA3,ITGA6_ITGB4,1,2,True,0.0006780206969693005,0.0006780206969693005,0.10809430339135791
3.0,LAMA3_ITGA7_ITGB1,0.0010711036489802,0.0050040727011961,LAMA3,ITGA7_ITGB1,1,2,True,0.003932969052215901,0.003932969052215901,0.7859536195938602
3.0,LAMA3_ITGA9_ITGB1,0.0004708258903075,0.0031406530130757,LAMA3,ITGA9_ITGB1,1,2,True,0.0026698271227682,0.0026698271227682,0.8500866258235859
3.0,LAMA3_SV2A,0.0148653916767888,0.0148653916808872,LAMA3,SV2A,1,1,False,4.098398703744621e-12,4.098398703744621e-12,2.757006873228933e-10
3.0,LAMA3_SV2B,0.0150421152093298,0.0150421142262426,LAMA3,SV2B,1,1,False,-9.830872001875823e-10,9.830872001875823e-10,6.535564889024564e-08
3.0,LAMA4_CD44,0.0021656424016436,0.0021656425079715,LAMA4,CD44,1,1,False,1.0632790004364012e-10,1.0632790004364012e-10,4.9097623292975835e-08
3.0,LAMA4_DAG1,0.552608587205156,0.5526085442960654,LAMA4,DAG1,1,1,False,-4.290909061399617e-08,4.290909061399617e-08,7.764825159704976e-08
3.0,LAMA4_ITGA1_ITGB1,0.0130246024807827,0.0759112730830882,LAMA4,ITGA1_ITGB1,1,2,True,0.0628866706023055,0.0628866706023055,0.8284233427816879
3.0,LAMA4_ITGA3_ITGB1,0.0527022527117822,0.1591240873300974,LAMA4,ITGA3_ITGB1,1,2,True,0.1064218346183152,0.1064218346183152,0.6687977691117675
3.0,LAMA4_ITGA6_ITGB1,0.1315121206078618,0.2451133851851419,LAMA4,ITGA6_ITGB1,1,2,True,0.11360126457728009,0.11360126457728009,0.4634641412645559
3.0,LAMA4_ITGA6_ITGB4,0.1116953699036217,0.1298912380273525,LAMA4,ITGA6_ITGB4,1,2,True,0.018195868123730807,0.018195868123730807,0.14008541607632627
3.0,LAMA4_ITGA7_ITGB1,0.0267218531301589,0.1099432251603184,LAMA4,ITGA7_ITGB1,1,2,True,0.0832213720301595,0.0832213720301595,0.7569486151493802
3.0,LAMA4_ITGA9_ITGB1,0.0125302827017204,0.0699106800067429,LAMA4,ITGA9_ITGB1,1,2,True,0.0573803973050225,0.0573803973050225,0.8207672604455878
3.0,LAMA4_SV2A,0.354304927410451,0.3543049065418504,LAMA4,SV2A,1,1,False,-2.0868600625334466e-08,2.0868600625334466e-08,5.890011402849855e-08
3.0,LAMA4_SV2B,0.3351054217691357,0.3351053853714084,LAMA4,SV2B,1,1,False,-3.639772733210478e-08,3.639772733210478e-08,1.086157518429537e-07
3.0,LAMA5_CD44,0.0097495508416387,0.009749552859725,LAMA5,CD44,1,1,False,2.0180862987662085e-09,2.0180862987662085e-09,2.0699270292721214e-07
3.0,LAMA5_DAG1,2.560050295424058,2.5600504622995848,LAMA5,DAG1,1,1,False,1.668755267303368e-07,1.668755267303368e-07,6.518446772351495e-08
3.0,LAMA5_ITGA1_ITGB1,0.0539217520719675,0.3344186211080636,LAMA5,ITGA1_ITGB1,1,2,True,0.2804968690360961,0.2804968690360961,0.8387597200978133
3.0,LAMA5_ITGA3_ITGB1,0.2352306462721709,0.7188369983762468,LAMA5,ITGA3_ITGB1,1,2,True,0.4836063521040759,0.4836063521040759,0.6727621883632529
3.0,LAMA5_ITGA6_ITGB1,0.6150331992037128,1.1388825280915928,LAMA5,ITGA6_ITGB1,1,2,True,0.52384932888788,0.52384932888788,0.45996783335124647
3.0,LAMA5_ITGA6_ITGB4,0.5385323228859931,0.618187660543407,LAMA5,ITGA6_ITGB4,1,2,True,0.07965533765741395,0.07965533765741395,0.1288530049069474
3.0,LAMA5_ITGA7_ITGB1,0.1074634547196672,0.4686644891440196,LAMA5,ITGA7_ITGB1,1,2,True,0.36120103442435236,0.36120103442435236,0.7707028008118534
3.0,LAMA5_ITGA9_ITGB1,0.0460375089082778,0.288775280360495,LAMA5,ITGA9_ITGB1,1,2,True,0.2427377714522172,0.2427377714522172,0.8405766973862635
3.0,LAMA5_SV2A,1.3980902982056151,1.398090411036916,LAMA5,SV2A,1,1,False,1.128313007470183e-07,1.128313007470183e-07,8.070386568443394e-08
3.0,LAMA5_SV2B,1.3464078978461358,1.3464079336419643,LAMA5,SV2B,1,1,False,3.579582852353269e-08,3.579582852353269e-08,2.658616874508962e-08
3.0,LAMB3_CD44,0.0005711413644226,0.0005711413760282,LAMB3,CD44,1,1,False,1.1605599944605749e-11,1.1605599944605749e-11,2.032001257781878e-08
3.0,LAMB3_DAG1,0.1348294806010861,0.134829463575704,LAMB3,DAG1,1,1,False,-1.702538210412996e-08,1.702538210412996e-08,1.26273438332839e-07
3.0,LAMB3_ITGA1_ITGB1,0.0026566515315361,0.0169081176435976,LAMB3,ITGA1_ITGB1,1,2,True,0.0142514661120615,0.0142514661120615,0.8428771559593411
3.0,LAMB3_ITGA3_ITGB1,0.0114343450799486,0.036026964780435,LAMB3,ITGA3_ITGB1,1,2,True,0.0245926197004864,0.0245926197004864,0.6826170300597124
3.0,LAMB3_ITGA6_ITGB1,0.0332007571035057,0.0600093791287822,LAMB3,ITGA6_ITGB1,1,2,True,0.0268086220252765,0.0268086220252765,0.44674053313806616
3.0,LAMB3_ITGA6_ITGB4,0.0266645026741198,0.0303266719696909,LAMB3,ITGA6_ITGB4,1,2,True,0.0036621692955710987,0.0036621692955710987,0.12075737486893208
3.0,LAMB3_ITGA7_ITGB1,0.0047584959365513,0.0226664823408066,LAMB3,ITGA7_ITGB1,1,2,True,0.0179079864042553,0.0179079864042553,0.7900646485412273
3.0,LAMB3_ITGA9_ITGB1,0.001655506080316,0.0122404444506034,LAMB3,ITGA9_ITGB1,1,2,True,0.0105849383702874,0.0105849383702874,0.8647511463332207
3.0,LAMB3_SV2A,0.0717330658075529,0.0717330599235057,LAMB3,SV2A,1,1,False,-5.884047193926989e-09,5.884047193926989e-09,8.20269861281664e-08
3.0,LAMB3_SV2B,0.0880226133890166,0.0880225988558688,LAMB3,SV2B,1,1,False,-1.4533147796313983e-08,1.4533147796313983e-08,1.6510697918141363e-07
3.0,LAMC1_CD44,0.0087803902447931,0.0087803909504219,LAMC1,CD44,1,1,False,7.05628800182212e-10,7.05628800182212e-10,8.036416648945527e-08
3.0,LAMC1_DAG1,2.3845870159632976,2.384586836316997,LAMC1,DAG1,1,1,False,-1.7964630050215646e-07,1.7964630050215646e-07,7.533644161422436e-08
3.0,LAMC1_ITGA1_ITGB1,0.0505273498716169,0.3149907867614699,LAMC1,ITGA1_ITGB1,1,2,True,0.264463436889853,0.264463436889853,0.8395910229911605
3.0,LAMC1_ITGA3_ITGB1,0.2251370400287124,0.6855494567803124,LAMC1,ITGA3_ITGB1,1,2,True,0.46041241675160005,0.46041241675160005,0.6715962097234094
3.0,LAMC1_ITGA6_ITGB1,0.5704516162043539,1.0698642746087312,LAMC1,ITGA6_ITGB1,1,2,True,0.4994126584043773,0.4994126584043773,0.46680001403638005
3.0,LAMC1_ITGA6_ITGB4,0.5060975428699584,0.5794343150167588,LAMC1,ITGA6_ITGB4,1,2,True,0.07333677214680034,0.07333677214680034,0.12656615296365256
3.0,LAMC1_ITGA7_ITGB1,0.1033386569574396,0.447060429617686,LAMC1,ITGA7_ITGB1,1,2,True,0.3437217726602464,0.3437217726602464,0.7688485714429881
3.0,LAMC1_ITGA9_ITGB1,0.0462569536439439,0.2830839837491348,LAMC1,ITGA9_ITGB1,1,2,True,0.2368270301051909,0.2368270301051909,0.8365963590333808
3.0,LAMC1_SV2A,1.316997110584952,1.3169970407348588,LAMC1,SV2A,1,1,False,-6.985009326498925e-08,6.985009326498925e-08,5.303739294763139e-08
3.0,LAMC1_SV2B,1.2156560230716125,1.2156559106751728,LAMC1,SV2B,1,1,False,-1.1239643971094893e-07,1.1239643971094893e-07,9.245743662500475e-08
3.0,LAMC3_CD44,0.0030849643121163,0.0030849642483658,LAMC3,CD44,1,1,False,-6.375050010457017e-11,6.375050010457017e-11,2.0664906836746202e-08
3.0,LAMC3_DAG1,0.5905344924745882,0.5905344580676855,LAMC3,DAG1,1,1,False,-3.4406902771344505e-08,3.4406902771344505e-08,5.826400186577602e-08
3.0,LAMC3_ITGA1_ITGB1,0.0186214495774906,0.0985236005738979,LAMC3,ITGA1_ITGB1,1,2,True,0.07990215099640731,0.07990215099640731,0.8109950360216127
3.0,LAMC3_ITGA3_ITGB1,0.0595504151171495,0.182582432048667,LAMC3,ITGA3_ITGB1,1,2,True,0.1230320169315175,0.1230320169315175,0.6738436746133579
3.0,LAMC3_ITGA6_ITGB1,0.1153182330885095,0.242111966380168,LAMC3,ITGA6_ITGB1,1,2,True,0.1267937332916585,0.1267937332916585,0.5236987464409958
3.0,LAMC3_ITGA6_ITGB4,0.0963260203707672,0.1087795682447498,LAMC3,ITGA6_ITGB4,1,2,True,0.01245354787398259,0.01245354787398259,0.1144842554068848
3.0,LAMC3_ITGA7_ITGB1,0.0241194505066452,0.1124815375359581,LAMC3,ITGA7_ITGB1,1,2,True,0.0883620870293129,0.0883620870293129,0.7855696940581498
3.0,LAMC3_ITGA9_ITGB1,0.0110787112467518,0.0711214330461048,LAMC3,ITGA9_ITGB1,1,2,True,0.060042721799353,0.060042721799353,0.8442282337088178
3.0,LAMC3_SV2A,0.375803809335987,0.3758037994646285,LAMC3,SV2A,1,1,False,-9.871358508384276e-09,9.871358508384276e-09,2.6267318912562693e-08
3.0,LAMC3_SV2B,0.393909113715384,0.3939090795166903,LAMC3,SV2B,1,1,False,-3.41986937102412e-08,3.41986937102412e-08,8.681874198765354e-08
3.0,LRRC4C_NTNG1,0.7795067733194525,0.7795067397269998,LRRC4C,NTNG1,1,1,False,-3.35924527083975e-08,3.35924527083975e-08,4.3094497518408163e-08
3.0,MAG_MAG,2.6746190462751803e-05,2.6746195164508653e-05,MAG,MAG,1,1,False,4.701756850202703e-12,4.701756850202703e-12,1.7579161526652524e-07
3.0,MPZ_MPZ,0.0471462902778952,0.0471462959402746,MPZ,MPZ,1,1,False,5.662379398696515e-09,5.662379398696515e-09,1.201023173881926e-07
3.0,MSTN_ACVR1B_ACVR2A,0.0071467782976431,0.0096519598353233,MSTN,ACVR1B_ACVR2A,1,2,True,0.0025051815376802003,0.0025051815376802003,0.25955159163758446
3.0,MSTN_TGFBR1_ACVR2A,0.0109840445108498,0.013746162743853,MSTN,TGFBR1_ACVR2A,1,2,True,0.0027621182330031992,0.0027621182330031992,0.20093740227529036
3.0,NCAM1_FGFR1,0.291654047156775,0.2916540045029557,NCAM1,FGFR1,1,1,False,-4.265381930990131e-08,4.265381930990131e-08,1.4624799390139536e-07
3.0,NCAM1_L1CAM,0.5956861227127417,0.595686046510683,NCAM1,L1CAM,1,1,False,-7.620205866309959e-08,7.620205866309959e-08,1.2792317255281535e-07
3.0,NCAM1_NCAM1,0.044844088732341,0.0448440767905725,NCAM1,NCAM1,1,1,False,-1.1941768497669702e-08,1.1941768497669702e-08,2.6629526511166337e-07
3.0,NCAM1_NCAM2,0.2649587082135641,0.2649586947216126,NCAM1,NCAM2,1,1,False,-1.3491951500466115e-08,1.3491951500466115e-08,5.092095893519841e-08
3.0,NCAM2_L1CAM,8.784532923168904,8.784532991622113,NCAM2,L1CAM,1,1,False,6.845320932313825e-08,6.845320932313825e-08,7.792469945576241e-09
3.0,NEGR1_NEGR1,1.4357593265143664,1.4357595027311687,NEGR1,NEGR1,1,1,False,1.7621680226120873e-07,1.7621680226120873e-07,1.2273420578167924e-07
3.0,NFASC_CNTN1_CNTNAP1,0.0399646439864605,0.4568776022471218,NFASC,CNTN1_CNTNAP1,1,2,True,0.4169129582606613,0.4169129582606613,0.9125265852606976
3.0,NMB_NMBR,0.1041187048688817,0.1041187105757518,NMB,NMBR,1,1,False,5.706870101485073e-09,5.706870101485073e-09,5.4811186864756907e-08
3.0,NMU_NMUR1,0.0101307204818978,0.010130719768753,NMU,NMUR1,1,1,False,-7.131448001573837e-10,7.131448001573837e-10,7.039428256180546e-08
3.0,NPB_NPBWR1,0.0005001895737611,0.0005001895333119,NPB,NPBWR1,1,1,False,-4.044919997905905e-11,4.044919997905905e-11,8.086773915519148e-08
3.0,NPFF_NPFFR2,0.0225721272425637,0.0225721238532905,NPFF,NPFFR2,1,1,False,-3.3892731989004776e-09,3.3892731989004776e-09,1.50153025564618e-07
3.0,NPPC_NPR2,0.0062245838317406,0.0062245826686505,NPPC,NPR2,1,1,False,-1.1630900999259897e-09,1.1630900999259897e-09,1.8685427513966843e-07
3.0,NPW_NPBWR1,0.0028402015607758,0.0028402014845389,NPW,NPBWR1,1,1,False,-7.623690003941141e-11,7.623690003941141e-11,2.6842073848655773e-08
3.0,NPY_GPR83,0.0045295745818797,0.0045295744295483,NPY,GPR83,1,1,False,-1.5233140009812685e-10,1.5233140009812685e-10,3.363039891373458e-08
3.0,NPY_NPY1R,0.5148723380122211,0.5148723355710277,NPY,NPY1R,1,1,False,-2.44119335857107e-09,2.44119335857107e-09,4.741356601125317e-09
3.0,NPY_NPY2R,0.090848385292921,0.0908483897243802,NPY,NPY2R,1,1,False,4.431459199594201e-09,4.431459199594201e-09,4.877862131666346e-08
3.0,NRG1_ERBB2_ERBB3,0.0473479566247717,0.0656787805099323,NRG1,ERBB2_ERBB3,1,2,True,0.018330823885160594,0.018330823885160594,0.27909811575122817
3.0,NRG1_ERBB2_ERBB4,0.1389640010739812,0.2019842209607547,NRG1,ERBB2_ERBB4,1,2,True,0.06302021988677348,0.06302021988677348,0.3120056585955704
3.0,NRG1_ERBB3,0.0473479566247717,0.0473479502760576,NRG1,ERBB3,1,1,False,-6.348714103043829e-09,6.348714103043829e-09,1.3408633773484286e-07
3.0,NRG1_ERBB4,0.2964032593128363,0.2964032551080199,NRG1,ERBB4,1,1,False,-4.20481638396808e-09,4.20481638396808e-09,1.4186134098917388e-08
3.0,NRG3_ERBB2_ERBB4,0.2087693886274914,0.3031390077887275,NRG3,ERBB2_ERBB4,1,2,True,0.0943696191612361,0.0943696191612361,0.31130806902623015
3.0,NRG3_ERBB4,0.4436796652021214,0.4436796974149739,NRG3,ERBB4,1,1,False,3.221285249654926e-08,3.221285249654926e-08,7.260384616251791e-08
3.0,NRG4_ERBB2_ERBB4,0.008363037142782,0.011614792362584,NRG4,ERBB2_ERBB4,1,2,True,0.003251755219802,0.003251755219802,0.2799667112670248
3.0,NRG4_ERBB4,0.0162012432337705,0.0162012436290785,NRG4,ERBB4,1,1,False,3.9530800161058366e-10,3.9530800161058366e-10,2.439985538524169e-08
3.0,NRTN_GFRA2_RET,0.0004992560359276,0.0013276637598199,NRTN,GFRA2_RET,1,2,True,0.0008284077238922999,0.0008284077238922999,0.6239589788943813
3.0,NRXN1_NLGN1,1.2265170261864533,1.226517141862814,NRXN1,NLGN1,1,1,False,1.1567636071241338e-07,1.1567636071241338e-07,9.431287730453244e-08
3.0,NRXN1_NLGN2,0.9302846225543104,0.9302846951131848,NRXN1,NLGN2,1,1,False,7.255887435331232e-08,7.255887435331232e-08,7.799641844530648e-08
3.0,NRXN1_NLGN3,1.4237993662973825,1.42379927922236,NRXN1,NLGN3,1,1,False,-8.707502252569554e-08,8.707502252569554e-08,6.115680663079364e-08
3.0,NRXN2_NLGN1,2.673464388543483,2.673464450663501,NRXN2,NLGN1,1,1,False,6.212001801841893e-08,6.212001801841893e-08,2.323577484002152e-08
3.0,NRXN2_NLGN2,2.033637085342769,2.03363711051506,NRXN2,NLGN2,1,1,False,2.5172290918362705e-08,2.5172290918362705e-08,1.2377965954794812e-08
3.0,NRXN2_NLGN3,3.007793964424433,3.0077935363982222,NRXN2,NLGN3,1,1,False,-4.2802621091908577e-07,4.2802621091908577e-07,1.4230569513127945e-07
3.0,NRXN3_NLGN1,3.319207687259345,3.319207896613003,NRXN3,NLGN1,1,1,False,2.0935365796503902e-07,2.0935365796503902e-07,6.307337909706359e-08
3.0,NRXN3_NLGN2,2.4522997220791325,2.452299842953648,NRXN3,NLGN2,1,1,False,1.2087451528586257e-07,1.2087451528586257e-07,4.929026751487146e-08
3.0,NRXN3_NLGN3,3.592827719434018,3.59282737465947,NRXN3,NLGN3,1,1,False,-3.4477454802228635e-07,3.4477454802228635e-07,9.596189267783735e-08
3.0,NTS_NTSR1,0.4844040853818377,0.4844040825505666,NTS,NTSR1,1,1,False,-2.8312711064515383e-09,2.8312711064515383e-09,5.844853897587905e-09
3.0,PDGFA_PDGFRA,0.0370596667594659,0.0370596670027857,PDGFA,PDGFRA,1,1,False,2.433198018070293e-10,2.433198018070293e-10,6.565622993556295e-09
3.0,PDGFA_PDGFRB,0.0357658586464547,0.0357658591070745,PDGFA,PDGFRB,1,1,False,4.6061979924738594e-10,4.6061979924738594e-10,1.2878756745878786e-08
3.0,PDGFC_PDGFRA,0.0210028561330409,0.0210028560131991,PDGFC,PDGFRA,1,1,False,-1.1984180314783544e-10,1.1984180314783544e-10,5.705976481898804e-09
3.0,PDGFD_PDGFRB,0.1454214478946962,0.1454214524309294,PDGFD,PDGFRB,1,1,False,4.5362332223852775e-09,4.5362332223852775e-09,3.119370042421936e-08
3.0,PECAM1_PECAM1,0.1002601492743346,0.1002601560343221,PECAM1,PECAM1,1,1,False,6.759987500326581e-09,6.759987500326581e-09,6.742446618587379e-08
3.0,PLG_F2R,0.0103552731416901,0.0103552731699538,PLG,F2R,1,1,False,2.8263698673147708e-11,2.8263698673147708e-11,2.729401553129072e-09
3.0,PLG_F2RL2,0.0011510861968154,0.0011510862823652,PLG,F2RL2,1,1,False,8.554979988306677e-11,8.554979988306677e-11,7.432092727860757e-08
3.0,PROS1_AXL,0.7084722752177915,0.7084723088373701,PROS1,AXL,1,1,False,3.3619578565513564e-08,3.3619578565513564e-08,4.745362401063291e-08
3.0,PROS1_TYRO3,0.5273826531069719,0.5273826280243696,PROS1,TYRO3,1,1,False,-2.5082602217452177e-08,2.5082602217452177e-08,4.7560537059159844e-08
3.0,PRSS1_F2R,0.0255097684900986,0.0255097662953103,PRSS1,F2R,1,1,False,-2.1947882990203116e-09,2.1947882990203116e-09,8.603717042246777e-08
3.0,PRSS1_F2RL2,0.0027861509949742,0.0027861509263177,PRSS1,F2RL2,1,1,False,-6.865650018991754e-11,6.865650018991754e-11,2.464206007275399e-08
3.0,PSAP_GPR37L1,36.305355684063606,36.30535570856004,PSAP,GPR37L1,1,1,False,2.4496436878962413e-08,2.4496436878962413e-08,6.747334215812866e-10
3.0,PTHLH_PTH1R,0.0015624727411611,0.0015624724614713,PTHLH,PTH1R,1,1,False,-2.7968979996600973e-10,2.7968979996600973e-10,1.7900459483099045e-07
3.0,PTPRC_MRC1,0.0007107742674072,0.0007107742302162,PTPRC,MRC1,1,1,False,-3.7190999954174464e-11,3.7190999954174464e-11,5.232462915384059e-08
3.0,PTPRM_PTPRM,0.0404036909469969,0.0404036889194193,PTPRM,PTPRM,1,1,False,-2.027577598873176e-09,2.027577598873176e-09,5.018297960780438e-08
3.0,RELN_ITGA3_ITGB1,0.0781558963330325,0.2388899674396171,RELN,ITGA3_ITGB1,1,2,True,0.1607340711065846,0.1607340711065846,0.6728372598870753
3.0,SEMA3A_NRP1_PLXNA1,0.5842232534147287,0.692119419579095,SEMA3A,NRP1_PLXNA1,1,2,True,0.10789616616436626,0.10789616616436626,0.15589241265616005
3.0,SEMA3A_NRP1_PLXNA3,0.4847061314490126,0.6021357743097439,SEMA3A,NRP1_PLXNA3,1,2,True,0.11742964286073126,0.11742964286073126,0.19502186694578363
3.0,SEMA3A_NRP1_PLXNA4,0.5272597545201546,0.6361297809365765,SEMA3A,NRP1_PLXNA4,1,2,True,0.10887002641642185,0.10887002641642185,0.17114436342868913
3.0,SEMA3C_NRP1_NRP2_PLXND1,0.0267565651299128,0.1655319104109865,SEMA3C,NRP1_NRP2_PLXND1,1,3,True,0.13877534528107371,0.13877534528107371,0.8383600777428294
3.0,SEMA3C_NRP1_PLXNA1,0.3713658118337571,0.4298516019388739,SEMA3C,NRP1_PLXNA1,1,2,True,0.058485790105116786,0.058485790105116786,0.13606042141360597
3.0,SEMA3C_NRP1_PLXNA3,0.2931519949659832,0.3620816766862652,SEMA3C,NRP1_PLXNA3,1,2,True,0.06892968172028197,0.06892968172028197,0.19037053283424732
3.0,SEMA3C_NRP1_PLXNA4,0.3274286908534655,0.3860112016014227,SEMA3C,NRP1_PLXNA4,1,2,True,0.05858251074795723,0.05858251074795723,0.15176375842182635
3.0,SEMA3C_NRP2_PLXNA1,0.4165508898436396,0.4585542977510394,SEMA3C,NRP2_PLXNA1,1,2,True,0.042003407907399815,0.042003407907399815,0.09159963850170807
3.0,SEMA3C_NRP2_PLXNA3,0.3090795925326964,0.3862878897677014,SEMA3C,NRP2_PLXNA3,1,2,True,0.077208297235005,0.077208297235005,0.19987242489386628
3.0,SEMA3C_NRP2_PLXNA4,0.3453970047519242,0.4116862532379396,SEMA3C,NRP2_PLXNA4,1,2,True,0.06628924848601542,0.06628924848601542,0.16101885347068573
3.0,SEMA3C_PLXND1,0.0267565651299128,0.0267565657857097,SEMA3C,PLXND1,1,1,False,6.557969028930799e-10,6.557969028930799e-10,2.4509756152762012e-08
3.0,SEMA3E_PLXND1,0.0073892926062325,0.007389292601574,SEMA3E,PLXND1,1,1,False,-4.658500148135847e-12,4.658500148135847e-12,6.304392580430004e-10
3.0,SEMA3F_NRP2_PLXNA1,0.1978136249773286,0.220083333098076,SEMA3F,NRP2_PLXNA1,1,2,True,0.02226970812074741,0.02226970812074741,0.10118761746862191
3.0,SEMA3F_NRP2_PLXNA3,0.1611772784982722,0.1922395927812224,SEMA3F,NRP2_PLXNA3,1,2,True,0.0310623142829502,0.0310623142829502,0.16158125302679222
3.0,SEMA3F_NRP2_PLXNA4,0.175992508832927,0.20357204678444,SEMA3F,NRP2_PLXNA4,1,2,True,0.027579537951512995,0.027579537951512995,0.13547802061801067
3.0,SEMA3G_NRP2_PLXNA1,0.3090484032446599,0.339125202117716,SEMA3G,NRP2_PLXNA1,1,2,True,0.030076798873056143,0.030076798873056143,0.08868936512307919
3.0,SEMA3G_NRP2_PLXNA3,0.240165020491415,0.2902445697553452,SEMA3G,NRP2_PLXNA3,1,2,True,0.050079549263930184,0.050079549263930184,0.1725425881564074
3.0,SEMA3G_NRP2_PLXNA4,0.2675998106829223,0.3099728713131361,SEMA3G,NRP2_PLXNA4,1,2,True,0.04237306063021379,0.04237306063021379,0.13669925516613457
3.0,SEMA4A_NRP1_PLXNA1,0.7573449534705428,0.8969560209426497,SEMA4A,NRP1_PLXNA1,1,2,True,0.13961106747210694,0.13961106747210694,0.1556498470520145
3.0,SEMA4A_NRP1_PLXNA3,0.6094961116782263,0.7717024914857167,SEMA4A,NRP1_PLXNA3,1,2,True,0.16220637980749042,0.16220637980749042,0.21019289376039635
3.0,SEMA4A_NRP1_PLXNA4,0.6728817923228635,0.8212511128257971,SEMA4A,NRP1_PLXNA4,1,2,True,0.1483693205029336,0.1483693205029336,0.18066255032814252
3.0,SEMA4A_PLXNB2,0.3239497436294889,0.3239497666659442,SEMA4A,PLXNB2,1,1,False,2.3036455298885983e-08,2.3036455298885983e-08,7.111119583747405e-08
3.0,SEMA4A_PLXNB3,0.3584555256911448,0.3584555480749877,SEMA4A,PLXNB3,1,1,False,2.23838428903278e-08,2.23838428903278e-08,6.244524045041472e-08
3.0,SEMA4C_PLXNB2,0.3354011502401609,0.3354011468691155,SEMA4C,PLXNB2,1,1,False,-3.371045387279281e-09,3.371045387279281e-09,1.0050786602447474e-08
3.0,SEMA4G_PLXNB2,0.046386558689248,0.0463865567132858,SEMA4G,PLXNB2,1,1,False,-1.975962199418646e-09,1.975962199418646e-09,4.259773208562369e-08
3.0,SEMA5A_PLXNA1,0.7141042279099212,0.7141042019065431,SEMA5A,PLXNA1,1,1,False,-2.6003378117422926e-08,2.6003378117422926e-08,3.641398146252546e-08
3.0,SEMA5A_PLXNA3,0.5334144529636138,0.5334144360551891,SEMA5A,PLXNA3,1,1,False,-1.69084246604001e-08,1.69084246604001e-08,3.1698474922188674e-08
3.0,SEMA5A_PLXNB3,0.2712716060556163,0.2712715979997071,SEMA5A,PLXNB3,1,1,False,-8.055909161974739e-09,8.055909161974739e-09,2.9696838821837885e-08
3.0,SEMA5B_PLXNA1,6.275696290828837,6.275695964009457,SEMA5B,PLXNA1,1,1,False,-3.268193804473185e-07,3.268193804473185e-07,5.207699118979436e-08
3.0,SEMA5B_PLXNA3,4.805269176596509,4.805268967611553,SEMA5B,PLXNA3,1,1,False,-2.0898495556309626e-07,2.0898495556309626e-07,4.3490790605640285e-08
3.0,SEMA6A_PLXNA4,3.946958260767421,3.946958014776927,SEMA6A,PLXNA4,1,1,False,-2.4599049375240156e-07,2.4599049375240156e-07,6.232406767447619e-08
3.0,SEMA6D_PLXNA1,3.644986937453048,3.6449867837678096,SEMA6D,PLXNA1,1,1,False,-1.5368523831327252e-07,1.5368523831327252e-07,4.216345379296772e-08
3.0,SEMA6D_PLXNA1_KDR,0.1340090131635408,0.6027399426874568,SEMA6D,PLXNA1_KDR,1,2,True,0.468730929523916,0.468730929523916,0.7776669444436844
3.0,SST_SSTR2,0.3661407126207782,0.366140731656464,SST,SSTR2,1,1,False,1.903568580541304e-08,1.903568580541304e-08,5.199007965951601e-08
3.0,SST_SSTR4,0.081754367655858,0.0817543673947179,SST,SSTR4,1,1,False,-2.611400956586962e-10,2.611400956586962e-10,3.194203602160509e-09
3.0,SST_SSTR5,1.1731275086704145,1.1731275634956848,SST,SSTR5,1,1,False,5.4825270323632935e-08,5.4825270323632935e-08,4.6734278547052996e-08
3.0,TAC1_TACR1,0.4553560461587145,0.4553560398571674,TAC1,TACR1,1,1,False,-6.301547117448791e-09,6.301547117448791e-09,1.3838725038587463e-08
3.0,TGFB2_ACVR1B_TGFBR2,0.0309989504410019,0.0437956598099251,TGFB2,ACVR1B_TGFBR2,1,2,True,0.012796709368923201,0.012796709368923201,0.2921912679124239
3.0,TGFB2_ACVR1C_TGFBR2,0.0021659675228713,0.0073727277107963,TGFB2,ACVR1C_TGFBR2,1,2,True,0.005206760187925,0.005206760187925,0.706218972430034
3.0,TGFB2_TGFBR1_TGFBR2,0.030998295215821,0.0655877098447471,TGFB2,TGFBR1_TGFBR2,1,2,True,0.034589414628926105,0.034589414628926105,0.5273764659690486
3.0,TGFB3_ACVR1B_TGFBR2,0.0053176059662335,0.0082546641464291,TGFB3,ACVR1B_TGFBR2,1,2,True,0.0029370581801956,0.0029370581801956,0.35580589689601694
3.0,TGFB3_ACVR1C_TGFBR2,0.000538246727703,0.0015597551314248,TGFB3,ACVR1C_TGFBR2,1,2,True,0.0010215084037217999,0.0010215084037217999,0.6549158795128796
3.0,TGFB3_TGFBR1_TGFBR2,0.0053174248204018,0.0122080823460734,TGFB3,TGFBR1_TGFBR2,1,2,True,0.0068906575256716,0.0068906575256716,0.5644340634618923
3.0,THBS1_ITGA3_ITGB1,0.8443788778958554,2.572333195227124,THBS1,ITGA3_ITGB1,1,2,True,1.7279543173312684,1.7279543173312684,0.6717459155514645
3.0,THBS1_SDC4,5.102056886832445,5.102057100705041,THBS1,SDC4,1,1,False,2.1387259607763554e-07,2.1387259607763554e-07,4.191889503707847e-08
3.0,THBS2_ITGA3_ITGB1,0.145912235964352,0.4529118451187088,THBS2,ITGA3_ITGB1,1,2,True,0.3069996091543568,0.3069996091543568,0.6778352398222038
3.0,THBS2_SDC4,0.7432401668827475,0.7432402752662595,THBS2,SDC4,1,1,False,1.083835119430887e-07,1.083835119430887e-07,1.4582567111861807e-07
3.0,THBS3_ITGA3_ITGB1,0.0799800933829226,0.2440299061030543,THBS3,ITGA3_ITGB1,1,2,True,0.1640498127201317,0.1640498127201317,0.6722529026866614
3.0,THBS3_SDC4,0.4829080418802447,0.4829080711358757,THBS3,SDC4,1,1,False,2.9255630973334945e-08,2.9255630973334945e-08,6.058219508429648e-08
3.0,THY1_ITGAM_ITGB2,0.0028555817899828,0.0103682314761199,THY1,ITGAM_ITGB2,1,2,True,0.007512649686137101,0.007512649686137101,0.7245835226036598
3.0,TNC_ITGA8_ITGB1,0.205258181236647,1.0667870775229071,TNC,ITGA8_ITGB1,1,2,True,0.8615288962862602,0.8615288962862602,0.8075921750821551
3.0,TNC_ITGA9_ITGB1,0.1950668900493826,1.2268834945334623,TNC,ITGA9_ITGB1,1,2,True,1.0318166044840797,1.0318166044840797,0.8410061828050273
3.0,TNC_SDC4,5.535523660708197,5.53552383476755,TNC,SDC4,1,1,False,1.740593527088663e-07,1.740593527088663e-07,3.144406164699957e-08
3.0,TNN_ITGA8_ITGB1,0.0019384602827373,0.0047682320182545,TNN,ITGA8_ITGB1,1,2,True,0.0028297717355172,0.0028297717355172,0.5934635153414977
3.0,TNN_ITGA9_ITGB1,0.0004304954199174,0.0031030760229966,TNN,ITGA9_ITGB1,1,2,True,0.0026725806030792,0.0026725806030792,0.8612681685118123
3.0,TNN_SDC4,0.0111551589966138,0.0111551590603573,TNN,SDC4,1,1,False,6.374350006166374e-11,6.374350006166374e-11,5.714261869038919e-09
3.0,TNR_ITGA8_ITGB1,0.024905525770504,0.1136561260999296,TNR,ITGA8_ITGB1,1,2,True,0.08875060032942561,0.08875060032942561,0.7808694821376688
3.0,TNR_ITGA9_ITGB1,0.0226129921887566,0.1238737857614379,TNR,ITGA9_ITGB1,1,2,True,0.1012607935726813,0.1012607935726813,0.8174513513916029
3.0,TNR_SDC4,0.6335928344024386,0.633592883114373,TNR,SDC4,1,1,False,4.871193437505639e-08,4.871193437505639e-08,7.688207313127782e-08
3.0,UCN_CRHR2,0.0108345023936764,0.0108345015237464,UCN,CRHR2,1,1,False,-8.699299995640342e-10,8.699299995640342e-10,8.029256609623089e-08
3.0,UTS2B_SSTR5,0.005400478453558,0.0054004789837905,UTS2B,SSTR5,1,1,False,5.302324994002627e-10,5.302324994002627e-10,9.818249473643947e-08
3.0,VEGFA_FLT1,0.0182750478621609,0.0182750486833983,VEGFA,FLT1,1,1,False,8.212373975302611e-10,8.212373975302611e-10,4.493763117995425e-08
3.0,VEGFA_FLT1_KDR,0.0120709814314345,0.0173408139908675,VEGFA,FLT1_KDR,1,2,True,0.0052698325594329985,0.0052698325594329985,0.30389764645467876
3.0,VEGFA_KDR,0.0235814900618147,0.0235814886461938,VEGFA,KDR,1,1,False,-1.4156208982818441e-09,1.4156208982818441e-09,6.003101986223283e-08
3.0,VEGFC_FLT4,0.0020872842653906,0.0020872842987254,VEGFC,FLT4,1,1,False,3.3334799764278555e-11,3.3334799764278555e-11,1.597041657652216e-08
3.0,VEGFC_FLT4_KDR,0.0016095877255799,0.0029550078286663,VEGFC,FLT4_KDR,1,2,True,0.0013454201030864,0.0013454201030864,0.4553017051374906
3.0,VEGFC_KDR,0.0066843079475786,0.0066843075242641,VEGFC,KDR,1,1,False,-4.2331450064020393e-10,4.2331450064020393e-10,6.332959282546971e-08
3.0,VEGFD_FLT4,0.0116583529870901,0.011658352797781,VEGFD,FLT4,1,1,False,-1.893090996463176e-10,1.893090996463176e-10,1.623806551885583e-08
3.0,VEGFD_FLT4_KDR,0.0091969703812461,0.0153926136931517,VEGFD,FLT4_KDR,1,2,True,0.006195643311905601,0.006195643311905601,0.4025075555987021
3.0,VEGFD_KDR,0.0308950300732245,0.0308950294537266,VEGFD,KDR,1,1,False,-6.19497900894439e-10,6.19497900894439e-10,2.0051700853702465e-08
3.0,VIP_VIPR1,0.0250947148396697,0.0250947168936849,VIP,VIPR1,1,1,False,2.0540152009806967e-09,2.0540152009806967e-09,8.185050302351053e-08
3.0,VIP_VIPR2,0.0053242828410378,0.0053242830491212,VIP,VIPR2,1,1,False,2.080834003367893e-10,2.080834003367893e-10,3.908195684133181e-08
3.0,VSIR_IGSF11,1.446200675044758,1.4462006274915191,VSIR,IGSF11,1,1,False,-4.7553238902153794e-08,4.7553238902153794e-08,3.288149405730438e-08
3.0,WNT10B_FZD10_LRP5,0.0130308684367196,0.0224918216729606,WNT10B,FZD10_LRP5,1,2,True,0.009460953236240998,0.009460953236240998,0.42063970512512305
3.0,WNT10B_FZD10_LRP6,0.013032261733293,0.02683589652028,WNT10B,FZD10_LRP6,1,2,True,0.013803634786987,0.013803634786987,0.5143720380854627
3.0,WNT10B_FZD2_LRP5,0.0441741711352789,0.0848137938062329,WNT10B,FZD2_LRP5,1,2,True,0.040639622670954,0.040639622670954,0.4791628914018397
3.0,WNT10B_FZD2_LRP6,0.0608061560767115,0.0995818501469444,WNT10B,FZD2_LRP6,1,2,True,0.0387756940702329,0.0387756940702329,0.3893851541522369
3.0,WNT10B_FZD3_LRP5,0.0441741711352789,0.0576580590655398,WNT10B,FZD3_LRP5,1,2,True,0.013483887930260903,0.013483887930260903,0.2338595531794401
3.0,WNT10B_FZD3_LRP6,0.0589105392782678,0.069240127052945,WNT10B,FZD3_LRP6,1,2,True,0.010329587774677192,0.010329587774677192,0.14918499162745028
3.0,WNT10B_FZD4_LRP5,0.0030143974725566,0.0073821146996304,WNT10B,FZD4_LRP5,1,2,True,0.0043677172270738,0.0043677172270738,0.5916620649761075
3.0,WNT10B_FZD4_LRP6,0.0030143974725566,0.0102119776928029,WNT10B,FZD4_LRP6,1,2,True,0.007197580220246301,0.007197580220246301,0.7048174640372493
3.0,WNT10B_FZD5_LRP5,0.0171267455944372,0.0243140168762433,WNT10B,FZD5_LRP5,1,2,True,0.007187271281806101,0.007187271281806101,0.29560196977689146
3.0,WNT10B_FZD5_LRP6,0.0171267455944372,0.0252982455425171,WNT10B,FZD5_LRP6,1,2,True,0.008171499948079902,0.008171499948079902,0.3230065869329396
3.0,WNT10B_FZD6_LRP5,0.0233773830776015,0.0314708319056365,WNT10B,FZD6_LRP5,1,2,True,0.008093448828035001,0.008093448828035001,0.2571730182507646
3.0,WNT10B_FZD6_LRP6,0.023408711006933,0.0366686403624587,WNT10B,FZD6_LRP6,1,2,True,0.013259929355525696,0.013259929355525696,0.3616149719339251
3.0,WNT10B_FZD7_LRP5,0.0382555587301554,0.0431532121999922,WNT10B,FZD7_LRP5,1,2,True,0.004897653469836796,0.004897653469836796,0.11349452845222219
3.0,WNT10B_FZD7_LRP6,0.0403322126636098,0.0508776761161871,WNT10B,FZD7_LRP6,1,2,True,0.0105454634525773,0.0105454634525773,0.20727093408305622
3.0,WNT10B_FZD8_LRP5,0.0313140751206508,0.0364056633825819,WNT10B,FZD8_LRP5,1,2,True,0.005091588261931103,0.005091588261931103,0.13985703840702834
3.0,WNT10B_FZD8_LRP6,0.0300234465956257,0.0400760518456121,WNT10B,FZD8_LRP6,1,2,True,0.010052605249986402,0.010052605249986402,0.25083821352244945
3.0,WNT11_FZD10,0.1453286856565034,0.1453286622262363,WNT11,FZD10,1,1,False,-2.343026708762075e-08,2.343026708762075e-08,1.6122258989529543e-07
3.0,WNT11_FZD2,1.3343285381098555,1.3343285175830153,WNT11,FZD2,1,1,False,-2.0526840227574894e-08,2.0526840227574894e-08,1.5383647760882196e-08
3.0,WNT11_FZD3,0.502674425610704,0.5026744199753495,WNT11,FZD3,1,1,False,-5.6353545163645435e-09,5.6353545163645435e-09,1.121074442869875e-08
3.0,WNT11_FZD4,0.0241166189947156,0.0241166183586016,WNT11,FZD4,1,1,False,-6.361140017507871e-10,6.361140017507871e-10,2.6376582965057063e-08
3.0,WNT11_FZD5,0.0678434403780202,0.0678434374639362,WNT11,FZD5,1,1,False,-2.914084001881534e-09,2.914084001881534e-09,4.2953069385107917e-08
3.0,WNT11_FZD6,0.1808168471943105,0.1808168443840276,WNT11,FZD6,1,1,False,-2.810282895282512e-09,2.810282895282512e-09,1.5542151845300725e-08
3.0,WNT11_FZD7,0.2843506458860783,0.2843506316106856,WNT11,FZD7,1,1,False,-1.427539270126843e-08,1.427539270126843e-08,5.0203482593768036e-08
3.0,WNT11_FZD8,0.1706963911106311,0.1706963960102392,WNT11,FZD8,1,1,False,4.899608108122067e-09,4.899608108122067e-09,2.8703641217053958e-08
3.0,WNT2B_FZD10_LRP5,0.2856231821091979,0.3623069599272644,WNT2B,FZD10_LRP5,1,2,True,0.07668377781806651,0.07668377781806651,0.21165416704515227
3.0,WNT2B_FZD10_LRP6,0.2856396186000461,0.4593346305134535,WNT2B,FZD10_LRP6,1,2,True,0.17369501191340742,0.17369501191340742,0.37814482160695706
3.0,WNT2B_FZD2_LRP5,0.490915950538578,1.0969015734015226,WNT2B,FZD2_LRP5,1,2,True,0.6059856228629446,0.6059856228629446,0.552452141155898
3.0,WNT2B_FZD2_LRP6,0.7695990314964923,1.3592319257030214,WNT2B,FZD2_LRP6,1,2,True,0.5896328942065291,0.5896328942065291,0.4337985909958371
3.0,WNT2B_FZD3_LRP5,0.490915950538578,0.6560172365963288,WNT2B,FZD3_LRP5,1,2,True,0.16510128605775082,0.16510128605775082,0.2516721769604106
3.0,WNT2B_FZD3_LRP6,0.7618692801147503,0.8211496188287232,WNT2B,FZD3_LRP6,1,2,True,0.05928033871397287,0.05928033871397287,0.07219188483400814
3.0,WNT2B_FZD4_LRP5,0.0499698208471119,0.1344285534976061,WNT2B,FZD4_LRP5,1,2,True,0.0844587326504942,0.0844587326504942,0.6282797103220948
3.0,WNT2B_FZD4_LRP6,0.0499698208471119,0.1703557646885501,WNT2B,FZD4_LRP6,1,2,True,0.12038594384143819,0.12038594384143819,0.7066737310682245
3.0,WNT2B_FZD5_LRP5,0.094128821997732,0.1345407477812092,WNT2B,FZD5_LRP5,1,2,True,0.0404119257834772,0.0404119257834772,0.30036941558549435
3.0,WNT2B_FZD5_LRP6,0.094128821997732,0.1428368130040954,WNT2B,FZD5_LRP6,1,2,True,0.0487079910063634,0.0487079910063634,0.34100446503918325
3.0,WNT2B_FZD6_LRP5,0.3364215723243682,0.4023185719727479,WNT2B,FZD6_LRP5,1,2,True,0.0658969996483797,0.0658969996483797,0.1637930839862978
3.0,WNT2B_FZD6_LRP6,0.3367609778522061,0.500249506619394,WNT2B,FZD6_LRP6,1,2,True,0.16348852876718795,0.16348852876718795,0.32681397303521037
3.0,WNT2B_FZD7_LRP5,0.3909548172400974,0.4517296117406527,WNT2B,FZD7_LRP5,1,2,True,0.060774794500555285,0.060774794500555285,0.13453799113671422
3.0,WNT2B_FZD7_LRP6,0.4046596910524693,0.5628051922815762,WNT2B,FZD7_LRP6,1,2,True,0.15814550122910692,0.15814550122910692,0.28099509989947885
3.0,WNT2B_FZD8_LRP5,0.2601770584904446,0.3505077946959796,WNT2B,FZD8_LRP5,1,2,True,0.090330736205535,0.090330736205535,0.25771391556038087
3.0,WNT2B_FZD8_LRP6,0.256101836800547,0.4247830763546472,WNT2B,FZD8_LRP6,1,2,True,0.1686812395541002,0.1686812395541002,0.3970997173467191
3.0,WNT3A_FZD10_LRP5,0.0425879211080474,0.0531322270431133,WNT3A,FZD10_LRP5,1,2,True,0.010544305935065904,0.010544305935065904,0.19845405551154283
3.0,WNT3A_FZD10_LRP6,0.0425905864525486,0.0681170111005524,WNT3A,FZD10_LRP6,1,2,True,0.025526424648003802,0.025526424648003802,0.3747437568909537
3.0,WNT3A_FZD2_LRP5,0.0715455370641363,0.1482159122125833,WNT3A,FZD2_LRP5,1,2,True,0.07667037514844699,0.07667037514844699,0.5172884206823901
3.0,WNT3A_FZD2_LRP6,0.1127129439613152,0.1860474855013465,WNT3A,FZD2_LRP6,1,2,True,0.0733345415400313,0.0733345415400313,0.3941710974615701
3.0,WNT3A_FZD3_LRP5,0.0715455370641363,0.0942429513409761,WNT3A,FZD3_LRP5,1,2,True,0.0226974142768398,0.0226974142768398,0.24083938325232757
3.0,WNT3A_FZD3_LRP6,0.1123383179922468,0.1184489210396453,WNT3A,FZD3_LRP6,1,2,True,0.006110603047398494,0.006110603047398494,0.051588507466043126
3.0,WNT3A_FZD4_LRP5,0.0047268965166151,0.0154764051895763,WNT3A,FZD4_LRP5,1,2,True,0.010749508672961199,0.010749508672961199,0.694574000957356
3.0,WNT3A_FZD4_LRP6,0.0047268965166151,0.0204170527443393,WNT3A,FZD4_LRP6,1,2,True,0.0156901562277242,0.0156901562277242,0.7684829159328274
3.0,WNT3A_FZD5_LRP5,0.0112300323735095,0.0157784355235649,WNT3A,FZD5_LRP5,1,2,True,0.0045484031500554,0.0045484031500554,0.2882670555811706
3.0,WNT3A_FZD5_LRP6,0.0112300323735095,0.0158985698669126,WNT3A,FZD5_LRP6,1,2,True,0.004668537493403098,0.004668537493403098,0.29364512232757817
3.0,WNT3A_FZD6_LRP5,0.045006764342942,0.0563085228904726,WNT3A,FZD6_LRP5,1,2,True,0.0113017585475306,0.0113017585475306,0.2007113304945681
3.0,WNT3A_FZD6_LRP6,0.0450669731261198,0.0707795520745669,WNT3A,FZD6_LRP6,1,2,True,0.025712578948447105,0.025712578948447105,0.3632769379687324
3.0,WNT3A_FZD7_LRP5,0.0562915830475573,0.0645684068406355,WNT3A,FZD7_LRP5,1,2,True,0.008276823793078203,0.008276823793078203,0.12818689817617218
3.0,WNT3A_FZD7_LRP6,0.0572519492911012,0.0802981922842268,WNT3A,FZD7_LRP6,1,2,True,0.023046242993125597,0.023046242993125597,0.28700824187361734
3.0,WNT3A_FZD8_LRP5,0.0366276081454438,0.0500945707923623,WNT3A,FZD8_LRP5,1,2,True,0.013466962646918497,0.013466962646918497,0.26883078213680883
3.0,WNT3A_FZD8_LRP6,0.0357869087780979,0.0605367047009241,WNT3A,FZD8_LRP6,1,2,True,0.024749795922826202,0.024749795922826202,0.40883949737766934
3.0,WNT4_FZD10_LRP5,0.0301530516434944,0.0442913704029016,WNT4,FZD10_LRP5,1,2,True,0.014138318759407197,0.014138318759407197,0.3192115897701141
3.0,WNT4_FZD10_LRP6,0.0301547124412154,0.0535783221149779,WNT4,FZD10_LRP6,1,2,True,0.0234236096737625,0.0234236096737625,0.4371844572417917
3.0,WNT4_FZD2_LRP5,0.0755440076254663,0.1430079558850328,WNT4,FZD2_LRP5,1,2,True,0.06746394825956649,0.06746394825956649,0.4717496159011057
3.0,WNT4_FZD2_LRP6,0.1041885614402187,0.1682159077160128,WNT4,FZD2_LRP6,1,2,True,0.06402734627579411,0.06402734627579411,0.3806259892131428
3.0,WNT4_FZD3_LRP5,0.0755440076254663,0.0965494445241623,WNT4,FZD3_LRP5,1,2,True,0.021005436898695995,0.021005436898695995,0.21756144742437344
3.0,WNT4_FZD3_LRP6,0.1014416486642225,0.1134887852777142,WNT4,FZD3_LRP6,1,2,True,0.012047136613491688,0.012047136613491688,0.10615266155163779
3.0,WNT4_FZD4_LRP5,0.0040102829700831,0.011837110686869,WNT4,FZD4_LRP5,1,2,True,0.0078268277167859,0.0078268277167859,0.6612109934452384
3.0,WNT4_FZD4_LRP6,0.0040102829700831,0.0160785690846727,WNT4,FZD4_LRP6,1,2,True,0.0120682861145896,0.0120682861145896,0.750582097886683
3.0,WNT4_FZD5_LRP5,0.0224756584886027,0.0312666600605409,WNT4,FZD5_LRP5,1,2,True,0.008791001571938201,0.008791001571938201,0.2811621565884041
3.0,WNT4_FZD5_LRP6,0.0224756584886027,0.0308181749954594,WNT4,FZD5_LRP6,1,2,True,0.0083425165068567,0.0083425165068567,0.27070118552074696
3.0,WNT4_FZD6_LRP5,0.0407127497614522,0.0548030979266159,WNT4,FZD6_LRP5,1,2,True,0.014090348165163698,0.014090348165163698,0.25710860696290166
3.0,WNT4_FZD6_LRP6,0.040749417545453,0.0643454078031337,WNT4,FZD6_LRP6,1,2,True,0.023595990257680707,0.023595990257680707,0.36670822461601604
3.0,WNT4_FZD7_LRP5,0.0633772642944923,0.0742667111366969,WNT4,FZD7_LRP5,1,2,True,0.010889446842204609,0.010889446842204609,0.1466262161813152
3.0,WNT4_FZD7_LRP6,0.0680236900738492,0.0873092011151302,WNT4,FZD7_LRP6,1,2,True,0.019285511041280998,0.019285511041280998,0.22088749862514692
3.0,WNT4_FZD8_LRP5,0.0506059014844084,0.0605292226546682,WNT4,FZD8_LRP5,1,2,True,0.009923321170259805,0.009923321170259805,0.16394265009604395
3.0,WNT4_FZD8_LRP6,0.0486490148250763,0.0675201829765228,WNT4,FZD8_LRP6,1,2,True,0.018871168151446502,0.018871168151446502,0.27948929223145214
3.0,WNT7A_FZD10_LRP5,0.1658317831202806,0.2576368898097382,WNT7A,FZD10_LRP5,1,2,True,0.0918051066894576,0.0918051066894576,0.3563352544631888
3.0,WNT7A_FZD10_LRP6,0.165838877335782,0.2970266915432997,WNT7A,FZD10_LRP6,1,2,True,0.13118781420751768,0.13118781420751768,0.44167011902495473
3.0,WNT7A_FZD2_LRP5,0.4575862994273084,0.8957530716184857,WNT7A,FZD2_LRP5,1,2,True,0.43816677219117733,0.43816677219117733,0.48916022291665545
3.0,WNT7A_FZD2_LRP6,0.5659086729185154,1.0011494828135696,WNT7A,FZD2_LRP6,1,2,True,0.4352408098950542,0.4352408098950542,0.4347410824923766
3.0,WNT7A_FZD3_LRP5,0.4575862994273084,0.5820733819331676,WNT7A,FZD3_LRP5,1,2,True,0.12448708250585921,0.12448708250585921,0.21386836500307885
3.0,WNT7A_FZD3_LRP6,0.5608834815536199,0.6477348256477293,WNT7A,FZD3_LRP6,1,2,True,0.08685134409410944,0.08685134409410944,0.13408472210407837
3.0,WNT7A_FZD4_LRP5,0.0274342920999543,0.0695440464149253,WNT7A,FZD4_LRP5,1,2,True,0.042109754314971,0.042109754314971,0.6055119954299
3.0,WNT7A_FZD4_LRP6,0.0274342920999543,0.0879163201359117,WNT7A,FZD4_LRP6,1,2,True,0.060482028035957404,0.060482028035957404,0.687949949934858
3.0,WNT7A_FZD5_LRP5,0.1721777830785425,0.2386399988152735,WNT7A,FZD5_LRP5,1,2,True,0.066462215736731,0.066462215736731,0.2785040901218663
3.0,WNT7A_FZD5_LRP6,0.1721777830785425,0.2352514933568541,WNT7A,FZD5_LRP6,1,2,True,0.0630737102783116,0.0630737102783116,0.2681118380091845
3.0,WNT7A_FZD6_LRP5,0.2547256057605783,0.3359117655823756,WNT7A,FZD6_LRP5,1,2,True,0.08118615982179733,0.08118615982179733,0.24168894376487107
3.0,WNT7A_FZD6_LRP6,0.2549089242705438,0.3738740045782406,WNT7A,FZD6_LRP6,1,2,True,0.11896508030769681,0.11896508030769681,0.3181956457280276
3.0,WNT7A_FZD7_LRP5,0.3871496345941204,0.4291130710437066,WNT7A,FZD7_LRP5,1,2,True,0.04196343644958622,0.04196343644958622,0.09779109349319286
3.0,WNT7A_FZD7_LRP6,0.3903261070274399,0.4706747662557636,WNT7A,FZD7_LRP6,1,2,True,0.08034865922832368,0.08034865922832368,0.1707095110866054
3.0,WNT7A_FZD8_LRP5,0.326966787557877,0.3805277570495893,WNT7A,FZD8_LRP5,1,2,True,0.053560969491712296,0.053560969491712296,0.1407544351218836
3.0,WNT7A_FZD8_LRP6,0.3132087985003859,0.4027628423741382,WNT7A,FZD8_LRP6,1,2,True,0.08955404387375226,0.08955404387375226,0.22234931938076577
3.0,WNT7B_FZD10_LRP5,0.7001961310899265,1.0608392002005085,WNT7B,FZD10_LRP5,1,2,True,0.36064306911058197,0.36064306911058197,0.3399601645964978
3.0,WNT7B_FZD10_LRP6,0.7002297668328732,1.2375341024699216,WNT7B,FZD10_LRP6,1,2,True,0.5373043356370484,0.5373043356370484,0.43417335697228404
3.0,WNT7B_FZD2_LRP5,1.8324729961167852,3.644940296786335,WNT7B,FZD2_LRP5,1,2,True,1.81246730066955,1.81246730066955,0.4972556895561672
3.0,WNT7B_FZD2_LRP6,2.3279660342980306,4.122898915356472,WNT7B,FZD2_LRP6,1,2,True,1.794932881058441,1.794932881058441,0.4353569946556035
3.0,WNT7B_FZD3_LRP5,1.8324729961167852,2.343890069194253,WNT7B,FZD3_LRP5,1,2,True,0.5114170730774679,0.5114170730774679,0.2181915780944774
3.0,WNT7B_FZD3_LRP6,2.304140027442791,2.6425695322090443,WNT7B,FZD3_LRP6,1,2,True,0.33842950476625333,0.33842950476625333,0.12806834432974964
3.0,WNT7B_FZD4_LRP5,0.1196791914482042,0.3040026906848164,WNT7B,FZD4_LRP5,1,2,True,0.18432349923661218,0.18432349923661218,0.6063219336032618
3.0,WNT7B_FZD4_LRP6,0.1196791914482042,0.3841752994317928,WNT7B,FZD4_LRP6,1,2,True,0.2644961079835886,0.2644961079835886,0.6884776516730423
3.0,WNT7B_FZD5_LRP5,0.6592263088522231,0.9158408007742742,WNT7B,FZD5_LRP5,1,2,True,0.2566144919220511,0.2566144919220511,0.2801955227427113
3.0,WNT7B_FZD5_LRP6,0.6592263088522231,0.9082915412771108,WNT7B,FZD5_LRP6,1,2,True,0.24906523242488765,0.24906523242488765,0.2742128723060521
3.0,WNT7B_FZD6_LRP5,1.0453845455015756,1.3616821120414924,WNT7B,FZD6_LRP5,1,2,True,0.3162975665399168,0.3162975665399168,0.23228443976965366
3.0,WNT7B_FZD6_LRP6,1.0460539098469204,1.534519301140066,WNT7B,FZD6_LRP6,1,2,True,0.4884653912931456,0.4884653912931456,0.3183181801168886
3.0,WNT7B_FZD7_LRP5,1.542901320582561,1.718044214809387,WNT7B,FZD7_LRP5,1,2,True,0.17514289422682605,0.17514289422682605,0.1019431820887437
3.0,WNT7B_FZD7_LRP6,1.5618740243478422,1.9108990609839327,WNT7B,FZD7_LRP6,1,2,True,0.3490250366360905,0.3490250366360905,0.1826496457936274
3.0,WNT7B_FZD8_LRP5,1.2781091919034453,1.5040780789355357,WNT7B,FZD8_LRP5,1,2,True,0.2259688870320904,0.2259688870320904,0.15023747117703679
3.0,WNT7B_FZD8_LRP6,1.2271145184342251,1.6125904456741376,WNT7B,FZD8_LRP6,1,2,True,0.3854759272399124,0.3854759272399124,0.23904143068314262
3.0,WNT8B_FZD10_LRP5,0.4778790445414093,0.6136272693606867,WNT8B,FZD10_LRP5,1,2,True,0.1357482248192774,0.1357482248192774,0.22122260792077894
3.0,WNT8B_FZD10_LRP6,0.4779064268379973,0.7722921388520354,WNT8B,FZD10_LRP6,1,2,True,0.2943857120140381,0.2943857120140381,0.38118439539165105
3.0,WNT8B_FZD2_LRP5,0.839017865055271,1.932483784901177,WNT8B,FZD2_LRP5,1,2,True,1.0934659198459058,1.0934659198459058,0.5658344604955241
3.0,WNT8B_FZD2_LRP6,1.302449543058945,2.375469885309654,WNT8B,FZD2_LRP6,1,2,True,1.073020342250709,1.073020342250709,0.45170866988736236
3.0,WNT8B_FZD3_LRP5,0.839017865055271,1.128211200415407,WNT8B,FZD3_LRP5,1,2,True,0.28919333536013603,0.28919333536013603,0.2563290767310723
3.0,WNT8B_FZD3_LRP6,1.288748570003085,1.4059204599822892,WNT8B,FZD3_LRP6,1,2,True,0.11717188997920425,0.11717188997920425,0.08334176314688549
3.0,WNT8B_FZD4_LRP5,0.0978337803789544,0.248079054945344,WNT8B,FZD4_LRP5,1,2,True,0.15024527456638959,0.15024527456638959,0.6056346619003815
3.0,WNT8B_FZD4_LRP6,0.0978337803789544,0.3100182055849564,WNT8B,FZD4_LRP6,1,2,True,0.212184425206002,0.212184425206002,0.6844256930190368
3.0,WNT8B_FZD5_LRP5,0.1811152429416838,0.2601392447687202,WNT8B,FZD5_LRP5,1,2,True,0.0790240018270364,0.0790240018270364,0.3037757793803607
3.0,WNT8B_FZD5_LRP6,0.1811152429416838,0.2804058779315387,WNT8B,FZD5_LRP6,1,2,True,0.09929063498985491,0.09929063498985491,0.3540961256671545
3.0,WNT8B_FZD6_LRP5,0.5942790706072745,0.6984472206611323,WNT8B,FZD6_LRP5,1,2,True,0.10416815005385782,0.10416815005385782,0.1491424791629279
3.0,WNT8B_FZD6_LRP6,0.5948199193153758,0.8617915338475204,WNT8B,FZD6_LRP6,1,2,True,0.2669716145321446,0.2669716145321446,0.3097867686634535
3.0,WNT8B_FZD7_LRP5,0.6725630077002293,0.7724296590523307,WNT8B,FZD7_LRP5,1,2,True,0.09986665135210149,0.09986665135210149,0.12928899114855932
3.0,WNT8B_FZD7_LRP6,0.6946345013034813,0.957683682989616,WNT8B,FZD7_LRP6,1,2,True,0.2630491816861348,0.2630491816861348,0.27467230188674624
3.0,WNT8B_FZD8_LRP5,0.4544399117362059,0.6061082256482556,WNT8B,FZD8_LRP5,1,2,True,0.1516683139120497,0.1516683139120497,0.2502330565631818
3.0,WNT8B_FZD8_LRP6,0.4481522314216066,0.7311324827879733,WNT8B,FZD8_LRP6,1,2,True,0.2829802513663667,0.2829802513663667,0.38704374108410433
3.0,WNT9A_FZD10_LRP5,0.010637592256001,0.0167792906033078,WNT9A,FZD10_LRP5,1,2,True,0.006141698347306799,0.006141698347306799,0.36602848669275984
3.0,WNT9A_FZD10_LRP6,0.010638232009066,0.0198123002349243,WNT9A,FZD10_LRP6,1,2,True,0.0091740682258583,0.0091740682258583,0.4630491218625202
3.0,WNT9A_FZD2_LRP5,0.0304173543409381,0.060037532543356,WNT9A,FZD2_LRP5,1,2,True,0.029620178202417895,0.029620178202417895,0.493361018476696
3.0,WNT9A_FZD2_LRP6,0.0407807796353778,0.0693524335455936,WNT9A,FZD2_LRP6,1,2,True,0.0285716539102158,0.0285716539102158,0.41197766898017
3.0,WNT9A_FZD3_LRP5,0.0304173543409381,0.0391411016393321,WNT9A,FZD3_LRP5,1,2,True,0.008723747298393997,0.008723747298393997,0.22287945236645257
3.0,WNT9A_FZD3_LRP6,0.0393459437889402,0.0454856578450884,WNT9A,FZD3_LRP6,1,2,True,0.006139714056148202,0.006139714056148202,0.13498131822251255
3.0,WNT9A_FZD4_LRP5,0.0023114353426019,0.0056657551992258,WNT9A,FZD4_LRP5,1,2,True,0.0033543198566238996,0.0033543198566238996,0.5920340252403161
3.0,WNT9A_FZD4_LRP6,0.0023114353426019,0.0074144450808029,WNT9A,FZD4_LRP6,1,2,True,0.005103009738201001,0.005103009738201001,0.6882524157355283
3.0,WNT9A_FZD5_LRP5,0.0106200928803488,0.0148714116964466,WNT9A,FZD5_LRP5,1,2,True,0.004251318816097799,0.004251318816097799,0.2858719066404178
3.0,WNT9A_FZD5_LRP6,0.0106200928803488,0.0149639265602416,WNT9A,FZD5_LRP6,1,2,True,0.0043438336798928,0.0043438336798928,0.29028702208644536
3.0,WNT9A_FZD6_LRP5,0.0170321421558695,0.0223592761659835,WNT9A,FZD6_LRP5,1,2,True,0.005327134010113997,0.005327134010113997,0.2382516308027218
3.0,WNT9A_FZD6_LRP6,0.017040958837449,0.0257364864011651,WNT9A,FZD6_LRP6,1,2,True,0.0086955275637161,0.0086955275637161,0.33786770377958236
3.0,WNT9A_FZD7_LRP5,0.0260448121258417,0.0308008770145082,WNT9A,FZD7_LRP5,1,2,True,0.004756064888666502,0.004756064888666502,0.15441329434958112
3.0,WNT9A_FZD7_LRP6,0.028565007019,0.0360625614362047,WNT9A,FZD7_LRP6,1,2,True,0.007497554417204698,0.007497554417204698,0.20790410105693694
3.0,WNT9A_FZD8_LRP5,0.0216319265919649,0.0252022039333589,WNT9A,FZD8_LRP5,1,2,True,0.003570277341394,0.003570277341394,0.1416652825615859
3.0,WNT9A_FZD8_LRP6,0.0208355058679955,0.0278327159048103,WNT9A,FZD8_LRP6,1,2,True,0.0069972100368148014,0.0069972100368148014,0.2514023446632271
3.5,ADIPOQ_ADIPOR1,0.003118734035731,0.0031187339727443,ADIPOQ,ADIPOR1,1,1,False,-6.298670005705498e-11,6.298670005705498e-11,2.0196239671425373e-08
3.5,ADIPOQ_ADIPOR2,0.0123184225611759,0.0123184210446499,ADIPOQ,ADIPOR2,1,1,False,-1.5165260002641956e-09,1.5165260002641956e-09,1.2311040579528798e-07
3.5,ADM_CALCR,0.1059499723185962,0.1059499692933541,ADM,CALCR,1,1,False,-3.025242098497749e-09,3.025242098497749e-09,2.8553495883894276e-08
3.5,ADM_CALCRL,0.1860412800633065,0.1860412688868649,ADM,CALCRL,1,1,False,-1.117644160553155e-08,1.117644160553155e-08,6.007506292005951e-08
3.5,AGRN_DAG1,20.858244588815644,20.858245490020096,AGRN,DAG1,1,1,False,9.012044515088746e-07,9.012044515088746e-07,4.320614847207872e-08
3.5,AGT_AGTR1,0.0847215761834814,0.0847215794455448,AGT,AGTR1,1,1,False,3.2620633971802704e-09,3.2620633971802704e-09,3.8503335496441936e-08
3.5,ANGPT1_TEK,0.0107858847062709,0.010785883356758,ANGPT1,TEK,1,1,False,-1.349512900733485e-09,1.349512900733485e-09,1.251184244486574e-07
3.5,ANGPT2_ITGA5_ITGB1,0.0477786018511238,0.1852887030891566,ANGPT2,ITGA5_ITGB1,1,2,True,0.1375101012380328,0.1375101012380328,0.7421396930597877
3.5,ANGPT2_TEK,0.0110748794161695,0.011074878625438,ANGPT2,TEK,1,1,False,-7.907314993754744e-10,7.907314993754744e-10,7.13986554310464e-08
3.5,ANGPTL1_ITGA1_ITGB1,0.0096227459238933,0.0607881905845488,ANGPTL1,ITGA1_ITGB1,1,2,True,0.05116544466065549,0.05116544466065549,0.8417004054346828
3.5,ANGPTL2_ITGA5_ITGB1,0.3053459106056466,1.1814899510218406,ANGPTL2,ITGA5_ITGB1,1,2,True,0.876144040416194,0.876144040416194,0.7415586054358222
3.5,ANGPTL4_CDH5,0.1409331316886865,0.1409331196113759,ANGPTL4,CDH5,1,1,False,-1.2077310623803683e-08,1.2077310623803683e-08,8.56953257129189e-08
3.5,ANGPTL4_ITGA5_ITGB1,0.1993137492231329,0.7686417642435173,ANGPTL4,ITGA5_ITGB1,1,2,True,0.5693280150203843,0.5693280150203843,0.7406935733978836
3.5,ANGPTL4_SDC2,2.6523020681886216,2.6523018061756067,ANGPTL4,SDC2,1,1,False,-2.62013014840079e-07,2.62013014840079e-07,9.878701901364488e-08
3.5,ANGPTL4_SDC3,8.399804672540663,8.399804080377425,ANGPTL4,SDC3,1,1,False,-5.921632375560648e-07,5.921632375560648e-07,7.049726281039283e-08
3.5,ANGPTL4_SDC4,2.319245623902107,2.3192454020433044,ANGPTL4,SDC4,1,1,False,-2.2185880244052214e-07,2.2185880244052214e-07,9.565989913015207e-08
3.5,BAG6_NCR3,0.285956528691062,0.2859565193613465,BAG6,NCR3,1,1,False,-9.329715500161484e-09,9.329715500161484e-09,3.262634199284536e-08
3.5,BMP5_BMPR1A_ACVR2A,0.0100992772027813,0.0252447533574961,BMP5,BMPR1A_ACVR2A,1,2,True,0.0151454761547148,0.0151454761547148,0.5999454991790422
3.5,BMP5_BMPR1A_BMPR2,0.0100992772027813,0.0202553695462272,BMP5,BMPR1A_BMPR2,1,2,True,0.0101560923434459,0.0101560923434459,0.5014024710962428
3.5,BMP6_BMPR1A_ACVR2A,0.0445194973322916,0.1193069998277802,BMP6,BMPR1A_ACVR2A,1,2,True,0.0747875024954886,0.0747875024954886,0.626849242738854
3.5,BMP6_BMPR1A_BMPR2,0.0445194973322916,0.0906360020439418,BMP6,BMPR1A_BMPR2,1,2,True,0.0461165047116502,0.0461165047116502,0.5088100056453524
3.5,BMP7_BMPR1A_ACVR2A,0.2553866352746701,0.6669316543415877,BMP7,BMPR1A_ACVR2A,1,2,True,0.41154501906691765,0.41154501906691765,0.6170722537876923
3.5,BMP7_BMPR1A_BMPR2,0.2553866352746701,0.5159343473335325,BMP7,BMPR1A_BMPR2,1,2,True,0.2605477120588624,0.2605477120588624,0.5050016797785086
3.5,BTC_ERBB2_ERBB4,0.0134599853999232,0.0189707460409224,BTC,ERBB2_ERBB4,1,2,True,0.005510760640999202,0.005510760640999202,0.29048729180770033
3.5,BTC_ERBB4,0.0280462986519571,0.0280462945993868,BTC,ERBB4,1,1,False,-4.0525703001725866e-09,4.0525703001725866e-09,1.4449572652931135e-07
3.5,CALCB_CALCR,0.0397953332491266,0.0397953345124779,CALCB,CALCR,1,1,False,1.2633513055138046e-09,1.2633513055138046e-09,3.174621650981922e-08
3.5,CALCB_CALCRL,0.0695367062699608,0.0695367055947445,CALCB,CALCRL,1,1,False,-6.752162995393718e-10,6.752162995393718e-10,9.710214011546574e-09
3.5,CCK_CCKAR,3.0087171743125483,3.0087171642556267,CCK,CCKAR,1,1,False,-1.0056921517787032e-08,1.0056921517787032e-08,3.3425945129205785e-09
3.5,CCL19_ACKR4,0.0019673959628141,0.0019673958779155,CCL19,ACKR4,1,1,False,-8.489859986901549e-11,8.489859986901549e-11,4.31527773125951e-08
3.5,CD34_SELP,0.0440649006914666,0.0440648945006112,CD34,SELP,1,1,False,-6.1908554047085396e-09,6.1908554047085396e-09,1.4049402829829664e-07
3.5,CD40LG_ITGA5_ITGB1,0.0182255117192482,0.0704154070796339,CD40LG,ITGA5_ITGB1,1,2,True,0.052189895360385694,0.052189895360385694,0.7411715351068455
3.5,CD40LG_ITGAM_ITGB2,0.0033291739141153,0.0121733262414595,CD40LG,ITGAM_ITGB2,1,2,True,0.0088441523273442,0.0088441523273442,0.726518960546961
3.5,CDH15_CDH15,0.0004378082189159,0.0004378081035749,CDH15,CDH15,1,1,False,-1.1534099998884717e-10,1.1534099998884717e-10,2.634509700947469e-07
3.5,CDH1_CDH1,0.2249171443990746,0.2249171020841563,CDH1,CDH1,1,1,False,-4.231491829154166e-08,4.231491829154166e-08,1.8813558390400656e-07
3.5,CDH1_ITGAE_ITGB7,0.0232735806085346,0.0277867072391227,CDH1,ITGAE_ITGB7,1,2,True,0.004513126630588102,0.004513126630588102,0.16242034695761934
3.5,CDH2_CDH2,15.681001985805532,15.681001641260377,CDH2,CDH2,1,1,False,-3.4454515507320593e-07,3.4454515507320593e-07,2.1972138986085758e-08
3.5,CDH5_CDH5,0.025914368020115,0.0259143681854326,CDH5,CDH5,1,1,False,1.6531759988724914e-10,1.6531759988724914e-10,6.37937991404244e-09
3.5,CLDN11_CLDN11,0.0688188429465613,0.0688188437965929,CLDN11,CLDN11,1,1,False,8.500315867854269e-10,8.500315867854269e-10,1.2351727228923753e-08
3.5,CNTN1_NRCAM,25.35541926965753,25.35541889693288,CNTN1,NRCAM,1,1,False,-3.727246529194872e-07,3.727246529194872e-07,1.4699999592021003e-08
3.5,CNTN2_CNTN2,0.2201459799697165,0.2201459780504664,CNTN2,CNTN2,1,1,False,-1.9192500921860756e-09,1.9192500921860756e-09,8.718079214755998e-09
3.5,CNTN2_L1CAM,3.8039049767699975,3.803905014669896,CNTN2,L1CAM,1,1,False,3.7899898330806536e-08,3.7899898330806536e-08,9.9634186933281e-09
3.5,COL1A1_CD44,0.0650341759384237,0.0650341779839994,COL1A1,CD44,1,1,False,2.0455756949422366e-09,2.0455756949422366e-09,3.145385639294952e-08
3.5,COL1A1_ITGA10_ITGB1,0.0162844933988754,0.2338832948408355,COL1A1,ITGA10_ITGB1,1,2,True,0.21759880144196012,0.21759880144196012,0.9303734223089448
3.5,COL1A1_ITGA1_ITGB1,0.087960395433859,0.5513038397613302,COL1A1,ITGA1_ITGB1,1,2,True,0.4633434443274712,0.4633434443274712,0.8404502397952847
3.5,COL1A1_ITGA3_ITGB1,0.5653462357928489,1.3872851857832451,COL1A1,ITGA3_ITGB1,1,2,True,0.8219389499903962,0.8219389499903962,0.5924801608303335
3.5,COL1A1_ITGA9_ITGB1,0.106864858393128,0.6058840922368893,COL1A1,ITGA9_ITGB1,1,2,True,0.49901923384376135,0.49901923384376135,0.8236216138327893
3.5,COL1A1_SDC4,2.7261618686934246,2.7261618272466093,COL1A1,SDC4,1,1,False,-4.1446815313150864e-08,4.1446815313150864e-08,1.520335816780212e-08
3.5,COL1A2_CD44,0.1301690797020162,0.1301690852902467,COL1A2,CD44,1,1,False,5.588230517217241e-09,5.588230517217241e-09,4.293055071222779e-08
3.5,COL1A2_ITGA10_ITGB1,0.0331395237587161,0.4762092081020715,COL1A2,ITGA10_ITGB1,1,2,True,0.4430696843433554,0.4430696843433554,0.9304097375798477
3.5,COL1A2_ITGA1_ITGB1,0.1779751344995548,1.118461373517147,COL1A2,ITGA1_ITGB1,1,2,True,0.9404862390175921,0.9404862390175921,0.8408750282185526
3.5,COL1A2_ITGA3_ITGB1,1.149964883561479,2.8237702448924744,COL1A2,ITGA3_ITGB1,1,2,True,1.6738053613309953,1.6738053613309953,0.5927555063513079
3.5,COL1A2_ITGA9_ITGB1,0.2176346916971822,1.2335432353327005,COL1A2,ITGA9_ITGB1,1,2,True,1.0159085436355184,1.0159085436355184,0.8235694660199863
3.5,COL1A2_SDC4,5.5391094448105,5.539109432180735,COL1A2,SDC4,1,1,False,-1.2629765677729665e-08,1.2629765677729665e-08,2.2801076244417383e-09
3.5,COL4A1_CD44,0.0381474394947064,0.038147440754361,COL4A1,CD44,1,1,False,1.2596546028476041e-09,1.2596546028476041e-09,3.3020684427004476e-08
3.5,COL4A1_ITGA10_ITGB1,0.0095337630202353,0.1372462043893634,COL4A1,ITGA10_ITGB1,1,2,True,0.12771244136912813,0.12771244136912813,0.9305353247279008
3.5,COL4A1_ITGA1_ITGB1,0.0519158951471345,0.3249133118717819,COL4A1,ITGA1_ITGB1,1,2,True,0.2729974167246474,0.2729974167246474,0.8402161645884743
3.5,COL4A1_ITGA3_ITGB1,0.3325164922445109,0.8160580474929517,COL4A1,ITGA3_ITGB1,1,2,True,0.48354155524844084,0.48354155524844084,0.5925332845303718
3.5,COL4A1_ITGA9_ITGB1,0.0631909513545188,0.3574246255680999,COL4A1,ITGA9_ITGB1,1,2,True,0.2942336742135811,0.2942336742135811,0.823204819046585
3.5,COL4A1_SDC4,1.6038145721697386,1.6038145252698717,COL4A1,SDC4,1,1,False,-4.689986687900216e-08,4.689986687900216e-08,2.9242699058129362e-08
3.5,COL4A2_CD44,0.0302972603310204,0.0302972612766544,COL4A2,CD44,1,1,False,9.456339981894768e-10,9.456339981894768e-10,3.121186398845022e-08
3.5,COL4A2_ITGA10_ITGB1,0.0075247600915506,0.1081504876095498,COL4A2,ITGA10_ITGB1,1,2,True,0.1006257275179992,0.1006257275179992,0.9304232439643095
3.5,COL4A2_ITGA1_ITGB1,0.0405987068339532,0.2548189762384355,COL4A2,ITGA1_ITGB1,1,2,True,0.21422026940448233,0.21422026940448233,0.8406762815185131
3.5,COL4A2_ITGA3_ITGB1,0.260214587495454,0.6403299576104813,COL4A2,ITGA3_ITGB1,1,2,True,0.3801153701150273,0.3801153701150273,0.5936242176353945
3.5,COL4A2_ITGA9_ITGB1,0.0493733362228194,0.28019803672302,COL4A2,ITGA9_ITGB1,1,2,True,0.23082470050020062,0.23082470050020062,0.8237912841922383
3.5,COL4A2_SDC4,1.2609037323749963,1.2609037164074486,COL4A2,SDC4,1,1,False,-1.5967547728479303e-08,1.5967547728479303e-08,1.2663574005291714e-08
3.5,COL6A1_CD44,0.0740403121178601,0.0740403124151249,COL6A1,CD44,1,1,False,2.972648099897057e-10,2.972648099897057e-10,4.014904857816087e-09
3.5,COL6A1_ITGA10_ITGB1,0.0194510726870177,0.2722173004784284,COL6A1,ITGA10_ITGB1,1,2,True,0.2527662277914107,0.2527662277914107,0.9285457880420093
3.5,COL6A1_ITGA1_ITGB1,0.1003809698730982,0.6301598478143584,COL6A1,ITGA1_ITGB1,1,2,True,0.5297788779412602,0.5297788779412602,0.8407055444404166
3.5,COL6A1_ITGA3_ITGB1,0.6601127841355353,1.601319470684706,COL6A1,ITGA3_ITGB1,1,2,True,0.9412066865491707,0.9412066865491707,0.5877694637327562
3.5,COL6A1_ITGA9_ITGB1,0.123855535670639,0.6975694798186711,COL6A1,ITGA9_ITGB1,1,2,True,0.5737139441480321,0.5737139441480321,0.8224470260613546
3.5,COL6A1_SDC4,3.117968203263807,3.1179681048947754,COL6A1,SDC4,1,1,False,-9.836903158699783e-08,9.836903158699783e-08,3.154908105991194e-08
3.5,COL6A2_CD44,0.0515725793404471,0.0515725812177845,COL6A2,CD44,1,1,False,1.8773373966496365e-09,1.8773373966496365e-09,3.6401850602006475e-08
3.5,COL6A2_ITGA10_ITGB1,0.0130618695662063,0.1856440849299699,COL6A2,ITGA10_ITGB1,1,2,True,0.17258221536376359,0.17258221536376359,0.9296402599030634
3.5,COL6A2_ITGA1_ITGB1,0.0691499779478529,0.4341194894660665,COL6A2,ITGA1_ITGB1,1,2,True,0.3649695115182136,0.3649695115182136,0.840712108933644
3.5,COL6A2_ITGA3_ITGB1,0.4479328085812519,1.0957348631142567,COL6A2,ITGA3_ITGB1,1,2,True,0.6478020545330048,0.6478020545330048,0.5912032886238975
3.5,COL6A2_ITGA9_ITGB1,0.0845105022318014,0.4783993311183708,COL6A2,ITGA9_ITGB1,1,2,True,0.3938888288865694,0.3938888288865694,0.8233473654023757
3.5,COL6A2_SDC4,2.1490056001781523,2.1490055626099447,COL6A2,SDC4,1,1,False,-3.7568207655880315e-08,3.7568207655880315e-08,1.7481670430624246e-08
3.5,COL6A3_CD44,0.0222891487941354,0.0222891492117613,COL6A3,CD44,1,1,False,4.1762589914062787e-10,4.1762589914062787e-10,1.8736735762002952e-08
3.5,COL6A3_ITGA10_ITGB1,0.0055855223751433,0.0804190653362531,COL6A3,ITGA10_ITGB1,1,2,True,0.0748335429611098,0.0748335429611098,0.9305447986520513
3.5,COL6A3_ITGA1_ITGB1,0.0303164199378578,0.1899765827525359,COL6A3,ITGA1_ITGB1,1,2,True,0.1596601628146781,0.1596601628146781,0.8404202270689958
3.5,COL6A3_ITGA3_ITGB1,0.194399921649934,0.4775917551296346,COL6A3,ITGA3_ITGB1,1,2,True,0.28319183347970056,0.28319183347970056,0.5929579613509716
3.5,COL6A3_ITGA9_ITGB1,0.03689879712926,0.2090029554491392,COL6A3,ITGA9_ITGB1,1,2,True,0.17210415831987919,0.17210415831987919,0.8234532279700738
3.5,COL6A3_SDC4,0.9386997337391524,0.938699716181178,COL6A3,SDC4,1,1,False,-1.7557974407722554e-08,1.7557974407722554e-08,1.8704569498260447e-08
3.5,COL6A6_CD44,0.0063465203014762,0.0063465212924015,COL6A6,CD44,1,1,False,9.909252992809647e-10,9.909252992809647e-10,1.561367643195919e-07
3.5,COL6A6_ITGA10_ITGB1,0.0015787037906334,0.0226314269664692,COL6A6,ITGA10_ITGB1,1,2,True,0.0210527231758358,0.0210527231758358,0.9302428524293933
3.5,COL6A6_ITGA1_ITGB1,0.0084055891924837,0.0529451443337063,COL6A6,ITGA1_ITGB1,1,2,True,0.0445395551412226,0.0445395551412226,0.8412396585510397
3.5,COL6A6_ITGA3_ITGB1,0.0542048431788987,0.1334519511956163,COL6A6,ITGA3_ITGB1,1,2,True,0.07924710801671758,0.07924710801671758,0.5938250232142034
3.5,COL6A6_ITGA9_ITGB1,0.0102574028355551,0.0583225822480591,COL6A6,ITGA9_ITGB1,1,2,True,0.048065179412504,0.048065179412504,0.824126394268209
3.5,COL6A6_SDC4,0.2628872808812178,0.2628873038626148,COL6A6,SDC4,1,1,False,2.2981396952115318e-08,2.2981396952115318e-08,8.741919679820455e-08
3.5,COL9A2_CD44,0.0072795870779451,0.007279587678821,COL9A2,CD44,1,1,False,6.008759002515407e-10,6.008759002515407e-10,8.254257339323076e-08
3.5,COL9A2_ITGA10_ITGB1,0.0017855029664681,0.025464327262997,COL9A2,ITGA10_ITGB1,1,2,True,0.0236788242965289,0.0236788242965289,0.9298821858505302
3.5,COL9A2_ITGA1_ITGB1,0.0094801195985457,0.0596321646996713,COL9A2,ITGA1_ITGB1,1,2,True,0.0501520451011256,0.0501520451011256,0.8410233865181493
3.5,COL9A2_ITGA3_ITGB1,0.0607032307578338,0.1496701071892588,COL9A2,ITGA3_ITGB1,1,2,True,0.08896687643142501,0.08896687643142501,0.5944198083517495
3.5,COL9A2_ITGA9_ITGB1,0.0115034722732142,0.065477107879393,COL9A2,ITGA9_ITGB1,1,2,True,0.053973635606178794,0.053973635606178794,0.8243130668751699
3.5,COL9A2_SDC4,0.2954695458818846,0.2954695531764307,COL9A2,SDC4,1,1,False,7.294546078284725e-09,7.294546078284725e-09,2.4687978845417644e-08
3.5,COMP_ITGA3_ITGB1,0.1974258245069654,0.47438934217399,COMP,ITGA3_ITGB1,1,2,True,0.27696351766702454,0.27696351766702454,0.5838316611367792
3.5,COMP_SDC4,0.9214122747588708,0.9214122715225536,COMP,SDC4,1,1,False,-3.2363172142169105e-09,3.2363172142169105e-09,3.512344368392357e-09
3.5,CSPG4_ITGA3_ITGB1,0.074946832908667,0.1833667547088949,CSPG4,ITGA3_ITGB1,1,2,True,0.10841992180022791,0.10841992180022791,0.5912736033985586
3.5,CXCL12_ACKR3,0.1544376613098074,0.1544376644811828,CXCL12,ACKR3,1,1,False,3.1713753845252768e-09,3.1713753845252768e-09,2.0534986689802526e-08
3.5,CXCL12_CXCR4,1.493772285002073,1.4937722775460027,CXCL12,CXCR4,1,1,False,-7.45607020569139e-09,7.45607020569139e-09,4.9914369683736924e-09
3.5,DLL1_NOTCH3,0.0739598448402049,0.0739598486442752,DLL1,NOTCH3,1,1,False,3.804070294877171e-09,3.804070294877171e-09,5.143426284136429e-08
3.5,DLL4_NOTCH3,0.0171521961306136,0.0171521945611408,DLL4,NOTCH3,1,1,False,-1.5694728017212611e-09,1.5694728017212611e-09,9.150273176506144e-08
3.5,EDN1_EDNRA,0.0029452165774621,0.0029452166826843,EDN1,EDNRA,1,1,False,1.0522220031047858e-10,1.0522220031047858e-10,3.5726471647776354e-08
3.5,EDN1_EDNRB,0.1274384908889456,0.1274384964138435,EDN1,EDNRB,1,1,False,5.52489790028865e-09,5.52489790028865e-09,4.3353445432588194e-08
3.5,EDN2_EDNRA,0.0268194426429583,0.026819441757229,EDN2,EDNRA,1,1,False,-8.857292989328247e-10,8.857292989328247e-10,3.3025641536416544e-08
3.5,EDN2_EDNRB,1.1854844891078695,1.185484479994008,EDN2,EDNRB,1,1,False,-9.113861443310611e-09,9.113861443310611e-09,7.687879113601227e-09
3.5,EFNA1_EPHA2,0.1048141409729245,0.1048141521998406,EFNA1,EPHA2,1,1,False,1.1226916091233718e-08,1.1226916091233718e-08,1.071125974460803e-07
3.5,EFNA1_EPHA3,0.4624200877952929,0.462420103366869,EFNA1,EPHA3,1,1,False,1.5571576084116856e-08,1.5571576084116856e-08,3.367408979570872e-08
3.5,EFNA1_EPHA4,0.8900655019870669,0.8900655235539279,EFNA1,EPHA4,1,1,False,2.1566860963773138e-08,2.1566860963773138e-08,2.4230644141410148e-08
3.5,EFNA1_EPHA5,1.6124577481036573,1.6124577168944183,EFNA1,EPHA5,1,1,False,-3.120923897093064e-08,3.120923897093064e-08,1.9355073959385598e-08
3.5,EFNA1_EPHA8,0.0964201044604422,0.0964201060908077,EFNA1,EPHA8,1,1,False,1.630365495386421e-09,1.630365495386421e-09,1.6908978443261155e-08
3.5,EFNA3_EPHA2,0.2421142736202753,0.2421142910989645,EFNA3,EPHA2,1,1,False,1.747868921819773e-08,1.747868921819773e-08,7.219189391448725e-08
3.5,EFNA3_EPHA3,1.1107331485911611,1.1107331563511489,EFNA3,EPHA3,1,1,False,7.759987763478193e-09,7.759987763478193e-09,6.986365464204203e-09
3.5,EFNA3_EPHA4,2.10451133031531,2.1045113381036846,EFNA3,EPHA4,1,1,False,7.788374833950229e-09,7.788374833950229e-09,3.7007996549774412e-09
3.5,EFNA3_EPHA5,3.85058988940611,3.850589764472151,EFNA3,EPHA5,1,1,False,-1.2493395873391933e-07,1.2493395873391933e-07,3.24454076705604e-08
3.5,EFNA3_EPHA8,0.2382997433926628,0.2382997452607106,EFNA3,EPHA8,1,1,False,1.868047799780115e-09,1.868047799780115e-09,7.839067548042852e-09
3.5,EFNA5_EPHA2,0.4938653692155427,0.4938654035457847,EFNA5,EPHA2,1,1,False,3.433024198251644e-08,3.433024198251644e-08,6.951335674869518e-08
3.5,EFNA5_EPHA3,2.288518801902515,2.28851879488926,EFNA5,EPHA3,1,1,False,-7.013254865739782e-09,7.013254865739782e-09,3.064538888607536e-09
3.5,EFNA5_EPHA4,4.208226247061512,4.208226203642489,EFNA5,EPHA4,1,1,False,-4.341902304361156e-08,4.341902304361156e-08,1.0317654159856509e-08
3.5,EFNA5_EPHA5,7.710802033633979,7.71080166700529,EFNA5,EPHA5,1,1,False,-3.6662868918568847e-07,3.6662868918568847e-07,4.75474130429597e-08
3.5,EFNA5_EPHA8,0.4884088896428165,0.4884088888006835,EFNA5,EPHA8,1,1,False,-8.421329744656703e-10,8.421329744656703e-10,1.7242376056699942e-09
3.5,EFNA5_EPHB2,3.187783815130699,3.1877836217378475,EFNA5,EPHB2,1,1,False,-1.9339285151076524e-07,1.9339285151076524e-07,6.066686536045297e-08
3.5,EFNB1_EPHA4,8.548264340254295,8.548264224065226,EFNB1,EPHA4,1,1,False,-1.1618906903265724e-07,1.1618906903265724e-07,1.3592124015809369e-08
3.5,EFNB1_EPHB1,3.607479406688163,3.607479346155985,EFNB1,EPHB1,1,1,False,-6.053217793677845e-08,6.053217793677845e-08,1.6779632289668387e-08
3.5,EFNB1_EPHB2,6.690783293747339,6.690782803951081,EFNB1,EPHB2,1,1,False,-4.897962577743442e-07,4.897962577743442e-07,7.320462138298036e-08
3.5,EFNB1_EPHB3,0.5943492414512028,0.5943491963334276,EFNB1,EPHB3,1,1,False,-4.511777518256821e-08,4.511777518256821e-08,7.591121858321151e-08
3.5,EFNB2_EPHA4,3.62842320994282,3.628423130698428,EFNB2,EPHA4,1,1,False,-7.924439238138348e-08,7.924439238138348e-08,2.183989788297939e-08
3.5,EFNB2_EPHB1,1.5142006526246592,1.5142006149922504,EFNB2,EPHB1,1,1,False,-3.763240874476992e-08,3.763240874476992e-08,2.485298674223875e-08
3.5,EFNB2_EPHB2,2.7720029462087314,2.7720027373540157,EFNB2,EPHB2,1,1,False,-2.088547157441667e-07,2.088547157441667e-07,7.534433396970855e-08
3.5,EFNB2_EPHB3,0.2517681517296083,0.2517681316117323,EFNB2,EPHB3,1,1,False,-2.0117876031733317e-08,2.0117876031733317e-08,7.990635786745311e-08
3.5,EFNB3_EPHA4,2.8031435158902718,2.8031435133026408,EFNB3,EPHA4,1,1,False,-2.587630998363011e-09,2.587630998363011e-09,9.231175584462308e-10
3.5,EFNB3_EPHB1,1.1787575383201676,1.1787575412975009,EFNB3,EPHB1,1,1,False,2.977333268816551e-09,2.977333268816551e-09,2.525823305053296e-09
3.5,EFNB3_EPHB2,2.120217917420953,2.1202178319488727,EFNB3,EPHB2,1,1,False,-8.547208008025109e-08,8.547208008025109e-08,4.0312875095509e-08
3.5,EFNB3_EPHB3,0.1962863618973177,0.1962863510488878,EFNB3,EPHB3,1,1,False,-1.0848429904397605e-08,1.0848429904397605e-08,5.5268383394220174e-08
3.5,ESAM_ESAM,0.0242674355251717,0.0242674346343266,ESAM,ESAM,1,1,False,-8.908451025468889e-10,8.908451025468889e-10,3.67094867367773e-08
3.5,FGF10_FGFR1,0.4706315963233869,0.4706316166584809,FGF10,FGFR1,1,1,False,2.0335093997569942e-08,2.0335093997569942e-08,4.320809158966116e-08
3.5,FGF17_FGFR1,2.834616298736365,2.834616305257223,FGF17,FGFR1,1,1,False,6.520858075731439e-09,6.520858075731439e-09,2.3004376513454486e-09
3.5,FGF17_FGFR3,0.5202212967164289,0.5202212778429511,FGF17,FGFR3,1,1,False,-1.8873477780623205e-08,1.8873477780623205e-08,3.627970999986008e-08
3.5,FGF17_FGFR4,0.3606813964889201,0.3606813639618094,FGF17,FGFR4,1,1,False,-3.2527110727098574e-08,3.2527110727098574e-08,9.018239100695559e-08
3.5,FGF18_FGFR1,0.0684666916465151,0.0684666930024075,FGF18,FGFR1,1,1,False,1.355892398358094e-09,1.355892398358094e-09,1.9803678823956292e-08
3.5,FGF18_FGFR3,0.0120502180547143,0.0120502180239683,FGF18,FGFR3,1,1,False,-3.074600123109672e-11,3.074600123109672e-11,2.551489200568303e-09
3.5,FGF18_FGFR4,0.0082035295405336,0.0082035289199095,FGF18,FGFR4,1,1,False,-6.206240989875544e-10,6.206240989875544e-10,7.565330214526e-08
3.5,FGF2_FGFR1,1.624064694355363,1.6240647282173977,FGF2,FGFR1,1,1,False,3.386203473176863e-08,3.386203473176863e-08,2.0850175577014227e-08
3.5,FGF2_FGFR3,0.2946170849825167,0.2946170808297006,FGF2,FGFR3,1,1,False,-4.152816091007594e-09,4.152816091007594e-09,1.4095639060626888e-08
3.5,FGF2_FGFR4,0.2024937329784335,0.2024937193922497,FGF2,FGFR4,1,1,False,-1.3586183816860498e-08,1.3586183816860498e-08,6.709434221506246e-08
3.5,FGF7_FGFR1,0.2870539982286555,0.28705399144971,FGF7,FGFR1,1,1,False,-6.778945516039414e-09,6.778945516039414e-09,2.3615576016605705e-08
3.5,FGF8_FGFR1,0.0928460663971651,0.09284605953193,FGF8,FGFR1,1,1,False,-6.865235102626599e-09,6.865235102626599e-09,7.394212128771691e-08
3.5,FGF8_FGFR3,0.0175716371915477,0.0175716352852413,FGF8,FGFR3,1,1,False,-1.9063063974589234e-09,1.9063063974589234e-09,1.0848769392848005e-07
3.5,FGF8_FGFR4,0.0122196965071996,0.0122196949195675,FGF8,FGFR4,1,1,False,-1.587632100438774e-09,1.587632100438774e-09,1.299240205764008e-07
3.5,FGF9_FGFR1,0.7868291022549118,0.7868291048929981,FGF9,FGFR1,1,1,False,2.638086304962428e-09,2.638086304962428e-09,3.3528072214883115e-09
3.5,FGF9_FGFR3,0.1465562876363238,0.146556282787608,FGF9,FGFR3,1,1,False,-4.848715817740157e-09,4.848715817740157e-09,3.308432477337402e-08
3.5,FGF9_FGFR4,0.1022434582475568,0.1022434498171937,FGF9,FGFR4,1,1,False,-8.43036310205214e-09,8.43036310205214e-09,8.245381412706266e-08
3.5,FN1_CD44,0.0504752750110513,0.0504752777382991,FN1,CD44,1,1,False,2.7272478025919256e-09,2.7272478025919256e-09,5.4031358019107506e-08
3.5,FN1_ITGA3_ITGB1,0.4442136814667746,1.0896034279014757,FN1,ITGA3_ITGB1,1,2,True,0.6453897464347012,0.6453897464347012,0.5923161857866867
3.5,FN1_ITGA4_ITGB1,0.0215980446100175,0.2407057722218815,FN1,ITGA4_ITGB1,1,2,True,0.219107727611864,0.219107727611864,0.9102720121306085
3.5,FN1_ITGA4_ITGB7,0.0215980446100175,0.0357699412705273,FN1,ITGA4_ITGB7,1,2,True,0.014171896660509803,0.014171896660509803,0.3961956927278144
3.5,FN1_ITGA5_ITGB1,0.1818910556935714,0.7037640293150741,FN1,ITGA5_ITGB1,1,2,True,0.5218729736215026,0.5218729736215026,0.7415453928917144
3.5,FN1_ITGA8_ITGB1,0.0990169894771932,0.5171552271767411,FN1,ITGA8_ITGB1,1,2,True,0.41813823769954794,0.41813823769954794,0.8085352631592884
3.5,FN1_SDC4,2.142317625550169,2.1423176178377634,FN1,SDC4,1,1,False,-7.712405380999598e-09,7.712405380999598e-09,3.6000289074870376e-09
3.5,GAL_GALR1,1.4859675456825765,1.4859674554267552,GAL,GALR1,1,1,False,-9.025582126120923e-08,9.025582126120923e-08,6.073875672685058e-08
3.5,GAL_GALR2,0.1053789847717811,0.1053789689780821,GAL,GALR2,1,1,False,-1.5793699001398487e-08,1.5793699001398487e-08,1.498752245108723e-07
3.5,GAS6_AXL,0.762896421943767,0.7628964337275307,GAS6,AXL,1,1,False,1.178376374255663e-08,1.178376374255663e-08,1.544608576157693e-08
3.5,GAS6_MERTK,0.0186098914227622,0.0186098898946894,GAS6,MERTK,1,1,False,-1.5280728002387e-09,1.5280728002387e-09,8.211078536276026e-08
3.5,GAS6_TYRO3,0.7614214273243588,0.7614214218938595,GAS6,TYRO3,1,1,False,-5.430499272485179e-09,5.430499272485179e-09,7.1320547040132535e-09
3.5,GDF10_ACVR1B_ACVR2A,0.7010467317654002,1.5574673759124074,GDF10,ACVR1B_ACVR2A,1,2,True,0.8564206441470071,0.8564206441470071,0.549880310427236
3.5,GDF5_BMPR1A_ACVR2A,0.0140707124889697,0.0355412182610956,GDF5,BMPR1A_ACVR2A,1,2,True,0.021470505772125902,0.021470505772125902,0.6041015705876382
3.5,GDF5_BMPR1A_BMPR2,0.0140707124889697,0.0281884245020978,GDF5,BMPR1A_BMPR2,1,2,True,0.0141177120131281,0.0141177120131281,0.50083366709897
3.5,GDNF_GFRA1_RET,0.0016371597656771,0.0050659187881608,GDNF,GFRA1_RET,1,2,True,0.0034287590224836998,0.0034287590224836998,0.6768286594915043
3.5,GRN_SORT1,13.080724930127095,13.080724525475956,GRN,SORT1,1,1,False,-4.0465113926302365e-07,4.0465113926302365e-07,3.0934916942641644e-08
3.5,HBEGF_ERBB2_ERBB4,0.1165861346776638,0.1624902227406121,HBEGF,ERBB2_ERBB4,1,2,True,0.045904088062948295,0.045904088062948295,0.28250369338360953
3.5,HBEGF_ERBB4,0.237654620673045,0.2376546112616054,HBEGF,ERBB4,1,1,False,-9.41143959987123e-09,9.41143959987123e-09,3.960133227461663e-08
3.5,HSPG2_DAG1,2.832056729146804,2.832056690065645,HSPG2,DAG1,1,1,False,-3.908115875361773e-08,3.908115875361773e-08,1.3799567766918097e-08
3.5,IHH_PTCH1_SMO,0.0144093449086945,0.0210942667362493,IHH,PTCH1_SMO,1,2,True,0.006684921827554801,0.006684921827554801,0.316907049253679
3.5,IHH_PTCH2_SMO,0.0065391975905704,0.0098078966558033,IHH,PTCH2_SMO,1,2,True,0.0032686990652329006,0.0032686990652329006,0.33327217648636437
3.5,INHBB_ACVR1B_ACVR2A,0.2721920248466239,0.6194332834735551,INHBB,ACVR1B_ACVR2A,1,2,True,0.34724125862693117,0.34724125862693117,0.5605789483570035
3.5,INHBB_ACVR1C_ACVR2A,0.0162846156499103,0.1528452998620772,INHBB,ACVR1C_ACVR2A,1,2,True,0.1365606842121669,0.1365606842121669,0.8934568765633943
3.5,JAG1_NOTCH3,0.1178014020730733,0.11780140543475,JAG1,NOTCH3,1,1,False,3.3616767008970427e-09,3.3616767008970427e-09,2.8536813194126703e-08
3.5,JAG2_NOTCH3,0.0543274094773962,0.0543274058924109,JAG2,NOTCH3,1,1,False,-3.5849853016745037e-09,3.5849853016745037e-09,6.598851916850729e-08
3.5,JAM2_ITGA3_ITGB1,1.335655621289534,3.31391553541202,JAM2,ITGA3_ITGB1,1,2,True,1.9782599141224861,1.9782599141224861,0.5969554422806158
3.5,JAM2_JAM2,6.284314063169727,6.284313960471628,JAM2,JAM2,1,1,False,-1.0269809980201217e-07,1.0269809980201217e-07,1.6341974441393938e-08
3.5,JAM2_JAM3,1.7016542870630718,1.7016542438327165,JAM2,JAM3,1,1,False,-4.323035529552044e-08,4.323035529552044e-08,2.540489899986254e-08
3.5,JAM3_ITGAM_ITGB2,0.0276816109485869,0.102093686280108,JAM3,ITGAM_ITGB2,1,2,True,0.0744120753315211,0.0744120753315211,0.7288606969030522
3.5,JAM3_JAM2,1.7261456974848468,1.7261456636702448,JAM3,JAM2,1,1,False,-3.3814602007353756e-08,3.3814602007353756e-08,1.958965691982128e-08
3.5,JAM3_JAM3,0.4934285561414478,0.4934285375878421,JAM3,JAM3,1,1,False,-1.8553605707349874e-08,1.8553605707349874e-08,3.7601402424774214e-08
3.5,L1CAM_ITGA4_ITGB7,0.2130639870004032,0.3482646736305997,L1CAM,ITGA4_ITGB7,1,2,True,0.13520068663019652,0.13520068663019652,0.38821246272483645
3.5,L1CAM_L1CAM,64.06592213908553,64.06592554382443,L1CAM,L1CAM,1,1,False,3.4047389050329002e-06,3.4047389050329002e-06,5.314430215643855e-08
3.5,LAMA1_CD44,0.0208321291025622,0.0208321289096712,LAMA1,CD44,1,1,False,-1.9289099831287793e-10,1.9289099831287793e-10,9.259303135230366e-09
3.5,LAMA1_DAG1,1.2026452234507128,1.2026451893942487,LAMA1,DAG1,1,1,False,-3.4056464093268346e-08,3.4056464093268346e-08,2.8317963959106068e-08
3.5,LAMA1_ITGA1_ITGB1,0.0268617939651161,0.1695481988897572,LAMA1,ITGA1_ITGB1,1,2,True,0.1426864049246411,0.1426864049246411,0.8415683909294605
3.5,LAMA1_ITGA3_ITGB1,0.1708450844075505,0.4246403730561464,LAMA1,ITGA3_ITGB1,1,2,True,0.2537952886485959,0.2537952886485959,0.5976711230305904
3.5,LAMA1_ITGA6_ITGB1,0.3737306856603823,0.6274247514165123,LAMA1,ITGA6_ITGB1,1,2,True,0.25369406575613,0.25369406575613,0.4043418197694223
3.5,LAMA1_ITGA6_ITGB4,0.320368132495999,0.3458073185582309,LAMA1,ITGA6_ITGB4,1,2,True,0.02543918606223189,0.02543918606223189,0.07356462601281863
3.5,LAMA1_ITGA7_ITGB1,0.0506714490518568,0.2328274655816609,LAMA1,ITGA7_ITGB1,1,2,True,0.1821560165298041,0.1821560165298041,0.7823648128228046
3.5,LAMA1_ITGA9_ITGB1,0.0325046866261412,0.1860232641964239,LAMA1,ITGA9_ITGB1,1,2,True,0.1535185775702827,0.1535185775702827,0.8252654754417212
3.5,LAMA1_SV2A,0.9219919487344465,0.9219919038135396,LAMA1,SV2A,1,1,False,-4.4920906883128e-08,4.4920906883128e-08,4.8721582596016993e-08
3.5,LAMA1_SV2B,0.8241789237897985,0.8241788880409575,LAMA1,SV2B,1,1,False,-3.574884099855069e-08,3.574884099855069e-08,4.337509728369152e-08
3.5,LAMA2_CD44,0.0182099975358906,0.0182099982799029,LAMA2,CD44,1,1,False,7.440122996860143e-10,7.440122996860143e-10,4.0857351453301814e-08
3.5,LAMA2_DAG1,1.0859371729375775,1.0859371877703738,LAMA2,DAG1,1,1,False,1.4832796324526498e-08,1.4832796324526498e-08,1.3658981837596814e-08
3.5,LAMA2_ITGA1_ITGB1,0.0248190230360185,0.1556114587618536,LAMA2,ITGA1_ITGB1,1,2,True,0.1307924357258351,0.1307924357258351,0.8405064560573183
3.5,LAMA2_ITGA3_ITGB1,0.1599167624955815,0.3919407261713235,LAMA2,ITGA3_ITGB1,1,2,True,0.23202396367574196,0.23202396367574196,0.5919873801895255
3.5,LAMA2_ITGA6_ITGB1,0.3280039266580941,0.5605106041351825,LAMA2,ITGA6_ITGB1,1,2,True,0.23250667747708842,0.23250667747708842,0.4148122725275204
3.5,LAMA2_ITGA6_ITGB4,0.2795745316581796,0.3025789993410344,LAMA2,ITGA6_ITGB4,1,2,True,0.0230044676828548,0.0230044676828548,0.07602797197741622
3.5,LAMA2_ITGA7_ITGB1,0.0471937001745764,0.2145995700328342,LAMA2,ITGA7_ITGB1,1,2,True,0.16740586985825778,0.16740586985825778,0.7800848335001059
3.5,LAMA2_ITGA9_ITGB1,0.0305540152610037,0.1721577564773124,LAMA2,ITGA9_ITGB1,1,2,True,0.1416037412163087,0.1416037412163087,0.8225231561667671
3.5,LAMA2_SV2A,0.871383195567695,0.8713831920049092,LAMA2,SV2A,1,1,False,-3.562785733102203e-09,3.562785733102203e-09,4.088655543536266e-09
3.5,LAMA2_SV2B,0.7781706231166605,0.7781706272593757,LAMA2,SV2B,1,1,False,4.142715170907252e-09,4.142715170907252e-09,5.323659138224481e-09
3.5,LAMA3_CD44,0.0010210083797916,0.0010210084255203,LAMA3,CD44,1,1,False,4.572870012341246e-11,4.572870012341246e-11,4.478777939575706e-08
3.5,LAMA3_DAG1,0.0600868871294688,0.0600868879401468,LAMA3,DAG1,1,1,False,8.106779969541122e-10,8.106779969541122e-10,1.3491762092282719e-08
3.5,LAMA3_ITGA1_ITGB1,0.0013436490060192,0.0084239183302961,LAMA3,ITGA1_ITGB1,1,2,True,0.007080269324276901,0.007080269324276901,0.8404959600347918
3.5,LAMA3_ITGA3_ITGB1,0.0088493483894078,0.0213860982158803,LAMA3,ITGA3_ITGB1,1,2,True,0.0125367498264725,0.0125367498264725,0.5862102427437328
3.5,LAMA3_ITGA6_ITGB1,0.0182151258296261,0.0307670471976024,LAMA3,ITGA6_ITGB1,1,2,True,0.0125519213679763,0.0125519213679763,0.4079663962342945
3.5,LAMA3_ITGA6_ITGB4,0.0154511398549505,0.016757839201648,LAMA3,ITGA6_ITGB4,1,2,True,0.0013066993466975003,0.0013066993466975003,0.07797540786577048
3.5,LAMA3_ITGA7_ITGB1,0.0025674473671459,0.011635853190027,LAMA3,ITGA7_ITGB1,1,2,True,0.009068405822881098,0.009068405822881098,0.7793503127603535
3.5,LAMA3_ITGA9_ITGB1,0.0016693585533383,0.009349656826562,LAMA3,ITGA9_ITGB1,1,2,True,0.007680298273223701,0.007680298273223701,0.8214524250135343
3.5,LAMA3_SV2A,0.050438501048754,0.0504385001527693,LAMA3,SV2A,1,1,False,-8.959846961587026e-10,8.959846961587026e-10,1.776390411151674e-08
3.5,LAMA3_SV2B,0.0432731957576838,0.0432731950694346,LAMA3,SV2B,1,1,False,-6.882492006865526e-10,6.882492006865526e-10,1.590474631318034e-08
3.5,LAMA4_CD44,0.0192484701057534,0.0192484703501188,LAMA4,CD44,1,1,False,2.443653994432804e-10,2.443653994432804e-10,1.269531526393588e-08
3.5,LAMA4_DAG1,1.1631302793884537,1.1631302646881791,LAMA4,DAG1,1,1,False,-1.4700274553192116e-08,1.4700274553192116e-08,1.2638545151555311e-08
3.5,LAMA4_ITGA1_ITGB1,0.0269282464067206,0.1682610933476488,LAMA4,ITGA1_ITGB1,1,2,True,0.1413328469409282,0.1413328469409282,0.839961539111817
3.5,LAMA4_ITGA3_ITGB1,0.1735295129664504,0.4238281346523044,LAMA4,ITGA3_ITGB1,1,2,True,0.25029862168585404,0.25029862168585404,0.5905663197446562
3.5,LAMA4_ITGA6_ITGB1,0.3475394766458267,0.5987083673863751,LAMA4,ITGA6_ITGB1,1,2,True,0.25116889074054843,0.25116889074054843,0.41951792295305795
3.5,LAMA4_ITGA6_ITGB4,0.2959534056024108,0.3204392614843258,LAMA4,ITGA6_ITGB4,1,2,True,0.024485855881914986,0.024485855881914986,0.07641340754716695
3.5,LAMA4_ITGA7_ITGB1,0.0510869983834907,0.2318120764604775,LAMA4,ITGA7_ITGB1,1,2,True,0.1807250780769868,0.1807250780769868,0.7796189087146168
3.5,LAMA4_ITGA9_ITGB1,0.0331673660822436,0.1861922705544406,LAMA4,ITGA9_ITGB1,1,2,True,0.153024904472197,0.153024904472197,0.8218649679523307
3.5,LAMA4_SV2A,0.9405916234048326,0.9405916037724548,LAMA4,SV2A,1,1,False,-1.9632377834533088e-08,1.9632377834533088e-08,2.0872371543631396e-08
3.5,LAMA4_SV2B,0.854845839860458,0.8548458329104226,LAMA4,SV2B,1,1,False,-6.950035436048552e-09,6.950035436048552e-09,8.13016231930549e-09
3.5,LAMA5_CD44,0.0628563556209629,0.0628563598482323,LAMA5,CD44,1,1,False,4.2272694095180086e-09,4.2272694095180086e-09,6.725285109931308e-08
3.5,LAMA5_DAG1,3.649912686967301,3.6499128354592014,LAMA5,DAG1,1,1,False,1.4849190055343797e-07,1.4849190055343797e-07,4.068368403508901e-08
3.5,LAMA5_ITGA1_ITGB1,0.0814139409151887,0.5145205176667053,LAMA5,ITGA1_ITGB1,1,2,True,0.43310657675151654,0.43310657675151654,0.8417673579191902
3.5,LAMA5_ITGA3_ITGB1,0.5204621537594611,1.2921500728638078,LAMA5,ITGA3_ITGB1,1,2,True,0.7716879191043466,0.7716879191043466,0.5972123016593927
3.5,LAMA5_ITGA6_ITGB1,1.130662684795195,1.9023936179129064,LAMA5,ITGA6_ITGB1,1,2,True,0.7717309331177113,0.7717309331177113,0.40566312137041766
3.5,LAMA5_ITGA6_ITGB4,0.9695496449320936,1.04636261594225,LAMA5,ITGA6_ITGB4,1,2,True,0.0768129710101565,0.0768129710101565,0.07340951391022926
3.5,LAMA5_ITGA7_ITGB1,0.1539888438680408,0.7075345552581562,LAMA5,ITGA7_ITGB1,1,2,True,0.5535457113901154,0.5535457113901154,0.782358553764409
3.5,LAMA5_ITGA9_ITGB1,0.09866860539155,0.5649898312095258,LAMA5,ITGA9_ITGB1,1,2,True,0.46632122581797586,0.46632122581797586,0.8253621570846311
3.5,LAMA5_SV2A,2.795440859194515,2.79544090125535,LAMA5,SV2A,1,1,False,4.2060835259150053e-08,4.2060835259150053e-08,1.5046225888825543e-08
3.5,LAMA5_SV2B,2.5370263480353583,2.5370263547181846,LAMA5,SV2B,1,1,False,6.682826292347954e-09,6.682826292347954e-09,2.634117804854372e-09
3.5,LAMB3_CD44,0.00440394147243,0.0044039413930982,LAMB3,CD44,1,1,False,-7.933180067726253e-11,7.933180067726253e-11,1.8013818115863595e-08
3.5,LAMB3_DAG1,0.2591382344078523,0.2591382262647882,LAMB3,DAG1,1,1,False,-8.143064056387317e-09,8.143064056387317e-09,3.1423630229613736e-08
3.5,LAMB3_ITGA1_ITGB1,0.0057556684571124,0.0364247184800647,LAMB3,ITGA1_ITGB1,1,2,True,0.030669050022952296,0.030669050022952296,0.8419845451856413
3.5,LAMB3_ITGA3_ITGB1,0.0375599171301601,0.0923565062211704,LAMB3,ITGA3_ITGB1,1,2,True,0.0547965890910103,0.0547965890910103,0.5933159593519743
3.5,LAMB3_ITGA6_ITGB1,0.0795313944782359,0.1343384848991081,LAMB3,ITGA6_ITGB1,1,2,True,0.0548070904208722,0.0548070904208722,0.40797758335620526
3.5,LAMB3_ITGA6_ITGB4,0.0681547355278077,0.0735725913694426,LAMB3,ITGA6_ITGB4,1,2,True,0.0054178558416349,0.0054178558416349,0.07363959513712513
3.5,LAMB3_ITGA7_ITGB1,0.0109271720870677,0.0501739051985457,LAMB3,ITGA7_ITGB1,1,2,True,0.039246733111478,0.039246733111478,0.7822140404692991
3.5,LAMB3_ITGA9_ITGB1,0.006998745289384,0.0400498685769506,LAMB3,ITGA9_ITGB1,1,2,True,0.0330511232875666,0.0330511232875666,0.8252492320683443
3.5,LAMB3_SV2A,0.2016665950472241,0.2016665857813296,LAMB3,SV2A,1,1,False,-9.26589449612436e-09,9.26589449612436e-09,4.594660059567413e-08
3.5,LAMB3_SV2B,0.1901675612312035,0.1901675548832438,LAMB3,SV2B,1,1,False,-6.34795971343749e-09,6.34795971343749e-09,3.338087564639752e-08
3.5,LAMC1_CD44,0.0608883078974541,0.0608883079158281,LAMC1,CD44,1,1,False,1.837399676851703e-11,1.837399676851703e-11,3.0176559995586043e-10
3.5,LAMC1_DAG1,3.568805063780366,3.568805009514937,LAMC1,DAG1,1,1,False,-5.426542903919085e-08,5.426542903919085e-08,1.5205489812242233e-08
3.5,LAMC1_ITGA1_ITGB1,0.0801285436713478,0.5055538224602935,LAMC1,ITGA1_ITGB1,1,2,True,0.42542527878894565,0.42542527878894565,0.8415034362090277
3.5,LAMC1_ITGA3_ITGB1,0.5139399299471735,1.271671510684964,LAMC1,ITGA3_ITGB1,1,2,True,0.7577315807377906,0.7577315807377906,0.595854805561895
3.5,LAMC1_ITGA6_ITGB1,1.09705914188426,1.8552141197414127,LAMC1,ITGA6_ITGB1,1,2,True,0.7581549778571528,0.7581549778571528,0.4086617117612427
3.5,LAMC1_ITGA6_ITGB4,0.939633644103225,1.014630971284587,LAMC1,ITGA6_ITGB4,1,2,True,0.07499732718136187,0.07499732718136187,0.07391586626456959
3.5,LAMC1_ITGA7_ITGB1,0.1517586824196929,0.6957184133736802,LAMC1,ITGA7_ITGB1,1,2,True,0.5439597309539873,0.5439597309539873,0.7818676644135604
3.5,LAMC1_ITGA9_ITGB1,0.0974124670443983,0.5559799258753556,LAMC1,ITGA9_ITGB1,1,2,True,0.4585674588309573,0.4585674588309573,0.8247913953169649
3.5,LAMC1_SV2A,2.762227225854988,2.762227143279253,LAMC1,SV2A,1,1,False,-8.257573469450108e-08,8.257573469450108e-08,2.9894620515494175e-08
3.5,LAMC1_SV2B,2.5187404145741734,2.518740373297457,LAMC1,SV2B,1,1,False,-4.1276716267191205e-08,4.1276716267191205e-08,1.6387840536623774e-08
3.5,LAMC3_CD44,0.00920334752555,0.0092033477690608,LAMC3,CD44,1,1,False,2.4351080006590475e-10,2.4351080006590475e-10,2.6458937136388903e-08
3.5,LAMC3_DAG1,0.5341547892104752,0.5341547954227781,LAMC3,DAG1,1,1,False,6.2123028943261716e-09,6.2123028943261716e-09,1.1630154680927646e-08
3.5,LAMC3_ITGA1_ITGB1,0.0120241900774312,0.075651753036122,LAMC3,ITGA1_ITGB1,1,2,True,0.06362756295869079,0.06362756295869079,0.8410586722069755
3.5,LAMC3_ITGA3_ITGB1,0.0764329650989358,0.1893355937102012,LAMC3,ITGA3_ITGB1,1,2,True,0.1129026286112654,0.1129026286112654,0.5963095813039528
3.5,LAMC3_ITGA6_ITGB1,0.1650285073560781,0.2780529300703598,LAMC3,ITGA6_ITGB1,1,2,True,0.1130244227142817,0.1130244227142817,0.40648527848881677
3.5,LAMC3_ITGA6_ITGB4,0.1413200435003591,0.1526106651528539,LAMC3,ITGA6_ITGB4,1,2,True,0.011290621652494809,0.011290621652494809,0.0739831756921195
3.5,LAMC3_ITGA7_ITGB1,0.022648849262985,0.1038253223642839,LAMC3,ITGA7_ITGB1,1,2,True,0.08117647310129891,0.08117647310129891,0.7818562105348565
3.5,LAMC3_ITGA9_ITGB1,0.0145741861789325,0.0830604249719284,LAMC3,ITGA9_ITGB1,1,2,True,0.06848623879299591,0.06848623879299591,0.8245351359102957
3.5,LAMC3_SV2A,0.413632416824313,0.4136324137646598,LAMC3,SV2A,1,1,False,-3.0596531974680374e-09,3.0596531974680374e-09,7.397034354702427e-09
3.5,LAMC3_SV2B,0.3712600248892324,0.371260029050004,LAMC3,SV2B,1,1,False,4.1607716161351505e-09,4.1607716161351505e-09,1.1207162879294898e-08
3.5,LRRC4C_NTNG1,2.71199425127477,2.7119941447351867,LRRC4C,NTNG1,1,1,False,-1.0653958337769609e-07,1.0653958337769609e-07,3.928459041814608e-08
3.5,MAG_MAG,0.0001345238885986,0.0001345238688338,MAG,MAG,1,1,False,-1.9764800012573788e-11,1.9764800012573788e-11,1.4692409072078727e-07
3.5,MPZ_MPZ,0.0983636925503622,0.0983636837299733,MPZ,MPZ,1,1,False,-8.820388905372845e-09,8.820388905372845e-09,8.967118533961915e-08
3.5,MSTN_ACVR1B_ACVR2A,0.0299858401830197,0.0692143444456208,MSTN,ACVR1B_ACVR2A,1,2,True,0.039228504262601105,0.039228504262601105,0.5667684145072199
3.5,MSTN_TGFBR1_ACVR2A,0.046044294428859,0.0836536136551881,MSTN,TGFBR1_ACVR2A,1,2,True,0.037609319226329097,0.037609319226329097,0.44958391613960613
3.5,NCAM1_FGFR1,0.5539424007161886,0.5539424235176175,NCAM1,FGFR1,1,1,False,2.280142885613401e-08,2.280142885613401e-08,4.11620917411263e-08
3.5,NCAM1_L1CAM,0.934721820995466,0.9347218668592768,NCAM1,L1CAM,1,1,False,4.5863810860247156e-08,4.5863810860247156e-08,4.90667999608829e-08
3.5,NCAM1_NCAM1,0.0162710374655853,0.0162710388344054,NCAM1,NCAM1,1,1,False,1.3688200989347976e-09,1.3688200989347976e-09,8.412616507560681e-08
3.5,NCAM1_NCAM2,0.4882333998616602,0.4882334145928219,NCAM1,NCAM2,1,1,False,1.4731161679382154e-08,1.4731161679382154e-08,3.0172375013839814e-08
3.5,NCAM2_L1CAM,31.277746822854464,31.27774630817949,NCAM2,L1CAM,1,1,False,-5.146749728623945e-07,5.146749728623945e-07,1.645498877452146e-08
3.5,NEGR1_NEGR1,3.380146396165521,3.380146446927124,NEGR1,NEGR1,1,1,False,5.076160292105669e-08,5.076160292105669e-08,1.501757504240795e-08
3.5,NFASC_CNTN1_CNTNAP1,0.0897462109796867,1.2953637631536576,NFASC,CNTN1_CNTNAP1,1,2,True,1.205617552173971,1.205617552173971,0.9307173679452071
3.5,NMB_NMBR,0.5219846634733057,0.5219846675603211,NMB,NMBR,1,1,False,4.08701539278411e-09,4.08701539278411e-09,7.829761383387396e-09
3.5,NMU_NMUR1,0.0343256914945933,0.0343256928394098,NMU,NMUR1,1,1,False,1.3448164942753138e-09,1.3448164942753138e-09,3.9178131103338186e-08
3.5,NPB_NPBWR1,0.0018228082073662,0.0018228079246178,NPB,NPBWR1,1,1,False,-2.82748399997243e-10,2.82748399997243e-10,1.551169228087852e-07
3.5,NPFF_NPFFR2,0.0527669460408865,0.052766939383315,NPFF,NPFFR2,1,1,False,-6.657571501034187e-09,6.657571501034187e-09,1.2616935412323396e-07
3.5,NPPC_NPR2,0.0131055704910081,0.0131055699814824,NPPC,NPR2,1,1,False,-5.095256994103181e-10,5.095256994103181e-10,3.8878559293539356e-08
3.5,NPW_NPBWR1,0.0108280777826745,0.010828077440043,NPW,NPBWR1,1,1,False,-3.426314995613744e-10,3.426314995613744e-10,3.16428738727388e-08
3.5,NPY_GPR83,0.052847497157241,0.0528474992659931,NPY,GPR83,1,1,False,2.1087521034912626e-09,2.1087521034912626e-09,3.9902590146743725e-08
3.5,NPY_NPY1R,1.9652551729832652,1.9652552671673995,NPY,NPY1R,1,1,False,9.418413426942607e-08,9.418413426942607e-08,4.792463139161428e-08
3.5,NPY_NPY2R,0.4968433557126294,0.4968433746816643,NPY,NPY2R,1,1,False,1.8969034898397297e-08,1.8969034898397297e-08,3.817910404974419e-08
3.5,NRG1_ERBB2_ERBB3,0.0635556854490566,0.1620776934151939,NRG1,ERBB2_ERBB3,1,2,True,0.0985220079661373,0.0985220079661373,0.6078690157179977
3.5,NRG1_ERBB2_ERBB4,0.439480089719485,0.6297815450728351,NRG1,ERBB2_ERBB4,1,2,True,0.19030145535335014,0.19030145535335014,0.3021705809612784
3.5,NRG1_ERBB3,0.0635556854490566,0.063555681353681,NRG1,ERBB3,1,1,False,-4.0953755942041425e-09,4.0953755942041425e-09,6.443759618463737e-08
3.5,NRG1_ERBB4,0.9529465567154402,0.9529464788855656,NRG1,ERBB4,1,1,False,-7.782987454518775e-08,7.782987454518775e-08,8.167286402025226e-08
3.5,NRG3_ERBB2_ERBB4,0.7151219657483385,1.0125780576128651,NRG3,ERBB2_ERBB4,1,2,True,0.2974560918645266,0.2974560918645266,0.29376114723024327
3.5,NRG3_ERBB4,1.5082971700186896,1.5082970127863562,NRG3,ERBB4,1,1,False,-1.5723233337539e-07,1.5723233337539e-07,1.0424493031001425e-07
3.5,NRG4_ERBB2_ERBB4,0.0239749680497226,0.034330992286,NRG4,ERBB2_ERBB4,1,2,True,0.010356024236277399,0.010356024236277399,0.3016523422919102
3.5,NRG4_ERBB4,0.0519497050900492,0.0519497019418159,NRG4,ERBB4,1,1,False,-3.148233305994008e-09,3.148233305994008e-09,6.06015626178606e-08
3.5,NRTN_GFRA2_RET,0.0007733659784686,0.0027308017247121,NRTN,GFRA2_RET,1,2,True,0.0019574357462434997,0.0019574357462434997,0.7167989270439861
3.5,NRXN1_NLGN1,3.83589480595521,3.835894728827084,NRXN1,NLGN1,1,1,False,-7.71281256639611e-08,7.71281256639611e-08,2.0106944941300274e-08
3.5,NRXN1_NLGN2,3.303555517106516,3.30355524530737,NRXN1,NLGN2,1,1,False,-2.717991458567326e-07,2.717991458567326e-07,8.227473231471321e-08
3.5,NRXN1_NLGN3,4.475134098768073,4.47513372615322,NRXN1,NLGN3,1,1,False,-3.726148536387086e-07,3.726148536387086e-07,8.326339399332927e-08
3.5,NRXN2_NLGN1,7.521615306666462,7.521615464979513,NRXN2,NLGN1,1,1,False,1.5831305155700193e-07,1.5831305155700193e-07,2.104774596549162e-08
3.5,NRXN2_NLGN2,6.462802268695032,6.4628020149878935,NRXN2,NLGN2,1,1,False,-2.537071388530876e-07,2.537071388530876e-07,3.925652190877195e-08
3.5,NRXN2_NLGN3,8.715071285585237,8.715070939708006,NRXN2,NLGN3,1,1,False,-3.4587723085621747e-07,3.4587723085621747e-07,3.9687252062791476e-08
3.5,NRXN3_NLGN1,7.734544386800282,7.734544276642461,NRXN3,NLGN1,1,1,False,-1.1015782153123155e-07,1.1015782153123155e-07,1.4242315516247615e-08
3.5,NRXN3_NLGN2,6.643179983122892,6.643179465639938,NRXN3,NLGN2,1,1,False,-5.17482954265347e-07,5.17482954265347e-07,7.789687402419035e-08
3.5,NRXN3_NLGN3,9.02786524338806,9.027864570292175,NRXN3,NLGN3,1,1,False,-6.730958848066848e-07,6.730958848066848e-07,7.455759104287197e-08
3.5,NTS_NTSR1,2.0833263963671937,2.0833263649890927,NTS,NTSR1,1,1,False,-3.1378101006396264e-08,3.1378101006396264e-08,1.5061538634134294e-08
3.5,PDGFA_PDGFRA,0.1488572055758122,0.1488571959954357,PDGFA,PDGFRA,1,1,False,-9.580376492124287e-09,9.580376492124287e-09,6.435950785899344e-08
3.5,PDGFA_PDGFRB,0.1235126467462869,0.1235126441471814,PDGFA,PDGFRB,1,1,False,-2.599105500267207e-09,2.599105500267207e-09,2.1043233779988142e-08
3.5,PDGFC_PDGFRA,0.0899150827483091,0.0899150794519415,PDGFC,PDGFRA,1,1,False,-3.296367609428863e-09,3.296367609428863e-09,3.666089724519386e-08
3.5,PDGFD_PDGFRB,0.436093780986554,0.436093777429017,PDGFD,PDGFRB,1,1,False,-3.5575369872198337e-09,3.5575369872198337e-09,8.15773382315104e-09
3.5,PECAM1_PECAM1,0.1636876296806108,0.1636876209622516,PECAM1,PECAM1,1,1,False,-8.718359201242976e-09,8.718359201242976e-09,5.326217514575988e-08
3.5,PLG_F2R,0.0281474969253507,0.0281474940014447,PLG,F2R,1,1,False,-2.9239059992636207e-09,2.9239059992636207e-09,1.0387801114315925e-07
3.5,PLG_F2RL2,0.0038370921572546,0.0038370917377019,PLG,F2RL2,1,1,False,-4.195526998734822e-10,4.195526998734822e-10,1.0934131438054067e-07
3.5,PROS1_AXL,1.2437721198402143,1.2437721165425777,PROS1,AXL,1,1,False,-3.2976366082237973e-09,3.2976366082237973e-09,2.651318963997553e-09
3.5,PROS1_TYRO3,1.2017741748501076,1.2017741514807367,PROS1,TYRO3,1,1,False,-2.3369370882875273e-08,2.3369370882875273e-08,1.9445725637921982e-08
3.5,PRSS1_F2R,0.0692585090685004,0.0692585100989569,PRSS1,F2R,1,1,False,1.0304564979080055e-09,1.0304564979080055e-09,1.4878409836360677e-08
3.5,PRSS1_F2RL2,0.0093400384257235,0.00934003837479,PRSS1,F2RL2,1,1,False,-5.0933500472805093e-11,5.0933500472805093e-11,5.453243140041972e-09
3.5,PSAP_GPR37L1,72.05703348881991,72.05703584476565,PSAP,GPR37L1,1,1,False,2.3559457389410454e-06,2.3559457389410454e-06,3.2695568327519336e-08
3.5,PTHLH_PTH1R,0.0049491086418804,0.0049491084871194,PTHLH,PTH1R,1,1,False,-1.547610000221522e-10,1.547610000221522e-10,3.1270479437960204e-08
3.5,PTPRC_MRC1,0.0031647989020149,0.0031647987482637,PTPRC,MRC1,1,1,False,-1.5375120013955135e-10,1.5375120013955135e-10,4.858166502827846e-08
3.5,PTPRM_PTPRM,0.0839160622789838,0.0839160643316065,PTPRM,PTPRM,1,1,False,2.0526227106909545e-09,2.0526227106909545e-09,2.446042634434949e-08
3.5,RELN_ITGA3_ITGB1,0.2666974469548329,0.6542275731534593,RELN,ITGA3_ITGB1,1,2,True,0.38753012619862637,0.38753012619862637,0.5923475898924321
3.5,SEMA3A_NRP1_PLXNA1,1.4535013577753335,1.621021422015821,SEMA3A,NRP1_PLXNA1,1,2,True,0.1675200642404875,0.1675200642404875,0.10334228898231827
3.5,SEMA3A_NRP1_PLXNA3,1.126206432006154,1.3357322305946688,SEMA3A,NRP1_PLXNA3,1,2,True,0.20952579858851483,0.20952579858851483,0.1568621268465116
3.5,SEMA3A_NRP1_PLXNA4,1.341133188997225,1.4660983354371755,SEMA3A,NRP1_PLXNA4,1,2,True,0.1249651464399506,0.1249651464399506,0.0852365379725278
3.5,SEMA3C_NRP1_NRP2_PLXND1,0.0669613702271961,0.4634013938444313,SEMA3C,NRP1_NRP2_PLXND1,1,3,True,0.3964400236172352,0.3964400236172352,0.855500283087893
3.5,SEMA3C_NRP1_PLXNA1,1.12048781586252,1.2249230764186698,SEMA3C,NRP1_PLXNA1,1,2,True,0.10443526055614982,0.10443526055614982,0.0852586277184761
3.5,SEMA3C_NRP1_PLXNA3,0.8101762754652443,0.993767243043583,SEMA3C,NRP1_PLXNA3,1,2,True,0.1835909675783387,0.1835909675783387,0.18474242219542256
3.5,SEMA3C_NRP1_PLXNA4,1.0285851953094376,1.1301081922521714,SEMA3C,NRP1_PLXNA4,1,2,True,0.10152299694273381,0.10152299694273381,0.089834758865353
3.5,SEMA3C_NRP2_PLXNA1,1.190063663680578,1.29153439503407,SEMA3C,NRP2_PLXNA1,1,2,True,0.10147073135349216,0.10147073135349216,0.07856603102762541
3.5,SEMA3C_NRP2_PLXNA3,0.8674115833215541,1.0610316228471894,SEMA3C,NRP2_PLXNA3,1,2,True,0.19362003952563533,0.19362003952563533,0.18248281705880942
3.5,SEMA3C_NRP2_PLXNA4,1.0959981917082344,1.198818061123922,SEMA3C,NRP2_PLXNA4,1,2,True,0.10281986941568766,0.10281986941568766,0.08576770133016802
3.5,SEMA3C_PLXND1,0.0669613702271961,0.0669613655936186,SEMA3C,PLXND1,1,1,False,-4.633577507795472e-09,4.633577507795472e-09,6.919777017814912e-08
3.5,SEMA3E_PLXND1,0.0168207464979465,0.0168207433830963,SEMA3E,PLXND1,1,1,False,-3.1148502006861367e-09,3.1148502006861367e-09,1.851790704453219e-07
3.5,SEMA3F_NRP2_PLXNA1,0.7446524009640135,0.8107560334728575,SEMA3F,NRP2_PLXNA1,1,2,True,0.06610363250884399,0.06610363250884399,0.08153332171416644
3.5,SEMA3F_NRP2_PLXNA3,0.5650147292874944,0.6694145979635608,SEMA3F,NRP2_PLXNA3,1,2,True,0.10439986867606643,0.10439986867606643,0.15595696447861057
3.5,SEMA3F_NRP2_PLXNA4,0.6750148545998825,0.7361278825802404,SEMA3F,NRP2_PLXNA4,1,2,True,0.06111302798035789,0.06111302798035789,0.08301958046494233
3.5,SEMA3G_NRP2_PLXNA1,0.6744556766854858,0.7340939511212979,SEMA3G,NRP2_PLXNA1,1,2,True,0.059638274435812155,0.059638274435812155,0.08124065638290191
3.5,SEMA3G_NRP2_PLXNA3,0.5072063709742032,0.6074920924801458,SEMA3G,NRP2_PLXNA3,1,2,True,0.10028572150594262,0.10028572150594262,0.16508152574713583
3.5,SEMA3G_NRP2_PLXNA4,0.6229707598817826,0.6766214320018066,SEMA3G,NRP2_PLXNA4,1,2,True,0.053650672120023946,0.053650672120023946,0.07929200817848274
3.5,SEMA4A_NRP1_PLXNA1,2.669907280269225,2.9309718305904244,SEMA4A,NRP1_PLXNA1,1,2,True,0.26106455032119946,0.26106455032119946,0.089070985806305
3.5,SEMA4A_NRP1_PLXNA3,1.95750232188326,2.376745942312217,SEMA4A,NRP1_PLXNA3,1,2,True,0.4192436204289569,0.4192436204289569,0.1763939565291088
3.5,SEMA4A_NRP1_PLXNA4,2.4414777576667595,2.678647926463919,SEMA4A,NRP1_PLXNA4,1,2,True,0.2371701687971597,0.2371701687971597,0.08854100102294811
3.5,SEMA4A_PLXNB2,0.8988437891293832,0.8988437617965399,SEMA4A,PLXNB2,1,1,False,-2.7332843322014355e-08,2.7332843322014355e-08,3.040889157001223e-08
3.5,SEMA4A_PLXNB3,1.080159469422995,1.08015948338139,SEMA4A,PLXNB3,1,1,False,1.3958394884383551e-08,1.3958394884383551e-08,1.2922531440160516e-08
3.5,SEMA4C_PLXNB2,0.894736984033333,0.8947370012760116,SEMA4C,PLXNB2,1,1,False,1.7242678618245577e-08,1.7242678618245577e-08,1.927122561563372e-08
3.5,SEMA4G_PLXNB2,0.1040815508471392,0.1040815498548282,SEMA4G,PLXNB2,1,1,False,-9.923109972609367e-10,9.923109972609367e-10,9.533975898555816e-09
3.5,SEMA5A_PLXNA1,2.7641471138521965,2.7641470623212934,SEMA5A,PLXNA1,1,1,False,-5.1530903100172054e-08,5.1530903100172054e-08,1.8642605106628018e-08
3.5,SEMA5A_PLXNA3,1.8908344232491177,1.8908343592396952,SEMA5A,PLXNA3,1,1,False,-6.400942242912322e-08,6.400942242912322e-08,3.385247361804031e-08
3.5,SEMA5A_PLXNB3,0.9486274917074784,0.9486274973000132,SEMA5A,PLXNB3,1,1,False,5.592534768616986e-09,5.592534768616986e-09,5.895396016386281e-09
3.5,SEMA5B_PLXNA1,17.009975733993027,17.009975945034313,SEMA5B,PLXNA1,1,1,False,2.1104128578031123e-07,2.1104128578031123e-07,1.2406912653037589e-08
3.5,SEMA5B_PLXNA3,11.39523657662391,11.395236440831477,SEMA5B,PLXNA3,1,1,False,-1.357924332978655e-07,1.357924332978655e-07,1.1916596236047344e-08
3.5,SEMA6A_PLXNA4,8.408507991967472,8.408508285403201,SEMA6A,PLXNA4,1,1,False,2.934357290484968e-07,2.934357290484968e-07,3.4897477541633426e-08
3.5,SEMA6D_PLXNA1,9.458076779681225,9.458077077075991,SEMA6D,PLXNA1,1,1,False,2.973947665907417e-07,2.973947665907417e-07,3.144347039754541e-08
3.5,SEMA6D_PLXNA1_KDR,0.2349350713041518,1.4753998073726389,SEMA6D,PLXNA1_KDR,1,2,True,1.240464736068487,1.240464736068487,0.8407651470942515
3.5,SST_SSTR2,1.5666204135780837,1.5666203018063456,SST,SSTR2,1,1,False,-1.1177173808718521e-07,1.1177173808718521e-07,7.134576896767487e-08
3.5,SST_SSTR4,0.2707649588522415,0.2707649710268733,SST,SSTR4,1,1,False,1.2174631802697178e-08,1.2174631802697178e-08,4.496383618798626e-08
3.5,SST_SSTR5,3.5500723351238443,3.550072350665197,SST,SSTR5,1,1,False,1.554135264925094e-08,1.554135264925094e-08,4.377756595957508e-09
3.5,TAC1_TACR1,1.5162135929593292,1.5162135918631436,TAC1,TACR1,1,1,False,-1.096185586746401e-09,1.096185586746401e-09,7.229757019964964e-10
3.5,TGFB2_ACVR1B_TGFBR2,0.0629623037354627,0.0982303513762166,TGFB2,ACVR1B_TGFBR2,1,2,True,0.03526804764075389,0.03526804764075389,0.3590341187488916
3.5,TGFB2_ACVR1C_TGFBR2,0.0093966862762227,0.0236795320062397,TGFB2,ACVR1C_TGFBR2,1,2,True,0.014282845730016999,0.014282845730016999,0.6031726356016404
3.5,TGFB2_TGFBR1_TGFBR2,0.0629623037354627,0.1251379532411905,TGFB2,TGFBR1_TGFBR2,1,2,True,0.062175649505727806,0.062175649505727806,0.4968568519407589
3.5,TGFB3_ACVR1B_TGFBR2,0.0183277742825825,0.0283992368140935,TGFB3,ACVR1B_TGFBR2,1,2,True,0.010071462531510998,0.010071462531510998,0.3546384924862805
3.5,TGFB3_ACVR1C_TGFBR2,0.0027041806827165,0.0068699855511451,TGFB3,ACVR1C_TGFBR2,1,2,True,0.0041658048684286,0.0041658048684286,0.6063775298238054
3.5,TGFB3_TGFBR1_TGFBR2,0.0183277742825825,0.0364706690735721,TGFB3,TGFBR1_TGFBR2,1,2,True,0.018142894790989596,0.018142894790989596,0.4974653674269048
3.5,THBS1_ITGA3_ITGB1,2.1293967648473338,5.303258825237097,THBS1,ITGA3_ITGB1,1,2,True,3.173862060389763,3.173862060389763,0.5984739129242607
3.5,THBS1_SDC4,10.543072706432609,10.543072300907236,THBS1,SDC4,1,1,False,-4.055253732815345e-07,4.055253732815345e-07,3.84636798562636e-08
3.5,THBS2_ITGA3_ITGB1,0.1899972446450878,0.4647462127363438,THBS2,ITGA3_ITGB1,1,2,True,0.27474896809125604,0.27474896809125604,0.5911806499155368
3.5,THBS2_SDC4,0.9068006456444718,0.9068006187078552,THBS2,SDC4,1,1,False,-2.6936616603912e-08,2.6936616603912e-08,2.970511405488457e-08
3.5,THBS3_ITGA3_ITGB1,0.3014496848760676,0.7465350577863519,THBS3,ITGA3_ITGB1,1,2,True,0.44508537291028427,0.44508537291028427,0.5962015691936354
3.5,THBS3_SDC4,1.4775108387498088,1.4775108707632878,THBS3,SDC4,1,1,False,3.201347897885398e-08,3.201347897885398e-08,2.166716984106905e-08
3.5,THY1_ITGAM_ITGB2,0.0053367396952981,0.0195687743060662,THY1,ITGAM_ITGB2,1,2,True,0.0142320346107681,0.0142320346107681,0.7272828838521714
3.5,TNC_ITGA8_ITGB1,0.5498688600278033,2.862869898164285,TNC,ITGA8_ITGB1,1,2,True,2.313001038136482,2.313001038136482,0.8079308946660876
3.5,TNC_ITGA9_ITGB1,0.4571585115884593,2.608025234840108,TNC,ITGA9_ITGB1,1,2,True,2.1508667232516485,2.1508667232516485,0.8247108557534771
3.5,TNC_SDC4,11.784024005686762,11.784023341889368,TNC,SDC4,1,1,False,-6.637973939405128e-07,6.637973939405128e-07,5.6330281881654005e-08
3.5,TNN_ITGA8_ITGB1,0.001260370072632,0.0066530103791605,TNN,ITGA8_ITGB1,1,2,True,0.005392640306528499,0.005392640306528499,0.810556424715658
3.5,TNN_ITGA9_ITGB1,0.0011266860719572,0.0062869048409199,TNN,ITGA9_ITGB1,1,2,True,0.0051602187689627,0.0051602187689627,0.8207884323898335
3.5,TNN_SDC4,0.0276928318683603,0.0276928307019735,TNN,SDC4,1,1,False,-1.1663868031142055e-09,1.1663868031142055e-09,4.2118726198125996e-08
3.5,TNR_ITGA8_ITGB1,0.0753279677617867,0.3905178907574093,TNR,ITGA8_ITGB1,1,2,True,0.3151899229956226,0.3151899229956226,0.8071075114748568
3.5,TNR_ITGA9_ITGB1,0.0646481695912651,0.3613791209878155,TNR,ITGA9_ITGB1,1,2,True,0.29673095139655037,0.29673095139655037,0.8211070705619298
3.5,TNR_SDC4,1.5942222769900454,1.5942222550717406,TNR,SDC4,1,1,False,-2.191830472675349e-08,2.191830472675349e-08,1.3748587661274007e-08
3.5,UCN_CRHR2,0.1091725136586417,0.1091725074964764,UCN,CRHR2,1,1,False,-6.1621652919230385e-09,6.1621652919230385e-09,5.644429248181247e-08
3.5,UTS2B_SSTR5,0.0131862002487525,0.0131861988832978,UTS2B,SSTR5,1,1,False,-1.365454700696933e-09,1.365454700696933e-09,1.0355179467459657e-07
3.5,VEGFA_FLT1,0.0607306943345682,0.0607306913693895,VEGFA,FLT1,1,1,False,-2.9651786997986207e-09,2.9651786997986207e-09,4.8825041970758876e-08
3.5,VEGFA_FLT1_KDR,0.048388178648634,0.0544409294688129,VEGFA,FLT1_KDR,1,2,True,0.0060527508201789,0.0060527508201789,0.11118015212518159
3.5,VEGFA_KDR,0.0491736787323562,0.0491736801541856,VEGFA,KDR,1,1,False,1.4218293972745322e-09,1.4218293972745322e-09,2.891443944842733e-08
3.5,VEGFC_FLT4,0.0046294287479209,0.0046294285443465,VEGFC,FLT4,1,1,False,-2.035744003925366e-10,2.035744003925366e-10,4.3973978535464636e-08
3.5,VEGFC_FLT4_KDR,0.0046294287479209,0.0066914042493264,VEGFC,FLT4_KDR,1,2,True,0.0020619755014055,0.0020619755014055,0.3081528816037489
3.5,VEGFC_KDR,0.0097570181027102,0.0097570183292345,VEGFC,KDR,1,1,False,2.2652429931824258e-10,2.2652429931824258e-10,2.3216549531276208e-08
3.5,VEGFD_FLT4,0.0228389274382183,0.0228389257592769,VEGFD,FLT4,1,1,False,-1.6789413991025182e-09,1.6789413991025182e-09,7.351226994543553e-08
3.5,VEGFD_FLT4_KDR,0.0228389274382183,0.0332190228216353,VEGFD,FLT4_KDR,1,2,True,0.010380095383417002,0.010380095383417002,0.3124744348788166
3.5,VEGFD_KDR,0.0487427706330855,0.0487427706712759,VEGFD,KDR,1,1,False,3.819040222952097e-11,3.819040222952097e-11,7.835090558778302e-10
3.5,VIP_VIPR1,0.1113193474766814,0.1113193389538917,VIP,VIPR1,1,1,False,-8.522789696208122e-09,8.522789696208122e-09,7.656162104250055e-08
3.5,VIP_VIPR2,0.0173281354084237,0.017328133179128,VIP,VIPR2,1,1,False,-2.2292956994296453e-09,2.2292956994296453e-09,1.28651793564928e-07
3.5,VSIR_IGSF11,2.120893388203204,2.120893511542272,VSIR,IGSF11,1,1,False,1.2333906784789406e-07,1.2333906784789406e-07,5.815429543098763e-08
3.5,WNT10B_FZD10_LRP5,0.0328841241411969,0.0627742016831533,WNT10B,FZD10_LRP5,1,2,True,0.029890077541956397,0.029890077541956397,0.4761522526853255
3.5,WNT10B_FZD10_LRP6,0.0328841241411969,0.0691936375496422,WNT10B,FZD10_LRP6,1,2,True,0.03630951340844529,0.03630951340844529,0.5247521982407044
3.5,WNT10B_FZD2_LRP5,0.120376259050871,0.2409785957770433,WNT10B,FZD2_LRP5,1,2,True,0.12060233672617231,0.12060233672617231,0.5004690824813139
3.5,WNT10B_FZD2_LRP6,0.1470835163032142,0.2634835135521227,WNT10B,FZD2_LRP6,1,2,True,0.11639999724890848,0.11639999724890848,0.4417733606162879
3.5,WNT10B_FZD3_LRP5,0.120376259050871,0.1490212268849804,WNT10B,FZD3_LRP5,1,2,True,0.0286449678341094,0.0286449678341094,0.19222072206007637
3.5,WNT10B_FZD3_LRP6,0.1460034275961918,0.1669842508873748,WNT10B,FZD3_LRP6,1,2,True,0.020980823291183004,0.020980823291183004,0.12564552153684155
3.5,WNT10B_FZD4_LRP5,0.0074618228321325,0.0292462679784405,WNT10B,FZD4_LRP5,1,2,True,0.021784445146308,0.021784445146308,0.7448623927800586
3.5,WNT10B_FZD4_LRP6,0.0074618228321325,0.0333406800219227,WNT10B,FZD4_LRP6,1,2,True,0.025878857189790196,0.025878857189790196,0.7761946418841462
3.5,WNT10B_FZD5_LRP5,0.0288470478973115,0.0588468308439571,WNT10B,FZD5_LRP5,1,2,True,0.0299997829466456,0.0299997829466456,0.5097943681316568
3.5,WNT10B_FZD5_LRP6,0.0288470478973115,0.0639942835684322,WNT10B,FZD5_LRP6,1,2,True,0.0351472356711207,0.0351472356711207,0.5492246136881281
3.5,WNT10B_FZD6_LRP5,0.0577339567435305,0.0831548781590164,WNT10B,FZD6_LRP5,1,2,True,0.0254209214154859,0.0254209214154859,0.3057057141840035
3.5,WNT10B_FZD6_LRP6,0.0577339567435305,0.0920913691674307,WNT10B,FZD6_LRP6,1,2,True,0.034357412423900204,0.034357412423900204,0.3730796135893606
3.5,WNT10B_FZD7_LRP5,0.0628899022154553,0.086621647083741,WNT10B,FZD7_LRP5,1,2,True,0.023731744868285692,0.023731744868285692,0.2739701410357986
3.5,WNT10B_FZD7_LRP6,0.0628899022154553,0.096409801376475,WNT10B,FZD7_LRP6,1,2,True,0.03351989916101969,0.03351989916101969,0.34768144610241775
3.5,WNT10B_FZD8_LRP5,0.1043668455612736,0.112023919142657,WNT10B,FZD8_LRP5,1,2,True,0.0076570735813834,0.0076570735813834,0.06835213086619912
3.5,WNT10B_FZD8_LRP6,0.1043993113264396,0.1220456820109921,WNT10B,FZD8_LRP6,1,2,True,0.017646370684552493,0.017646370684552493,0.14458824264641468
3.5,WNT11_FZD10,0.1240983025594922,0.1240983045157671,WNT11,FZD10,1,1,False,1.956274905956512e-09,1.956274905956512e-09,1.5763913242730572e-08
3.5,WNT11_FZD2,1.7948535981371456,1.7948536168015388,WNT11,FZD2,1,1,False,1.866439314213153e-08,1.866439314213153e-08,1.0398838639215499e-08
3.5,WNT11_FZD3,0.6919626736462587,0.6919626491485411,WNT11,FZD3,1,1,False,-2.449771763224362e-08,2.449771763224362e-08,3.540323570222981e-08
3.5,WNT11_FZD4,0.0273123555807897,0.027312357163357,WNT11,FZD4,1,1,False,1.582567299429627e-09,1.582567299429627e-09,5.794327051173899e-08
3.5,WNT11_FZD5,0.104936181699665,0.1049361717630798,WNT11,FZD5,1,1,False,-9.936585193548453e-09,9.936585193548453e-09,9.469169768333752e-08
3.5,WNT11_FZD6,0.2138106457528067,0.21381064796892,WNT11,FZD6,1,1,False,2.216113292874411e-09,2.216113292874411e-09,1.0364840637855184e-08
3.5,WNT11_FZD7,0.2292596910971351,0.229259682010646,WNT11,FZD7,1,1,False,-9.086489088927507e-09,9.086489088927507e-09,3.963404576462441e-08
3.5,WNT11_FZD8,0.3819813711129195,0.3819813463405138,WNT11,FZD8,1,1,False,-2.4772405737838454e-08,2.4772405737838454e-08,6.485239231866978e-08
3.5,WNT2B_FZD10_LRP5,0.1726670961775686,0.3250483645994401,WNT2B,FZD10_LRP5,1,2,True,0.1523812684218715,0.1523812684218715,0.4687956778667453
3.5,WNT2B_FZD10_LRP6,0.1726670961775686,0.3556042900035197,WNT2B,FZD10_LRP6,1,2,True,0.18293719382595108,0.18293719382595108,0.5144403455429079
3.5,WNT2B_FZD2_LRP5,0.6151122789475715,1.2342180125248694,WNT2B,FZD2_LRP5,1,2,True,0.6191057335772979,0.6191057335772979,0.5016178076276642
3.5,WNT2B_FZD2_LRP6,0.7393733516480996,1.3406426870076105,WNT2B,FZD2_LRP6,1,2,True,0.6012693353595109,0.6012693353595109,0.4484933541103168
3.5,WNT2B_FZD3_LRP5,0.6151122789475715,0.7622018823746628,WNT2B,FZD3_LRP5,1,2,True,0.14708960342709132,0.14708960342709132,0.19297984802770266
3.5,WNT2B_FZD3_LRP6,0.7360241416461397,0.845495979724922,WNT2B,FZD3_LRP6,1,2,True,0.10947183807878225,0.10947183807878225,0.12947647381410185
3.5,WNT2B_FZD4_LRP5,0.0374112350982912,0.1484963451057105,WNT2B,FZD4_LRP5,1,2,True,0.1110851100074193,0.1110851100074193,0.7480662903072857
3.5,WNT2B_FZD4_LRP6,0.0374112350982912,0.167160514297482,WNT2B,FZD4_LRP6,1,2,True,0.1297492791991908,0.1297492791991908,0.776195740629791
3.5,WNT2B_FZD5_LRP5,0.1450140820595476,0.2982195942553787,WNT2B,FZD5_LRP5,1,2,True,0.1532055121958311,0.1532055121958311,0.5137338898819451
3.5,WNT2B_FZD5_LRP6,0.1450140820595476,0.3222852202693354,WNT2B,FZD5_LRP6,1,2,True,0.17727113820978782,0.17727113820978782,0.5500442684329161
3.5,WNT2B_FZD6_LRP5,0.2957144061396377,0.4255350212771751,WNT2B,FZD6_LRP5,1,2,True,0.1298206151375374,0.1298206151375374,0.3050762185164024
3.5,WNT2B_FZD6_LRP6,0.2957144061396377,0.4673941377276438,WNT2B,FZD6_LRP6,1,2,True,0.17167973158800615,0.17167973158800615,0.36731254786949424
3.5,WNT2B_FZD7_LRP5,0.3158855391783228,0.4392007916814645,WNT2B,FZD7_LRP5,1,2,True,0.12331525250314168,0.12331525250314168,0.28077192673317747
3.5,WNT2B_FZD7_LRP6,0.3158855391783228,0.4838702723930623,WNT2B,FZD7_LRP6,1,2,True,0.1679847332147395,0.1679847332147395,0.34716894754443706
3.5,WNT2B_FZD8_LRP5,0.5282231970654678,0.5696722257619344,WNT2B,FZD8_LRP5,1,2,True,0.041449028696466605,0.041449028696466605,0.07275943397280547
3.5,WNT2B_FZD8_LRP6,0.5283550654105398,0.6165779862912505,WNT2B,FZD8_LRP6,1,2,True,0.08822292088071071,0.08822292088071071,0.1430847724735946
3.5,WNT3A_FZD10_LRP5,0.0286536651699156,0.0543113012523653,WNT3A,FZD10_LRP5,1,2,True,0.0256576360824497,0.0256576360824497,0.472417995717462
3.5,WNT3A_FZD10_LRP6,0.0286536651699156,0.0592675659597159,WNT3A,FZD10_LRP6,1,2,True,0.030613900789800298,0.030613900789800298,0.5165371699355519
3.5,WNT3A_FZD2_LRP5,0.1034627335718811,0.206737853945973,WNT3A,FZD2_LRP5,1,2,True,0.1032751203740919,0.1032751203740919,0.49954625339721714
3.5,WNT3A_FZD2_LRP6,0.1237009359973398,0.2238254159148184,WNT3A,FZD2_LRP6,1,2,True,0.10012447991747858,0.10012447991747858,0.4473329336092159
3.5,WNT3A_FZD3_LRP5,0.1034627335718811,0.1277622461725062,WNT3A,FZD3_LRP5,1,2,True,0.0242995126006251,0.0242995126006251,0.19019321692118335
3.5,WNT3A_FZD3_LRP6,0.1231632998041972,0.1414627373674777,WNT3A,FZD3_LRP6,1,2,True,0.018299437563280493,0.018299437563280493,0.12935871243424374
3.5,WNT3A_FZD4_LRP5,0.0062086703183884,0.0247997868166466,WNT3A,FZD4_LRP5,1,2,True,0.018591116498258196,0.018591116498258196,0.7496482383380451
3.5,WNT3A_FZD4_LRP6,0.0062086703183884,0.0278802924186355,WNT3A,FZD4_LRP6,1,2,True,0.021671622100247097,0.021671622100247097,0.777309713070353
3.5,WNT3A_FZD5_LRP5,0.0245669180236292,0.0503425137400195,WNT3A,FZD5_LRP5,1,2,True,0.025775595716390303,0.025775595716390303,0.5120045425125471
3.5,WNT3A_FZD5_LRP6,0.0245669180236292,0.0542403082171112,WNT3A,FZD5_LRP6,1,2,True,0.029673390193482,0.029673390193482,0.5470726691800201
3.5,WNT3A_FZD6_LRP5,0.049324127963066,0.0712800589945715,WNT3A,FZD6_LRP5,1,2,True,0.021955931031505505,0.021955931031505505,0.3080234688523141
3.5,WNT3A_FZD6_LRP6,0.049324127963066,0.0780729174479574,WNT3A,FZD6_LRP6,1,2,True,0.0287487894848914,0.0287487894848914,0.3682299883830401
3.5,WNT3A_FZD7_LRP5,0.053043506466353,0.0738068298203901,WNT3A,FZD7_LRP5,1,2,True,0.02076332335403709,0.02076332335403709,0.2813198101661447
3.5,WNT3A_FZD7_LRP6,0.053043506466353,0.0811527322826043,WNT3A,FZD7_LRP6,1,2,True,0.028109225816251304,0.028109225816251304,0.3463743613506988
3.5,WNT3A_FZD8_LRP5,0.0891796209520037,0.095998719750975,WNT3A,FZD8_LRP5,1,2,True,0.0068190987989713014,0.0068190987989713014,0.07103322644989798
3.5,WNT3A_FZD8_LRP6,0.0892030499295448,0.1035965010992448,WNT3A,FZD8_LRP6,1,2,True,0.014393451169700006,0.014393451169700006,0.1389376187127321
3.5,WNT4_FZD10_LRP5,0.0398792768362915,0.0747069257456876,WNT4,FZD10_LRP5,1,2,True,0.0348276489093961,0.0348276489093961,0.4661903640360479
3.5,WNT4_FZD10_LRP6,0.0398792768362915,0.0839961482887388,WNT4,FZD10_LRP6,1,2,True,0.044116871452447304,0.044116871452447304,0.5252249341338187
3.5,WNT4_FZD2_LRP5,0.1406934562210343,0.2835787210238525,WNT4,FZD2_LRP5,1,2,True,0.1428852648028182,0.1428852648028182,0.5038645505097675
3.5,WNT4_FZD2_LRP6,0.1784617674683397,0.3159892676658917,WNT4,FZD2_LRP6,1,2,True,0.137527500197552,0.137527500197552,0.43522838991786716
3.5,WNT4_FZD3_LRP5,0.1406934562210343,0.17700234056793,WNT4,FZD3_LRP5,1,2,True,0.03630888434689569,0.03630888434689569,0.2051322272371933
3.5,WNT4_FZD3_LRP6,0.177905213465278,0.2027135809707118,WNT4,FZD3_LRP6,1,2,True,0.024808367505433804,0.024808367505433804,0.12238137862612242
3.5,WNT4_FZD4_LRP5,0.0092579271299421,0.035150117010713,WNT4,FZD4_LRP5,1,2,True,0.025892189880770904,0.025892189880770904,0.7366174591361822
3.5,WNT4_FZD4_LRP6,0.0092579271299421,0.0409931601531711,WNT4,FZD4_LRP6,1,2,True,0.031735233023229004,0.031735233023229004,0.7741592232618852
3.5,WNT4_FZD5_LRP5,0.0329548301029825,0.0679822894148745,WNT4,FZD5_LRP5,1,2,True,0.035027459311891995,0.035027459311891995,0.5152438909218023
3.5,WNT4_FZD5_LRP6,0.0329548301029825,0.075315028601421,WNT4,FZD5_LRP6,1,2,True,0.0423601984984385,0.0423601984984385,0.5624401833877717
3.5,WNT4_FZD6_LRP5,0.0691026371595119,0.0983275416680846,WNT4,FZD6_LRP5,1,2,True,0.029224904508572708,0.029224904508572708,0.29721992447675116
3.5,WNT4_FZD6_LRP6,0.0691026371595119,0.1111699872076901,WNT4,FZD6_LRP6,1,2,True,0.0420673500481782,0.0420673500481782,0.3784056390110678
3.5,WNT4_FZD7_LRP5,0.0740833848026009,0.1016501516858901,WNT4,FZD7_LRP5,1,2,True,0.027566766883289198,0.027566766883289198,0.2711925799036038
3.5,WNT4_FZD7_LRP6,0.0740833848026009,0.1153030158557263,WNT4,FZD7_LRP6,1,2,True,0.0412196310531254,0.0412196310531254,0.35748961765841186
3.5,WNT4_FZD8_LRP5,0.1202815394505601,0.1299932570521197,WNT4,FZD8_LRP5,1,2,True,0.009711717601559602,0.009711717601559602,0.07470939510089951
3.5,WNT4_FZD8_LRP6,0.1203138069106658,0.1442548341551111,WNT4,FZD8_LRP6,1,2,True,0.023941027244445287,0.023941027244445287,0.16596343120607326
3.5,WNT7A_FZD10_LRP5,0.2821407471493317,0.53573638481834,WNT7A,FZD10_LRP5,1,2,True,0.2535956376690083,0.2535956376690083,0.47335899680399474
3.5,WNT7A_FZD10_LRP6,0.2821407471493317,0.5867343060061672,WNT7A,FZD10_LRP6,1,2,True,0.3045935588568355,0.3045935588568355,0.5191337130602925
3.5,WNT7A_FZD2_LRP5,1.0222377921158687,2.0526105742944845,WNT7A,FZD2_LRP5,1,2,True,1.0303727821786157,1.0303727821786157,0.5019816204214828
3.5,WNT7A_FZD2_LRP6,1.2328345115528927,2.232504489760144,WNT7A,FZD2_LRP6,1,2,True,0.9996699782072513,0.9996699782072513,0.4477796048305614
3.5,WNT7A_FZD3_LRP5,1.0222377921158687,1.2636715874142153,WNT7A,FZD3_LRP5,1,2,True,0.24143379529834652,0.24143379529834652,0.1910573899919518
3.5,WNT7A_FZD3_LRP6,1.224388232948849,1.4042732993043678,WNT7A,FZD3_LRP6,1,2,True,0.17988506635551893,0.17988506635551893,0.12809833131814743
3.5,WNT7A_FZD4_LRP5,0.0626887460586018,0.2474566539735436,WNT7A,FZD4_LRP5,1,2,True,0.1847679079149418,0.1847679079149418,0.7466677696801636
3.5,WNT7A_FZD4_LRP6,0.0626887460586018,0.2793363349617994,WNT7A,FZD4_LRP6,1,2,True,0.21664758890319757,0.21664758890319757,0.7755796929634134
3.5,WNT7A_FZD5_LRP5,0.2438665833402283,0.4985970262264821,WNT7A,FZD5_LRP5,1,2,True,0.2547304428862538,0.2547304428862538,0.5108944287416294
3.5,WNT7A_FZD5_LRP6,0.2438665833402283,0.5392412979660729,WNT7A,FZD5_LRP6,1,2,True,0.29537471462584464,0.29537471462584464,0.5477598168759481
3.5,WNT7A_FZD6_LRP5,0.4915343048097098,0.7070967896444311,WNT7A,FZD6_LRP5,1,2,True,0.21556248483472135,0.21556248483472135,0.3048556972562675
3.5,WNT7A_FZD6_LRP6,0.4915343048097098,0.7780605123256857,WNT7A,FZD6_LRP6,1,2,True,0.28652620751597596,0.28652620751597596,0.3682569709899889
3.5,WNT7A_FZD7_LRP5,0.5293246120558499,0.7326568389563314,WNT7A,FZD7_LRP5,1,2,True,0.20333222690048147,0.20333222690048147,0.27752723524716966
3.5,WNT7A_FZD7_LRP6,0.5293246120558499,0.8088755047117259,WNT7A,FZD7_LRP6,1,2,True,0.27955089265587596,0.27955089265587596,0.34560434952904745
3.5,WNT7A_FZD8_LRP5,0.8848511906794417,0.9505633348755615,WNT7A,FZD8_LRP5,1,2,True,0.06571214419611981,0.06571214419611981,0.06912968529837331
3.5,WNT7A_FZD8_LRP6,0.8851378938576477,1.0298066061478566,WNT7A,FZD8_LRP6,1,2,True,0.14466871229020883,0.14466871229020883,0.14048143741412136
3.5,WNT7B_FZD10_LRP5,1.279510724601836,2.436766128252549,WNT7B,FZD10_LRP5,1,2,True,1.157255403650713,1.157255403650713,0.47491443279400913
3.5,WNT7B_FZD10_LRP6,1.279510724601836,2.643745330843194,WNT7B,FZD10_LRP6,1,2,True,1.3642346062413582,1.3642346062413582,0.5160234574508923
3.5,WNT7B_FZD2_LRP5,4.662980309189437,9.33383160485657,WNT7B,FZD2_LRP5,1,2,True,4.670851295667133,4.670851295667133,0.5004216374802392
3.5,WNT7B_FZD2_LRP6,5.516922052726232,10.058740438994322,WNT7B,FZD2_LRP6,1,2,True,4.54181838626809,4.54181838626809,0.4515295343203212
3.5,WNT7B_FZD3_LRP5,4.662980309189437,5.732746436382278,WNT7B,FZD3_LRP5,1,2,True,1.0697661271928416,1.0697661271928416,0.1866062172929335
3.5,WNT7B_FZD3_LRP6,5.48164747225035,6.30323915041957,WNT7B,FZD3_LRP6,1,2,True,0.8215916781692201,0.8215916781692201,0.13034436082193257
3.5,WNT7B_FZD4_LRP5,0.2774601479193398,1.113723789311166,WNT7B,FZD4_LRP5,1,2,True,0.8362636413918262,0.8362636413918262,0.7508716698141575
3.5,WNT7B_FZD4_LRP6,0.2774601479193398,1.2425799724009434,WNT7B,FZD4_LRP6,1,2,True,0.9651198244816036,0.9651198244816036,0.7767064059601536
3.5,WNT7B_FZD5_LRP5,1.1157617033092846,2.277893774541454,WNT7B,FZD5_LRP5,1,2,True,1.1621320712321692,1.1621320712321692,0.5101783429150947
3.5,WNT7B_FZD5_LRP6,1.1157617033092846,2.442099171417481,WNT7B,FZD5_LRP6,1,2,True,1.3263374681081963,1.3263374681081963,0.5431136800797255
3.5,WNT7B_FZD6_LRP5,2.2204033730049075,3.210495134814918,WNT7B,FZD6_LRP5,1,2,True,0.9900917618100107,0.9900917618100107,0.30839223242339175
3.5,WNT7B_FZD6_LRP6,2.2204033730049075,3.497119316505611,WNT7B,FZD6_LRP6,1,2,True,1.2767159435007036,1.2767159435007036,0.3650764609245368
3.5,WNT7B_FZD7_LRP5,2.3908705828822496,3.326574915209284,WNT7B,FZD7_LRP5,1,2,True,0.9357043323270342,0.9357043323270342,0.28128160530789265
3.5,WNT7B_FZD7_LRP6,2.3908705828822496,3.6359900565977576,WNT7B,FZD7_LRP6,1,2,True,1.245119473715508,1.245119473715508,0.3424430359637953
3.5,WNT7B_FZD8_LRP5,4.042439756473478,4.339433478071766,WNT7B,FZD8_LRP5,1,2,True,0.2969937215982874,0.2969937215982874,0.0684406669900738
3.5,WNT7B_FZD8_LRP6,4.043699042347558,4.659786990349405,WNT7B,FZD8_LRP6,1,2,True,0.6160879480018471,0.6160879480018471,0.13221375768415777
3.5,WNT8B_FZD10_LRP5,0.4159354861134394,0.7810435676197566,WNT8B,FZD10_LRP5,1,2,True,0.3651080815063172,0.3651080815063172,0.4674618633874551
3.5,WNT8B_FZD10_LRP6,0.4159354861134394,0.8607154785365917,WNT8B,FZD10_LRP6,1,2,True,0.4447799924231523,0.4447799924231523,0.5167561215227331
3.5,WNT8B_FZD2_LRP5,1.4743501119515263,2.9647665332149247,WNT8B,FZD2_LRP5,1,2,True,1.4904164212633983,1.4904164212633983,0.5027095403857063
3.5,WNT8B_FZD2_LRP6,1.7987449458677165,3.2432957296448426,WNT8B,FZD2_LRP6,1,2,True,1.444550783777126,1.444550783777126,0.4453959503518083
3.5,WNT8B_FZD3_LRP5,1.4743501119515263,1.8349383085459363,WNT8B,FZD3_LRP5,1,2,True,0.36058819659441,0.36058819659441,0.19651243582142638
3.5,WNT8B_FZD3_LRP6,1.7898493357067853,2.0523296583016144,WNT8B,FZD3_LRP6,1,2,True,0.2624803225948291,0.2624803225948291,0.12789384080335425
3.5,WNT8B_FZD4_LRP5,0.0917242760886024,0.3596101427237014,WNT8B,FZD4_LRP5,1,2,True,0.267885866635099,0.267885866635099,0.744934123954683
3.5,WNT8B_FZD4_LRP6,0.0917242760886024,0.4084149854468146,WNT8B,FZD4_LRP6,1,2,True,0.3166907093582122,0.3166907093582122,0.775414028972874
3.5,WNT8B_FZD5_LRP5,0.3465695316488298,0.7137338788104255,WNT8B,FZD5_LRP5,1,2,True,0.3671643471615957,0.3671643471615957,0.5144275171210109
3.5,WNT8B_FZD5_LRP6,0.3465695316488298,0.7767202615589481,WNT8B,FZD5_LRP6,1,2,True,0.4301507299101183,0.4301507299101183,0.5538039255558581
3.5,WNT8B_FZD6_LRP5,0.714025617337206,1.023573150711127,WNT8B,FZD6_LRP5,1,2,True,0.30954753337392094,0.30954753337392094,0.30241857473387507
3.5,WNT8B_FZD6_LRP6,0.714025617337206,1.133102511887652,WNT8B,FZD6_LRP6,1,2,True,0.41907689455044606,0.41907689455044606,0.3698490561567106
3.5,WNT8B_FZD7_LRP5,0.7628016523307498,1.056403149957897,WNT8B,FZD7_LRP5,1,2,True,0.29360149762714716,0.29360149762714716,0.27792561735436766
3.5,WNT8B_FZD7_LRP6,0.7628016523307498,1.1731113573777772,WNT8B,FZD7_LRP6,1,2,True,0.41030970504702735,0.41030970504702735,0.34976194072844125
3.5,WNT8B_FZD8_LRP5,1.26418431500627,1.364385265377492,WNT8B,FZD8_LRP5,1,2,True,0.10020095037122201,0.10020095037122201,0.07344036388688122
3.5,WNT8B_FZD8_LRP6,1.2645148637214687,1.4870931206854332,WNT8B,FZD8_LRP6,1,2,True,0.2225782569639645,0.2225782569639645,0.14967338216276152
3.5,WNT9A_FZD10_LRP5,0.0160088600171298,0.0302345875577534,WNT9A,FZD10_LRP5,1,2,True,0.014225727540623598,0.014225727540623598,0.4705117115770125
3.5,WNT9A_FZD10_LRP6,0.0160088600171298,0.034103314574441,WNT9A,FZD10_LRP6,1,2,True,0.018094454557311197,0.018094454557311197,0.5305775929144503
3.5,WNT9A_FZD2_LRP5,0.0573735762921353,0.1160194432839447,WNT9A,FZD2_LRP5,1,2,True,0.0586458669918094,0.0586458669918094,0.5054830925906114
3.5,WNT9A_FZD2_LRP6,0.0733659055202404,0.1298173068718266,WNT9A,FZD2_LRP6,1,2,True,0.0564514013515862,0.0564514013515862,0.4348526611118404
3.5,WNT9A_FZD3_LRP5,0.0573735762921353,0.0720889546419945,WNT9A,FZD3_LRP5,1,2,True,0.014715378349859198,0.014715378349859198,0.20412805849298504
3.5,WNT9A_FZD3_LRP6,0.072790929680467,0.0828146672963346,WNT9A,FZD3_LRP6,1,2,True,0.010023737615867598,0.010023737615867598,0.12103819218399794
3.5,WNT9A_FZD4_LRP5,0.0038436905257378,0.0144597399120447,WNT9A,FZD4_LRP5,1,2,True,0.010616049386306899,0.010616049386306899,0.734179829712146
3.5,WNT9A_FZD4_LRP6,0.0038436905257378,0.016918107435475,WNT9A,FZD4_LRP6,1,2,True,0.0130744169097372,0.0130744169097372,0.7728061167363143
3.5,WNT9A_FZD5_LRP5,0.0135952688136192,0.0278865484943067,WNT9A,FZD5_LRP5,1,2,True,0.0142912796806875,0.0142912796806875,0.5124793297243364
3.5,WNT9A_FZD5_LRP6,0.0135952688136192,0.0310189641240886,WNT9A,FZD5_LRP6,1,2,True,0.0174236953104694,0.0174236953104694,0.5617110629732012
3.5,WNT9A_FZD6_LRP5,0.028287156519227,0.0401682941542789,WNT9A,FZD6_LRP5,1,2,True,0.011881137635051903,0.011881137635051903,0.29578397303651177
3.5,WNT9A_FZD6_LRP6,0.028287156519227,0.0455872369690391,WNT9A,FZD6_LRP6,1,2,True,0.017300080449812103,0.017300080449812103,0.3794939461139436
3.5,WNT9A_FZD7_LRP5,0.0307702809983453,0.0418065117263571,WNT9A,FZD7_LRP5,1,2,True,0.011036230728011798,0.011036230728011798,0.26398353443714745
3.5,WNT9A_FZD7_LRP6,0.0307702809983453,0.0476804338659461,WNT9A,FZD7_LRP6,1,2,True,0.0169101528676008,0.0169101528676008,0.354656019178513
3.5,WNT9A_FZD8_LRP5,0.0494709592122108,0.0532438240652425,WNT9A,FZD8_LRP5,1,2,True,0.0037728648530317016,0.0037728648530317016,0.0708601404814314
3.5,WNT9A_FZD8_LRP6,0.0494879985674992,0.0593394349995151,WNT9A,FZD8_LRP6,1,2,True,0.0098514364320159,0.0098514364320159,0.16601837264032598
4.0,ADIPOQ_ADIPOR1,0.0014086179210187,0.0014086180565814,ADIPOQ,ADIPOR1,1,1,False,1.3556270017124616e-10,1.3556270017124616e-10,9.623808209604076e-08
4.0,ADIPOQ_ADIPOR2,0.0058246217899423,0.0058246224498689,ADIPOQ,ADIPOR2,1,1,False,6.599265994777781e-10,6.599265994777781e-10,1.1329946364036551e-07
4.0,ADM_CALCR,0.0624052887831288,0.0624052931276311,ADM,CALCR,1,1,False,4.344502299580277e-09,4.344502299580277e-09,6.961752892811376e-08
4.0,ADM_CALCRL,0.1184396470147759,0.1184396448003198,ADM,CALCRL,1,1,False,-2.2144561045989164e-09,2.2144561045989164e-09,1.8696915774518077e-08
4.0,AGRN_DAG1,15.59474783749356,15.59474710011044,AGRN,DAG1,1,1,False,-7.373831198975722e-07,7.373831198975722e-07,4.728406817356316e-08
4.0,AGT_AGTR1,0.0130812941125741,0.013081294494777,AGT,AGTR1,1,1,False,3.822028995376092e-10,3.822028995376092e-10,2.9217513579425362e-08
4.0,ANGPT1_TEK,0.0056745834682154,0.0056745832901742,ANGPT1,TEK,1,1,False,-1.780411998386633e-10,1.780411998386633e-10,3.137520151671246e-08
4.0,ANGPT2_ITGA5_ITGB1,0.0202152993830733,0.0747547041732105,ANGPT2,ITGA5_ITGB1,1,2,True,0.054539404790137205,0.054539404790137205,0.7295782304718454
4.0,ANGPT2_TEK,0.002683761871911,0.0026837616016024,ANGPT2,TEK,1,1,False,-2.7030860015597735e-10,2.7030860015597735e-10,1.007200389069919e-07
4.0,ANGPTL1_ITGA1_ITGB1,0.0037347458309548,0.0338467223764612,ANGPTL1,ITGA1_ITGB1,1,2,True,0.0301119765455064,0.0301119765455064,0.8896570902962191
4.0,ANGPTL2_ITGA5_ITGB1,0.1438273884297695,0.4880863259386966,ANGPTL2,ITGA5_ITGB1,1,2,True,0.3442589375089271,0.3442589375089271,0.7053238724662937
4.0,ANGPTL4_CDH5,0.0247632768252991,0.0247632795448824,ANGPTL4,CDH5,1,1,False,2.719583298144146e-09,2.719583298144146e-09,1.0982322810736825e-07
4.0,ANGPTL4_ITGA5_ITGB1,0.1250329854909935,0.4266205298258811,ANGPTL4,ITGA5_ITGB1,1,2,True,0.3015875443348876,0.3015875443348876,0.7069222488143646
4.0,ANGPTL4_SDC2,1.3911750355734671,1.3911751018440155,ANGPTL4,SDC2,1,1,False,6.627054838226343e-08,6.627054838226343e-08,4.7636381857626116e-08
4.0,ANGPTL4_SDC3,4.215696055161379,4.215696247838886,ANGPTL4,SDC3,1,1,False,1.9267750683837903e-07,1.9267750683837903e-07,4.570478884410904e-08
4.0,ANGPTL4_SDC4,1.0558582505539256,1.0558582877491949,ANGPTL4,SDC4,1,1,False,3.7195269309009404e-08,3.7195269309009404e-08,3.5227520341105325e-08
4.0,BAG6_NCR3,0.0584098208903687,0.0584098251543787,BAG6,NCR3,1,1,False,4.264010006194141e-09,4.264010006194141e-09,7.300158825889738e-08
4.0,BMP5_BMPR1A_ACVR2A,0.002395647664454,0.0076454887999393,BMP5,BMPR1A_ACVR2A,1,2,True,0.0052498411354853,0.0052498411354853,0.6866586653723147
4.0,BMP5_BMPR1A_BMPR2,0.002395647664454,0.0046550658484156,BMP5,BMPR1A_BMPR2,1,2,True,0.0022594181839616,0.0022594181839616,0.48536760972578213
4.0,BMP6_BMPR1A_ACVR2A,0.0234176182128473,0.0779550150773441,BMP6,BMPR1A_ACVR2A,1,2,True,0.05453739686449681,0.05453739686449681,0.6996008763565347
4.0,BMP6_BMPR1A_BMPR2,0.0234176182128473,0.0471811543435983,BMP6,BMPR1A_BMPR2,1,2,True,0.023763536130751,0.023763536130751,0.5036658483955748
4.0,BMP7_BMPR1A_ACVR2A,0.078734695153875,0.258338279424187,BMP7,BMPR1A_ACVR2A,1,2,True,0.17960358427031203,0.17960358427031203,0.6952263701323412
4.0,BMP7_BMPR1A_BMPR2,0.078734695153875,0.1557207870990615,BMP7,BMPR1A_BMPR2,1,2,True,0.0769860919451865,0.0769860919451865,0.4943854534732857
4.0,BTC_ERBB2_ERBB4,0.0130647664687244,0.0217773657248109,BTC,ERBB2_ERBB4,1,2,True,0.008712599256086499,0.008712599256086499,0.4000759029435896
4.0,BTC_ERBB4,0.0382949026009518,0.0382949037452572,BTC,ERBB4,1,1,False,1.1443054004356412e-09,1.1443054004356412e-09,2.988140166241736e-08
4.0,CALCB_CALCR,0.0074270067318796,0.0074270063177444,CALCB,CALCR,1,1,False,-4.1413520009137006e-10,4.1413520009137006e-10,5.5760714247604056e-08
4.0,CALCB_CALCRL,0.0131535599300849,0.0131535582582272,CALCB,CALCRL,1,1,False,-1.6718577008911772e-09,1.6718577008911772e-09,1.271030587747804e-07
4.0,CCK_CCKAR,0.2790443492535861,0.2790443503359353,CCK,CCKAR,1,1,False,1.0823491547462538e-09,1.0823491547462538e-09,3.8787710750754775e-09
4.0,CCL19_ACKR4,0.0005715240402734,0.0005715239175835,CCL19,ACKR4,1,1,False,-1.2268990001469e-10,1.2268990001469e-10,2.1467145976221546e-07
4.0,CD34_SELP,0.0211048298407834,0.0211048292119741,CD34,SELP,1,1,False,-6.288092997686068e-10,6.288092997686068e-10,2.9794568566171663e-08
4.0,CD40LG_ITGA5_ITGB1,0.0092388556683639,0.0326467843181019,CD40LG,ITGA5_ITGB1,1,2,True,0.023407928649737998,0.023407928649737998,0.7170056450784599
4.0,CD40LG_ITGAM_ITGB2,0.0015046148832904,0.0041790441727778,CD40LG,ITGAM_ITGB2,1,2,True,0.0026744292894873996,0.0026744292894873996,0.6399619575472717
4.0,CDH15_CDH15,0.0001668701990517,0.0001668702275657,CDH15,CDH15,1,1,False,2.8513999999037545e-11,2.8513999999037545e-11,1.7087529881752597e-07
4.0,CDH1_CDH1,0.1860935912984875,0.186093563874993,CDH1,CDH1,1,1,False,-2.742349447526493e-08,2.742349447526493e-08,1.4736399187051327e-07
4.0,CDH1_ITGAE_ITGB7,0.0055917174622468,0.0102671625687093,CDH1,ITGAE_ITGB7,1,2,True,0.0046754451064625,0.0046754451064625,0.4553785016233805
4.0,CDH2_CDH2,10.240959341167986,10.240959239135448,CDH2,CDH2,1,1,False,-1.0203253886231778e-07,1.0203253886231778e-07,9.963181716009129e-09
4.0,CDH5_CDH5,0.0021966699992759,0.0021966700660982,CDH5,CDH5,1,1,False,6.682229986357258e-11,6.682229986357258e-11,3.041981629142178e-08
4.0,CLDN11_CLDN11,0.0149598653201697,0.0149598620152347,CLDN11,CLDN11,1,1,False,-3.3049350010166956e-09,3.3049350010166956e-09,2.209201039103476e-07
4.0,CNTN1_NRCAM,12.302411325736188,12.302411162402308,CNTN1,NRCAM,1,1,False,-1.6333387975464575e-07,1.6333387975464575e-07,1.3276574439756972e-08
4.0,CNTN2_CNTN2,0.0563241354019551,0.0563241351171506,CNTN2,CNTN2,1,1,False,-2.8480449942858144e-10,2.8480449942858144e-10,5.056526787248214e-09
4.0,CNTN2_L1CAM,1.0463125998665703,1.046312596845345,CNTN2,L1CAM,1,1,False,-3.021225269961292e-09,3.021225269961292e-09,2.8874977424018116e-09
4.0,COL1A1_CD44,0.020341427145043,0.0203414234379454,COL1A1,CD44,1,1,False,-3.7070976011133183e-09,3.7070976011133183e-09,1.8224373219637642e-07
4.0,COL1A1_ITGA10_ITGB1,0.0022090904637736,0.0230756567208627,COL1A1,ITGA10_ITGB1,1,2,True,0.0208665662570891,0.0208665662570891,0.9042674932074041
4.0,COL1A1_ITGA1_ITGB1,0.0043661580506699,0.0298316294699595,COL1A1,ITGA1_ITGB1,1,2,True,0.0254654714192896,0.0254654714192896,0.8536399744751916
4.0,COL1A1_ITGA3_ITGB1,0.0849965937261623,0.189322562672059,COL1A1,ITGA3_ITGB1,1,2,True,0.10432596894589669,0.10432596894589669,0.5510487892909425
4.0,COL1A1_ITGA9_ITGB1,0.0138958297973539,0.0761711107213996,COL1A1,ITGA9_ITGB1,1,2,True,0.0622752809240457,0.0622752809240457,0.8175708655716111
4.0,COL1A1_SDC4,0.3070814728700258,0.3070814384544638,COL1A1,SDC4,1,1,False,-3.441556201133622e-08,3.441556201133622e-08,1.1207306546267228e-07
4.0,COL1A2_CD44,0.0313635738887055,0.0313635742934134,COL1A2,CD44,1,1,False,4.0470790607649576e-10,4.0470790607649576e-10,1.2903755875856521e-08
4.0,COL1A2_ITGA10_ITGB1,0.0047212214988131,0.0500830269054266,COL1A2,ITGA10_ITGB1,1,2,True,0.0453618054066135,0.0453618054066135,0.905732105455041
4.0,COL1A2_ITGA1_ITGB1,0.0078234938442986,0.0527691707441081,COL1A2,ITGA1_ITGB1,1,2,True,0.044945676899809495,0.044945676899809495,0.8517412016528205
4.0,COL1A2_ITGA3_ITGB1,0.1633956510422506,0.3653222494476945,COL1A2,ITGA3_ITGB1,1,2,True,0.20192659840544389,0.20192659840544389,0.552735560756901
4.0,COL1A2_ITGA9_ITGB1,0.0283039354438312,0.1509477620532994,COL1A2,ITGA9_ITGB1,1,2,True,0.12264382660946821,0.12264382660946821,0.8124918510958968
4.0,COL1A2_SDC4,0.6085623933953446,0.6085623891341032,COL1A2,SDC4,1,1,False,-4.2612413597709065e-09,4.2612413597709065e-09,7.00214375061235e-09
4.0,COL4A1_CD44,0.0322300284947213,0.0322300274750785,COL4A1,CD44,1,1,False,-1.0196428007480662e-09,1.0196428007480662e-09,3.1636422565219436e-08
4.0,COL4A1_ITGA10_ITGB1,0.0036871581520923,0.03888924670234,COL4A1,ITGA10_ITGB1,1,2,True,0.0352020885502477,0.0352020885502477,0.9051882341585588
4.0,COL4A1_ITGA1_ITGB1,0.005323432902186,0.0396788049554629,COL4A1,ITGA1_ITGB1,1,2,True,0.0343553720532769,0.0343553720532769,0.8658368640849633
4.0,COL4A1_ITGA3_ITGB1,0.1323280512430306,0.2943381406157259,COL4A1,ITGA3_ITGB1,1,2,True,0.1620100893726953,0.1620100893726953,0.550421664802891
4.0,COL4A1_ITGA9_ITGB1,0.0209914038588244,0.1168677789437872,COL4A1,ITGA9_ITGB1,1,2,True,0.0958763750849628,0.0958763750849628,0.8203833079695888
4.0,COL4A1_SDC4,0.4835304719541273,0.4835304646273142,COL4A1,SDC4,1,1,False,-7.326813100672069e-09,7.326813100672069e-09,1.515274326158118e-08
4.0,COL4A2_CD44,0.0411517151615122,0.0411517089012077,COL4A2,CD44,1,1,False,-6.260304497018865e-09,6.260304497018865e-09,1.5212742585451008e-07
4.0,COL4A2_ITGA10_ITGB1,0.0038956610797129,0.0407824253560052,COL4A2,ITGA10_ITGB1,1,2,True,0.036886764276292304,0.036886764276292304,0.9044769641406513
4.0,COL4A2_ITGA1_ITGB1,0.0053520754877973,0.04402458968996,COL4A2,ITGA1_ITGB1,1,2,True,0.0386725142021627,0.0386725142021627,0.878429861005204
4.0,COL4A2_ITGA3_ITGB1,0.1478850995695041,0.3287200620331482,COL4A2,ITGA3_ITGB1,1,2,True,0.18083496246364408,0.18083496246364408,0.5501184240023922
4.0,COL4A2_ITGA9_ITGB1,0.0225976134388217,0.128365078679063,COL4A2,ITGA9_ITGB1,1,2,True,0.10576746524024129,0.10576746524024129,0.8239582472790749
4.0,COL4A2_SDC4,0.5333194504602897,0.5333194224623017,COL4A2,SDC4,1,1,False,-2.799798803909681e-08,2.799798803909681e-08,5.24975941059954e-08
4.0,COL6A1_CD44,0.0441237958143755,0.0441237938656917,COL6A1,CD44,1,1,False,-1.948683797659001e-09,1.948683797659001e-09,4.4164010862912235e-08
4.0,COL6A1_ITGA10_ITGB1,0.0068150123051991,0.0724455359407876,COL6A1,ITGA10_ITGB1,1,2,True,0.06563052363558851,0.06563052363558851,0.905929161587413
4.0,COL6A1_ITGA1_ITGB1,0.0072658152410557,0.052569221361671,COL6A1,ITGA1_ITGB1,1,2,True,0.0453034061206153,0.0453034061206153,0.861785754994018
4.0,COL6A1_ITGA3_ITGB1,0.2137945034269636,0.4724716083984595,COL6A1,ITGA3_ITGB1,1,2,True,0.2586771049714959,0.2586771049714959,0.5474976704914304
4.0,COL6A1_ITGA9_ITGB1,0.0336851348374702,0.1871090694793919,COL6A1,ITGA9_ITGB1,1,2,True,0.1534239346419217,0.1534239346419217,0.8199705929210435
4.0,COL6A1_SDC4,0.7983873177272416,0.7983872545354456,COL6A1,SDC4,1,1,False,-6.319179601810276e-08,6.319179601810276e-08,7.914929836058768e-08
4.0,COL6A2_CD44,0.0243089722637126,0.0243089685048483,COL6A2,CD44,1,1,False,-3.758864299679976e-09,3.758864299679976e-09,1.5462868026268017e-07
4.0,COL6A2_ITGA10_ITGB1,0.0032739271402114,0.0346313092471204,COL6A2,ITGA10_ITGB1,1,2,True,0.031357382106909,0.031357382106909,0.9054633737104921
4.0,COL6A2_ITGA1_ITGB1,0.0038450247842151,0.0285618669152217,COL6A2,ITGA1_ITGB1,1,2,True,0.024716842131006597,0.024716842131006597,0.8653790805892334
4.0,COL6A2_ITGA3_ITGB1,0.1078187359708276,0.2381930404254464,COL6A2,ITGA3_ITGB1,1,2,True,0.13037430445461878,0.13037430445461878,0.5473472449982244
4.0,COL6A2_ITGA9_ITGB1,0.0169678747550937,0.0941344982226179,COL6A2,ITGA9_ITGB1,1,2,True,0.07716662346752419,0.07716662346752419,0.8197486035888084
4.0,COL6A2_SDC4,0.3983432565432793,0.3983432189237658,COL6A2,SDC4,1,1,False,-3.76195135043389e-08,3.76195135043389e-08,9.443994064513956e-08
4.0,COL6A3_CD44,0.010850196737116,0.0108501944088363,COL6A3,CD44,1,1,False,-2.328279699245761e-09,2.328279699245761e-09,2.145840997777725e-07
4.0,COL6A3_ITGA10_ITGB1,0.0008622796453267,0.0088627046888631,COL6A3,ITGA10_ITGB1,1,2,True,0.008000425043536399,0.008000425043536399,0.9027069415490913
4.0,COL6A3_ITGA1_ITGB1,0.0018438049413381,0.0139190689472697,COL6A3,ITGA1_ITGB1,1,2,True,0.0120752640059316,0.0120752640059316,0.8675338883424546
4.0,COL6A3_ITGA3_ITGB1,0.0376705859444232,0.0840769019477003,COL6A3,ITGA3_ITGB1,1,2,True,0.046406316003277104,0.046406316003277104,0.5519508322528816
4.0,COL6A3_ITGA9_ITGB1,0.0059994963935833,0.0334145566232451,COL6A3,ITGA9_ITGB1,1,2,True,0.0274150602296618,0.0274150602296618,0.8204526110811926
4.0,COL6A3_SDC4,0.1329785751552736,0.1329785666872242,COL6A3,SDC4,1,1,False,-8.468049400578437e-09,8.468049400578437e-09,6.367980248465323e-08
4.0,COL6A6_CD44,0.0050531055650569,0.0050531045431796,COL6A6,CD44,1,1,False,-1.0218772997921954e-09,1.0218772997921954e-09,2.0222757799849936e-07
4.0,COL6A6_ITGA10_ITGB1,0.0005525066045646,0.005743467791526,COL6A6,ITGA10_ITGB1,1,2,True,0.0051909611869613995,0.0051909611869613995,0.9038026111368158
4.0,COL6A6_ITGA1_ITGB1,0.0007968907251715,0.0063036708283396,COL6A6,ITGA1_ITGB1,1,2,True,0.0055067801031681,0.0055067801031681,0.8735830682038639
4.0,COL6A6_ITGA3_ITGB1,0.0200128821759614,0.0444623404899376,COL6A6,ITGA3_ITGB1,1,2,True,0.0244494583139762,0.0244494583139762,0.5498913922336011
4.0,COL6A6_ITGA9_ITGB1,0.0031848270311506,0.0176719590597748,COL6A6,ITGA9_ITGB1,1,2,True,0.0144871320286242,0.0144871320286242,0.8197807599950843
4.0,COL6A6_SDC4,0.0721403355027296,0.072140325812321,COL6A6,SDC4,1,1,False,-9.690408600548928e-09,9.690408600548928e-09,1.343271906488745e-07
4.0,COL9A2_CD44,0.0150687731027429,0.0150687720661774,COL9A2,CD44,1,1,False,-1.0365655001010055e-09,1.0365655001010055e-09,6.878897791037308e-08
4.0,COL9A2_ITGA10_ITGB1,0.0023703021170233,0.0255888487188673,COL9A2,ITGA10_ITGB1,1,2,True,0.023218546601844,0.023218546601844,0.9073697240909625
4.0,COL9A2_ITGA1_ITGB1,0.002129012820414,0.0162979060944122,COL9A2,ITGA1_ITGB1,1,2,True,0.014168893273998201,0.014168893273998201,0.8693689356116772
4.0,COL9A2_ITGA3_ITGB1,0.0735553829393141,0.1636446202744011,COL9A2,ITGA3_ITGB1,1,2,True,0.090089237335087,0.090089237335087,0.5505175616773981
4.0,COL9A2_ITGA9_ITGB1,0.0116977006711128,0.0651062446931751,COL9A2,ITGA9_ITGB1,1,2,True,0.05340854402206229,0.05340854402206229,0.8203290525165393
4.0,COL9A2_SDC4,0.2798453441599134,0.2798453382998819,COL9A2,SDC4,1,1,False,-5.860031515592112e-09,5.860031515592112e-09,2.0940250169906294e-08
4.0,COMP_ITGA3_ITGB1,0.054774177309211,0.1208109056187316,COMP,ITGA3_ITGB1,1,2,True,0.0660367283095206,0.0660367283095206,0.5466123109607887
4.0,COMP_SDC4,0.2084957109822554,0.2084956838365962,COMP,SDC4,1,1,False,-2.7145659192706617e-08,2.7145659192706617e-08,1.301976863927763e-07
4.0,CSPG4_ITGA3_ITGB1,0.0294686361077962,0.0651544052583994,CSPG4,ITGA3_ITGB1,1,2,True,0.0356857691506032,0.0356857691506032,0.5477107650522642
4.0,CXCL12_ACKR3,0.0096846746279652,0.0096846739710551,CXCL12,ACKR3,1,1,False,-6.569100992337429e-10,6.569100992337429e-10,6.782985742617179e-08
4.0,CXCL12_CXCR4,0.1691650206281437,0.1691650159354659,CXCL12,CXCR4,1,1,False,-4.692677801898526e-09,4.692677801898526e-09,2.7740237222054953e-08
4.0,DLL1_NOTCH3,0.0618579601054921,0.0618579540040775,DLL1,NOTCH3,1,1,False,-6.101414595782728e-09,6.101414595782728e-09,9.863588429649832e-08
4.0,DLL4_NOTCH3,0.0147959919045794,0.0147959917913713,DLL4,NOTCH3,1,1,False,-1.1320810087978028e-10,1.1320810087978028e-10,7.651268100838989e-09
4.0,EDN1_EDNRA,0.0006186418317714,0.0006186418172455,EDN1,EDNRA,1,1,False,-1.4525900014078497e-11,1.4525900014078497e-11,2.348030680771373e-08
4.0,EDN1_EDNRB,0.1582588146727517,0.1582588102127047,EDN1,EDNRB,1,1,False,-4.4600470261446645e-09,4.4600470261446645e-09,2.818198174532755e-08
4.0,EDN2_EDNRA,0.0113703682503787,0.0113703666035788,EDN2,EDNRA,1,1,False,-1.646799899571172e-09,1.646799899571172e-09,1.4483259146125932e-07
4.0,EDN2_EDNRB,1.9006278503867349,1.9006276229987549,EDN2,EDNRB,1,1,False,-2.2738798000077054e-07,2.2738798000077054e-07,1.1963835000865753e-07
4.0,EFNA1_EPHA2,0.0876443498193465,0.0876443544763615,EFNA1,EPHA2,1,1,False,4.657014995856912e-09,4.657014995856912e-09,5.313536763070064e-08
4.0,EFNA1_EPHA3,0.2672164426255453,0.2672164355444492,EFNA1,EPHA3,1,1,False,-7.0810960983713755e-09,7.0810960983713755e-09,2.6499477460278257e-08
4.0,EFNA1_EPHA4,0.5702347747702075,0.5702347566379479,EFNA1,EPHA4,1,1,False,-1.813225958269271e-08,1.813225958269271e-08,3.1797884634446624e-08
4.0,EFNA1_EPHA5,1.6045898741217024,1.6045898671901626,EFNA1,EPHA5,1,1,False,-6.931539786592111e-09,6.931539786592111e-09,4.319820222214851e-09
4.0,EFNA1_EPHA8,0.0683980375546244,0.0683980366981098,EFNA1,EPHA8,1,1,False,-8.565145953598474e-10,8.565145953598474e-10,1.2522502486651218e-08
4.0,EFNA3_EPHA2,0.2141113463941107,0.2141113717593843,EFNA3,EPHA2,1,1,False,2.5365273603750182e-08,2.5365273603750182e-08,1.1846766192435291e-07
4.0,EFNA3_EPHA3,0.838563875608069,0.8385638875052542,EFNA3,EPHA3,1,1,False,1.189718523697536e-08,1.189718523697536e-08,1.418757164987124e-08
4.0,EFNA3_EPHA4,1.5792710632544016,1.5792710814159805,EFNA3,EPHA4,1,1,False,1.8161578907438525e-08,1.8161578907438525e-08,1.1499975603399756e-08
4.0,EFNA3_EPHA5,3.895215643606993,3.895215826600718,EFNA3,EPHA5,1,1,False,1.8299372506191958e-07,1.8299372506191958e-07,4.6979097746584886e-08
4.0,EFNA3_EPHA8,0.1798115473203191,0.1798115554960825,EFNA3,EPHA8,1,1,False,8.17576339962045e-09,8.17576339962045e-09,4.5468509390646884e-08
4.0,EFNA5_EPHA2,0.2264647876899955,0.2264648130617574,EFNA5,EPHA2,1,1,False,2.537176188588397e-08,2.537176188588397e-08,1.1203401333241575e-07
4.0,EFNA5_EPHA3,0.940171479663546,0.9401714797875864,EFNA5,EPHA3,1,1,False,1.2404044458236285e-10,1.2404044458236285e-10,1.3193385169521137e-10
4.0,EFNA5_EPHA4,1.7222346793767929,1.7222346756593627,EFNA5,EPHA4,1,1,False,-3.717430141492173e-09,3.717430141492173e-09,2.1584922113154523e-09
4.0,EFNA5_EPHA5,4.129242071396575,4.129242246593816,EFNA5,EPHA5,1,1,False,1.7519724071490828e-07,1.7519724071490828e-07,4.242842397038519e-08
4.0,EFNA5_EPHA8,0.1960062293054435,0.1960062371506183,EFNA5,EPHA8,1,1,False,7.845174787579623e-09,7.845174787579623e-09,4.002512828992838e-08
4.0,EFNA5_EPHB2,1.2071394097684778,1.2071394562800926,EFNA5,EPHB2,1,1,False,4.6511614781863386e-08,4.6511614781863386e-08,3.853044032310323e-08
4.0,EFNB1_EPHA4,5.873026664373005,5.87302639618459,EFNB1,EPHA4,1,1,False,-2.6818841458720044e-07,2.6818841458720044e-07,4.5664429929134645e-08
4.0,EFNB1_EPHB1,1.547785427036557,1.547785313667161,EFNB1,EPHB1,1,1,False,-1.1336939587103245e-07,1.1336939587103245e-07,7.324619672126865e-08
4.0,EFNB1_EPHB2,4.115596933456546,4.11559686498539,EFNB1,EPHB2,1,1,False,-6.847115585628671e-08,6.847115585628671e-08,1.6636992631535516e-08
4.0,EFNB1_EPHB3,0.4104105547326686,0.4104104994127856,EFNB1,EPHB3,1,1,False,-5.5319882952264976e-08,5.5319882952264976e-08,1.3479156984229851e-07
4.0,EFNB2_EPHA4,2.6747094066554307,2.674709276334544,EFNB2,EPHA4,1,1,False,-1.3032088652664697e-07,1.3032088652664697e-07,4.8723381389534085e-08
4.0,EFNB2_EPHB1,0.7490732131992331,0.7490731534299957,EFNB2,EPHB1,1,1,False,-5.976923744821505e-08,5.976923744821505e-08,7.979091548734644e-08
4.0,EFNB2_EPHB2,1.8666974998647183,1.866697489518088,EFNB2,EPHB2,1,1,False,-1.0346630441304683e-08,1.0346630441304683e-08,5.5427461825252964e-09
4.0,EFNB2_EPHB3,0.1904958071412331,0.1904957763634127,EFNB2,EPHB3,1,1,False,-3.077782040339372e-08,3.077782040339372e-08,1.6156691774625318e-07
4.0,EFNB3_EPHA4,1.1190706365026322,1.1190705545367416,EFNB3,EPHA4,1,1,False,-8.196589051934211e-08,8.196589051934211e-08,7.324460837923998e-08
4.0,EFNB3_EPHB1,0.325657031802872,0.3256570024860144,EFNB3,EPHB1,1,1,False,-2.9316857552696973e-08,2.9316857552696973e-08,9.002372032440305e-08
4.0,EFNB3_EPHB2,0.8068463289395874,0.8068463127665935,EFNB3,EPHB2,1,1,False,-1.6172993944074676e-08,1.6172993944074676e-08,2.004470165382091e-08
4.0,EFNB3_EPHB3,0.0806703154332874,0.0806703011487615,EFNB3,EPHB3,1,1,False,-1.4284525895469358e-08,1.4284525895469358e-08,1.7707289005560354e-07
4.0,ESAM_ESAM,0.0079538664483915,0.0079538661021303,ESAM,ESAM,1,1,False,-3.4626120026803875e-10,3.4626120026803875e-10,4.3533695532197766e-08
4.0,FGF10_FGFR1,0.2078704064058355,0.207870417135518,FGF10,FGFR1,1,1,False,1.0729682475840718e-08,1.0729682475840718e-08,5.161716911765113e-08
4.0,FGF17_FGFR1,4.032880792388109,4.032880950722754,FGF17,FGFR1,1,1,False,1.5833464495074168e-07,1.5833464495074168e-07,3.92609270854786e-08
4.0,FGF17_FGFR3,0.6461119147522167,0.646111896064457,FGF17,FGFR3,1,1,False,-1.868775978408621e-08,1.868775978408621e-08,2.8923409950198716e-08
4.0,FGF17_FGFR4,0.3967216228259289,0.3967216085055125,FGF17,FGFR4,1,1,False,-1.4320416352742171e-08,1.4320416352742171e-08,3.6096888923610793e-08
4.0,FGF18_FGFR1,0.017018908516674,0.0170189092730397,FGF18,FGFR1,1,1,False,7.563656992393142e-10,7.563656992393142e-10,4.444266592557149e-08
4.0,FGF18_FGFR3,0.002354761468836,0.0023547613391927,FGF18,FGFR3,1,1,False,-1.29643300001564e-10,1.29643300001564e-10,5.505580999066073e-08
4.0,FGF18_FGFR4,0.0016022081104467,0.0016022079643734,FGF18,FGFR4,1,1,False,-1.4607329994024976e-10,1.4607329994024976e-10,9.116999158088405e-08
4.0,FGF2_FGFR1,0.8807825415338498,0.8807826208812592,FGF2,FGFR1,1,1,False,7.934740942072693e-08,7.934740942072693e-08,9.008739221186789e-08
4.0,FGF2_FGFR3,0.1411080259941667,0.141108027962954,FGF2,FGFR3,1,1,False,1.968787299855279e-09,1.968787299855279e-09,1.395234082905728e-08
4.0,FGF2_FGFR4,0.0919134103403174,0.0919134079835758,FGF2,FGFR4,1,1,False,-2.356741593545486e-09,2.356741593545486e-09,2.5640889450401692e-08
4.0,FGF7_FGFR1,0.2394005117321711,0.23940051015727,FGF7,FGFR1,1,1,False,-1.5749010984222878e-09,1.5749010984222878e-09,6.57852018371709e-09
4.0,FGF8_FGFR1,0.0798739651476714,0.0798739663389663,FGF8,FGFR1,1,1,False,1.1912949099412984e-09,1.1912949099412984e-09,1.491468327597159e-08
4.0,FGF8_FGFR3,0.0134723729385464,0.0134723723062878,FGF8,FGFR3,1,1,False,-6.322585996421104e-10,6.322585996421104e-10,4.6930010216175613e-08
4.0,FGF8_FGFR4,0.0103111680053627,0.0103111670780163,FGF8,FGFR4,1,1,False,-9.273464010584043e-10,9.273464010584043e-10,8.993611592557737e-08
4.0,FGF9_FGFR1,0.4559712509739367,0.4559713238661534,FGF9,FGFR1,1,1,False,7.289221670703228e-08,7.289221670703228e-08,1.5986140551336334e-07
4.0,FGF9_FGFR3,0.070285963673809,0.0702859680731055,FGF9,FGFR3,1,1,False,4.399296496537808e-09,4.399296496537808e-09,6.259139081590273e-08
4.0,FGF9_FGFR4,0.0474960314795119,0.0474960328292685,FGF9,FGFR4,1,1,False,1.3497565981568371e-09,1.3497565981568371e-09,2.84183018613099e-08
4.0,FN1_CD44,0.0264807636489169,0.0264807635011424,FN1,CD44,1,1,False,-1.4777450096925548e-10,1.4777450096925548e-10,5.580447109775842e-09
4.0,FN1_ITGA3_ITGB1,0.1301875977144199,0.2899056959803657,FN1,ITGA3_ITGB1,1,2,True,0.1597180982659458,0.1597180982659458,0.5509312182564462
4.0,FN1_ITGA4_ITGB1,0.0044243884600811,0.0494512350549799,FN1,ITGA4_ITGB1,1,2,True,0.0450268465948988,0.0450268465948988,0.9105302738109157
4.0,FN1_ITGA4_ITGB7,0.0034796517217967,0.0061687548830604,FN1,ITGA4_ITGB7,1,2,True,0.0026891031612637003,0.0026891031612637003,0.4359231663829056
4.0,FN1_ITGA5_ITGB1,0.04752109202374,0.1743766064484271,FN1,ITGA5_ITGB1,1,2,True,0.1268555144246871,0.1268555144246871,0.727480119084697
4.0,FN1_ITGA8_ITGB1,0.0086791481854871,0.0664985992607538,FN1,ITGA8_ITGB1,1,2,True,0.057819451075266697,0.057819451075266697,0.8694837442897934
4.0,FN1_SDC4,0.4951730515494769,0.495173030145604,FN1,SDC4,1,1,False,-2.1403872896286202e-08,2.1403872896286202e-08,4.3225035832038935e-08
4.0,GAL_GALR1,0.3618181972896972,0.3618181809182665,GAL,GALR1,1,1,False,-1.6371430711092927e-08,1.6371430711092927e-08,4.5247670884791906e-08
4.0,GAL_GALR2,0.0078203937076916,0.007820393816499,GAL,GALR2,1,1,False,1.0880740058949456e-10,1.0880740058949456e-10,1.3913289169650153e-08
4.0,GAS6_AXL,0.427552593291489,0.4275526094049711,GAS6,AXL,1,1,False,1.611348210417418e-08,1.611348210417418e-08,3.768771783804445e-08
4.0,GAS6_MERTK,0.0175643595401953,0.0175643598512006,GAS6,MERTK,1,1,False,3.110053013732905e-10,3.110053013732905e-10,1.770661179843864e-08
4.0,GAS6_TYRO3,0.4381286631919393,0.4381286914915818,GAS6,TYRO3,1,1,False,2.8299642462759067e-08,2.8299642462759067e-08,6.45920776528346e-08
4.0,GDF10_ACVR1B_ACVR2A,0.4660124518055048,1.3554867786147848,GDF10,ACVR1B_ACVR2A,1,2,True,0.88947432680928,0.88947432680928,0.6562028791739762
4.0,GDF5_BMPR1A_ACVR2A,0.006760508003198,0.0225471717521101,GDF5,BMPR1A_ACVR2A,1,2,True,0.015786663748912102,0.015786663748912102,0.7001615955417863
4.0,GDF5_BMPR1A_BMPR2,0.006760508003198,0.0139306592432991,GDF5,BMPR1A_BMPR2,1,2,True,0.007170151240101099,0.007170151240101099,0.5147029379496216
4.0,GDNF_GFRA1_RET,0.0001763096896092,0.0007023912198728,GDNF,GFRA1_RET,1,2,True,0.0005260815302636,0.0005260815302636,0.7489864841403785
4.0,GRN_SORT1,7.478985874318447,7.478985756965787,GRN,SORT1,1,1,False,-1.1735266003398692e-07,1.1735266003398692e-07,1.5690985650468443e-08
4.0,HBEGF_ERBB2_ERBB4,0.032356417075571,0.056019336843709,HBEGF,ERBB2_ERBB4,1,2,True,0.023662919768138002,0.023662919768138002,0.4224062814980531
4.0,HBEGF_ERBB4,0.1019172438133284,0.1019172337522739,HBEGF,ERBB4,1,1,False,-1.0061054489529653e-08,1.0061054489529653e-08,9.871788240228982e-08
4.0,HSPG2_DAG1,1.2078343687208049,1.2078343038343315,HSPG2,DAG1,1,1,False,-6.488647330549213e-08,6.488647330549213e-08,5.3721333806896224e-08
4.0,IHH_PTCH1_SMO,0.0061657636329027,0.0105292180691297,IHH,PTCH1_SMO,1,2,True,0.004363454436227,0.004363454436227,0.41441391066066735
4.0,IHH_PTCH2_SMO,0.0041059027119955,0.0046359254756994,IHH,PTCH2_SMO,1,2,True,0.0005300227637039003,0.0005300227637039003,0.11432944004000371
4.0,INHBB_ACVR1B_ACVR2A,0.1751578949154235,0.5084072467397198,INHBB,ACVR1B_ACVR2A,1,2,True,0.3332493518242963,0.3332493518242963,0.6554771867657977
4.0,INHBB_ACVR1C_ACVR2A,0.0153142133676213,0.1399249613342907,INHBB,ACVR1C_ACVR2A,1,2,True,0.12461074796666939,0.12461074796666939,0.8905540997003776
4.0,JAG1_NOTCH3,0.1676820183224623,0.1676819998697676,JAG1,NOTCH3,1,1,False,-1.845269470557298e-08,1.845269470557298e-08,1.1004575738161364e-07
4.0,JAG2_NOTCH3,0.0486248765154341,0.048624869730746,JAG2,NOTCH3,1,1,False,-6.784688103000924e-09,6.784688103000924e-09,1.3953121507357216e-07
4.0,JAM2_ITGA3_ITGB1,1.1261357494460786,2.5051447702781027,JAM2,ITGA3_ITGB1,1,2,True,1.379009020832024,1.379009020832024,0.5504707900290077
4.0,JAM2_JAM2,5.962273578099087,5.962273394939137,JAM2,JAM2,1,1,False,-1.8315995031770171e-07,1.8315995031770171e-07,3.0719816512696384e-08
4.0,JAM2_JAM3,1.1590797028315312,1.1590795495283417,JAM2,JAM3,1,1,False,-1.5330318947626154e-07,1.5330318947626154e-07,1.3226285397091773e-07
4.0,JAM3_ITGAM_ITGB2,0.0144139991454313,0.0410500390898293,JAM3,ITGAM_ITGB2,1,2,True,0.026636039944398,0.026636039944398,0.6488675902624764
4.0,JAM3_JAM2,1.2351942422003064,1.2351940847123914,JAM3,JAM2,1,1,False,-1.574879149313091e-07,1.574879149313091e-07,1.2750052546453655e-07
4.0,JAM3_JAM3,0.2483255145770372,0.2483254563823291,JAM3,JAM3,1,1,False,-5.8194708080216984e-08,5.8194708080216984e-08,2.3434848480768349e-07
4.0,L1CAM_ITGA4_ITGB7,0.0594421290315944,0.1082018765123247,L1CAM,ITGA4_ITGB7,1,2,True,0.0487597474807303,0.0487597474807303,0.4506368008800322
4.0,L1CAM_L1CAM,20.9997641017972,20.99976414310774,L1CAM,L1CAM,1,1,False,4.1310538989591805e-08,4.1310538989591805e-08,1.967190617383681e-09
4.0,LAMA1_CD44,0.046291694857439,0.0462916909868469,LAMA1,CD44,1,1,False,-3.8705921037718305e-09,3.8705921037718305e-09,8.36130998377095e-08
4.0,LAMA1_DAG1,0.812888474769645,0.812888460447112,LAMA1,DAG1,1,1,False,-1.4322532937427468e-08,1.4322532937427468e-08,1.7619308652993468e-08
4.0,LAMA1_ITGA1_ITGB1,0.0055406915471952,0.0498804897206013,LAMA1,ITGA1_ITGB1,1,2,True,0.0443397981734061,0.0443397981734061,0.8889206666127253
4.0,LAMA1_ITGA3_ITGB1,0.1313076926235129,0.292189906319058,LAMA1,ITGA3_ITGB1,1,2,True,0.1608822136955451,0.1608822136955451,0.5506083893256363
4.0,LAMA1_ITGA6_ITGB1,0.44335053109802,0.5235242311133743,LAMA1,ITGA6_ITGB1,1,2,True,0.08017370001535434,0.08017370001535434,0.1531422907490827
4.0,LAMA1_ITGA6_ITGB4,0.1643887631120256,0.260896294041475,LAMA1,ITGA6_ITGB4,1,2,True,0.09650753092944941,0.09650753092944941,0.3699076343112313
4.0,LAMA1_ITGA7_ITGB1,0.0186547142267967,0.1091039193342961,LAMA1,ITGA7_ITGB1,1,2,True,0.0904492051074994,0.0904492051074994,0.8290188442301659
4.0,LAMA1_ITGA9_ITGB1,0.0196545262578246,0.112897465324742,LAMA1,ITGA9_ITGB1,1,2,True,0.0932429390669174,0.0932429390669174,0.8259081707344831
4.0,LAMA1_SV2A,0.6346132797307248,0.6346132659049165,LAMA1,SV2A,1,1,False,-1.3825808276024532e-08,1.3825808276024532e-08,2.1786194392104455e-08
4.0,LAMA1_SV2B,0.4832238290735208,0.4832238142549284,LAMA1,SV2B,1,1,False,-1.48185924087052e-08,1.48185924087052e-08,3.066610443677148e-08
4.0,LAMA2_CD44,0.0232614517779235,0.0232614517025041,LAMA2,CD44,1,1,False,-7.541939989197388e-11,7.541939989197388e-11,3.242248188634184e-09
4.0,LAMA2_DAG1,0.4763813798475274,0.4763814145482829,LAMA2,DAG1,1,1,False,3.470075554679042e-08,3.470075554679042e-08,7.284237899938763e-08
4.0,LAMA2_ITGA1_ITGB1,0.0036340457266713,0.0297575127160189,LAMA2,ITGA1_ITGB1,1,2,True,0.026123466989347602,0.026123466989347602,0.8778780417116301
4.0,LAMA2_ITGA3_ITGB1,0.0798450015948507,0.1755994194761579,LAMA2,ITGA3_ITGB1,1,2,True,0.0957544178813072,0.0957544178813072,0.5453003100292613
4.0,LAMA2_ITGA6_ITGB1,0.2287393824428406,0.2886787824537944,LAMA2,ITGA6_ITGB1,1,2,True,0.059939400010953825,0.059939400010953825,0.2076335486157444
4.0,LAMA2_ITGA6_ITGB4,0.0983027387308256,0.1441138604309545,LAMA2,ITGA6_ITGB4,1,2,True,0.04581112170012891,0.04581112170012891,0.3178814415430721
4.0,LAMA2_ITGA7_ITGB1,0.0116050136108026,0.0660116489393565,LAMA2,ITGA7_ITGB1,1,2,True,0.0544066353285539,0.0544066353285539,0.824197489423967
4.0,LAMA2_ITGA9_ITGB1,0.0121028671391088,0.0682381792746084,LAMA2,ITGA9_ITGB1,1,2,True,0.056135312135499604,0.056135312135499604,0.8226378946835075
4.0,LAMA2_SV2A,0.3900287132205485,0.3900287325899856,LAMA2,SV2A,1,1,False,1.9369437109784116e-08,1.9369437109784116e-08,4.966156462669142e-08
4.0,LAMA2_SV2B,0.3147694401746287,0.314769453352596,LAMA2,SV2B,1,1,False,1.3177967272959279e-08,1.3177967272959279e-08,4.1865457821911606e-08
4.0,LAMA3_CD44,0.001258336864745,0.0012583367919209,LAMA3,CD44,1,1,False,-7.282410004888495e-11,7.282410004888495e-11,5.787329457572765e-08
4.0,LAMA3_DAG1,0.0268843567446328,0.026884356304026,LAMA3,DAG1,1,1,False,-4.406068010442965e-10,4.406068010442965e-10,1.6388965718224198e-08
4.0,LAMA3_ITGA1_ITGB1,0.0001727609505736,0.0014530984389736,LAMA3,ITGA1_ITGB1,1,2,True,0.0012803374884,0.0012803374884,0.881108570527658
4.0,LAMA3_ITGA3_ITGB1,0.0044691810557759,0.0098799130105328,LAMA3,ITGA3_ITGB1,1,2,True,0.005410731954756899,0.005410731954756899,0.5476497565301045
4.0,LAMA3_ITGA6_ITGB1,0.0124742972004506,0.0160146593189014,LAMA3,ITGA6_ITGB1,1,2,True,0.0035403621184507995,0.0035403621184507995,0.22107008634721725
4.0,LAMA3_ITGA6_ITGB4,0.0057398746539945,0.008095164050896,LAMA3,ITGA6_ITGB4,1,2,True,0.0023552893969014995,0.0023552893969014995,0.29095017495547953
4.0,LAMA3_ITGA7_ITGB1,0.000665433091807,0.0037675518747544,LAMA3,ITGA7_ITGB1,1,2,True,0.0031021187829474,0.0031021187829474,0.8233778554541128
4.0,LAMA3_ITGA9_ITGB1,0.0006864675095924,0.0038624425084669,LAMA3,ITGA9_ITGB1,1,2,True,0.0031759749988745,0.0031759749988745,0.8222711385120717
4.0,LAMA3_SV2A,0.0212802558338124,0.021280255294711,LAMA3,SV2A,1,1,False,-5.391013989386462e-10,5.391013989386462e-10,2.5333407791181855e-08
4.0,LAMA3_SV2B,0.0182951247982673,0.01829512391762,LAMA3,SV2B,1,1,False,-8.806472981404134e-10,8.806472981404134e-10,4.8135626723017386e-08
4.0,LAMA4_CD44,0.0233065217671581,0.0233065217240649,LAMA4,CD44,1,1,False,-4.309320261741689e-11,4.309320261741689e-11,1.8489761384360998e-09
4.0,LAMA4_DAG1,0.5241358153000151,0.5241358497338817,LAMA4,DAG1,1,1,False,3.4433866646921274e-08,3.4433866646921274e-08,6.569645381899426e-08
4.0,LAMA4_ITGA1_ITGB1,0.003614247447922,0.0287409136051225,LAMA4,ITGA1_ITGB1,1,2,True,0.0251266661572005,0.0251266661572005,0.8742473013356878
4.0,LAMA4_ITGA3_ITGB1,0.0871235933386637,0.1930837704624123,LAMA4,ITGA3_ITGB1,1,2,True,0.1059601771237486,0.1059601771237486,0.5487782679506764
4.0,LAMA4_ITGA6_ITGB1,0.2333601701375522,0.3060881823269137,LAMA4,ITGA6_ITGB1,1,2,True,0.07272801218936151,0.07272801218936151,0.23760477009101008
4.0,LAMA4_ITGA6_ITGB4,0.1122265706458309,0.1547281826698706,LAMA4,ITGA6_ITGB4,1,2,True,0.042501612024039695,0.042501612024039695,0.2746856538392977
4.0,LAMA4_ITGA7_ITGB1,0.0136740052726815,0.075155978069241,LAMA4,ITGA7_ITGB1,1,2,True,0.0614819727965595,0.0614819727965595,0.8180583152003733
4.0,LAMA4_ITGA9_ITGB1,0.0136636197760671,0.0762247306428932,LAMA4,ITGA9_ITGB1,1,2,True,0.0625611108668261,0.0625611108668261,0.8207455813772557
4.0,LAMA4_SV2A,0.4205290360066205,0.4205290592789623,LAMA4,SV2A,1,1,False,2.3272341775903982e-08,2.3272341775903982e-08,5.534062691364697e-08
4.0,LAMA4_SV2B,0.3676573209040621,0.3676573411407245,LAMA4,SV2B,1,1,False,2.0236662401362793e-08,2.0236662401362793e-08,5.504218231730346e-08
4.0,LAMA5_CD44,0.1124467286378675,0.1124467201687052,LAMA5,CD44,1,1,False,-8.469162302016109e-09,8.469162302016109e-09,7.531710708357627e-08
4.0,LAMA5_DAG1,2.6100885223361634,2.610088453766276,LAMA5,DAG1,1,1,False,-6.856988754577742e-08,6.856988754577742e-08,2.6271096539056785e-08
4.0,LAMA5_ITGA1_ITGB1,0.0132959931923216,0.1123683754683906,LAMA5,ITGA1_ITGB1,1,2,True,0.099072382276069,0.099072382276069,0.8816749540348942
4.0,LAMA5_ITGA3_ITGB1,0.4334710330699016,0.9658249041957884,LAMA5,ITGA3_ITGB1,1,2,True,0.5323538711258868,0.5323538711258868,0.5511908719822884
4.0,LAMA5_ITGA6_ITGB1,1.1317982674951708,1.5129861211947768,LAMA5,ITGA6_ITGB1,1,2,True,0.38118785369960606,0.38118785369960606,0.25194405180570273
4.0,LAMA5_ITGA6_ITGB4,0.5930563826631641,0.7812045748886056,LAMA5,ITGA6_ITGB4,1,2,True,0.18814819222544155,0.18814819222544155,0.24084368969839964
4.0,LAMA5_ITGA7_ITGB1,0.066109537764006,0.3735434522533837,LAMA5,ITGA7_ITGB1,1,2,True,0.30743391448937774,0.30743391448937774,0.8230204883388982
4.0,LAMA5_ITGA9_ITGB1,0.0671537238975416,0.3795002772672535,LAMA5,ITGA9_ITGB1,1,2,True,0.3123465533697119,0.3123465533697119,0.8230469701336995
4.0,LAMA5_SV2A,1.9647409557800612,1.9647408817423428,LAMA5,SV2A,1,1,False,-7.403771840053253e-08,7.403771840053253e-08,3.768319593619777e-08
4.0,LAMA5_SV2B,1.8510315518892588,1.8510315002604287,LAMA5,SV2B,1,1,False,-5.162883010001451e-08,5.162883010001451e-08,2.789192331558014e-08
4.0,LAMB3_CD44,0.0060526657711581,0.0060526664102348,LAMB3,CD44,1,1,False,6.390767004135767e-10,6.390767004135767e-10,1.0558597766645876e-07
4.0,LAMB3_DAG1,0.1803466151375978,0.1803466336113385,LAMB3,DAG1,1,1,False,1.847374070385044e-08,1.847374070385044e-08,1.0243463010051429e-07
4.0,LAMB3_ITGA1_ITGB1,0.000728933276992,0.0056280564499647,LAMB3,ITGA1_ITGB1,1,2,True,0.0048991231729727,0.0048991231729727,0.8704822377898197
4.0,LAMB3_ITGA3_ITGB1,0.0304019461001893,0.0678597320309479,LAMB3,ITGA3_ITGB1,1,2,True,0.0374577859307586,0.0374577859307586,0.5519884150688322
4.0,LAMB3_ITGA6_ITGB1,0.0644100877490801,0.0964488595702227,LAMB3,ITGA6_ITGB1,1,2,True,0.032038771821142606,0.032038771821142606,0.33218403995555534
4.0,LAMB3_ITGA6_ITGB4,0.0438251894980905,0.051142734269232,LAMB3,ITGA6_ITGB4,1,2,True,0.0073175447711415,0.0073175447711415,0.14308082811176193
4.0,LAMB3_ITGA7_ITGB1,0.0049376186862449,0.0270372080576324,LAMB3,ITGA7_ITGB1,1,2,True,0.0220995893713875,0.0220995893713875,0.8173769023887417
4.0,LAMB3_ITGA9_ITGB1,0.0048395463100228,0.0270235037903053,LAMB3,ITGA9_ITGB1,1,2,True,0.022183957480282502,0.022183957480282502,0.8209134408485184
4.0,LAMB3_SV2A,0.1329862779394579,0.1329862886463883,LAMB3,SV2A,1,1,False,1.0706930425596894e-08,1.0706930425596894e-08,8.051153644919525e-08
4.0,LAMB3_SV2B,0.142601973537142,0.1426019877528631,LAMB3,SV2B,1,1,False,1.4215721100274692e-08,1.4215721100274692e-08,9.968809919333874e-08
4.0,LAMC1_CD44,0.1162907225428914,0.1162907126560772,LAMC1,CD44,1,1,False,-9.886814200665839e-09,9.886814200665839e-09,8.501808213479192e-08
4.0,LAMC1_DAG1,2.495638206053737,2.4956381605025184,LAMC1,DAG1,1,1,False,-4.555121879690205e-08,4.555121879690205e-08,1.8252332684444093e-08
4.0,LAMC1_ITGA1_ITGB1,0.0144980012155646,0.1234757363043039,LAMC1,ITGA1_ITGB1,1,2,True,0.1089777350887393,0.1089777350887393,0.8825842092584528
4.0,LAMC1_ITGA3_ITGB1,0.4103228860450703,0.9144506957547428,LAMC1,ITGA3_ITGB1,1,2,True,0.5041278097096725,0.5041278097096725,0.5512903123700837
4.0,LAMC1_ITGA6_ITGB1,1.1537359858456062,1.4858721131532888,LAMC1,ITGA6_ITGB1,1,2,True,0.3321361273076826,0.3321361273076826,0.2235294170793944
4.0,LAMC1_ITGA6_ITGB4,0.5455922186432622,0.7573041315785956,LAMC1,ITGA6_ITGB4,1,2,True,0.2117119129353333,0.2117119129353333,0.27955996026856633
4.0,LAMC1_ITGA7_ITGB1,0.0628037299857747,0.3531483651903929,LAMC1,ITGA7_ITGB1,1,2,True,0.2903446352046182,0.2903446352046182,0.8221604963344079
4.0,LAMC1_ITGA9_ITGB1,0.0637003626192105,0.3593704809768577,LAMC1,ITGA9_ITGB1,1,2,True,0.2956701183576472,0.2956701183576472,0.8227445881307303
4.0,LAMC1_SV2A,1.9149775731579832,1.9149775248757672,LAMC1,SV2A,1,1,False,-4.8282216003059375e-08,4.8282216003059375e-08,2.5212940704802787e-08
4.0,LAMC1_SV2B,1.695781361931693,1.6957813347758988,LAMC1,SV2B,1,1,False,-2.7155794279920542e-08,2.7155794279920542e-08,1.601373554960347e-08
4.0,LAMC3_CD44,0.0024131448560411,0.0024131450358879,LAMC3,CD44,1,1,False,1.798468002127407e-10,1.798468002127407e-10,7.452796973994035e-08
4.0,LAMC3_DAG1,0.0481100338364922,0.0481100405036044,LAMC3,DAG1,1,1,False,6.667112202596304e-09,6.667112202596304e-09,1.385804736975186e-07
4.0,LAMC3_ITGA1_ITGB1,0.0003108460947482,0.0025955739379667,LAMC3,ITGA1_ITGB1,1,2,True,0.0022847278432184997,0.0022847278432184997,0.8802399383807543
4.0,LAMC3_ITGA3_ITGB1,0.0078368793588786,0.017495190919964,LAMC3,ITGA3_ITGB1,1,2,True,0.009658311561085401,0.009658311561085401,0.5520552250769765
4.0,LAMC3_ITGA6_ITGB1,0.0235612704992238,0.0293834507099911,LAMC3,ITGA6_ITGB1,1,2,True,0.005822180210767299,0.005822180210767299,0.19814487645549453
4.0,LAMC3_ITGA6_ITGB4,0.0102016251058803,0.014831529365253,LAMC3,ITGA6_ITGB4,1,2,True,0.004629904259372699,0.004629904259372699,0.31216634140370875
4.0,LAMC3_ITGA7_ITGB1,0.0011842095810711,0.0067268907455159,LAMC3,ITGA7_ITGB1,1,2,True,0.0055426811644448005,0.0055426811644448005,0.8239588502518068
4.0,LAMC3_ITGA9_ITGB1,0.0012079773521445,0.006854867211607,LAMC3,ITGA9_ITGB1,1,2,True,0.0056468898594625,0.0056468898594625,0.8237781542873518
4.0,LAMC3_SV2A,0.0374936635512473,0.0374936685502012,LAMC3,SV2A,1,1,False,4.998953896662162e-09,4.998953896662162e-09,1.3332794815660513e-07
4.0,LAMC3_SV2B,0.0315250007039236,0.0315250052370528,LAMC3,SV2B,1,1,False,4.533129205341879e-09,4.533129205341879e-09,1.4379471696372256e-07
4.0,LRRC4C_NTNG1,1.5096454403191315,1.5096454200691838,LRRC4C,NTNG1,1,1,False,-2.0249947718653516e-08,2.0249947718653516e-08,1.3413711046199548e-08
4.0,MAG_MAG,0.000331683208798,0.0003316832342973,MAG,MAG,1,1,False,2.549929999139458e-11,2.549929999139458e-11,7.687847124807826e-08
4.0,MPZ_MPZ,0.0551362645046843,0.0551362623352768,MPZ,MPZ,1,1,False,-2.1694075008626967e-09,2.1694075008626967e-09,3.934629087319448e-08
4.0,MSTN_ACVR1B_ACVR2A,0.0293501058584398,0.0873492846489839,MSTN,ACVR1B_ACVR2A,1,2,True,0.057999178790544094,0.057999178790544094,0.6639914570979693
4.0,MSTN_TGFBR1_ACVR2A,0.0575496739906619,0.1207431688218872,MSTN,TGFBR1_ACVR2A,1,2,True,0.0631934948312253,0.0631934948312253,0.5233711807286126
4.0,NCAM1_FGFR1,0.3128082597047398,0.3128082734392463,NCAM1,FGFR1,1,1,False,1.3734506476570374e-08,1.3734506476570374e-08,4.3907107460947305e-08
4.0,NCAM1_L1CAM,0.2709972363798111,0.270997244168441,NCAM1,L1CAM,1,1,False,7.788629907690137e-09,7.788629907690137e-09,2.8740624029552998e-08
4.0,NCAM1_NCAM1,0.0041431090124431,0.0041431092479543,NCAM1,NCAM1,1,1,False,2.355111999516324e-10,2.355111999516324e-10,5.6844071893088096e-08
4.0,NCAM1_NCAM2,0.178637136977208,0.1786371523381066,NCAM1,NCAM2,1,1,False,1.5360898580896176e-08,1.5360898580896176e-08,8.598938339446096e-08
4.0,NCAM2_L1CAM,12.41350343710644,12.413504149766071,NCAM2,L1CAM,1,1,False,7.126596308637545e-07,7.126596308637545e-07,5.741002880940627e-08
4.0,NEGR1_NEGR1,1.9993457162701531,1.9993455509668476,NEGR1,NEGR1,1,1,False,-1.6530330548825134e-07,1.6530330548825134e-07,8.267870040836671e-08
4.0,NFASC_CNTN1_CNTNAP1,0.0198618349742178,0.4299107984936901,NFASC,CNTN1_CNTNAP1,1,2,True,0.41004896351947234,0.41004896351947234,0.953800102151867
4.0,NMB_NMBR,0.1598166630474989,0.1598166650637202,NMB,NMBR,1,1,False,2.0162213010266328e-09,2.0162213010266328e-09,1.2615838906554263e-08
4.0,NMU_NMUR1,0.0070060402886877,0.007006040066229,NMU,NMUR1,1,1,False,-2.2245869989862e-10,2.2245869989862e-10,3.1752415163500105e-08
4.0,NPB_NPBWR1,8.075024989933495e-05,8.075025675669014e-05,NPB,NPBWR1,1,1,False,6.857355192035376e-12,6.857355192035376e-12,8.492053731417078e-08
4.0,NPFF_NPFFR2,0.0031628377974614,0.003162837715774,NPFF,NPFFR2,1,1,False,-8.168739989988794e-11,8.168739989988794e-11,2.5827249176499974e-08
4.0,NPPC_NPR2,0.003308515096544,0.0033085145996738,NPPC,NPR2,1,1,False,-4.968701999320813e-10,4.968701999320813e-10,1.5017921497505048e-07
4.0,NPW_NPBWR1,0.0014501795770702,0.0014501795811946,NPW,NPBWR1,1,1,False,4.124400040245169e-12,4.124400040245169e-12,2.844061586391702e-09
4.0,NPY_GPR83,0.0350767301182038,0.0350767343955475,NPY,GPR83,1,1,False,4.277343701453162e-09,4.277343701453162e-09,1.219424719878174e-07
4.0,NPY_NPY1R,0.5619139659569572,0.5619139651151243,NPY,NPY1R,1,1,False,-8.418329366932653e-10,8.418329366932653e-10,1.4981527203361058e-09
4.0,NPY_NPY2R,0.1433982939023732,0.1433982850453029,NPY,NPY2R,1,1,False,-8.857070299406189e-09,8.857070299406189e-09,6.176552076300266e-08
4.0,NRG1_ERBB2_ERBB3,0.0084900991938127,0.0416296681417686,NRG1,ERBB2_ERBB3,1,2,True,0.0331395689479559,0.0331395689479559,0.7960565247625824
4.0,NRG1_ERBB2_ERBB4,0.3001455189903465,0.4986481956667874,NRG1,ERBB2_ERBB4,1,2,True,0.1985026766764409,0.1985026766764409,0.39808161024428274
4.0,NRG1_ERBB3,0.0084900991938127,0.0084900969262523,NRG1,ERBB3,1,1,False,-2.2675603998656424e-09,2.2675603998656424e-09,2.6708291011701776e-07
4.0,NRG1_ERBB4,0.8767531605998979,0.8767530955438945,NRG1,ERBB4,1,1,False,-6.505600347317397e-08,6.505600347317397e-08,7.420104813612638e-08
4.0,NRG3_ERBB2_ERBB4,0.4819282228786615,0.81000634003276,NRG3,ERBB2_ERBB4,1,2,True,0.32807811715409846,0.32807811715409846,0.40503154227265636
4.0,NRG3_ERBB4,1.4278200617715306,1.427820184491072,NRG3,ERBB4,1,1,False,1.2271954141773733e-07,1.2271954141773733e-07,8.594887700195884e-08
4.0,NRG4_ERBB2_ERBB4,0.0108627130708508,0.0184818398609999,NRG4,ERBB2_ERBB4,1,2,True,0.007619126790149099,0.007619126790149099,0.41224936734934414
4.0,NRG4_ERBB4,0.0337451465833788,0.0337451406531547,NRG4,ERBB4,1,1,False,-5.930224103445347e-09,5.930224103445347e-09,1.7573561545488394e-07
4.0,NRTN_GFRA2_RET,0.0006793620135324,0.003463777568873,NRTN,GFRA2_RET,1,2,True,0.0027844155553406,0.0027844155553406,0.8038667321950924
4.0,NRXN1_NLGN1,2.458224344008756,2.45822422264871,NRXN1,NLGN1,1,1,False,-1.2136004601259742e-07,1.2136004601259742e-07,4.9368987134302476e-08
4.0,NRXN1_NLGN2,2.445577279245684,2.4455771256939145,NRXN1,NLGN2,1,1,False,-1.5355176952169813e-07,1.5355176952169813e-07,6.278753520684481e-08
4.0,NRXN1_NLGN3,4.003662913245009,4.003662546166196,NRXN1,NLGN3,1,1,False,-3.67078812679722e-07,3.67078812679722e-07,9.168574393846782e-08
4.0,NRXN2_NLGN1,4.720736564060925,4.720736430042486,NRXN2,NLGN1,1,1,False,-1.3401843901306165e-07,1.3401843901306165e-07,2.8389306879216072e-08
4.0,NRXN2_NLGN2,4.672025081148215,4.67202488463813,NRXN2,NLGN2,1,1,False,-1.9651008464904862e-07,1.9651008464904862e-07,4.206100807163337e-08
4.0,NRXN2_NLGN3,7.701133533597947,7.701132961217446,NRXN2,NLGN3,1,1,False,-5.723805003299276e-07,5.723805003299276e-07,7.43241884889786e-08
4.0,NRXN3_NLGN1,4.586741876651823,4.586742142112626,NRXN3,NLGN1,1,1,False,2.654608026730898e-07,2.654608026730898e-07,5.7875676122229135e-08
4.0,NRXN3_NLGN2,4.525927283825785,4.5259274771978495,NRXN3,NLGN2,1,1,False,1.9337206413894137e-07,1.9337206413894137e-07,4.272540050921549e-08
4.0,NRXN3_NLGN3,7.459585862699521,7.459585944176916,NRXN3,NLGN3,1,1,False,8.147739460895309e-08,8.147739460895309e-08,1.0922508999652424e-08
4.0,NTS_NTSR1,0.92562793373664,0.9256278623583496,NTS,NTSR1,1,1,False,-7.137829038939003e-08,7.137829038939003e-08,7.711337113741277e-08
4.0,PDGFA_PDGFRA,0.0225501970498158,0.0225501982953666,PDGFA,PDGFRA,1,1,False,1.2455508013875516e-09,1.2455508013875516e-09,5.523458308761194e-08
4.0,PDGFA_PDGFRB,0.032795558947796,0.0327955579865952,PDGFA,PDGFRB,1,1,False,-9.61200799509676e-10,9.61200799509676e-10,2.930887078459972e-08
4.0,PDGFC_PDGFRA,0.0219879569113499,0.0219879582586611,PDGFC,PDGFRA,1,1,False,1.347311200106116e-09,1.347311200106116e-09,6.12749571495756e-08
4.0,PDGFD_PDGFRB,0.2733578318938815,0.2733578241731148,PDGFD,PDGFRB,1,1,False,-7.720766692642655e-09,7.720766692642655e-09,2.8244175918251667e-08
4.0,PECAM1_PECAM1,0.0151302140617193,0.0151302152783614,PECAM1,PECAM1,1,1,False,1.2166421013010131e-09,1.2166421013010131e-09,8.0411420387455e-08
4.0,PLG_F2R,0.0255187726761209,0.0255187711634708,PLG,F2R,1,1,False,-1.5126501023976502e-09,1.5126501023976502e-09,5.9275973872094054e-08
4.0,PLG_F2RL2,0.0027120406556057,0.0027120405240242,PLG,F2RL2,1,1,False,-1.3158150003605984e-10,1.3158150003605984e-10,4.8517524899224926e-08
4.0,PROS1_AXL,0.5346981653200674,0.5346982006334047,PROS1,AXL,1,1,False,3.531333725437236e-08,3.531333725437236e-08,6.60434937176525e-08
4.0,PROS1_TYRO3,0.5196174007529464,0.5196174433972952,PROS1,TYRO3,1,1,False,4.26443488299455e-08,4.26443488299455e-08,8.206873993900929e-08
4.0,PRSS1_F2R,0.035092527151478,0.0350925217739362,PRSS1,F2R,1,1,False,-5.377541800744012e-09,5.377541800744012e-09,1.5323894393617432e-07
4.0,PRSS1_F2RL2,0.0037010411267376,0.0037010405172215,PRSS1,F2RL2,1,1,False,-6.095160999183835e-10,6.095160999183835e-10,1.6468774029962235e-07
4.0,PSAP_GPR37L1,59.700817529017584,59.70081401566453,PSAP,GPR37L1,1,1,False,-3.51335305737166e-06,3.51335305737166e-06,5.88493290843797e-08
4.0,PTHLH_PTH1R,0.0001269386197315,0.0001269385859671,PTHLH,PTH1R,1,1,False,-3.376439999445112e-11,3.376439999445112e-11,2.659899726802562e-07
4.0,PTPRC_MRC1,0.0016438909382317,0.001643891261123,PTPRC,MRC1,1,1,False,3.228912998521488e-10,3.228912998521488e-10,1.9641889186245226e-07
4.0,PTPRM_PTPRM,0.0823814953894568,0.0823814930646568,PTPRM,PTPRM,1,1,False,-2.324800005282235e-09,2.324800005282235e-09,2.8219929661288513e-08
4.0,RELN_ITGA3_ITGB1,0.1728787512823645,0.3837991748734971,RELN,ITGA3_ITGB1,1,2,True,0.21092042359113258,0.21092042359113258,0.5495593461363054
4.0,SEMA3A_NRP1_PLXNA1,1.1117799318046058,1.399758973946601,SEMA3A,NRP1_PLXNA1,1,2,True,0.2879790421419952,0.2879790421419952,0.2057347354095129
4.0,SEMA3A_NRP1_PLXNA3,1.0503387383662983,1.3298494436060864,SEMA3A,NRP1_PLXNA3,1,2,True,0.27951070523978805,0.27951070523978805,0.21018221768161427
4.0,SEMA3A_NRP1_PLXNA4,1.0917528744991305,1.3220358758841495,SEMA3A,NRP1_PLXNA4,1,2,True,0.230283001385019,0.230283001385019,0.17418816356326988
4.0,SEMA3C_NRP1_NRP2_PLXND1,0.0130733100772506,0.1502940490983705,SEMA3C,NRP1_NRP2_PLXND1,1,3,True,0.1372207390211199,0.1372207390211199,0.913015118325185
4.0,SEMA3C_NRP1_PLXNA1,0.413317437443837,0.5046092280692839,SEMA3C,NRP1_PLXNA1,1,2,True,0.0912917906254469,0.0912917906254469,0.18091581672959883
4.0,SEMA3C_NRP1_PLXNA3,0.3719568014552432,0.4733601502176476,SEMA3C,NRP1_PLXNA3,1,2,True,0.10140334876240442,0.10140334876240442,0.21422029022886674
4.0,SEMA3C_NRP1_PLXNA4,0.3995717054821845,0.4875229505033261,SEMA3C,NRP1_PLXNA4,1,2,True,0.0879512450211416,0.0879512450211416,0.18040431723335157
4.0,SEMA3C_NRP2_PLXNA1,0.4980040583123335,0.5448367042158325,SEMA3C,NRP2_PLXNA1,1,2,True,0.046832645903499004,0.046832645903499004,0.0859572153291395
4.0,SEMA3C_NRP2_PLXNA3,0.4489899981419917,0.5145835694341987,SEMA3C,NRP2_PLXNA3,1,2,True,0.065593571292207,0.065593571292207,0.12746922985576328
4.0,SEMA3C_NRP2_PLXNA4,0.46852732881594,0.5256244001291316,SEMA3C,NRP2_PLXNA4,1,2,True,0.05709707131319158,0.05709707131319158,0.1086271324146375
4.0,SEMA3C_PLXND1,0.0130733100772506,0.0130733096139348,SEMA3C,PLXND1,1,1,False,-4.633157989208936e-10,4.633157989208936e-10,3.543982328753361e-08
4.0,SEMA3E_PLXND1,0.0063015345945939,0.0063015336117469,SEMA3E,PLXND1,1,1,False,-9.828469999667577e-10,9.828469999667577e-10,1.5596946826411844e-07
4.0,SEMA3F_NRP2_PLXNA1,0.3614100020350111,0.3942393255351915,SEMA3F,NRP2_PLXNA1,1,2,True,0.03282932350018036,0.03282932350018036,0.08327257423042106
4.0,SEMA3F_NRP2_PLXNA3,0.3312887680406691,0.3742303397258533,SEMA3F,NRP2_PLXNA3,1,2,True,0.0429415716851842,0.0429415716851842,0.11474636641337402
4.0,SEMA3F_NRP2_PLXNA4,0.336598464806359,0.3772349934171066,SEMA3F,NRP2_PLXNA4,1,2,True,0.04063652861074757,0.04063652861074757,0.10772205474007017
4.0,SEMA3G_NRP2_PLXNA1,0.2830403318201896,0.3154458128575813,SEMA3G,NRP2_PLXNA1,1,2,True,0.03240548103739166,0.03240548103739166,0.10272915257246484
4.0,SEMA3G_NRP2_PLXNA3,0.264363356172457,0.3031084284456257,SEMA3G,NRP2_PLXNA3,1,2,True,0.0387450722731687,0.0387450722731687,0.12782578324152125
4.0,SEMA3G_NRP2_PLXNA4,0.2683696497657553,0.3052816135547047,SEMA3G,NRP2_PLXNA4,1,2,True,0.0369119637889494,0.0369119637889494,0.12091119199464985
4.0,SEMA4A_NRP1_PLXNA1,1.2648033054634698,1.5622112456029975,SEMA4A,NRP1_PLXNA1,1,2,True,0.29740794013952776,0.29740794013952776,0.1903762637585747
4.0,SEMA4A_NRP1_PLXNA3,1.1606017703389235,1.472582559223934,SEMA4A,NRP1_PLXNA3,1,2,True,0.3119807888850106,0.3119807888850106,0.21185962507217768
4.0,SEMA4A_NRP1_PLXNA4,1.2303941574701418,1.4947745108524713,SEMA4A,NRP1_PLXNA4,1,2,True,0.26438035338232946,0.26438035338232946,0.17686972279956334
4.0,SEMA4A_PLXNB2,1.1225503761562914,1.1225503616816168,SEMA4A,PLXNB2,1,1,False,-1.4474674570053025e-08,1.4474674570053025e-08,1.2894454340317047e-08
4.0,SEMA4A_PLXNB3,0.880688875283558,0.8806888028211382,SEMA4A,PLXNB3,1,1,False,-7.246241984226742e-08,7.246241984226742e-08,8.227924966003061e-08
4.0,SEMA4C_PLXNB2,0.7184200304449672,0.7184200938047807,SEMA4C,PLXNB2,1,1,False,6.335981350691355e-08,6.335981350691355e-08,8.81932647113996e-08
4.0,SEMA4G_PLXNB2,0.1273011440559661,0.12730114080359,SEMA4G,PLXNB2,1,1,False,-3.2523760906677524e-09,3.2523760906677524e-09,2.5548679195199474e-08
4.0,SEMA5A_PLXNA1,1.7353336251913327,1.735333770647267,SEMA5A,PLXNA1,1,1,False,1.4545593418624492e-07,1.4545593418624492e-07,8.382014840406805e-08
4.0,SEMA5A_PLXNA3,1.558229613915787,1.5582296986878812,SEMA5A,PLXNA3,1,1,False,8.477209423318754e-08,8.477209423318754e-08,5.440282283450926e-08
4.0,SEMA5A_PLXNB3,0.914871191529906,0.9148711960514624,SEMA5A,PLXNB3,1,1,False,4.521556351555489e-09,4.521556351555489e-09,4.942287363587679e-09
4.0,SEMA5B_PLXNA1,10.262393817213876,10.262394201722694,SEMA5B,PLXNA1,1,1,False,3.845088176746003e-07,3.845088176746003e-07,3.746774973914517e-08
4.0,SEMA5B_PLXNA3,9.22025239633157,9.220252376670912,SEMA5B,PLXNA3,1,1,False,-1.9660658878706272e-08,1.9660658878706272e-08,2.1323341307368755e-09
4.0,SEMA6A_PLXNA4,5.353406558538279,5.353406460117931,SEMA6A,PLXNA4,1,1,False,-9.842034831564206e-08,9.842034831564206e-08,1.8384620566257765e-08
4.0,SEMA6D_PLXNA1,4.661533688403445,4.661533795306667,SEMA6D,PLXNA1,1,1,False,1.0690322227446813e-07,1.0690322227446813e-07,2.293305743746846e-08
4.0,SEMA6D_PLXNA1_KDR,0.1367060147487774,0.7669965831483935,SEMA6D,PLXNA1_KDR,1,2,True,0.6302905683996161,0.6302905683996161,0.8217645061890342
4.0,SST_SSTR2,0.4712929068640619,0.4712928855142186,SST,SSTR2,1,1,False,-2.1349843282170156e-08,2.1349843282170156e-08,4.530058265512625e-08
4.0,SST_SSTR4,0.0749372197546677,0.0749372159957241,SST,SSTR4,1,1,False,-3.758943600828957e-09,3.758943600828957e-09,5.016123647414634e-08
4.0,SST_SSTR5,1.0625655236721263,1.0625655650442571,SST,SSTR5,1,1,False,4.1372130832328935e-08,4.1372130832328935e-08,3.893607339948546e-08
4.0,TAC1_TACR1,0.1828012716524016,0.1828012690234459,TAC1,TACR1,1,1,False,-2.6289556920300328e-09,2.6289556920300328e-09,1.438149564423719e-08
4.0,TGFB2_ACVR1B_TGFBR2,0.0789387259404437,0.1110008818826057,TGFB2,ACVR1B_TGFBR2,1,2,True,0.03206215594216201,0.03206215594216201,0.28884595688231446
4.0,TGFB2_ACVR1C_TGFBR2,0.0113076054641198,0.0250975160360452,TGFB2,ACVR1C_TGFBR2,1,2,True,0.013789910571925398,0.013789910571925398,0.5494532029432813
4.0,TGFB2_TGFBR1_TGFBR2,0.0788556510122638,0.1534025382227917,TGFB2,TGFBR1_TGFBR2,1,2,True,0.0745468872105279,0.0745468872105279,0.4859560218114575
4.0,TGFB3_ACVR1B_TGFBR2,0.0166202788550927,0.0234452130243372,TGFB3,ACVR1B_TGFBR2,1,2,True,0.006824934169244498,0.006824934169244498,0.29110139294362164
4.0,TGFB3_ACVR1C_TGFBR2,0.0030556576349446,0.0066830473402033,TGFB3,ACVR1C_TGFBR2,1,2,True,0.0036273897052586995,0.0036273897052586995,0.5427748032603872
4.0,TGFB3_TGFBR1_TGFBR2,0.0166007097460641,0.0310746315393532,TGFB3,TGFBR1_TGFBR2,1,2,True,0.014473921793289098,0.014473921793289098,0.46577935364926826
4.0,THBS1_ITGA3_ITGB1,1.5612982822743124,3.477515430868474,THBS1,ITGA3_ITGB1,1,2,True,1.9162171485941617,1.9162171485941617,0.5510305235699863
4.0,THBS1_SDC4,5.794814269903631,5.794814320033424,THBS1,SDC4,1,1,False,5.012979364948933e-08,5.012979364948933e-08,8.650802403829253e-09
4.0,THBS2_ITGA3_ITGB1,0.0349651920178257,0.0782957572425499,THBS2,ITGA3_ITGB1,1,2,True,0.043330565224724206,0.043330565224724206,0.5534216252675332
4.0,THBS2_SDC4,0.1323248147458344,0.1323248126822135,THBS2,SDC4,1,1,False,-2.0636209130397987e-09,2.0636209130397987e-09,1.5595116584924308e-08
4.0,THBS3_ITGA3_ITGB1,0.3141489710729656,0.698306863211189,THBS3,ITGA3_ITGB1,1,2,True,0.3841578921382234,0.3841578921382234,0.5501276192126476
4.0,THBS3_SDC4,1.1554171481981563,1.155417173163109,THBS3,SDC4,1,1,False,2.496495277171107e-08,2.496495277171107e-08,2.1606873561837558e-08
4.0,THY1_ITGAM_ITGB2,0.0027014892628673,0.0076237729875774,THY1,ITGAM_ITGB2,1,2,True,0.0049222837247101005,0.0049222837247101005,0.6456493041871451
4.0,TNC_ITGA8_ITGB1,0.0926065722645289,0.6891400029037215,TNC,ITGA8_ITGB1,1,2,True,0.5965334306391925,0.5965334306391925,0.8656200889887002
4.0,TNC_ITGA9_ITGB1,0.261212591062433,1.4755399303494288,TNC,ITGA9_ITGB1,1,2,True,1.2143273392869958,1.2143273392869958,0.8229715199909404
4.0,TNC_SDC4,6.1025767747650566,6.102576540243674,TNC,SDC4,1,1,False,-2.3452138275814605e-07,2.3452138275814605e-07,3.8429894684475294e-08
4.0,TNN_ITGA8_ITGB1,0.0001727653548308,0.0013594024360335,TNN,ITGA8_ITGB1,1,2,True,0.0011866370812026999,0.0011866370812026999,0.8729108097415955
4.0,TNN_ITGA9_ITGB1,0.0003859727488531,0.0021350183109574,TNN,ITGA9_ITGB1,1,2,True,0.0017490455621042998,0.0017490455621042998,0.8192180615631257
4.0,TNN_SDC4,0.0093953684434337,0.0093953665309831,TNN,SDC4,1,1,False,-1.912450600660698e-09,1.912450600660698e-09,2.0355248569280798e-07
4.0,TNR_ITGA8_ITGB1,0.0114106341442379,0.0804473437860921,TNR,ITGA8_ITGB1,1,2,True,0.0690367096418542,0.0690367096418542,0.8581602125412797
4.0,TNR_ITGA9_ITGB1,0.0263503052481417,0.1424807891946437,TNR,ITGA9_ITGB1,1,2,True,0.116130483946502,0.116130483946502,0.8150606450379467
4.0,TNR_SDC4,0.5746032776472243,0.5746032662440447,TNR,SDC4,1,1,False,-1.1403179622782034e-08,1.1403179622782034e-08,1.984530904430896e-08
4.0,UCN_CRHR2,0.0218363184534331,0.021836315474115,UCN,CRHR2,1,1,False,-2.9793181012538472e-09,2.9793181012538472e-09,1.3643866330340312e-07
4.0,UTS2B_SSTR5,0.0055286531873493,0.0055286535782855,UTS2B,SSTR5,1,1,False,3.9093620007868424e-10,3.9093620007868424e-10,7.071092347224224e-08
4.0,VEGFA_FLT1,0.0389356145986986,0.0389356171758124,VEGFA,FLT1,1,1,False,2.5771138001395855e-09,2.5771138001395855e-09,6.61891087664726e-08
4.0,VEGFA_FLT1_KDR,0.0308519795566197,0.0353650070222488,VEGFA,FLT1_KDR,1,2,True,0.004513027465629097,0.004513027465629097,0.12761279710166226
4.0,VEGFA_KDR,0.0329439691970319,0.0329439687402543,VEGFA,KDR,1,1,False,-4.5677760185380833e-10,4.5677760185380833e-10,1.3865287425504329e-08
4.0,VEGFC_FLT4,0.0011293055596034,0.0011293053589684,VEGFC,FLT4,1,1,False,-2.0063499993339118e-10,2.0063499993339118e-10,1.7766227946655292e-07
4.0,VEGFC_FLT4_KDR,0.0009152258050613,0.0016711976667887,VEGFC,FLT4_KDR,1,2,True,0.0007559718617273999,0.0007559718617273999,0.45235334918821557
4.0,VEGFC_KDR,0.007232474824552,0.0072324740297019,VEGFC,KDR,1,1,False,-7.948500998014585e-10,7.948500998014585e-10,1.0990015438466373e-07
4.0,VEGFD_FLT4,0.0081870385252791,0.008187037826073,VEGFD,FLT4,1,1,False,-6.992061010041573e-10,6.992061010041573e-10,8.540403209844685e-08
4.0,VEGFD_FLT4_KDR,0.0060887881297078,0.0102587194257897,VEGFD,FLT4_KDR,1,2,True,0.0041699312960818994,0.0041699312960818994,0.4064767855526865
4.0,VEGFD_KDR,0.0282470886757341,0.0282470890058171,VEGFD,KDR,1,1,False,3.300829991281784e-10,3.300829991281784e-10,1.1685558078575896e-08
4.0,VIP_VIPR1,0.0320193869676585,0.0320193897476828,VIP,VIPR1,1,1,False,2.780024301041184e-09,2.780024301041184e-09,8.682315068925917e-08
4.0,VIP_VIPR2,0.0036788023507765,0.0036788030277627,VIP,VIPR2,1,1,False,6.769862001716753e-10,6.769862001716753e-10,1.8402349760579355e-07
4.0,VSIR_IGSF11,1.7481663473512412,1.7481662229106036,VSIR,IGSF11,1,1,False,-1.2444063757222068e-07,1.2444063757222068e-07,7.118352195760355e-08
4.0,WNT10B_FZD10_LRP5,0.0218765662575042,0.0420898082700965,WNT10B,FZD10_LRP5,1,2,True,0.0202132420125923,0.0202132420125923,0.48024077189615477
4.0,WNT10B_FZD10_LRP6,0.0218765662575042,0.0448501967650048,WNT10B,FZD10_LRP6,1,2,True,0.0229736305075006,0.0229736305075006,0.5122303170234072
4.0,WNT10B_FZD2_LRP5,0.0889008062975036,0.1714382864808237,WNT10B,FZD2_LRP5,1,2,True,0.0825374801833201,0.0825374801833201,0.4814413505734168
4.0,WNT10B_FZD2_LRP6,0.0987181300256826,0.1824143312284847,WNT10B,FZD2_LRP6,1,2,True,0.08369620120280209,0.08369620120280209,0.45882470219934457
4.0,WNT10B_FZD3_LRP5,0.0889008062975036,0.1058114989033605,WNT10B,FZD3_LRP5,1,2,True,0.016910692605856897,0.016910692605856897,0.1598190440653499
4.0,WNT10B_FZD3_LRP6,0.0985120357022437,0.1126418283529537,WNT10B,FZD3_LRP6,1,2,True,0.014129792650709988,0.014129792650709988,0.12544001511086514
4.0,WNT10B_FZD4_LRP5,0.0030871272943254,0.0159930104684347,WNT10B,FZD4_LRP5,1,2,True,0.0129058831741093,0.0129058831741093,0.8069702198708341
4.0,WNT10B_FZD4_LRP6,0.0030871272943254,0.0169384570676534,WNT10B,FZD4_LRP6,1,2,True,0.013851329773328001,0.013851329773328001,0.8177444803859529
4.0,WNT10B_FZD5_LRP5,0.0176154928807794,0.038260679389805,WNT10B,FZD5_LRP5,1,2,True,0.0206451865090256,0.0206451865090256,0.5395927839829929
4.0,WNT10B_FZD5_LRP6,0.0176154928807794,0.0394580425252123,WNT10B,FZD5_LRP6,1,2,True,0.021842549644432902,0.021842549644432902,0.5535639440419854
4.0,WNT10B_FZD6_LRP5,0.03684852381259,0.0572592576393874,WNT10B,FZD6_LRP5,1,2,True,0.020410733826797395,0.020410733826797395,0.35646172633501444
4.0,WNT10B_FZD6_LRP6,0.0371149895351207,0.0601419317564643,WNT10B,FZD6_LRP6,1,2,True,0.023026942221343598,0.023026942221343598,0.3828766643976076
4.0,WNT10B_FZD7_LRP5,0.0288209848734682,0.0499486394483484,WNT10B,FZD7_LRP5,1,2,True,0.0211276545748802,0.0211276545748802,0.42298758901587674
4.0,WNT10B_FZD7_LRP6,0.0289852482940029,0.053423826343576,WNT10B,FZD7_LRP6,1,2,True,0.0244385780495731,0.0244385780495731,0.45744716771886074
4.0,WNT10B_FZD8_LRP5,0.0884925004098144,0.0955312547437061,WNT10B,FZD8_LRP5,1,2,True,0.0070387543338917,0.0070387543338917,0.07368012021589651
4.0,WNT10B_FZD8_LRP6,0.0875792111971582,0.100179702852852,WNT10B,FZD8_LRP6,1,2,True,0.01260049165569381,0.01260049165569381,0.12577888830636602
4.0,WNT11_FZD10,0.1055320163234899,0.1055320167764639,WNT11,FZD10,1,1,False,4.5297400552701816e-10,4.5297400552701816e-10,4.292289860114205e-09
4.0,WNT11_FZD2,1.1108018664045558,1.1108017500713938,WNT11,FZD2,1,1,False,-1.1633316199244348e-07,1.1633316199244348e-07,1.047289939915124e-07
4.0,WNT11_FZD3,0.4391876331274428,0.4391876107766957,WNT11,FZD3,1,1,False,-2.235074708645257e-08,2.235074708645257e-08,5.0891112136499675e-08
4.0,WNT11_FZD4,0.0057145390762655,0.0057145383441176,WNT11,FZD4,1,1,False,-7.321479004659959e-10,7.321479004659959e-10,1.2812020194364664e-07
4.0,WNT11_FZD5,0.0285824074960166,0.028582404796739,WNT11,FZD5,1,1,False,-2.699277600048955e-09,2.699277600048955e-09,9.443842686887523e-08
4.0,WNT11_FZD6,0.110653454860985,0.1106534477668771,WNT11,FZD6,1,1,False,-7.0941078983421946e-09,7.0941078983421946e-09,6.411103844208561e-08
4.0,WNT11_FZD7,0.083074892101226,0.0830748926983042,WNT11,FZD7,1,1,False,5.970782063213775e-10,5.970782063213775e-10,7.187228137503999e-09
4.0,WNT11_FZD8,0.2734106599986484,0.2734106416626697,WNT11,FZD8,1,1,False,-1.8335978679839826e-08,1.8335978679839826e-08,6.706387629483967e-08
4.0,WNT2B_FZD10_LRP5,0.1509983782660707,0.2266773592815853,WNT2B,FZD10_LRP5,1,2,True,0.0756789810155146,0.0756789810155146,0.3338621080436354
4.0,WNT2B_FZD10_LRP6,0.1509983782660707,0.2519134455000063,WNT2B,FZD10_LRP6,1,2,True,0.10091506723393562,0.10091506723393562,0.40059420819573954
4.0,WNT2B_FZD2_LRP5,0.3515289981055595,0.7342739192970658,WNT2B,FZD2_LRP5,1,2,True,0.38274492119150627,0.38274492119150627,0.5212563201998448
4.0,WNT2B_FZD2_LRP6,0.4342002922153076,0.8184848534237438,WNT2B,FZD2_LRP6,1,2,True,0.3842845612084362,0.3842845612084362,0.4695072359628449
4.0,WNT2B_FZD3_LRP5,0.3515289981055595,0.4621810331067005,WNT2B,FZD3_LRP5,1,2,True,0.11065203500114101,0.11065203500114101,0.2394127562036834
4.0,WNT2B_FZD3_LRP6,0.4347950242553888,0.5159538597560874,WNT2B,FZD3_LRP6,1,2,True,0.08115883550069863,0.08115883550069863,0.15729863042223532
4.0,WNT2B_FZD4_LRP5,0.0072909257397664,0.0479717177852704,WNT2B,FZD4_LRP5,1,2,True,0.040680792045504004,0.040680792045504004,0.8480161629316293
4.0,WNT2B_FZD4_LRP6,0.0072909257397664,0.0539081510358898,WNT2B,FZD4_LRP6,1,2,True,0.0466172252961234,0.0466172252961234,0.864752813820077
4.0,WNT2B_FZD5_LRP5,0.0351258354955811,0.1046292704872477,WNT2B,FZD5_LRP5,1,2,True,0.0695034349916666,0.0695034349916666,0.6642828977779954
4.0,WNT2B_FZD5_LRP6,0.0351258354955811,0.1159351569009103,WNT2B,FZD5_LRP6,1,2,True,0.0808093214053292,0.0808093214053292,0.6970217108033664
4.0,WNT2B_FZD6_LRP5,0.1519531392554018,0.2311286218957252,WNT2B,FZD6_LRP5,1,2,True,0.0791754826403234,0.0791754826403234,0.34256026791888977
4.0,WNT2B_FZD6_LRP6,0.1524294896801837,0.2572203865144593,WNT2B,FZD6_LRP6,1,2,True,0.10479089683427559,0.10479089683427559,0.40739732279496016
4.0,WNT2B_FZD7_LRP5,0.1132173852187966,0.198490152548195,WNT2B,FZD7_LRP5,1,2,True,0.0852727673293984,0.0852727673293984,0.4296070421362263
4.0,WNT2B_FZD7_LRP6,0.113465242949519,0.2220162321597261,WNT2B,FZD7_LRP6,1,2,True,0.1085509892102071,0.1085509892102071,0.4889326701667101
4.0,WNT2B_FZD8_LRP5,0.348074303502331,0.3592849318187303,WNT2B,FZD8_LRP5,1,2,True,0.011210628316399296,0.011210628316399296,0.03120261197609975
4.0,WNT2B_FZD8_LRP6,0.3576072263857607,0.3994298406599849,WNT2B,FZD8_LRP6,1,2,True,0.04182261427422418,0.04182261427422418,0.10470578313608203
4.0,WNT3A_FZD10_LRP5,0.0299436966435589,0.0486474570445798,WNT3A,FZD10_LRP5,1,2,True,0.018703760401020904,0.018703760401020904,0.3844756033985714
4.0,WNT3A_FZD10_LRP6,0.0299436966435589,0.0531035151878923,WNT3A,FZD10_LRP6,1,2,True,0.023159818544333403,0.023159818544333403,0.43612590357509673
4.0,WNT3A_FZD2_LRP5,0.0849143965167113,0.1707012392974646,WNT3A,FZD2_LRP5,1,2,True,0.08578684278075331,0.08578684278075331,0.5025554772409171
4.0,WNT3A_FZD2_LRP6,0.0988474765654722,0.1851243694064439,WNT3A,FZD2_LRP6,1,2,True,0.08627689284097169,0.08627689284097169,0.46604827402031124
4.0,WNT3A_FZD3_LRP5,0.0849143965167113,0.1067467022000453,WNT3A,FZD3_LRP5,1,2,True,0.021832305683333997,0.021832305683333997,0.20452440434571786
4.0,WNT3A_FZD3_LRP6,0.0989935896943537,0.1160131312340392,WNT3A,FZD3_LRP6,1,2,True,0.01701954153968549,0.01701954153968549,0.14670357879877496
4.0,WNT3A_FZD4_LRP5,0.0021908830997565,0.0130100233976334,WNT3A,FZD4_LRP5,1,2,True,0.010819140297876898,0.010819140297876898,0.8316003720519799
4.0,WNT3A_FZD4_LRP6,0.0021908830997565,0.0140066879706337,WNT3A,FZD4_LRP6,1,2,True,0.0118158048708772,0.0118158048708772,0.8435830722901883
4.0,WNT3A_FZD5_LRP5,0.011924091921663,0.0299296976633072,WNT3A,FZD5_LRP5,1,2,True,0.0180056057416442,0.0180056057416442,0.6015966463877269
4.0,WNT3A_FZD5_LRP6,0.011924091921663,0.0316654687640794,WNT3A,FZD5_LRP6,1,2,True,0.0197413768424164,0.0197413768424164,0.623435483917755
4.0,WNT3A_FZD6_LRP5,0.0359205120427018,0.0552172511214808,WNT3A,FZD6_LRP5,1,2,True,0.019296739078778997,0.019296739078778997,0.34946939021511914
4.0,WNT3A_FZD6_LRP6,0.0360149842913379,0.0594944663334111,WNT3A,FZD6_LRP6,1,2,True,0.023479482042073202,0.023479482042073202,0.3946498471049822
4.0,WNT3A_FZD7_LRP5,0.0267952754224156,0.0473833895697789,WNT3A,FZD7_LRP5,1,2,True,0.020588114147363303,0.020588114147363303,0.43450066224250006
4.0,WNT3A_FZD7_LRP6,0.0268430919069954,0.0515144695040073,WNT3A,FZD7_LRP6,1,2,True,0.024671377597011903,0.024671377597011903,0.4789213173415815
4.0,WNT3A_FZD8_LRP5,0.0842630258969175,0.0884150256994491,WNT3A,FZD8_LRP5,1,2,True,0.0041519998025316,0.0041519998025316,0.04696034152210251
4.0,WNT3A_FZD8_LRP6,0.0842768402244095,0.095044296306685,WNT3A,FZD8_LRP6,1,2,True,0.0107674560822755,0.0107674560822755,0.11328881901057503
4.0,WNT4_FZD10_LRP5,0.0361771366236589,0.062412238407796,WNT4,FZD10_LRP5,1,2,True,0.0262351017841371,0.0262351017841371,0.42035188055136374
4.0,WNT4_FZD10_LRP6,0.0361771366236589,0.0681435498823107,WNT4,FZD10_LRP6,1,2,True,0.031966413258651794,0.031966413258651794,0.4691040210535013
4.0,WNT4_FZD2_LRP5,0.1173783364152087,0.2348006021658359,WNT4,FZD2_LRP5,1,2,True,0.1174222657506272,0.1174222657506272,0.5000935460450554
4.0,WNT4_FZD2_LRP6,0.1392099470038015,0.2584889103219917,WNT4,FZD2_LRP6,1,2,True,0.11927896331819024,0.11927896331819024,0.46144712037977986
4.0,WNT4_FZD3_LRP5,0.1173783364152087,0.1457307746956431,WNT4,FZD3_LRP5,1,2,True,0.028352438280434406,0.028352438280434406,0.19455354121082605
4.0,WNT4_FZD3_LRP6,0.1390532070016756,0.1608310246934843,WNT4,FZD3_LRP6,1,2,True,0.0217778176918087,0.0217778176918087,0.135408064043075
4.0,WNT4_FZD4_LRP5,0.0036671908599065,0.019654850329413,WNT4,FZD4_LRP5,1,2,True,0.015987659469506497,0.015987659469506497,0.8134205654866453
4.0,WNT4_FZD4_LRP6,0.0036671908599065,0.021607980282672,WNT4,FZD4_LRP6,1,2,True,0.0179407894227655,0.0179407894227655,0.8302853477311196
4.0,WNT4_FZD5_LRP5,0.019477953282238,0.0453718332785007,WNT4,FZD5_LRP5,1,2,True,0.025893879996262702,0.025893879996262702,0.5707038513811262
4.0,WNT4_FZD5_LRP6,0.019477953282238,0.0484084367798141,WNT4,FZD5_LRP6,1,2,True,0.028930483497576102,0.028930483497576102,0.597633086752346
4.0,WNT4_FZD6_LRP5,0.0496731658207833,0.0764123405324931,WNT4,FZD6_LRP5,1,2,True,0.0267391747117098,0.0267391747117098,0.3499326748189241
4.0,WNT4_FZD6_LRP6,0.0504609689778382,0.0837134835183874,WNT4,FZD6_LRP6,1,2,True,0.03325251454054919,0.03325251454054919,0.3972181438757758
4.0,WNT4_FZD7_LRP5,0.0393634790496419,0.067084832104481,WNT4,FZD7_LRP5,1,2,True,0.027721353054839103,0.027721353054839103,0.41322832874746696
4.0,WNT4_FZD7_LRP6,0.0396372747988995,0.0740184295460636,WNT4,FZD7_LRP6,1,2,True,0.03438115474716409,0.03438115474716409,0.4644945178925717
4.0,WNT4_FZD8_LRP5,0.1165804780132056,0.1245399082591934,WNT4,FZD8_LRP5,1,2,True,0.00795943024598779,0.00795943024598779,0.06391068017669134
4.0,WNT4_FZD8_LRP6,0.1192981834336937,0.1356366500335399,WNT4,FZD8_LRP6,1,2,True,0.016338466599846196,0.016338466599846196,0.12045760932466307
4.0,WNT7A_FZD10_LRP5,0.2504548263653759,0.465501949456789,WNT7A,FZD10_LRP5,1,2,True,0.2150471230914131,0.2150471230914131,0.4619682545741416
4.0,WNT7A_FZD10_LRP6,0.2504548263653759,0.4950144947481182,WNT7A,FZD10_LRP6,1,2,True,0.2445596683827423,0.2445596683827423,0.4940454693295059
4.0,WNT7A_FZD2_LRP5,0.9516490195918552,1.835509983590852,WNT7A,FZD2_LRP5,1,2,True,0.8838609639989967,0.8838609639989967,0.4815342721644469
4.0,WNT7A_FZD2_LRP6,1.0426031821065789,1.9353110352741272,WNT7A,FZD2_LRP6,1,2,True,0.8927078531675483,0.8927078531675483,0.4612735818152872
4.0,WNT7A_FZD3_LRP5,0.9516490195918552,1.1363966807754806,WNT7A,FZD3_LRP5,1,2,True,0.1847476611836254,0.1847476611836254,0.16257321436169017
4.0,WNT7A_FZD3_LRP6,1.0417173475757957,1.1994449405921142,WNT7A,FZD3_LRP6,1,2,True,0.15772759301631845,0.15772759301631845,0.13150048633199882
4.0,WNT7A_FZD4_LRP5,0.0307714913657166,0.1653817664691484,WNT7A,FZD4_LRP5,1,2,True,0.1346102751034318,0.1346102751034318,0.8139366145211845
4.0,WNT7A_FZD4_LRP6,0.0307714913657166,0.1726882958083465,WNT7A,FZD4_LRP6,1,2,True,0.14191680444262988,0.14191680444262988,0.821809050684781
4.0,WNT7A_FZD5_LRP5,0.1787855602267453,0.3965818033401195,WNT7A,FZD5_LRP5,1,2,True,0.2177962431133742,0.2177962431133742,0.5491836520965793
4.0,WNT7A_FZD5_LRP6,0.1787855602267453,0.4057838973478933,WNT7A,FZD5_LRP6,1,2,True,0.22699833712114798,0.22699833712114798,0.5594069616974822
4.0,WNT7A_FZD6_LRP5,0.3938751172700946,0.6122408226612616,WNT7A,FZD6_LRP5,1,2,True,0.21836570539116695,0.21836570539116695,0.3566663595576402
4.0,WNT7A_FZD6_LRP6,0.3955134002606193,0.6380095869212747,WNT7A,FZD6_LRP6,1,2,True,0.24249618666065542,0.24249618666065542,0.38008235555021136
4.0,WNT7A_FZD7_LRP5,0.298636335710584,0.5277534398508442,WNT7A,FZD7_LRP5,1,2,True,0.2291171041402602,0.2291171041402602,0.4341366381335462
4.0,WNT7A_FZD7_LRP6,0.2995941054751094,0.5584105451351339,WNT7A,FZD7_LRP6,1,2,True,0.2588164396600245,0.2588164396600245,0.46348773660316817
4.0,WNT7A_FZD8_LRP5,0.9471409661468404,1.0143292081829354,WNT7A,FZD8_LRP5,1,2,True,0.06718824203609497,0.06718824203609497,0.06623908834929014
4.0,WNT7A_FZD8_LRP6,0.925273928436021,1.0557341585960172,WNT7A,FZD8_LRP6,1,2,True,0.1304602301599962,0.1304602301599962,0.12357299335041935
4.0,WNT7B_FZD10_LRP5,1.2247881005506882,2.2643939117588388,WNT7B,FZD10_LRP5,1,2,True,1.0396058112081505,1.0396058112081505,0.4591099657217547
4.0,WNT7B_FZD10_LRP6,1.2247881005506882,2.404742634696552,WNT7B,FZD10_LRP6,1,2,True,1.1799545341458637,1.1799545341458637,0.4906780946622003
4.0,WNT7B_FZD2_LRP5,4.603337990354186,8.85811961173548,WNT7B,FZD2_LRP5,1,2,True,4.254781621381294,4.254781621381294,0.48032560045186595
4.0,WNT7B_FZD2_LRP6,5.003638921361983,9.29231238869496,WNT7B,FZD2_LRP6,1,2,True,4.288673467332977,4.288673467332977,0.4615291961719435
4.0,WNT7B_FZD3_LRP5,4.603337990354186,5.489400431870011,WNT7B,FZD3_LRP5,1,2,True,0.8860624415158247,0.8860624415158247,0.1614133369414226
4.0,WNT7B_FZD3_LRP6,5.003610264070431,5.767324856153364,WNT7B,FZD3_LRP6,1,2,True,0.7637145920829322,0.7637145920829322,0.1324209423140259
4.0,WNT7B_FZD4_LRP5,0.1456201646349774,0.7932613051235896,WNT7B,FZD4_LRP5,1,2,True,0.6476411404886122,0.6476411404886122,0.816428503830412
4.0,WNT7B_FZD4_LRP6,0.1456201646349774,0.8220907583919499,WNT7B,FZD4_LRP6,1,2,True,0.6764705937569725,0.6764705937569725,0.8228660726951637
4.0,WNT7B_FZD5_LRP5,0.8578564929601651,1.9092064525556969,WNT7B,FZD5_LRP5,1,2,True,1.0513499595955318,1.0513499595955318,0.5506737933910586
4.0,WNT7B_FZD5_LRP6,0.8578564929601651,1.9457465752241,WNT7B,FZD5_LRP6,1,2,True,1.087890082263935,1.087890082263935,0.5591119090823212
4.0,WNT7B_FZD6_LRP5,1.8996673145564624,2.956539533508339,WNT7B,FZD6_LRP5,1,2,True,1.0568722189518767,1.0568722189518767,0.3574693343260501
4.0,WNT7B_FZD6_LRP6,1.905127594824557,3.067464134768464,WNT7B,FZD6_LRP6,1,2,True,1.1623365399439072,1.1623365399439072,0.37892424780759226
4.0,WNT7B_FZD7_LRP5,1.4230125695633031,2.5378038450026312,WNT7B,FZD7_LRP5,1,2,True,1.114791275439328,1.114791275439328,0.4392740115176917
4.0,WNT7B_FZD7_LRP6,1.425625829943327,2.6697287142170483,WNT7B,FZD7_LRP6,1,2,True,1.2441028842737212,1.2441028842737212,0.466003484791742
4.0,WNT7B_FZD8_LRP5,4.581865502948109,4.896921693380673,WNT7B,FZD8_LRP5,1,2,True,0.31505619043256416,0.31505619043256416,0.06433760026394456
4.0,WNT7B_FZD8_LRP6,4.453298512032447,5.076000906877834,WNT7B,FZD8_LRP6,1,2,True,0.6227023948453869,0.6227023948453869,0.1226757847898812
4.0,WNT8B_FZD10_LRP5,0.5331225207741758,0.7955796050980429,WNT8B,FZD10_LRP5,1,2,True,0.26245708432386716,0.26245708432386716,0.3298941836141254
4.0,WNT8B_FZD10_LRP6,0.5331225207741758,0.8864807213503284,WNT8B,FZD10_LRP6,1,2,True,0.35335820057615264,0.35335820057615264,0.3986078795237657
4.0,WNT8B_FZD2_LRP5,1.2219944861518588,2.5683742217726326,WNT8B,FZD2_LRP5,1,2,True,1.3463797356207738,1.3463797356207738,0.5242147831134724
4.0,WNT8B_FZD2_LRP6,1.5279262490615984,2.8816005972979397,WNT8B,FZD2_LRP6,1,2,True,1.3536743482363414,1.3536743482363414,0.4697647375231925
4.0,WNT8B_FZD3_LRP5,1.2219944861518588,1.616719089791971,WNT8B,FZD3_LRP5,1,2,True,0.3947246036401122,0.3947246036401122,0.2441516316176503
4.0,WNT8B_FZD3_LRP6,1.5293232005804134,1.8159437673462495,WNT8B,FZD3_LRP6,1,2,True,0.28662056676583614,0.28662056676583614,0.15783559596930274
4.0,WNT8B_FZD4_LRP5,0.0253049739933674,0.1657429571164311,WNT8B,FZD4_LRP5,1,2,True,0.14043798312306371,0.14043798312306371,0.8473239862880498
4.0,WNT8B_FZD4_LRP6,0.0253049739933674,0.1884790022246507,WNT8B,FZD4_LRP6,1,2,True,0.1631740282312833,0.1631740282312833,0.8657411505011786
4.0,WNT8B_FZD5_LRP5,0.1176323882486376,0.3576001951662965,WNT8B,FZD5_LRP5,1,2,True,0.2399678069176589,0.2399678069176589,0.671050547961993
4.0,WNT8B_FZD5_LRP6,0.1176323882486376,0.4001721466332149,WNT8B,FZD5_LRP6,1,2,True,0.2825397583845773,0.2825397583845773,0.7060455375559767
4.0,WNT8B_FZD6_LRP5,0.5308524854049987,0.8056539233591373,WNT8B,FZD6_LRP5,1,2,True,0.2748014379541386,0.2748014379541386,0.34109116828770164
4.0,WNT8B_FZD6_LRP6,0.5332038678214573,0.902853840069612,WNT8B,FZD6_LRP6,1,2,True,0.36964997224815466,0.36964997224815466,0.4094239353511016
4.0,WNT8B_FZD7_LRP5,0.3991961569079525,0.6941848450908541,WNT8B,FZD7_LRP5,1,2,True,0.2949886881829016,0.2949886881829016,0.4249425643169923
4.0,WNT8B_FZD7_LRP6,0.4005255636783245,0.7820432402102967,WNT8B,FZD7_LRP6,1,2,True,0.3815176765319722,0.3815176765319722,0.48784729144820627
4.0,WNT8B_FZD8_LRP5,1.2095630633700103,1.24811679507188,WNT8B,FZD8_LRP5,1,2,True,0.0385537317018696,0.0385537317018696,0.03088952240214768
4.0,WNT8B_FZD8_LRP6,1.251175169099623,1.39739978982476,WNT8B,FZD8_LRP6,1,2,True,0.1462246207251372,0.1462246207251372,0.10464050573778488
4.0,WNT9A_FZD10_LRP5,0.0099890869030474,0.0153441859633284,WNT9A,FZD10_LRP5,1,2,True,0.005355099060280999,0.005355099060280999,0.34899857659958866
4.0,WNT9A_FZD10_LRP6,0.0099890869030474,0.0174740235238968,WNT9A,FZD10_LRP6,1,2,True,0.007484936620849399,0.007484936620849399,0.4283464887530504
4.0,WNT9A_FZD2_LRP5,0.024573839547527,0.053093918799461,WNT9A,FZD2_LRP5,1,2,True,0.028520079251934,0.028520079251934,0.5371628219731924
4.0,WNT9A_FZD2_LRP6,0.0337458037001031,0.0628241228613137,WNT9A,FZD2_LRP6,1,2,True,0.0290783191612106,0.0290783191612106,0.4628527679630631
4.0,WNT9A_FZD3_LRP5,0.024573839547527,0.0330598853576385,WNT9A,FZD3_LRP5,1,2,True,0.0084860458101115,0.0084860458101115,0.2566870912681733
4.0,WNT9A_FZD3_LRP6,0.0335644923436263,0.0390283958994982,WNT9A,FZD3_LRP6,1,2,True,0.005463903555871896,0.005463903555871896,0.13999815851878625
4.0,WNT9A_FZD4_LRP5,0.0007103468164545,0.0037784734633315,WNT9A,FZD4_LRP5,1,2,True,0.003068126646877,0.003068126646877,0.8120016394588666
4.0,WNT9A_FZD4_LRP6,0.0007103468164545,0.0046710455392363,WNT9A,FZD4_LRP6,1,2,True,0.0039606987227818,0.0039606987227818,0.8479255210663951
4.0,WNT9A_FZD5_LRP5,0.0028973277174392,0.0078845641319808,WNT9A,FZD5_LRP5,1,2,True,0.0049872364145416,0.0049872364145416,0.6325316569260603
4.0,WNT9A_FZD5_LRP6,0.0028973277174392,0.009398229164631,WNT9A,FZD5_LRP6,1,2,True,0.006500901447191801,0.006500901447191801,0.6917155703818213
4.0,WNT9A_FZD6_LRP5,0.0109146426055204,0.0164219071648597,WNT9A,FZD6_LRP5,1,2,True,0.005507264559339298,0.005507264559339298,0.3353608386682382
4.0,WNT9A_FZD6_LRP6,0.0111187189845441,0.0193889555111775,WNT9A,FZD6_LRP6,1,2,True,0.008270236526633399,0.008270236526633399,0.426543684721217
4.0,WNT9A_FZD7_LRP5,0.0094532678206125,0.0149911430668072,WNT9A,FZD7_LRP5,1,2,True,0.005537875246194701,0.005537875246194701,0.36940980561091746
4.0,WNT9A_FZD7_LRP6,0.0095855054410654,0.0178896521240827,WNT9A,FZD7_LRP6,1,2,True,0.0083041466830173,0.0083041466830173,0.46418715274169137
4.0,WNT9A_FZD8_LRP5,0.0243262535287084,0.0258341699945223,WNT9A,FZD8_LRP5,1,2,True,0.0015079164658138994,0.0015079164658138994,0.0583690695746613
4.0,WNT9A_FZD8_LRP6,0.02716588535791,0.0304878559608995,WNT9A,FZD8_LRP6,1,2,True,0.003321970602989499,0.003321970602989499,0.10896045321290901
