pair,pair_id,ligand,receptor,auc,peak_time,peak_score,start_score,end_score,delta_end_start,score_range,pair_id_identity,ligand_identity,receptor_identity,cluster
WNT7B_FZD6_LRP5,"[""WNT7B"",""FZD6_LRP5""]",WNT7B,FZD6_LRP5,6.590427065356942,0.0,2.3294806795322702,2.3294806795322702,1.8996673145564624,-0.429813364975808,1.284096134030695,"[""WNT7B"",""FZD6_LRP5""]",WNT7B,FZD6_LRP5,1
LAMB3_ITGA6_ITGB1,"[""LAMB3"",""ITGA6_ITGB1""]",LAMB3,ITGA6_ITGB1,0.2022202446909172,0.0,0.0862081260924883,0.0862081260924883,0.0644100877490801,-0.0217980383434082,0.0606881797548852,"[""LAMB3"",""ITGA6_ITGB1""]",LAMB3,ITGA6_ITGB1,1
FGF18_FGFR1,"[""FGF18"",""FGFR1""]",FGF18,FGFR1,0.1762687803514097,0.0,0.0708271805574641,0.0708271805574641,0.017018908516674,-0.0538082720407901,0.0538082720407901,"[""FGF18"",""FGFR1""]",FGF18,FGFR1,1
VEGFA_KDR,"[""VEGFA"",""KDR""]",VEGFA,KDR,0.1449084860455984,0.0,0.0532433133871386,0.0532433133871386,0.0329439691970319,-0.0202993441901066,0.0448624167466407,"[""VEGFA"",""KDR""]",VEGFA,KDR,1
WNT7B_FZD5_LRP5,"[""WNT7B"",""FZD5_LRP5""]",WNT7B,FZD5_LRP5,3.511163223899844,1.0,1.3351293069330945,0.5236535917758663,0.8578564929601651,0.3342029011842987,0.8114757151572282,"[""WNT7B"",""FZD5_LRP5""]",WNT7B,FZD5_LRP5,1
WNT7B_FZD5_LRP6,"[""WNT7B"",""FZD5_LRP6""]",WNT7B,FZD5_LRP6,3.4617020668459646,1.0,1.2362069928253356,0.5236535917758663,0.8578564929601651,0.3342029011842987,0.7125534010494693,"[""WNT7B"",""FZD5_LRP6""]",WNT7B,FZD5_LRP6,1
CDH1_CDH1,"[""CDH1"",""CDH1""]",CDH1,CDH1,0.7880714911785258,1.0,0.2970335683587705,0.2656952907340437,0.1860935912984875,-0.0796016994355561,0.2887522886014059,"[""CDH1"",""CDH1""]",CDH1,CDH1,1
WNT7A_FZD5_LRP5,"[""WNT7A"",""FZD5_LRP5""]",WNT7A,FZD5_LRP5,0.7068993114834281,1.0,0.2593014734865801,0.0923571267694925,0.1787855602267453,0.0864284334572527,0.1669443467170875,"[""WNT7A"",""FZD5_LRP5""]",WNT7A,FZD5_LRP5,1
WNT4_FZD5_LRP5,"[""WNT4"",""FZD5_LRP5""]",WNT4,FZD5_LRP5,0.097895906437833,1.0,0.0389446265330534,0.0056511286320691,0.019477953282238,0.0138268246501688,0.0332934979009842,"[""WNT4"",""FZD5_LRP5""]",WNT4,FZD5_LRP5,1
WNT4_FZD5_LRP6,"[""WNT4"",""FZD5_LRP6""]",WNT4,FZD5_LRP6,0.0963751920645929,1.0,0.0359031977865733,0.0056511286320691,0.019477953282238,0.0138268246501688,0.0302520691545041,"[""WNT4"",""FZD5_LRP6""]",WNT4,FZD5_LRP6,1
WNT10B_FZD5_LRP5,"[""WNT10B"",""FZD5_LRP5""]",WNT10B,FZD5_LRP5,0.0767175816498592,1.0,0.0331571383171675,0.0099402448036973,0.0176154928807795,0.0076752480770821,0.0232168935134702,"[""WNT10B"",""FZD5_LRP5""]",WNT10B,FZD5_LRP5,1
WNT10B_FZD5_LRP6,"[""WNT10B"",""FZD5_LRP6""]",WNT10B,FZD5_LRP6,0.0754858673809698,1.0,0.0306937097793887,0.0099402448036973,0.0176154928807795,0.0076752480770821,0.0207534649756914,"[""WNT10B"",""FZD5_LRP6""]",WNT10B,FZD5_LRP6,1
WNT3A_FZD5_LRP5,"[""WNT3A"",""FZD5_LRP5""]",WNT3A,FZD5_LRP5,0.0702850344070251,1.0,0.0252427423958446,0.0037085072856108,0.011924091921663,0.0082155846360522,0.0215342351102337,"[""WNT3A"",""FZD5_LRP5""]",WNT3A,FZD5_LRP5,1
LAMA3_ITGA6_ITGB1,"[""LAMA3"",""ITGA6_ITGB1""]",LAMA3,ITGA6_ITGB1,0.0700378992125702,1.0,0.0262177845722549,0.0056000480220602,0.0124742972004506,0.0068742491783903,0.0206177365501946,"[""LAMA3"",""ITGA6_ITGB1""]",LAMA3,ITGA6_ITGB1,1
LAMA3_ITGA6_ITGB4,"[""LAMA3"",""ITGA6_ITGB4""]",LAMA3,ITGA6_ITGB4,0.0626305246753858,1.0,0.0254918695610322,0.0052846067277743,0.0057398746539945,0.0004552679262202,0.0202072628332578,"[""LAMA3"",""ITGA6_ITGB4""]",LAMA3,ITGA6_ITGB4,1
LAMA3_ITGA9_ITGB1,"[""LAMA3"",""ITGA9_ITGB1""]",LAMA3,ITGA9_ITGB1,0.0068923858343707,1.0,0.0029317674808645,0.000165525607908,0.0006864675095924,0.0005209419016844,0.0027662418729565,"[""LAMA3"",""ITGA9_ITGB1""]",LAMA3,ITGA9_ITGB1,1
LAMA3_CD44,"[""LAMA3"",""CD44""]",LAMA3,CD44,0.0042091420697595,1.0,0.0019618401921885,6.52179424246279e-05,0.001258336864745,0.0011931189223204,0.0018966222497638,"[""LAMA3"",""CD44""]",LAMA3,CD44,1
CDH15_CDH15,"[""CDH15"",""CDH15""]",CDH15,CDH15,0.0008781410565648,1.0,0.0005240904051506,7.355048942407286e-07,0.0001668701990517,0.0001661346941575,0.0005233549002563,"[""CDH15"",""CDH15""]",CDH15,CDH15,1
NRXN2_NLGN3,"[""NRXN2"",""NLGN3""]",NRXN2,NLGN3,23.6785642673873,1.5,8.875836055766765,3.354086375102707,7.701133533597947,4.34704715849524,5.868042091342332,"[""NRXN2"",""NLGN3""]",NRXN2,NLGN3,1
NRXN3_NLGN1,"[""NRXN3"",""NLGN1""]",NRXN3,NLGN1,20.776021032482923,1.5,7.759273714461259,3.228162916249523,4.586741876651823,1.3585789604023,5.119530183684482,"[""NRXN3"",""NLGN1""]",NRXN3,NLGN1,1
NRXN2_NLGN1,"[""NRXN2"",""NLGN1""]",NRXN2,NLGN1,19.98278056172498,1.5,9.198112241114377,2.322686265920121,4.720736564060925,2.3980502981408036,6.875425975194256,"[""NRXN2"",""NLGN1""]",NRXN2,NLGN1,1
NRXN1_NLGN1,"[""NRXN1"",""NLGN1""]",NRXN1,NLGN1,9.412454939972896,1.5,4.020176406516514,1.2886244932664388,2.4582243440087557,1.1695998507423169,2.857930685081159,"[""NRXN1"",""NLGN1""]",NRXN1,NLGN1,1
SEMA5A_PLXNA1,"[""SEMA5A"",""PLXNA1""]",SEMA5A,PLXNA1,7.077661531550436,1.5,2.777324739348257,1.2814114649506037,1.7353336251913327,0.453922160240729,2.0632205114383355,"[""SEMA5A"",""PLXNA1""]",SEMA5A,PLXNA1,1
SEMA5A_PLXNA3,"[""SEMA5A"",""PLXNA3""]",SEMA5A,PLXNA3,5.988559474026118,1.5,2.5231930993621567,1.1339100959135324,1.5582296139157872,0.4243195180022547,1.989778646398543,"[""SEMA5A"",""PLXNA3""]",SEMA5A,PLXNA3,1
NRG3_ERBB4,"[""NRG3"",""ERBB4""]",NRG3,ERBB4,4.827577150587086,1.5,1.9960284389983989,0.8199025532052755,1.4278200617715306,0.6079175085662551,1.5523487737962771,"[""NRG3"",""ERBB4""]",NRG3,ERBB4,1
NRG1_ERBB4,"[""NRG1"",""ERBB4""]",NRG1,ERBB4,4.0699822796165765,1.5,1.8067135171096,1.040980887856528,0.876753160599898,-0.16422772725663,1.510310257796763,"[""NRG1"",""ERBB4""]",NRG1,ERBB4,1
SEMA4A_PLXNB2,"[""SEMA4A"",""PLXNB2""]",SEMA4A,PLXNB2,3.710374808605528,1.5,1.365006912481503,0.668476659012483,1.1225503761562914,0.4540737171438084,1.041057168852014,"[""SEMA4A"",""PLXNB2""]",SEMA4A,PLXNB2,1
EFNA3_EPHA3,"[""EFNA3"",""EPHA3""]",EFNA3,EPHA3,3.4004255452879812,1.5,1.449992808051216,0.45835535038588,0.838563875608069,0.380208525222189,1.0300497176700123,"[""EFNA3"",""EPHA3""]",EFNA3,EPHA3,1
SEMA5A_PLXNB3,"[""SEMA5A"",""PLXNB3""]",SEMA5A,PLXNB3,3.0656739685484236,1.5,1.2519716708022226,0.8117779795817057,0.914871191529906,0.1030932119482002,0.9807000647466062,"[""SEMA5A"",""PLXNB3""]",SEMA5A,PLXNB3,1
SEMA4C_PLXNB2,"[""SEMA4C"",""PLXNB2""]",SEMA4C,PLXNB2,2.9573675218753652,1.5,1.007310339266708,0.8880569172173243,0.7184200304449673,-0.169636886772357,0.671909189026547,"[""SEMA4C"",""PLXNB2""]",SEMA4C,PLXNB2,1
HBEGF_ERBB4,"[""HBEGF"",""ERBB4""]",HBEGF,ERBB4,0.7978045200132743,1.5,0.2909483489176019,0.2432401245333525,0.1019172438133284,-0.141322880720024,0.2052552550243735,"[""HBEGF"",""ERBB4""]",HBEGF,ERBB4,1
EFNA3_EPHA8,"[""EFNA3"",""EPHA8""]",EFNA3,EPHA8,0.6027414745597313,1.5,0.2745094825631372,0.0486012824175619,0.1798115473203191,0.1312102649027572,0.2259082001455752,"[""EFNA3"",""EPHA8""]",EFNA3,EPHA8,1
WNT3A_FZD2_LRP6,"[""WNT3A"",""FZD2_LRP6""]",WNT3A,FZD2_LRP6,0.3994023569424537,1.5,0.1423315774423029,0.0336614250533164,0.0988474765654722,0.0651860515121557,0.1086701523889864,"[""WNT3A"",""FZD2_LRP6""]",WNT3A,FZD2_LRP6,1
WNT3A_FZD3_LRP6,"[""WNT3A"",""FZD3_LRP6""]",WNT3A,FZD3_LRP6,0.3941171195422593,1.5,0.1413158595591096,0.034713196505828,0.0989935896943537,0.0642803931885257,0.1066026630532816,"[""WNT3A"",""FZD3_LRP6""]",WNT3A,FZD3_LRP6,1
SEMA4G_PLXNB2,"[""SEMA4G"",""PLXNB2""]",SEMA4G,PLXNB2,0.3903284998760409,1.5,0.164932549190345,0.0425766397441726,0.1273011440559662,0.0847245043117935,0.1223559094461724,"[""SEMA4G"",""PLXNB2""]",SEMA4G,PLXNB2,1
WNT3A_FZD2_LRP5,"[""WNT3A"",""FZD2_LRP5""]",WNT3A,FZD2_LRP5,0.3592779833756675,1.5,0.1341754484397551,0.0344632035635505,0.0849143965167113,0.0504511929531607,0.0997122448762045,"[""WNT3A"",""FZD2_LRP5""]",WNT3A,FZD2_LRP5,1
WNT3A_FZD3_LRP5,"[""WNT3A"",""FZD3_LRP5""]",WNT3A,FZD3_LRP5,0.3522495223876997,1.5,0.1341754484397551,0.0344695345780042,0.0849143965167113,0.0504448619387071,0.0997059138617508,"[""WNT3A"",""FZD3_LRP5""]",WNT3A,FZD3_LRP5,1
PTPRM_PTPRM,"[""PTPRM"",""PTPRM""]",PTPRM,PTPRM,0.2753653620877402,1.5,0.1000076106848816,0.0319179672350127,0.0823814953894568,0.050463528154444,0.0680896434498689,"[""PTPRM"",""PTPRM""]",PTPRM,PTPRM,1
WNT3A_FZD8_LRP5,"[""WNT3A"",""FZD8_LRP5""]",WNT3A,FZD8_LRP5,0.2578730036095861,1.5,0.0948598869562375,0.0219054445587942,0.0842630258969175,0.0623575813381233,0.0729544423974433,"[""WNT3A"",""FZD8_LRP5""]",WNT3A,FZD8_LRP5,1
WNT3A_FZD8_LRP6,"[""WNT3A"",""FZD8_LRP6""]",WNT3A,FZD8_LRP6,0.2442052357091328,1.5,0.0948598869562375,0.0211552907474553,0.0842768402244095,0.0631215494769541,0.0737045962087821,"[""WNT3A"",""FZD8_LRP6""]",WNT3A,FZD8_LRP6,1
NRG4_ERBB4,"[""NRG4"",""ERBB4""]",NRG4,ERBB4,0.2180207514315616,1.5,0.0895444162151991,0.0781251136306562,0.0337451465833788,-0.0443799670472774,0.0733431729814285,"[""NRG4"",""ERBB4""]",NRG4,ERBB4,1
LAMA3_DAG1,"[""LAMA3"",""DAG1""]",LAMA3,DAG1,0.1927977209270984,1.5,0.0654272100844989,0.0112566724199317,0.0268843567446328,0.0156276843247011,0.0541705376645672,"[""LAMA3"",""DAG1""]",LAMA3,DAG1,1
WNT3A_FZD6_LRP6,"[""WNT3A"",""FZD6_LRP6""]",WNT3A,FZD6_LRP6,0.1628708338643643,1.5,0.058838530716125,0.0244518708249987,0.0360149842913379,0.0115631134663391,0.0343866598911262,"[""WNT3A"",""FZD6_LRP6""]",WNT3A,FZD6_LRP6,1
WNT3A_FZD6_LRP5,"[""WNT3A"",""FZD6_LRP5""]",WNT3A,FZD6_LRP5,0.1628605064976346,1.5,0.058838530716125,0.0246790871769853,0.0359205120427018,0.0112414248657165,0.0341594435391396,"[""WNT3A"",""FZD6_LRP5""]",WNT3A,FZD6_LRP5,1
BMP6_BMPR1A_ACVR2A,"[""BMP6"",""BMPR1A_ACVR2A""]",BMP6,BMPR1A_ACVR2A,0.1619288189657495,1.5,0.0589484044679709,0.0424941548997832,0.0234176182128473,-0.0190765366869359,0.0355307862551236,"[""BMP6"",""BMPR1A_ACVR2A""]",BMP6,BMPR1A_ACVR2A,1
BMP6_BMPR1A_BMPR2,"[""BMP6"",""BMPR1A_BMPR2""]",BMP6,BMPR1A_BMPR2,0.1619288189657495,1.5,0.0589484044679709,0.0424941548997832,0.0234176182128473,-0.0190765366869359,0.0355307862551236,"[""BMP6"",""BMPR1A_BMPR2""]",BMP6,BMPR1A_BMPR2,1
LAMA3_SV2B,"[""LAMA3"",""SV2B""]",LAMA3,SV2B,0.1457792211654641,1.5,0.0556422210793468,0.0079075763432813,0.0182951247982673,0.0103875484549859,0.0477346447360654,"[""LAMA3"",""SV2B""]",LAMA3,SV2B,1
BTC_ERBB4,"[""BTC"",""ERBB4""]",BTC,ERBB4,0.1328850368689936,1.5,0.0713994563874262,0.0276340902367758,0.0382949026009518,0.0106608123641759,0.0620588640951109,"[""BTC"",""ERBB4""]",BTC,ERBB4,1
TNN_SDC4,"[""TNN"",""SDC4""]",TNN,SDC4,0.0784340545696877,1.5,0.0318972247182,0.0154183480065745,0.0093953684434337,-0.0060229795631408,0.0244491464611708,"[""TNN"",""SDC4""]",TNN,SDC4,1
WNT3A_FZD5_LRP6,"[""WNT3A"",""FZD5_LRP6""]",WNT3A,FZD5_LRP6,0.0694788946656196,1.5,0.0251114525817246,0.0037085072856108,0.011924091921663,0.0082155846360522,0.0214029452961137,"[""WNT3A"",""FZD5_LRP6""]",WNT3A,FZD5_LRP6,1
CD40LG_ITGA5_ITGB1,"[""CD40LG"",""ITGA5_ITGB1""]",CD40LG,ITGA5_ITGB1,0.0543657713455382,1.5,0.0193376860487953,0.011856568294518,0.0092388556683639,-0.002617712626154,0.0147118602608595,"[""CD40LG"",""ITGA5_ITGB1""]",CD40LG,ITGA5_ITGB1,1
IHH_PTCH1_SMO,"[""IHH"",""PTCH1_SMO""]",IHH,PTCH1_SMO,0.0408923783415785,1.5,0.0168703039887605,0.0050887940401895,0.0061657636329027,0.0010769695927131,0.0122641678413699,"[""IHH"",""PTCH1_SMO""]",IHH,PTCH1_SMO,1
BTC_ERBB2_ERBB4,"[""BTC"",""ERBB2_ERBB4""]",BTC,ERBB2_ERBB4,0.039703867030133,1.5,0.0159943842270142,0.0085840684489454,0.0130647664687244,0.004480698019779,0.0129665139604531,"[""BTC"",""ERBB2_ERBB4""]",BTC,ERBB2_ERBB4,1
COL9A2_ITGA9_ITGB1,"[""COL9A2"",""ITGA9_ITGB1""]",COL9A2,ITGA9_ITGB1,0.0350923610312834,1.5,0.0138035732071386,0.0023729758456906,0.0116977006711128,0.0093247248254221,0.0114305973614479,"[""COL9A2"",""ITGA9_ITGB1""]",COL9A2,ITGA9_ITGB1,1
ANGPTL1_ITGA1_ITGB1,"[""ANGPTL1"",""ITGA1_ITGB1""]",ANGPTL1,ITGA1_ITGB1,0.0307379865267636,1.5,0.011156665062446,0.0038735143258427,0.0037347458309548,-0.0001387684948878,0.0080062148500858,"[""ANGPTL1"",""ITGA1_ITGB1""]",ANGPTL1,ITGA1_ITGB1,1
IHH_PTCH2_SMO,"[""IHH"",""PTCH2_SMO""]",IHH,PTCH2_SMO,0.0228937766411137,1.5,0.0104872759091238,0.002677187489881,0.0041059027119955,0.0014287152221144,0.0078641881914131,"[""IHH"",""PTCH2_SMO""]",IHH,PTCH2_SMO,1
TNN_ITGA9_ITGB1,"[""TNN"",""ITGA9_ITGB1""]",TNN,ITGA9_ITGB1,0.0041701359751252,1.5,0.0020838745270555,0.0005007309153886,0.0003859727488531,-0.0001147581665354,0.0017746019692208,"[""TNN"",""ITGA9_ITGB1""]",TNN,ITGA9_ITGB1,1
WNT7B_FZD2_LRP5,"[""WNT7B"",""FZD2_LRP5""]",WNT7B,FZD2_LRP5,15.208671050111205,2.0,4.770111603353449,3.322944894480696,4.603337990354186,1.2803930958734902,2.9376386072366634,"[""WNT7B"",""FZD2_LRP5""]",WNT7B,FZD2_LRP5,1
EFNA1_EPHA5,"[""EFNA1"",""EPHA5""]",EFNA1,EPHA5,5.326115044571328,2.0,1.7612256517083156,1.494896226160597,1.6045898741217026,0.1096936479611057,0.9280163384070754,"[""EFNA1"",""EPHA5""]",EFNA1,EPHA5,1
FGF7_FGFR1,"[""FGF7"",""FGFR1""]",FGF7,FGFR1,1.0772474185873633,2.0,0.5356871966880518,0.1507196520516554,0.2394005117321711,0.0886808596805157,0.3914972418171761,"[""FGF7"",""FGFR1""]",FGF7,FGFR1,1
WNT4_FZD2_LRP6,"[""WNT4"",""FZD2_LRP6""]",WNT4,FZD2_LRP6,0.4855157055751063,2.0,0.1801904633724498,0.0456219313087429,0.1392099470038015,0.0935880156950586,0.1345685320637068,"[""WNT4"",""FZD2_LRP6""]",WNT4,FZD2_LRP6,1
WNT4_FZD2_LRP5,"[""WNT4"",""FZD2_LRP5""]",WNT4,FZD2_LRP5,0.4379136609232771,2.0,0.1651210610503684,0.0501496207128769,0.1173783364152087,0.0672287157023317,0.1149714403374914,"[""WNT4"",""FZD2_LRP5""]",WNT4,FZD2_LRP5,1
WNT4_FZD3_LRP5,"[""WNT4"",""FZD3_LRP5""]",WNT4,FZD3_LRP5,0.4218533927867085,2.0,0.1485216776423115,0.0501534578064041,0.1173783364152087,0.0672248786088046,0.0983682198359073,"[""WNT4"",""FZD3_LRP5""]",WNT4,FZD3_LRP5,1
CD34_SELP,"[""CD34"",""SELP""]",CD34,SELP,0.1379277811094744,2.0,0.0693332122191808,0.0244526900473161,0.0211048298407834,-0.0033478602065326,0.0607444946239079,"[""CD34"",""SELP""]",CD34,SELP,1
COL6A6_CD44,"[""COL6A6"",""CD44""]",COL6A6,CD44,0.0145305612675038,2.0,0.0065578854910474,0.000550879195752,0.0050531055650569,0.0045022263693049,0.0060070062952954,"[""COL6A6"",""CD44""]",COL6A6,CD44,1
MAG_MAG,"[""MAG"",""MAG""]",MAG,MAG,0.0009620671606724,2.0,0.0005078976306116,7.019840582424357e-06,0.000331683208798,0.0003246633682155,0.0005008777900291,"[""MAG"",""MAG""]",MAG,MAG,1
SEMA3A_NRP1_PLXNA4,"[""SEMA3A"",""NRP1_PLXNA4""]",SEMA3A,NRP1_PLXNA4,3.824317583694083,2.5,1.5249699718725345,0.6839743363726034,1.0917528744991307,0.4077785381265273,0.9977102173523796,"[""SEMA3A"",""NRP1_PLXNA4""]",SEMA3A,NRP1_PLXNA4,1
SEMA3A_NRP1_PLXNA3,"[""SEMA3A"",""NRP1_PLXNA3""]",SEMA3A,NRP1_PLXNA3,3.4647380897968487,2.5,1.4714057433355068,0.7185277667466401,1.0503387383662983,0.3318109716196582,0.986699611886494,"[""SEMA3A"",""NRP1_PLXNA3""]",SEMA3A,NRP1_PLXNA3,1
VEGFA_FLT1,"[""VEGFA"",""FLT1""]",VEGFA,FLT1,0.1831803721705237,2.5,0.0628384603922826,0.0628295445323378,0.0389356145986986,-0.0238939299336392,0.0445634125301216,"[""VEGFA"",""FLT1""]",VEGFA,FLT1,1
LAMA3_SV2A,"[""LAMA3"",""SV2A""]",LAMA3,SV2A,0.1603304754128364,2.5,0.0597910546153855,0.0097513085430326,0.0212802558338125,0.0115289472907798,0.0500397460723528,"[""LAMA3"",""SV2A""]",LAMA3,SV2A,1
VEGFA_FLT1_KDR,"[""VEGFA"",""FLT1_KDR""]",VEGFA,FLT1_KDR,0.1200835678231185,2.5,0.0501901826609757,0.0165624337747763,0.0308519795566197,0.0142895457818433,0.0436618256127953,"[""VEGFA"",""FLT1_KDR""]",VEGFA,FLT1_KDR,1
FN1_CD44,"[""FN1"",""CD44""]",FN1,CD44,0.1090323599070849,2.5,0.0541206109931697,0.0046909021668374,0.0264807636489169,0.0217898614820794,0.0494297088263322,"[""FN1"",""CD44""]",FN1,CD44,1
LAMA2_ITGA9_ITGB1,"[""LAMA2"",""ITGA9_ITGB1""]",LAMA2,ITGA9_ITGB1,0.0797462851931437,2.5,0.031124187395176,0.0053359235101156,0.0121028671391088,0.0067669436289931,0.0257882638850604,"[""LAMA2"",""ITGA9_ITGB1""]",LAMA2,ITGA9_ITGB1,1
CDH1_ITGAE_ITGB7,"[""CDH1"",""ITGAE_ITGB7""]",CDH1,ITGAE_ITGB7,0.0575411428583375,2.5,0.028025893947225,0.0055630392334424,0.0055917174622468,2.8678228804393698e-05,0.0259960625340824,"[""CDH1"",""ITGAE_ITGB7""]",CDH1,ITGAE_ITGB7,1
NPPC_NPR2,"[""NPPC"",""NPR2""]",NPPC,NPR2,0.0548211817444123,2.5,0.0239626938268604,0.0142745725802805,0.003308515096544,-0.0109660574837364,0.0206541787303164,"[""NPPC"",""NPR2""]",NPPC,NPR2,1
BMP5_BMPR1A_ACVR2A,"[""BMP5"",""BMPR1A_ACVR2A""]",BMP5,BMPR1A_ACVR2A,0.0465925583704596,2.5,0.021072929635649,0.0180044398617081,0.002395647664454,-0.015608792197254,0.0186772819711949,"[""BMP5"",""BMPR1A_ACVR2A""]",BMP5,BMPR1A_ACVR2A,1
BMP5_BMPR1A_BMPR2,"[""BMP5"",""BMPR1A_BMPR2""]",BMP5,BMPR1A_BMPR2,0.0465925583704596,2.5,0.021072929635649,0.0180044398617081,0.002395647664454,-0.015608792197254,0.0186772819711949,"[""BMP5"",""BMPR1A_BMPR2""]",BMP5,BMPR1A_BMPR2,1
PTPRC_MRC1,"[""PTPRC"",""MRC1""]",PTPRC,MRC1,0.0122050171969441,2.5,0.0057034651694064,0.0008638522994933,0.0016438909382317,0.0007800386387384,0.0049926909019991,"[""PTPRC"",""MRC1""]",PTPRC,MRC1,1
LAMA3_ITGA7_ITGB1,"[""LAMA3"",""ITGA7_ITGB1""]",LAMA3,ITGA7_ITGB1,0.0074847043575951,2.5,0.0030930056080802,0.0002849313276461,0.000665433091807,0.0003805017641608,0.0028080742804341,"[""LAMA3"",""ITGA7_ITGB1""]",LAMA3,ITGA7_ITGB1,1
LAMA3_ITGA1_ITGB1,"[""LAMA3"",""ITGA1_ITGB1""]",LAMA3,ITGA1_ITGB1,0.0053160760248528,2.5,0.0023447032313503,0.000247928018586,0.0001727609505736,-7.51670680124335e-05,0.0021719422807767,"[""LAMA3"",""ITGA1_ITGB1""]",LAMA3,ITGA1_ITGB1,1
NRTN_GFRA2_RET,"[""NRTN"",""GFRA2_RET""]",NRTN,GFRA2_RET,0.0025533875392394,2.5,0.0012649659813176,4.312563852247647e-05,0.0006793620135324,0.0006362363750099,0.0012218403427951,"[""NRTN"",""GFRA2_RET""]",NRTN,GFRA2_RET,1
WNT3A_FZD10_LRP6,"[""WNT3A"",""FZD10_LRP6""]",WNT3A,FZD10_LRP6,0.0997718167542601,3.0,0.0425905864525486,0.008718899300697,0.0299436966435589,0.0212247973428618,0.0338716871518516,"[""WNT3A"",""FZD10_LRP6""]",WNT3A,FZD10_LRP6,1
WNT3A_FZD10_LRP5,"[""WNT3A"",""FZD10_LRP5""]",WNT3A,FZD10_LRP5,0.0997694271563334,3.0,0.0425879211080474,0.0087156042422248,0.0299436966435589,0.021228092401334,0.0338723168658225,"[""WNT3A"",""FZD10_LRP5""]",WNT3A,FZD10_LRP5,1
SEMA5B_PLXNA3,"[""SEMA5B"",""PLXNA3""]",SEMA5B,PLXNA3,31.855924874592237,3.5,11.39523657662391,7.116832420685957,9.220252396331572,2.1034199756456156,6.5899674000274,"[""SEMA5B"",""PLXNA3""]",SEMA5B,PLXNA3,1
NRXN3_NLGN3,"[""NRXN3"",""NLGN3""]",NRXN3,NLGN3,24.530550209193585,3.5,9.027865243388062,4.6345215616790085,7.459585862699522,2.8250643010205136,5.435037523954042,"[""NRXN3"",""NLGN3""]",NRXN3,NLGN3,1
SEMA6A_PLXNA4,"[""SEMA6A"",""PLXNA4""]",SEMA6A,PLXNA4,20.88279851496377,3.5,8.408507991967472,2.9366881947497907,5.353406558538279,2.4167183637884886,5.471819797217681,"[""SEMA6A"",""PLXNA4""]",SEMA6A,PLXNA4,1
EFNB1_EPHA4,"[""EFNB1"",""EPHA4""]",EFNB1,EPHA4,19.33600528886742,3.5,8.548264340254295,5.590115625612883,5.873026664373005,0.2829110387601217,6.025376190827387,"[""EFNB1"",""EPHA4""]",EFNB1,EPHA4,1
NRXN3_NLGN2,"[""NRXN3"",""NLGN2""]",NRXN3,NLGN2,16.47816412157802,3.5,6.643179983122893,3.2567922551034116,4.525927283825785,1.2691350287223735,4.19088026104376,"[""NRXN3"",""NLGN2""]",NRXN3,NLGN2,1
NRXN2_NLGN2,"[""NRXN2"",""NLGN2""]",NRXN2,NLGN2,15.893948478070053,3.5,6.462802268695032,2.325803404780705,4.672025081148215,2.34622167636751,4.4291651833522625,"[""NRXN2"",""NLGN2""]",NRXN2,NLGN2,1
JAM2_JAM2,"[""JAM2"",""JAM2""]",JAM2,JAM2,15.741764823273986,3.5,6.284314063169727,3.739753221874008,5.9622735780990865,2.222520356225078,3.9883045849133913,"[""JAM2"",""JAM2""]",JAM2,JAM2,1
WNT7B_FZD2_LRP6,"[""WNT7B"",""FZD2_LRP6""]",WNT7B,FZD2_LRP6,15.51318321592055,3.5,5.5169220527262315,2.712282411440372,5.003638921361983,2.2913565099216107,3.188956018428201,"[""WNT7B"",""FZD2_LRP6""]",WNT7B,FZD2_LRP6,1
WNT7B_FZD3_LRP6,"[""WNT7B"",""FZD3_LRP6""]",WNT7B,FZD3_LRP6,15.121789976539777,3.5,5.48164747225035,2.762161437953698,5.0036102640704305,2.2414488261167325,3.177507444807558,"[""WNT7B"",""FZD3_LRP6""]",WNT7B,FZD3_LRP6,1
WNT7B_FZD3_LRP5,"[""WNT7B"",""FZD3_LRP5""]",WNT7B,FZD3_LRP5,14.743065027828935,3.5,4.662980309189437,3.3230925574173926,4.603337990354186,1.2802454329367934,2.8305073130726512,"[""WNT7B"",""FZD3_LRP5""]",WNT7B,FZD3_LRP5,1
NRXN1_NLGN3,"[""NRXN1"",""NLGN3""]",NRXN1,NLGN3,11.253771521605724,3.5,4.475134098768073,1.8836460398094417,4.00366291324501,2.120016873435568,3.051334732470691,"[""NRXN1"",""NLGN3""]",NRXN1,NLGN3,1
NRXN1_NLGN2,"[""NRXN1"",""NLGN2""]",NRXN1,NLGN2,7.552451909470443,3.5,3.303555517106516,1.3056969812423134,2.4455772792456836,1.1398802980033702,2.3732708945522054,"[""NRXN1"",""NLGN2""]",NRXN1,NLGN2,1
EFNB2_EPHA4,"[""EFNB2"",""EPHA4""]",EFNB2,EPHA4,7.490055039473546,3.5,3.628423209942821,1.9827223966180296,2.6747094066554307,0.6919870100374008,2.606338440744992,"[""EFNB2"",""EPHA4""]",EFNB2,EPHA4,1
WNT7B_FZD6_LRP6,"[""WNT7B"",""FZD6_LRP6""]",WNT7B,FZD6_LRP6,6.544150717401825,3.5,2.2204033730049075,2.1349631340282236,1.905127594824557,-0.2298355392036666,1.1743494631579872,"[""WNT7B"",""FZD6_LRP6""]",WNT7B,FZD6_LRP6,1
NTS_NTSR1,"[""NTS"",""NTSR1""]",NTS,NTSR1,4.972223893368201,3.5,2.083326396367194,0.7166336586765479,0.92562793373664,0.2089942750600921,1.5989223109853563,"[""NTS"",""NTSR1""]",NTS,NTSR1,1
WNT8B_FZD2_LRP6,"[""WNT8B"",""FZD2_LRP6""]",WNT8B,FZD2_LRP6,4.643014056029692,3.5,1.7987449458677165,0.3621170691990102,1.5279262490615984,1.1658091798625885,1.4366278766687062,"[""WNT8B"",""FZD2_LRP6""]",WNT8B,FZD2_LRP6,1
EFNA3_EPHA4,"[""EFNA3"",""EPHA4""]",EFNA3,EPHA4,4.582576135644236,3.5,2.10451133031531,0.7813946016287417,1.5792710632544018,0.7978764616256601,1.429478267187334,"[""EFNA3"",""EPHA4""]",EFNA3,EPHA4,1
WNT8B_FZD3_LRP6,"[""WNT8B"",""FZD3_LRP6""]",WNT8B,FZD3_LRP6,4.451642709770298,3.5,1.7898493357067853,0.3731890717822176,1.5293232005804134,1.1561341287981957,1.4166602639245676,"[""WNT8B"",""FZD3_LRP6""]",WNT8B,FZD3_LRP6,1
FGF2_FGFR1,"[""FGF2"",""FGFR1""]",FGF2,FGFR1,4.354425494507048,3.5,1.624064694355363,0.9135629703565068,0.8807825415338498,-0.0327804288226569,0.8952921946571099,"[""FGF2"",""FGFR1""]",FGF2,FGFR1,1
WNT8B_FZD2_LRP5,"[""WNT8B"",""FZD2_LRP5""]",WNT8B,FZD2_LRP5,3.887483735464661,3.5,1.4743501119515263,0.3908524795458508,1.2219944861518588,0.831142006606008,1.0834976324056758,"[""WNT8B"",""FZD2_LRP5""]",WNT8B,FZD2_LRP5,1
WNT8B_FZD3_LRP5,"[""WNT8B"",""FZD3_LRP5""]",WNT8B,FZD3_LRP5,3.830459633195228,3.5,1.4743501119515263,0.3908571734150171,1.2219944861518588,0.8311373127368418,1.0834929385365095,"[""WNT8B"",""FZD3_LRP5""]",WNT8B,FZD3_LRP5,1
WNT7B_FZD10_LRP6,"[""WNT7B"",""FZD10_LRP6""]",WNT7B,FZD10_LRP6,3.5284357819775507,3.5,1.279510724601836,0.9343682476688564,1.2247881005506882,0.2904198528818319,0.6172521185173163,"[""WNT7B"",""FZD10_LRP6""]",WNT7B,FZD10_LRP6,1
WNT7B_FZD10_LRP5,"[""WNT7B"",""FZD10_LRP5""]",WNT7B,FZD10_LRP5,3.5283849244952616,3.5,1.279510724601836,0.9342485177852208,1.2247881005506882,0.2905395827654674,0.6172521185173163,"[""WNT7B"",""FZD10_LRP5""]",WNT7B,FZD10_LRP5,1
THBS3_SDC4,"[""THBS3"",""SDC4""]",THBS3,SDC4,3.3297275852479515,3.5,1.4775108387498088,0.8677138494504054,1.1554171481981563,0.2877032987477509,0.994602796869564,"[""THBS3"",""SDC4""]",THBS3,SDC4,1
WNT7A_FZD2_LRP6,"[""WNT7A"",""FZD2_LRP6""]",WNT7A,FZD2_LRP6,3.127438428668957,3.5,1.2328345115528927,0.4760308480922823,1.0426031821065789,0.5665723340142965,0.7568036634606103,"[""WNT7A"",""FZD2_LRP6""]",WNT7A,FZD2_LRP6,1
WNT7A_FZD3_LRP6,"[""WNT7A"",""FZD3_LRP6""]",WNT7A,FZD3_LRP6,3.0364161698401473,3.5,1.224388232948849,0.4851721439431763,1.0417173475757957,0.5565452036326192,0.7392160890056726,"[""WNT7A"",""FZD3_LRP6""]",WNT7A,FZD3_LRP6,1
WNT7A_FZD2_LRP5,"[""WNT7A"",""FZD2_LRP5""]",WNT7A,FZD2_LRP5,3.015532964881237,3.5,1.0222377921158687,0.586192467238582,0.9516490195918552,0.3654565523532733,0.5646514926885603,"[""WNT7A"",""FZD2_LRP5""]",WNT7A,FZD2_LRP5,1
WNT7A_FZD3_LRP5,"[""WNT7A"",""FZD3_LRP5""]",WNT7A,FZD3_LRP5,2.924492207906325,3.5,1.0222377921158687,0.586219874506433,0.9516490195918552,0.3654291450854223,0.5646514926885603,"[""WNT7A"",""FZD3_LRP5""]",WNT7A,FZD3_LRP5,1
WNT8B_FZD8_LRP5,"[""WNT8B"",""FZD8_LRP5""]",WNT8B,FZD8_LRP5,2.6878609379591616,3.5,1.26418431500627,0.2305356455012178,1.2095630633700103,0.9790274178687924,1.0336486695050522,"[""WNT8B"",""FZD8_LRP5""]",WNT8B,FZD8_LRP5,1
WNT8B_FZD8_LRP6,"[""WNT8B"",""FZD8_LRP6""]",WNT8B,FZD8_LRP6,2.634669855258844,3.5,1.2645148637214687,0.2184758137960873,1.251175169099623,1.0326993553035355,1.046039049925381,"[""WNT8B"",""FZD8_LRP6""]",WNT8B,FZD8_LRP6,1
SEMA4A_PLXNB3,"[""SEMA4A"",""PLXNB3""]",SEMA4A,PLXNB3,2.5932120117515685,3.5,1.080159469422995,0.5816428481266377,0.880688875283558,0.2990460271569203,0.7217039437318502,"[""SEMA4A"",""PLXNB3""]",SEMA4A,PLXNB3,1
LAMA1_SV2A,"[""LAMA1"",""SV2A""]",LAMA1,SV2A,2.0982592842067156,3.5,0.9219919487344465,0.4100701648067401,0.6346132797307248,0.2245431149239847,0.6609998966598866,"[""LAMA1"",""SV2A""]",LAMA1,SV2A,1
FGF9_FGFR1,"[""FGF9"",""FGFR1""]",FGF9,FGFR1,1.7515103273735035,3.5,0.7868291022549119,0.3931300174985752,0.4559712509739367,0.0628412334753615,0.5774207373342716,"[""FGF9"",""FGFR1""]",FGF9,FGFR1,1
SEMA3F_NRP2_PLXNA1,"[""SEMA3F"",""NRP2_PLXNA1""]",SEMA3F,NRP2_PLXNA1,1.6834108755774042,3.5,0.7446524009640136,0.212706901165107,0.3614100020350111,0.1487031008699041,0.5468387759866848,"[""SEMA3F"",""NRP2_PLXNA1""]",SEMA3F,NRP2_PLXNA1,1
SEMA3F_NRP2_PLXNA4,"[""SEMA3F"",""NRP2_PLXNA4""]",SEMA3F,NRP2_PLXNA4,1.6173741136810285,3.5,0.6750148545998826,0.1622383583516426,0.3365984648063591,0.1743601064547164,0.5127764962482401,"[""SEMA3F"",""NRP2_PLXNA4""]",SEMA3F,NRP2_PLXNA4,1
NRG3_ERBB2_ERBB4,"[""NRG3"",""ERBB2_ERBB4""]",NRG3,ERBB2_ERBB4,1.5474576772434143,3.5,0.7151219657483385,0.2878107933011947,0.4819282228786615,0.1941174295774667,0.506352577120847,"[""NRG3"",""ERBB2_ERBB4""]",NRG3,ERBB2_ERBB4,1
SEMA3F_NRP2_PLXNA3,"[""SEMA3F"",""NRP2_PLXNA3""]",SEMA3F,NRP2_PLXNA3,1.5017383864701317,3.5,0.5650147292874944,0.1983275209183803,0.3312887680406691,0.1329612471222887,0.4038374507892222,"[""SEMA3F"",""NRP2_PLXNA3""]",SEMA3F,NRP2_PLXNA3,1
EFNB1_EPHB3,"[""EFNB1"",""EPHB3""]",EFNB1,EPHB3,1.3599231337725923,3.5,0.5943492414512028,0.384328874881967,0.4104105547326686,0.0260816798507016,0.4247720451345027,"[""EFNB1"",""EPHB3""]",EFNB1,EPHB3,1
WNT7A_FZD6_LRP5,"[""WNT7A"",""FZD6_LRP5""]",WNT7A,FZD6_LRP5,1.319465417212914,3.5,0.4915343048097098,0.4095247703931083,0.3938751172700946,-0.0156496531230137,0.2368086990491315,"[""WNT7A"",""FZD6_LRP5""]",WNT7A,FZD6_LRP5,1
WNT7A_FZD6_LRP6,"[""WNT7A"",""FZD6_LRP6""]",WNT7A,FZD6_LRP6,1.31146772191614,3.5,0.4915343048097098,0.3748862980847764,0.3955134002606193,0.0206271021758428,0.2366253805391659,"[""WNT7A"",""FZD6_LRP6""]",WNT7A,FZD6_LRP6,1
NRG1_ERBB2_ERBB4,"[""NRG1"",""ERBB2_ERBB4""]",NRG1,ERBB2_ERBB4,1.2388949251520178,3.5,0.439480089719485,0.3617977796786384,0.3001455189903465,-0.0616522606882919,0.3005160886455038,"[""NRG1"",""ERBB2_ERBB4""]",NRG1,ERBB2_ERBB4,1
FGF10_FGFR1,"[""FGF10"",""FGFR1""]",FGF10,FGFR1,1.1936417893823164,3.5,0.4706315963233869,0.2546584266877031,0.2078704064058355,-0.0467880202818675,0.3414783732161174,"[""FGF10"",""FGFR1""]",FGF10,FGFR1,1
TNC_ITGA9_ITGB1,"[""TNC"",""ITGA9_ITGB1""]",TNC,ITGA9_ITGB1,1.127591955436491,3.5,0.4571585115884593,0.126343475939979,0.261212591062433,0.134869115122454,0.3308150356484803,"[""TNC"",""ITGA9_ITGB1""]",TNC,ITGA9_ITGB1,1
LAMA5_ITGA3_ITGB1,"[""LAMA5"",""ITGA3_ITGB1""]",LAMA5,ITGA3_ITGB1,0.9976235335534916,3.5,0.5204621537594611,0.1213045753754197,0.4334710330699016,0.3121664576944819,0.3991575783840414,"[""LAMA5"",""ITGA3_ITGB1""]",LAMA5,ITGA3_ITGB1,1
LAMA1_ITGA6_ITGB4,"[""LAMA1"",""ITGA6_ITGB4""]",LAMA1,ITGA6_ITGB4,0.9323664984661288,3.5,0.320368132495999,0.228344342790402,0.1643887631120257,-0.0639555796783763,0.1576662187853138,"[""LAMA1"",""ITGA6_ITGB4""]",LAMA1,ITGA6_ITGB4,1
LAMA4_ITGA6_ITGB1,"[""LAMA4"",""ITGA6_ITGB1""]",LAMA4,ITGA6_ITGB1,0.9172086638923088,3.5,0.3475394766458267,0.2442564306487079,0.2333601701375522,-0.0108962605111556,0.2160273560379648,"[""LAMA4"",""ITGA6_ITGB1""]",LAMA4,ITGA6_ITGB1,1
WNT11_FZD8,"[""WNT11"",""FZD8""]",WNT11,FZD8,0.8904056625644681,3.5,0.3819813711129195,0.1116116919915794,0.2734106599986484,0.161798968007069,0.2703696791213401,"[""WNT11"",""FZD8""]",WNT11,FZD8,1
LAMA2_ITGA6_ITGB1,"[""LAMA2"",""ITGA6_ITGB1""]",LAMA2,ITGA6_ITGB1,0.8659857072759103,3.5,0.3280039266580941,0.1406935169309811,0.2287393824428406,0.0880458655118595,0.1950913439453692,"[""LAMA2"",""ITGA6_ITGB1""]",LAMA2,ITGA6_ITGB1,1
COL9A2_SDC4,"[""COL9A2"",""SDC4""]",COL9A2,SDC4,0.7564171006817144,3.5,0.2954695458818846,0.1111921578808696,0.2798453441599135,0.1686531862790439,0.1861241471473361,"[""COL9A2"",""SDC4""]",COL9A2,SDC4,1
WNT7A_FZD10_LRP6,"[""WNT7A"",""FZD10_LRP6""]",WNT7A,FZD10_LRP6,0.7094466235090475,3.5,0.2821407471493317,0.1667149193240672,0.2504548263653759,0.0837399070413087,0.1521845125620528,"[""WNT7A"",""FZD10_LRP6""]",WNT7A,FZD10_LRP6,1
WNT7A_FZD10_LRP5,"[""WNT7A"",""FZD10_LRP5""]",WNT7A,FZD10_LRP5,0.7094338215127467,3.5,0.2821407471493317,0.166680635475321,0.2504548263653759,0.0837741908900548,0.1521845125620528,"[""WNT7A"",""FZD10_LRP5""]",WNT7A,FZD10_LRP5,1
WNT7A_FZD5_LRP6,"[""WNT7A"",""FZD5_LRP6""]",WNT7A,FZD5_LRP6,0.6971683478814864,3.5,0.2438665833402283,0.0923571267694925,0.1787855602267453,0.0864284334572527,0.1515094565707357,"[""WNT7A"",""FZD5_LRP6""]",WNT7A,FZD5_LRP6,1
RELN_ITGA3_ITGB1,"[""RELN"",""ITGA3_ITGB1""]",RELN,ITGA3_ITGB1,0.5829913333653323,3.5,0.2666974469548329,0.1114350338730583,0.1728787512823645,0.0614437174093062,0.1885415506218004,"[""RELN"",""ITGA3_ITGB1""]",RELN,ITGA3_ITGB1,1
EFNA3_EPHA2,"[""EFNA3"",""EPHA2""]",EFNA3,EPHA2,0.5769370567052967,3.5,0.2421142736202754,0.1030871509471201,0.2141113463941107,0.1110241954469906,0.1521609264933318,"[""EFNA3"",""EPHA2""]",EFNA3,EPHA2,1
ANGPTL4_ITGA5_ITGB1,"[""ANGPTL4"",""ITGA5_ITGB1""]",ANGPTL4,ITGA5_ITGB1,0.5478464546602104,3.5,0.1993137492231328,0.1607355646357803,0.1250329854909935,-0.0357025791447868,0.1444870387950643,"[""ANGPTL4"",""ITGA5_ITGB1""]",ANGPTL4,ITGA5_ITGB1,1
EFNB2_EPHB3,"[""EFNB2"",""EPHB3""]",EFNB2,EPHB3,0.5357021915179799,3.5,0.2517681517296083,0.1452101910474124,0.1904958071412331,0.0452856160938206,0.1712304681364816,"[""EFNB2"",""EPHB3""]",EFNB2,EPHB3,1
WNT4_FZD3_LRP6,"[""WNT4"",""FZD3_LRP6""]",WNT4,FZD3_LRP6,0.4589576955385459,3.5,0.177905213465278,0.0477807193561139,0.1390532070016756,0.0912724876455616,0.1301244941091641,"[""WNT4"",""FZD3_LRP6""]",WNT4,FZD3_LRP6,1
LAMB3_SV2B,"[""LAMB3"",""SV2B""]",LAMB3,SV2B,0.4490636473698197,3.5,0.1901675612312035,0.1814733730821832,0.142601973537142,-0.0388713995450412,0.1672965759351819,"[""LAMB3"",""SV2B""]",LAMB3,SV2B,1
LAMB3_SV2A,"[""LAMB3"",""SV2A""]",LAMB3,SV2A,0.4316608415952109,3.5,0.2016665950472241,0.1530181042399179,0.1329862779394579,-0.02003182630046,0.1751702380360179,"[""LAMB3"",""SV2A""]",LAMB3,SV2A,1
LAMA1_ITGA3_ITGB1,"[""LAMA1"",""ITGA3_ITGB1""]",LAMA1,ITGA3_ITGB1,0.3446948197896721,3.5,0.1708450844075505,0.0443882810211717,0.1313076926235129,0.0869194116023411,0.1264568033863787,"[""LAMA1"",""ITGA3_ITGB1""]",LAMA1,ITGA3_ITGB1,1
WNT10B_FZD2_LRP6,"[""WNT10B"",""FZD2_LRP6""]",WNT10B,FZD2_LRP6,0.3440043037390203,3.5,0.1470835163032142,0.0496503937506694,0.0987181300256826,0.0490677362750131,0.0974331225525448,"[""WNT10B"",""FZD2_LRP6""]",WNT10B,FZD2_LRP6,1
WNT10B_FZD3_LRP6,"[""WNT10B"",""FZD3_LRP6""]",WNT10B,FZD3_LRP6,0.3371215293491516,3.5,0.1460034275961918,0.0511529767044425,0.0985120357022437,0.0473590589978012,0.1057441794571063,"[""WNT10B"",""FZD3_LRP6""]",WNT10B,FZD3_LRP6,1
WNT10B_FZD2_LRP5,"[""WNT10B"",""FZD2_LRP5""]",WNT10B,FZD2_LRP5,0.3213565940102102,3.5,0.120376259050871,0.0595525775680359,0.0889008062975036,0.0293482287294677,0.0762020879155921,"[""WNT10B"",""FZD2_LRP5""]",WNT10B,FZD2_LRP5,1
WNT4_FZD8_LRP5,"[""WNT4"",""FZD8_LRP5""]",WNT4,FZD8_LRP5,0.31855800159608,3.5,0.1202815394505601,0.0288860125741838,0.1165804780132056,0.0876944654390217,0.0913955268763762,"[""WNT4"",""FZD8_LRP5""]",WNT4,FZD8_LRP5,1
WNT10B_FZD3_LRP5,"[""WNT10B"",""FZD3_LRP5""]",WNT10B,FZD3_LRP5,0.3125419606622363,3.5,0.120376259050871,0.0595585554078266,0.0889008062975036,0.029342250889677,0.0762020879155921,"[""WNT10B"",""FZD3_LRP5""]",WNT10B,FZD3_LRP5,1
EFNA1_EPHA2,"[""EFNA1"",""EPHA2""]",EFNA1,EPHA2,0.2965544994536968,3.5,0.1048141409729245,0.0804962584879861,0.0876443498193465,0.0071480913313604,0.0690147421394961,"[""EFNA1"",""EPHA2""]",EFNA1,EPHA2,1
WNT4_FZD8_LRP6,"[""WNT4"",""FZD8_LRP6""]",WNT4,FZD8_LRP6,0.2908386437276246,3.5,0.1203138069106658,0.0275641060022556,0.1192981834336937,0.091734077431438,0.0927497009084102,"[""WNT4"",""FZD8_LRP6""]",WNT4,FZD8_LRP6,1
EFNA1_EPHA8,"[""EFNA1"",""EPHA8""]",EFNA1,EPHA8,0.2755158627694828,3.5,0.0964201044604422,0.0365161221004741,0.0683980375546244,0.0318819154541502,0.059903982359968,"[""EFNA1"",""EPHA8""]",EFNA1,EPHA8,1
LAMC1_ITGA9_ITGB1,"[""LAMC1"",""ITGA9_ITGB1""]",LAMC1,ITGA9_ITGB1,0.2569246266049293,3.5,0.0974124670443983,0.0269624095844326,0.0637003626192105,0.0367379530347778,0.0704500574599657,"[""LAMC1"",""ITGA9_ITGB1""]",LAMC1,ITGA9_ITGB1,1
LAMA5_ITGA9_ITGB1,"[""LAMA5"",""ITGA9_ITGB1""]",LAMA5,ITGA9_ITGB1,0.2476155018334715,3.5,0.09866860539155,0.0192433771866294,0.0671537238975416,0.0479103467109122,0.0794252282049206,"[""LAMA5"",""ITGA9_ITGB1""]",LAMA5,ITGA9_ITGB1,1
WNT10B_FZD8_LRP5,"[""WNT10B"",""FZD8_LRP5""]",WNT10B,FZD8_LRP5,0.2458196109199692,3.5,0.1043668455612736,0.0384953245438525,0.0884925004098144,0.0499971758659619,0.0730527704406228,"[""WNT10B"",""FZD8_LRP5""]",WNT10B,FZD8_LRP5,1
ADM_CALCR,"[""ADM"",""CALCR""]",ADM,CALCR,0.2336200361445114,3.5,0.1059499723185962,0.0244096201085008,0.0624052887831288,0.0379956686746279,0.0815403522100954,"[""ADM"",""CALCR""]",ADM,CALCR,1
WNT10B_FZD8_LRP6,"[""WNT10B"",""FZD8_LRP6""]",WNT10B,FZD8_LRP6,0.2258978380306283,3.5,0.1043993113264396,0.034776827585102,0.0875792111971582,0.0528023836120561,0.0780628820513516,"[""WNT10B"",""FZD8_LRP6""]",WNT10B,FZD8_LRP6,1
FGF8_FGFR1,"[""FGF8"",""FGFR1""]",FGF8,FGFR1,0.1932419577466194,3.5,0.0928460663971651,0.0436469552964601,0.0798739651476714,0.0362270098512112,0.0879474172772095,"[""FGF8"",""FGFR1""]",FGF8,FGFR1,1
LAMB3_ITGA6_ITGB4,"[""LAMB3"",""ITGA6_ITGB4""]",LAMB3,ITGA6_ITGB4,0.175153700012739,3.5,0.0681547355278077,0.06418539750437,0.0438251894980905,-0.0203602080062794,0.0463797048351775,"[""LAMB3"",""ITGA6_ITGB4""]",LAMB3,ITGA6_ITGB4,1
WNT10B_FZD6_LRP5,"[""WNT10B"",""FZD6_LRP5""]",WNT10B,FZD6_LRP5,0.1419546814400657,3.5,0.0577339567435305,0.0428582658994725,0.03684852381259,-0.0060097420868824,0.0413024487600772,"[""WNT10B"",""FZD6_LRP5""]",WNT10B,FZD6_LRP5,1
WNT10B_FZD6_LRP6,"[""WNT10B"",""FZD6_LRP6""]",WNT10B,FZD6_LRP6,0.1411044238821976,3.5,0.0577339567435305,0.0390284971557524,0.0371149895351207,-0.0019135076206316,0.041253035292398,"[""WNT10B"",""FZD6_LRP6""]",WNT10B,FZD6_LRP6,1
JAG2_NOTCH3,"[""JAG2"",""NOTCH3""]",JAG2,NOTCH3,0.1346498528838268,3.5,0.0543274094773962,0.0179640674356699,0.0486248765154341,0.0306608090797642,0.0363633420417263,"[""JAG2"",""NOTCH3""]",JAG2,NOTCH3,1
WNT4_FZD10_LRP6,"[""WNT4"",""FZD10_LRP6""]",WNT4,FZD10_LRP6,0.1089893340100041,3.5,0.0398792768362915,0.0155479600781631,0.0361771366236589,0.0206291765454957,0.0243313167581283,"[""WNT4"",""FZD10_LRP6""]",WNT4,FZD10_LRP6,1
WNT4_FZD10_LRP5,"[""WNT4"",""FZD10_LRP5""]",WNT4,FZD10_LRP5,0.1089852329555652,3.5,0.0398792768362915,0.0155359923812537,0.0361771366236589,0.0206411442424052,0.0243432844550378,"[""WNT4"",""FZD10_LRP5""]",WNT4,FZD10_LRP5,1
NPY_GPR83,"[""NPY"",""GPR83""]",NPY,GPR83,0.086935849378029,3.5,0.052847497157241,0.0014339751763472,0.0350767301182038,0.0336427549418565,0.0514135219808937,"[""NPY"",""GPR83""]",NPY,GPR83,1
LAMA1_ITGA9_ITGB1,"[""LAMA1"",""ITGA9_ITGB1""]",LAMA1,ITGA9_ITGB1,0.0861469732369836,3.5,0.0325046866261412,0.0067698836623695,0.0196545262578246,0.0128846425954551,0.0257348029637717,"[""LAMA1"",""ITGA9_ITGB1""]",LAMA1,ITGA9_ITGB1,1
WNT10B_FZD10_LRP6,"[""WNT10B"",""FZD10_LRP6""]",WNT10B,FZD10_LRP6,0.0741412126918648,3.5,0.0328841241411969,0.0160796844990941,0.0218765662575042,0.00579688175841,0.025219671333519,"[""WNT10B"",""FZD10_LRP6""]",WNT10B,FZD10_LRP6,1
WNT10B_FZD10_LRP5,"[""WNT10B"",""FZD10_LRP5""]",WNT10B,FZD10_LRP5,0.0741340768220955,3.5,0.0328841241411969,0.0160546569524652,0.0218765662575042,0.0058219093050389,0.025219671333519,"[""WNT10B"",""FZD10_LRP5""]",WNT10B,FZD10_LRP5,1
COL4A1_CD44,"[""COL4A1"",""CD44""]",COL4A1,CD44,0.0723109499784059,3.5,0.0381474394947064,0.0034998554253162,0.0322300284947213,0.028730173069405,0.0346475840693901,"[""COL4A1"",""CD44""]",COL4A1,CD44,1
LAMB3_ITGA3_ITGB1,"[""LAMB3"",""ITGA3_ITGB1""]",LAMB3,ITGA3_ITGB1,0.0703057477107431,3.5,0.0375599171301602,0.0204289781403763,0.0304019461001893,0.009972967959813,0.0323102810335901,"[""LAMB3"",""ITGA3_ITGB1""]",LAMB3,ITGA3_ITGB1,1
MSTN_ACVR1B_ACVR2A,"[""MSTN"",""ACVR1B_ACVR2A""]",MSTN,ACVR1B_ACVR2A,0.0667301853628516,3.5,0.0299858401830197,0.0131218712310101,0.0293501058584398,0.0162282346274297,0.0228390618853765,"[""MSTN"",""ACVR1B_ACVR2A""]",MSTN,ACVR1B_ACVR2A,1
PLG_F2R,"[""PLG"",""F2R""]",PLG,F2R,0.0661361002535735,3.5,0.0281474969253507,0.000473937325429,0.0255187726761209,0.0250448353506918,0.0276735595999217,"[""PLG"",""F2R""]",PLG,F2R,1
DLL4_NOTCH3,"[""DLL4"",""NOTCH3""]",DLL4,NOTCH3,0.0446293309781067,3.5,0.0171521961306136,0.0048610538896612,0.0147959919045794,0.0099349380149182,0.0122911422409524,"[""DLL4"",""NOTCH3""]",DLL4,NOTCH3,1
GAS6_MERTK,"[""GAS6"",""MERTK""]",GAS6,MERTK,0.0443067414905003,3.5,0.0186098914227622,0.0038686164182712,0.0175643595401953,0.013695743121924,0.0160933481575321,"[""GAS6"",""MERTK""]",GAS6,MERTK,1
TGFB3_TGFBR1_TGFBR2,"[""TGFB3"",""TGFBR1_TGFBR2""]",TGFB3,TGFBR1_TGFBR2,0.0412348928628338,3.5,0.0183277742825825,0.0060377339939705,0.0166007097460641,0.0105629757520936,0.0130103494621807,"[""TGFB3"",""TGFBR1_TGFBR2""]",TGFB3,TGFBR1_TGFBR2,1
TGFB3_ACVR1B_TGFBR2,"[""TGFB3"",""ACVR1B_TGFBR2""]",TGFB3,ACVR1B_TGFBR2,0.0407720330658186,3.5,0.0183277742825825,0.0052565223881005,0.0166202788550927,0.0113637564669922,0.013071251894482,"[""TGFB3"",""ACVR1B_TGFBR2""]",TGFB3,ACVR1B_TGFBR2,1
GDF5_BMPR1A_ACVR2A,"[""GDF5"",""BMPR1A_ACVR2A""]",GDF5,BMPR1A_ACVR2A,0.0360126532953023,3.5,0.0140707124889697,0.0121541612080674,0.006760508003198,-0.0053936532048694,0.0101769482584034,"[""GDF5"",""BMPR1A_ACVR2A""]",GDF5,BMPR1A_ACVR2A,1
GDF5_BMPR1A_BMPR2,"[""GDF5"",""BMPR1A_BMPR2""]",GDF5,BMPR1A_BMPR2,0.0360126532953023,3.5,0.0140707124889697,0.0121541612080674,0.006760508003198,-0.0053936532048694,0.0101769482584034,"[""GDF5"",""BMPR1A_BMPR2""]",GDF5,BMPR1A_BMPR2,1
FGF8_FGFR3,"[""FGF8"",""FGFR3""]",FGF8,FGFR3,0.030827829135087,3.5,0.0175716371915477,0.0052729543019417,0.0134723729385464,0.0081994186366046,0.0160230105252683,"[""FGF8"",""FGFR3""]",FGF8,FGFR3,1
INHBB_ACVR1C_ACVR2A,"[""INHBB"",""ACVR1C_ACVR2A""]",INHBB,ACVR1C_ACVR2A,0.0306278976733708,3.5,0.0162846156499103,0.0068466456585283,0.0153142133676213,0.0084675677090929,0.0125197325594663,"[""INHBB"",""ACVR1C_ACVR2A""]",INHBB,ACVR1C_ACVR2A,1
UTS2B_SSTR5,"[""UTS2B"",""SSTR5""]",UTS2B,SSTR5,0.0265071944002364,3.5,0.0131862002487525,0.0009710995590066,0.0055286531873493,0.0045575536283427,0.0122151006897458,"[""UTS2B"",""SSTR5""]",UTS2B,SSTR5,1
LAMA3_ITGA3_ITGB1,"[""LAMA3"",""ITGA3_ITGB1""]",LAMA3,ITGA3_ITGB1,0.023846041134734,3.5,0.0088493483894078,0.0008041300319693,0.0044691810557759,0.0036650510238066,0.0080452183574385,"[""LAMA3"",""ITGA3_ITGB1""]",LAMA3,ITGA3_ITGB1,1
FGF8_FGFR4,"[""FGF8"",""FGFR4""]",FGF8,FGFR4,0.0193359683108104,3.5,0.0122196965071996,0.0032356141121614,0.0103111680053627,0.0070755538932012,0.0111971050515357,"[""FGF8"",""FGFR4""]",FGF8,FGFR4,1
LAMB3_ITGA9_ITGB1,"[""LAMB3"",""ITGA9_ITGB1""]",LAMB3,ITGA9_ITGB1,0.0170335210485712,3.5,0.006998745289384,0.0041650750929824,0.0048395463100228,0.0006744712170403,0.0053507065918909,"[""LAMB3"",""ITGA9_ITGB1""]",LAMB3,ITGA9_ITGB1,1
PLG_F2RL2,"[""PLG"",""F2RL2""]",PLG,F2RL2,0.0085556323825552,3.5,0.0038370921572546,7.716815450616116e-05,0.0027120406556057,0.0026348725010995,0.0037599240027484,"[""PLG"",""F2RL2""]",PLG,F2RL2,1
ADIPOQ_ADIPOR1,"[""ADIPOQ"",""ADIPOR1""]",ADIPOQ,ADIPOR1,0.0066537329337218,3.5,0.003118734035731,0.0021588830936837,0.0014086179210187,-0.000750265172665,0.002580940639438,"[""ADIPOQ"",""ADIPOR1""]",ADIPOQ,ADIPOR1,1
WNT7B_FZD8_LRP5,"[""WNT7B"",""FZD8_LRP5""]",WNT7B,FZD8_LRP5,11.524015720894887,4.0,4.581865502948109,2.158285226872719,4.581865502948109,2.4235802760753895,3.3037563110446633,"[""WNT7B"",""FZD8_LRP5""]",WNT7B,FZD8_LRP5,1
WNT7B_FZD8_LRP6,"[""WNT7B"",""FZD8_LRP6""]",WNT7B,FZD8_LRP6,10.51792410785566,4.0,4.453298512032447,1.978811373956388,4.453298512032447,2.474487138076059,3.2261839935982217,"[""WNT7B"",""FZD8_LRP6""]",WNT7B,FZD8_LRP6,1
EFNA3_EPHA5,"[""EFNA3"",""EPHA5""]",EFNA3,EPHA5,10.117660258486683,4.0,3.895215643606993,1.891011531373224,3.895215643606993,2.0042041122337686,2.3926478963388575,"[""EFNA3"",""EPHA5""]",EFNA3,EPHA5,1
FGF17_FGFR1,"[""FGF17"",""FGFR1""]",FGF17,FGFR1,7.793392614903344,4.0,4.032880792388109,1.15886558495162,4.032880792388109,2.8740152074364893,3.4997925237116094,"[""FGF17"",""FGFR1""]",FGF17,FGFR1,1
LAMC1_ITGA6_ITGB1,"[""LAMC1"",""ITGA6_ITGB1""]",LAMC1,ITGA6_ITGB1,3.0539579223833178,4.0,1.1537359858456062,0.7753310925354037,1.1537359858456062,0.3784048933102025,0.6646381752849067,"[""LAMC1"",""ITGA6_ITGB1""]",LAMC1,ITGA6_ITGB1,1
LAMA5_ITGA6_ITGB1,"[""LAMA5"",""ITGA6_ITGB1""]",LAMA5,ITGA6_ITGB1,2.983476449641127,4.0,1.1317982674951708,0.6061801041744995,1.1317982674951708,0.5256181633206712,0.6159033555696601,"[""LAMA5"",""ITGA6_ITGB1""]",LAMA5,ITGA6_ITGB1,1
WNT7A_FZD8_LRP5,"[""WNT7A"",""FZD8_LRP5""]",WNT7A,FZD8_LRP5,2.283839938192679,4.0,0.9471409661468404,0.3791277931613991,0.9471409661468404,0.5680131729854414,0.6201741785889634,"[""WNT7A"",""FZD8_LRP5""]",WNT7A,FZD8_LRP5,1
WNT7A_FZD8_LRP6,"[""WNT7A"",""FZD8_LRP6""]",WNT7A,FZD8_LRP6,2.0890451102770906,4.0,0.9252739284360212,0.3473994226003271,0.9252739284360212,0.577874505835694,0.6120651299356352,"[""WNT7A"",""FZD8_LRP6""]",WNT7A,FZD8_LRP6,1
EDN2_EDNRB,"[""EDN2"",""EDNRB""]",EDN2,EDNRB,1.6606000247413182,4.0,1.9006278503867349,0.1632273836521098,1.9006278503867349,1.737400466734625,1.8247273062517824,"[""EDN2"",""EDNRB""]",EDN2,EDNRB,1
FGF17_FGFR3,"[""FGF17"",""FGFR3""]",FGF17,FGFR3,1.2771784761721676,4.0,0.6461119147522167,0.2065767775093034,0.6461119147522167,0.4395351372429132,0.5017670436905016,"[""FGF17"",""FGFR3""]",FGF17,FGFR3,1
WNT8B_FZD10_LRP6,"[""WNT8B"",""FZD10_LRP6""]",WNT8B,FZD10_LRP6,1.2021377089424123,4.0,0.5331225207741758,0.113393759325945,0.5331225207741758,0.4197287614482307,0.4197287614482307,"[""WNT8B"",""FZD10_LRP6""]",WNT8B,FZD10_LRP6,1
WNT8B_FZD10_LRP5,"[""WNT8B"",""FZD10_LRP5""]",WNT8B,FZD10_LRP5,1.2021150609826137,4.0,0.5331225207741758,0.1133643756306897,0.5331225207741758,0.419758145143486,0.419758145143486,"[""WNT8B"",""FZD10_LRP5""]",WNT8B,FZD10_LRP5,1
LAMA1_ITGA6_ITGB1,"[""LAMA1"",""ITGA6_ITGB1""]",LAMA1,ITGA6_ITGB1,1.0945265248625045,4.0,0.44335053109802,0.2686000002094891,0.44335053109802,0.1747505308885308,0.2667060490832293,"[""LAMA1"",""ITGA6_ITGB1""]",LAMA1,ITGA6_ITGB1,1
FGF17_FGFR4,"[""FGF17"",""FGFR4""]",FGF17,FGFR4,0.8244097607818948,4.0,0.3967216228259289,0.146572640909252,0.3967216228259289,0.2501489819166769,0.3240281183716053,"[""FGF17"",""FGFR4""]",FGF17,FGFR4,1
THBS3_ITGA3_ITGB1,"[""THBS3"",""ITGA3_ITGB1""]",THBS3,ITGA3_ITGB1,0.5939631510337152,4.0,0.3141489710729656,0.1077664004301793,0.3141489710729656,0.2063825706427862,0.2341688776900429,"[""THBS3"",""ITGA3_ITGB1""]",THBS3,ITGA3_ITGB1,1
EDN1_EDNRB,"[""EDN1"",""EDNRB""]",EDN1,EDNRB,0.3926498154149291,4.0,0.1582588146727517,0.0286200869779621,0.1582588146727517,0.1296387276947895,0.1296387276947895,"[""EDN1"",""EDNRB""]",EDN1,EDNRB,1
JAG1_NOTCH3,"[""JAG1"",""NOTCH3""]",JAG1,NOTCH3,0.2768553679858619,4.0,0.1676820183224623,0.0341379364376912,0.1676820183224623,0.1335440818847711,0.1335440818847711,"[""JAG1"",""NOTCH3""]",JAG1,NOTCH3,1
LAMC1_CD44,"[""LAMC1"",""CD44""]",LAMC1,CD44,0.1717941786528881,4.0,0.1162907225428914,0.0099964901204247,0.1162907225428914,0.1062942324224667,0.1075103322980983,"[""LAMC1"",""CD44""]",LAMC1,CD44,1
TGFB2_TGFBR1_TGFBR2,"[""TGFB2"",""TGFBR1_TGFBR2""]",TGFB2,TGFBR1_TGFBR2,0.1683008667515355,4.0,0.0788556510122638,0.0487505788676223,0.0788556510122638,0.0301050721446415,0.0585492726892067,"[""TGFB2"",""TGFBR1_TGFBR2""]",TGFB2,TGFBR1_TGFBR2,1
LAMA5_CD44,"[""LAMA5"",""CD44""]",LAMA5,CD44,0.1674096109499396,4.0,0.1124467286378675,0.008363914654359,0.1124467286378675,0.1040828139835084,0.1040828139835084,"[""LAMA5"",""CD44""]",LAMA5,CD44,1
TGFB2_ACVR1B_TGFBR2,"[""TGFB2"",""ACVR1B_TGFBR2""]",TGFB2,ACVR1B_TGFBR2,0.1652491412859336,4.0,0.0789387259404437,0.0428223444266835,0.0789387259404437,0.0361163815137602,0.0586311530835383,"[""TGFB2"",""ACVR1B_TGFBR2""]",TGFB2,ACVR1B_TGFBR2,1
COL9A2_ITGA3_ITGB1,"[""COL9A2"",""ITGA3_ITGB1""]",COL9A2,ITGA3_ITGB1,0.1363686190838682,4.0,0.0735553829393141,0.012620077674182,0.0735553829393141,0.060935305265132,0.060935305265132,"[""COL9A2"",""ITGA3_ITGB1""]",COL9A2,ITGA3_ITGB1,1
MSTN_TGFBR1_ACVR2A,"[""MSTN"",""TGFBR1_ACVR2A""]",MSTN,TGFBR1_ACVR2A,0.1164939567756274,4.0,0.0575496739906619,0.0250329152082256,0.0575496739906619,0.0325167587824362,0.0465656294798121,"[""MSTN"",""TGFBR1_ACVR2A""]",MSTN,TGFBR1_ACVR2A,1
LAMA1_CD44,"[""LAMA1"",""CD44""]",LAMA1,CD44,0.06444214963342,4.0,0.046291694857439,0.0032849488705938,0.046291694857439,0.0430067459868452,0.0436765545177432,"[""LAMA1"",""CD44""]",LAMA1,CD44,1
COL4A2_CD44,"[""COL4A2"",""CD44""]",COL4A2,CD44,0.0638084595578067,4.0,0.0411517151615122,0.0028298922504267,0.0411517151615122,0.0383218229110855,0.0383218229110855,"[""COL4A2"",""CD44""]",COL4A2,CD44,1
LAMA4_CD44,"[""LAMA4"",""CD44""]",LAMA4,CD44,0.0508640687517347,4.0,0.0233065217671581,0.0031766647069664,0.0233065217671581,0.0201298570601917,0.0211408793655145,"[""LAMA4"",""CD44""]",LAMA4,CD44,1
LAMA2_CD44,"[""LAMA2"",""CD44""]",LAMA2,CD44,0.0500083230765581,4.0,0.0232614517779235,0.0017452660324911,0.0232614517779235,0.0215161857454323,0.0215161857454323,"[""LAMA2"",""CD44""]",LAMA2,CD44,1
COL9A2_CD44,"[""COL9A2"",""CD44""]",COL9A2,CD44,0.0231674556182051,4.0,0.0150687731027429,0.0008624360811571,0.0150687731027429,0.0142063370215858,0.0142063370215858,"[""COL9A2"",""CD44""]",COL9A2,CD44,1
TGFB2_ACVR1C_TGFBR2,"[""TGFB2"",""ACVR1C_TGFBR2""]",TGFB2,ACVR1C_TGFBR2,0.0225143392359197,4.0,0.0113076054641198,0.0044620391556462,0.0113076054641198,0.0068455663084736,0.0091416379412484,"[""TGFB2"",""ACVR1C_TGFBR2""]",TGFB2,ACVR1C_TGFBR2,1
LAMB3_CD44,"[""LAMB3"",""CD44""]",LAMB3,CD44,0.0110839911991818,4.0,0.0060526657711581,0.0012719211612951,0.0060526657711581,0.004780744609863,0.0054815244067355,"[""LAMB3"",""CD44""]",LAMB3,CD44,1
TGFB3_ACVR1C_TGFBR2,"[""TGFB3"",""ACVR1C_TGFBR2""]",TGFB3,ACVR1C_TGFBR2,0.006095536814691,4.0,0.0030556576349446,0.0004869581673741,0.0030556576349446,0.0025686994675704,0.0025686994675704,"[""TGFB3"",""ACVR1C_TGFBR2""]",TGFB3,ACVR1C_TGFBR2,1
COL9A2_ITGA10_ITGB1,"[""COL9A2"",""ITGA10_ITGB1""]",COL9A2,ITGA10_ITGB1,0.004782618515291,4.0,0.0023703021170233,5.902035978336244e-05,0.0023703021170233,0.0023112817572399,0.0023112817572399,"[""COL9A2"",""ITGA10_ITGB1""]",COL9A2,ITGA10_ITGB1,1
ANGPTL4_SDC4,"[""ANGPTL4"",""SDC4""]",ANGPTL4,SDC4,5.561130150193742,0.0,2.372661625148926,2.372661625148926,1.0558582505539256,-1.3168033745950003,1.431165543976376,"[""ANGPTL4"",""SDC4""]",ANGPTL4,SDC4,2
CLDN11_CLDN11,"[""CLDN11"",""CLDN11""]",CLDN11,CLDN11,0.4108338958444686,0.0,1.143784999192513,1.143784999192513,0.0149598653201697,-1.1288251338723434,1.14032501680613,"[""CLDN11"",""CLDN11""]",CLDN11,CLDN11,2
NRG4_ERBB2_ERBB4,"[""NRG4"",""ERBB2_ERBB4""]",NRG4,ERBB2_ERBB4,0.0695466768551155,0.0,0.0319627084781371,0.0319627084781371,0.0108627130708508,-0.0210999954072863,0.0235996713353551,"[""NRG4"",""ERBB2_ERBB4""]",NRG4,ERBB2_ERBB4,2
FGF18_FGFR3,"[""FGF18"",""FGFR3""]",FGF18,FGFR3,0.0285718228101946,0.0,0.0158902574150062,0.0158902574150062,0.002354761468836,-0.0135354959461702,0.0135354959461702,"[""FGF18"",""FGFR3""]",FGF18,FGFR3,2
FGF18_FGFR4,"[""FGF18"",""FGFR4""]",FGF18,FGFR4,0.0186190335577488,0.0,0.0112337883019854,0.0112337883019854,0.0016022081104467,-0.0096315801915387,0.0096315801915387,"[""FGF18"",""FGFR4""]",FGF18,FGFR4,2
CCL19_ACKR4,"[""CCL19"",""ACKR4""]",CCL19,ACKR4,0.0053448574590275,0.0,0.0024993812678858,0.0024993812678858,0.0005715240402734,-0.0019278572276123,0.0020641302798686,"[""CCL19"",""ACKR4""]",CCL19,ACKR4,2
LAMC1_ITGA1_ITGB1,"[""LAMC1"",""ITGA1_ITGB1""]",LAMC1,ITGA1_ITGB1,0.2266778539803401,2.0,0.0900220873554984,0.0375771027485169,0.0144980012155646,-0.0230791015329523,0.0755240861399337,"[""LAMC1"",""ITGA1_ITGB1""]",LAMC1,ITGA1_ITGB1,2
SEMA3E_PLXND1,"[""SEMA3E"",""PLXND1""]",SEMA3E,PLXND1,0.0557589315066432,2.0,0.0313560545221709,0.0022594030726562,0.0063015345945939,0.0040421315219377,0.0290966514495146,"[""SEMA3E"",""PLXND1""]",SEMA3E,PLXND1,2
NEGR1_NEGR1,"[""NEGR1"",""NEGR1""]",NEGR1,NEGR1,9.383478175610964,2.5,4.140628310418007,1.5237637936362216,1.9993457162701531,0.4755819226339317,3.0945553340346725,"[""NEGR1"",""NEGR1""]",NEGR1,NEGR1,2
COL1A1_SDC4,"[""COL1A1"",""SDC4""]",COL1A1,SDC4,5.371079505883057,2.5,3.428918336902556,0.2733598597240827,0.3070814728700259,0.0337216131459431,3.247224167097494,"[""COL1A1"",""SDC4""]",COL1A1,SDC4,2
EFNA5_EPHA3,"[""EFNA5"",""EPHA3""]",EFNA5,EPHA3,5.243354168826737,2.5,2.3029486488971873,0.6116868331274675,0.940171479663546,0.3284846465360783,1.6912618157697197,"[""EFNA5"",""EPHA3""]",EFNA5,EPHA3,2
SEMA3A_NRP1_PLXNA1,"[""SEMA3A"",""NRP1_PLXNA1""]",SEMA3A,NRP1_PLXNA1,3.953546076720442,2.5,1.7126777456426725,0.7848494871781844,1.111779931804606,0.3269304446264216,1.1284544922279436,"[""SEMA3A"",""NRP1_PLXNA1""]",SEMA3A,NRP1_PLXNA1,2
PROS1_AXL,"[""PROS1"",""AXL""]",PROS1,AXL,3.486241624700884,2.5,1.4652962758554773,0.8593442123761015,0.5346981653200675,-0.3246460470560339,1.0739636073487682,"[""PROS1"",""AXL""]",PROS1,AXL,2
CXCL12_CXCR4,"[""CXCL12"",""CXCR4""]",CXCL12,CXCR4,2.5087725628423403,2.5,1.5304350068347576,0.090227757888879,0.1691650206281438,0.0789372627392647,1.476025070634063,"[""CXCL12"",""CXCR4""]",CXCL12,CXCR4,2
NCAM1_L1CAM,"[""NCAM1"",""L1CAM""]",NCAM1,L1CAM,1.892295845105831,2.5,1.0315821057416903,0.2534496768816661,0.2709972363798111,0.017547559498145,0.8948283770614923,"[""NCAM1"",""L1CAM""]",NCAM1,L1CAM,2
EFNA1_EPHA3,"[""EFNA1"",""EPHA3""]",EFNA1,EPHA3,1.6251686248720274,2.5,0.553566993573131,0.3463462763679936,0.2672164426255453,-0.0791298337424483,0.2863505509475857,"[""EFNA1"",""EPHA3""]",EFNA1,EPHA3,2
NCAM1_FGFR1,"[""NCAM1"",""FGFR1""]",NCAM1,FGFR1,1.4034897223629512,2.5,0.6882223259664295,0.2580529529111853,0.3128082597047398,0.0547553067935545,0.5298346341210286,"[""NCAM1"",""FGFR1""]",NCAM1,FGFR1,2
SEMA3G_NRP2_PLXNA4,"[""SEMA3G"",""NRP2_PLXNA4""]",SEMA3G,NRP2_PLXNA4,1.280723823718234,2.5,0.6335725289630005,0.1279842803920159,0.2683696497657554,0.1403853693737395,0.5429144668822157,"[""SEMA3G"",""NRP2_PLXNA4""]",SEMA3G,NRP2_PLXNA4,2
SEMA3G_NRP2_PLXNA3,"[""SEMA3G"",""NRP2_PLXNA3""]",SEMA3G,NRP2_PLXNA3,1.1568309167133377,2.5,0.583641328155087,0.1550804972733306,0.2643633561724571,0.1092828588991264,0.4937839436339883,"[""SEMA3G"",""NRP2_PLXNA3""]",SEMA3G,NRP2_PLXNA3,2
NCAM1_NCAM2,"[""NCAM1"",""NCAM2""]",NCAM1,NCAM2,1.0610722205495249,2.5,0.5848938345010377,0.1520297720518126,0.178637136977208,0.0266073649253953,0.4778745667553207,"[""NCAM1"",""NCAM2""]",NCAM1,NCAM2,2
PDGFD_PDGFRB,"[""PDGFD"",""PDGFRB""]",PDGFD,PDGFRB,0.953724463629424,2.5,0.4384665165392956,0.1721078953904808,0.2733578318938815,0.1012499365034006,0.3698331131148469,"[""PDGFD"",""PDGFRB""]",PDGFD,PDGFRB,2
COL1A2_ITGA1_ITGB1,"[""COL1A2"",""ITGA1_ITGB1""]",COL1A2,ITGA1_ITGB1,0.4517494942704742,2.5,0.2507065954915088,0.030462995818929,0.0078234938442986,-0.0226395019746304,0.2428831016472102,"[""COL1A2"",""ITGA1_ITGB1""]",COL1A2,ITGA1_ITGB1,2
COL1A2_ITGA9_ITGB1,"[""COL1A2"",""ITGA9_ITGB1""]",COL1A2,ITGA9_ITGB1,0.4494348152990336,2.5,0.2442281992140593,0.0220911792985133,0.0283039354438312,0.0062127561453178,0.2221370199155459,"[""COL1A2"",""ITGA9_ITGB1""]",COL1A2,ITGA9_ITGB1,2
FN1_ITGA5_ITGB1,"[""FN1"",""ITGA5_ITGB1""]",FN1,ITGA5_ITGB1,0.401762942658634,2.5,0.20250410246326,0.0372737319769941,0.04752109202374,0.0102473600467458,0.1652303704862658,"[""FN1"",""ITGA5_ITGB1""]",FN1,ITGA5_ITGB1,2
ANGPTL4_CDH5,"[""ANGPTL4"",""CDH5""]",ANGPTL4,CDH5,0.3385267689306566,2.5,0.1522780355193198,0.1036877005929748,0.0247632768252991,-0.0789244237676756,0.1275147586940206,"[""ANGPTL4"",""CDH5""]",ANGPTL4,CDH5,2
UCN_CRHR2,"[""UCN"",""CRHR2""]",UCN,CRHR2,0.3068111288043073,2.5,0.2015647557808507,0.0223568032667977,0.0218363184534331,-0.0005204848133646,0.1907302533871742,"[""UCN"",""CRHR2""]",UCN,CRHR2,2
COL1A1_ITGA1_ITGB1,"[""COL1A1"",""ITGA1_ITGB1""]",COL1A1,ITGA1_ITGB1,0.2887191764382318,2.5,0.1947803076786399,0.0143099596459585,0.0043661580506699,-0.0099438015952885,0.1904141496279699,"[""COL1A1"",""ITGA1_ITGB1""]",COL1A1,ITGA1_ITGB1,2
CXCL12_ACKR3,"[""CXCL12"",""ACKR3""]",CXCL12,ACKR3,0.279975133593707,2.5,0.1647393996267301,0.0170625928793557,0.0096846746279652,-0.0073779182513905,0.1607101104428799,"[""CXCL12"",""ACKR3""]",CXCL12,ACKR3,2
COL1A1_ITGA9_ITGB1,"[""COL1A1"",""ITGA9_ITGB1""]",COL1A1,ITGA9_ITGB1,0.2775775165579739,2.5,0.1875449762798797,0.0109804108554275,0.0138958297973539,0.0029154189419264,0.1765645654244522,"[""COL1A1"",""ITGA9_ITGB1""]",COL1A1,ITGA9_ITGB1,2
AGT_AGTR1,"[""AGT"",""AGTR1""]",AGT,AGTR1,0.2321864192233012,2.5,0.1826852711208698,0.0141006467672291,0.0130812941125741,-0.001019352654655,0.1720614536020282,"[""AGT"",""AGTR1""]",AGT,AGTR1,2
PRSS1_F2R,"[""PRSS1"",""F2R""]",PRSS1,F2R,0.2161437856318491,2.5,0.0907568049649832,0.0683675257712443,0.035092527151478,-0.0332749986197662,0.0675193087571507,"[""PRSS1"",""F2R""]",PRSS1,F2R,2
FN1_ITGA8_ITGB1,"[""FN1"",""ITGA8_ITGB1""]",FN1,ITGA8_ITGB1,0.2113659311502627,2.5,0.1565376753983081,0.010259138989223,0.0086791481854871,-0.0015799908037358,0.1500582279872643,"[""FN1"",""ITGA8_ITGB1""]",FN1,ITGA8_ITGB1,2
COL6A1_ITGA1_ITGB1,"[""COL6A1"",""ITGA1_ITGB1""]",COL6A1,ITGA1_ITGB1,0.188262098429576,2.5,0.1028011284987999,0.0111406700694725,0.0072658152410557,-0.0038748548284167,0.0955353132577442,"[""COL6A1"",""ITGA1_ITGB1""]",COL6A1,ITGA1_ITGB1,2
COL6A2_ITGA1_ITGB1,"[""COL6A2"",""ITGA1_ITGB1""]",COL6A2,ITGA1_ITGB1,0.1606475046555082,2.5,0.1033747178777324,0.0124108626722683,0.0038450247842151,-0.0085658378880532,0.0995296930935173,"[""COL6A2"",""ITGA1_ITGB1""]",COL6A2,ITGA1_ITGB1,2
COL6A2_ITGA9_ITGB1,"[""COL6A2"",""ITGA9_ITGB1""]",COL6A2,ITGA9_ITGB1,0.1590766299713216,2.5,0.1008600556124425,0.0114590555035546,0.0169678747550937,0.0055088192515391,0.0920365252919913,"[""COL6A2"",""ITGA9_ITGB1""]",COL6A2,ITGA9_ITGB1,2
COL1A1_CD44,"[""COL1A1"",""CD44""]",COL1A1,CD44,0.1432013943329239,2.5,0.0879307823618237,0.0017463692631305,0.020341427145043,0.0185950578819125,0.0861844130986932,"[""COL1A1"",""CD44""]",COL1A1,CD44,2
COL4A1_ITGA9_ITGB1,"[""COL4A1"",""ITGA9_ITGB1""]",COL4A1,ITGA9_ITGB1,0.1366727317486973,2.5,0.0736621397962518,0.0181662941914539,0.0209914038588244,0.0028251096673705,0.0631223505065823,"[""COL4A1"",""ITGA9_ITGB1""]",COL4A1,ITGA9_ITGB1,2
VEGFD_KDR,"[""VEGFD"",""KDR""]",VEGFD,KDR,0.1360287062756359,2.5,0.0574466009132745,0.0220396805555342,0.0282470886757341,0.0062074081201998,0.0455336007600696,"[""VEGFD"",""KDR""]",VEGFD,KDR,2
COL4A1_ITGA1_ITGB1,"[""COL4A1"",""ITGA1_ITGB1""]",COL4A1,ITGA1_ITGB1,0.1331310867013291,2.5,0.0764891600888509,0.0244399040726408,0.005323432902186,-0.0191164711704548,0.0712591985527698,"[""COL4A1"",""ITGA1_ITGB1""]",COL4A1,ITGA1_ITGB1,2
TNR_ITGA8_ITGB1,"[""TNR"",""ITGA8_ITGB1""]",TNR,ITGA8_ITGB1,0.1234679020261022,2.5,0.0781954279094803,0.0090452572800981,0.0114106341442379,0.0023653768641398,0.0700214304187105,"[""TNR"",""ITGA8_ITGB1""]",TNR,ITGA8_ITGB1,2
COL4A2_ITGA1_ITGB1,"[""COL4A2"",""ITGA1_ITGB1""]",COL4A2,ITGA1_ITGB1,0.0961299356658106,2.5,0.0509249274663289,0.0156716866992711,0.0053520754877973,-0.0103196112114737,0.0455728519785315,"[""COL4A2"",""ITGA1_ITGB1""]",COL4A2,ITGA1_ITGB1,2
LAMA4_ITGA9_ITGB1,"[""LAMA4"",""ITGA9_ITGB1""]",LAMA4,ITGA9_ITGB1,0.0884219920829286,2.5,0.0341214777298614,0.0133499130865308,0.0136636197760671,0.0003137066895363,0.021591195028141,"[""LAMA4"",""ITGA9_ITGB1""]",LAMA4,ITGA9_ITGB1,2
JAM3_ITGAM_ITGB2,"[""JAM3"",""ITGAM_ITGB2""]",JAM3,ITGAM_ITGB2,0.0859108562159332,2.5,0.0405391849905978,0.007994534570857,0.0144139991454313,0.0064194645745742,0.0327012578927847,"[""JAM3"",""ITGAM_ITGB2""]",JAM3,ITGAM_ITGB2,2
COL6A3_ITGA9_ITGB1,"[""COL6A3"",""ITGA9_ITGB1""]",COL6A3,ITGA9_ITGB1,0.0843732327826061,2.5,0.0485330017408922,0.0073716951185008,0.0059994963935833,-0.0013721987249175,0.0425335053473088,"[""COL6A3"",""ITGA9_ITGB1""]",COL6A3,ITGA9_ITGB1,2
COL6A3_ITGA1_ITGB1,"[""COL6A3"",""ITGA1_ITGB1""]",COL6A3,ITGA1_ITGB1,0.0837320107892753,2.5,0.0502088670358501,0.0082769906957316,0.0018438049413381,-0.0064331857543934,0.0483650620945119,"[""COL6A3"",""ITGA1_ITGB1""]",COL6A3,ITGA1_ITGB1,2
CDH5_CDH5,"[""CDH5"",""CDH5""]",CDH5,CDH5,0.0776472957413726,2.5,0.0437235784005217,0.024544585095832,0.0021966699992759,-0.0223479150965561,0.0415269084012457,"[""CDH5"",""CDH5""]",CDH5,CDH5,2
LAMA4_ITGA1_ITGB1,"[""LAMA4"",""ITGA1_ITGB1""]",LAMA4,ITGA1_ITGB1,0.076813792156976,2.5,0.0348718855574237,0.0140597780363525,0.003614247447922,-0.0104455305884304,0.0312576381095016,"[""LAMA4"",""ITGA1_ITGB1""]",LAMA4,ITGA1_ITGB1,2
LAMA1_ITGA1_ITGB1,"[""LAMA1"",""ITGA1_ITGB1""]",LAMA1,ITGA1_ITGB1,0.0727097178782598,2.5,0.0296120875935123,0.0114803163531994,0.0055406915471952,-0.0059396248060042,0.024071396046317,"[""LAMA1"",""ITGA1_ITGB1""]",LAMA1,ITGA1_ITGB1,2
LAMA2_ITGA1_ITGB1,"[""LAMA2"",""ITGA1_ITGB1""]",LAMA2,ITGA1_ITGB1,0.0693859170804359,2.5,0.031563129990632,0.0073107529096511,0.0036340457266713,-0.0036767071829797,0.0279290842639606,"[""LAMA2"",""ITGA1_ITGB1""]",LAMA2,ITGA1_ITGB1,2
ESAM_ESAM,"[""ESAM"",""ESAM""]",ESAM,ESAM,0.0624746532217892,2.5,0.0268054278753326,0.0141782422438949,0.0079538664483915,-0.0062243757955034,0.0188515614269411,"[""ESAM"",""ESAM""]",ESAM,ESAM,2
FN1_ITGA4_ITGB1,"[""FN1"",""ITGA4_ITGB1""]",FN1,ITGA4_ITGB1,0.0614719052003285,2.5,0.0327560265758671,0.0076516295445665,0.0044243884600811,-0.0032272410844854,0.028331638115786,"[""FN1"",""ITGA4_ITGB1""]",FN1,ITGA4_ITGB1,2
FN1_ITGA4_ITGB7,"[""FN1"",""ITGA4_ITGB7""]",FN1,ITGA4_ITGB7,0.0546802551302393,2.5,0.0327558736058193,0.0051936728901711,0.0034796517217967,-0.0017140211683743,0.0292762218840226,"[""FN1"",""ITGA4_ITGB7""]",FN1,ITGA4_ITGB7,2
PRSS1_F2RL2,"[""PRSS1"",""F2RL2""]",PRSS1,F2RL2,0.0309437200429051,2.5,0.0147710765959655,0.0143161847670259,0.0037010411267376,-0.0106151436402882,0.0121765837728096,"[""PRSS1"",""F2RL2""]",PRSS1,F2RL2,2
LAMC3_ITGA9_ITGB1,"[""LAMC3"",""ITGA9_ITGB1""]",LAMC3,ITGA9_ITGB1,0.0288290855550439,2.5,0.0161059680313542,0.002128754318157,0.0012079773521445,-0.0009207769660125,0.0148979906792097,"[""LAMC3"",""ITGA9_ITGB1""]",LAMC3,ITGA9_ITGB1,2
COL9A2_ITGA1_ITGB1,"[""COL9A2"",""ITGA1_ITGB1""]",COL9A2,ITGA1_ITGB1,0.0286578448347077,2.5,0.0118919550292178,0.0035335211311276,0.002129012820414,-0.0014045083107135,0.0097629422088038,"[""COL9A2"",""ITGA1_ITGB1""]",COL9A2,ITGA1_ITGB1,2
COL1A1_ITGA10_ITGB1,"[""COL1A1"",""ITGA10_ITGB1""]",COL1A1,ITGA10_ITGB1,0.0285107679126255,2.5,0.0215602398106945,0.00079969647999,0.0022090904637736,0.0014093939837835,0.0207605433307044,"[""COL1A1"",""ITGA10_ITGB1""]",COL1A1,ITGA10_ITGB1,2
VEGFC_KDR,"[""VEGFC"",""KDR""]",VEGFC,KDR,0.0263300647909079,2.5,0.010420377083004,0.0078545462105795,0.007232474824552,-0.0006220713860274,0.0082032083088506,"[""VEGFC"",""KDR""]",VEGFC,KDR,2
COL6A6_ITGA9_ITGB1,"[""COL6A6"",""ITGA9_ITGB1""]",COL6A6,ITGA9_ITGB1,0.0244975379516366,2.5,0.0118389338632151,0.0023514322082802,0.0031848270311506,0.0008333948228703,0.0094875016549349,"[""COL6A6"",""ITGA9_ITGB1""]",COL6A6,ITGA9_ITGB1,2
COL6A6_ITGA1_ITGB1,"[""COL6A6"",""ITGA1_ITGB1""]",COL6A6,ITGA1_ITGB1,0.0244563741914075,2.5,0.0121223278292606,0.0032804612765802,0.0007968907251715,-0.0024835705514087,0.0113254371040891,"[""COL6A6"",""ITGA1_ITGB1""]",COL6A6,ITGA1_ITGB1,2
THY1_ITGAM_ITGB2,"[""THY1"",""ITGAM_ITGB2""]",THY1,ITGAM_ITGB2,0.0188792292061307,2.5,0.0104514553824493,0.0034220964125974,0.0027014892628673,-0.0007206071497301,0.0093895511835782,"[""THY1"",""ITGAM_ITGB2""]",THY1,ITGAM_ITGB2,2
CD40LG_ITGAM_ITGB2,"[""CD40LG"",""ITGAM_ITGB2""]",CD40LG,ITGAM_ITGB2,0.0165700345661688,2.5,0.008877070381885,0.0028475238209202,0.0015046148832904,-0.0013429089376297,0.0076033709948856,"[""CD40LG"",""ITGAM_ITGB2""]",CD40LG,ITGAM_ITGB2,2
LAMB3_ITGA1_ITGB1,"[""LAMB3"",""ITGA1_ITGB1""]",LAMB3,ITGA1_ITGB1,0.0137518182775092,2.5,0.0060514439842971,0.0036622725567954,0.000728933276992,-0.0029333392798034,0.005322510707305,"[""LAMB3"",""ITGA1_ITGB1""]",LAMB3,ITGA1_ITGB1,2
PTHLH_PTH1R,"[""PTHLH"",""PTH1R""]",PTHLH,PTH1R,0.0102868248076655,2.5,0.0053441114496524,0.0007667473451807,0.0001269386197315,-0.0006398087254491,0.0052171728299208,"[""PTHLH"",""PTH1R""]",PTHLH,PTH1R,2
EDN1_EDNRA,"[""EDN1"",""EDNRA""]",EDN1,EDNRA,0.0077618740838792,2.5,0.0049696194914919,0.0005199319735703,0.0006186418317714,9.87098582010984e-05,0.0046592229594415,"[""EDN1"",""EDNRA""]",EDN1,EDNRA,2
GDNF_GFRA1_RET,"[""GDNF"",""GFRA1_RET""]",GDNF,GFRA1_RET,0.0045252509048641,2.5,0.0021501256275373,0.0014793288450038,0.0001763096896092,-0.0013030191553946,0.001973815937928,"[""GDNF"",""GFRA1_RET""]",GDNF,GFRA1_RET,2
TNN_ITGA8_ITGB1,"[""TNN"",""ITGA8_ITGB1""]",TNN,ITGA8_ITGB1,0.0038431310715333,2.5,0.0021204101121182,0.0002401748380666,0.0001727653548308,-6.740948323573733e-05,0.0019476447572874,"[""TNN"",""ITGA8_ITGB1""]",TNN,ITGA8_ITGB1,2
WNT2B_FZD2_LRP6,"[""WNT2B"",""FZD2_LRP6""]",WNT2B,FZD2_LRP6,2.133093739683777,3.0,0.7695990314964923,0.2390034436939485,0.4342002922153077,0.1951968485213591,0.5305955878025438,"[""WNT2B"",""FZD2_LRP6""]",WNT2B,FZD2_LRP6,2
WNT2B_FZD3_LRP6,"[""WNT2B"",""FZD3_LRP6""]",WNT2B,FZD3_LRP6,2.016082613954966,3.0,0.7618692801147503,0.2458686959487075,0.4347950242553888,0.1889263283066812,0.5160005841660427,"[""WNT2B"",""FZD3_LRP6""]",WNT2B,FZD3_LRP6,2
LAMC3_DAG1,"[""LAMC3"",""DAG1""]",LAMC3,DAG1,1.0253397881693664,3.0,0.5905344924745883,0.0635202721808903,0.0481100338364922,-0.015410238344398,0.5552345544419632,"[""LAMC3"",""DAG1""]",LAMC3,DAG1,2
WNT2B_FZD6_LRP5,"[""WNT2B"",""FZD6_LRP5""]",WNT2B,FZD6_LRP5,0.8469511937351673,3.0,0.3364215723243682,0.1833084256686934,0.1519531392554018,-0.0313552864132916,0.2321055276126171,"[""WNT2B"",""FZD6_LRP5""]",WNT2B,FZD6_LRP5,2
WNT2B_FZD6_LRP6,"[""WNT2B"",""FZD6_LRP6""]",WNT2B,FZD6_LRP6,0.8460265428035287,3.0,0.3367609778522061,0.1779549631860233,0.1524294896801837,-0.0255254735058396,0.2324434164025837,"[""WNT2B"",""FZD6_LRP6""]",WNT2B,FZD6_LRP6,2
WNT2B_FZD7_LRP6,"[""WNT2B"",""FZD7_LRP6""]",WNT2B,FZD7_LRP6,0.8380536763612804,3.0,0.4046596910524693,0.1676863676850746,0.113465242949519,-0.0542211247355555,0.3369210039309737,"[""WNT2B"",""FZD7_LRP6""]",WNT2B,FZD7_LRP6,2
WNT2B_FZD7_LRP5,"[""WNT2B"",""FZD7_LRP5""]",WNT2B,FZD7_LRP5,0.8291775672796031,3.0,0.3909548172400974,0.1666820236875284,0.1132173852187966,-0.0534646384687318,0.3232170036379861,"[""WNT2B"",""FZD7_LRP5""]",WNT2B,FZD7_LRP5,2
LAMC3_SV2B,"[""LAMC3"",""SV2B""]",LAMC3,SV2B,0.7403303030053467,3.0,0.393909113715384,0.0792250803900528,0.0315250007039236,-0.0477000796861291,0.3665110524286982,"[""LAMC3"",""SV2B""]",LAMC3,SV2B,2
WNT11_FZD7,"[""WNT11"",""FZD7""]",WNT11,FZD7,0.6163531676843429,3.0,0.2843506458860783,0.1108014890800377,0.083074892101226,-0.0277265969788116,0.2236793228580077,"[""WNT11"",""FZD7""]",WNT11,FZD7,2
WNT2B_FZD10_LRP6,"[""WNT2B"",""FZD10_LRP6""]",WNT2B,FZD10_LRP6,0.5608714473387632,3.0,0.2856396186000461,0.0828876747565962,0.1509983782660707,0.0681107035094745,0.2147892557917234,"[""WNT2B"",""FZD10_LRP6""]",WNT2B,FZD10_LRP6,2
WNT2B_FZD10_LRP5,"[""WNT2B"",""FZD10_LRP5""]",WNT2B,FZD10_LRP5,0.5608572624351904,3.0,0.2856231821091979,0.0828660743059502,0.1509983782660707,0.0681323039601204,0.2147728193008753,"[""WNT2B"",""FZD10_LRP5""]",WNT2B,FZD10_LRP5,2
WNT11_FZD10,"[""WNT11"",""FZD10""]",WNT11,FZD10,0.3710222220153634,3.0,0.1453286856565034,0.051082833014358,0.1055320163234899,0.0544491833091318,0.0942458526421454,"[""WNT11"",""FZD10""]",WNT11,FZD10,2
WNT8B_FZD4_LRP5,"[""WNT8B"",""FZD4_LRP5""]",WNT8B,FZD4_LRP5,0.1777535767325996,3.0,0.0978337803789544,0.0129297808648495,0.0253049739933674,0.0123751931285178,0.0880858913506506,"[""WNT8B"",""FZD4_LRP5""]",WNT8B,FZD4_LRP5,2
WNT8B_FZD4_LRP6,"[""WNT8B"",""FZD4_LRP6""]",WNT8B,FZD4_LRP6,0.1777535767325996,3.0,0.0978337803789544,0.0129297808648495,0.0253049739933674,0.0123751931285178,0.0880858913506506,"[""WNT8B"",""FZD4_LRP6""]",WNT8B,FZD4_LRP6,2
WNT3A_FZD7_LRP6,"[""WNT3A"",""FZD7_LRP6""]",WNT3A,FZD7_LRP6,0.1539500638219247,3.0,0.0572519492911012,0.0224393775455064,0.0268430919069954,0.004403714361489,0.0357514244731998,"[""WNT3A"",""FZD7_LRP6""]",WNT3A,FZD7_LRP6,2
WNT3A_FZD7_LRP5,"[""WNT3A"",""FZD7_LRP5""]",WNT3A,FZD7_LRP5,0.153052689423018,3.0,0.0562915830475573,0.0223516363435135,0.0267952754224156,0.004443639078902,0.0347921950483139,"[""WNT3A"",""FZD7_LRP5""]",WNT3A,FZD7_LRP5,2
WNT2B_FZD4_LRP5,"[""WNT2B"",""FZD4_LRP5""]",WNT2B,FZD4_LRP5,0.0793555931474392,3.0,0.0499698208471119,0.0070984368214592,0.0072909257397664,0.0001924889183072,0.0463268764228544,"[""WNT2B"",""FZD4_LRP5""]",WNT2B,FZD4_LRP5,2
WNT2B_FZD4_LRP6,"[""WNT2B"",""FZD4_LRP6""]",WNT2B,FZD4_LRP6,0.0793555931474392,3.0,0.0499698208471119,0.0070984368214592,0.0072909257397664,0.0001924889183072,0.0463268764228544,"[""WNT2B"",""FZD4_LRP6""]",WNT2B,FZD4_LRP6,2
NCAM1_NCAM1,"[""NCAM1"",""NCAM1""]",NCAM1,NCAM1,0.0699802421797742,3.0,0.044844088732341,0.0129362167581142,0.0041431090124431,-0.008793107745671,0.0420979942118894,"[""NCAM1"",""NCAM1""]",NCAM1,NCAM1,2
LAMC3_ITGA7_ITGB1,"[""LAMC3"",""ITGA7_ITGB1""]",LAMC3,ITGA7_ITGB1,0.0428293834017445,3.0,0.0241194505066452,0.0019454615025354,0.0011842095810711,-0.0007612519214642,0.0230393882550037,"[""LAMC3"",""ITGA7_ITGB1""]",LAMC3,ITGA7_ITGB1,2
LAMC3_ITGA1_ITGB1,"[""LAMC3"",""ITGA1_ITGB1""]",LAMC3,ITGA1_ITGB1,0.0314112674062953,3.0,0.0186214495774906,0.0020910356962579,0.0003108460947482,-0.0017801896015096,0.0183106034827423,"[""LAMC3"",""ITGA1_ITGB1""]",LAMC3,ITGA1_ITGB1,2
PSAP_GPR37L1,"[""PSAP"",""GPR37L1""]",PSAP,GPR37L1,147.9626853771893,3.5,72.05703348881991,24.09064086392019,59.700817529017584,35.6101766650974,49.62780043698144,"[""PSAP"",""GPR37L1""]",PSAP,GPR37L1,2
L1CAM_L1CAM,"[""L1CAM"",""L1CAM""]",L1CAM,L1CAM,87.86258062269508,3.5,64.06592213908556,9.722618735236166,20.9997641017972,11.277145366561037,55.681953422767165,"[""L1CAM"",""L1CAM""]",L1CAM,L1CAM,2
CNTN1_NRCAM,"[""CNTN1"",""NRCAM""]",CNTN1,NRCAM,61.69741659131738,3.5,25.35541926965754,13.136875093055888,12.30241132573619,-0.8344637673196988,17.650620040791726,"[""CNTN1"",""NRCAM""]",CNTN1,NRCAM,2
NCAM2_L1CAM,"[""NCAM2"",""L1CAM""]",NCAM2,L1CAM,47.460865526248014,3.5,31.277746822854468,6.172932423710496,12.413503437106442,6.240571013395946,25.448491275516385,"[""NCAM2"",""L1CAM""]",NCAM2,L1CAM,2
AGRN_DAG1,"[""AGRN"",""DAG1""]",AGRN,DAG1,47.3025435959311,3.5,20.858244588815644,8.030325268252412,15.59474783749356,7.564422569241149,13.398163475094794,"[""AGRN"",""DAG1""]",AGRN,DAG1,2
CDH2_CDH2,"[""CDH2"",""CDH2""]",CDH2,CDH2,42.862013602389474,3.5,15.681001985805535,10.178666933942669,10.240959341167986,0.0622924072253177,8.794582839070376,"[""CDH2"",""CDH2""]",CDH2,CDH2,2
SEMA5B_PLXNA1,"[""SEMA5B"",""PLXNA1""]",SEMA5B,PLXNA1,38.16214487178694,3.5,17.009975733993027,7.798769793757995,10.262393817213876,2.463624023455881,11.231032086245277,"[""SEMA5B"",""PLXNA1""]",SEMA5B,PLXNA1,2
GRN_SORT1,"[""GRN"",""SORT1""]",GRN,SORT1,29.247720456206885,3.5,13.080724930127095,5.2028834617865165,7.478985874318448,2.276102412531931,8.376710651231281,"[""GRN"",""SORT1""]",GRN,SORT1,2
THBS1_SDC4,"[""THBS1"",""SDC4""]",THBS1,SDC4,25.565292454750832,3.5,10.543072706432609,6.35763176430114,5.794814269903632,-0.5628174943975086,6.583715769290155,"[""THBS1"",""SDC4""]",THBS1,SDC4,2
TNC_SDC4,"[""TNC"",""SDC4""]",TNC,SDC4,24.759701681645453,3.5,11.784024005686762,5.777035328587972,6.102576774765057,0.3255414461770858,7.925145067368062,"[""TNC"",""SDC4""]",TNC,SDC4,2
ANGPTL4_SDC3,"[""ANGPTL4"",""SDC3""]",ANGPTL4,SDC3,19.17062460922289,3.5,8.399804672540665,7.428027681977897,4.215696055161379,-3.2123316268165185,5.915745208214928,"[""ANGPTL4"",""SDC3""]",ANGPTL4,SDC3,2
SEMA6D_PLXNA1,"[""SEMA6D"",""PLXNA1""]",SEMA6D,PLXNA1,18.391994437632476,3.5,9.458076779681225,3.3811393235691987,4.661533688403445,1.2803943648342462,6.439161867480257,"[""SEMA6D"",""PLXNA1""]",SEMA6D,PLXNA1,2
EFNA5_EPHA5,"[""EFNA5"",""EPHA5""]",EFNA5,EPHA5,15.369386813408044,3.5,7.710802033633982,2.5188760500229184,4.129242071396575,1.610366021373657,5.841649975626852,"[""EFNA5"",""EPHA5""]",EFNA5,EPHA5,2
EFNB1_EPHB2,"[""EFNB1"",""EPHB2""]",EFNB1,EPHB2,15.351180135274785,3.5,6.69078329374734,2.8503962932875484,4.115596933456546,1.2652006401689977,3.910038695689548,"[""EFNB1"",""EPHB2""]",EFNB1,EPHB2,2
COL1A2_SDC4,"[""COL1A2"",""SDC4""]",COL1A2,SDC4,9.412120111475575,3.5,5.5391094448105,0.6774449796161546,0.6085623933953446,-0.06888258622081,5.112794342024038,"[""COL1A2"",""SDC4""]",COL1A2,SDC4,2
LAMC1_DAG1,"[""LAMC1"",""DAG1""]",LAMC1,DAG1,8.433654810761283,3.5,3.5688050637803665,1.48886878825603,2.495638206053737,1.0067694177977071,2.307686593759168,"[""LAMC1"",""DAG1""]",LAMC1,DAG1,2
LAMA5_DAG1,"[""LAMA5"",""DAG1""]",LAMA5,DAG1,8.306765089094029,3.5,3.6499126869673018,1.184507829503987,2.6100885223361634,1.4255806928321764,2.465404857463314,"[""LAMA5"",""DAG1""]",LAMA5,DAG1,2
EFNB1_EPHB1,"[""EFNB1"",""EPHB1""]",EFNB1,EPHB1,8.187910270668443,3.5,3.607479406688163,1.3800654494225602,1.547785427036557,0.1677199776139968,2.495667266674265,"[""EFNB1"",""EPHB1""]",EFNB1,EPHB1,2
ANGPTL4_SDC2,"[""ANGPTL4"",""SDC2""]",ANGPTL4,SDC2,7.183003043567902,3.5,2.6523020681886216,2.6206042827610143,1.3911750355734671,-1.229429247187547,1.456414469318607,"[""ANGPTL4"",""SDC2""]",ANGPTL4,SDC2,2
EFNA5_EPHA4,"[""EFNA5"",""EPHA4""]",EFNA5,EPHA4,7.037187566260663,3.5,4.2082262470615115,1.0419733216652085,1.722234679376793,0.6802613577115846,3.500173264181853,"[""EFNA5"",""EPHA4""]",EFNA5,EPHA4,2
LAMC1_SV2A,"[""LAMC1"",""SV2A""]",LAMC1,SV2A,6.254099683837882,3.5,2.7622272258549883,1.265739400583768,1.9149775731579832,0.6492381725742156,1.8313189468460975,"[""LAMC1"",""SV2A""]",LAMC1,SV2A,2
SST_SSTR5,"[""SST"",""SSTR5""]",SST,SSTR5,6.216010163512555,3.5,3.5500723351238443,0.6909890366609985,1.0625655236721263,0.371576487011128,2.967287854610741,"[""SST"",""SSTR5""]",SST,SSTR5,2
HSPG2_DAG1,"[""HSPG2"",""DAG1""]",HSPG2,DAG1,6.213064852311099,3.5,2.8320567291468044,1.0852377783276526,1.2078343687208049,0.1225965903931523,2.297151017999824,"[""HSPG2"",""DAG1""]",HSPG2,DAG1,2
WNT7B_FZD7_LRP6,"[""WNT7B"",""FZD7_LRP6""]",WNT7B,FZD7_LRP6,6.142121097143541,3.5,2.3908705828822496,1.6768906054418375,1.425625829943327,-0.2512647754985102,1.721789850793915,"[""WNT7B"",""FZD7_LRP6""]",WNT7B,FZD7_LRP6,2
WNT7B_FZD7_LRP5,"[""WNT7B"",""FZD7_LRP5""]",WNT7B,FZD7_LRP5,6.115992315279536,3.5,2.3908705828822496,1.670243827010606,1.4230125695633031,-0.2472312574473028,1.7217967080521783,"[""WNT7B"",""FZD7_LRP5""]",WNT7B,FZD7_LRP5,2
LAMA5_SV2A,"[""LAMA5"",""SV2A""]",LAMA5,SV2A,6.062313843529057,3.5,2.795440859194515,0.9499206329600232,1.9647409557800617,1.0148203228200383,1.920332593855424,"[""LAMA5"",""SV2A""]",LAMA5,SV2A,2
LAMC1_SV2B,"[""LAMC1"",""SV2B""]",LAMC1,SV2B,6.036792727143943,3.5,2.5187404145741734,1.3106162616666857,1.695781361931693,0.3851651002650074,1.6120721560359614,"[""LAMC1"",""SV2B""]",LAMC1,SV2B,2
LAMA5_SV2B,"[""LAMA5"",""SV2B""]",LAMA5,SV2B,5.907644301116796,3.5,2.5370263480353588,0.9982556020819264,1.8510315518892588,0.8527759498073324,1.5387707459534323,"[""LAMA5"",""SV2B""]",LAMA5,SV2B,2
EFNB2_EPHB2,"[""EFNB2"",""EPHB2""]",EFNB2,EPHB2,5.766706401214547,3.5,2.772002946208731,1.0010930877052515,1.866697499864719,0.8656044121594673,1.7709098585034797,"[""EFNB2"",""EPHB2""]",EFNB2,EPHB2,2
VSIR_IGSF11,"[""VSIR"",""IGSF11""]",VSIR,IGSF11,5.725091819146771,3.5,2.120893388203204,1.193546293752258,1.7481663473512412,0.5546200535989831,1.1667109318649185,"[""VSIR"",""IGSF11""]",VSIR,IGSF11,2
EFNA5_EPHB2,"[""EFNA5"",""EPHB2""]",EFNA5,EPHB2,5.51172900186595,3.5,3.1877838151306994,0.491857425322428,1.207139409768478,0.7152819844460501,2.6959263898082715,"[""EFNA5"",""EPHB2""]",EFNA5,EPHB2,2
SEMA4A_NRP1_PLXNA1,"[""SEMA4A"",""NRP1_PLXNA1""]",SEMA4A,NRP1_PLXNA1,4.966518790251719,3.5,2.6699072802692245,0.6814266034371942,1.2648033054634698,0.5833767020262756,2.0149977443143667,"[""SEMA4A"",""NRP1_PLXNA1""]",SEMA4A,NRP1_PLXNA1,2
WNT11_FZD2,"[""WNT11"",""FZD2""]",WNT11,FZD2,4.887359841981949,3.5,1.7948535981371456,0.7691408574380958,1.1108018664045558,0.34166100896646,1.0257127406990498,"[""WNT11"",""FZD2""]",WNT11,FZD2,2
SEMA4A_NRP1_PLXNA4,"[""SEMA4A"",""NRP1_PLXNA4""]",SEMA4A,NRP1_PLXNA4,4.775037216286166,3.5,2.4414777576667595,0.5835171278458144,1.230394157470142,0.6468770296243276,1.857960629820945,"[""SEMA4A"",""NRP1_PLXNA4""]",SEMA4A,NRP1_PLXNA4,2
LRRC4C_NTNG1,"[""LRRC4C"",""NTNG1""]",LRRC4C,NTNG1,4.680891527338071,3.5,2.71199425127477,0.3408613890148949,1.5096454403191315,1.168784051304237,2.3711328622598753,"[""LRRC4C"",""NTNG1""]",LRRC4C,NTNG1,2
EFNB3_EPHA4,"[""EFNB3"",""EPHA4""]",EFNB3,EPHA4,4.520246724436613,3.5,2.8031435158902713,0.6938313016349451,1.1190706365026322,0.425239334867687,2.297647902137866,"[""EFNB3"",""EPHA4""]",EFNB3,EPHA4,2
CNTN2_L1CAM,"[""CNTN2"",""L1CAM""]",CNTN2,L1CAM,4.501492433098086,3.5,3.8039049767699975,0.3168154898837318,1.0463125998665708,0.7294971099828389,3.538963536423312,"[""CNTN2"",""L1CAM""]",CNTN2,L1CAM,2
THBS1_ITGA3_ITGB1,"[""THBS1"",""ITGA3_ITGB1""]",THBS1,ITGA3_ITGB1,4.473186627862214,3.5,2.1293967648473338,0.7420593240975986,1.5612982822743124,0.8192389581767139,1.3873374407497352,"[""THBS1"",""ITGA3_ITGB1""]",THBS1,ITGA3_ITGB1,2
FN1_SDC4,"[""FN1"",""SDC4""]",FN1,SDC4,4.361809832463003,3.5,2.1423176255501692,0.7030179073195171,0.4951730515494769,-0.2078448557700402,1.789897762097486,"[""FN1"",""SDC4""]",FN1,SDC4,2
COL6A1_SDC4,"[""COL6A1"",""SDC4""]",COL6A1,SDC4,4.32418003105236,3.5,3.117968203263807,0.2487025071930724,0.7983873177272418,0.5496848105341694,2.869265696070735,"[""COL6A1"",""SDC4""]",COL6A1,SDC4,2
SEMA4A_NRP1_PLXNA3,"[""SEMA4A"",""NRP1_PLXNA3""]",SEMA4A,NRP1_PLXNA3,4.1238679921277885,3.5,1.95750232188326,0.6034665338093853,1.1606017703389238,0.5571352365295384,1.3944701422122767,"[""SEMA4A"",""NRP1_PLXNA3""]",SEMA4A,NRP1_PLXNA3,2
EFNB3_EPHB2,"[""EFNB3"",""EPHB2""]",EFNB3,EPHB2,3.5586157101749367,3.5,2.1202179174209532,0.3364871173403861,0.8068463289395874,0.4703592115992012,1.783730800080567,"[""EFNB3"",""EPHB2""]",EFNB3,EPHB2,2
JAM3_JAM2,"[""JAM3"",""JAM2""]",JAM3,JAM2,3.357551879305845,3.5,1.7261456974848468,0.5501711904314371,1.2351942422003064,0.6850230517688692,1.2757683474956685,"[""JAM3"",""JAM2""]",JAM3,JAM2,2
COL6A2_SDC4,"[""COL6A2"",""SDC4""]",COL6A2,SDC4,3.3126630523356524,3.5,2.1490056001781523,0.3329572936615872,0.3983432565432794,0.0653859628816921,2.0095941179137604,"[""COL6A2"",""SDC4""]",COL6A2,SDC4,2
JAM2_JAM3,"[""JAM2"",""JAM3""]",JAM2,JAM3,3.2574741198174384,3.5,1.701654287063072,0.4779414796735967,1.1590797028315312,0.6811382231579345,1.259866693124894,"[""JAM2"",""JAM3""]",JAM2,JAM3,2
EFNB2_EPHB1,"[""EFNB2"",""EPHB1""]",EFNB2,EPHB1,3.207336481228206,3.5,1.5142006526246592,0.5007966796593301,0.7490732131992331,0.2482765335399031,1.1135513098538463,"[""EFNB2"",""EPHB1""]",EFNB2,EPHB1,2
CCK_CCKAR,"[""CCK"",""CCKAR""]",CCK,CCKAR,3.1550222591513646,3.5,3.0087171743125483,0.0231104471978993,0.2790443492535862,0.2559339020556869,2.985606727114649,"[""CCK"",""CCKAR""]",CCK,CCKAR,2
TNR_SDC4,"[""TNR"",""SDC4""]",TNR,SDC4,2.942398688065637,3.5,1.5942222769900454,0.6451093579330928,0.5746032776472244,-0.0705060802858683,1.201809123375064,"[""TNR"",""SDC4""]",TNR,SDC4,2
LAMA1_DAG1,"[""LAMA1"",""DAG1""]",LAMA1,DAG1,2.8617780593534814,3.5,1.2026452234507128,0.5248758771574675,0.8128884747696451,0.2880125976121775,0.7532563821542337,"[""LAMA1"",""DAG1""]",LAMA1,DAG1,2
COL4A1_SDC4,"[""COL4A1"",""SDC4""]",COL4A1,SDC4,2.815845717523349,3.5,1.6038145721697386,0.5727925764537091,0.4835304719541273,-0.0892621044995817,1.452447747915865,"[""COL4A1"",""SDC4""]",COL4A1,SDC4,2
NPY_NPY1R,"[""NPY"",""NPY1R""]",NPY,NPY1R,2.7543087743469377,3.5,1.9652551729832664,0.231234420746876,0.5619139659569573,0.3306795452100813,1.7340207522363904,"[""NPY"",""NPY1R""]",NPY,NPY1R,2
LAMA4_DAG1,"[""LAMA4"",""DAG1""]",LAMA4,DAG1,2.6208879599085604,3.5,1.1631302793884537,0.4940924554042346,0.5241358153000151,0.0300433598957804,0.8370051848124044,"[""LAMA4"",""DAG1""]",LAMA4,DAG1,2
LAMC1_ITGA6_ITGB4,"[""LAMC1"",""ITGA6_ITGB4""]",LAMC1,ITGA6_ITGB4,2.6174658235237103,3.5,0.939633644103225,0.6049197209870706,0.5455922186432622,-0.0593275023438083,0.4810460220286647,"[""LAMC1"",""ITGA6_ITGB4""]",LAMC1,ITGA6_ITGB4,2
PROS1_TYRO3,"[""PROS1"",""TYRO3""]",PROS1,TYRO3,2.611613336517569,3.5,1.2017741748501076,0.3664796289730002,0.5196174007529465,0.1531377717799462,0.8352945458771074,"[""PROS1"",""TYRO3""]",PROS1,TYRO3,2
LAMA5_ITGA6_ITGB4,"[""LAMA5"",""ITGA6_ITGB4""]",LAMA5,ITGA6_ITGB4,2.580068579632884,3.5,0.9695496449320936,0.4943448885929022,0.5930563826631642,0.0987114940702619,0.4848686899078888,"[""LAMA5"",""ITGA6_ITGB4""]",LAMA5,ITGA6_ITGB4,2
JAM2_ITGA3_ITGB1,"[""JAM2"",""ITGA3_ITGB1""]",JAM2,ITGA3_ITGB1,2.5377472122433926,3.5,1.335655621289534,0.4171847142506273,1.1261357494460786,0.7089510351954513,0.9184709070389068,"[""JAM2"",""ITGA3_ITGB1""]",JAM2,ITGA3_ITGB1,2
LAMA2_DAG1,"[""LAMA2"",""DAG1""]",LAMA2,DAG1,2.458277356593503,3.5,1.0859371729375775,0.2753682447589993,0.4763813798475275,0.2010131350885281,0.8105689281785784,"[""LAMA2"",""DAG1""]",LAMA2,DAG1,2
EFNA1_EPHA4,"[""EFNA1"",""EPHA4""]",EFNA1,EPHA4,2.3430962417442105,3.5,0.8900655019870669,0.6133719238974402,0.5702347747702075,-0.0431371491272327,0.5974686263006443,"[""EFNA1"",""EPHA4""]",EFNA1,EPHA4,2
COL4A2_SDC4,"[""COL4A2"",""SDC4""]",COL4A2,SDC4,2.275993895935381,3.5,1.2609037323749963,0.4528483369628464,0.5333194504602897,0.0804711134974432,1.0081872063312742,"[""COL4A2"",""SDC4""]",COL4A2,SDC4,2
SST_SSTR2,"[""SST"",""SSTR2""]",SST,SSTR2,2.2651325910596163,3.5,1.5666204135780837,0.3385272273608001,0.4712929068640621,0.132765679503262,1.4004178192256218,"[""SST"",""SSTR2""]",SST,SSTR2,2
LAMA4_SV2A,"[""LAMA4"",""SV2A""]",LAMA4,SV2A,2.1696894913740428,3.5,0.9405916234048328,0.5211032952291539,0.4205290360066205,-0.1005742592225333,0.6846881064616837,"[""LAMA4"",""SV2A""]",LAMA4,SV2A,2
LAMA4_SV2B,"[""LAMA4"",""SV2B""]",LAMA4,SV2B,2.0879350474523286,3.5,0.8548458398604581,0.5297418526700665,0.3676573209040621,-0.1620845317660043,0.6075011323092825,"[""LAMA4"",""SV2B""]",LAMA4,SV2B,2
EFNB3_EPHB1,"[""EFNB3"",""EPHB1""]",EFNB3,EPHB1,2.057867234507898,3.5,1.1787575383201676,0.1787081320536616,0.325657031802872,0.1469488997492103,1.000049406266506,"[""EFNB3"",""EPHB1""]",EFNB3,EPHB1,2
SEMA3C_NRP2_PLXNA1,"[""SEMA3C"",""NRP2_PLXNA1""]",SEMA3C,NRP2_PLXNA1,2.054796602816128,3.5,1.190063663680578,0.3928557225105331,0.4980040583123336,0.1051483358018004,0.8648865598874811,"[""SEMA3C"",""NRP2_PLXNA1""]",SEMA3C,NRP2_PLXNA1,2
GAS6_AXL,"[""GAS6"",""AXL""]",GAS6,AXL,2.014681813944196,3.5,0.762896421943767,0.6234864665632616,0.427552593291489,-0.1959338732717725,0.549925697735898,"[""GAS6"",""AXL""]",GAS6,AXL,2
SEMA3C_NRP2_PLXNA4,"[""SEMA3C"",""NRP2_PLXNA4""]",SEMA3C,NRP2_PLXNA4,1.952931689186799,3.5,1.0959981917082344,0.2982899809724284,0.46852732881594,0.1702373478435116,0.797708210735806,"[""SEMA3C"",""NRP2_PLXNA4""]",SEMA3C,NRP2_PLXNA4,2
LAMA2_SV2A,"[""LAMA2"",""SV2A""]",LAMA2,SV2A,1.9414521142694052,3.5,0.871383195567695,0.2562797044359962,0.3900287132205485,0.1337490087845523,0.6151034911316987,"[""LAMA2"",""SV2A""]",LAMA2,SV2A,2
LAMA1_SV2B,"[""LAMA1"",""SV2B""]",LAMA1,SV2B,1.917223399815629,3.5,0.8241789237897985,0.3794316451326965,0.4832238290735208,0.1037921839408242,0.5625589634338337,"[""LAMA1"",""SV2B""]",LAMA1,SV2B,2
SEMA3C_NRP1_PLXNA1,"[""SEMA3C"",""NRP1_PLXNA1""]",SEMA3C,NRP1_PLXNA1,1.8897123753729643,3.5,1.12048781586252,0.3137198464445238,0.413317437443837,0.0995975909993132,0.8730306383042432,"[""SEMA3C"",""NRP1_PLXNA1""]",SEMA3C,NRP1_PLXNA1,2
WNT8B_FZD6_LRP5,"[""WNT8B"",""FZD6_LRP5""]",WNT8B,FZD6_LRP5,1.855695671116325,3.5,0.714025617337206,0.2764780627215651,0.5308524854049987,0.2543744226834336,0.4375475546156409,"[""WNT8B"",""FZD6_LRP5""]",WNT8B,FZD6_LRP5,2
WNT8B_FZD6_LRP6,"[""WNT8B"",""FZD6_LRP6""]",WNT8B,FZD6_LRP6,1.8551965163129072,3.5,0.714025617337206,0.2696259058520916,0.5332038678214573,0.2635779619693657,0.4443997114851144,"[""WNT8B"",""FZD6_LRP6""]",WNT8B,FZD6_LRP6,2
SEMA3C_NRP1_PLXNA4,"[""SEMA3C"",""NRP1_PLXNA4""]",SEMA3C,NRP1_PLXNA4,1.8142003699991136,3.5,1.0285851953094376,0.2698550794408558,0.3995717054821845,0.1297166260413287,0.7587301158685817,"[""SEMA3C"",""NRP1_PLXNA4""]",SEMA3C,NRP1_PLXNA4,2
LAMA2_SV2B,"[""LAMA2"",""SV2B""]",LAMA2,SV2B,1.787789928469342,3.5,0.7781706231166605,0.2484326519843218,0.3147694401746287,0.0663367881903068,0.5303672985053145,"[""LAMA2"",""SV2B""]",LAMA2,SV2B,2
WNT8B_FZD7_LRP6,"[""WNT8B"",""FZD7_LRP6""]",WNT8B,FZD7_LRP6,1.7784688105938111,3.5,0.7628016523307499,0.231014745381544,0.4005255636783245,0.1695108182967804,0.581401779456753,"[""WNT8B"",""FZD7_LRP6""]",WNT8B,FZD7_LRP6,2
COL1A2_ITGA3_ITGB1,"[""COL1A2"",""ITGA3_ITGB1""]",COL1A2,ITGA3_ITGB1,1.7716389526383267,3.5,1.149964883561479,0.0868050144568001,0.1633956510422506,0.0765906365854504,1.0631598691046789,"[""COL1A2"",""ITGA3_ITGB1""]",COL1A2,ITGA3_ITGB1,2
WNT8B_FZD7_LRP5,"[""WNT8B"",""FZD7_LRP5""]",WNT8B,FZD7_LRP5,1.762994497847832,3.5,0.7628016523307499,0.2297479540029374,0.3991961569079525,0.1694482029050151,0.5814029873141081,"[""WNT8B"",""FZD7_LRP5""]",WNT8B,FZD7_LRP5,2
WNT2B_FZD2_LRP5,"[""WNT2B"",""FZD2_LRP5""]",WNT2B,FZD2_LRP5,1.757489810144479,3.5,0.6151122789475715,0.2686125566044163,0.3515289981055595,0.0829164415011432,0.3464997223431552,"[""WNT2B"",""FZD2_LRP5""]",WNT2B,FZD2_LRP5,2
WNT11_FZD3,"[""WNT11"",""FZD3""]",WNT11,FZD3,1.7361940632558586,3.5,0.6919626736462587,0.2657337042180221,0.4391876331274428,0.1734539289094206,0.4262289694282365,"[""WNT11"",""FZD3""]",WNT11,FZD3,2
WNT2B_FZD3_LRP5,"[""WNT2B"",""FZD3_LRP5""]",WNT2B,FZD3_LRP5,1.728753510229692,3.5,0.6151122789475715,0.2686214071341652,0.3515289981055595,0.0829075909713943,0.3464908718134062,"[""WNT2B"",""FZD3_LRP5""]",WNT2B,FZD3_LRP5,2
SEMA3C_NRP2_PLXNA3,"[""SEMA3C"",""NRP2_PLXNA3""]",SEMA3C,NRP2_PLXNA3,1.7249826958349228,3.5,0.8674115833215541,0.3596082747226402,0.4489899981419917,0.0893817234193515,0.5671771416008726,"[""SEMA3C"",""NRP2_PLXNA3""]",SEMA3C,NRP2_PLXNA3,2
COL6A3_SDC4,"[""COL6A3"",""SDC4""]",COL6A3,SDC4,1.6643312002281592,3.5,0.9386997337391526,0.2249307205757134,0.1329785751552736,-0.0919521454204397,0.805721158583879,"[""COL6A3"",""SDC4""]",COL6A3,SDC4,2
COMP_SDC4,"[""COMP"",""SDC4""]",COMP,SDC4,1.629735038398414,3.5,0.921412274758871,0.2822744921469039,0.2084957109822555,-0.0737787811646484,0.7129165637766155,"[""COMP"",""SDC4""]",COMP,SDC4,2
GAL_GALR1,"[""GAL"",""GALR1""]",GAL,GALR1,1.582445551262048,3.5,1.4859675456825765,0.0006866180834856,0.3618181972896973,0.3611315792062116,1.4852809275990908,"[""GAL"",""GALR1""]",GAL,GALR1,2
SEMA3C_NRP1_PLXNA3,"[""SEMA3C"",""NRP1_PLXNA3""]",SEMA3C,NRP1_PLXNA3,1.5453785135319429,3.5,0.8101762754652444,0.2777339696948185,0.3719568014552432,0.0942228317604246,0.594570866365349,"[""SEMA3C"",""NRP1_PLXNA3""]",SEMA3C,NRP1_PLXNA3,2
GAS6_TYRO3,"[""GAS6"",""TYRO3""]",GAS6,TYRO3,1.5399035889601007,3.5,0.7614214273243588,0.2700018837079564,0.4381286631919394,0.168126779483983,0.5219834633971492,"[""GAS6"",""TYRO3""]",GAS6,TYRO3,2
TAC1_TACR1,"[""TAC1"",""TACR1""]",TAC1,TACR1,1.527802726148772,3.5,1.5162135929593292,0.0075591162055203,0.1828012716524016,0.1752421554468812,1.5086544767538088,"[""TAC1"",""TACR1""]",TAC1,TACR1,2
GDF10_ACVR1B_ACVR2A,"[""GDF10"",""ACVR1B_ACVR2A""]",GDF10,ACVR1B_ACVR2A,1.5207419299090024,3.5,0.7010467317654002,0.3680202906866611,0.4660124518055049,0.0979921611188437,0.4349649321304454,"[""GDF10"",""ACVR1B_ACVR2A""]",GDF10,ACVR1B_ACVR2A,2
THBS2_SDC4,"[""THBS2"",""SDC4""]",THBS2,SDC4,1.410119518054565,3.5,0.9068006456444718,0.1547163258125141,0.1323248147458344,-0.0223915110666797,0.869057366023755,"[""THBS2"",""SDC4""]",THBS2,SDC4,2
SEMA3G_NRP2_PLXNA1,"[""SEMA3G"",""NRP2_PLXNA1""]",SEMA3G,NRP2_PLXNA1,1.3404915897435716,3.5,0.6744556766854859,0.1641996761692346,0.2830403318201896,0.118840655650955,0.5794169440557451,"[""SEMA3G"",""NRP2_PLXNA1""]",SEMA3G,NRP2_PLXNA1,2
WNT7A_FZD7_LRP6,"[""WNT7A"",""FZD7_LRP6""]",WNT7A,FZD7_LRP6,1.2510679666190443,3.5,0.5293246120558499,0.2949525863180467,0.2995941054751094,0.0046415191570626,0.4114314795444251,"[""WNT7A"",""FZD7_LRP6""]",WNT7A,FZD7_LRP6,2
WNT7A_FZD7_LRP5,"[""WNT7A"",""FZD7_LRP5""]",WNT7A,FZD7_LRP5,1.246322276919793,3.5,0.5293246120558499,0.2937110247629996,0.298636335710584,0.0049253109475844,0.4114317371294198,"[""WNT7A"",""FZD7_LRP5""]",WNT7A,FZD7_LRP5,2
WNT2B_FZD8_LRP5,"[""WNT2B"",""FZD8_LRP5""]",WNT2B,FZD8_LRP5,1.1735574969540432,3.5,0.5282231970654678,0.1589340059760683,0.348074303502331,0.1891402975262626,0.3692891910893994,"[""WNT2B"",""FZD8_LRP5""]",WNT2B,FZD8_LRP5,2
WNT2B_FZD8_LRP6,"[""WNT2B"",""FZD8_LRP6""]",WNT2B,FZD8_LRP6,1.1497005035758694,3.5,0.5283550654105398,0.1516967718769148,0.3576072263857607,0.2059104545088459,0.376658293533625,"[""WNT2B"",""FZD8_LRP6""]",WNT2B,FZD8_LRP6,2
NMB_NMBR,"[""NMB"",""NMBR""]",NMB,NMBR,1.033211176094064,3.5,0.5219846634733059,0.1666654067174171,0.1598166630474989,-0.0068487436699182,0.417865958604424,"[""NMB"",""NMBR""]",NMB,NMBR,2
LAMC1_ITGA3_ITGB1,"[""LAMC1"",""ITGA3_ITGB1""]",LAMC1,ITGA3_ITGB1,1.0154821555775218,3.5,0.5139399299471735,0.1519982791660143,0.4103228860450703,0.2583246068790559,0.3619416507811591,"[""LAMC1"",""ITGA3_ITGB1""]",LAMC1,ITGA3_ITGB1,2
COL1A1_ITGA3_ITGB1,"[""COL1A1"",""ITGA3_ITGB1""]",COL1A1,ITGA3_ITGB1,0.975241604149465,3.5,0.5653462357928489,0.0347134954587482,0.0849965937261623,0.0502830982674141,0.5307202171746804,"[""COL1A1"",""ITGA3_ITGB1""]",COL1A1,ITGA3_ITGB1,2
TNC_ITGA8_ITGB1,"[""TNC"",""ITGA8_ITGB1""]",TNC,ITGA8_ITGB1,0.9317182371823464,3.5,0.5498688600278033,0.0644211584231301,0.0926065722645289,0.0281854138413987,0.4898193990979433,"[""TNC"",""ITGA8_ITGB1""]",TNC,ITGA8_ITGB1,2
EFNA5_EPHA8,"[""EFNA5"",""EPHA8""]",EFNA5,EPHA8,0.9058115009343,3.5,0.4884088896428165,0.0766086465945278,0.1960062293054436,0.1193975827109158,0.4118002430482886,"[""EFNA5"",""EPHA8""]",EFNA5,EPHA8,2
EFNA5_EPHA2,"[""EFNA5"",""EPHA2""]",EFNA5,EPHA2,0.9039234498448258,3.5,0.4938653692155427,0.1306470321952225,0.2264647876899955,0.095817755494773,0.3888924094241768,"[""EFNA5"",""EPHA2""]",EFNA5,EPHA2,2
COL6A1_ITGA3_ITGB1,"[""COL6A1"",""ITGA3_ITGB1""]",COL6A1,ITGA3_ITGB1,0.8186054920896093,3.5,0.6601127841355353,0.0309514914500362,0.2137945034269637,0.1828430119769274,0.629161292685499,"[""COL6A1"",""ITGA3_ITGB1""]",COL6A1,ITGA3_ITGB1,2
JAM3_JAM3,"[""JAM3"",""JAM3""]",JAM3,JAM3,0.8010600369576281,3.5,0.4934285561414478,0.0942572683572622,0.2483255145770372,0.1540682462197749,0.3991712877841856,"[""JAM3"",""JAM3""]",JAM3,JAM3,2
LAMA4_ITGA6_ITGB4,"[""LAMA4"",""ITGA6_ITGB4""]",LAMA4,ITGA6_ITGB4,0.7928580648445083,3.5,0.2959534056024108,0.1854098812947781,0.1122265706458309,-0.0731833106489471,0.1842580356987891,"[""LAMA4"",""ITGA6_ITGB4""]",LAMA4,ITGA6_ITGB4,2
FN1_ITGA3_ITGB1,"[""FN1"",""ITGA3_ITGB1""]",FN1,ITGA3_ITGB1,0.7739369158091973,3.5,0.4442136814667746,0.0828044858451216,0.1301875977144199,0.0473831118692982,0.378220627612911,"[""FN1"",""ITGA3_ITGB1""]",FN1,ITGA3_ITGB1,2
LAMC3_SV2A,"[""LAMC3"",""SV2A""]",LAMC3,SV2A,0.7559290828619708,3.5,0.4136324168243131,0.0718205485955225,0.0374936635512473,-0.0343268850442752,0.3887592035775689,"[""LAMC3"",""SV2A""]",LAMC3,SV2A,2
LAMA2_ITGA6_ITGB4,"[""LAMA2"",""ITGA6_ITGB4""]",LAMA2,ITGA6_ITGB4,0.7490168580318819,3.5,0.2795745316581796,0.1124212690820604,0.0983027387308256,-0.0141185303512348,0.181271792927354,"[""LAMA2"",""ITGA6_ITGB4""]",LAMA2,ITGA6_ITGB4,2
FGF2_FGFR3,"[""FGF2"",""FGFR3""]",FGF2,FGFR3,0.726451491707143,3.5,0.2946170849825167,0.126755014714215,0.1411080259941667,0.0143530112799517,0.1741238809734216,"[""FGF2"",""FGFR3""]",FGF2,FGFR3,2
WNT8B_FZD5_LRP5,"[""WNT8B"",""FZD5_LRP5""]",WNT8B,FZD5_LRP5,0.6989642588969281,3.5,0.3465695316488298,0.0466649605101191,0.1176323882486376,0.0709674277385184,0.2999045711387106,"[""WNT8B"",""FZD5_LRP5""]",WNT8B,FZD5_LRP5,2
WNT8B_FZD5_LRP6,"[""WNT8B"",""FZD5_LRP6""]",WNT8B,FZD5_LRP6,0.6963697105888651,3.5,0.3465695316488298,0.0466649605101191,0.1176323882486376,0.0709674277385184,0.2999045711387106,"[""WNT8B"",""FZD5_LRP6""]",WNT8B,FZD5_LRP6,2
NPY_NPY2R,"[""NPY"",""NPY2R""]",NPY,NPY2R,0.6414418867374098,3.5,0.4968433557126295,0.0707987760623502,0.1433982939023733,0.072599517840023,0.4260445796502792,"[""NPY"",""NPY2R""]",NPY,NPY2R,2
ANGPTL2_ITGA5_ITGB1,"[""ANGPTL2"",""ITGA5_ITGB1""]",ANGPTL2,ITGA5_ITGB1,0.6408157632956448,3.5,0.3053459106056467,0.117960337215325,0.1438273884297695,0.0258670512144444,0.2096785244858698,"[""ANGPTL2"",""ITGA5_ITGB1""]",ANGPTL2,ITGA5_ITGB1,2
COL6A2_ITGA3_ITGB1,"[""COL6A2"",""ITGA3_ITGB1""]",COL6A2,ITGA3_ITGB1,0.6170074508670614,3.5,0.4479328085812519,0.0378297886382977,0.1078187359708276,0.0699889473325298,0.4191936969613372,"[""COL6A2"",""ITGA3_ITGB1""]",COL6A2,ITGA3_ITGB1,2
WNT11_FZD6,"[""WNT11"",""FZD6""]",WNT11,FZD6,0.5929555834365723,3.5,0.2138106457528067,0.1178121726493261,0.110653454860985,-0.0071587177883411,0.1130666379315964,"[""WNT11"",""FZD6""]",WNT11,FZD6,2
BMP7_BMPR1A_ACVR2A,"[""BMP7"",""BMPR1A_ACVR2A""]",BMP7,BMPR1A_ACVR2A,0.5857044996113518,3.5,0.2553866352746701,0.0358762157443732,0.078734695153875,0.0428584794095018,0.2195104195302968,"[""BMP7"",""BMPR1A_ACVR2A""]",BMP7,BMPR1A_ACVR2A,2
BMP7_BMPR1A_BMPR2,"[""BMP7"",""BMPR1A_BMPR2""]",BMP7,BMPR1A_BMPR2,0.5857044996113518,3.5,0.2553866352746701,0.0358762157443732,0.078734695153875,0.0428584794095018,0.2195104195302968,"[""BMP7"",""BMPR1A_BMPR2""]",BMP7,BMPR1A_BMPR2,2
SEMA6D_PLXNA1_KDR,"[""SEMA6D"",""PLXNA1_KDR""]",SEMA6D,PLXNA1_KDR,0.5813890770272138,3.5,0.2349350713041518,0.1274824120658331,0.1367060147487774,0.0092236026829442,0.1886556772007334,"[""SEMA6D"",""PLXNA1_KDR""]",SEMA6D,PLXNA1_KDR,2
LAMB3_DAG1,"[""LAMB3"",""DAG1""]",LAMB3,DAG1,0.5604266006394265,3.5,0.2591382344078523,0.1640013466699917,0.1803466151375978,0.016345268467606,0.2000551113314351,"[""LAMB3"",""DAG1""]",LAMB3,DAG1,2
WNT7B_FZD4_LRP5,"[""WNT7B"",""FZD4_LRP5""]",WNT7B,FZD4_LRP5,0.533965141686008,3.5,0.2774601479193398,0.0850932893189798,0.1456201646349774,0.0605268753159976,0.2325527971670216,"[""WNT7B"",""FZD4_LRP5""]",WNT7B,FZD4_LRP5,2
WNT7B_FZD4_LRP6,"[""WNT7B"",""FZD4_LRP6""]",WNT7B,FZD4_LRP6,0.533965141686008,3.5,0.2774601479193398,0.0850932893189798,0.1456201646349774,0.0605268753159976,0.2325527971670216,"[""WNT7B"",""FZD4_LRP6""]",WNT7B,FZD4_LRP6,2
COL6A6_SDC4,"[""COL6A6"",""SDC4""]",COL6A6,SDC4,0.5208104973219518,3.5,0.2628872808812178,0.0910856056280534,0.0721403355027296,-0.0189452701253238,0.2212714455416578,"[""COL6A6"",""SDC4""]",COL6A6,SDC4,2
COL4A1_ITGA3_ITGB1,"[""COL4A1"",""ITGA3_ITGB1""]",COL4A1,ITGA3_ITGB1,0.5178339402961477,3.5,0.3325164922445109,0.0693483249903093,0.1323280512430306,0.0629797262527212,0.3024481273694564,"[""COL4A1"",""ITGA3_ITGB1""]",COL4A1,ITGA3_ITGB1,2
INHBB_ACVR1B_ACVR2A,"[""INHBB"",""ACVR1B_ACVR2A""]",INHBB,ACVR1B_ACVR2A,0.4704668390340247,3.5,0.2721920248466239,0.0943037134167658,0.1751578949154235,0.0808541814986577,0.2200004505856874,"[""INHBB"",""ACVR1B_ACVR2A""]",INHBB,ACVR1B_ACVR2A,2
FGF2_FGFR4,"[""FGF2"",""FGFR4""]",FGF2,FGFR4,0.4564968113986948,3.5,0.2024937329784335,0.0881930701373808,0.0919134103403174,0.0037203402029366,0.1228639250729827,"[""FGF2"",""FGFR4""]",FGF2,FGFR4,2
COL4A2_ITGA3_ITGB1,"[""COL4A2"",""ITGA3_ITGB1""]",COL4A2,ITGA3_ITGB1,0.4177966852511926,3.5,0.260214587495454,0.0528370905597249,0.1478850995695041,0.0950480090097792,0.216840023070472,"[""COL4A2"",""ITGA3_ITGB1""]",COL4A2,ITGA3_ITGB1,2
ADM_CALCRL,"[""ADM"",""CALCRL""]",ADM,CALCRL,0.4166683732955996,3.5,0.1860412800633065,0.0717399156133978,0.1184396470147759,0.046699731401378,0.1327637587228677,"[""ADM"",""CALCRL""]",ADM,CALCRL,2
SST_SSTR4,"[""SST"",""SSTR4""]",SST,SSTR4,0.3929845894538863,3.5,0.2707649588522415,0.0264376016778525,0.0749372197546677,0.0484996180768152,0.2591539617521368,"[""SST"",""SSTR4""]",SST,SSTR4,2
L1CAM_ITGA4_ITGB7,"[""L1CAM"",""ITGA4_ITGB7""]",L1CAM,ITGA4_ITGB7,0.388544169436608,3.5,0.2130639870004033,0.0450257476066571,0.0594421290315944,0.0144163814249372,0.1760870052440034,"[""L1CAM"",""ITGA4_ITGB7""]",L1CAM,ITGA4_ITGB7,2
BAG6_NCR3,"[""BAG6"",""NCR3""]",BAG6,NCR3,0.357069556024548,3.5,0.285956528691062,0.024362323221395,0.0584098208903687,0.0340474976689736,0.2823190937555091,"[""BAG6"",""NCR3""]",BAG6,NCR3,2
EFNB3_EPHB3,"[""EFNB3"",""EPHB3""]",EFNB3,EPHB3,0.3363820443487021,3.5,0.1962863618973177,0.0545529655518685,0.0806703154332874,0.0261173498814188,0.1535580012432391,"[""EFNB3"",""EPHB3""]",EFNB3,EPHB3,2
LAMC1_ITGA7_ITGB1,"[""LAMC1"",""ITGA7_ITGB1""]",LAMC1,ITGA7_ITGB1,0.3287695078945321,3.5,0.1517586824196929,0.034761645839104,0.0628037299857747,0.0280420841466706,0.1169970365805888,"[""LAMC1"",""ITGA7_ITGB1""]",LAMC1,ITGA7_ITGB1,2
LAMA4_ITGA3_ITGB1,"[""LAMA4"",""ITGA3_ITGB1""]",LAMA4,ITGA3_ITGB1,0.3283184812955914,3.5,0.1735295129664504,0.0560093243326577,0.0871235933386637,0.0311142690060059,0.1287117050959016,"[""LAMA4"",""ITGA3_ITGB1""]",LAMA4,ITGA3_ITGB1,2
LAMC3_ITGA6_ITGB1,"[""LAMC3"",""ITGA6_ITGB1""]",LAMC3,ITGA6_ITGB1,0.3237614692776548,3.5,0.1650285073560781,0.0335989084438288,0.0235612704992238,-0.010037637944605,0.1498807998361759,"[""LAMC3"",""ITGA6_ITGB1""]",LAMC3,ITGA6_ITGB1,2
LAMA5_ITGA7_ITGB1,"[""LAMA5"",""ITGA7_ITGB1""]",LAMA5,ITGA7_ITGB1,0.3204129926857248,3.5,0.1539888438680408,0.0268041393707366,0.066109537764006,0.0393053983932693,0.1271847044973041,"[""LAMA5"",""ITGA7_ITGB1""]",LAMA5,ITGA7_ITGB1,2
WNT2B_FZD5_LRP5,"[""WNT2B"",""FZD5_LRP5""]",WNT2B,FZD5_LRP5,0.3137558160761963,3.5,0.1450140820595476,0.0308742188403022,0.0351258354955811,0.0042516166552789,0.1141398632192454,"[""WNT2B"",""FZD5_LRP5""]",WNT2B,FZD5_LRP5,2
WNT2B_FZD5_LRP6,"[""WNT2B"",""FZD5_LRP6""]",WNT2B,FZD5_LRP6,0.3127538899213812,3.5,0.1450140820595476,0.0308742188403022,0.0351258354955811,0.0042516166552789,0.1141398632192454,"[""WNT2B"",""FZD5_LRP6""]",WNT2B,FZD5_LRP6,2
COL6A3_ITGA3_ITGB1,"[""COL6A3"",""ITGA3_ITGB1""]",COL6A3,ITGA3_ITGB1,0.3116087354017657,3.5,0.194399921649934,0.0241281516743735,0.0376705859444232,0.0135424342700497,0.1702717699755605,"[""COL6A3"",""ITGA3_ITGB1""]",COL6A3,ITGA3_ITGB1,2
LAMA2_ITGA3_ITGB1,"[""LAMA2"",""ITGA3_ITGB1""]",LAMA2,ITGA3_ITGB1,0.3026073893327812,3.5,0.1599167624955816,0.0268933192879245,0.0798450015948507,0.0529516823069261,0.133023443207657,"[""LAMA2"",""ITGA3_ITGB1""]",LAMA2,ITGA3_ITGB1,2
COMP_ITGA3_ITGB1,"[""COMP"",""ITGA3_ITGB1""]",COMP,ITGA3_ITGB1,0.2994532941323572,3.5,0.1974258245069655,0.0357654729264996,0.054774177309211,0.0190087043827114,0.1680902786961214,"[""COMP"",""ITGA3_ITGB1""]",COMP,ITGA3_ITGB1,2
FGF9_FGFR3,"[""FGF9"",""FGFR3""]",FGF9,FGFR3,0.288422859528938,3.5,0.1465562876363238,0.0555767711249788,0.0702859636738091,0.0147091925488302,0.1002265804500163,"[""FGF9"",""FGFR3""]",FGF9,FGFR3,2
LAMC3_ITGA6_ITGB4,"[""LAMC3"",""ITGA6_ITGB4""]",LAMC3,ITGA6_ITGB4,0.2804472219848014,3.5,0.1413200435003591,0.02373070749189,0.0102016251058803,-0.0135290823860097,0.1311184183944788,"[""LAMC3"",""ITGA6_ITGB4""]",LAMC3,ITGA6_ITGB4,2
HBEGF_ERBB2_ERBB4,"[""HBEGF"",""ERBB2_ERBB4""]",HBEGF,ERBB2_ERBB4,0.2770546285322693,3.5,0.1165861346776638,0.0934864026483261,0.032356417075571,-0.061129985572755,0.0842297176020928,"[""HBEGF"",""ERBB2_ERBB4""]",HBEGF,ERBB2_ERBB4,2
THBS2_ITGA3_ITGB1,"[""THBS2"",""ITGA3_ITGB1""]",THBS2,ITGA3_ITGB1,0.2695689708228702,3.5,0.1899972446450878,0.0160760345084995,0.0349651920178257,0.0188891575093262,0.1822682962234285,"[""THBS2"",""ITGA3_ITGB1""]",THBS2,ITGA3_ITGB1,2
CNTN2_CNTN2,"[""CNTN2"",""CNTN2""]",CNTN2,CNTN2,0.2452476879185779,3.5,0.2201459799697165,0.0112700738968259,0.0563241354019551,0.0450540615051292,0.2100478675261042,"[""CNTN2"",""CNTN2""]",CNTN2,CNTN2,2
WNT11_FZD5,"[""WNT11"",""FZD5""]",WNT11,FZD5,0.2433762834193724,3.5,0.104936181699665,0.0205349680340642,0.0285824074960166,0.0080474394619524,0.0844012136656008,"[""WNT11"",""FZD5""]",WNT11,FZD5,2
PECAM1_PECAM1,"[""PECAM1"",""PECAM1""]",PECAM1,PECAM1,0.2273041953121659,3.5,0.1636876296806108,0.0096129144128623,0.0151302140617193,0.005517299648857,0.1608115963663484,"[""PECAM1"",""PECAM1""]",PECAM1,PECAM1,2
LAMA5_ITGA1_ITGB1,"[""LAMA5"",""ITGA1_ITGB1""]",LAMA5,ITGA1_ITGB1,0.2143667050585808,3.5,0.0814139409151887,0.0254071236968512,0.0132959931923216,-0.0121111305045295,0.0681179477228671,"[""LAMA5"",""ITGA1_ITGB1""]",LAMA5,ITGA1_ITGB1,2
COL1A2_CD44,"[""COL1A2"",""CD44""]",COL1A2,CD44,0.2141816039635842,3.5,0.1301690797020162,0.0045900464378497,0.0313635738887055,0.0267735274508558,0.1255790332641665,"[""COL1A2"",""CD44""]",COL1A2,CD44,2
COL6A1_ITGA9_ITGB1,"[""COL6A1"",""ITGA9_ITGB1""]",COL6A1,ITGA9_ITGB1,0.2050835462152878,3.5,0.123855535670639,0.0097170546927239,0.0336851348374702,0.0239680801447463,0.1141384809779151,"[""COL6A1"",""ITGA9_ITGB1""]",COL6A1,ITGA9_ITGB1,2
PDGFA_PDGFRA,"[""PDGFA"",""PDGFRA""]",PDGFA,PDGFRA,0.1968497787511304,3.5,0.1488572055758122,0.0283172459210849,0.0225501970498158,-0.0057670488712691,0.1397804239436465,"[""PDGFA"",""PDGFRA""]",PDGFA,PDGFRA,2
MPZ_MPZ,"[""MPZ"",""MPZ""]",MPZ,MPZ,0.1947903070196599,3.5,0.0983636925503622,0.0428833064480817,0.0551362645046843,0.0122529580566025,0.0682055008819772,"[""MPZ"",""MPZ""]",MPZ,MPZ,2
FGF9_FGFR4,"[""FGF9"",""FGFR4""]",FGF9,FGFR4,0.1932604453857321,3.5,0.1022434582475568,0.0413826005560933,0.0474960314795119,0.0061134309234185,0.0766923468086961,"[""FGF9"",""FGFR4""]",FGF9,FGFR4,2
WNT4_FZD6_LRP6,"[""WNT4"",""FZD6_LRP6""]",WNT4,FZD6_LRP6,0.1893694262792703,3.5,0.0691026371595119,0.0337216318267717,0.0504609689778382,0.0167393371510665,0.0353810053327402,"[""WNT4"",""FZD6_LRP6""]",WNT4,FZD6_LRP6,2
WNT4_FZD6_LRP5,"[""WNT4"",""FZD6_LRP5""]",WNT4,FZD6_LRP5,0.1892950929380043,3.5,0.0691026371595119,0.0345256976644335,0.0496731658207833,0.0151474681563497,0.0345769394950784,"[""WNT4"",""FZD6_LRP5""]",WNT4,FZD6_LRP5,2
WNT4_FZD7_LRP6,"[""WNT4"",""FZD7_LRP6""]",WNT4,FZD7_LRP6,0.1888237512523057,3.5,0.0740833848026009,0.0309052042840879,0.0396372747988995,0.0087320705148116,0.059952619839132,"[""WNT4"",""FZD7_LRP6""]",WNT4,FZD7_LRP6,2
WNT4_FZD7_LRP5,"[""WNT4"",""FZD7_LRP5""]",WNT4,FZD7_LRP5,0.1854854634753974,3.5,0.0740833848026009,0.0306702045639891,0.0393634790496419,0.0086932744856528,0.0599531413208836,"[""WNT4"",""FZD7_LRP5""]",WNT4,FZD7_LRP5,2
PDGFA_PDGFRB,"[""PDGFA"",""PDGFRB""]",PDGFA,PDGFRB,0.1820108147827027,3.5,0.1235126467462869,0.0255657869571073,0.032795558947796,0.0072297719906886,0.1155358296376651,"[""PDGFA"",""PDGFRB""]",PDGFA,PDGFRB,2
NRG1_ERBB2_ERBB3,"[""NRG1"",""ERBB2_ERBB3""]",NRG1,ERBB2_ERBB3,0.1767739679488906,3.5,0.0635556854490566,0.0405791752378341,0.0084900991938127,-0.0320890760440214,0.0550655862552439,"[""NRG1"",""ERBB2_ERBB3""]",NRG1,ERBB2_ERBB3,2
NRG1_ERBB3,"[""NRG1"",""ERBB3""]",NRG1,ERBB3,0.1767739679488906,3.5,0.0635556854490566,0.0405791752378341,0.0084900991938127,-0.0320890760440214,0.0550655862552439,"[""NRG1"",""ERBB3""]",NRG1,ERBB3,2
DLL1_NOTCH3,"[""DLL1"",""NOTCH3""]",DLL1,NOTCH3,0.1683318567264031,3.5,0.0739598448402049,0.0333469143286243,0.0618579601054921,0.0285110457768677,0.0516835185516277,"[""DLL1"",""NOTCH3""]",DLL1,NOTCH3,2
PDGFC_PDGFRA,"[""PDGFC"",""PDGFRA""]",PDGFC,PDGFRA,0.1675793273142951,3.5,0.0899150827483091,0.0251604941509393,0.0219879569113499,-0.0031725372395893,0.0752486583318547,"[""PDGFC"",""PDGFRA""]",PDGFC,PDGFRA,2
VIP_VIPR1,"[""VIP"",""VIPR1""]",VIP,VIPR1,0.1624371867980092,3.5,0.1113193474766814,0.0015523172982144,0.0320193869676585,0.0304670696694441,0.1097670301784669,"[""VIP"",""VIPR1""]",VIP,VIPR1,2
TNR_ITGA9_ITGB1,"[""TNR"",""ITGA9_ITGB1""]",TNR,ITGA9_ITGB1,0.1432223184840875,3.5,0.0646481695912651,0.0162740820544107,0.0263503052481417,0.010076223193731,0.0494983128898032,"[""TNR"",""ITGA9_ITGB1""]",TNR,ITGA9_ITGB1,2
WNT10B_FZD7_LRP6,"[""WNT10B"",""FZD7_LRP6""]",WNT10B,FZD7_LRP6,0.1361898529949214,3.5,0.0628899022154553,0.026290968051359,0.0289852482940029,0.0026942802426439,0.0468125282712933,"[""WNT10B"",""FZD7_LRP6""]",WNT10B,FZD7_LRP6,2
WNT10B_FZD7_LRP5,"[""WNT10B"",""FZD7_LRP5""]",WNT10B,FZD7_LRP5,0.1345949663026567,3.5,0.0628899022154553,0.0261561782523641,0.0288209848734682,0.002664806621104,0.0468133363705843,"[""WNT10B"",""FZD7_LRP5""]",WNT10B,FZD7_LRP5,2
WNT9A_FZD2_LRP6,"[""WNT9A"",""FZD2_LRP6""]",WNT9A,FZD2_LRP6,0.1336343107196874,3.5,0.0733659055202404,0.015510107328611,0.0337458037001031,0.0182356963714921,0.0605487440265299,"[""WNT9A"",""FZD2_LRP6""]",WNT9A,FZD2_LRP6,2
WNT9A_FZD3_LRP6,"[""WNT9A"",""FZD3_LRP6""]",WNT9A,FZD3_LRP6,0.1297989093786139,3.5,0.072790929680467,0.0164411303731496,0.0335644923436263,0.0171233619704767,0.0622659253103319,"[""WNT9A"",""FZD3_LRP6""]",WNT9A,FZD3_LRP6,2
CSPG4_ITGA3_ITGB1,"[""CSPG4"",""ITGA3_ITGB1""]",CSPG4,ITGA3_ITGB1,0.1292288113506299,3.5,0.074946832908667,0.0140306816570126,0.0294686361077962,0.0154379544507835,0.0609161512516543,"[""CSPG4"",""ITGA3_ITGB1""]",CSPG4,ITGA3_ITGB1,2
SEMA3C_NRP1_NRP2_PLXND1,"[""SEMA3C"",""NRP1_NRP2_PLXND1""]",SEMA3C,NRP1_NRP2_PLXND1,0.1275499411984124,3.5,0.0669613702271961,0.0138652476600605,0.0130733100772506,-0.0007919375828099,0.054550012731478,"[""SEMA3C"",""NRP1_NRP2_PLXND1""]",SEMA3C,NRP1_NRP2_PLXND1,2
SEMA3C_PLXND1,"[""SEMA3C"",""PLXND1""]",SEMA3C,PLXND1,0.1275499411984124,3.5,0.0669613702271961,0.0138652476600605,0.0130733100772506,-0.0007919375828099,0.054550012731478,"[""SEMA3C"",""PLXND1""]",SEMA3C,PLXND1,2
NFASC_CNTN1_CNTNAP1,"[""NFASC"",""CNTN1_CNTNAP1""]",NFASC,CNTN1_CNTNAP1,0.1210199646183443,3.5,0.0897462109796867,0.013223224262336,0.0198618349742178,0.0066386107118818,0.0893244732083603,"[""NFASC"",""CNTN1_CNTNAP1""]",NFASC,CNTN1_CNTNAP1,2
LAMC3_ITGA3_ITGB1,"[""LAMC3"",""ITGA3_ITGB1""]",LAMC3,ITGA3_ITGB1,0.118655874062349,3.5,0.0764329650989358,0.0080722268602483,0.0078368793588786,-0.0002353475013697,0.0716455650710174,"[""LAMC3"",""ITGA3_ITGB1""]",LAMC3,ITGA3_ITGB1,2
COL6A1_CD44,"[""COL6A1"",""CD44""]",COL6A1,CD44,0.1116286656586137,3.5,0.0740403121178601,0.0014476976525292,0.0441237958143755,0.0426760981618463,0.0725926144653309,"[""COL6A1"",""CD44""]",COL6A1,CD44,2
CALCB_CALCRL,"[""CALCB"",""CALCRL""]",CALCB,CALCRL,0.1115031567062588,3.5,0.0695367062699608,0.0076946835811334,0.0131535599300849,0.0054588763489515,0.0618420226888273,"[""CALCB"",""CALCRL""]",CALCB,CALCRL,2
WNT7A_FZD4_LRP5,"[""WNT7A"",""FZD4_LRP5""]",WNT7A,FZD4_LRP5,0.1110467357746978,3.5,0.0626887460586018,0.0149211739685219,0.0307714913657166,0.0158503173971946,0.0527693055615156,"[""WNT7A"",""FZD4_LRP5""]",WNT7A,FZD4_LRP5,2
WNT7A_FZD4_LRP6,"[""WNT7A"",""FZD4_LRP6""]",WNT7A,FZD4_LRP6,0.1110467357746978,3.5,0.0626887460586018,0.0149211739685219,0.0307714913657166,0.0158503173971946,0.0527693055615156,"[""WNT7A"",""FZD4_LRP6""]",WNT7A,FZD4_LRP6,2
COL4A2_ITGA9_ITGB1,"[""COL4A2"",""ITGA9_ITGB1""]",COL4A2,ITGA9_ITGB1,0.1097429235270427,3.5,0.0493733362228194,0.0137310936594573,0.0225976134388217,0.0088665197793643,0.035642242563362,"[""COL4A2"",""ITGA9_ITGB1""]",COL4A2,ITGA9_ITGB1,2
WNT9A_FZD2_LRP5,"[""WNT9A"",""FZD2_LRP5""]",WNT9A,FZD2_LRP5,0.1097106240352603,3.5,0.0573735762921353,0.0152099230919004,0.024573839547527,0.0093639164556266,0.045249946397103,"[""WNT9A"",""FZD2_LRP5""]",WNT9A,FZD2_LRP5,2
WNT9A_FZD3_LRP5,"[""WNT9A"",""FZD3_LRP5""]",WNT9A,FZD3_LRP5,0.1087053093824267,3.5,0.0573735762921353,0.0152136690718476,0.024573839547527,0.0093601704756793,0.0456596162103382,"[""WNT9A"",""FZD3_LRP5""]",WNT9A,FZD3_LRP5,2
LAMA4_ITGA7_ITGB1,"[""LAMA4"",""ITGA7_ITGB1""]",LAMA4,ITGA7_ITGB1,0.1075645540844636,3.5,0.0510869983834907,0.0136515601081621,0.0136740052726815,2.2445164519414865e-05,0.0408514028744911,"[""LAMA4"",""ITGA7_ITGB1""]",LAMA4,ITGA7_ITGB1,2
LAMA1_ITGA7_ITGB1,"[""LAMA1"",""ITGA7_ITGB1""]",LAMA1,ITGA7_ITGB1,0.1073681687132108,3.5,0.0506714490518568,0.0114710006715313,0.0186547142267967,0.0071837135552653,0.0392004483803254,"[""LAMA1"",""ITGA7_ITGB1""]",LAMA1,ITGA7_ITGB1,2
GAL_GALR2,"[""GAL"",""GALR2""]",GAL,GALR2,0.0986900624268933,3.5,0.1053789847717812,3.142741912339858e-05,0.0078203937076916,0.0077889662885682,0.1053475573526578,"[""GAL"",""GALR2""]",GAL,GALR2,2
LAMA2_ITGA7_ITGB1,"[""LAMA2"",""ITGA7_ITGB1""]",LAMA2,ITGA7_ITGB1,0.0975329647865932,3.5,0.0471937001745764,0.0071915007917352,0.0116050136108026,0.0044135128190673,0.0400021993828411,"[""LAMA2"",""ITGA7_ITGB1""]",LAMA2,ITGA7_ITGB1,2
COL6A6_ITGA3_ITGB1,"[""COL6A6"",""ITGA3_ITGB1""]",COL6A6,ITGA3_ITGB1,0.0960826859739522,3.5,0.0542048431788987,0.0102337524566452,0.0200128821759614,0.0097791297193161,0.0464450907522727,"[""COL6A6"",""ITGA3_ITGB1""]",COL6A6,ITGA3_ITGB1,2
COL6A2_CD44,"[""COL6A2"",""CD44""]",COL6A2,CD44,0.0830421775431359,3.5,0.0515725793404471,0.0018448816352415,0.0243089722637126,0.022464090628471,0.0497276977052056,"[""COL6A2"",""CD44""]",COL6A2,CD44,2
ANGPT2_ITGA5_ITGB1,"[""ANGPT2"",""ITGA5_ITGB1""]",ANGPT2,ITGA5_ITGB1,0.0823522183177459,3.5,0.0477786018511238,0.0101328154549929,0.0202152993830733,0.0100824839280804,0.0376457863961308,"[""ANGPT2"",""ITGA5_ITGB1""]",ANGPT2,ITGA5_ITGB1,2
WNT9A_FZD8_LRP5,"[""WNT9A"",""FZD8_LRP5""]",WNT9A,FZD8_LRP5,0.0811849528037232,3.5,0.0494709592122108,0.0087410155814495,0.0243262535287084,0.0155852379472589,0.0414846948533421,"[""WNT9A"",""FZD8_LRP5""]",WNT9A,FZD8_LRP5,2
WNT9A_FZD8_LRP6,"[""WNT9A"",""FZD8_LRP6""]",WNT9A,FZD8_LRP6,0.0800653362115614,3.5,0.0494879985674992,0.008098360750308,0.02716588535791,0.0190675246076019,0.0430651481966453,"[""WNT9A"",""FZD8_LRP6""]",WNT9A,FZD8_LRP6,2
CALCB_CALCR,"[""CALCB"",""CALCR""]",CALCB,CALCR,0.0684213542165965,3.5,0.0397953332491266,0.0026971495666525,0.0074270067318796,0.004729857165227,0.0370981836824741,"[""CALCB"",""CALCR""]",CALCB,CALCR,2
NPFF_NPFFR2,"[""NPFF"",""NPFFR2""]",NPFF,NPFFR2,0.0578544713598458,3.5,0.0527669460408865,0.0040950215932761,0.0031628377974614,-0.0009321837958146,0.0516051752878636,"[""NPFF"",""NPFFR2""]",NPFF,NPFFR2,2
WNT9A_FZD7_LRP6,"[""WNT9A"",""FZD7_LRP6""]",WNT9A,FZD7_LRP6,0.0572525518466689,3.5,0.0307702809983453,0.007579899111088,0.0095855054410654,0.0020056063299773,0.0278780530653494,"[""WNT9A"",""FZD7_LRP6""]",WNT9A,FZD7_LRP6,2
NMU_NMUR1,"[""NMU"",""NMUR1""]",NMU,NMUR1,0.0558907329725036,3.5,0.0343256914945933,0.0057655102247321,0.0070060402886877,0.0012405300639555,0.0319069047123261,"[""NMU"",""NMUR1""]",NMU,NMUR1,2
WNT9A_FZD7_LRP5,"[""WNT9A"",""FZD7_LRP5""]",WNT9A,FZD7_LRP5,0.0557163989931994,3.5,0.0307702809983453,0.0075231739315062,0.0094532678206125,0.0019300938891062,0.0278789317937595,"[""WNT9A"",""FZD7_LRP5""]",WNT9A,FZD7_LRP5,2
VEGFD_FLT4,"[""VEGFD"",""FLT4""]",VEGFD,FLT4,0.0537189201306528,3.5,0.0228389274382183,0.0014993547927989,0.0081870385252791,0.0066876837324801,0.0213395726454193,"[""VEGFD"",""FLT4""]",VEGFD,FLT4,2
WNT11_FZD4,"[""WNT11"",""FZD4""]",WNT11,FZD4,0.0531544322679812,3.5,0.0273123555807897,0.0042208189307893,0.0057145390762655,0.0014937201454761,0.0233806647038656,"[""WNT11"",""FZD4""]",WNT11,FZD4,2
WNT9A_FZD6_LRP6,"[""WNT9A"",""FZD6_LRP6""]",WNT9A,FZD6_LRP6,0.0524961525126081,3.5,0.028287156519227,0.0117232079585682,0.0111187189845441,-0.0006044889740241,0.0242633450998171,"[""WNT9A"",""FZD6_LRP6""]",WNT9A,FZD6_LRP6,2
WNT9A_FZD6_LRP5,"[""WNT9A"",""FZD6_LRP5""]",WNT9A,FZD6_LRP5,0.0524770803989758,3.5,0.028287156519227,0.0118794790759708,0.0109146426055204,-0.0009648364704504,0.0242686951448861,"[""WNT9A"",""FZD6_LRP5""]",WNT9A,FZD6_LRP5,2
VEGFD_FLT4_KDR,"[""VEGFD"",""FLT4_KDR""]",VEGFD,FLT4_KDR,0.0481280997925682,3.5,0.0228389274382183,0.0014993547927989,0.0060887881297078,0.0045894333369088,0.0213395726454193,"[""VEGFD"",""FLT4_KDR""]",VEGFD,FLT4_KDR,2
COL1A2_ITGA10_ITGB1,"[""COL1A2"",""ITGA10_ITGB1""]",COL1A2,ITGA10_ITGB1,0.0453565143575226,3.5,0.0331395237587161,0.0011797636658918,0.0047212214988131,0.0035414578329213,0.0319597600928243,"[""COL1A2"",""ITGA10_ITGB1""]",COL1A2,ITGA10_ITGB1,2
COL6A3_CD44,"[""COL6A3"",""CD44""]",COL6A3,CD44,0.0436451008280108,3.5,0.0222891487941354,0.001280218815698,0.010850196737116,0.0095699779214179,0.0210089299784373,"[""COL6A3"",""CD44""]",COL6A3,CD44,2
WNT9A_FZD10_LRP6,"[""WNT9A"",""FZD10_LRP6""]",WNT9A,FZD10_LRP6,0.029698732147297,3.5,0.0160088600171298,0.0040343656815001,0.0099890869030474,0.0059547212215473,0.013361376229728,"[""WNT9A"",""FZD10_LRP6""]",WNT9A,FZD10_LRP6,2
WNT9A_FZD10_LRP5,"[""WNT9A"",""FZD10_LRP5""]",WNT9A,FZD10_LRP5,0.0296947214086538,3.5,0.0160088600171298,0.0040200594725786,0.0099890869030474,0.0059690274304688,0.013361376229728,"[""WNT9A"",""FZD10_LRP5""]",WNT9A,FZD10_LRP5,2
EDN2_EDNRA,"[""EDN2"",""EDNRA""]",EDN2,EDNRA,0.0295176977235314,3.5,0.0268194426429583,0.0019018810077825,0.0113703682503787,0.0094684872425961,0.0264737992538128,"[""EDN2"",""EDNRA""]",EDN2,EDNRA,2
COL6A1_ITGA10_ITGB1,"[""COL6A1"",""ITGA10_ITGB1""]",COL6A1,ITGA10_ITGB1,0.026500284610459,3.5,0.0194510726870177,0.0004765051970808,0.0068150123051991,0.0063385071081183,0.0189745674899369,"[""COL6A1"",""ITGA10_ITGB1""]",COL6A1,ITGA10_ITGB1,2
ADIPOQ_ADIPOR2,"[""ADIPOQ"",""ADIPOR2""]",ADIPOQ,ADIPOR2,0.0255853612930096,3.5,0.0123184225611759,0.0090950876472759,0.0058246217899423,-0.0032704658573336,0.009523239813818,"[""ADIPOQ"",""ADIPOR2""]",ADIPOQ,ADIPOR2,2
WNT9A_FZD5_LRP5,"[""WNT9A"",""FZD5_LRP5""]",WNT9A,FZD5_LRP5,0.0239780583472858,3.5,0.0135952688136192,0.0020342014942231,0.0028973277174392,0.000863126223216,0.01171567764249,"[""WNT9A"",""FZD5_LRP5""]",WNT9A,FZD5_LRP5,2
WNT9A_FZD5_LRP6,"[""WNT9A"",""FZD5_LRP6""]",WNT9A,FZD5_LRP6,0.0239395884183234,3.5,0.0135952688136192,0.0020342014942231,0.0028973277174392,0.000863126223216,0.0117926175004146,"[""WNT9A"",""FZD5_LRP6""]",WNT9A,FZD5_LRP6,2
ANGPT1_TEK,"[""ANGPT1"",""TEK""]",ANGPT1,TEK,0.0224915171199871,3.5,0.0107858847062709,0.0013379093340402,0.0056745834682154,0.0043366741341752,0.0094479753722306,"[""ANGPT1"",""TEK""]",ANGPT1,TEK,2
VIP_VIPR2,"[""VIP"",""VIPR2""]",VIP,VIPR2,0.0217605973561234,3.5,0.0173281354084237,4.890722723572588e-05,0.0036788023507765,0.0036298951235408,0.017279228181188,"[""VIP"",""VIPR2""]",VIP,VIPR2,2
LAMB3_ITGA7_ITGB1,"[""LAMB3"",""ITGA7_ITGB1""]",LAMB3,ITGA7_ITGB1,0.0205798488243454,3.5,0.0109271720870677,0.0042097834454297,0.0049376186862449,0.0007278352408151,0.0089041106316811,"[""LAMB3"",""ITGA7_ITGB1""]",LAMB3,ITGA7_ITGB1,2
COL6A2_ITGA10_ITGB1,"[""COL6A2"",""ITGA10_ITGB1""]",COL6A2,ITGA10_ITGB1,0.0179718162512182,3.5,0.0130618695662063,0.0004486183453602,0.0032739271402114,0.0028253087948511,0.0126132512208461,"[""COL6A2"",""ITGA10_ITGB1""]",COL6A2,ITGA10_ITGB1,2
WNT4_FZD4_LRP5,"[""WNT4"",""FZD4_LRP5""]",WNT4,FZD4_LRP5,0.0165068757800442,3.5,0.0092579271299421,0.0014974089168157,0.0036671908599065,0.0021697819430908,0.0082290389436196,"[""WNT4"",""FZD4_LRP5""]",WNT4,FZD4_LRP5,2
WNT4_FZD4_LRP6,"[""WNT4"",""FZD4_LRP6""]",WNT4,FZD4_LRP6,0.0165068757800442,3.5,0.0092579271299421,0.0014974089168157,0.0036671908599065,0.0021697819430908,0.0082290389436196,"[""WNT4"",""FZD4_LRP6""]",WNT4,FZD4_LRP6,2
ANGPT2_TEK,"[""ANGPT2"",""TEK""]",ANGPT2,TEK,0.0164082402792428,3.5,0.0110748794161695,0.0020069851307088,0.002683761871911,0.0006767767412021,0.0101724680143668,"[""ANGPT2"",""TEK""]",ANGPT2,TEK,2
LAMC3_CD44,"[""LAMC3"",""CD44""]",LAMC3,CD44,0.0159335548146452,3.5,0.00920334752555,0.0004467255308963,0.0024131448560411,0.0019664193251448,0.0087566219946537,"[""LAMC3"",""CD44""]",LAMC3,CD44,2
COL4A1_ITGA10_ITGB1,"[""COL4A1"",""ITGA10_ITGB1""]",COL4A1,ITGA10_ITGB1,0.015407414108376,3.5,0.0095337630202353,0.0009124372348424,0.0036871581520923,0.0027747209172499,0.0089308415674297,"[""COL4A1"",""ITGA10_ITGB1""]",COL4A1,ITGA10_ITGB1,2
NPW_NPBWR1,"[""NPW"",""NPBWR1""]",NPW,NPBWR1,0.0136520128543838,3.5,0.0108280777826745,0.0010728723475497,0.0014501795770702,0.0003773072295204,0.0102237709624632,"[""NPW"",""NPBWR1""]",NPW,NPBWR1,2
COL4A2_ITGA10_ITGB1,"[""COL4A2"",""ITGA10_ITGB1""]",COL4A2,ITGA10_ITGB1,0.0131008931611294,3.5,0.0075247600915506,0.0005493343124634,0.0038956610797129,0.0033463267672494,0.0071135167419476,"[""COL4A2"",""ITGA10_ITGB1""]",COL4A2,ITGA10_ITGB1,2
WNT3A_FZD4_LRP5,"[""WNT3A"",""FZD4_LRP5""]",WNT3A,FZD4_LRP5,0.0130397773983201,3.5,0.0062086703183884,0.0011470395250914,0.0021908830997565,0.0010438435746651,0.0050616307932969,"[""WNT3A"",""FZD4_LRP5""]",WNT3A,FZD4_LRP5,2
WNT3A_FZD4_LRP6,"[""WNT3A"",""FZD4_LRP6""]",WNT3A,FZD4_LRP6,0.0130397773983201,3.5,0.0062086703183884,0.0011470395250914,0.0021908830997565,0.0010438435746651,0.0050616307932969,"[""WNT3A"",""FZD4_LRP6""]",WNT3A,FZD4_LRP6,2
WNT10B_FZD4_LRP5,"[""WNT10B"",""FZD4_LRP5""]",WNT10B,FZD4_LRP5,0.0121457841940039,3.5,0.0074618228321325,0.0020300882391183,0.0030871272943254,0.001057039055207,0.0063943650188735,"[""WNT10B"",""FZD4_LRP5""]",WNT10B,FZD4_LRP5,2
WNT10B_FZD4_LRP6,"[""WNT10B"",""FZD4_LRP6""]",WNT10B,FZD4_LRP6,0.0121457841940039,3.5,0.0074618228321325,0.0020300882391183,0.0030871272943254,0.001057039055207,0.0063943650188735,"[""WNT10B"",""FZD4_LRP6""]",WNT10B,FZD4_LRP6,2
VEGFC_FLT4,"[""VEGFC"",""FLT4""]",VEGFC,FLT4,0.0097793675080048,3.5,0.0046294287479209,0.0004136384262018,0.0011293055596034,0.0007156671334016,0.0042157903217191,"[""VEGFC"",""FLT4""]",VEGFC,FLT4,2
VEGFC_FLT4_KDR,"[""VEGFC"",""FLT4_KDR""]",VEGFC,FLT4_KDR,0.0089386505164824,3.5,0.0046294287479209,0.0004136384262018,0.0009152258050613,0.0005015873788595,0.0042157903217191,"[""VEGFC"",""FLT4_KDR""]",VEGFC,FLT4_KDR,2
COL6A3_ITGA10_ITGB1,"[""COL6A3"",""ITGA10_ITGB1""]",COL6A3,ITGA10_ITGB1,0.0088972690698121,3.5,0.0055855223751433,0.000309256751737,0.0008622796453267,0.0005530228935896,0.0052762656234062,"[""COL6A3"",""ITGA10_ITGB1""]",COL6A3,ITGA10_ITGB1,2
WNT9A_FZD4_LRP5,"[""WNT9A"",""FZD4_LRP5""]",WNT9A,FZD4_LRP5,0.0054000063405308,3.5,0.0038436905257378,0.0008253609833326,0.0007103468164545,-0.0001150141668781,0.0035843674703051,"[""WNT9A"",""FZD4_LRP5""]",WNT9A,FZD4_LRP5,2
WNT9A_FZD4_LRP6,"[""WNT9A"",""FZD4_LRP6""]",WNT9A,FZD4_LRP6,0.0054000063405308,3.5,0.0038436905257378,0.0008253609833326,0.0007103468164545,-0.0001150141668781,0.0035843674703051,"[""WNT9A"",""FZD4_LRP6""]",WNT9A,FZD4_LRP6,2
COL6A6_ITGA10_ITGB1,"[""COL6A6"",""ITGA10_ITGB1""]",COL6A6,ITGA10_ITGB1,0.0026251477926327,3.5,0.0015787037906334,4.9578853983697294e-05,0.0005525066045646,0.0005029277505809,0.0015291249366497,"[""COL6A6"",""ITGA10_ITGB1""]",COL6A6,ITGA10_ITGB1,2
NPB_NPBWR1,"[""NPB"",""NPBWR1""]",NPB,NPBWR1,0.0024765800529323,3.5,0.0018228082073662,0.0001469548853599,8.075024989933499e-05,-6.62046354606015e-05,0.0017420579574669,"[""NPB"",""NPBWR1""]",NPB,NPBWR1,2
