time,pair_id,ligand,receptor,pair,sender_type,receiver_type,ligand_mean,receptor_mean,communication_weight,lr_score,sender_expression_supported,receiver_expression_supported,expression_supported_edge,expression_source
0.0,"[""Wnt3a"",""Fzd7_Lrp6""]",Wnt3a,Fzd7_Lrp6,Wnt3a_Fzd7_Lrp6,Blood vessel,Blood vessel,0.0,0.17154569923877716,29.155194145183287,0.0,True,True,True,observed
0.0,"[""Wnt3a"",""Fzd7_Lrp6""]",Wnt3a,Fzd7_Lrp6,Wnt3a_Fzd7_Lrp6,Blood vessel,Brain,0.0,0.05539463087916374,0.0,0.0,True,True,True,observed
0.0,"[""Wnt3a"",""Fzd7_Lrp6""]",Wnt3a,Fzd7_Lrp6,Wnt3a_Fzd7_Lrp6,Blood vessel,Cartilage primordium,0.0,0.2643163502216339,0.4303617333574048,0.0,True,True,True,observed
0.0,"[""Wnt3a"",""Fzd7_Lrp6""]",Wnt3a,Fzd7_Lrp6,Wnt3a_Fzd7_Lrp6,Blood vessel,Cavity,0.0,0.09909687936306,2.5642044469720755,0.0,True,True,True,observed
0.0,"[""Wnt3a"",""Fzd7_Lrp6""]",Wnt3a,Fzd7_Lrp6,Wnt3a_Fzd7_Lrp6,Blood vessel,Choroid plexus,0.0,0.06811472028493881,0.0,0.0,True,True,True,observed
0.0,"[""Wnt3a"",""Fzd7_Lrp6""]",Wnt3a,Fzd7_Lrp6,Wnt3a_Fzd7_Lrp6,Blood vessel,Connective tissue,0.0,0.19814270734786987,0.8693255966439898,0.0,True,True,True,observed
0.0,"[""Wnt3a"",""Fzd7_Lrp6""]",Wnt3a,Fzd7_Lrp6,Wnt3a_Fzd7_Lrp6,Blood vessel,Dorsal root ganglion,0.0,0.1345275193452835,0.0085155126793358,0.0,True,True,True,observed
0.0,"[""Wnt3a"",""Fzd7_Lrp6""]",Wnt3a,Fzd7_Lrp6,Wnt3a_Fzd7_Lrp6,Blood vessel,Epidermis,0.0,0.20572710037231445,0.3507904279276014,0.0,True,True,True,observed
0.0,"[""Wnt3a"",""Fzd7_Lrp6""]",Wnt3a,Fzd7_Lrp6,Wnt3a_Fzd7_Lrp6,Blood vessel,GI tract,0.0,0.21195538341999054,0.0933707482700418,0.0,True,True,True,observed
0.0,"[""Wnt3a"",""Fzd7_Lrp6""]",Wnt3a,Fzd7_Lrp6,Wnt3a_Fzd7_Lrp6,Blood vessel,Heart,0.0,0.08417846262454987,4.972863995027717,0.0,True,True,True,observed
0.0,"[""Wnt3a"",""Fzd7_Lrp6""]",Wnt3a,Fzd7_Lrp6,Wnt3a_Fzd7_Lrp6,Blood vessel,Jaw and tooth,0.0,0.2186741679906845,0.4610922889955809,0.0,True,True,True,observed
0.0,"[""Wnt3a"",""Fzd7_Lrp6""]",Wnt3a,Fzd7_Lrp6,Wnt3a_Fzd7_Lrp6,Blood vessel,Kidney,0.0,0.22017186880111694,0.0025150367694587,0.0,True,True,True,observed
0.0,"[""Wnt3a"",""Fzd7_Lrp6""]",Wnt3a,Fzd7_Lrp6,Wnt3a_Fzd7_Lrp6,Blood vessel,Liver,0.0,0.044163767248392105,0.0226028572589268,0.0,True,True,True,observed
0.0,"[""Wnt3a"",""Fzd7_Lrp6""]",Wnt3a,Fzd7_Lrp6,Wnt3a_Fzd7_Lrp6,Blood vessel,Lung primordium,0.0,0.2471616268157959,0.1739690207467308,0.0,True,True,True,observed
0.0,"[""Wnt3a"",""Fzd7_Lrp6""]",Wnt3a,Fzd7_Lrp6,Wnt3a_Fzd7_Lrp6,Blood vessel,Meninges,0.0,0.09415308386087418,0.2794254959289438,0.0,True,True,True,observed
0.0,"[""Wnt3a"",""Fzd7_Lrp6""]",Wnt3a,Fzd7_Lrp6,Wnt3a_Fzd7_Lrp6,Blood vessel,Mesentery,0.0,0.1379539668560028,0.0531465064115629,0.0,True,True,True,observed
0.0,"[""Wnt3a"",""Fzd7_Lrp6""]",Wnt3a,Fzd7_Lrp6,Wnt3a_Fzd7_Lrp6,Blood vessel,Mesothelium,0.0,0.20694556832313538,0.4181320082217565,0.0,True,True,True,observed
0.0,"[""Wnt3a"",""Fzd7_Lrp6""]",Wnt3a,Fzd7_Lrp6,Wnt3a_Fzd7_Lrp6,Blood vessel,Mucosal epithelium,0.0,0.16626812517642975,0.4640803076244368,0.0,True,True,True,observed
0.0,"[""Wnt3a"",""Fzd7_Lrp6""]",Wnt3a,Fzd7_Lrp6,Wnt3a_Fzd7_Lrp6,Blood vessel,Muscle,0.0,0.183630108833313,1.4198631708912304,0.0,True,True,True,observed
0.0,"[""Wnt3a"",""Fzd7_Lrp6""]",Wnt3a,Fzd7_Lrp6,Wnt3a_Fzd7_Lrp6,Blood vessel,Ovary,0.0,0.09168989211320877,0.0,0.0,True,True,True,observed
0.0,"[""Wnt3a"",""Fzd7_Lrp6""]",Wnt3a,Fzd7_Lrp6,Wnt3a_Fzd7_Lrp6,Blood vessel,Pancreas,0.0,0.4485943019390106,0.0,0.0,True,True,True,observed
0.0,"[""Wnt3a"",""Fzd7_Lrp6""]",Wnt3a,Fzd7_Lrp6,Wnt3a_Fzd7_Lrp6,Blood vessel,Sympathetic nerve,0.0,0.09011421352624893,0.4711822362403588,0.0,True,True,True,observed
0.0,"[""Wnt3a"",""Fzd7_Lrp6""]",Wnt3a,Fzd7_Lrp6,Wnt3a_Fzd7_Lrp6,Blood vessel,Urogenital ridge,0.0,0.22845786809921265,0.1688025320588002,0.0,True,True,True,observed
0.0,"[""Wnt3a"",""Fzd7_Lrp6""]",Wnt3a,Fzd7_Lrp6,Wnt3a_Fzd7_Lrp6,Brain,Blood vessel,0.004046232905238867,0.17154569923877716,0.0,0.0,True,True,True,observed
0.0,"[""Wnt3a"",""Fzd7_Lrp6""]",Wnt3a,Fzd7_Lrp6,Wnt3a_Fzd7_Lrp6,Brain,Brain,0.004046232905238867,0.05539463087916374,7.810522577997919,0.0017506472364417177,True,True,True,observed
0.0,"[""Wnt3a"",""Fzd7_Lrp6""]",Wnt3a,Fzd7_Lrp6,Wnt3a_Fzd7_Lrp6,Brain,Cartilage primordium,0.004046232905238867,0.2643163502216339,0.0172485244041409,1.8447046982229594e-05,True,True,True,observed
0.0,"[""Wnt3a"",""Fzd7_Lrp6""]",Wnt3a,Fzd7_Lrp6,Wnt3a_Fzd7_Lrp6,Brain,Cavity,0.004046232905238867,0.09909687936306,0.0740160093429031,2.9678129253392565e-05,True,True,True,observed
0.0,"[""Wnt3a"",""Fzd7_Lrp6""]",Wnt3a,Fzd7_Lrp6,Wnt3a_Fzd7_Lrp6,Brain,Choroid plexus,0.004046232905238867,0.06811472028493881,0.1041603114496342,2.8707417466623812e-05,True,True,True,observed
0.0,"[""Wnt3a"",""Fzd7_Lrp6""]",Wnt3a,Fzd7_Lrp6,Wnt3a_Fzd7_Lrp6,Brain,Connective tissue,0.004046232905238867,0.19814270734786987,0.0,0.0,True,True,True,observed
0.0,"[""Wnt3a"",""Fzd7_Lrp6""]",Wnt3a,Fzd7_Lrp6,Wnt3a_Fzd7_Lrp6,Brain,Dorsal root ganglion,0.004046232905238867,0.1345275193452835,0.011344956689698,6.1753965927279474e-06,True,True,True,observed
0.0,"[""Wnt3a"",""Fzd7_Lrp6""]",Wnt3a,Fzd7_Lrp6,Wnt3a_Fzd7_Lrp6,Brain,Epidermis,0.004046232905238867,0.20572710037231445,0.0003062661661243,2.549420094280217e-07,True,True,True,observed
0.0,"[""Wnt3a"",""Fzd7_Lrp6""]",Wnt3a,Fzd7_Lrp6,Wnt3a_Fzd7_Lrp6,Brain,GI tract,0.004046232905238867,0.21195538341999054,0.0022226750462794,1.9062124554324652e-06,True,True,True,observed
0.0,"[""Wnt3a"",""Fzd7_Lrp6""]",Wnt3a,Fzd7_Lrp6,Wnt3a_Fzd7_Lrp6,Brain,Heart,0.004046232905238867,0.08417846262454987,0.0,0.0,True,True,True,observed
0.0,"[""Wnt3a"",""Fzd7_Lrp6""]",Wnt3a,Fzd7_Lrp6,Wnt3a_Fzd7_Lrp6,Brain,Jaw and tooth,0.004046232905238867,0.2186741679906845,0.0,0.0,True,True,True,observed
0.0,"[""Wnt3a"",""Fzd7_Lrp6""]",Wnt3a,Fzd7_Lrp6,Wnt3a_Fzd7_Lrp6,Brain,Kidney,0.004046232905238867,0.22017186880111694,0.0,0.0,True,True,True,observed
0.0,"[""Wnt3a"",""Fzd7_Lrp6""]",Wnt3a,Fzd7_Lrp6,Wnt3a_Fzd7_Lrp6,Brain,Liver,0.004046232905238867,0.044163767248392105,0.0,0.0,True,True,True,observed
0.0,"[""Wnt3a"",""Fzd7_Lrp6""]",Wnt3a,Fzd7_Lrp6,Wnt3a_Fzd7_Lrp6,Brain,Lung primordium,0.004046232905238867,0.2471616268157959,0.0016283704298437,1.6284901270134827e-06,True,True,True,observed
0.0,"[""Wnt3a"",""Fzd7_Lrp6""]",Wnt3a,Fzd7_Lrp6,Wnt3a_Fzd7_Lrp6,Brain,Meninges,0.004046232905238867,0.09415308386087418,0.6640291443072793,0.0002529720661855377,True,True,True,observed
0.0,"[""Wnt3a"",""Fzd7_Lrp6""]",Wnt3a,Fzd7_Lrp6,Wnt3a_Fzd7_Lrp6,Brain,Mesentery,0.004046232905238867,0.1379539668560028,0.0,0.0,True,True,True,observed
0.0,"[""Wnt3a"",""Fzd7_Lrp6""]",Wnt3a,Fzd7_Lrp6,Wnt3a_Fzd7_Lrp6,Brain,Mesothelium,0.004046232905238867,0.20694556832313538,0.0,0.0,True,True,True,observed
0.0,"[""Wnt3a"",""Fzd7_Lrp6""]",Wnt3a,Fzd7_Lrp6,Wnt3a_Fzd7_Lrp6,Brain,Mucosal epithelium,0.004046232905238867,0.16626812517642975,0.0010744504607939,7.228468183657897e-07,True,True,True,observed
0.0,"[""Wnt3a"",""Fzd7_Lrp6""]",Wnt3a,Fzd7_Lrp6,Wnt3a_Fzd7_Lrp6,Brain,Muscle,0.004046232905238867,0.183630108833313,0.0001786580752912,1.3274477024453108e-07,True,True,True,observed
0.0,"[""Wnt3a"",""Fzd7_Lrp6""]",Wnt3a,Fzd7_Lrp6,Wnt3a_Fzd7_Lrp6,Brain,Ovary,0.004046232905238867,0.09168989211320877,0.0,0.0,True,True,True,observed
0.0,"[""Wnt3a"",""Fzd7_Lrp6""]",Wnt3a,Fzd7_Lrp6,Wnt3a_Fzd7_Lrp6,Brain,Pancreas,0.004046232905238867,0.4485943019390106,0.0003705407740495,6.725748676593198e-07,True,True,True,observed
0.0,"[""Wnt3a"",""Fzd7_Lrp6""]",Wnt3a,Fzd7_Lrp6,Wnt3a_Fzd7_Lrp6,Brain,Sympathetic nerve,0.004046232905238867,0.09011421352624893,0.0005122917127712,1.8679339036558806e-07,True,True,True,observed
0.0,"[""Wnt3a"",""Fzd7_Lrp6""]",Wnt3a,Fzd7_Lrp6,Wnt3a_Fzd7_Lrp6,Brain,Urogenital ridge,0.004046232905238867,0.22845786809921265,0.0,0.0,True,True,True,observed
0.0,"[""Wnt3a"",""Fzd7_Lrp6""]",Wnt3a,Fzd7_Lrp6,Wnt3a_Fzd7_Lrp6,Cartilage primordium,Blood vessel,0.0023204274475574493,0.17154569923877716,0.1622328143678504,6.457828847761314e-05,True,True,True,observed
0.0,"[""Wnt3a"",""Fzd7_Lrp6""]",Wnt3a,Fzd7_Lrp6,Wnt3a_Fzd7_Lrp6,Cartilage primordium,Brain,0.0023204274475574493,0.05539463087916374,0.0837512574826014,1.0765321473253655e-05,True,True,True,observed
0.0,"[""Wnt3a"",""Fzd7_Lrp6""]",Wnt3a,Fzd7_Lrp6,Wnt3a_Fzd7_Lrp6,Cartilage primordium,Cartilage primordium,0.0023204274475574493,0.2643163502216339,38.353080758021385,0.023522976659586574,True,True,True,observed
0.0,"[""Wnt3a"",""Fzd7_Lrp6""]",Wnt3a,Fzd7_Lrp6,Wnt3a_Fzd7_Lrp6,Cartilage primordium,Cavity,0.0023204274475574493,0.09909687936306,0.1569402034341152,3.608794761004759e-05,True,True,True,observed
0.0,"[""Wnt3a"",""Fzd7_Lrp6""]",Wnt3a,Fzd7_Lrp6,Wnt3a_Fzd7_Lrp6,Cartilage primordium,Choroid plexus,0.0023204274475574493,0.06811472028493881,0.0,0.0,True,True,True,observed
0.0,"[""Wnt3a"",""Fzd7_Lrp6""]",Wnt3a,Fzd7_Lrp6,Wnt3a_Fzd7_Lrp6,Cartilage primordium,Connective tissue,0.0023204274475574493,0.19814270734786987,1.2393096637011225,0.0005698045631545667,True,True,True,observed
0.0,"[""Wnt3a"",""Fzd7_Lrp6""]",Wnt3a,Fzd7_Lrp6,Wnt3a_Fzd7_Lrp6,Cartilage primordium,Dorsal root ganglion,0.0023204274475574493,0.1345275193452835,0.8669564439100531,0.000270630292483544,True,True,True,observed
0.0,"[""Wnt3a"",""Fzd7_Lrp6""]",Wnt3a,Fzd7_Lrp6,Wnt3a_Fzd7_Lrp6,Cartilage primordium,Epidermis,0.0023204274475574493,0.20572710037231445,0.1740806979769257,8.310174019283193e-05,True,True,True,observed
0.0,"[""Wnt3a"",""Fzd7_Lrp6""]",Wnt3a,Fzd7_Lrp6,Wnt3a_Fzd7_Lrp6,Cartilage primordium,GI tract,0.0023204274475574493,0.21195538341999054,0.0005523798576167,2.7167537758459786e-07,True,True,True,observed
0.0,"[""Wnt3a"",""Fzd7_Lrp6""]",Wnt3a,Fzd7_Lrp6,Wnt3a_Fzd7_Lrp6,Cartilage primordium,Heart,0.0023204274475574493,0.08417846262454987,0.0,0.0,True,True,True,observed
0.0,"[""Wnt3a"",""Fzd7_Lrp6""]",Wnt3a,Fzd7_Lrp6,Wnt3a_Fzd7_Lrp6,Cartilage primordium,Jaw and tooth,0.0023204274475574493,0.2186741679906845,0.7066108582130245,0.0003585467444556694,True,True,True,observed
0.0,"[""Wnt3a"",""Fzd7_Lrp6""]",Wnt3a,Fzd7_Lrp6,Wnt3a_Fzd7_Lrp6,Cartilage primordium,Kidney,0.0023204274475574493,0.22017186880111694,0.0036744710535054,1.8772609797511999e-06,True,True,True,observed
0.0,"[""Wnt3a"",""Fzd7_Lrp6""]",Wnt3a,Fzd7_Lrp6,Wnt3a_Fzd7_Lrp6,Cartilage primordium,Liver,0.0023204274475574493,0.044163767248392105,0.013295910468868,1.3625491852370147e-06,True,True,True,observed
0.0,"[""Wnt3a"",""Fzd7_Lrp6""]",Wnt3a,Fzd7_Lrp6,Wnt3a_Fzd7_Lrp6,Cartilage primordium,Lung primordium,0.0023204274475574493,0.2471616268157959,0.0,0.0,True,True,True,observed
0.0,"[""Wnt3a"",""Fzd7_Lrp6""]",Wnt3a,Fzd7_Lrp6,Wnt3a_Fzd7_Lrp6,Cartilage primordium,Meninges,0.0023204274475574493,0.09415308386087418,1.0293936785300355,0.000224897195739122,True,True,True,observed
0.0,"[""Wnt3a"",""Fzd7_Lrp6""]",Wnt3a,Fzd7_Lrp6,Wnt3a_Fzd7_Lrp6,Cartilage primordium,Mesentery,0.0023204274475574493,0.1379539668560028,0.0038957129707128,1.2470651373960986e-06,True,True,True,observed
0.0,"[""Wnt3a"",""Fzd7_Lrp6""]",Wnt3a,Fzd7_Lrp6,Wnt3a_Fzd7_Lrp6,Cartilage primordium,Mesothelium,0.0023204274475574493,0.20694556832313538,0.0127760160196704,6.13507070459375e-06,True,True,True,observed
0.0,"[""Wnt3a"",""Fzd7_Lrp6""]",Wnt3a,Fzd7_Lrp6,Wnt3a_Fzd7_Lrp6,Cartilage primordium,Mucosal epithelium,0.0023204274475574493,0.16626812517642975,0.5716673476657036,0.00022055676375580362,True,True,True,observed
0.0,"[""Wnt3a"",""Fzd7_Lrp6""]",Wnt3a,Fzd7_Lrp6,Wnt3a_Fzd7_Lrp6,Cartilage primordium,Muscle,0.0023204274475574493,0.183630108833313,7.833031042273753,0.003337657227431088,True,True,True,observed
0.0,"[""Wnt3a"",""Fzd7_Lrp6""]",Wnt3a,Fzd7_Lrp6,Wnt3a_Fzd7_Lrp6,Cartilage primordium,Ovary,0.0023204274475574493,0.09168989211320877,0.0,0.0,True,True,True,observed
0.0,"[""Wnt3a"",""Fzd7_Lrp6""]",Wnt3a,Fzd7_Lrp6,Wnt3a_Fzd7_Lrp6,Cartilage primordium,Pancreas,0.0023204274475574493,0.4485943019390106,0.0,0.0,True,True,True,observed
0.0,"[""Wnt3a"",""Fzd7_Lrp6""]",Wnt3a,Fzd7_Lrp6,Wnt3a_Fzd7_Lrp6,Cartilage primordium,Sympathetic nerve,0.0023204274475574493,0.09011421352624893,0.0123179512874956,2.5757266590665073e-06,True,True,True,observed
0.0,"[""Wnt3a"",""Fzd7_Lrp6""]",Wnt3a,Fzd7_Lrp6,Wnt3a_Fzd7_Lrp6,Cartilage primordium,Urogenital ridge,0.0023204274475574493,0.22845786809921265,0.3837754539313043,0.0002034470082339609,True,True,True,observed
0.0,"[""Wnt3a"",""Fzd7_Lrp6""]",Wnt3a,Fzd7_Lrp6,Wnt3a_Fzd7_Lrp6,Cavity,Blood vessel,0.006966204848140478,0.17154569923877716,0.4791453686851936,0.0005725894875883414,True,True,True,observed
0.0,"[""Wnt3a"",""Fzd7_Lrp6""]",Wnt3a,Fzd7_Lrp6,Wnt3a_Fzd7_Lrp6,Cavity,Brain,0.006966204848140478,0.05539463087916374,0.1288015860580504,4.9703288633940237e-05,True,True,True,observed
0.0,"[""Wnt3a"",""Fzd7_Lrp6""]",Wnt3a,Fzd7_Lrp6,Wnt3a_Fzd7_Lrp6,Cavity,Cartilage primordium,0.006966204848140478,0.2643163502216339,0.076092537538276,0.00014010780755589134,True,True,True,observed
0.0,"[""Wnt3a"",""Fzd7_Lrp6""]",Wnt3a,Fzd7_Lrp6,Wnt3a_Fzd7_Lrp6,Cavity,Cavity,0.006966204848140478,0.09909687936306,21.7123493085814,0.014988667891401072,True,True,True,observed
0.0,"[""Wnt3a"",""Fzd7_Lrp6""]",Wnt3a,Fzd7_Lrp6,Wnt3a_Fzd7_Lrp6,Cavity,Choroid plexus,0.006966204848140478,0.06811472028493881,0.0069328474231056,3.2896436915038266e-06,True,True,True,observed
0.0,"[""Wnt3a"",""Fzd7_Lrp6""]",Wnt3a,Fzd7_Lrp6,Wnt3a_Fzd7_Lrp6,Cavity,Connective tissue,0.006966204848140478,0.19814270734786987,0.33556628665626,0.00046318304765851357,True,True,True,observed
0.0,"[""Wnt3a"",""Fzd7_Lrp6""]",Wnt3a,Fzd7_Lrp6,Wnt3a_Fzd7_Lrp6,Cavity,Dorsal root ganglion,0.006966204848140478,0.1345275193452835,0.0175068328816567,1.6406462915222273e-05,True,True,True,observed
0.0,"[""Wnt3a"",""Fzd7_Lrp6""]",Wnt3a,Fzd7_Lrp6,Wnt3a_Fzd7_Lrp6,Cavity,Epidermis,0.006966204848140478,0.20572710037231445,1.1321719564836925,0.001622557661596983,True,True,True,observed
0.0,"[""Wnt3a"",""Fzd7_Lrp6""]",Wnt3a,Fzd7_Lrp6,Wnt3a_Fzd7_Lrp6,Cavity,GI tract,0.006966204848140478,0.21195538341999054,0.851456595457021,0.0012571966256873853,True,True,True,observed
0.0,"[""Wnt3a"",""Fzd7_Lrp6""]",Wnt3a,Fzd7_Lrp6,Wnt3a_Fzd7_Lrp6,Cavity,Heart,0.006966204848140478,0.08417846262454987,0.3599141729350707,0.00021105525983014116,True,True,True,observed
0.0,"[""Wnt3a"",""Fzd7_Lrp6""]",Wnt3a,Fzd7_Lrp6,Wnt3a_Fzd7_Lrp6,Cavity,Jaw and tooth,0.006966204848140478,0.2186741679906845,0.1343342055059891,0.0002046351975511345,True,True,True,observed
0.0,"[""Wnt3a"",""Fzd7_Lrp6""]",Wnt3a,Fzd7_Lrp6,Wnt3a_Fzd7_Lrp6,Cavity,Kidney,0.006966204848140478,0.22017186880111694,0.0213316414853385,3.271766835774587e-05,True,True,True,observed
0.0,"[""Wnt3a"",""Fzd7_Lrp6""]",Wnt3a,Fzd7_Lrp6,Wnt3a_Fzd7_Lrp6,Cavity,Liver,0.006966204848140478,0.044163767248392105,0.5034122725071386,0.00015487672353137365,True,True,True,observed
0.0,"[""Wnt3a"",""Fzd7_Lrp6""]",Wnt3a,Fzd7_Lrp6,Wnt3a_Fzd7_Lrp6,Cavity,Lung primordium,0.006966204848140478,0.2471616268157959,0.1936734818574374,0.0003334628415364725,True,True,True,observed
0.0,"[""Wnt3a"",""Fzd7_Lrp6""]",Wnt3a,Fzd7_Lrp6,Wnt3a_Fzd7_Lrp6,Cavity,Meninges,0.006966204848140478,0.09415308386087418,1.1061655627943423,0.0007255225651268753,True,True,True,observed
0.0,"[""Wnt3a"",""Fzd7_Lrp6""]",Wnt3a,Fzd7_Lrp6,Wnt3a_Fzd7_Lrp6,Cavity,Mesentery,0.006966204848140478,0.1379539668560028,0.4466962583456898,0.00042928206948547197,True,True,True,observed
0.0,"[""Wnt3a"",""Fzd7_Lrp6""]",Wnt3a,Fzd7_Lrp6,Wnt3a_Fzd7_Lrp6,Cavity,Mesothelium,0.006966204848140478,0.20694556832313538,0.0326244927383177,4.7032291565433085e-05,True,True,True,observed
0.0,"[""Wnt3a"",""Fzd7_Lrp6""]",Wnt3a,Fzd7_Lrp6,Wnt3a_Fzd7_Lrp6,Cavity,Mucosal epithelium,0.006966204848140478,0.16626812517642975,0.0325422656793761,3.7692333693738465e-05,True,True,True,observed
0.0,"[""Wnt3a"",""Fzd7_Lrp6""]",Wnt3a,Fzd7_Lrp6,Wnt3a_Fzd7_Lrp6,Cavity,Muscle,0.006966204848140478,0.183630108833313,0.1910102125404967,0.0002443412102264656,True,True,True,observed
0.0,"[""Wnt3a"",""Fzd7_Lrp6""]",Wnt3a,Fzd7_Lrp6,Wnt3a_Fzd7_Lrp6,Cavity,Ovary,0.006966204848140478,0.09168989211320877,0.0698780085311635,4.463322028697312e-05,True,True,True,observed
0.0,"[""Wnt3a"",""Fzd7_Lrp6""]",Wnt3a,Fzd7_Lrp6,Wnt3a_Fzd7_Lrp6,Cavity,Pancreas,0.006966204848140478,0.4485943019390106,0.0673316310175357,0.00021041133353186356,True,True,True,observed
0.0,"[""Wnt3a"",""Fzd7_Lrp6""]",Wnt3a,Fzd7_Lrp6,Wnt3a_Fzd7_Lrp6,Cavity,Sympathetic nerve,0.006966204848140478,0.09011421352624893,0.003105645518228,1.949581617625452e-06,True,True,True,observed
0.0,"[""Wnt3a"",""Fzd7_Lrp6""]",Wnt3a,Fzd7_Lrp6,Wnt3a_Fzd7_Lrp6,Cavity,Urogenital ridge,0.006966204848140478,0.22845786809921265,0.3320398681031436,0.0005284362398322829,True,True,True,observed
0.0,"[""Wnt3a"",""Fzd7_Lrp6""]",Wnt3a,Fzd7_Lrp6,Wnt3a_Fzd7_Lrp6,Choroid plexus,Blood vessel,0.17719846963882446,0.17154569923877716,0.0,0.0,True,True,True,observed
0.0,"[""Wnt3a"",""Fzd7_Lrp6""]",Wnt3a,Fzd7_Lrp6,Wnt3a_Fzd7_Lrp6,Choroid plexus,Brain,0.17719846963882446,0.05539463087916374,2.945356103635969,0.0289111555016701,True,True,True,observed
0.0,"[""Wnt3a"",""Fzd7_Lrp6""]",Wnt3a,Fzd7_Lrp6,Wnt3a_Fzd7_Lrp6,Choroid plexus,Cartilage primordium,0.17719846963882446,0.2643163502216339,0.0,0.0,True,True,True,observed
0.0,"[""Wnt3a"",""Fzd7_Lrp6""]",Wnt3a,Fzd7_Lrp6,Wnt3a_Fzd7_Lrp6,Choroid plexus,Cavity,0.17719846963882446,0.09909687936306,0.0820340697383467,0.0014405031185826722,True,True,True,observed
0.0,"[""Wnt3a"",""Fzd7_Lrp6""]",Wnt3a,Fzd7_Lrp6,Wnt3a_Fzd7_Lrp6,Choroid plexus,Choroid plexus,0.17719846963882446,0.06811472028493881,18.60357896577228,0.22454192750290924,True,True,True,observed
0.0,"[""Wnt3a"",""Fzd7_Lrp6""]",Wnt3a,Fzd7_Lrp6,Wnt3a_Fzd7_Lrp6,Choroid plexus,Connective tissue,0.17719846963882446,0.19814270734786987,0.0,0.0,True,True,True,observed
0.0,"[""Wnt3a"",""Fzd7_Lrp6""]",Wnt3a,Fzd7_Lrp6,Wnt3a_Fzd7_Lrp6,Choroid plexus,Dorsal root ganglion,0.17719846963882446,0.1345275193452835,0.0121907665357961,0.0002906043527668228,True,True,True,observed
0.0,"[""Wnt3a"",""Fzd7_Lrp6""]",Wnt3a,Fzd7_Lrp6,Wnt3a_Fzd7_Lrp6,Choroid plexus,Epidermis,0.17719846963882446,0.20572710037231445,0.0,0.0,True,True,True,observed
0.0,"[""Wnt3a"",""Fzd7_Lrp6""]",Wnt3a,Fzd7_Lrp6,Wnt3a_Fzd7_Lrp6,Choroid plexus,GI tract,0.17719846963882446,0.21195538341999054,0.0,0.0,True,True,True,observed
0.0,"[""Wnt3a"",""Fzd7_Lrp6""]",Wnt3a,Fzd7_Lrp6,Wnt3a_Fzd7_Lrp6,Choroid plexus,Heart,0.17719846963882446,0.08417846262454987,0.0,0.0,True,True,True,observed
0.0,"[""Wnt3a"",""Fzd7_Lrp6""]",Wnt3a,Fzd7_Lrp6,Wnt3a_Fzd7_Lrp6,Choroid plexus,Jaw and tooth,0.17719846963882446,0.2186741679906845,0.0,0.0,True,True,True,observed
0.0,"[""Wnt3a"",""Fzd7_Lrp6""]",Wnt3a,Fzd7_Lrp6,Wnt3a_Fzd7_Lrp6,Choroid plexus,Kidney,0.17719846963882446,0.22017186880111694,0.0,0.0,True,True,True,observed
0.0,"[""Wnt3a"",""Fzd7_Lrp6""]",Wnt3a,Fzd7_Lrp6,Wnt3a_Fzd7_Lrp6,Choroid plexus,Liver,0.17719846963882446,0.044163767248392105,0.0,0.0,True,True,True,observed
0.0,"[""Wnt3a"",""Fzd7_Lrp6""]",Wnt3a,Fzd7_Lrp6,Wnt3a_Fzd7_Lrp6,Choroid plexus,Lung primordium,0.17719846963882446,0.2471616268157959,0.0,0.0,True,True,True,observed
0.0,"[""Wnt3a"",""Fzd7_Lrp6""]",Wnt3a,Fzd7_Lrp6,Wnt3a_Fzd7_Lrp6,Choroid plexus,Meninges,0.17719846963882446,0.09415308386087418,6.141062697355365,0.10245615357501016,True,True,True,observed
0.0,"[""Wnt3a"",""Fzd7_Lrp6""]",Wnt3a,Fzd7_Lrp6,Wnt3a_Fzd7_Lrp6,Choroid plexus,Mesentery,0.17719846963882446,0.1379539668560028,0.0,0.0,True,True,True,observed
0.0,"[""Wnt3a"",""Fzd7_Lrp6""]",Wnt3a,Fzd7_Lrp6,Wnt3a_Fzd7_Lrp6,Choroid plexus,Mesothelium,0.17719846963882446,0.20694556832313538,0.0,0.0,True,True,True,observed
0.0,"[""Wnt3a"",""Fzd7_Lrp6""]",Wnt3a,Fzd7_Lrp6,Wnt3a_Fzd7_Lrp6,Choroid plexus,Mucosal epithelium,0.17719846963882446,0.16626812517642975,0.0,0.0,True,True,True,observed
0.0,"[""Wnt3a"",""Fzd7_Lrp6""]",Wnt3a,Fzd7_Lrp6,Wnt3a_Fzd7_Lrp6,Choroid plexus,Muscle,0.17719846963882446,0.183630108833313,0.0,0.0,True,True,True,observed
0.0,"[""Wnt3a"",""Fzd7_Lrp6""]",Wnt3a,Fzd7_Lrp6,Wnt3a_Fzd7_Lrp6,Choroid plexus,Ovary,0.17719846963882446,0.09168989211320877,0.0,0.0,True,True,True,observed
0.0,"[""Wnt3a"",""Fzd7_Lrp6""]",Wnt3a,Fzd7_Lrp6,Wnt3a_Fzd7_Lrp6,Choroid plexus,Pancreas,0.17719846963882446,0.4485943019390106,0.0,0.0,True,True,True,observed
0.0,"[""Wnt3a"",""Fzd7_Lrp6""]",Wnt3a,Fzd7_Lrp6,Wnt3a_Fzd7_Lrp6,Choroid plexus,Sympathetic nerve,0.17719846963882446,0.09011421352624893,0.0,0.0,True,True,True,observed
0.0,"[""Wnt3a"",""Fzd7_Lrp6""]",Wnt3a,Fzd7_Lrp6,Wnt3a_Fzd7_Lrp6,Choroid plexus,Urogenital ridge,0.17719846963882446,0.22845786809921265,0.0,0.0,True,True,True,observed
0.0,"[""Wnt3a"",""Fzd7_Lrp6""]",Wnt3a,Fzd7_Lrp6,Wnt3a_Fzd7_Lrp6,Connective tissue,Blood vessel,0.001982305897399783,0.17154569923877716,0.4158564028276676,0.000141414486242835,True,True,True,observed
0.0,"[""Wnt3a"",""Fzd7_Lrp6""]",Wnt3a,Fzd7_Lrp6,Wnt3a_Fzd7_Lrp6,Connective tissue,Brain,0.001982305897399783,0.05539463087916374,0.0,0.0,True,True,True,observed
0.0,"[""Wnt3a"",""Fzd7_Lrp6""]",Wnt3a,Fzd7_Lrp6,Wnt3a_Fzd7_Lrp6,Connective tissue,Cartilage primordium,0.001982305897399783,0.2643163502216339,1.6519112652718717,0.0008655285873477011,True,True,True,observed
0.0,"[""Wnt3a"",""Fzd7_Lrp6""]",Wnt3a,Fzd7_Lrp6,Wnt3a_Fzd7_Lrp6,Connective tissue,Cavity,0.001982305897399783,0.09909687936306,0.7865127714295036,0.0001545028270909858,True,True,True,observed
0.0,"[""Wnt3a"",""Fzd7_Lrp6""]",Wnt3a,Fzd7_Lrp6,Wnt3a_Fzd7_Lrp6,Connective tissue,Choroid plexus,0.001982305897399783,0.06811472028493881,0.0,0.0,True,True,True,observed
0.0,"[""Wnt3a"",""Fzd7_Lrp6""]",Wnt3a,Fzd7_Lrp6,Wnt3a_Fzd7_Lrp6,Connective tissue,Connective tissue,0.001982305897399783,0.19814270734786987,32.994185553675955,0.012959438295908907,True,True,True,observed
0.0,"[""Wnt3a"",""Fzd7_Lrp6""]",Wnt3a,Fzd7_Lrp6,Wnt3a_Fzd7_Lrp6,Connective tissue,Dorsal root ganglion,0.001982305897399783,0.1345275193452835,0.0,0.0,True,True,True,observed
0.0,"[""Wnt3a"",""Fzd7_Lrp6""]",Wnt3a,Fzd7_Lrp6,Wnt3a_Fzd7_Lrp6,Connective tissue,Epidermis,0.001982305897399783,0.20572710037231445,1.212201654475653,0.0004943528592467432,True,True,True,observed
0.0,"[""Wnt3a"",""Fzd7_Lrp6""]",Wnt3a,Fzd7_Lrp6,Wnt3a_Fzd7_Lrp6,Connective tissue,GI tract,0.001982305897399783,0.21195538341999054,0.0556361018697043,2.33760871798246e-05,True,True,True,observed
0.0,"[""Wnt3a"",""Fzd7_Lrp6""]",Wnt3a,Fzd7_Lrp6,Wnt3a_Fzd7_Lrp6,Connective tissue,Heart,0.001982305897399783,0.08417846262454987,1.0949386520991802,0.0001827096349011245,True,True,True,observed
0.0,"[""Wnt3a"",""Fzd7_Lrp6""]",Wnt3a,Fzd7_Lrp6,Wnt3a_Fzd7_Lrp6,Connective tissue,Jaw and tooth,0.001982305897399783,0.2186741679906845,0.1439957753466027,6.241915806671504e-05,True,True,True,observed
0.0,"[""Wnt3a"",""Fzd7_Lrp6""]",Wnt3a,Fzd7_Lrp6,Wnt3a_Fzd7_Lrp6,Connective tissue,Kidney,0.001982305897399783,0.22017186880111694,0.0103508587123879,4.5176115208470414e-06,True,True,True,observed
0.0,"[""Wnt3a"",""Fzd7_Lrp6""]",Wnt3a,Fzd7_Lrp6,Wnt3a_Fzd7_Lrp6,Connective tissue,Liver,0.001982305897399783,0.044163767248392105,0.88739726798564,7.768816665092371e-05,True,True,True,observed
0.0,"[""Wnt3a"",""Fzd7_Lrp6""]",Wnt3a,Fzd7_Lrp6,Wnt3a_Fzd7_Lrp6,Connective tissue,Lung primordium,0.001982305897399783,0.2471616268157959,0.0,0.0,True,True,True,observed
0.0,"[""Wnt3a"",""Fzd7_Lrp6""]",Wnt3a,Fzd7_Lrp6,Wnt3a_Fzd7_Lrp6,Connective tissue,Meninges,0.001982305897399783,0.09415308386087418,0.45502544550934,8.492604625037637e-05,True,True,True,observed
0.0,"[""Wnt3a"",""Fzd7_Lrp6""]",Wnt3a,Fzd7_Lrp6,Wnt3a_Fzd7_Lrp6,Connective tissue,Mesentery,0.001982305897399783,0.1379539668560028,0.2373287901772122,6.490158326111875e-05,True,True,True,observed
0.0,"[""Wnt3a"",""Fzd7_Lrp6""]",Wnt3a,Fzd7_Lrp6,Wnt3a_Fzd7_Lrp6,Connective tissue,Mesothelium,0.001982305897399783,0.20694556832313538,0.0045022122001369,1.8469399019549065e-06,True,True,True,observed
0.0,"[""Wnt3a"",""Fzd7_Lrp6""]",Wnt3a,Fzd7_Lrp6,Wnt3a_Fzd7_Lrp6,Connective tissue,Mucosal epithelium,0.001982305897399783,0.16626812517642975,0.154862961928456,5.1041947223240295e-05,True,True,True,observed
0.0,"[""Wnt3a"",""Fzd7_Lrp6""]",Wnt3a,Fzd7_Lrp6,Wnt3a_Fzd7_Lrp6,Connective tissue,Muscle,0.001982305897399783,0.183630108833313,7.603419056309668,0.0027677285366407072,True,True,True,observed
0.0,"[""Wnt3a"",""Fzd7_Lrp6""]",Wnt3a,Fzd7_Lrp6,Wnt3a_Fzd7_Lrp6,Connective tissue,Ovary,0.001982305897399783,0.09168989211320877,0.00112380756785,2.0426035721766203e-07,True,True,True,observed
0.0,"[""Wnt3a"",""Fzd7_Lrp6""]",Wnt3a,Fzd7_Lrp6,Wnt3a_Fzd7_Lrp6,Connective tissue,Pancreas,0.001982305897399783,0.4485943019390106,0.0181509922724557,1.6140790393869334e-05,True,True,True,observed
0.0,"[""Wnt3a"",""Fzd7_Lrp6""]",Wnt3a,Fzd7_Lrp6,Wnt3a_Fzd7_Lrp6,Connective tissue,Sympathetic nerve,0.001982305897399783,0.09011421352624893,0.0526546871165797,9.40591405653719e-06,True,True,True,observed
0.0,"[""Wnt3a"",""Fzd7_Lrp6""]",Wnt3a,Fzd7_Lrp6,Wnt3a_Fzd7_Lrp6,Connective tissue,Urogenital ridge,0.001982305897399783,0.22845786809921265,0.3672176420122624,0.00016630309445480349,True,True,True,observed
0.0,"[""Wnt3a"",""Fzd7_Lrp6""]",Wnt3a,Fzd7_Lrp6,Wnt3a_Fzd7_Lrp6,Dorsal root ganglion,Blood vessel,0.002734517212957144,0.17154569923877716,0.0093831480964355,4.401584735248468e-06,True,True,True,observed
0.0,"[""Wnt3a"",""Fzd7_Lrp6""]",Wnt3a,Fzd7_Lrp6,Wnt3a_Fzd7_Lrp6,Dorsal root ganglion,Brain,0.002734517212957144,0.05539463087916374,0.0952315785720369,1.4425448265962701e-05,True,True,True,observed
0.0,"[""Wnt3a"",""Fzd7_Lrp6""]",Wnt3a,Fzd7_Lrp6,Wnt3a_Fzd7_Lrp6,Dorsal root ganglion,Cartilage primordium,0.002734517212957144,0.2643163502216339,2.062324766191248,0.0014906021642049586,True,True,True,observed
0.0,"[""Wnt3a"",""Fzd7_Lrp6""]",Wnt3a,Fzd7_Lrp6,Wnt3a_Fzd7_Lrp6,Dorsal root ganglion,Cavity,0.002734517212957144,0.09909687936306,0.084216550788469,2.282117967122444e-05,True,True,True,observed
0.0,"[""Wnt3a"",""Fzd7_Lrp6""]",Wnt3a,Fzd7_Lrp6,Wnt3a_Fzd7_Lrp6,Dorsal root ganglion,Choroid plexus,0.002734517212957144,0.06811472028493881,0.0049071017464827,9.140010653815669e-07,True,True,True,observed
0.0,"[""Wnt3a"",""Fzd7_Lrp6""]",Wnt3a,Fzd7_Lrp6,Wnt3a_Fzd7_Lrp6,Dorsal root ganglion,Connective tissue,0.002734517212957144,0.19814270734786987,0.0,0.0,True,True,True,observed
0.0,"[""Wnt3a"",""Fzd7_Lrp6""]",Wnt3a,Fzd7_Lrp6,Wnt3a_Fzd7_Lrp6,Dorsal root ganglion,Dorsal root ganglion,0.002734517212957144,0.1345275193452835,9.37134231072063,0.0034474152406982752,True,True,True,observed
0.0,"[""Wnt3a"",""Fzd7_Lrp6""]",Wnt3a,Fzd7_Lrp6,Wnt3a_Fzd7_Lrp6,Dorsal root ganglion,Epidermis,0.002734517212957144,0.20572710037231445,0.7809915890812167,0.0004393579843836138,True,True,True,observed
0.0,"[""Wnt3a"",""Fzd7_Lrp6""]",Wnt3a,Fzd7_Lrp6,Wnt3a_Fzd7_Lrp6,Dorsal root ganglion,GI tract,0.002734517212957144,0.21195538341999054,0.0,0.0,True,True,True,observed
0.0,"[""Wnt3a"",""Fzd7_Lrp6""]",Wnt3a,Fzd7_Lrp6,Wnt3a_Fzd7_Lrp6,Dorsal root ganglion,Heart,0.002734517212957144,0.08417846262454987,0.0,0.0,True,True,True,observed
0.0,"[""Wnt3a"",""Fzd7_Lrp6""]",Wnt3a,Fzd7_Lrp6,Wnt3a_Fzd7_Lrp6,Dorsal root ganglion,Jaw and tooth,0.002734517212957144,0.2186741679906845,0.0,0.0,True,True,True,observed
0.0,"[""Wnt3a"",""Fzd7_Lrp6""]",Wnt3a,Fzd7_Lrp6,Wnt3a_Fzd7_Lrp6,Dorsal root ganglion,Kidney,0.002734517212957144,0.22017186880111694,0.0,0.0,True,True,True,observed
0.0,"[""Wnt3a"",""Fzd7_Lrp6""]",Wnt3a,Fzd7_Lrp6,Wnt3a_Fzd7_Lrp6,Dorsal root ganglion,Liver,0.002734517212957144,0.044163767248392105,0.0,0.0,True,True,True,observed
0.0,"[""Wnt3a"",""Fzd7_Lrp6""]",Wnt3a,Fzd7_Lrp6,Wnt3a_Fzd7_Lrp6,Dorsal root ganglion,Lung primordium,0.002734517212957144,0.2471616268157959,0.0,0.0,True,True,True,observed
0.0,"[""Wnt3a"",""Fzd7_Lrp6""]",Wnt3a,Fzd7_Lrp6,Wnt3a_Fzd7_Lrp6,Dorsal root ganglion,Meninges,0.002734517212957144,0.09415308386087418,0.6618593879021948,0.00017040445480284637,True,True,True,observed
0.0,"[""Wnt3a"",""Fzd7_Lrp6""]",Wnt3a,Fzd7_Lrp6,Wnt3a_Fzd7_Lrp6,Dorsal root ganglion,Mesentery,0.002734517212957144,0.1379539668560028,0.0,0.0,True,True,True,observed
0.0,"[""Wnt3a"",""Fzd7_Lrp6""]",Wnt3a,Fzd7_Lrp6,Wnt3a_Fzd7_Lrp6,Dorsal root ganglion,Mesothelium,0.002734517212957144,0.20694556832313538,0.0,0.0,True,True,True,observed
0.0,"[""Wnt3a"",""Fzd7_Lrp6""]",Wnt3a,Fzd7_Lrp6,Wnt3a_Fzd7_Lrp6,Dorsal root ganglion,Mucosal epithelium,0.002734517212957144,0.16626812517642975,0.0,0.0,True,True,True,observed
0.0,"[""Wnt3a"",""Fzd7_Lrp6""]",Wnt3a,Fzd7_Lrp6,Wnt3a_Fzd7_Lrp6,Dorsal root ganglion,Muscle,0.002734517212957144,0.183630108833313,0.1544933000949794,7.757721834542871e-05,True,True,True,observed
0.0,"[""Wnt3a"",""Fzd7_Lrp6""]",Wnt3a,Fzd7_Lrp6,Wnt3a_Fzd7_Lrp6,Dorsal root ganglion,Ovary,0.002734517212957144,0.09168989211320877,0.0,0.0,True,True,True,observed
0.0,"[""Wnt3a"",""Fzd7_Lrp6""]",Wnt3a,Fzd7_Lrp6,Wnt3a_Fzd7_Lrp6,Dorsal root ganglion,Pancreas,0.002734517212957144,0.4485943019390106,0.0,0.0,True,True,True,observed
0.0,"[""Wnt3a"",""Fzd7_Lrp6""]",Wnt3a,Fzd7_Lrp6,Wnt3a_Fzd7_Lrp6,Dorsal root ganglion,Sympathetic nerve,0.002734517212957144,0.09011421352624893,0.0224954974492155,5.543315016974004e-06,True,True,True,observed
0.0,"[""Wnt3a"",""Fzd7_Lrp6""]",Wnt3a,Fzd7_Lrp6,Wnt3a_Fzd7_Lrp6,Dorsal root ganglion,Urogenital ridge,0.002734517212957144,0.22845786809921265,0.0173299497419012,1.0826400390467217e-05,True,True,True,observed
0.0,"[""Wnt3a"",""Fzd7_Lrp6""]",Wnt3a,Fzd7_Lrp6,Wnt3a_Fzd7_Lrp6,Epidermis,Blood vessel,0.0330553837120533,0.17154569923877716,0.326546174741174,0.0018516829942094317,True,True,True,observed
0.0,"[""Wnt3a"",""Fzd7_Lrp6""]",Wnt3a,Fzd7_Lrp6,Wnt3a_Fzd7_Lrp6,Epidermis,Brain,0.0330553837120533,0.05539463087916374,0.00203926065795,3.7340713873580574e-06,True,True,True,observed
0.0,"[""Wnt3a"",""Fzd7_Lrp6""]",Wnt3a,Fzd7_Lrp6,Wnt3a_Fzd7_Lrp6,Epidermis,Cartilage primordium,0.0330553837120533,0.2643163502216339,0.4192807319608503,0.0036632886175043387,True,True,True,observed
0.0,"[""Wnt3a"",""Fzd7_Lrp6""]",Wnt3a,Fzd7_Lrp6,Wnt3a_Fzd7_Lrp6,Epidermis,Cavity,0.0330553837120533,0.09909687936306,5.306932944978606,0.017383842618120312,True,True,True,observed
0.0,"[""Wnt3a"",""Fzd7_Lrp6""]",Wnt3a,Fzd7_Lrp6,Wnt3a_Fzd7_Lrp6,Epidermis,Choroid plexus,0.0330553837120533,0.06811472028493881,0.0,0.0,True,True,True,observed
0.0,"[""Wnt3a"",""Fzd7_Lrp6""]",Wnt3a,Fzd7_Lrp6,Wnt3a_Fzd7_Lrp6,Epidermis,Connective tissue,0.0330553837120533,0.19814270734786987,2.419909806847988,0.015849642658557598,True,True,True,observed
0.0,"[""Wnt3a"",""Fzd7_Lrp6""]",Wnt3a,Fzd7_Lrp6,Wnt3a_Fzd7_Lrp6,Epidermis,Dorsal root ganglion,0.0330553837120533,0.1345275193452835,0.8298438888326527,0.0036901985762709936,True,True,True,observed
0.0,"[""Wnt3a"",""Fzd7_Lrp6""]",Wnt3a,Fzd7_Lrp6,Wnt3a_Fzd7_Lrp6,Epidermis,Epidermis,0.0330553837120533,0.20572710037231445,18.03852219142368,0.12266895422759276,True,True,True,observed
0.0,"[""Wnt3a"",""Fzd7_Lrp6""]",Wnt3a,Fzd7_Lrp6,Wnt3a_Fzd7_Lrp6,Epidermis,GI tract,0.0330553837120533,0.21195538341999054,0.0011960957654272,8.380165726531874e-06,True,True,True,observed
0.0,"[""Wnt3a"",""Fzd7_Lrp6""]",Wnt3a,Fzd7_Lrp6,Wnt3a_Fzd7_Lrp6,Epidermis,Heart,0.0330553837120533,0.08417846262454987,0.0,0.0,True,True,True,observed
0.0,"[""Wnt3a"",""Fzd7_Lrp6""]",Wnt3a,Fzd7_Lrp6,Wnt3a_Fzd7_Lrp6,Epidermis,Jaw and tooth,0.0330553837120533,0.2186741679906845,2.263948379324935,0.01636463058108855,True,True,True,observed
0.0,"[""Wnt3a"",""Fzd7_Lrp6""]",Wnt3a,Fzd7_Lrp6,Wnt3a_Fzd7_Lrp6,Epidermis,Kidney,0.0330553837120533,0.22017186880111694,0.0,0.0,True,True,True,observed
0.0,"[""Wnt3a"",""Fzd7_Lrp6""]",Wnt3a,Fzd7_Lrp6,Wnt3a_Fzd7_Lrp6,Epidermis,Liver,0.0330553837120533,0.044163767248392105,0.0,0.0,True,True,True,observed
0.0,"[""Wnt3a"",""Fzd7_Lrp6""]",Wnt3a,Fzd7_Lrp6,Wnt3a_Fzd7_Lrp6,Epidermis,Lung primordium,0.0330553837120533,0.2471616268157959,0.0147645131575004,0.00012062640341811487,True,True,True,observed
0.0,"[""Wnt3a"",""Fzd7_Lrp6""]",Wnt3a,Fzd7_Lrp6,Wnt3a_Fzd7_Lrp6,Epidermis,Meninges,0.0330553837120533,0.09415308386087418,0.4194118817702757,0.0013053214716161894,True,True,True,observed
0.0,"[""Wnt3a"",""Fzd7_Lrp6""]",Wnt3a,Fzd7_Lrp6,Wnt3a_Fzd7_Lrp6,Epidermis,Mesentery,0.0330553837120533,0.1379539668560028,0.3179798206081776,0.0014500265557953152,True,True,True,observed
0.0,"[""Wnt3a"",""Fzd7_Lrp6""]",Wnt3a,Fzd7_Lrp6,Wnt3a_Fzd7_Lrp6,Epidermis,Mesothelium,0.0330553837120533,0.20694556832313538,0.0,0.0,True,True,True,observed
0.0,"[""Wnt3a"",""Fzd7_Lrp6""]",Wnt3a,Fzd7_Lrp6,Wnt3a_Fzd7_Lrp6,Epidermis,Mucosal epithelium,0.0330553837120533,0.16626812517642975,0.1359775062216301,0.0007473400809627248,True,True,True,observed
0.0,"[""Wnt3a"",""Fzd7_Lrp6""]",Wnt3a,Fzd7_Lrp6,Wnt3a_Fzd7_Lrp6,Epidermis,Muscle,0.0330553837120533,0.183630108833313,0.4527913557842571,0.002748427097165222,True,True,True,observed
0.0,"[""Wnt3a"",""Fzd7_Lrp6""]",Wnt3a,Fzd7_Lrp6,Wnt3a_Fzd7_Lrp6,Epidermis,Ovary,0.0330553837120533,0.09168989211320877,0.0,0.0,True,True,True,observed
0.0,"[""Wnt3a"",""Fzd7_Lrp6""]",Wnt3a,Fzd7_Lrp6,Wnt3a_Fzd7_Lrp6,Epidermis,Pancreas,0.0330553837120533,0.4485943019390106,0.0,0.0,True,True,True,observed
0.0,"[""Wnt3a"",""Fzd7_Lrp6""]",Wnt3a,Fzd7_Lrp6,Wnt3a_Fzd7_Lrp6,Epidermis,Sympathetic nerve,0.0330553837120533,0.09011421352624893,0.0,0.0,True,True,True,observed
0.0,"[""Wnt3a"",""Fzd7_Lrp6""]",Wnt3a,Fzd7_Lrp6,Wnt3a_Fzd7_Lrp6,Epidermis,Urogenital ridge,0.0330553837120533,0.22845786809921265,0.0,0.0,True,True,True,observed
0.0,"[""Wnt3a"",""Fzd7_Lrp6""]",Wnt3a,Fzd7_Lrp6,Wnt3a_Fzd7_Lrp6,GI tract,Blood vessel,0.0011750253615900874,0.17154569923877716,0.0850718089080127,1.714797107945533e-05,True,True,True,observed
0.0,"[""Wnt3a"",""Fzd7_Lrp6""]",Wnt3a,Fzd7_Lrp6,Wnt3a_Fzd7_Lrp6,GI tract,Brain,0.0011750253615900874,0.05539463087916374,0.015596491420914,1.0151771266412862e-06,True,True,True,observed
0.0,"[""Wnt3a"",""Fzd7_Lrp6""]",Wnt3a,Fzd7_Lrp6,Wnt3a_Fzd7_Lrp6,GI tract,Cartilage primordium,0.0011750253615900874,0.2643163502216339,0.0011276396099694,3.502205227480129e-07,True,True,True,observed
0.0,"[""Wnt3a"",""Fzd7_Lrp6""]",Wnt3a,Fzd7_Lrp6,Wnt3a_Fzd7_Lrp6,GI tract,Cavity,0.0011750253615900874,0.09909687936306,4.301738889876731,0.0005009002686545963,True,True,True,observed
0.0,"[""Wnt3a"",""Fzd7_Lrp6""]",Wnt3a,Fzd7_Lrp6,Wnt3a_Fzd7_Lrp6,GI tract,Choroid plexus,0.0011750253615900874,0.06811472028493881,0.0,0.0,True,True,True,observed
0.0,"[""Wnt3a"",""Fzd7_Lrp6""]",Wnt3a,Fzd7_Lrp6,Wnt3a_Fzd7_Lrp6,GI tract,Connective tissue,0.0011750253615900874,0.19814270734786987,0.10053861634924,2.3407672750900233e-05,True,True,True,observed
0.0,"[""Wnt3a"",""Fzd7_Lrp6""]",Wnt3a,Fzd7_Lrp6,Wnt3a_Fzd7_Lrp6,GI tract,Dorsal root ganglion,0.0011750253615900874,0.1345275193452835,0.0,0.0,True,True,True,observed
0.0,"[""Wnt3a"",""Fzd7_Lrp6""]",Wnt3a,Fzd7_Lrp6,Wnt3a_Fzd7_Lrp6,GI tract,Epidermis,0.0011750253615900874,0.20572710037231445,0.0012157101908284,2.9387916867996584e-07,True,True,True,observed
0.0,"[""Wnt3a"",""Fzd7_Lrp6""]",Wnt3a,Fzd7_Lrp6,Wnt3a_Fzd7_Lrp6,GI tract,GI tract,0.0011750253615900874,0.21195538341999054,20.561248983433824,0.005120839736475462,True,True,True,observed
0.0,"[""Wnt3a"",""Fzd7_Lrp6""]",Wnt3a,Fzd7_Lrp6,Wnt3a_Fzd7_Lrp6,GI tract,Heart,0.0011750253615900874,0.08417846262454987,0.0454412483738992,4.494676965235666e-06,True,True,True,observed
0.0,"[""Wnt3a"",""Fzd7_Lrp6""]",Wnt3a,Fzd7_Lrp6,Wnt3a_Fzd7_Lrp6,GI tract,Jaw and tooth,0.0011750253615900874,0.2186741679906845,0.0,0.0,True,True,True,observed
0.0,"[""Wnt3a"",""Fzd7_Lrp6""]",Wnt3a,Fzd7_Lrp6,Wnt3a_Fzd7_Lrp6,GI tract,Kidney,0.0011750253615900874,0.22017186880111694,0.0506186052888094,1.309541433365805e-05,True,True,True,observed
0.0,"[""Wnt3a"",""Fzd7_Lrp6""]",Wnt3a,Fzd7_Lrp6,Wnt3a_Fzd7_Lrp6,GI tract,Liver,0.0011750253615900874,0.044163767248392105,0.0064763052907878,3.3607845027523744e-07,True,True,True,observed
0.0,"[""Wnt3a"",""Fzd7_Lrp6""]",Wnt3a,Fzd7_Lrp6,Wnt3a_Fzd7_Lrp6,GI tract,Lung primordium,0.0011750253615900874,0.2471616268157959,0.240712601778582,6.990803783025113e-05,True,True,True,observed
0.0,"[""Wnt3a"",""Fzd7_Lrp6""]",Wnt3a,Fzd7_Lrp6,Wnt3a_Fzd7_Lrp6,GI tract,Meninges,0.0011750253615900874,0.09415308386087418,0.0082069205377766,9.079501782936411e-07,True,True,True,observed
0.0,"[""Wnt3a"",""Fzd7_Lrp6""]",Wnt3a,Fzd7_Lrp6,Wnt3a_Fzd7_Lrp6,GI tract,Mesentery,0.0011750253615900874,0.1379539668560028,2.1906560553099683,0.00035510405361373196,True,True,True,observed
0.0,"[""Wnt3a"",""Fzd7_Lrp6""]",Wnt3a,Fzd7_Lrp6,Wnt3a_Fzd7_Lrp6,GI tract,Mesothelium,0.0011750253615900874,0.20694556832313538,0.0,0.0,True,True,True,observed
0.0,"[""Wnt3a"",""Fzd7_Lrp6""]",Wnt3a,Fzd7_Lrp6,Wnt3a_Fzd7_Lrp6,GI tract,Mucosal epithelium,0.0011750253615900874,0.16626812517642975,0.0564317835038235,1.1025036004063954e-05,True,True,True,observed
0.0,"[""Wnt3a"",""Fzd7_Lrp6""]",Wnt3a,Fzd7_Lrp6,Wnt3a_Fzd7_Lrp6,GI tract,Muscle,0.0011750253615900874,0.183630108833313,0.0117728182213578,2.540221400032326e-06,True,True,True,observed
0.0,"[""Wnt3a"",""Fzd7_Lrp6""]",Wnt3a,Fzd7_Lrp6,Wnt3a_Fzd7_Lrp6,GI tract,Ovary,0.0011750253615900874,0.09168989211320877,0.036480828930556,3.930369673463467e-06,True,True,True,observed
0.0,"[""Wnt3a"",""Fzd7_Lrp6""]",Wnt3a,Fzd7_Lrp6,Wnt3a_Fzd7_Lrp6,GI tract,Pancreas,0.0011750253615900874,0.4485943019390106,0.2035369294519494,0.00010728628612674643,True,True,True,observed
0.0,"[""Wnt3a"",""Fzd7_Lrp6""]",Wnt3a,Fzd7_Lrp6,Wnt3a_Fzd7_Lrp6,GI tract,Sympathetic nerve,0.0011750253615900874,0.09011421352624893,0.0170176392128727,1.8019380219352504e-06,True,True,True,observed
0.0,"[""Wnt3a"",""Fzd7_Lrp6""]",Wnt3a,Fzd7_Lrp6,Wnt3a_Fzd7_Lrp6,GI tract,Urogenital ridge,0.0011750253615900874,0.22845786809921265,0.3541080863697177,9.505811644590175e-05,True,True,True,observed
0.0,"[""Wnt3a"",""Fzd7_Lrp6""]",Wnt3a,Fzd7_Lrp6,Wnt3a_Fzd7_Lrp6,Heart,Blood vessel,0.0005802289233542979,0.17154569923877716,4.263101225412808,0.00042433109023828013,True,True,True,observed
0.0,"[""Wnt3a"",""Fzd7_Lrp6""]",Wnt3a,Fzd7_Lrp6,Wnt3a_Fzd7_Lrp6,Heart,Brain,0.0005802289233542979,0.05539463087916374,0.0,0.0,True,True,True,observed
0.0,"[""Wnt3a"",""Fzd7_Lrp6""]",Wnt3a,Fzd7_Lrp6,Wnt3a_Fzd7_Lrp6,Heart,Cartilage primordium,0.0005802289233542979,0.2643163502216339,0.0,0.0,True,True,True,observed
0.0,"[""Wnt3a"",""Fzd7_Lrp6""]",Wnt3a,Fzd7_Lrp6,Wnt3a_Fzd7_Lrp6,Heart,Cavity,0.0005802289233542979,0.09909687936306,1.5759547772407534,9.061562772025495e-05,True,True,True,observed
0.0,"[""Wnt3a"",""Fzd7_Lrp6""]",Wnt3a,Fzd7_Lrp6,Wnt3a_Fzd7_Lrp6,Heart,Choroid plexus,0.0005802289233542979,0.06811472028493881,0.0,0.0,True,True,True,observed
0.0,"[""Wnt3a"",""Fzd7_Lrp6""]",Wnt3a,Fzd7_Lrp6,Wnt3a_Fzd7_Lrp6,Heart,Connective tissue,0.0005802289233542979,0.19814270734786987,2.059210967045564,0.00023674363365213159,True,True,True,observed
0.0,"[""Wnt3a"",""Fzd7_Lrp6""]",Wnt3a,Fzd7_Lrp6,Wnt3a_Fzd7_Lrp6,Heart,Dorsal root ganglion,0.0005802289233542979,0.1345275193452835,0.0,0.0,True,True,True,observed
0.0,"[""Wnt3a"",""Fzd7_Lrp6""]",Wnt3a,Fzd7_Lrp6,Wnt3a_Fzd7_Lrp6,Heart,Epidermis,0.0005802289233542979,0.20572710037231445,0.0,0.0,True,True,True,observed
0.0,"[""Wnt3a"",""Fzd7_Lrp6""]",Wnt3a,Fzd7_Lrp6,Wnt3a_Fzd7_Lrp6,Heart,GI tract,0.0005802289233542979,0.21195538341999054,0.0423362049536827,5.206618418782209e-06,True,True,True,observed
0.0,"[""Wnt3a"",""Fzd7_Lrp6""]",Wnt3a,Fzd7_Lrp6,Wnt3a_Fzd7_Lrp6,Heart,Heart,0.0005802289233542979,0.08417846262454987,74.85797732141246,0.0036562716231036264,True,True,True,observed
0.0,"[""Wnt3a"",""Fzd7_Lrp6""]",Wnt3a,Fzd7_Lrp6,Wnt3a_Fzd7_Lrp6,Heart,Jaw and tooth,0.0005802289233542979,0.2186741679906845,0.0,0.0,True,True,True,observed
0.0,"[""Wnt3a"",""Fzd7_Lrp6""]",Wnt3a,Fzd7_Lrp6,Wnt3a_Fzd7_Lrp6,Heart,Kidney,0.0005802289233542979,0.22017186880111694,0.0,0.0,True,True,True,observed
0.0,"[""Wnt3a"",""Fzd7_Lrp6""]",Wnt3a,Fzd7_Lrp6,Wnt3a_Fzd7_Lrp6,Heart,Liver,0.0005802289233542979,0.044163767248392105,1.4333785980175704,3.673046291975881e-05,True,True,True,observed
0.0,"[""Wnt3a"",""Fzd7_Lrp6""]",Wnt3a,Fzd7_Lrp6,Wnt3a_Fzd7_Lrp6,Heart,Lung primordium,0.0005802289233542979,0.2471616268157959,0.0533143964333411,7.64583489952217e-06,True,True,True,observed
0.0,"[""Wnt3a"",""Fzd7_Lrp6""]",Wnt3a,Fzd7_Lrp6,Wnt3a_Fzd7_Lrp6,Heart,Meninges,0.0005802289233542979,0.09415308386087418,0.0027115534513424,1.4813309369717195e-07,True,True,True,observed
0.0,"[""Wnt3a"",""Fzd7_Lrp6""]",Wnt3a,Fzd7_Lrp6,Wnt3a_Fzd7_Lrp6,Heart,Mesentery,0.0005802289233542979,0.1379539668560028,0.004691025843987,3.7549260855210033e-07,True,True,True,observed
0.0,"[""Wnt3a"",""Fzd7_Lrp6""]",Wnt3a,Fzd7_Lrp6,Wnt3a_Fzd7_Lrp6,Heart,Mesothelium,0.0005802289233542979,0.20694556832313538,0.0232128317539508,2.7872994429612023e-06,True,True,True,observed
0.0,"[""Wnt3a"",""Fzd7_Lrp6""]",Wnt3a,Fzd7_Lrp6,Wnt3a_Fzd7_Lrp6,Heart,Mucosal epithelium,0.0005802289233542979,0.16626812517642975,0.0,0.0,True,True,True,observed
0.0,"[""Wnt3a"",""Fzd7_Lrp6""]",Wnt3a,Fzd7_Lrp6,Wnt3a_Fzd7_Lrp6,Heart,Muscle,0.0005802289233542979,0.183630108833313,0.0,0.0,True,True,True,observed
0.0,"[""Wnt3a"",""Fzd7_Lrp6""]",Wnt3a,Fzd7_Lrp6,Wnt3a_Fzd7_Lrp6,Heart,Ovary,0.0005802289233542979,0.09168989211320877,0.0,0.0,True,True,True,observed
0.0,"[""Wnt3a"",""Fzd7_Lrp6""]",Wnt3a,Fzd7_Lrp6,Wnt3a_Fzd7_Lrp6,Heart,Pancreas,0.0005802289233542979,0.4485943019390106,0.0,0.0,True,True,True,observed
0.0,"[""Wnt3a"",""Fzd7_Lrp6""]",Wnt3a,Fzd7_Lrp6,Wnt3a_Fzd7_Lrp6,Heart,Sympathetic nerve,0.0005802289233542979,0.09011421352624893,0.0,0.0,True,True,True,observed
0.0,"[""Wnt3a"",""Fzd7_Lrp6""]",Wnt3a,Fzd7_Lrp6,Wnt3a_Fzd7_Lrp6,Heart,Urogenital ridge,0.0005802289233542979,0.22845786809921265,0.0106903966420736,1.4170961317747588e-06,True,True,True,observed
0.0,"[""Wnt3a"",""Fzd7_Lrp6""]",Wnt3a,Fzd7_Lrp6,Wnt3a_Fzd7_Lrp6,Jaw and tooth,Blood vessel,0.005177232436835766,0.17154569923877716,0.2346078008806782,0.00020836268567522265,True,True,True,observed
0.0,"[""Wnt3a"",""Fzd7_Lrp6""]",Wnt3a,Fzd7_Lrp6,Wnt3a_Fzd7_Lrp6,Jaw and tooth,Brain,0.005177232436835766,0.05539463087916374,0.0,0.0,True,True,True,observed
0.0,"[""Wnt3a"",""Fzd7_Lrp6""]",Wnt3a,Fzd7_Lrp6,Wnt3a_Fzd7_Lrp6,Jaw and tooth,Cartilage primordium,0.005177232436835766,0.2643163502216339,0.9990307591358072,0.001367100846409064,True,True,True,observed
0.0,"[""Wnt3a"",""Fzd7_Lrp6""]",Wnt3a,Fzd7_Lrp6,Wnt3a_Fzd7_Lrp6,Jaw and tooth,Cavity,0.005177232436835766,0.09909687936306,0.3512477289501652,0.00018020679669583902,True,True,True,observed
0.0,"[""Wnt3a"",""Fzd7_Lrp6""]",Wnt3a,Fzd7_Lrp6,Wnt3a_Fzd7_Lrp6,Jaw and tooth,Choroid plexus,0.005177232436835766,0.06811472028493881,0.0,0.0,True,True,True,observed
0.0,"[""Wnt3a"",""Fzd7_Lrp6""]",Wnt3a,Fzd7_Lrp6,Wnt3a_Fzd7_Lrp6,Jaw and tooth,Connective tissue,0.005177232436835766,0.19814270734786987,0.1481832168274041,0.00015201091551145365,True,True,True,observed
0.0,"[""Wnt3a"",""Fzd7_Lrp6""]",Wnt3a,Fzd7_Lrp6,Wnt3a_Fzd7_Lrp6,Jaw and tooth,Dorsal root ganglion,0.005177232436835766,0.1345275193452835,0.0,0.0,True,True,True,observed
0.0,"[""Wnt3a"",""Fzd7_Lrp6""]",Wnt3a,Fzd7_Lrp6,Wnt3a_Fzd7_Lrp6,Jaw and tooth,Epidermis,0.005177232436835766,0.20572710037231445,1.2139922109067507,0.001293019482721042,True,True,True,observed
0.0,"[""Wnt3a"",""Fzd7_Lrp6""]",Wnt3a,Fzd7_Lrp6,Wnt3a_Fzd7_Lrp6,Jaw and tooth,GI tract,0.005177232436835766,0.21195538341999054,0.0,0.0,True,True,True,observed
0.0,"[""Wnt3a"",""Fzd7_Lrp6""]",Wnt3a,Fzd7_Lrp6,Wnt3a_Fzd7_Lrp6,Jaw and tooth,Heart,0.005177232436835766,0.08417846262454987,0.0,0.0,True,True,True,observed
0.0,"[""Wnt3a"",""Fzd7_Lrp6""]",Wnt3a,Fzd7_Lrp6,Wnt3a_Fzd7_Lrp6,Jaw and tooth,Jaw and tooth,0.005177232436835766,0.2186741679906845,46.89757453025581,0.05309401015477752,True,True,True,observed
0.0,"[""Wnt3a"",""Fzd7_Lrp6""]",Wnt3a,Fzd7_Lrp6,Wnt3a_Fzd7_Lrp6,Jaw and tooth,Kidney,0.005177232436835766,0.22017186880111694,0.0,0.0,True,True,True,observed
0.0,"[""Wnt3a"",""Fzd7_Lrp6""]",Wnt3a,Fzd7_Lrp6,Wnt3a_Fzd7_Lrp6,Jaw and tooth,Liver,0.005177232436835766,0.044163767248392105,0.0257414895963866,5.885690904033123e-06,True,True,True,observed
0.0,"[""Wnt3a"",""Fzd7_Lrp6""]",Wnt3a,Fzd7_Lrp6,Wnt3a_Fzd7_Lrp6,Jaw and tooth,Lung primordium,0.005177232436835766,0.2471616268157959,0.0188144580097479,2.407522866004263e-05,True,True,True,observed
0.0,"[""Wnt3a"",""Fzd7_Lrp6""]",Wnt3a,Fzd7_Lrp6,Wnt3a_Fzd7_Lrp6,Jaw and tooth,Meninges,0.005177232436835766,0.09415308386087418,0.6404536408507477,0.0003121906641886279,True,True,True,observed
0.0,"[""Wnt3a"",""Fzd7_Lrp6""]",Wnt3a,Fzd7_Lrp6,Wnt3a_Fzd7_Lrp6,Jaw and tooth,Mesentery,0.005177232436835766,0.1379539668560028,0.0136192393545742,9.727129754212637e-06,True,True,True,observed
0.0,"[""Wnt3a"",""Fzd7_Lrp6""]",Wnt3a,Fzd7_Lrp6,Wnt3a_Fzd7_Lrp6,Jaw and tooth,Mesothelium,0.005177232436835766,0.20694556832313538,0.0,0.0,True,True,True,observed
0.0,"[""Wnt3a"",""Fzd7_Lrp6""]",Wnt3a,Fzd7_Lrp6,Wnt3a_Fzd7_Lrp6,Jaw and tooth,Mucosal epithelium,0.005177232436835766,0.16626812517642975,0.163908708684627,0.00014109404750222001,True,True,True,observed
0.0,"[""Wnt3a"",""Fzd7_Lrp6""]",Wnt3a,Fzd7_Lrp6,Wnt3a_Fzd7_Lrp6,Jaw and tooth,Muscle,0.005177232436835766,0.183630108833313,0.7997924039067974,0.000760359243940473,True,True,True,observed
0.0,"[""Wnt3a"",""Fzd7_Lrp6""]",Wnt3a,Fzd7_Lrp6,Wnt3a_Fzd7_Lrp6,Jaw and tooth,Ovary,0.005177232436835766,0.09168989211320877,0.0,0.0,True,True,True,observed
0.0,"[""Wnt3a"",""Fzd7_Lrp6""]",Wnt3a,Fzd7_Lrp6,Wnt3a_Fzd7_Lrp6,Jaw and tooth,Pancreas,0.005177232436835766,0.4485943019390106,0.0,0.0,True,True,True,observed
0.0,"[""Wnt3a"",""Fzd7_Lrp6""]",Wnt3a,Fzd7_Lrp6,Wnt3a_Fzd7_Lrp6,Jaw and tooth,Sympathetic nerve,0.005177232436835766,0.09011421352624893,0.0104229055859376,4.862725607722096e-06,True,True,True,observed
0.0,"[""Wnt3a"",""Fzd7_Lrp6""]",Wnt3a,Fzd7_Lrp6,Wnt3a_Fzd7_Lrp6,Jaw and tooth,Urogenital ridge,0.005177232436835766,0.22845786809921265,0.001765116796274,2.0877439355682195e-06,True,True,True,observed
0.0,"[""Wnt3a"",""Fzd7_Lrp6""]",Wnt3a,Fzd7_Lrp6,Wnt3a_Fzd7_Lrp6,Kidney,Blood vessel,0.0,0.17154569923877716,0.0129208779872808,0.0,True,True,True,observed
0.0,"[""Wnt3a"",""Fzd7_Lrp6""]",Wnt3a,Fzd7_Lrp6,Wnt3a_Fzd7_Lrp6,Kidney,Brain,0.0,0.05539463087916374,0.0,0.0,True,True,True,observed
0.0,"[""Wnt3a"",""Fzd7_Lrp6""]",Wnt3a,Fzd7_Lrp6,Wnt3a_Fzd7_Lrp6,Kidney,Cartilage primordium,0.0,0.2643163502216339,0.0545738863765745,0.0,True,True,True,observed
0.0,"[""Wnt3a"",""Fzd7_Lrp6""]",Wnt3a,Fzd7_Lrp6,Wnt3a_Fzd7_Lrp6,Kidney,Cavity,0.0,0.09909687936306,0.6082645860829747,0.0,True,True,True,observed
0.0,"[""Wnt3a"",""Fzd7_Lrp6""]",Wnt3a,Fzd7_Lrp6,Wnt3a_Fzd7_Lrp6,Kidney,Choroid plexus,0.0,0.06811472028493881,0.0,0.0,True,True,True,observed
0.0,"[""Wnt3a"",""Fzd7_Lrp6""]",Wnt3a,Fzd7_Lrp6,Wnt3a_Fzd7_Lrp6,Kidney,Connective tissue,0.0,0.19814270734786987,0.1021275215579154,0.0,True,True,True,observed
0.0,"[""Wnt3a"",""Fzd7_Lrp6""]",Wnt3a,Fzd7_Lrp6,Wnt3a_Fzd7_Lrp6,Kidney,Dorsal root ganglion,0.0,0.1345275193452835,0.0,0.0,True,True,True,observed
0.0,"[""Wnt3a"",""Fzd7_Lrp6""]",Wnt3a,Fzd7_Lrp6,Wnt3a_Fzd7_Lrp6,Kidney,Epidermis,0.0,0.20572710037231445,0.0,0.0,True,True,True,observed
0.0,"[""Wnt3a"",""Fzd7_Lrp6""]",Wnt3a,Fzd7_Lrp6,Wnt3a_Fzd7_Lrp6,Kidney,GI tract,0.0,0.21195538341999054,0.2766927480697632,0.0,True,True,True,observed
0.0,"[""Wnt3a"",""Fzd7_Lrp6""]",Wnt3a,Fzd7_Lrp6,Wnt3a_Fzd7_Lrp6,Kidney,Heart,0.0,0.08417846262454987,0.0,0.0,True,True,True,observed
0.0,"[""Wnt3a"",""Fzd7_Lrp6""]",Wnt3a,Fzd7_Lrp6,Wnt3a_Fzd7_Lrp6,Kidney,Jaw and tooth,0.0,0.2186741679906845,0.0,0.0,True,True,True,observed
0.0,"[""Wnt3a"",""Fzd7_Lrp6""]",Wnt3a,Fzd7_Lrp6,Wnt3a_Fzd7_Lrp6,Kidney,Kidney,0.0,0.22017186880111694,17.542770293870365,0.0,True,True,True,observed
0.0,"[""Wnt3a"",""Fzd7_Lrp6""]",Wnt3a,Fzd7_Lrp6,Wnt3a_Fzd7_Lrp6,Kidney,Liver,0.0,0.044163767248392105,0.0,0.0,True,True,True,observed
0.0,"[""Wnt3a"",""Fzd7_Lrp6""]",Wnt3a,Fzd7_Lrp6,Wnt3a_Fzd7_Lrp6,Kidney,Lung primordium,0.0,0.2471616268157959,0.0,0.0,True,True,True,observed
0.0,"[""Wnt3a"",""Fzd7_Lrp6""]",Wnt3a,Fzd7_Lrp6,Wnt3a_Fzd7_Lrp6,Kidney,Meninges,0.0,0.09415308386087418,0.0,0.0,True,True,True,observed
0.0,"[""Wnt3a"",""Fzd7_Lrp6""]",Wnt3a,Fzd7_Lrp6,Wnt3a_Fzd7_Lrp6,Kidney,Mesentery,0.0,0.1379539668560028,0.0,0.0,True,True,True,observed
0.0,"[""Wnt3a"",""Fzd7_Lrp6""]",Wnt3a,Fzd7_Lrp6,Wnt3a_Fzd7_Lrp6,Kidney,Mesothelium,0.0,0.20694556832313538,0.1337643229871764,0.0,True,True,True,observed
0.0,"[""Wnt3a"",""Fzd7_Lrp6""]",Wnt3a,Fzd7_Lrp6,Wnt3a_Fzd7_Lrp6,Kidney,Mucosal epithelium,0.0,0.16626812517642975,0.0636189248328818,0.0,True,True,True,observed
0.0,"[""Wnt3a"",""Fzd7_Lrp6""]",Wnt3a,Fzd7_Lrp6,Wnt3a_Fzd7_Lrp6,Kidney,Muscle,0.0,0.183630108833313,0.3370940927276037,0.0,True,True,True,observed
0.0,"[""Wnt3a"",""Fzd7_Lrp6""]",Wnt3a,Fzd7_Lrp6,Wnt3a_Fzd7_Lrp6,Kidney,Ovary,0.0,0.09168989211320877,0.4928397531796218,0.0,True,True,True,observed
0.0,"[""Wnt3a"",""Fzd7_Lrp6""]",Wnt3a,Fzd7_Lrp6,Wnt3a_Fzd7_Lrp6,Kidney,Pancreas,0.0,0.4485943019390106,0.1329278340913299,0.0,True,True,True,observed
0.0,"[""Wnt3a"",""Fzd7_Lrp6""]",Wnt3a,Fzd7_Lrp6,Wnt3a_Fzd7_Lrp6,Kidney,Sympathetic nerve,0.0,0.09011421352624893,0.0,0.0,True,True,True,observed
0.0,"[""Wnt3a"",""Fzd7_Lrp6""]",Wnt3a,Fzd7_Lrp6,Wnt3a_Fzd7_Lrp6,Kidney,Urogenital ridge,0.0,0.22845786809921265,4.497670056228351,0.0,True,True,True,observed
0.0,"[""Wnt3a"",""Fzd7_Lrp6""]",Wnt3a,Fzd7_Lrp6,Wnt3a_Fzd7_Lrp6,Liver,Blood vessel,0.0005932506755925715,0.17154569923877716,0.0169793044544751,1.7279770560322906e-06,True,True,True,observed
0.0,"[""Wnt3a"",""Fzd7_Lrp6""]",Wnt3a,Fzd7_Lrp6,Wnt3a_Fzd7_Lrp6,Liver,Brain,0.0005932506755925715,0.05539463087916374,0.0,0.0,True,True,True,observed
0.0,"[""Wnt3a"",""Fzd7_Lrp6""]",Wnt3a,Fzd7_Lrp6,Wnt3a_Fzd7_Lrp6,Liver,Cartilage primordium,0.0005932506755925715,0.2643163502216339,0.0288010193302215,4.516168413112652e-06,True,True,True,observed
0.0,"[""Wnt3a"",""Fzd7_Lrp6""]",Wnt3a,Fzd7_Lrp6,Wnt3a_Fzd7_Lrp6,Liver,Cavity,0.0005932506755925715,0.09909687936306,1.8827676521972645,0.00011068657469614289,True,True,True,observed
0.0,"[""Wnt3a"",""Fzd7_Lrp6""]",Wnt3a,Fzd7_Lrp6,Wnt3a_Fzd7_Lrp6,Liver,Choroid plexus,0.0005932506755925715,0.06811472028493881,0.0,0.0,True,True,True,observed
0.0,"[""Wnt3a"",""Fzd7_Lrp6""]",Wnt3a,Fzd7_Lrp6,Wnt3a_Fzd7_Lrp6,Liver,Connective tissue,0.0005932506755925715,0.19814270734786987,1.3847031951200888,0.0001627694996644624,True,True,True,observed
0.0,"[""Wnt3a"",""Fzd7_Lrp6""]",Wnt3a,Fzd7_Lrp6,Wnt3a_Fzd7_Lrp6,Liver,Dorsal root ganglion,0.0005932506755925715,0.1345275193452835,0.0,0.0,True,True,True,observed
0.0,"[""Wnt3a"",""Fzd7_Lrp6""]",Wnt3a,Fzd7_Lrp6,Wnt3a_Fzd7_Lrp6,Liver,Epidermis,0.0005932506755925715,0.20572710037231445,0.0,0.0,True,True,True,observed
0.0,"[""Wnt3a"",""Fzd7_Lrp6""]",Wnt3a,Fzd7_Lrp6,Wnt3a_Fzd7_Lrp6,Liver,GI tract,0.0005932506755925715,0.21195538341999054,0.0053968581392516,6.786153758375906e-07,True,True,True,observed
0.0,"[""Wnt3a"",""Fzd7_Lrp6""]",Wnt3a,Fzd7_Lrp6,Wnt3a_Fzd7_Lrp6,Liver,Heart,0.0005932506755925715,0.08417846262454987,1.224957087725672,6.117304603933266e-05,True,True,True,observed
0.0,"[""Wnt3a"",""Fzd7_Lrp6""]",Wnt3a,Fzd7_Lrp6,Wnt3a_Fzd7_Lrp6,Liver,Jaw and tooth,0.0005932506755925715,0.2186741679906845,0.0477666351826896,6.196698608417891e-06,True,True,True,observed
0.0,"[""Wnt3a"",""Fzd7_Lrp6""]",Wnt3a,Fzd7_Lrp6,Wnt3a_Fzd7_Lrp6,Liver,Kidney,0.0005932506755925715,0.22017186880111694,0.0,0.0,True,True,True,observed
0.0,"[""Wnt3a"",""Fzd7_Lrp6""]",Wnt3a,Fzd7_Lrp6,Wnt3a_Fzd7_Lrp6,Liver,Liver,0.0005932506755925715,0.044163767248392105,21.586049718569843,0.0005655584907964689,True,True,True,observed
0.0,"[""Wnt3a"",""Fzd7_Lrp6""]",Wnt3a,Fzd7_Lrp6,Wnt3a_Fzd7_Lrp6,Liver,Lung primordium,0.0005932506755925715,0.2471616268157959,0.0,0.0,True,True,True,observed
0.0,"[""Wnt3a"",""Fzd7_Lrp6""]",Wnt3a,Fzd7_Lrp6,Wnt3a_Fzd7_Lrp6,Liver,Meninges,0.0005932506755925715,0.09415308386087418,0.0184196646685697,1.028855800428603e-06,True,True,True,observed
0.0,"[""Wnt3a"",""Fzd7_Lrp6""]",Wnt3a,Fzd7_Lrp6,Wnt3a_Fzd7_Lrp6,Liver,Mesentery,0.0005932506755925715,0.1379539668560028,0.00349194341143,2.857851325794614e-07,True,True,True,observed
0.0,"[""Wnt3a"",""Fzd7_Lrp6""]",Wnt3a,Fzd7_Lrp6,Wnt3a_Fzd7_Lrp6,Liver,Mesothelium,0.0005932506755925715,0.20694556832313538,0.0,0.0,True,True,True,observed
0.0,"[""Wnt3a"",""Fzd7_Lrp6""]",Wnt3a,Fzd7_Lrp6,Wnt3a_Fzd7_Lrp6,Liver,Mucosal epithelium,0.0005932506755925715,0.16626812517642975,0.0,0.0,True,True,True,observed
0.0,"[""Wnt3a"",""Fzd7_Lrp6""]",Wnt3a,Fzd7_Lrp6,Wnt3a_Fzd7_Lrp6,Liver,Muscle,0.0005932506755925715,0.183630108833313,0.0,0.0,True,True,True,observed
0.0,"[""Wnt3a"",""Fzd7_Lrp6""]",Wnt3a,Fzd7_Lrp6,Wnt3a_Fzd7_Lrp6,Liver,Ovary,0.0005932506755925715,0.09168989211320877,0.0157466129959672,8.565384380577561e-07,True,True,True,observed
0.0,"[""Wnt3a"",""Fzd7_Lrp6""]",Wnt3a,Fzd7_Lrp6,Wnt3a_Fzd7_Lrp6,Liver,Pancreas,0.0005932506755925715,0.4485943019390106,0.043374428013307,1.1543187630854538e-05,True,True,True,observed
0.0,"[""Wnt3a"",""Fzd7_Lrp6""]",Wnt3a,Fzd7_Lrp6,Wnt3a_Fzd7_Lrp6,Liver,Sympathetic nerve,0.0005932506755925715,0.09011421352624893,0.0,0.0,True,True,True,observed
0.0,"[""Wnt3a"",""Fzd7_Lrp6""]",Wnt3a,Fzd7_Lrp6,Wnt3a_Fzd7_Lrp6,Liver,Urogenital ridge,0.0005932506755925715,0.22845786809921265,0.0003641107184141,4.934893956729276e-08,True,True,True,observed
0.0,"[""Wnt3a"",""Fzd7_Lrp6""]",Wnt3a,Fzd7_Lrp6,Wnt3a_Fzd7_Lrp6,Lung primordium,Blood vessel,0.0015369639731943607,0.17154569923877716,0.406018356171747,0.00010705062093164959,True,True,True,observed
0.0,"[""Wnt3a"",""Fzd7_Lrp6""]",Wnt3a,Fzd7_Lrp6,Wnt3a_Fzd7_Lrp6,Lung primordium,Brain,0.0015369639731943607,0.05539463087916374,0.035846845453812,3.0519843614637176e-06,True,True,True,observed
0.0,"[""Wnt3a"",""Fzd7_Lrp6""]",Wnt3a,Fzd7_Lrp6,Wnt3a_Fzd7_Lrp6,Lung primordium,Cartilage primordium,0.0015369639731943607,0.2643163502216339,0.0,0.0,True,True,True,observed
0.0,"[""Wnt3a"",""Fzd7_Lrp6""]",Wnt3a,Fzd7_Lrp6,Wnt3a_Fzd7_Lrp6,Lung primordium,Cavity,0.0015369639731943607,0.09909687936306,2.3291706889867783,0.00035475210592991074,True,True,True,observed
0.0,"[""Wnt3a"",""Fzd7_Lrp6""]",Wnt3a,Fzd7_Lrp6,Wnt3a_Fzd7_Lrp6,Lung primordium,Choroid plexus,0.0015369639731943607,0.06811472028493881,0.0,0.0,True,True,True,observed
0.0,"[""Wnt3a"",""Fzd7_Lrp6""]",Wnt3a,Fzd7_Lrp6,Wnt3a_Fzd7_Lrp6,Lung primordium,Connective tissue,0.0015369639731943607,0.19814270734786987,0.0,0.0,True,True,True,observed
0.0,"[""Wnt3a"",""Fzd7_Lrp6""]",Wnt3a,Fzd7_Lrp6,Wnt3a_Fzd7_Lrp6,Lung primordium,Dorsal root ganglion,0.0015369639731943607,0.1345275193452835,0.0,0.0,True,True,True,observed
0.0,"[""Wnt3a"",""Fzd7_Lrp6""]",Wnt3a,Fzd7_Lrp6,Wnt3a_Fzd7_Lrp6,Lung primordium,Epidermis,0.0015369639731943607,0.20572710037231445,0.0315006474653879,9.960351685242602e-06,True,True,True,observed
0.0,"[""Wnt3a"",""Fzd7_Lrp6""]",Wnt3a,Fzd7_Lrp6,Wnt3a_Fzd7_Lrp6,Lung primordium,GI tract,0.0015369639731943607,0.21195538341999054,0.5977328648376796,0.00019472211333720088,True,True,True,observed
0.0,"[""Wnt3a"",""Fzd7_Lrp6""]",Wnt3a,Fzd7_Lrp6,Wnt3a_Fzd7_Lrp6,Lung primordium,Heart,0.0015369639731943607,0.08417846262454987,0.1530879201988379,1.9806402499690797e-05,True,True,True,observed
0.0,"[""Wnt3a"",""Fzd7_Lrp6""]",Wnt3a,Fzd7_Lrp6,Wnt3a_Fzd7_Lrp6,Lung primordium,Jaw and tooth,0.0015369639731943607,0.2186741679906845,0.0838164691295888,2.8170239035138786e-05,True,True,True,observed
0.0,"[""Wnt3a"",""Fzd7_Lrp6""]",Wnt3a,Fzd7_Lrp6,Wnt3a_Fzd7_Lrp6,Lung primordium,Kidney,0.0015369639731943607,0.22017186880111694,0.0,0.0,True,True,True,observed
0.0,"[""Wnt3a"",""Fzd7_Lrp6""]",Wnt3a,Fzd7_Lrp6,Wnt3a_Fzd7_Lrp6,Lung primordium,Liver,0.0015369639731943607,0.044163767248392105,0.0,0.0,True,True,True,observed
0.0,"[""Wnt3a"",""Fzd7_Lrp6""]",Wnt3a,Fzd7_Lrp6,Wnt3a_Fzd7_Lrp6,Lung primordium,Lung primordium,0.0015369639731943607,0.2471616268157959,23.63119583214737,0.00897698360335956,True,True,True,observed
0.0,"[""Wnt3a"",""Fzd7_Lrp6""]",Wnt3a,Fzd7_Lrp6,Wnt3a_Fzd7_Lrp6,Lung primordium,Meninges,0.0015369639731943607,0.09415308386087418,0.0,0.0,True,True,True,observed
0.0,"[""Wnt3a"",""Fzd7_Lrp6""]",Wnt3a,Fzd7_Lrp6,Wnt3a_Fzd7_Lrp6,Lung primordium,Mesentery,0.0015369639731943607,0.1379539668560028,0.1220567389908764,2.5879724180018064e-05,True,True,True,observed
0.0,"[""Wnt3a"",""Fzd7_Lrp6""]",Wnt3a,Fzd7_Lrp6,Wnt3a_Fzd7_Lrp6,Lung primordium,Mesothelium,0.0015369639731943607,0.20694556832313538,1.3256505493902495,0.00042164686374277557,True,True,True,observed
0.0,"[""Wnt3a"",""Fzd7_Lrp6""]",Wnt3a,Fzd7_Lrp6,Wnt3a_Fzd7_Lrp6,Lung primordium,Mucosal epithelium,0.0015369639731943607,0.16626812517642975,0.0408590247647629,1.0441446893666582e-05,True,True,True,observed
0.0,"[""Wnt3a"",""Fzd7_Lrp6""]",Wnt3a,Fzd7_Lrp6,Wnt3a_Fzd7_Lrp6,Lung primordium,Muscle,0.0015369639731943607,0.183630108833313,0.034230057357086,9.660847043037843e-06,True,True,True,observed
0.0,"[""Wnt3a"",""Fzd7_Lrp6""]",Wnt3a,Fzd7_Lrp6,Wnt3a_Fzd7_Lrp6,Lung primordium,Ovary,0.0015369639731943607,0.09168989211320877,0.0,0.0,True,True,True,observed
0.0,"[""Wnt3a"",""Fzd7_Lrp6""]",Wnt3a,Fzd7_Lrp6,Wnt3a_Fzd7_Lrp6,Lung primordium,Pancreas,0.0015369639731943607,0.4485943019390106,0.0054407263588574,3.7512354518176453e-06,True,True,True,observed
0.0,"[""Wnt3a"",""Fzd7_Lrp6""]",Wnt3a,Fzd7_Lrp6,Wnt3a_Fzd7_Lrp6,Lung primordium,Sympathetic nerve,0.0015369639731943607,0.09011421352624893,0.0033496928711732,4.639401658208672e-07,True,True,True,observed
0.0,"[""Wnt3a"",""Fzd7_Lrp6""]",Wnt3a,Fzd7_Lrp6,Wnt3a_Fzd7_Lrp6,Lung primordium,Urogenital ridge,0.0015369639731943607,0.22845786809921265,0.336541273113754,0.00011817024630138508,True,True,True,observed
0.0,"[""Wnt3a"",""Fzd7_Lrp6""]",Wnt3a,Fzd7_Lrp6,Wnt3a_Fzd7_Lrp6,Meninges,Blood vessel,0.004668311215937138,0.17154569923877716,0.0678890613046022,5.436750951002261e-05,True,True,True,observed
0.0,"[""Wnt3a"",""Fzd7_Lrp6""]",Wnt3a,Fzd7_Lrp6,Wnt3a_Fzd7_Lrp6,Meninges,Brain,0.004668311215937138,0.05539463087916374,1.4227152012418012,0.0003679132641715457,True,True,True,observed
0.0,"[""Wnt3a"",""Fzd7_Lrp6""]",Wnt3a,Fzd7_Lrp6,Wnt3a_Fzd7_Lrp6,Meninges,Cartilage primordium,0.004668311215937138,0.2643163502216339,0.6629013306578364,0.0008179612320768207,True,True,True,observed
0.0,"[""Wnt3a"",""Fzd7_Lrp6""]",Wnt3a,Fzd7_Lrp6,Wnt3a_Fzd7_Lrp6,Meninges,Cavity,0.004668311215937138,0.09909687936306,1.361719393012525,0.0006299519169418058,True,True,True,observed
0.0,"[""Wnt3a"",""Fzd7_Lrp6""]",Wnt3a,Fzd7_Lrp6,Wnt3a_Fzd7_Lrp6,Meninges,Choroid plexus,0.004668311215937138,0.06811472028493881,0.5120751738058347,0.0001628300287107735,True,True,True,observed
0.0,"[""Wnt3a"",""Fzd7_Lrp6""]",Wnt3a,Fzd7_Lrp6,Wnt3a_Fzd7_Lrp6,Meninges,Connective tissue,0.004668311215937138,0.19814270734786987,0.2334241198420012,0.00021591540216074523,True,True,True,observed
0.0,"[""Wnt3a"",""Fzd7_Lrp6""]",Wnt3a,Fzd7_Lrp6,Wnt3a_Fzd7_Lrp6,Meninges,Dorsal root ganglion,0.004668311215937138,0.1345275193452835,0.1493248407882595,9.377843810319258e-05,True,True,True,observed
0.0,"[""Wnt3a"",""Fzd7_Lrp6""]",Wnt3a,Fzd7_Lrp6,Wnt3a_Fzd7_Lrp6,Meninges,Epidermis,0.004668311215937138,0.20572710037231445,0.1050785859455555,0.00010091727745464446,True,True,True,observed
0.0,"[""Wnt3a"",""Fzd7_Lrp6""]",Wnt3a,Fzd7_Lrp6,Wnt3a_Fzd7_Lrp6,Meninges,GI tract,0.004668311215937138,0.21195538341999054,0.0025540800511491,2.5271950222103616e-06,True,True,True,observed
0.0,"[""Wnt3a"",""Fzd7_Lrp6""]",Wnt3a,Fzd7_Lrp6,Wnt3a_Fzd7_Lrp6,Meninges,Heart,0.004668311215937138,0.08417846262454987,0.0007414783069447,2.9137966544030817e-07,True,True,True,observed
0.0,"[""Wnt3a"",""Fzd7_Lrp6""]",Wnt3a,Fzd7_Lrp6,Wnt3a_Fzd7_Lrp6,Meninges,Jaw and tooth,0.004668311215937138,0.2186741679906845,0.3095789810173894,0.000316030319403547,True,True,True,observed
0.0,"[""Wnt3a"",""Fzd7_Lrp6""]",Wnt3a,Fzd7_Lrp6,Wnt3a_Fzd7_Lrp6,Meninges,Kidney,0.004668311215937138,0.22017186880111694,0.0,0.0,True,True,True,observed
0.0,"[""Wnt3a"",""Fzd7_Lrp6""]",Wnt3a,Fzd7_Lrp6,Wnt3a_Fzd7_Lrp6,Meninges,Liver,0.004668311215937138,0.044163767248392105,0.0056240507626831,1.1595117267013971e-06,True,True,True,observed
0.0,"[""Wnt3a"",""Fzd7_Lrp6""]",Wnt3a,Fzd7_Lrp6,Wnt3a_Fzd7_Lrp6,Meninges,Lung primordium,0.004668311215937138,0.2471616268157959,0.0,0.0,True,True,True,observed
0.0,"[""Wnt3a"",""Fzd7_Lrp6""]",Wnt3a,Fzd7_Lrp6,Wnt3a_Fzd7_Lrp6,Meninges,Meninges,0.004668311215937138,0.09415308386087418,26.77382350972773,0.011768056543252062,True,True,True,observed
0.0,"[""Wnt3a"",""Fzd7_Lrp6""]",Wnt3a,Fzd7_Lrp6,Wnt3a_Fzd7_Lrp6,Meninges,Mesentery,0.004668311215937138,0.1379539668560028,0.0005163367877335,3.3252711354948053e-07,True,True,True,observed
0.0,"[""Wnt3a"",""Fzd7_Lrp6""]",Wnt3a,Fzd7_Lrp6,Wnt3a_Fzd7_Lrp6,Meninges,Mesothelium,0.004668311215937138,0.20694556832313538,0.0087825355408638,8.484687420666763e-06,True,True,True,observed
0.0,"[""Wnt3a"",""Fzd7_Lrp6""]",Wnt3a,Fzd7_Lrp6,Wnt3a_Fzd7_Lrp6,Meninges,Mucosal epithelium,0.004668311215937138,0.16626812517642975,0.0516718650630271,4.0107254887029256e-05,True,True,True,observed
0.0,"[""Wnt3a"",""Fzd7_Lrp6""]",Wnt3a,Fzd7_Lrp6,Wnt3a_Fzd7_Lrp6,Meninges,Muscle,0.004668311215937138,0.183630108833313,0.0767081525645121,6.575748821783541e-05,True,True,True,observed
0.0,"[""Wnt3a"",""Fzd7_Lrp6""]",Wnt3a,Fzd7_Lrp6,Wnt3a_Fzd7_Lrp6,Meninges,Ovary,0.004668311215937138,0.09168989211320877,0.0032108809910999,1.3743757118308203e-06,True,True,True,observed
0.0,"[""Wnt3a"",""Fzd7_Lrp6""]",Wnt3a,Fzd7_Lrp6,Wnt3a_Fzd7_Lrp6,Meninges,Pancreas,0.004668311215937138,0.4485943019390106,0.0,0.0,True,True,True,observed
0.0,"[""Wnt3a"",""Fzd7_Lrp6""]",Wnt3a,Fzd7_Lrp6,Wnt3a_Fzd7_Lrp6,Meninges,Sympathetic nerve,0.004668311215937138,0.09011421352624893,0.0006166508258803,2.594134055397127e-07,True,True,True,observed
0.0,"[""Wnt3a"",""Fzd7_Lrp6""]",Wnt3a,Fzd7_Lrp6,Wnt3a_Fzd7_Lrp6,Meninges,Urogenital ridge,0.004668311215937138,0.22845786809921265,0.0043750127720739,4.6660054941483524e-06,True,True,True,observed
0.0,"[""Wnt3a"",""Fzd7_Lrp6""]",Wnt3a,Fzd7_Lrp6,Wnt3a_Fzd7_Lrp6,Mesentery,Blood vessel,0.0013923296937718987,0.17154569923877716,0.0839049735115569,2.0040549451726438e-05,True,True,True,observed
0.0,"[""Wnt3a"",""Fzd7_Lrp6""]",Wnt3a,Fzd7_Lrp6,Wnt3a_Fzd7_Lrp6,Mesentery,Brain,0.0013923296937718987,0.05539463087916374,0.0,0.0,True,True,True,observed
0.0,"[""Wnt3a"",""Fzd7_Lrp6""]",Wnt3a,Fzd7_Lrp6,Wnt3a_Fzd7_Lrp6,Mesentery,Cartilage primordium,0.0013923296937718987,0.2643163502216339,0.0120461497057988,4.433169842747062e-06,True,True,True,observed
0.0,"[""Wnt3a"",""Fzd7_Lrp6""]",Wnt3a,Fzd7_Lrp6,Wnt3a_Fzd7_Lrp6,Mesentery,Cavity,0.0013923296937718987,0.09909687936306,3.672737551583248,0.0005067479017734621,True,True,True,observed
0.0,"[""Wnt3a"",""Fzd7_Lrp6""]",Wnt3a,Fzd7_Lrp6,Wnt3a_Fzd7_Lrp6,Mesentery,Choroid plexus,0.0013923296937718987,0.06811472028493881,0.0,0.0,True,True,True,observed
0.0,"[""Wnt3a"",""Fzd7_Lrp6""]",Wnt3a,Fzd7_Lrp6,Wnt3a_Fzd7_Lrp6,Mesentery,Connective tissue,0.0013923296937718987,0.19814270734786987,0.7729842634600343,0.00021325087931337323,True,True,True,observed
0.0,"[""Wnt3a"",""Fzd7_Lrp6""]",Wnt3a,Fzd7_Lrp6,Wnt3a_Fzd7_Lrp6,Mesentery,Dorsal root ganglion,0.0013923296937718987,0.1345275193452835,0.0,0.0,True,True,True,observed
0.0,"[""Wnt3a"",""Fzd7_Lrp6""]",Wnt3a,Fzd7_Lrp6,Wnt3a_Fzd7_Lrp6,Mesentery,Epidermis,0.0013923296937718987,0.20572710037231445,0.5487816422020347,0.0001571929865165431,True,True,True,observed
0.0,"[""Wnt3a"",""Fzd7_Lrp6""]",Wnt3a,Fzd7_Lrp6,Wnt3a_Fzd7_Lrp6,Mesentery,GI tract,0.0013923296937718987,0.21195538341999054,3.702564397483196,0.001092670348025444,True,True,True,observed
0.0,"[""Wnt3a"",""Fzd7_Lrp6""]",Wnt3a,Fzd7_Lrp6,Wnt3a_Fzd7_Lrp6,Mesentery,Heart,0.0013923296937718987,0.08417846262454987,0.0083689631767643,9.808774087384956e-07,True,True,True,observed
0.0,"[""Wnt3a"",""Fzd7_Lrp6""]",Wnt3a,Fzd7_Lrp6,Wnt3a_Fzd7_Lrp6,Mesentery,Jaw and tooth,0.0013923296937718987,0.2186741679906845,0.0402400027779699,1.2251734308935687e-05,True,True,True,observed
0.0,"[""Wnt3a"",""Fzd7_Lrp6""]",Wnt3a,Fzd7_Lrp6,Wnt3a_Fzd7_Lrp6,Mesentery,Kidney,0.0013923296937718987,0.22017186880111694,0.0,0.0,True,True,True,observed
0.0,"[""Wnt3a"",""Fzd7_Lrp6""]",Wnt3a,Fzd7_Lrp6,Wnt3a_Fzd7_Lrp6,Mesentery,Liver,0.0013923296937718987,0.044163767248392105,0.0064421695412941,3.9613238419742173e-07,True,True,True,observed
0.0,"[""Wnt3a"",""Fzd7_Lrp6""]",Wnt3a,Fzd7_Lrp6,Wnt3a_Fzd7_Lrp6,Mesentery,Lung primordium,0.0013923296937718987,0.2471616268157959,0.0743249272837222,2.5577472320638885e-05,True,True,True,observed
0.0,"[""Wnt3a"",""Fzd7_Lrp6""]",Wnt3a,Fzd7_Lrp6,Wnt3a_Fzd7_Lrp6,Mesentery,Meninges,0.0013923296937718987,0.09415308386087418,0.003218259047536,4.2188844765697554e-07,True,True,True,observed
0.0,"[""Wnt3a"",""Fzd7_Lrp6""]",Wnt3a,Fzd7_Lrp6,Wnt3a_Fzd7_Lrp6,Mesentery,Mesentery,0.0013923296937718987,0.1379539668560028,31.24059443038355,0.00600061229095207,True,True,True,observed
0.0,"[""Wnt3a"",""Fzd7_Lrp6""]",Wnt3a,Fzd7_Lrp6,Wnt3a_Fzd7_Lrp6,Mesentery,Mesothelium,0.0013923296937718987,0.20694556832313538,0.0,0.0,True,True,True,observed
0.0,"[""Wnt3a"",""Fzd7_Lrp6""]",Wnt3a,Fzd7_Lrp6,Wnt3a_Fzd7_Lrp6,Mesentery,Mucosal epithelium,0.0013923296937718987,0.16626812517642975,0.0817382138547966,1.892240041536512e-05,True,True,True,observed
0.0,"[""Wnt3a"",""Fzd7_Lrp6""]",Wnt3a,Fzd7_Lrp6,Wnt3a_Fzd7_Lrp6,Mesentery,Muscle,0.0013923296937718987,0.183630108833313,0.6756917189047175,0.00017275657020880735,True,True,True,observed
0.0,"[""Wnt3a"",""Fzd7_Lrp6""]",Wnt3a,Fzd7_Lrp6,Wnt3a_Fzd7_Lrp6,Mesentery,Ovary,0.0013923296937718987,0.09168989211320877,0.0,0.0,True,True,True,observed
0.0,"[""Wnt3a"",""Fzd7_Lrp6""]",Wnt3a,Fzd7_Lrp6,Wnt3a_Fzd7_Lrp6,Mesentery,Pancreas,0.0013923296937718987,0.4485943019390106,0.0073010378960266,4.560163780130425e-06,True,True,True,observed
0.0,"[""Wnt3a"",""Fzd7_Lrp6""]",Wnt3a,Fzd7_Lrp6,Wnt3a_Fzd7_Lrp6,Mesentery,Sympathetic nerve,0.0013923296937718987,0.09011421352624893,0.0015550805527029,1.9511392807057654e-07,True,True,True,observed
0.0,"[""Wnt3a"",""Fzd7_Lrp6""]",Wnt3a,Fzd7_Lrp6,Wnt3a_Fzd7_Lrp6,Mesentery,Urogenital ridge,0.0013923296937718987,0.22845786809921265,0.0,0.0,True,True,True,observed
0.0,"[""Wnt3a"",""Fzd7_Lrp6""]",Wnt3a,Fzd7_Lrp6,Wnt3a_Fzd7_Lrp6,Mesothelium,Blood vessel,0.001302088494412601,0.17154569923877716,0.9011172635268562,0.00020128047368363184,True,True,True,observed
0.0,"[""Wnt3a"",""Fzd7_Lrp6""]",Wnt3a,Fzd7_Lrp6,Wnt3a_Fzd7_Lrp6,Mesothelium,Brain,0.001302088494412601,0.05539463087916374,0.0,0.0,True,True,True,observed
0.0,"[""Wnt3a"",""Fzd7_Lrp6""]",Wnt3a,Fzd7_Lrp6,Wnt3a_Fzd7_Lrp6,Mesothelium,Cartilage primordium,0.001302088494412601,0.2643163502216339,0.0785520499265646,2.7034731036307216e-05,True,True,True,observed
0.0,"[""Wnt3a"",""Fzd7_Lrp6""]",Wnt3a,Fzd7_Lrp6,Wnt3a_Fzd7_Lrp6,Mesothelium,Cavity,0.001302088494412601,0.09909687936306,0.3226413796596889,4.163135495879664e-05,True,True,True,observed
0.0,"[""Wnt3a"",""Fzd7_Lrp6""]",Wnt3a,Fzd7_Lrp6,Wnt3a_Fzd7_Lrp6,Mesothelium,Choroid plexus,0.001302088494412601,0.06811472028493881,0.0,0.0,True,True,True,observed
0.0,"[""Wnt3a"",""Fzd7_Lrp6""]",Wnt3a,Fzd7_Lrp6,Wnt3a_Fzd7_Lrp6,Mesothelium,Connective tissue,0.001302088494412601,0.19814270734786987,0.0204179085130932,5.267806910133543e-06,True,True,True,observed
0.0,"[""Wnt3a"",""Fzd7_Lrp6""]",Wnt3a,Fzd7_Lrp6,Wnt3a_Fzd7_Lrp6,Mesothelium,Dorsal root ganglion,0.001302088494412601,0.1345275193452835,0.0,0.0,True,True,True,observed
0.0,"[""Wnt3a"",""Fzd7_Lrp6""]",Wnt3a,Fzd7_Lrp6,Wnt3a_Fzd7_Lrp6,Mesothelium,Epidermis,0.001302088494412601,0.20572710037231445,0.0,0.0,True,True,True,observed
0.0,"[""Wnt3a"",""Fzd7_Lrp6""]",Wnt3a,Fzd7_Lrp6,Wnt3a_Fzd7_Lrp6,Mesothelium,GI tract,0.001302088494412601,0.21195538341999054,0.0,0.0,True,True,True,observed
0.0,"[""Wnt3a"",""Fzd7_Lrp6""]",Wnt3a,Fzd7_Lrp6,Wnt3a_Fzd7_Lrp6,Mesothelium,Heart,0.001302088494412601,0.08417846262454987,0.0580657467811922,6.3644592048717464e-06,True,True,True,observed
0.0,"[""Wnt3a"",""Fzd7_Lrp6""]",Wnt3a,Fzd7_Lrp6,Wnt3a_Fzd7_Lrp6,Mesothelium,Jaw and tooth,0.001302088494412601,0.2186741679906845,0.0,0.0,True,True,True,observed
0.0,"[""Wnt3a"",""Fzd7_Lrp6""]",Wnt3a,Fzd7_Lrp6,Wnt3a_Fzd7_Lrp6,Mesothelium,Kidney,0.001302088494412601,0.22017186880111694,0.051918496059466,1.4884163557137664e-05,True,True,True,observed
0.0,"[""Wnt3a"",""Fzd7_Lrp6""]",Wnt3a,Fzd7_Lrp6,Wnt3a_Fzd7_Lrp6,Mesothelium,Liver,0.001302088494412601,0.044163767248392105,0.0,0.0,True,True,True,observed
0.0,"[""Wnt3a"",""Fzd7_Lrp6""]",Wnt3a,Fzd7_Lrp6,Wnt3a_Fzd7_Lrp6,Mesothelium,Lung primordium,0.001302088494412601,0.2471616268157959,1.2285603457425214,0.0003953830433425596,True,True,True,observed
0.0,"[""Wnt3a"",""Fzd7_Lrp6""]",Wnt3a,Fzd7_Lrp6,Wnt3a_Fzd7_Lrp6,Mesothelium,Meninges,0.001302088494412601,0.09415308386087418,0.0719319312255593,8.818541663569788e-06,True,True,True,observed
0.0,"[""Wnt3a"",""Fzd7_Lrp6""]",Wnt3a,Fzd7_Lrp6,Wnt3a_Fzd7_Lrp6,Mesothelium,Mesentery,0.001302088494412601,0.1379539668560028,0.0,0.0,True,True,True,observed
0.0,"[""Wnt3a"",""Fzd7_Lrp6""]",Wnt3a,Fzd7_Lrp6,Wnt3a_Fzd7_Lrp6,Mesothelium,Mesothelium,0.001302088494412601,0.20694556832313538,30.94517927164141,0.008338532675383866,True,True,True,observed
0.0,"[""Wnt3a"",""Fzd7_Lrp6""]",Wnt3a,Fzd7_Lrp6,Wnt3a_Fzd7_Lrp6,Mesothelium,Mucosal epithelium,0.001302088494412601,0.16626812517642975,0.0127144659621806,2.7526286425431786e-06,True,True,True,observed
0.0,"[""Wnt3a"",""Fzd7_Lrp6""]",Wnt3a,Fzd7_Lrp6,Wnt3a_Fzd7_Lrp6,Mesothelium,Muscle,0.001302088494412601,0.183630108833313,7.779735348835776,0.0018601553532948097,True,True,True,observed
0.0,"[""Wnt3a"",""Fzd7_Lrp6""]",Wnt3a,Fzd7_Lrp6,Wnt3a_Fzd7_Lrp6,Mesothelium,Ovary,0.001302088494412601,0.09168989211320877,0.0522163419783869,6.2340230984848456e-06,True,True,True,observed
0.0,"[""Wnt3a"",""Fzd7_Lrp6""]",Wnt3a,Fzd7_Lrp6,Wnt3a_Fzd7_Lrp6,Mesothelium,Pancreas,0.001302088494412601,0.4485943019390106,0.0,0.0,True,True,True,observed
0.0,"[""Wnt3a"",""Fzd7_Lrp6""]",Wnt3a,Fzd7_Lrp6,Wnt3a_Fzd7_Lrp6,Mesothelium,Sympathetic nerve,0.001302088494412601,0.09011421352624893,0.1431470717998999,1.6796402244838796e-05,True,True,True,observed
0.0,"[""Wnt3a"",""Fzd7_Lrp6""]",Wnt3a,Fzd7_Lrp6,Wnt3a_Fzd7_Lrp6,Mesothelium,Urogenital ridge,0.001302088494412601,0.22845786809921265,1.6925816618000404,0.0005034962639842059,True,True,True,observed
0.0,"[""Wnt3a"",""Fzd7_Lrp6""]",Wnt3a,Fzd7_Lrp6,Wnt3a_Fzd7_Lrp6,Mucosal epithelium,Blood vessel,0.005671093240380287,0.17154569923877716,1.0843871827920275,0.0010549478658405179,True,True,True,observed
0.0,"[""Wnt3a"",""Fzd7_Lrp6""]",Wnt3a,Fzd7_Lrp6,Wnt3a_Fzd7_Lrp6,Mucosal epithelium,Brain,0.005671093240380287,0.05539463087916374,0.0197537768880526,6.205611807729519e-06,True,True,True,observed
0.0,"[""Wnt3a"",""Fzd7_Lrp6""]",Wnt3a,Fzd7_Lrp6,Wnt3a_Fzd7_Lrp6,Mucosal epithelium,Cartilage primordium,0.005671093240380287,0.2643163502216339,3.282136140068372,0.00491979954218369,True,True,True,observed
0.0,"[""Wnt3a"",""Fzd7_Lrp6""]",Wnt3a,Fzd7_Lrp6,Wnt3a_Fzd7_Lrp6,Mucosal epithelium,Cavity,0.005671093240380287,0.09909687936306,0.4264993790785472,0.00023968738066078226,True,True,True,observed
0.0,"[""Wnt3a"",""Fzd7_Lrp6""]",Wnt3a,Fzd7_Lrp6,Wnt3a_Fzd7_Lrp6,Mucosal epithelium,Choroid plexus,0.005671093240380287,0.06811472028493881,0.0,0.0,True,True,True,observed
0.0,"[""Wnt3a"",""Fzd7_Lrp6""]",Wnt3a,Fzd7_Lrp6,Wnt3a_Fzd7_Lrp6,Mucosal epithelium,Connective tissue,0.005671093240380287,0.19814270734786987,0.6950286493698756,0.0007809938018376514,True,True,True,observed
0.0,"[""Wnt3a"",""Fzd7_Lrp6""]",Wnt3a,Fzd7_Lrp6,Wnt3a_Fzd7_Lrp6,Mucosal epithelium,Dorsal root ganglion,0.005671093240380287,0.1345275193452835,0.0,0.0,True,True,True,observed
0.0,"[""Wnt3a"",""Fzd7_Lrp6""]",Wnt3a,Fzd7_Lrp6,Wnt3a_Fzd7_Lrp6,Mucosal epithelium,Epidermis,0.005671093240380287,0.20572710037231445,0.3563099415103594,0.0004157059423157178,True,True,True,observed
0.0,"[""Wnt3a"",""Fzd7_Lrp6""]",Wnt3a,Fzd7_Lrp6,Wnt3a_Fzd7_Lrp6,Mucosal epithelium,GI tract,0.005671093240380287,0.21195538341999054,0.1404848744471868,0.00016886545207766526,True,True,True,observed
0.0,"[""Wnt3a"",""Fzd7_Lrp6""]",Wnt3a,Fzd7_Lrp6,Wnt3a_Fzd7_Lrp6,Mucosal epithelium,Heart,0.005671093240380287,0.08417846262454987,0.0,0.0,True,True,True,observed
0.0,"[""Wnt3a"",""Fzd7_Lrp6""]",Wnt3a,Fzd7_Lrp6,Wnt3a_Fzd7_Lrp6,Mucosal epithelium,Jaw and tooth,0.005671093240380287,0.2186741679906845,0.7162416539589564,0.0008882267429846778,True,True,True,observed
0.0,"[""Wnt3a"",""Fzd7_Lrp6""]",Wnt3a,Fzd7_Lrp6,Wnt3a_Fzd7_Lrp6,Mucosal epithelium,Kidney,0.005671093240380287,0.22017186880111694,0.0318311520417531,3.974486017352789e-05,True,True,True,observed
0.0,"[""Wnt3a"",""Fzd7_Lrp6""]",Wnt3a,Fzd7_Lrp6,Wnt3a_Fzd7_Lrp6,Mucosal epithelium,Liver,0.005671093240380287,0.044163767248392105,0.0,0.0,True,True,True,observed
0.0,"[""Wnt3a"",""Fzd7_Lrp6""]",Wnt3a,Fzd7_Lrp6,Wnt3a_Fzd7_Lrp6,Mucosal epithelium,Lung primordium,0.005671093240380287,0.2471616268157959,0.0375427931547164,5.26228558318048e-05,True,True,True,observed
0.0,"[""Wnt3a"",""Fzd7_Lrp6""]",Wnt3a,Fzd7_Lrp6,Wnt3a_Fzd7_Lrp6,Mucosal epithelium,Meninges,0.005671093240380287,0.09415308386087418,0.4935104285677274,0.00026351034610209826,True,True,True,observed
0.0,"[""Wnt3a"",""Fzd7_Lrp6""]",Wnt3a,Fzd7_Lrp6,Wnt3a_Fzd7_Lrp6,Mucosal epithelium,Mesentery,0.005671093240380287,0.1379539668560028,0.1296983824173609,0.00010146950470154924,True,True,True,observed
0.0,"[""Wnt3a"",""Fzd7_Lrp6""]",Wnt3a,Fzd7_Lrp6,Wnt3a_Fzd7_Lrp6,Mucosal epithelium,Mesothelium,0.005671093240380287,0.20694556832313538,0.0167431620756785,1.9649902488491597e-05,True,True,True,observed
0.0,"[""Wnt3a"",""Fzd7_Lrp6""]",Wnt3a,Fzd7_Lrp6,Wnt3a_Fzd7_Lrp6,Mucosal epithelium,Mucosal epithelium,0.005671093240380287,0.16626812517642975,16.050169576803842,0.015134058652204952,True,True,True,observed
0.0,"[""Wnt3a"",""Fzd7_Lrp6""]",Wnt3a,Fzd7_Lrp6,Wnt3a_Fzd7_Lrp6,Mucosal epithelium,Muscle,0.005671093240380287,0.183630108833313,2.881398030817509,0.0030006402767149207,True,True,True,observed
0.0,"[""Wnt3a"",""Fzd7_Lrp6""]",Wnt3a,Fzd7_Lrp6,Wnt3a_Fzd7_Lrp6,Mucosal epithelium,Ovary,0.005671093240380287,0.09168989211320877,0.0026009152332941,1.352428915945745e-06,True,True,True,observed
0.0,"[""Wnt3a"",""Fzd7_Lrp6""]",Wnt3a,Fzd7_Lrp6,Wnt3a_Fzd7_Lrp6,Mucosal epithelium,Pancreas,0.005671093240380287,0.4485943019390106,0.00398805975914,1.0145704240691074e-05,True,True,True,observed
0.0,"[""Wnt3a"",""Fzd7_Lrp6""]",Wnt3a,Fzd7_Lrp6,Wnt3a_Fzd7_Lrp6,Mucosal epithelium,Sympathetic nerve,0.005671093240380287,0.09011421352624893,0.0,0.0,True,True,True,observed
0.0,"[""Wnt3a"",""Fzd7_Lrp6""]",Wnt3a,Fzd7_Lrp6,Wnt3a_Fzd7_Lrp6,Mucosal epithelium,Urogenital ridge,0.005671093240380287,0.22845786809921265,0.3528781515359878,0.0004571910050502589,True,True,True,observed
0.0,"[""Wnt3a"",""Fzd7_Lrp6""]",Wnt3a,Fzd7_Lrp6,Wnt3a_Fzd7_Lrp6,Muscle,Blood vessel,0.0017594293458387256,0.17154569923877716,0.3735532111198018,0.00011274677803152958,True,True,True,observed
0.0,"[""Wnt3a"",""Fzd7_Lrp6""]",Wnt3a,Fzd7_Lrp6,Wnt3a_Fzd7_Lrp6,Muscle,Brain,0.0017594293458387256,0.05539463087916374,0.0012688802904621,1.236688025642138e-07,True,True,True,observed
0.0,"[""Wnt3a"",""Fzd7_Lrp6""]",Wnt3a,Fzd7_Lrp6,Wnt3a_Fzd7_Lrp6,Muscle,Cartilage primordium,0.0017594293458387256,0.2643163502216339,5.266286060170462,0.0024490649678282897,True,True,True,observed
0.0,"[""Wnt3a"",""Fzd7_Lrp6""]",Wnt3a,Fzd7_Lrp6,Wnt3a_Fzd7_Lrp6,Muscle,Cavity,0.0017594293458387256,0.09909687936306,0.229336566804871,3.998573805225833e-05,True,True,True,observed
0.0,"[""Wnt3a"",""Fzd7_Lrp6""]",Wnt3a,Fzd7_Lrp6,Wnt3a_Fzd7_Lrp6,Muscle,Choroid plexus,0.0017594293458387256,0.06811472028493881,0.0,0.0,True,True,True,observed
0.0,"[""Wnt3a"",""Fzd7_Lrp6""]",Wnt3a,Fzd7_Lrp6,Wnt3a_Fzd7_Lrp6,Muscle,Connective tissue,0.0017594293458387256,0.19814270734786987,3.829269008747406,0.0013349524631347154,True,True,True,observed
0.0,"[""Wnt3a"",""Fzd7_Lrp6""]",Wnt3a,Fzd7_Lrp6,Wnt3a_Fzd7_Lrp6,Muscle,Dorsal root ganglion,0.0017594293458387256,0.1345275193452835,0.0421599821962053,9.978916397524723e-06,True,True,True,observed
0.0,"[""Wnt3a"",""Fzd7_Lrp6""]",Wnt3a,Fzd7_Lrp6,Wnt3a_Fzd7_Lrp6,Muscle,Epidermis,0.0017594293458387256,0.20572710037231445,0.1249695542093746,4.523426697534197e-05,True,True,True,observed
0.0,"[""Wnt3a"",""Fzd7_Lrp6""]",Wnt3a,Fzd7_Lrp6,Wnt3a_Fzd7_Lrp6,Muscle,GI tract,0.0017594293458387256,0.21195538341999054,0.003489688765175,1.3013765545224512e-06,True,True,True,observed
0.0,"[""Wnt3a"",""Fzd7_Lrp6""]",Wnt3a,Fzd7_Lrp6,Wnt3a_Fzd7_Lrp6,Muscle,Heart,0.0017594293458387256,0.08417846262454987,0.0,0.0,True,True,True,observed
0.0,"[""Wnt3a"",""Fzd7_Lrp6""]",Wnt3a,Fzd7_Lrp6,Wnt3a_Fzd7_Lrp6,Muscle,Jaw and tooth,0.0017594293458387256,0.2186741679906845,0.3976123921540146,0.0001529780869188571,True,True,True,observed
0.0,"[""Wnt3a"",""Fzd7_Lrp6""]",Wnt3a,Fzd7_Lrp6,Wnt3a_Fzd7_Lrp6,Muscle,Kidney,0.0017594293458387256,0.22017186880111694,0.0162483297035296,6.294226731143212e-06,True,True,True,observed
0.0,"[""Wnt3a"",""Fzd7_Lrp6""]",Wnt3a,Fzd7_Lrp6,Wnt3a_Fzd7_Lrp6,Muscle,Liver,0.0017594293458387256,0.044163767248392105,0.0,0.0,True,True,True,observed
0.0,"[""Wnt3a"",""Fzd7_Lrp6""]",Wnt3a,Fzd7_Lrp6,Wnt3a_Fzd7_Lrp6,Muscle,Lung primordium,0.0017594293458387256,0.2471616268157959,0.0039189786511298,1.704220456726928e-06,True,True,True,observed
0.0,"[""Wnt3a"",""Fzd7_Lrp6""]",Wnt3a,Fzd7_Lrp6,Wnt3a_Fzd7_Lrp6,Muscle,Meninges,0.0017594293458387256,0.09415308386087418,0.0769245938523129,1.274299734535996e-05,True,True,True,observed
0.0,"[""Wnt3a"",""Fzd7_Lrp6""]",Wnt3a,Fzd7_Lrp6,Wnt3a_Fzd7_Lrp6,Muscle,Mesentery,0.0017594293458387256,0.1379539668560028,0.103919164732957,2.5223286439931882e-05,True,True,True,observed
0.0,"[""Wnt3a"",""Fzd7_Lrp6""]",Wnt3a,Fzd7_Lrp6,Wnt3a_Fzd7_Lrp6,Muscle,Mesothelium,0.0017594293458387256,0.20694556832313538,0.9288131192304536,0.0003381865279509016,True,True,True,observed
0.0,"[""Wnt3a"",""Fzd7_Lrp6""]",Wnt3a,Fzd7_Lrp6,Wnt3a_Fzd7_Lrp6,Muscle,Mucosal epithelium,0.0017594293458387256,0.16626812517642975,0.3219043230816744,9.416893098513845e-05,True,True,True,observed
0.0,"[""Wnt3a"",""Fzd7_Lrp6""]",Wnt3a,Fzd7_Lrp6,Wnt3a_Fzd7_Lrp6,Muscle,Muscle,0.0017594293458387256,0.183630108833313,44.76331855252064,0.01446232106509122,True,True,True,observed
0.0,"[""Wnt3a"",""Fzd7_Lrp6""]",Wnt3a,Fzd7_Lrp6,Wnt3a_Fzd7_Lrp6,Muscle,Ovary,0.0017594293458387256,0.09168989211320877,0.0,0.0,True,True,True,observed
0.0,"[""Wnt3a"",""Fzd7_Lrp6""]",Wnt3a,Fzd7_Lrp6,Wnt3a_Fzd7_Lrp6,Muscle,Pancreas,0.0017594293458387256,0.4485943019390106,0.0,0.0,True,True,True,observed
0.0,"[""Wnt3a"",""Fzd7_Lrp6""]",Wnt3a,Fzd7_Lrp6,Wnt3a_Fzd7_Lrp6,Muscle,Sympathetic nerve,0.0017594293458387256,0.09011421352624893,0.0043771989654579,6.940031090048938e-07,True,True,True,observed
0.0,"[""Wnt3a"",""Fzd7_Lrp6""]",Wnt3a,Fzd7_Lrp6,Wnt3a_Fzd7_Lrp6,Muscle,Urogenital ridge,0.0017594293458387256,0.22845786809921265,0.6307432985640347,0.000253530723704723,True,True,True,observed
0.0,"[""Wnt3a"",""Fzd7_Lrp6""]",Wnt3a,Fzd7_Lrp6,Wnt3a_Fzd7_Lrp6,Ovary,Blood vessel,0.0,0.17154569923877716,0.0,0.0,True,True,True,observed
0.0,"[""Wnt3a"",""Fzd7_Lrp6""]",Wnt3a,Fzd7_Lrp6,Wnt3a_Fzd7_Lrp6,Ovary,Brain,0.0,0.05539463087916374,0.0,0.0,True,True,True,observed
0.0,"[""Wnt3a"",""Fzd7_Lrp6""]",Wnt3a,Fzd7_Lrp6,Wnt3a_Fzd7_Lrp6,Ovary,Cartilage primordium,0.0,0.2643163502216339,0.0,0.0,True,True,True,observed
0.0,"[""Wnt3a"",""Fzd7_Lrp6""]",Wnt3a,Fzd7_Lrp6,Wnt3a_Fzd7_Lrp6,Ovary,Cavity,0.0,0.09909687936306,1.4586456233937442,0.0,True,True,True,observed
0.0,"[""Wnt3a"",""Fzd7_Lrp6""]",Wnt3a,Fzd7_Lrp6,Wnt3a_Fzd7_Lrp6,Ovary,Choroid plexus,0.0,0.06811472028493881,0.0,0.0,True,True,True,observed
0.0,"[""Wnt3a"",""Fzd7_Lrp6""]",Wnt3a,Fzd7_Lrp6,Wnt3a_Fzd7_Lrp6,Ovary,Connective tissue,0.0,0.19814270734786987,0.0095782739306808,0.0,True,True,True,observed
0.0,"[""Wnt3a"",""Fzd7_Lrp6""]",Wnt3a,Fzd7_Lrp6,Wnt3a_Fzd7_Lrp6,Ovary,Dorsal root ganglion,0.0,0.1345275193452835,0.0,0.0,True,True,True,observed
0.0,"[""Wnt3a"",""Fzd7_Lrp6""]",Wnt3a,Fzd7_Lrp6,Wnt3a_Fzd7_Lrp6,Ovary,Epidermis,0.0,0.20572710037231445,0.0,0.0,True,True,True,observed
0.0,"[""Wnt3a"",""Fzd7_Lrp6""]",Wnt3a,Fzd7_Lrp6,Wnt3a_Fzd7_Lrp6,Ovary,GI tract,0.0,0.21195538341999054,0.1738796183093243,0.0,True,True,True,observed
0.0,"[""Wnt3a"",""Fzd7_Lrp6""]",Wnt3a,Fzd7_Lrp6,Wnt3a_Fzd7_Lrp6,Ovary,Heart,0.0,0.08417846262454987,0.0,0.0,True,True,True,observed
0.0,"[""Wnt3a"",""Fzd7_Lrp6""]",Wnt3a,Fzd7_Lrp6,Wnt3a_Fzd7_Lrp6,Ovary,Jaw and tooth,0.0,0.2186741679906845,0.0,0.0,True,True,True,observed
0.0,"[""Wnt3a"",""Fzd7_Lrp6""]",Wnt3a,Fzd7_Lrp6,Wnt3a_Fzd7_Lrp6,Ovary,Kidney,0.0,0.22017186880111694,0.3883447123959159,0.0,True,True,True,observed
0.0,"[""Wnt3a"",""Fzd7_Lrp6""]",Wnt3a,Fzd7_Lrp6,Wnt3a_Fzd7_Lrp6,Ovary,Liver,0.0,0.044163767248392105,0.0937847690115645,0.0,True,True,True,observed
0.0,"[""Wnt3a"",""Fzd7_Lrp6""]",Wnt3a,Fzd7_Lrp6,Wnt3a_Fzd7_Lrp6,Ovary,Lung primordium,0.0,0.2471616268157959,0.0,0.0,True,True,True,observed
0.0,"[""Wnt3a"",""Fzd7_Lrp6""]",Wnt3a,Fzd7_Lrp6,Wnt3a_Fzd7_Lrp6,Ovary,Meninges,0.0,0.09415308386087418,0.0511917889300471,0.0,True,True,True,observed
0.0,"[""Wnt3a"",""Fzd7_Lrp6""]",Wnt3a,Fzd7_Lrp6,Wnt3a_Fzd7_Lrp6,Ovary,Mesentery,0.0,0.1379539668560028,0.0,0.0,True,True,True,observed
0.0,"[""Wnt3a"",""Fzd7_Lrp6""]",Wnt3a,Fzd7_Lrp6,Wnt3a_Fzd7_Lrp6,Ovary,Mesothelium,0.0,0.20694556832313538,0.1016006805116612,0.0,True,True,True,observed
0.0,"[""Wnt3a"",""Fzd7_Lrp6""]",Wnt3a,Fzd7_Lrp6,Wnt3a_Fzd7_Lrp6,Ovary,Mucosal epithelium,0.0,0.16626812517642975,0.0037744836340621,0.0,True,True,True,observed
0.0,"[""Wnt3a"",""Fzd7_Lrp6""]",Wnt3a,Fzd7_Lrp6,Wnt3a_Fzd7_Lrp6,Ovary,Muscle,0.0,0.183630108833313,0.0,0.0,True,True,True,observed
0.0,"[""Wnt3a"",""Fzd7_Lrp6""]",Wnt3a,Fzd7_Lrp6,Wnt3a_Fzd7_Lrp6,Ovary,Ovary,0.0,0.09168989211320877,13.392276892968274,0.0,True,True,True,observed
0.0,"[""Wnt3a"",""Fzd7_Lrp6""]",Wnt3a,Fzd7_Lrp6,Wnt3a_Fzd7_Lrp6,Ovary,Pancreas,0.0,0.4485943019390106,0.0062854461349114,0.0,True,True,True,observed
0.0,"[""Wnt3a"",""Fzd7_Lrp6""]",Wnt3a,Fzd7_Lrp6,Wnt3a_Fzd7_Lrp6,Ovary,Sympathetic nerve,0.0,0.09011421352624893,0.0,0.0,True,True,True,observed
0.0,"[""Wnt3a"",""Fzd7_Lrp6""]",Wnt3a,Fzd7_Lrp6,Wnt3a_Fzd7_Lrp6,Ovary,Urogenital ridge,0.0,0.22845786809921265,3.188006933493716,0.0,True,True,True,observed
0.0,"[""Wnt3a"",""Fzd7_Lrp6""]",Wnt3a,Fzd7_Lrp6,Wnt3a_Fzd7_Lrp6,Pancreas,Blood vessel,0.0,0.17154569923877716,0.0,0.0,True,True,True,observed
0.0,"[""Wnt3a"",""Fzd7_Lrp6""]",Wnt3a,Fzd7_Lrp6,Wnt3a_Fzd7_Lrp6,Pancreas,Brain,0.0,0.05539463087916374,0.0622871050467857,0.0,True,True,True,observed
0.0,"[""Wnt3a"",""Fzd7_Lrp6""]",Wnt3a,Fzd7_Lrp6,Wnt3a_Fzd7_Lrp6,Pancreas,Cartilage primordium,0.0,0.2643163502216339,0.0,0.0,True,True,True,observed
0.0,"[""Wnt3a"",""Fzd7_Lrp6""]",Wnt3a,Fzd7_Lrp6,Wnt3a_Fzd7_Lrp6,Pancreas,Cavity,0.0,0.09909687936306,6.632586022523733,0.0,True,True,True,observed
0.0,"[""Wnt3a"",""Fzd7_Lrp6""]",Wnt3a,Fzd7_Lrp6,Wnt3a_Fzd7_Lrp6,Pancreas,Choroid plexus,0.0,0.06811472028493881,0.0,0.0,True,True,True,observed
0.0,"[""Wnt3a"",""Fzd7_Lrp6""]",Wnt3a,Fzd7_Lrp6,Wnt3a_Fzd7_Lrp6,Pancreas,Connective tissue,0.0,0.19814270734786987,0.8451074260931749,0.0,True,True,True,observed
0.0,"[""Wnt3a"",""Fzd7_Lrp6""]",Wnt3a,Fzd7_Lrp6,Wnt3a_Fzd7_Lrp6,Pancreas,Dorsal root ganglion,0.0,0.1345275193452835,0.0,0.0,True,True,True,observed
0.0,"[""Wnt3a"",""Fzd7_Lrp6""]",Wnt3a,Fzd7_Lrp6,Wnt3a_Fzd7_Lrp6,Pancreas,Epidermis,0.0,0.20572710037231445,0.0,0.0,True,True,True,observed
0.0,"[""Wnt3a"",""Fzd7_Lrp6""]",Wnt3a,Fzd7_Lrp6,Wnt3a_Fzd7_Lrp6,Pancreas,GI tract,0.0,0.21195538341999054,4.640962445735932,0.0,True,True,True,observed
0.0,"[""Wnt3a"",""Fzd7_Lrp6""]",Wnt3a,Fzd7_Lrp6,Wnt3a_Fzd7_Lrp6,Pancreas,Heart,0.0,0.08417846262454987,0.0,0.0,True,True,True,observed
0.0,"[""Wnt3a"",""Fzd7_Lrp6""]",Wnt3a,Fzd7_Lrp6,Wnt3a_Fzd7_Lrp6,Pancreas,Jaw and tooth,0.0,0.2186741679906845,0.0,0.0,True,True,True,observed
0.0,"[""Wnt3a"",""Fzd7_Lrp6""]",Wnt3a,Fzd7_Lrp6,Wnt3a_Fzd7_Lrp6,Pancreas,Kidney,0.0,0.22017186880111694,0.4765516923024104,0.0,True,True,True,observed
0.0,"[""Wnt3a"",""Fzd7_Lrp6""]",Wnt3a,Fzd7_Lrp6,Wnt3a_Fzd7_Lrp6,Pancreas,Liver,0.0,0.044163767248392105,1.1406879315009484,0.0,True,True,True,observed
0.0,"[""Wnt3a"",""Fzd7_Lrp6""]",Wnt3a,Fzd7_Lrp6,Wnt3a_Fzd7_Lrp6,Pancreas,Lung primordium,0.0,0.2471616268157959,0.0557896100557767,0.0,True,True,True,observed
0.0,"[""Wnt3a"",""Fzd7_Lrp6""]",Wnt3a,Fzd7_Lrp6,Wnt3a_Fzd7_Lrp6,Pancreas,Meninges,0.0,0.09415308386087418,0.0,0.0,True,True,True,observed
0.0,"[""Wnt3a"",""Fzd7_Lrp6""]",Wnt3a,Fzd7_Lrp6,Wnt3a_Fzd7_Lrp6,Pancreas,Mesentery,0.0,0.1379539668560028,0.1031200188856858,0.0,True,True,True,observed
0.0,"[""Wnt3a"",""Fzd7_Lrp6""]",Wnt3a,Fzd7_Lrp6,Wnt3a_Fzd7_Lrp6,Pancreas,Mesothelium,0.0,0.20694556832313538,0.0,0.0,True,True,True,observed
0.0,"[""Wnt3a"",""Fzd7_Lrp6""]",Wnt3a,Fzd7_Lrp6,Wnt3a_Fzd7_Lrp6,Pancreas,Mucosal epithelium,0.0,0.16626812517642975,0.0313259445703946,0.0,True,True,True,observed
0.0,"[""Wnt3a"",""Fzd7_Lrp6""]",Wnt3a,Fzd7_Lrp6,Wnt3a_Fzd7_Lrp6,Pancreas,Muscle,0.0,0.183630108833313,0.0,0.0,True,True,True,observed
0.0,"[""Wnt3a"",""Fzd7_Lrp6""]",Wnt3a,Fzd7_Lrp6,Wnt3a_Fzd7_Lrp6,Pancreas,Ovary,0.0,0.09168989211320877,0.0395824909210205,0.0,True,True,True,observed
0.0,"[""Wnt3a"",""Fzd7_Lrp6""]",Wnt3a,Fzd7_Lrp6,Wnt3a_Fzd7_Lrp6,Pancreas,Pancreas,0.0,0.4485943019390106,6.489119526973138,0.0,True,True,True,observed
0.0,"[""Wnt3a"",""Fzd7_Lrp6""]",Wnt3a,Fzd7_Lrp6,Wnt3a_Fzd7_Lrp6,Pancreas,Sympathetic nerve,0.0,0.09011421352624893,0.0,0.0,True,True,True,observed
0.0,"[""Wnt3a"",""Fzd7_Lrp6""]",Wnt3a,Fzd7_Lrp6,Wnt3a_Fzd7_Lrp6,Pancreas,Urogenital ridge,0.0,0.22845786809921265,0.0,0.0,True,True,True,observed
0.0,"[""Wnt3a"",""Fzd7_Lrp6""]",Wnt3a,Fzd7_Lrp6,Wnt3a_Fzd7_Lrp6,Sympathetic nerve,Blood vessel,0.0,0.17154569923877716,3.4778408498377416,0.0,True,True,True,observed
0.0,"[""Wnt3a"",""Fzd7_Lrp6""]",Wnt3a,Fzd7_Lrp6,Wnt3a_Fzd7_Lrp6,Sympathetic nerve,Brain,0.0,0.05539463087916374,0.0550661399557783,0.0,True,True,True,observed
0.0,"[""Wnt3a"",""Fzd7_Lrp6""]",Wnt3a,Fzd7_Lrp6,Wnt3a_Fzd7_Lrp6,Sympathetic nerve,Cartilage primordium,0.0,0.2643163502216339,0.2521995338233742,0.0,True,True,True,observed
0.0,"[""Wnt3a"",""Fzd7_Lrp6""]",Wnt3a,Fzd7_Lrp6,Wnt3a_Fzd7_Lrp6,Sympathetic nerve,Cavity,0.0,0.09909687936306,0.1442252664952664,0.0,True,True,True,observed
0.0,"[""Wnt3a"",""Fzd7_Lrp6""]",Wnt3a,Fzd7_Lrp6,Wnt3a_Fzd7_Lrp6,Sympathetic nerve,Choroid plexus,0.0,0.06811472028493881,0.0,0.0,True,True,True,observed
0.0,"[""Wnt3a"",""Fzd7_Lrp6""]",Wnt3a,Fzd7_Lrp6,Wnt3a_Fzd7_Lrp6,Sympathetic nerve,Connective tissue,0.0,0.19814270734786987,0.7586838596575969,0.0,True,True,True,observed
0.0,"[""Wnt3a"",""Fzd7_Lrp6""]",Wnt3a,Fzd7_Lrp6,Wnt3a_Fzd7_Lrp6,Sympathetic nerve,Dorsal root ganglion,0.0,0.1345275193452835,0.1698851005451099,0.0,True,True,True,observed
0.0,"[""Wnt3a"",""Fzd7_Lrp6""]",Wnt3a,Fzd7_Lrp6,Wnt3a_Fzd7_Lrp6,Sympathetic nerve,Epidermis,0.0,0.20572710037231445,0.0,0.0,True,True,True,observed
0.0,"[""Wnt3a"",""Fzd7_Lrp6""]",Wnt3a,Fzd7_Lrp6,Wnt3a_Fzd7_Lrp6,Sympathetic nerve,GI tract,0.0,0.21195538341999054,0.1482151859515422,0.0,True,True,True,observed
0.0,"[""Wnt3a"",""Fzd7_Lrp6""]",Wnt3a,Fzd7_Lrp6,Wnt3a_Fzd7_Lrp6,Sympathetic nerve,Heart,0.0,0.08417846262454987,0.0,0.0,True,True,True,observed
0.0,"[""Wnt3a"",""Fzd7_Lrp6""]",Wnt3a,Fzd7_Lrp6,Wnt3a_Fzd7_Lrp6,Sympathetic nerve,Jaw and tooth,0.0,0.2186741679906845,0.1547763888900344,0.0,True,True,True,observed
0.0,"[""Wnt3a"",""Fzd7_Lrp6""]",Wnt3a,Fzd7_Lrp6,Wnt3a_Fzd7_Lrp6,Sympathetic nerve,Kidney,0.0,0.22017186880111694,0.0,0.0,True,True,True,observed
0.0,"[""Wnt3a"",""Fzd7_Lrp6""]",Wnt3a,Fzd7_Lrp6,Wnt3a_Fzd7_Lrp6,Sympathetic nerve,Liver,0.0,0.044163767248392105,0.0,0.0,True,True,True,observed
0.0,"[""Wnt3a"",""Fzd7_Lrp6""]",Wnt3a,Fzd7_Lrp6,Wnt3a_Fzd7_Lrp6,Sympathetic nerve,Lung primordium,0.0,0.2471616268157959,0.0129694996653376,0.0,True,True,True,observed
0.0,"[""Wnt3a"",""Fzd7_Lrp6""]",Wnt3a,Fzd7_Lrp6,Wnt3a_Fzd7_Lrp6,Sympathetic nerve,Meninges,0.0,0.09415308386087418,0.0207853323704487,0.0,True,True,True,observed
0.0,"[""Wnt3a"",""Fzd7_Lrp6""]",Wnt3a,Fzd7_Lrp6,Wnt3a_Fzd7_Lrp6,Sympathetic nerve,Mesentery,0.0,0.1379539668560028,0.0079556246061582,0.0,True,True,True,observed
0.0,"[""Wnt3a"",""Fzd7_Lrp6""]",Wnt3a,Fzd7_Lrp6,Wnt3a_Fzd7_Lrp6,Sympathetic nerve,Mesothelium,0.0,0.20694556832313538,0.4808061660947026,0.0,True,True,True,observed
0.0,"[""Wnt3a"",""Fzd7_Lrp6""]",Wnt3a,Fzd7_Lrp6,Wnt3a_Fzd7_Lrp6,Sympathetic nerve,Mucosal epithelium,0.0,0.16626812517642975,0.0,0.0,True,True,True,observed
0.0,"[""Wnt3a"",""Fzd7_Lrp6""]",Wnt3a,Fzd7_Lrp6,Wnt3a_Fzd7_Lrp6,Sympathetic nerve,Muscle,0.0,0.183630108833313,0.1101875698244249,0.0,True,True,True,observed
0.0,"[""Wnt3a"",""Fzd7_Lrp6""]",Wnt3a,Fzd7_Lrp6,Wnt3a_Fzd7_Lrp6,Sympathetic nerve,Ovary,0.0,0.09168989211320877,0.0,0.0,True,True,True,observed
0.0,"[""Wnt3a"",""Fzd7_Lrp6""]",Wnt3a,Fzd7_Lrp6,Wnt3a_Fzd7_Lrp6,Sympathetic nerve,Pancreas,0.0,0.4485943019390106,0.0,0.0,True,True,True,observed
0.0,"[""Wnt3a"",""Fzd7_Lrp6""]",Wnt3a,Fzd7_Lrp6,Wnt3a_Fzd7_Lrp6,Sympathetic nerve,Sympathetic nerve,0.0,0.09011421352624893,6.630379575893685,0.0,True,True,True,observed
0.0,"[""Wnt3a"",""Fzd7_Lrp6""]",Wnt3a,Fzd7_Lrp6,Wnt3a_Fzd7_Lrp6,Sympathetic nerve,Urogenital ridge,0.0,0.22845786809921265,1.9676243558123303,0.0,True,True,True,observed
0.0,"[""Wnt3a"",""Fzd7_Lrp6""]",Wnt3a,Fzd7_Lrp6,Wnt3a_Fzd7_Lrp6,Urogenital ridge,Blood vessel,0.0009663903620094061,0.17154569923877716,0.2164173816748094,3.5877697424044055e-05,True,True,True,observed
0.0,"[""Wnt3a"",""Fzd7_Lrp6""]",Wnt3a,Fzd7_Lrp6,Wnt3a_Fzd7_Lrp6,Urogenital ridge,Brain,0.0009663903620094061,0.05539463087916374,0.0,0.0,True,True,True,observed
0.0,"[""Wnt3a"",""Fzd7_Lrp6""]",Wnt3a,Fzd7_Lrp6,Wnt3a_Fzd7_Lrp6,Urogenital ridge,Cartilage primordium,0.0009663903620094061,0.2643163502216339,1.3788573164529296,0.0003522053484309329,True,True,True,observed
0.0,"[""Wnt3a"",""Fzd7_Lrp6""]",Wnt3a,Fzd7_Lrp6,Wnt3a_Fzd7_Lrp6,Urogenital ridge,Cavity,0.0009663903620094061,0.09909687936306,2.4060106496754923,0.00023041466338642725,True,True,True,observed
0.0,"[""Wnt3a"",""Fzd7_Lrp6""]",Wnt3a,Fzd7_Lrp6,Wnt3a_Fzd7_Lrp6,Urogenital ridge,Choroid plexus,0.0009663903620094061,0.06811472028493881,0.0,0.0,True,True,True,observed
0.0,"[""Wnt3a"",""Fzd7_Lrp6""]",Wnt3a,Fzd7_Lrp6,Wnt3a_Fzd7_Lrp6,Urogenital ridge,Connective tissue,0.0009663903620094061,0.19814270734786987,0.989153046780603,0.00018940619334162427,True,True,True,observed
0.0,"[""Wnt3a"",""Fzd7_Lrp6""]",Wnt3a,Fzd7_Lrp6,Wnt3a_Fzd7_Lrp6,Urogenital ridge,Dorsal root ganglion,0.0009663903620094061,0.1345275193452835,0.0257455746255042,3.3470817009272146e-06,True,True,True,observed
0.0,"[""Wnt3a"",""Fzd7_Lrp6""]",Wnt3a,Fzd7_Lrp6,Wnt3a_Fzd7_Lrp6,Urogenital ridge,Epidermis,0.0009663903620094061,0.20572710037231445,0.0,0.0,True,True,True,observed
0.0,"[""Wnt3a"",""Fzd7_Lrp6""]",Wnt3a,Fzd7_Lrp6,Wnt3a_Fzd7_Lrp6,Urogenital ridge,GI tract,0.0009663903620094061,0.21195538341999054,0.5218620933665221,0.00010689386828836889,True,True,True,observed
0.0,"[""Wnt3a"",""Fzd7_Lrp6""]",Wnt3a,Fzd7_Lrp6,Wnt3a_Fzd7_Lrp6,Urogenital ridge,Heart,0.0009663903620094061,0.08417846262454987,0.0160581022792599,1.3063146566359457e-06,True,True,True,observed
0.0,"[""Wnt3a"",""Fzd7_Lrp6""]",Wnt3a,Fzd7_Lrp6,Wnt3a_Fzd7_Lrp6,Urogenital ridge,Jaw and tooth,0.0009663903620094061,0.2186741679906845,0.0042871673046492,9.059839516571841e-07,True,True,True,observed
0.0,"[""Wnt3a"",""Fzd7_Lrp6""]",Wnt3a,Fzd7_Lrp6,Wnt3a_Fzd7_Lrp6,Urogenital ridge,Kidney,0.0009663903620094061,0.22017186880111694,1.122231702573612,0.00023877945239189245,True,True,True,observed
0.0,"[""Wnt3a"",""Fzd7_Lrp6""]",Wnt3a,Fzd7_Lrp6,Wnt3a_Fzd7_Lrp6,Urogenital ridge,Liver,0.0009663903620094061,0.044163767248392105,0.0009264839255413,3.9541814202105805e-08,True,True,True,observed
0.0,"[""Wnt3a"",""Fzd7_Lrp6""]",Wnt3a,Fzd7_Lrp6,Wnt3a_Fzd7_Lrp6,Urogenital ridge,Lung primordium,0.0009663903620094061,0.2471616268157959,0.1950758085558792,4.659475695595683e-05,True,True,True,observed
0.0,"[""Wnt3a"",""Fzd7_Lrp6""]",Wnt3a,Fzd7_Lrp6,Wnt3a_Fzd7_Lrp6,Urogenital ridge,Meninges,0.0009663903620094061,0.09415308386087418,0.0228630350993804,2.0802763052735787e-06,True,True,True,observed
0.0,"[""Wnt3a"",""Fzd7_Lrp6""]",Wnt3a,Fzd7_Lrp6,Wnt3a_Fzd7_Lrp6,Urogenital ridge,Mesentery,0.0009663903620094061,0.1379539668560028,0.0,0.0,True,True,True,observed
0.0,"[""Wnt3a"",""Fzd7_Lrp6""]",Wnt3a,Fzd7_Lrp6,Wnt3a_Fzd7_Lrp6,Urogenital ridge,Mesothelium,0.0009663903620094061,0.20694556832313538,1.0577715821345492,0.00021154395310873415,True,True,True,observed
0.0,"[""Wnt3a"",""Fzd7_Lrp6""]",Wnt3a,Fzd7_Lrp6,Wnt3a_Fzd7_Lrp6,Urogenital ridge,Mucosal epithelium,0.0009663903620094061,0.16626812517642975,0.2015910064637544,3.239162551723522e-05,True,True,True,observed
0.0,"[""Wnt3a"",""Fzd7_Lrp6""]",Wnt3a,Fzd7_Lrp6,Wnt3a_Fzd7_Lrp6,Urogenital ridge,Muscle,0.0009663903620094061,0.183630108833313,3.347663806492569,0.0005940709535410488,True,True,True,observed
0.0,"[""Wnt3a"",""Fzd7_Lrp6""]",Wnt3a,Fzd7_Lrp6,Wnt3a_Fzd7_Lrp6,Urogenital ridge,Ovary,0.0009663903620094061,0.09168989211320877,1.060060035050965,9.393004131328626e-05,True,True,True,observed
0.0,"[""Wnt3a"",""Fzd7_Lrp6""]",Wnt3a,Fzd7_Lrp6,Wnt3a_Fzd7_Lrp6,Urogenital ridge,Pancreas,0.0009663903620094061,0.4485943019390106,0.0,0.0,True,True,True,observed
0.0,"[""Wnt3a"",""Fzd7_Lrp6""]",Wnt3a,Fzd7_Lrp6,Wnt3a_Fzd7_Lrp6,Urogenital ridge,Sympathetic nerve,0.0009663903620094061,0.09011421352624893,0.3887010059827928,3.385022434527221e-05,True,True,True,observed
0.0,"[""Wnt3a"",""Fzd7_Lrp6""]",Wnt3a,Fzd7_Lrp6,Wnt3a_Fzd7_Lrp6,Urogenital ridge,Urogenital ridge,0.0009663903620094061,0.22845786809921265,23.8670964782252,0.005269365193876769,True,True,True,observed
0.5,"[""Wnt3a"",""Fzd7_Lrp6""]",Wnt3a,Fzd7_Lrp6,Wnt3a_Fzd7_Lrp6,Blood vessel,Blood vessel,0.0051818969659507275,0.13776904344558716,7.370184451392718,0.0052616114440437725,True,True,True,inverse_pca
0.5,"[""Wnt3a"",""Fzd7_Lrp6""]",Wnt3a,Fzd7_Lrp6,Wnt3a_Fzd7_Lrp6,Blood vessel,Brain,0.0051818969659507275,0.06658847630023956,0.0,0.0,True,True,True,inverse_pca
0.5,"[""Wnt3a"",""Fzd7_Lrp6""]",Wnt3a,Fzd7_Lrp6,Wnt3a_Fzd7_Lrp6,Blood vessel,Cartilage primordium,0.0051818969659507275,0.1618843674659729,0.0,0.0,True,True,True,inverse_pca
0.5,"[""Wnt3a"",""Fzd7_Lrp6""]",Wnt3a,Fzd7_Lrp6,Wnt3a_Fzd7_Lrp6,Blood vessel,Cavity,0.0051818969659507275,0.09481555968523026,0.4192348115273884,0.00020598031783036866,True,True,True,inverse_pca
0.5,"[""Wnt3a"",""Fzd7_Lrp6""]",Wnt3a,Fzd7_Lrp6,Wnt3a_Fzd7_Lrp6,Blood vessel,Choroid plexus,0.0051818969659507275,0.12133104354143143,0.0,0.0,True,True,True,inverse_pca
0.5,"[""Wnt3a"",""Fzd7_Lrp6""]",Wnt3a,Fzd7_Lrp6,Wnt3a_Fzd7_Lrp6,Blood vessel,Connective tissue,0.0051818969659507275,0.14356932044029236,0.0324452302285603,2.413799974751606e-05,True,True,True,inverse_pca
0.5,"[""Wnt3a"",""Fzd7_Lrp6""]",Wnt3a,Fzd7_Lrp6,Wnt3a_Fzd7_Lrp6,Blood vessel,Dorsal root ganglion,0.0051818969659507275,0.10027303546667099,0.0,0.0,True,True,True,inverse_pca
0.5,"[""Wnt3a"",""Fzd7_Lrp6""]",Wnt3a,Fzd7_Lrp6,Wnt3a_Fzd7_Lrp6,Blood vessel,Epidermis,0.0051818969659507275,0.12553785741329193,0.0,0.0,True,True,True,inverse_pca
0.5,"[""Wnt3a"",""Fzd7_Lrp6""]",Wnt3a,Fzd7_Lrp6,Wnt3a_Fzd7_Lrp6,Blood vessel,GI tract,0.0051818969659507275,0.15439914166927338,0.0,0.0,True,True,True,inverse_pca
0.5,"[""Wnt3a"",""Fzd7_Lrp6""]",Wnt3a,Fzd7_Lrp6,Wnt3a_Fzd7_Lrp6,Blood vessel,Heart,0.0051818969659507275,0.09662845730781555,0.5936538791017872,0.0002972536043806642,True,True,True,inverse_pca
0.5,"[""Wnt3a"",""Fzd7_Lrp6""]",Wnt3a,Fzd7_Lrp6,Wnt3a_Fzd7_Lrp6,Blood vessel,Jaw and tooth,0.0051818969659507275,0.16906334459781647,0.0178899871451514,1.5672860150349393e-05,True,True,True,inverse_pca
0.5,"[""Wnt3a"",""Fzd7_Lrp6""]",Wnt3a,Fzd7_Lrp6,Wnt3a_Fzd7_Lrp6,Blood vessel,Kidney,0.0051818969659507275,0.1651308834552765,0.0,0.0,True,True,True,inverse_pca
0.5,"[""Wnt3a"",""Fzd7_Lrp6""]",Wnt3a,Fzd7_Lrp6,Wnt3a_Fzd7_Lrp6,Blood vessel,Liver,0.0051818969659507275,0.07650213688611984,0.0,0.0,True,True,True,inverse_pca
0.5,"[""Wnt3a"",""Fzd7_Lrp6""]",Wnt3a,Fzd7_Lrp6,Wnt3a_Fzd7_Lrp6,Blood vessel,Lung,0.0051818969659507275,0.1564512848854065,0.0,0.0,True,True,True,inverse_pca
0.5,"[""Wnt3a"",""Fzd7_Lrp6""]",Wnt3a,Fzd7_Lrp6,Wnt3a_Fzd7_Lrp6,Blood vessel,Lung primordium,0.0051818969659507275,0.16340374946594238,0.0,0.0,True,True,True,inverse_pca
0.5,"[""Wnt3a"",""Fzd7_Lrp6""]",Wnt3a,Fzd7_Lrp6,Wnt3a_Fzd7_Lrp6,Blood vessel,Meninges,0.0051818969659507275,0.11632215976715088,0.0,0.0,True,True,True,inverse_pca
0.5,"[""Wnt3a"",""Fzd7_Lrp6""]",Wnt3a,Fzd7_Lrp6,Wnt3a_Fzd7_Lrp6,Blood vessel,Mesentery,0.0051818969659507275,0.12770657241344452,0.0,0.0,True,True,True,inverse_pca
0.5,"[""Wnt3a"",""Fzd7_Lrp6""]",Wnt3a,Fzd7_Lrp6,Wnt3a_Fzd7_Lrp6,Blood vessel,Mesothelium,0.0051818969659507275,0.17146126925945282,0.0,0.0,True,True,True,inverse_pca
0.5,"[""Wnt3a"",""Fzd7_Lrp6""]",Wnt3a,Fzd7_Lrp6,Wnt3a_Fzd7_Lrp6,Blood vessel,Mucosal epithelium,0.0051818969659507275,0.1630340814590454,0.0933152196662766,7.883510623204393e-05,True,True,True,inverse_pca
0.5,"[""Wnt3a"",""Fzd7_Lrp6""]",Wnt3a,Fzd7_Lrp6,Wnt3a_Fzd7_Lrp6,Blood vessel,Muscle,0.0051818969659507275,0.14359518885612488,0.1114206495029585,8.290760094497702e-05,True,True,True,inverse_pca
0.5,"[""Wnt3a"",""Fzd7_Lrp6""]",Wnt3a,Fzd7_Lrp6,Wnt3a_Fzd7_Lrp6,Blood vessel,Ovary,0.0051818969659507275,0.14392352104187012,0.0,0.0,True,True,True,inverse_pca
0.5,"[""Wnt3a"",""Fzd7_Lrp6""]",Wnt3a,Fzd7_Lrp6,Wnt3a_Fzd7_Lrp6,Blood vessel,Sympathetic nerve,0.0051818969659507275,0.14416562020778656,0.0323332122394016,2.415457114496532e-05,True,True,True,inverse_pca
0.5,"[""Wnt3a"",""Fzd7_Lrp6""]",Wnt3a,Fzd7_Lrp6,Wnt3a_Fzd7_Lrp6,Blood vessel,Urogenital ridge,0.0051818969659507275,0.18443477153778076,0.0,0.0,True,True,True,inverse_pca
0.5,"[""Wnt3a"",""Fzd7_Lrp6""]",Wnt3a,Fzd7_Lrp6,Wnt3a_Fzd7_Lrp6,Brain,Blood vessel,0.01222461462020874,0.13776904344558716,0.0,0.0,True,True,True,inverse_pca
0.5,"[""Wnt3a"",""Fzd7_Lrp6""]",Wnt3a,Fzd7_Lrp6,Wnt3a_Fzd7_Lrp6,Brain,Brain,0.01222461462020874,0.06658847630023956,2.040313161281414,0.001660852579335672,True,True,True,inverse_pca
0.5,"[""Wnt3a"",""Fzd7_Lrp6""]",Wnt3a,Fzd7_Lrp6,Wnt3a_Fzd7_Lrp6,Brain,Cartilage primordium,0.01222461462020874,0.1618843674659729,0.0010196395492813,2.0178401628114302e-06,True,True,True,inverse_pca
0.5,"[""Wnt3a"",""Fzd7_Lrp6""]",Wnt3a,Fzd7_Lrp6,Wnt3a_Fzd7_Lrp6,Brain,Cavity,0.01222461462020874,0.09481555968523026,0.01499374347852,1.737900332534689e-05,True,True,True,inverse_pca
0.5,"[""Wnt3a"",""Fzd7_Lrp6""]",Wnt3a,Fzd7_Lrp6,Wnt3a_Fzd7_Lrp6,Brain,Choroid plexus,0.01222461462020874,0.12133104354143143,0.0260267969042997,3.860360231285188e-05,True,True,True,inverse_pca
0.5,"[""Wnt3a"",""Fzd7_Lrp6""]",Wnt3a,Fzd7_Lrp6,Wnt3a_Fzd7_Lrp6,Brain,Connective tissue,0.01222461462020874,0.14356932044029236,0.0,0.0,True,True,True,inverse_pca
0.5,"[""Wnt3a"",""Fzd7_Lrp6""]",Wnt3a,Fzd7_Lrp6,Wnt3a_Fzd7_Lrp6,Brain,Dorsal root ganglion,0.01222461462020874,0.10027303546667099,0.0,0.0,True,True,True,inverse_pca
0.5,"[""Wnt3a"",""Fzd7_Lrp6""]",Wnt3a,Fzd7_Lrp6,Wnt3a_Fzd7_Lrp6,Brain,Epidermis,0.01222461462020874,0.12553785741329193,0.0009870000132759,1.5147014724454795e-06,True,True,True,inverse_pca
0.5,"[""Wnt3a"",""Fzd7_Lrp6""]",Wnt3a,Fzd7_Lrp6,Wnt3a_Fzd7_Lrp6,Brain,GI tract,0.01222461462020874,0.15439914166927338,0.0,0.0,True,True,True,inverse_pca
0.5,"[""Wnt3a"",""Fzd7_Lrp6""]",Wnt3a,Fzd7_Lrp6,Wnt3a_Fzd7_Lrp6,Brain,Heart,0.01222461462020874,0.09662845730781555,0.0,0.0,True,True,True,inverse_pca
0.5,"[""Wnt3a"",""Fzd7_Lrp6""]",Wnt3a,Fzd7_Lrp6,Wnt3a_Fzd7_Lrp6,Brain,Jaw and tooth,0.01222461462020874,0.16906334459781647,0.002080855720853,4.300575754534398e-06,True,True,True,inverse_pca
0.5,"[""Wnt3a"",""Fzd7_Lrp6""]",Wnt3a,Fzd7_Lrp6,Wnt3a_Fzd7_Lrp6,Brain,Kidney,0.01222461462020874,0.1651308834552765,0.0,0.0,True,True,True,inverse_pca
0.5,"[""Wnt3a"",""Fzd7_Lrp6""]",Wnt3a,Fzd7_Lrp6,Wnt3a_Fzd7_Lrp6,Brain,Liver,0.01222461462020874,0.07650213688611984,0.0,0.0,True,True,True,inverse_pca
0.5,"[""Wnt3a"",""Fzd7_Lrp6""]",Wnt3a,Fzd7_Lrp6,Wnt3a_Fzd7_Lrp6,Brain,Lung,0.01222461462020874,0.1564512848854065,0.0,0.0,True,True,True,inverse_pca
0.5,"[""Wnt3a"",""Fzd7_Lrp6""]",Wnt3a,Fzd7_Lrp6,Wnt3a_Fzd7_Lrp6,Brain,Lung primordium,0.01222461462020874,0.16340374946594238,0.0,0.0,True,True,True,inverse_pca
0.5,"[""Wnt3a"",""Fzd7_Lrp6""]",Wnt3a,Fzd7_Lrp6,Wnt3a_Fzd7_Lrp6,Brain,Meninges,0.01222461462020874,0.11632215976715088,0.1018853010048157,0.0001448802434100599,True,True,True,inverse_pca
0.5,"[""Wnt3a"",""Fzd7_Lrp6""]",Wnt3a,Fzd7_Lrp6,Wnt3a_Fzd7_Lrp6,Brain,Mesentery,0.01222461462020874,0.12770657241344452,0.0,0.0,True,True,True,inverse_pca
0.5,"[""Wnt3a"",""Fzd7_Lrp6""]",Wnt3a,Fzd7_Lrp6,Wnt3a_Fzd7_Lrp6,Brain,Mesothelium,0.01222461462020874,0.17146126925945282,0.0,0.0,True,True,True,inverse_pca
0.5,"[""Wnt3a"",""Fzd7_Lrp6""]",Wnt3a,Fzd7_Lrp6,Wnt3a_Fzd7_Lrp6,Brain,Mucosal epithelium,0.01222461462020874,0.1630340814590454,0.0,0.0,True,True,True,inverse_pca
0.5,"[""Wnt3a"",""Fzd7_Lrp6""]",Wnt3a,Fzd7_Lrp6,Wnt3a_Fzd7_Lrp6,Brain,Muscle,0.01222461462020874,0.14359518885612488,0.0,0.0,True,True,True,inverse_pca
0.5,"[""Wnt3a"",""Fzd7_Lrp6""]",Wnt3a,Fzd7_Lrp6,Wnt3a_Fzd7_Lrp6,Brain,Ovary,0.01222461462020874,0.14392352104187012,0.0,0.0,True,True,True,inverse_pca
0.5,"[""Wnt3a"",""Fzd7_Lrp6""]",Wnt3a,Fzd7_Lrp6,Wnt3a_Fzd7_Lrp6,Brain,Sympathetic nerve,0.01222461462020874,0.14416562020778656,0.0,0.0,True,True,True,inverse_pca
0.5,"[""Wnt3a"",""Fzd7_Lrp6""]",Wnt3a,Fzd7_Lrp6,Wnt3a_Fzd7_Lrp6,Brain,Urogenital ridge,0.01222461462020874,0.18443477153778076,0.0,0.0,True,True,True,inverse_pca
0.5,"[""Wnt3a"",""Fzd7_Lrp6""]",Wnt3a,Fzd7_Lrp6,Wnt3a_Fzd7_Lrp6,Cartilage primordium,Blood vessel,0.004200871102511883,0.13776904344558716,0.0,0.0,True,True,True,inverse_pca
0.5,"[""Wnt3a"",""Fzd7_Lrp6""]",Wnt3a,Fzd7_Lrp6,Wnt3a_Fzd7_Lrp6,Cartilage primordium,Brain,0.004200871102511883,0.06658847630023956,0.0051589805983641,1.4431196093680514e-06,True,True,True,inverse_pca
0.5,"[""Wnt3a"",""Fzd7_Lrp6""]",Wnt3a,Fzd7_Lrp6,Wnt3a_Fzd7_Lrp6,Cartilage primordium,Cartilage primordium,0.004200871102511883,0.1618843674659729,7.269304960264486,0.004943529810688913,True,True,True,inverse_pca
0.5,"[""Wnt3a"",""Fzd7_Lrp6""]",Wnt3a,Fzd7_Lrp6,Wnt3a_Fzd7_Lrp6,Cartilage primordium,Cavity,0.004200871102511883,0.09481555968523026,0.0399721830147798,1.5921238063794774e-05,True,True,True,inverse_pca
0.5,"[""Wnt3a"",""Fzd7_Lrp6""]",Wnt3a,Fzd7_Lrp6,Wnt3a_Fzd7_Lrp6,Cartilage primordium,Choroid plexus,0.004200871102511883,0.12133104354143143,0.0,0.0,True,True,True,inverse_pca
0.5,"[""Wnt3a"",""Fzd7_Lrp6""]",Wnt3a,Fzd7_Lrp6,Wnt3a_Fzd7_Lrp6,Cartilage primordium,Connective tissue,0.004200871102511883,0.14356932044029236,0.0225836956046621,1.362059288834109e-05,True,True,True,inverse_pca
0.5,"[""Wnt3a"",""Fzd7_Lrp6""]",Wnt3a,Fzd7_Lrp6,Wnt3a_Fzd7_Lrp6,Cartilage primordium,Dorsal root ganglion,0.004200871102511883,0.10027303546667099,0.0644562616276099,2.7151175166123812e-05,True,True,True,inverse_pca
0.5,"[""Wnt3a"",""Fzd7_Lrp6""]",Wnt3a,Fzd7_Lrp6,Wnt3a_Fzd7_Lrp6,Cartilage primordium,Epidermis,0.004200871102511883,0.12553785741329193,0.0077297585962064,4.076430094588658e-06,True,True,True,inverse_pca
0.5,"[""Wnt3a"",""Fzd7_Lrp6""]",Wnt3a,Fzd7_Lrp6,Wnt3a_Fzd7_Lrp6,Cartilage primordium,GI tract,0.004200871102511883,0.15439914166927338,0.0,0.0,True,True,True,inverse_pca
0.5,"[""Wnt3a"",""Fzd7_Lrp6""]",Wnt3a,Fzd7_Lrp6,Wnt3a_Fzd7_Lrp6,Cartilage primordium,Heart,0.004200871102511883,0.09662845730781555,0.0,0.0,True,True,True,inverse_pca
0.5,"[""Wnt3a"",""Fzd7_Lrp6""]",Wnt3a,Fzd7_Lrp6,Wnt3a_Fzd7_Lrp6,Cartilage primordium,Jaw and tooth,0.004200871102511883,0.16906334459781647,0.0095138640681724,6.756872974611266e-06,True,True,True,inverse_pca
0.5,"[""Wnt3a"",""Fzd7_Lrp6""]",Wnt3a,Fzd7_Lrp6,Wnt3a_Fzd7_Lrp6,Cartilage primordium,Kidney,0.004200871102511883,0.1651308834552765,0.0,0.0,True,True,True,inverse_pca
0.5,"[""Wnt3a"",""Fzd7_Lrp6""]",Wnt3a,Fzd7_Lrp6,Wnt3a_Fzd7_Lrp6,Cartilage primordium,Liver,0.004200871102511883,0.07650213688611984,0.0,0.0,True,True,True,inverse_pca
0.5,"[""Wnt3a"",""Fzd7_Lrp6""]",Wnt3a,Fzd7_Lrp6,Wnt3a_Fzd7_Lrp6,Cartilage primordium,Lung,0.004200871102511883,0.1564512848854065,0.0,0.0,True,True,True,inverse_pca
0.5,"[""Wnt3a"",""Fzd7_Lrp6""]",Wnt3a,Fzd7_Lrp6,Wnt3a_Fzd7_Lrp6,Cartilage primordium,Lung primordium,0.004200871102511883,0.16340374946594238,0.0,0.0,True,True,True,inverse_pca
0.5,"[""Wnt3a"",""Fzd7_Lrp6""]",Wnt3a,Fzd7_Lrp6,Wnt3a_Fzd7_Lrp6,Cartilage primordium,Meninges,0.004200871102511883,0.11632215976715088,0.087762606718615,4.2885583888816495e-05,True,True,True,inverse_pca
0.5,"[""Wnt3a"",""Fzd7_Lrp6""]",Wnt3a,Fzd7_Lrp6,Wnt3a_Fzd7_Lrp6,Cartilage primordium,Mesentery,0.004200871102511883,0.12770657241344452,0.0,0.0,True,True,True,inverse_pca
0.5,"[""Wnt3a"",""Fzd7_Lrp6""]",Wnt3a,Fzd7_Lrp6,Wnt3a_Fzd7_Lrp6,Cartilage primordium,Mesothelium,0.004200871102511883,0.17146126925945282,0.0462868896567768,3.33398305983025e-05,True,True,True,inverse_pca
0.5,"[""Wnt3a"",""Fzd7_Lrp6""]",Wnt3a,Fzd7_Lrp6,Wnt3a_Fzd7_Lrp6,Cartilage primordium,Mucosal epithelium,0.004200871102511883,0.1630340814590454,0.0164767168963436,1.1284658912968354e-05,True,True,True,inverse_pca
0.5,"[""Wnt3a"",""Fzd7_Lrp6""]",Wnt3a,Fzd7_Lrp6,Wnt3a_Fzd7_Lrp6,Cartilage primordium,Muscle,0.004200871102511883,0.14359518885612488,1.0588155227124425,0.0006387038659161066,True,True,True,inverse_pca
0.5,"[""Wnt3a"",""Fzd7_Lrp6""]",Wnt3a,Fzd7_Lrp6,Wnt3a_Fzd7_Lrp6,Cartilage primordium,Ovary,0.004200871102511883,0.14392352104187012,0.0,0.0,True,True,True,inverse_pca
0.5,"[""Wnt3a"",""Fzd7_Lrp6""]",Wnt3a,Fzd7_Lrp6,Wnt3a_Fzd7_Lrp6,Cartilage primordium,Sympathetic nerve,0.004200871102511883,0.14416562020778656,0.0,0.0,True,True,True,inverse_pca
0.5,"[""Wnt3a"",""Fzd7_Lrp6""]",Wnt3a,Fzd7_Lrp6,Wnt3a_Fzd7_Lrp6,Cartilage primordium,Urogenital ridge,0.004200871102511883,0.18443477153778076,0.0039042364054196,3.0249504485842372e-06,True,True,True,inverse_pca
0.5,"[""Wnt3a"",""Fzd7_Lrp6""]",Wnt3a,Fzd7_Lrp6,Wnt3a_Fzd7_Lrp6,Cavity,Blood vessel,0.008049391210079193,0.13776904344558716,0.0610664953061932,6.77201129976856e-05,True,True,True,inverse_pca
0.5,"[""Wnt3a"",""Fzd7_Lrp6""]",Wnt3a,Fzd7_Lrp6,Wnt3a_Fzd7_Lrp6,Cavity,Brain,0.008049391210079193,0.06658847630023956,0.0282436867055217,1.5138522752039818e-05,True,True,True,inverse_pca
0.5,"[""Wnt3a"",""Fzd7_Lrp6""]",Wnt3a,Fzd7_Lrp6,Wnt3a_Fzd7_Lrp6,Cavity,Cartilage primordium,0.008049391210079193,0.1618843674659729,0.020104329199272,2.6197360403362126e-05,True,True,True,inverse_pca
0.5,"[""Wnt3a"",""Fzd7_Lrp6""]",Wnt3a,Fzd7_Lrp6,Wnt3a_Fzd7_Lrp6,Cavity,Cavity,0.008049391210079193,0.09481555968523026,4.1217366288941975,0.0031457404430147817,True,True,True,inverse_pca
0.5,"[""Wnt3a"",""Fzd7_Lrp6""]",Wnt3a,Fzd7_Lrp6,Wnt3a_Fzd7_Lrp6,Cavity,Choroid plexus,0.008049391210079193,0.12133104354143143,0.002025025917764,1.9777234090209393e-06,True,True,True,inverse_pca
0.5,"[""Wnt3a"",""Fzd7_Lrp6""]",Wnt3a,Fzd7_Lrp6,Wnt3a_Fzd7_Lrp6,Cavity,Connective tissue,0.008049391210079193,0.14356932044029236,0.0711134542123982,8.218195230953642e-05,True,True,True,inverse_pca
0.5,"[""Wnt3a"",""Fzd7_Lrp6""]",Wnt3a,Fzd7_Lrp6,Wnt3a_Fzd7_Lrp6,Cavity,Dorsal root ganglion,0.008049391210079193,0.10027303546667099,0.0186309479406482,1.5037725384032653e-05,True,True,True,inverse_pca
0.5,"[""Wnt3a"",""Fzd7_Lrp6""]",Wnt3a,Fzd7_Lrp6,Wnt3a_Fzd7_Lrp6,Cavity,Epidermis,0.008049391210079193,0.12553785741329193,0.1392082119134907,0.00014067036114436115,True,True,True,inverse_pca
0.5,"[""Wnt3a"",""Fzd7_Lrp6""]",Wnt3a,Fzd7_Lrp6,Wnt3a_Fzd7_Lrp6,Cavity,GI tract,0.008049391210079193,0.15439914166927338,0.1520579950520635,0.00018898057961510626,True,True,True,inverse_pca
0.5,"[""Wnt3a"",""Fzd7_Lrp6""]",Wnt3a,Fzd7_Lrp6,Wnt3a_Fzd7_Lrp6,Cavity,Heart,0.008049391210079193,0.09662845730781555,0.0675372891357547,5.2530520704845303e-05,True,True,True,inverse_pca
0.5,"[""Wnt3a"",""Fzd7_Lrp6""]",Wnt3a,Fzd7_Lrp6,Wnt3a_Fzd7_Lrp6,Cavity,Jaw and tooth,0.008049391210079193,0.16906334459781647,0.1265892653249862,0.00017226988783632056,True,True,True,inverse_pca
0.5,"[""Wnt3a"",""Fzd7_Lrp6""]",Wnt3a,Fzd7_Lrp6,Wnt3a_Fzd7_Lrp6,Cavity,Kidney,0.008049391210079193,0.1651308834552765,0.0035097450935865,4.6651639947188805e-06,True,True,True,inverse_pca
0.5,"[""Wnt3a"",""Fzd7_Lrp6""]",Wnt3a,Fzd7_Lrp6,Wnt3a_Fzd7_Lrp6,Cavity,Liver,0.008049391210079193,0.07650213688611984,0.0953384268669377,5.87089864644506e-05,True,True,True,inverse_pca
0.5,"[""Wnt3a"",""Fzd7_Lrp6""]",Wnt3a,Fzd7_Lrp6,Wnt3a_Fzd7_Lrp6,Cavity,Lung,0.008049391210079193,0.1564512848854065,0.0,0.0,True,True,True,inverse_pca
0.5,"[""Wnt3a"",""Fzd7_Lrp6""]",Wnt3a,Fzd7_Lrp6,Wnt3a_Fzd7_Lrp6,Cavity,Lung primordium,0.008049391210079193,0.16340374946594238,0.0355402660063894,4.6746136921479664e-05,True,True,True,inverse_pca
0.5,"[""Wnt3a"",""Fzd7_Lrp6""]",Wnt3a,Fzd7_Lrp6,Wnt3a_Fzd7_Lrp6,Cavity,Meninges,0.008049391210079193,0.11632215976715088,0.0824586063990602,7.720785429245967e-05,True,True,True,inverse_pca
0.5,"[""Wnt3a"",""Fzd7_Lrp6""]",Wnt3a,Fzd7_Lrp6,Wnt3a_Fzd7_Lrp6,Cavity,Mesentery,0.008049391210079193,0.12770657241344452,0.0090315905256193,9.284115254903138e-06,True,True,True,inverse_pca
0.5,"[""Wnt3a"",""Fzd7_Lrp6""]",Wnt3a,Fzd7_Lrp6,Wnt3a_Fzd7_Lrp6,Cavity,Mesothelium,0.008049391210079193,0.17146126925945282,0.0283337425769476,3.9105065107827745e-05,True,True,True,inverse_pca
0.5,"[""Wnt3a"",""Fzd7_Lrp6""]",Wnt3a,Fzd7_Lrp6,Wnt3a_Fzd7_Lrp6,Cavity,Mucosal epithelium,0.008049391210079193,0.1630340814590454,0.0110074251247627,1.4445320302250882e-05,True,True,True,inverse_pca
0.5,"[""Wnt3a"",""Fzd7_Lrp6""]",Wnt3a,Fzd7_Lrp6,Wnt3a_Fzd7_Lrp6,Cavity,Muscle,0.008049391210079193,0.14359518885612488,0.0917437390808696,0.00010604235412067546,True,True,True,inverse_pca
0.5,"[""Wnt3a"",""Fzd7_Lrp6""]",Wnt3a,Fzd7_Lrp6,Wnt3a_Fzd7_Lrp6,Cavity,Ovary,0.008049391210079193,0.14392352104187012,0.0059708231100066,6.917179019679645e-06,True,True,True,inverse_pca
0.5,"[""Wnt3a"",""Fzd7_Lrp6""]",Wnt3a,Fzd7_Lrp6,Wnt3a_Fzd7_Lrp6,Cavity,Sympathetic nerve,0.008049391210079193,0.14416562020778656,0.0074937949129198,8.696140405490294e-06,True,True,True,inverse_pca
0.5,"[""Wnt3a"",""Fzd7_Lrp6""]",Wnt3a,Fzd7_Lrp6,Wnt3a_Fzd7_Lrp6,Cavity,Urogenital ridge,0.008049391210079193,0.18443477153778076,0.0253997849953003,3.7708206579451765e-05,True,True,True,inverse_pca
0.5,"[""Wnt3a"",""Fzd7_Lrp6""]",Wnt3a,Fzd7_Lrp6,Wnt3a_Fzd7_Lrp6,Choroid plexus,Blood vessel,0.02308652736246586,0.13776904344558716,0.0,0.0,True,True,True,inverse_pca
0.5,"[""Wnt3a"",""Fzd7_Lrp6""]",Wnt3a,Fzd7_Lrp6,Wnt3a_Fzd7_Lrp6,Choroid plexus,Brain,0.02308652736246586,0.06658847630023956,1.5370036406793457,0.002362830594164681,True,True,True,inverse_pca
0.5,"[""Wnt3a"",""Fzd7_Lrp6""]",Wnt3a,Fzd7_Lrp6,Wnt3a_Fzd7_Lrp6,Choroid plexus,Cartilage primordium,0.02308652736246586,0.1618843674659729,0.0,0.0,True,True,True,inverse_pca
0.5,"[""Wnt3a"",""Fzd7_Lrp6""]",Wnt3a,Fzd7_Lrp6,Wnt3a_Fzd7_Lrp6,Choroid plexus,Cavity,0.02308652736246586,0.09481555968523026,0.0648888651875482,0.0001420392609661523,True,True,True,inverse_pca
0.5,"[""Wnt3a"",""Fzd7_Lrp6""]",Wnt3a,Fzd7_Lrp6,Wnt3a_Fzd7_Lrp6,Choroid plexus,Choroid plexus,0.02308652736246586,0.12133104354143143,5.7533013328262,0.01611564403015878,True,True,True,inverse_pca
0.5,"[""Wnt3a"",""Fzd7_Lrp6""]",Wnt3a,Fzd7_Lrp6,Wnt3a_Fzd7_Lrp6,Choroid plexus,Connective tissue,0.02308652736246586,0.14356932044029236,0.0,0.0,True,True,True,inverse_pca
0.5,"[""Wnt3a"",""Fzd7_Lrp6""]",Wnt3a,Fzd7_Lrp6,Wnt3a_Fzd7_Lrp6,Choroid plexus,Dorsal root ganglion,0.02308652736246586,0.10027303546667099,0.0,0.0,True,True,True,inverse_pca
0.5,"[""Wnt3a"",""Fzd7_Lrp6""]",Wnt3a,Fzd7_Lrp6,Wnt3a_Fzd7_Lrp6,Choroid plexus,Epidermis,0.02308652736246586,0.12553785741329193,0.0,0.0,True,True,True,inverse_pca
0.5,"[""Wnt3a"",""Fzd7_Lrp6""]",Wnt3a,Fzd7_Lrp6,Wnt3a_Fzd7_Lrp6,Choroid plexus,GI tract,0.02308652736246586,0.15439914166927338,0.0,0.0,True,True,True,inverse_pca
0.5,"[""Wnt3a"",""Fzd7_Lrp6""]",Wnt3a,Fzd7_Lrp6,Wnt3a_Fzd7_Lrp6,Choroid plexus,Heart,0.02308652736246586,0.09662845730781555,0.0,0.0,True,True,True,inverse_pca
0.5,"[""Wnt3a"",""Fzd7_Lrp6""]",Wnt3a,Fzd7_Lrp6,Wnt3a_Fzd7_Lrp6,Choroid plexus,Jaw and tooth,0.02308652736246586,0.16906334459781647,0.0,0.0,True,True,True,inverse_pca
0.5,"[""Wnt3a"",""Fzd7_Lrp6""]",Wnt3a,Fzd7_Lrp6,Wnt3a_Fzd7_Lrp6,Choroid plexus,Kidney,0.02308652736246586,0.1651308834552765,0.0,0.0,True,True,True,inverse_pca
0.5,"[""Wnt3a"",""Fzd7_Lrp6""]",Wnt3a,Fzd7_Lrp6,Wnt3a_Fzd7_Lrp6,Choroid plexus,Liver,0.02308652736246586,0.07650213688611984,0.0,0.0,True,True,True,inverse_pca
0.5,"[""Wnt3a"",""Fzd7_Lrp6""]",Wnt3a,Fzd7_Lrp6,Wnt3a_Fzd7_Lrp6,Choroid plexus,Lung,0.02308652736246586,0.1564512848854065,0.0,0.0,True,True,True,inverse_pca
0.5,"[""Wnt3a"",""Fzd7_Lrp6""]",Wnt3a,Fzd7_Lrp6,Wnt3a_Fzd7_Lrp6,Choroid plexus,Lung primordium,0.02308652736246586,0.16340374946594238,0.0,0.0,True,True,True,inverse_pca
0.5,"[""Wnt3a"",""Fzd7_Lrp6""]",Wnt3a,Fzd7_Lrp6,Wnt3a_Fzd7_Lrp6,Choroid plexus,Meninges,0.02308652736246586,0.11632215976715088,0.7195105397182963,0.0019322273682992502,True,True,True,inverse_pca
0.5,"[""Wnt3a"",""Fzd7_Lrp6""]",Wnt3a,Fzd7_Lrp6,Wnt3a_Fzd7_Lrp6,Choroid plexus,Mesentery,0.02308652736246586,0.12770657241344452,0.0,0.0,True,True,True,inverse_pca
0.5,"[""Wnt3a"",""Fzd7_Lrp6""]",Wnt3a,Fzd7_Lrp6,Wnt3a_Fzd7_Lrp6,Choroid plexus,Mesothelium,0.02308652736246586,0.17146126925945282,0.0,0.0,True,True,True,inverse_pca
0.5,"[""Wnt3a"",""Fzd7_Lrp6""]",Wnt3a,Fzd7_Lrp6,Wnt3a_Fzd7_Lrp6,Choroid plexus,Mucosal epithelium,0.02308652736246586,0.1630340814590454,0.0,0.0,True,True,True,inverse_pca
0.5,"[""Wnt3a"",""Fzd7_Lrp6""]",Wnt3a,Fzd7_Lrp6,Wnt3a_Fzd7_Lrp6,Choroid plexus,Muscle,0.02308652736246586,0.14359518885612488,0.0,0.0,True,True,True,inverse_pca
0.5,"[""Wnt3a"",""Fzd7_Lrp6""]",Wnt3a,Fzd7_Lrp6,Wnt3a_Fzd7_Lrp6,Choroid plexus,Ovary,0.02308652736246586,0.14392352104187012,0.0,0.0,True,True,True,inverse_pca
0.5,"[""Wnt3a"",""Fzd7_Lrp6""]",Wnt3a,Fzd7_Lrp6,Wnt3a_Fzd7_Lrp6,Choroid plexus,Sympathetic nerve,0.02308652736246586,0.14416562020778656,0.0,0.0,True,True,True,inverse_pca
0.5,"[""Wnt3a"",""Fzd7_Lrp6""]",Wnt3a,Fzd7_Lrp6,Wnt3a_Fzd7_Lrp6,Choroid plexus,Urogenital ridge,0.02308652736246586,0.18443477153778076,0.0,0.0,True,True,True,inverse_pca
0.5,"[""Wnt3a"",""Fzd7_Lrp6""]",Wnt3a,Fzd7_Lrp6,Wnt3a_Fzd7_Lrp6,Connective tissue,Blood vessel,0.007600415963679552,0.13776904344558716,0.0132279374706211,1.3851000272180978e-05,True,True,True,inverse_pca
0.5,"[""Wnt3a"",""Fzd7_Lrp6""]",Wnt3a,Fzd7_Lrp6,Wnt3a_Fzd7_Lrp6,Connective tissue,Brain,0.007600415963679552,0.06658847630023956,0.0,0.0,True,True,True,inverse_pca
0.5,"[""Wnt3a"",""Fzd7_Lrp6""]",Wnt3a,Fzd7_Lrp6,Wnt3a_Fzd7_Lrp6,Connective tissue,Cartilage primordium,0.007600415963679552,0.1618843674659729,0.0291398722734024,3.58533646329633e-05,True,True,True,inverse_pca
0.5,"[""Wnt3a"",""Fzd7_Lrp6""]",Wnt3a,Fzd7_Lrp6,Wnt3a_Fzd7_Lrp6,Connective tissue,Cavity,0.007600415963679552,0.09481555968523026,0.203850635313276,0.00014690245163779273,True,True,True,inverse_pca
0.5,"[""Wnt3a"",""Fzd7_Lrp6""]",Wnt3a,Fzd7_Lrp6,Wnt3a_Fzd7_Lrp6,Connective tissue,Choroid plexus,0.007600415963679552,0.12133104354143143,0.0,0.0,True,True,True,inverse_pca
0.5,"[""Wnt3a"",""Fzd7_Lrp6""]",Wnt3a,Fzd7_Lrp6,Wnt3a_Fzd7_Lrp6,Connective tissue,Connective tissue,0.007600415963679552,0.14356932044029236,6.25359061720656,0.006823834001776233,True,True,True,inverse_pca
0.5,"[""Wnt3a"",""Fzd7_Lrp6""]",Wnt3a,Fzd7_Lrp6,Wnt3a_Fzd7_Lrp6,Connective tissue,Dorsal root ganglion,0.007600415963679552,0.10027303546667099,0.0,0.0,True,True,True,inverse_pca
0.5,"[""Wnt3a"",""Fzd7_Lrp6""]",Wnt3a,Fzd7_Lrp6,Wnt3a_Fzd7_Lrp6,Connective tissue,Epidermis,0.007600415963679552,0.12553785741329193,0.2292264616311486,0.00021871412132253967,True,True,True,inverse_pca
0.5,"[""Wnt3a"",""Fzd7_Lrp6""]",Wnt3a,Fzd7_Lrp6,Wnt3a_Fzd7_Lrp6,Connective tissue,GI tract,0.007600415963679552,0.15439914166927338,0.0656400068482356,7.702839713800832e-05,True,True,True,inverse_pca
0.5,"[""Wnt3a"",""Fzd7_Lrp6""]",Wnt3a,Fzd7_Lrp6,Wnt3a_Fzd7_Lrp6,Connective tissue,Heart,0.007600415963679552,0.09662845730781555,0.0582225550964697,4.2759603357358265e-05,True,True,True,inverse_pca
0.5,"[""Wnt3a"",""Fzd7_Lrp6""]",Wnt3a,Fzd7_Lrp6,Wnt3a_Fzd7_Lrp6,Connective tissue,Jaw and tooth,0.007600415963679552,0.16906334459781647,0.0,0.0,True,True,True,inverse_pca
0.5,"[""Wnt3a"",""Fzd7_Lrp6""]",Wnt3a,Fzd7_Lrp6,Wnt3a_Fzd7_Lrp6,Connective tissue,Kidney,0.007600415963679552,0.1651308834552765,0.0070367229518605,8.831533451889532e-06,True,True,True,inverse_pca
0.5,"[""Wnt3a"",""Fzd7_Lrp6""]",Wnt3a,Fzd7_Lrp6,Wnt3a_Fzd7_Lrp6,Connective tissue,Liver,0.007600415963679552,0.07650213688611984,0.0171848391419026,9.992091422485918e-06,True,True,True,inverse_pca
0.5,"[""Wnt3a"",""Fzd7_Lrp6""]",Wnt3a,Fzd7_Lrp6,Wnt3a_Fzd7_Lrp6,Connective tissue,Lung,0.007600415963679552,0.1564512848854065,0.0,0.0,True,True,True,inverse_pca
0.5,"[""Wnt3a"",""Fzd7_Lrp6""]",Wnt3a,Fzd7_Lrp6,Wnt3a_Fzd7_Lrp6,Connective tissue,Lung primordium,0.007600415963679552,0.16340374946594238,0.0,0.0,True,True,True,inverse_pca
0.5,"[""Wnt3a"",""Fzd7_Lrp6""]",Wnt3a,Fzd7_Lrp6,Wnt3a_Fzd7_Lrp6,Connective tissue,Meninges,0.007600415963679552,0.11632215976715088,0.0270374218029762,2.3903698096908678e-05,True,True,True,inverse_pca
0.5,"[""Wnt3a"",""Fzd7_Lrp6""]",Wnt3a,Fzd7_Lrp6,Wnt3a_Fzd7_Lrp6,Connective tissue,Mesentery,0.007600415963679552,0.12770657241344452,0.0419470920491574,4.0714815331032666e-05,True,True,True,inverse_pca
0.5,"[""Wnt3a"",""Fzd7_Lrp6""]",Wnt3a,Fzd7_Lrp6,Wnt3a_Fzd7_Lrp6,Connective tissue,Mesothelium,0.007600415963679552,0.17146126925945282,0.0,0.0,True,True,True,inverse_pca
0.5,"[""Wnt3a"",""Fzd7_Lrp6""]",Wnt3a,Fzd7_Lrp6,Wnt3a_Fzd7_Lrp6,Connective tissue,Mucosal epithelium,0.007600415963679552,0.1630340814590454,0.0015128400788378,1.8746007392736074e-06,True,True,True,inverse_pca
0.5,"[""Wnt3a"",""Fzd7_Lrp6""]",Wnt3a,Fzd7_Lrp6,Wnt3a_Fzd7_Lrp6,Connective tissue,Muscle,0.007600415963679552,0.14359518885612488,1.3378707872397864,0.0014601296550614913,True,True,True,inverse_pca
0.5,"[""Wnt3a"",""Fzd7_Lrp6""]",Wnt3a,Fzd7_Lrp6,Wnt3a_Fzd7_Lrp6,Connective tissue,Ovary,0.007600415963679552,0.14392352104187012,0.0,0.0,True,True,True,inverse_pca
0.5,"[""Wnt3a"",""Fzd7_Lrp6""]",Wnt3a,Fzd7_Lrp6,Wnt3a_Fzd7_Lrp6,Connective tissue,Sympathetic nerve,0.007600415963679552,0.14416562020778656,0.0312588074758871,3.425085930464609e-05,True,True,True,inverse_pca
0.5,"[""Wnt3a"",""Fzd7_Lrp6""]",Wnt3a,Fzd7_Lrp6,Wnt3a_Fzd7_Lrp6,Connective tissue,Urogenital ridge,0.007600415963679552,0.18443477153778076,0.0042962293126689,6.02237254418011e-06,True,True,True,inverse_pca
0.5,"[""Wnt3a"",""Fzd7_Lrp6""]",Wnt3a,Fzd7_Lrp6,Wnt3a_Fzd7_Lrp6,Dorsal root ganglion,Blood vessel,0.005552822723984718,0.13776904344558716,0.0,0.0,True,True,True,inverse_pca
0.5,"[""Wnt3a"",""Fzd7_Lrp6""]",Wnt3a,Fzd7_Lrp6,Wnt3a_Fzd7_Lrp6,Dorsal root ganglion,Brain,0.005552822723984718,0.06658847630023956,0.0,0.0,True,True,True,inverse_pca
0.5,"[""Wnt3a"",""Fzd7_Lrp6""]",Wnt3a,Fzd7_Lrp6,Wnt3a_Fzd7_Lrp6,Dorsal root ganglion,Cartilage primordium,0.005552822723984718,0.1618843674659729,0.1536764816192817,0.00013814212433766338,True,True,True,inverse_pca
0.5,"[""Wnt3a"",""Fzd7_Lrp6""]",Wnt3a,Fzd7_Lrp6,Wnt3a_Fzd7_Lrp6,Dorsal root ganglion,Cavity,0.005552822723984718,0.09481555968523026,0.0913131894089105,4.8075845833983715e-05,True,True,True,inverse_pca
0.5,"[""Wnt3a"",""Fzd7_Lrp6""]",Wnt3a,Fzd7_Lrp6,Wnt3a_Fzd7_Lrp6,Dorsal root ganglion,Choroid plexus,0.005552822723984718,0.12133104354143143,0.0,0.0,True,True,True,inverse_pca
0.5,"[""Wnt3a"",""Fzd7_Lrp6""]",Wnt3a,Fzd7_Lrp6,Wnt3a_Fzd7_Lrp6,Dorsal root ganglion,Connective tissue,0.005552822723984718,0.14356932044029236,0.0,0.0,True,True,True,inverse_pca
0.5,"[""Wnt3a"",""Fzd7_Lrp6""]",Wnt3a,Fzd7_Lrp6,Wnt3a_Fzd7_Lrp6,Dorsal root ganglion,Dorsal root ganglion,0.005552822723984718,0.10027303546667099,3.18164042569208,0.001771532266400545,True,True,True,inverse_pca
0.5,"[""Wnt3a"",""Fzd7_Lrp6""]",Wnt3a,Fzd7_Lrp6,Wnt3a_Fzd7_Lrp6,Dorsal root ganglion,Epidermis,0.005552822723984718,0.12553785741329193,0.0380356645803126,2.6514261163159377e-05,True,True,True,inverse_pca
0.5,"[""Wnt3a"",""Fzd7_Lrp6""]",Wnt3a,Fzd7_Lrp6,Wnt3a_Fzd7_Lrp6,Dorsal root ganglion,GI tract,0.005552822723984718,0.15439914166927338,0.0,0.0,True,True,True,inverse_pca
0.5,"[""Wnt3a"",""Fzd7_Lrp6""]",Wnt3a,Fzd7_Lrp6,Wnt3a_Fzd7_Lrp6,Dorsal root ganglion,Heart,0.005552822723984718,0.09662845730781555,0.0,0.0,True,True,True,inverse_pca
0.5,"[""Wnt3a"",""Fzd7_Lrp6""]",Wnt3a,Fzd7_Lrp6,Wnt3a_Fzd7_Lrp6,Dorsal root ganglion,Jaw and tooth,0.005552822723984718,0.16906334459781647,0.0,0.0,True,True,True,inverse_pca
0.5,"[""Wnt3a"",""Fzd7_Lrp6""]",Wnt3a,Fzd7_Lrp6,Wnt3a_Fzd7_Lrp6,Dorsal root ganglion,Kidney,0.005552822723984718,0.1651308834552765,0.0,0.0,True,True,True,inverse_pca
0.5,"[""Wnt3a"",""Fzd7_Lrp6""]",Wnt3a,Fzd7_Lrp6,Wnt3a_Fzd7_Lrp6,Dorsal root ganglion,Liver,0.005552822723984718,0.07650213688611984,0.0,0.0,True,True,True,inverse_pca
0.5,"[""Wnt3a"",""Fzd7_Lrp6""]",Wnt3a,Fzd7_Lrp6,Wnt3a_Fzd7_Lrp6,Dorsal root ganglion,Lung,0.005552822723984718,0.1564512848854065,0.0,0.0,True,True,True,inverse_pca
0.5,"[""Wnt3a"",""Fzd7_Lrp6""]",Wnt3a,Fzd7_Lrp6,Wnt3a_Fzd7_Lrp6,Dorsal root ganglion,Lung primordium,0.005552822723984718,0.16340374946594238,0.0,0.0,True,True,True,inverse_pca
0.5,"[""Wnt3a"",""Fzd7_Lrp6""]",Wnt3a,Fzd7_Lrp6,Wnt3a_Fzd7_Lrp6,Dorsal root ganglion,Meninges,0.005552822723984718,0.11632215976715088,0.0,0.0,True,True,True,inverse_pca
0.5,"[""Wnt3a"",""Fzd7_Lrp6""]",Wnt3a,Fzd7_Lrp6,Wnt3a_Fzd7_Lrp6,Dorsal root ganglion,Mesentery,0.005552822723984718,0.12770657241344452,0.0,0.0,True,True,True,inverse_pca
0.5,"[""Wnt3a"",""Fzd7_Lrp6""]",Wnt3a,Fzd7_Lrp6,Wnt3a_Fzd7_Lrp6,Dorsal root ganglion,Mesothelium,0.005552822723984718,0.17146126925945282,0.0,0.0,True,True,True,inverse_pca
0.5,"[""Wnt3a"",""Fzd7_Lrp6""]",Wnt3a,Fzd7_Lrp6,Wnt3a_Fzd7_Lrp6,Dorsal root ganglion,Mucosal epithelium,0.005552822723984718,0.1630340814590454,0.0,0.0,True,True,True,inverse_pca
0.5,"[""Wnt3a"",""Fzd7_Lrp6""]",Wnt3a,Fzd7_Lrp6,Wnt3a_Fzd7_Lrp6,Dorsal root ganglion,Muscle,0.005552822723984718,0.14359518885612488,0.0239704942765824,1.9113080422509426e-05,True,True,True,inverse_pca
0.5,"[""Wnt3a"",""Fzd7_Lrp6""]",Wnt3a,Fzd7_Lrp6,Wnt3a_Fzd7_Lrp6,Dorsal root ganglion,Ovary,0.005552822723984718,0.14392352104187012,0.0,0.0,True,True,True,inverse_pca
0.5,"[""Wnt3a"",""Fzd7_Lrp6""]",Wnt3a,Fzd7_Lrp6,Wnt3a_Fzd7_Lrp6,Dorsal root ganglion,Sympathetic nerve,0.005552822723984718,0.14416562020778656,0.0,0.0,True,True,True,inverse_pca
0.5,"[""Wnt3a"",""Fzd7_Lrp6""]",Wnt3a,Fzd7_Lrp6,Wnt3a_Fzd7_Lrp6,Dorsal root ganglion,Urogenital ridge,0.005552822723984718,0.18443477153778076,0.0,0.0,True,True,True,inverse_pca
0.5,"[""Wnt3a"",""Fzd7_Lrp6""]",Wnt3a,Fzd7_Lrp6,Wnt3a_Fzd7_Lrp6,Epidermis,Blood vessel,0.014772709459066391,0.13776904344558716,0.0,0.0,True,True,True,inverse_pca
0.5,"[""Wnt3a"",""Fzd7_Lrp6""]",Wnt3a,Fzd7_Lrp6,Wnt3a_Fzd7_Lrp6,Epidermis,Brain,0.014772709459066391,0.06658847630023956,0.0023819954498954,2.343150377143718e-06,True,True,True,inverse_pca
0.5,"[""Wnt3a"",""Fzd7_Lrp6""]",Wnt3a,Fzd7_Lrp6,Wnt3a_Fzd7_Lrp6,Epidermis,Cartilage primordium,0.014772709459066391,0.1618843674659729,0.0173281669616699,4.1439804033423466e-05,True,True,True,inverse_pca
0.5,"[""Wnt3a"",""Fzd7_Lrp6""]",Wnt3a,Fzd7_Lrp6,Wnt3a_Fzd7_Lrp6,Epidermis,Cavity,0.014772709459066391,0.09481555968523026,0.5719385011364584,0.0008011043728300208,True,True,True,inverse_pca
0.5,"[""Wnt3a"",""Fzd7_Lrp6""]",Wnt3a,Fzd7_Lrp6,Wnt3a_Fzd7_Lrp6,Epidermis,Choroid plexus,0.014772709459066391,0.12133104354143143,0.0,0.0,True,True,True,inverse_pca
0.5,"[""Wnt3a"",""Fzd7_Lrp6""]",Wnt3a,Fzd7_Lrp6,Wnt3a_Fzd7_Lrp6,Epidermis,Connective tissue,0.014772709459066391,0.14356932044029236,0.3713068664073944,0.0007875076507299449,True,True,True,inverse_pca
0.5,"[""Wnt3a"",""Fzd7_Lrp6""]",Wnt3a,Fzd7_Lrp6,Wnt3a_Fzd7_Lrp6,Epidermis,Dorsal root ganglion,0.014772709459066391,0.10027303546667099,0.0337461314771486,4.9988293699066095e-05,True,True,True,inverse_pca
0.5,"[""Wnt3a"",""Fzd7_Lrp6""]",Wnt3a,Fzd7_Lrp6,Wnt3a_Fzd7_Lrp6,Epidermis,Epidermis,0.014772709459066391,0.12553785741329193,5.266877650177997,0.009767605222873229,True,True,True,inverse_pca
0.5,"[""Wnt3a"",""Fzd7_Lrp6""]",Wnt3a,Fzd7_Lrp6,Wnt3a_Fzd7_Lrp6,Epidermis,GI tract,0.014772709459066391,0.15439914166927338,0.090527252788129,0.00020648303699682865,True,True,True,inverse_pca
0.5,"[""Wnt3a"",""Fzd7_Lrp6""]",Wnt3a,Fzd7_Lrp6,Wnt3a_Fzd7_Lrp6,Epidermis,Heart,0.014772709459066391,0.09662845730781555,0.0146416399789893,2.0900415805362828e-05,True,True,True,inverse_pca
0.5,"[""Wnt3a"",""Fzd7_Lrp6""]",Wnt3a,Fzd7_Lrp6,Wnt3a_Fzd7_Lrp6,Epidermis,Jaw and tooth,0.014772709459066391,0.16906334459781647,0.2395224800576334,0.0005982130634222553,True,True,True,inverse_pca
0.5,"[""Wnt3a"",""Fzd7_Lrp6""]",Wnt3a,Fzd7_Lrp6,Wnt3a_Fzd7_Lrp6,Epidermis,Kidney,0.014772709459066391,0.1651308834552765,0.0,0.0,True,True,True,inverse_pca
0.5,"[""Wnt3a"",""Fzd7_Lrp6""]",Wnt3a,Fzd7_Lrp6,Wnt3a_Fzd7_Lrp6,Epidermis,Liver,0.014772709459066391,0.07650213688611984,0.0,0.0,True,True,True,inverse_pca
0.5,"[""Wnt3a"",""Fzd7_Lrp6""]",Wnt3a,Fzd7_Lrp6,Wnt3a_Fzd7_Lrp6,Epidermis,Lung,0.014772709459066391,0.1564512848854065,0.0,0.0,True,True,True,inverse_pca
0.5,"[""Wnt3a"",""Fzd7_Lrp6""]",Wnt3a,Fzd7_Lrp6,Wnt3a_Fzd7_Lrp6,Epidermis,Lung primordium,0.014772709459066391,0.16340374946594238,0.0,0.0,True,True,True,inverse_pca
0.5,"[""Wnt3a"",""Fzd7_Lrp6""]",Wnt3a,Fzd7_Lrp6,Wnt3a_Fzd7_Lrp6,Epidermis,Meninges,0.014772709459066391,0.11632215976715088,0.013938720718674,2.395220666160688e-05,True,True,True,inverse_pca
0.5,"[""Wnt3a"",""Fzd7_Lrp6""]",Wnt3a,Fzd7_Lrp6,Wnt3a_Fzd7_Lrp6,Epidermis,Mesentery,0.014772709459066391,0.12770657241344452,0.1048976690872855,0.00019789701483518933,True,True,True,inverse_pca
0.5,"[""Wnt3a"",""Fzd7_Lrp6""]",Wnt3a,Fzd7_Lrp6,Wnt3a_Fzd7_Lrp6,Epidermis,Mesothelium,0.014772709459066391,0.17146126925945282,0.0,0.0,True,True,True,inverse_pca
0.5,"[""Wnt3a"",""Fzd7_Lrp6""]",Wnt3a,Fzd7_Lrp6,Wnt3a_Fzd7_Lrp6,Epidermis,Mucosal epithelium,0.014772709459066391,0.1630340814590454,0.0038128633861956,9.183110334125774e-06,True,True,True,inverse_pca
0.5,"[""Wnt3a"",""Fzd7_Lrp6""]",Wnt3a,Fzd7_Lrp6,Wnt3a_Fzd7_Lrp6,Epidermis,Muscle,0.014772709459066391,0.14359518885612488,0.2757759230292361,0.0005850007090564361,True,True,True,inverse_pca
0.5,"[""Wnt3a"",""Fzd7_Lrp6""]",Wnt3a,Fzd7_Lrp6,Wnt3a_Fzd7_Lrp6,Epidermis,Ovary,0.014772709459066391,0.14392352104187012,0.0,0.0,True,True,True,inverse_pca
0.5,"[""Wnt3a"",""Fzd7_Lrp6""]",Wnt3a,Fzd7_Lrp6,Wnt3a_Fzd7_Lrp6,Epidermis,Sympathetic nerve,0.014772709459066391,0.14416562020778656,0.0,0.0,True,True,True,inverse_pca
0.5,"[""Wnt3a"",""Fzd7_Lrp6""]",Wnt3a,Fzd7_Lrp6,Wnt3a_Fzd7_Lrp6,Epidermis,Urogenital ridge,0.014772709459066391,0.18443477153778076,0.0029935682597367,8.156279954386214e-06,True,True,True,inverse_pca
0.5,"[""Wnt3a"",""Fzd7_Lrp6""]",Wnt3a,Fzd7_Lrp6,Wnt3a_Fzd7_Lrp6,GI tract,Blood vessel,0.005961608607321978,0.13776904344558716,0.0,0.0,True,True,True,inverse_pca
0.5,"[""Wnt3a"",""Fzd7_Lrp6""]",Wnt3a,Fzd7_Lrp6,Wnt3a_Fzd7_Lrp6,GI tract,Brain,0.005961608607321978,0.06658847630023956,0.0,0.0,True,True,True,inverse_pca
0.5,"[""Wnt3a"",""Fzd7_Lrp6""]",Wnt3a,Fzd7_Lrp6,Wnt3a_Fzd7_Lrp6,GI tract,Cartilage primordium,0.005961608607321978,0.1618843674659729,0.0,0.0,True,True,True,inverse_pca
0.5,"[""Wnt3a"",""Fzd7_Lrp6""]",Wnt3a,Fzd7_Lrp6,Wnt3a_Fzd7_Lrp6,GI tract,Cavity,0.005961608607321978,0.09481555968523026,0.5698361886598827,0.0003221017614411959,True,True,True,inverse_pca
0.5,"[""Wnt3a"",""Fzd7_Lrp6""]",Wnt3a,Fzd7_Lrp6,Wnt3a_Fzd7_Lrp6,GI tract,Choroid plexus,0.005961608607321978,0.12133104354143143,0.0,0.0,True,True,True,inverse_pca
0.5,"[""Wnt3a"",""Fzd7_Lrp6""]",Wnt3a,Fzd7_Lrp6,Wnt3a_Fzd7_Lrp6,GI tract,Connective tissue,0.005961608607321978,0.14356932044029236,0.0783203225198427,6.703468488269821e-05,True,True,True,inverse_pca
0.5,"[""Wnt3a"",""Fzd7_Lrp6""]",Wnt3a,Fzd7_Lrp6,Wnt3a_Fzd7_Lrp6,GI tract,Dorsal root ganglion,0.005961608607321978,0.10027303546667099,0.0,0.0,True,True,True,inverse_pca
0.5,"[""Wnt3a"",""Fzd7_Lrp6""]",Wnt3a,Fzd7_Lrp6,Wnt3a_Fzd7_Lrp6,GI tract,Epidermis,0.005961608607321978,0.12553785741329193,0.0747580233031768,5.594947065550741e-05,True,True,True,inverse_pca
0.5,"[""Wnt3a"",""Fzd7_Lrp6""]",Wnt3a,Fzd7_Lrp6,Wnt3a_Fzd7_Lrp6,GI tract,GI tract,0.005961608607321978,0.15439914166927338,4.25874040887906,0.003920031080881057,True,True,True,inverse_pca
0.5,"[""Wnt3a"",""Fzd7_Lrp6""]",Wnt3a,Fzd7_Lrp6,Wnt3a_Fzd7_Lrp6,GI tract,Heart,0.005961608607321978,0.09662845730781555,0.0130053523781151,7.491876852899163e-06,True,True,True,inverse_pca
0.5,"[""Wnt3a"",""Fzd7_Lrp6""]",Wnt3a,Fzd7_Lrp6,Wnt3a_Fzd7_Lrp6,GI tract,Jaw and tooth,0.005961608607321978,0.16906334459781647,0.0,0.0,True,True,True,inverse_pca
0.5,"[""Wnt3a"",""Fzd7_Lrp6""]",Wnt3a,Fzd7_Lrp6,Wnt3a_Fzd7_Lrp6,GI tract,Kidney,0.005961608607321978,0.1651308834552765,0.0641010987937562,6.310405082546455e-05,True,True,True,inverse_pca
0.5,"[""Wnt3a"",""Fzd7_Lrp6""]",Wnt3a,Fzd7_Lrp6,Wnt3a_Fzd7_Lrp6,GI tract,Liver,0.005961608607321978,0.07650213688611984,0.0,0.0,True,True,True,inverse_pca
0.5,"[""Wnt3a"",""Fzd7_Lrp6""]",Wnt3a,Fzd7_Lrp6,Wnt3a_Fzd7_Lrp6,GI tract,Lung,0.005961608607321978,0.1564512848854065,0.0,0.0,True,True,True,inverse_pca
0.5,"[""Wnt3a"",""Fzd7_Lrp6""]",Wnt3a,Fzd7_Lrp6,Wnt3a_Fzd7_Lrp6,GI tract,Lung primordium,0.005961608607321978,0.16340374946594238,0.0095218198608054,9.275673193138124e-06,True,True,True,inverse_pca
0.5,"[""Wnt3a"",""Fzd7_Lrp6""]",Wnt3a,Fzd7_Lrp6,Wnt3a_Fzd7_Lrp6,GI tract,Meninges,0.005961608607321978,0.11632215976715088,0.0,0.0,True,True,True,inverse_pca
0.5,"[""Wnt3a"",""Fzd7_Lrp6""]",Wnt3a,Fzd7_Lrp6,Wnt3a_Fzd7_Lrp6,GI tract,Mesentery,0.005961608607321978,0.12770657241344452,0.1284247776580796,9.777448374639743e-05,True,True,True,inverse_pca
0.5,"[""Wnt3a"",""Fzd7_Lrp6""]",Wnt3a,Fzd7_Lrp6,Wnt3a_Fzd7_Lrp6,GI tract,Mesothelium,0.005961608607321978,0.17146126925945282,0.0099182072991949,1.0138242516269723e-05,True,True,True,inverse_pca
0.5,"[""Wnt3a"",""Fzd7_Lrp6""]",Wnt3a,Fzd7_Lrp6,Wnt3a_Fzd7_Lrp6,GI tract,Mucosal epithelium,0.005961608607321978,0.1630340814590454,0.0,0.0,True,True,True,inverse_pca
0.5,"[""Wnt3a"",""Fzd7_Lrp6""]",Wnt3a,Fzd7_Lrp6,Wnt3a_Fzd7_Lrp6,GI tract,Muscle,0.005961608607321978,0.14359518885612488,0.0,0.0,True,True,True,inverse_pca
0.5,"[""Wnt3a"",""Fzd7_Lrp6""]",Wnt3a,Fzd7_Lrp6,Wnt3a_Fzd7_Lrp6,GI tract,Ovary,0.005961608607321978,0.14392352104187012,0.0,0.0,True,True,True,inverse_pca
0.5,"[""Wnt3a"",""Fzd7_Lrp6""]",Wnt3a,Fzd7_Lrp6,Wnt3a_Fzd7_Lrp6,GI tract,Sympathetic nerve,0.005961608607321978,0.14416562020778656,0.0103969898277554,8.93578650439665e-06,True,True,True,inverse_pca
0.5,"[""Wnt3a"",""Fzd7_Lrp6""]",Wnt3a,Fzd7_Lrp6,Wnt3a_Fzd7_Lrp6,GI tract,Urogenital ridge,0.005961608607321978,0.18443477153778076,0.0431207865197036,4.741250877498474e-05,True,True,True,inverse_pca
0.5,"[""Wnt3a"",""Fzd7_Lrp6""]",Wnt3a,Fzd7_Lrp6,Wnt3a_Fzd7_Lrp6,Heart,Blood vessel,0.007145997602492571,0.13776904344558716,0.3600987805561585,0.0003545162606838523,True,True,True,inverse_pca
0.5,"[""Wnt3a"",""Fzd7_Lrp6""]",Wnt3a,Fzd7_Lrp6,Wnt3a_Fzd7_Lrp6,Heart,Brain,0.007145997602492571,0.06658847630023956,0.0,0.0,True,True,True,inverse_pca
0.5,"[""Wnt3a"",""Fzd7_Lrp6""]",Wnt3a,Fzd7_Lrp6,Wnt3a_Fzd7_Lrp6,Heart,Cartilage primordium,0.007145997602492571,0.1618843674659729,0.0,0.0,True,True,True,inverse_pca
0.5,"[""Wnt3a"",""Fzd7_Lrp6""]",Wnt3a,Fzd7_Lrp6,Wnt3a_Fzd7_Lrp6,Heart,Cavity,0.007145997602492571,0.09481555968523026,0.2503121643716638,0.00016959944806752532,True,True,True,inverse_pca
0.5,"[""Wnt3a"",""Fzd7_Lrp6""]",Wnt3a,Fzd7_Lrp6,Wnt3a_Fzd7_Lrp6,Heart,Choroid plexus,0.007145997602492571,0.12133104354143143,0.0,0.0,True,True,True,inverse_pca
0.5,"[""Wnt3a"",""Fzd7_Lrp6""]",Wnt3a,Fzd7_Lrp6,Wnt3a_Fzd7_Lrp6,Heart,Connective tissue,0.007145997602492571,0.14356932044029236,0.0793024075622401,8.135998938776218e-05,True,True,True,inverse_pca
0.5,"[""Wnt3a"",""Fzd7_Lrp6""]",Wnt3a,Fzd7_Lrp6,Wnt3a_Fzd7_Lrp6,Heart,Dorsal root ganglion,0.007145997602492571,0.10027303546667099,0.0,0.0,True,True,True,inverse_pca
0.5,"[""Wnt3a"",""Fzd7_Lrp6""]",Wnt3a,Fzd7_Lrp6,Wnt3a_Fzd7_Lrp6,Heart,Epidermis,0.007145997602492571,0.12553785741329193,0.0147088106013526,1.3195174383841228e-05,True,True,True,inverse_pca
0.5,"[""Wnt3a"",""Fzd7_Lrp6""]",Wnt3a,Fzd7_Lrp6,Wnt3a_Fzd7_Lrp6,Heart,GI tract,0.007145997602492571,0.15439914166927338,0.0155968316330397,1.720854420765078e-05,True,True,True,inverse_pca
0.5,"[""Wnt3a"",""Fzd7_Lrp6""]",Wnt3a,Fzd7_Lrp6,Wnt3a_Fzd7_Lrp6,Heart,Heart,0.007145997602492571,0.09662845730781555,13.40383547252856,0.009255438524578018,True,True,True,inverse_pca
0.5,"[""Wnt3a"",""Fzd7_Lrp6""]",Wnt3a,Fzd7_Lrp6,Wnt3a_Fzd7_Lrp6,Heart,Jaw and tooth,0.007145997602492571,0.16906334459781647,0.0,0.0,True,True,True,inverse_pca
0.5,"[""Wnt3a"",""Fzd7_Lrp6""]",Wnt3a,Fzd7_Lrp6,Wnt3a_Fzd7_Lrp6,Heart,Kidney,0.007145997602492571,0.1651308834552765,0.0,0.0,True,True,True,inverse_pca
0.5,"[""Wnt3a"",""Fzd7_Lrp6""]",Wnt3a,Fzd7_Lrp6,Wnt3a_Fzd7_Lrp6,Heart,Liver,0.007145997602492571,0.07650213688611984,0.2022818637977946,0.00011058427598119364,True,True,True,inverse_pca
0.5,"[""Wnt3a"",""Fzd7_Lrp6""]",Wnt3a,Fzd7_Lrp6,Wnt3a_Fzd7_Lrp6,Heart,Lung,0.007145997602492571,0.1564512848854065,0.0,0.0,True,True,True,inverse_pca
0.5,"[""Wnt3a"",""Fzd7_Lrp6""]",Wnt3a,Fzd7_Lrp6,Wnt3a_Fzd7_Lrp6,Heart,Lung primordium,0.007145997602492571,0.16340374946594238,0.0788058883641377,9.202028053298241e-05,True,True,True,inverse_pca
0.5,"[""Wnt3a"",""Fzd7_Lrp6""]",Wnt3a,Fzd7_Lrp6,Wnt3a_Fzd7_Lrp6,Heart,Meninges,0.007145997602492571,0.11632215976715088,0.0,0.0,True,True,True,inverse_pca
0.5,"[""Wnt3a"",""Fzd7_Lrp6""]",Wnt3a,Fzd7_Lrp6,Wnt3a_Fzd7_Lrp6,Heart,Mesentery,0.007145997602492571,0.12770657241344452,0.0,0.0,True,True,True,inverse_pca
0.5,"[""Wnt3a"",""Fzd7_Lrp6""]",Wnt3a,Fzd7_Lrp6,Wnt3a_Fzd7_Lrp6,Heart,Mesothelium,0.007145997602492571,0.17146126925945282,0.0,0.0,True,True,True,inverse_pca
0.5,"[""Wnt3a"",""Fzd7_Lrp6""]",Wnt3a,Fzd7_Lrp6,Wnt3a_Fzd7_Lrp6,Heart,Mucosal epithelium,0.007145997602492571,0.1630340814590454,0.0,0.0,True,True,True,inverse_pca
0.5,"[""Wnt3a"",""Fzd7_Lrp6""]",Wnt3a,Fzd7_Lrp6,Wnt3a_Fzd7_Lrp6,Heart,Muscle,0.007145997602492571,0.14359518885612488,0.0,0.0,True,True,True,inverse_pca
0.5,"[""Wnt3a"",""Fzd7_Lrp6""]",Wnt3a,Fzd7_Lrp6,Wnt3a_Fzd7_Lrp6,Heart,Ovary,0.007145997602492571,0.14392352104187012,0.0,0.0,True,True,True,inverse_pca
0.5,"[""Wnt3a"",""Fzd7_Lrp6""]",Wnt3a,Fzd7_Lrp6,Wnt3a_Fzd7_Lrp6,Heart,Sympathetic nerve,0.007145997602492571,0.14416562020778656,0.0,0.0,True,True,True,inverse_pca
0.5,"[""Wnt3a"",""Fzd7_Lrp6""]",Wnt3a,Fzd7_Lrp6,Wnt3a_Fzd7_Lrp6,Heart,Urogenital ridge,0.007145997602492571,0.18443477153778076,0.0,0.0,True,True,True,inverse_pca
0.5,"[""Wnt3a"",""Fzd7_Lrp6""]",Wnt3a,Fzd7_Lrp6,Wnt3a_Fzd7_Lrp6,Jaw and tooth,Blood vessel,0.008384313434362411,0.13776904344558716,0.0055510077583655,6.4119626325113315e-06,True,True,True,inverse_pca
0.5,"[""Wnt3a"",""Fzd7_Lrp6""]",Wnt3a,Fzd7_Lrp6,Wnt3a_Fzd7_Lrp6,Jaw and tooth,Brain,0.008384313434362411,0.06658847630023956,0.0084312185142817,4.707137968488535e-06,True,True,True,inverse_pca
0.5,"[""Wnt3a"",""Fzd7_Lrp6""]",Wnt3a,Fzd7_Lrp6,Wnt3a_Fzd7_Lrp6,Jaw and tooth,Cartilage primordium,0.008384313434362411,0.1618843674659729,0.0091149806976318,1.2371665560576777e-05,True,True,True,inverse_pca
0.5,"[""Wnt3a"",""Fzd7_Lrp6""]",Wnt3a,Fzd7_Lrp6,Wnt3a_Fzd7_Lrp6,Jaw and tooth,Cavity,0.008384313434362411,0.09481555968523026,0.2799734696913301,0.0002225686532159207,True,True,True,inverse_pca
0.5,"[""Wnt3a"",""Fzd7_Lrp6""]",Wnt3a,Fzd7_Lrp6,Wnt3a_Fzd7_Lrp6,Jaw and tooth,Choroid plexus,0.008384313434362411,0.12133104354143143,0.0,0.0,True,True,True,inverse_pca
0.5,"[""Wnt3a"",""Fzd7_Lrp6""]",Wnt3a,Fzd7_Lrp6,Wnt3a_Fzd7_Lrp6,Jaw and tooth,Connective tissue,0.008384313434362411,0.14356932044029236,0.0,0.0,True,True,True,inverse_pca
0.5,"[""Wnt3a"",""Fzd7_Lrp6""]",Wnt3a,Fzd7_Lrp6,Wnt3a_Fzd7_Lrp6,Jaw and tooth,Dorsal root ganglion,0.008384313434362411,0.10027303546667099,0.0,0.0,True,True,True,inverse_pca
0.5,"[""Wnt3a"",""Fzd7_Lrp6""]",Wnt3a,Fzd7_Lrp6,Wnt3a_Fzd7_Lrp6,Jaw and tooth,Epidermis,0.008384313434362411,0.12553785741329193,0.1437418763557177,0.00015129533148041505,True,True,True,inverse_pca
0.5,"[""Wnt3a"",""Fzd7_Lrp6""]",Wnt3a,Fzd7_Lrp6,Wnt3a_Fzd7_Lrp6,Jaw and tooth,GI tract,0.008384313434362411,0.15439914166927338,0.0,0.0,True,True,True,inverse_pca
0.5,"[""Wnt3a"",""Fzd7_Lrp6""]",Wnt3a,Fzd7_Lrp6,Wnt3a_Fzd7_Lrp6,Jaw and tooth,Heart,0.008384313434362411,0.09662845730781555,0.0,0.0,True,True,True,inverse_pca
0.5,"[""Wnt3a"",""Fzd7_Lrp6""]",Wnt3a,Fzd7_Lrp6,Wnt3a_Fzd7_Lrp6,Jaw and tooth,Jaw and tooth,0.008384313434362411,0.16906334459781647,10.969472301688082,0.015549008381084929,True,True,True,inverse_pca
0.5,"[""Wnt3a"",""Fzd7_Lrp6""]",Wnt3a,Fzd7_Lrp6,Wnt3a_Fzd7_Lrp6,Jaw and tooth,Kidney,0.008384313434362411,0.1651308834552765,0.0,0.0,True,True,True,inverse_pca
0.5,"[""Wnt3a"",""Fzd7_Lrp6""]",Wnt3a,Fzd7_Lrp6,Wnt3a_Fzd7_Lrp6,Jaw and tooth,Liver,0.008384313434362411,0.07650213688611984,0.0,0.0,True,True,True,inverse_pca
0.5,"[""Wnt3a"",""Fzd7_Lrp6""]",Wnt3a,Fzd7_Lrp6,Wnt3a_Fzd7_Lrp6,Jaw and tooth,Lung,0.008384313434362411,0.1564512848854065,0.0,0.0,True,True,True,inverse_pca
0.5,"[""Wnt3a"",""Fzd7_Lrp6""]",Wnt3a,Fzd7_Lrp6,Wnt3a_Fzd7_Lrp6,Jaw and tooth,Lung primordium,0.008384313434362411,0.16340374946594238,0.0,0.0,True,True,True,inverse_pca
0.5,"[""Wnt3a"",""Fzd7_Lrp6""]",Wnt3a,Fzd7_Lrp6,Wnt3a_Fzd7_Lrp6,Jaw and tooth,Meninges,0.008384313434362411,0.11632215976715088,0.0232773742648992,2.2701991251934584e-05,True,True,True,inverse_pca
0.5,"[""Wnt3a"",""Fzd7_Lrp6""]",Wnt3a,Fzd7_Lrp6,Wnt3a_Fzd7_Lrp6,Jaw and tooth,Mesentery,0.008384313434362411,0.12770657241344452,0.0,0.0,True,True,True,inverse_pca
0.5,"[""Wnt3a"",""Fzd7_Lrp6""]",Wnt3a,Fzd7_Lrp6,Wnt3a_Fzd7_Lrp6,Jaw and tooth,Mesothelium,0.008384313434362411,0.17146126925945282,0.0,0.0,True,True,True,inverse_pca
0.5,"[""Wnt3a"",""Fzd7_Lrp6""]",Wnt3a,Fzd7_Lrp6,Wnt3a_Fzd7_Lrp6,Jaw and tooth,Mucosal epithelium,0.008384313434362411,0.1630340814590454,0.0266266804732633,3.6396777437351273e-05,True,True,True,inverse_pca
0.5,"[""Wnt3a"",""Fzd7_Lrp6""]",Wnt3a,Fzd7_Lrp6,Wnt3a_Fzd7_Lrp6,Jaw and tooth,Muscle,0.008384313434362411,0.14359518885612488,0.0436423998870206,5.2543139516969715e-05,True,True,True,inverse_pca
0.5,"[""Wnt3a"",""Fzd7_Lrp6""]",Wnt3a,Fzd7_Lrp6,Wnt3a_Fzd7_Lrp6,Jaw and tooth,Ovary,0.008384313434362411,0.14392352104187012,0.0,0.0,True,True,True,inverse_pca
0.5,"[""Wnt3a"",""Fzd7_Lrp6""]",Wnt3a,Fzd7_Lrp6,Wnt3a_Fzd7_Lrp6,Jaw and tooth,Sympathetic nerve,0.008384313434362411,0.14416562020778656,0.0,0.0,True,True,True,inverse_pca
0.5,"[""Wnt3a"",""Fzd7_Lrp6""]",Wnt3a,Fzd7_Lrp6,Wnt3a_Fzd7_Lrp6,Jaw and tooth,Urogenital ridge,0.008384313434362411,0.18443477153778076,0.0,0.0,True,True,True,inverse_pca
0.5,"[""Wnt3a"",""Fzd7_Lrp6""]",Wnt3a,Fzd7_Lrp6,Wnt3a_Fzd7_Lrp6,Kidney,Blood vessel,0.006036845501512289,0.13776904344558716,0.0,0.0,True,True,True,inverse_pca
0.5,"[""Wnt3a"",""Fzd7_Lrp6""]",Wnt3a,Fzd7_Lrp6,Wnt3a_Fzd7_Lrp6,Kidney,Brain,0.006036845501512289,0.06658847630023956,0.0,0.0,True,True,True,inverse_pca
0.5,"[""Wnt3a"",""Fzd7_Lrp6""]",Wnt3a,Fzd7_Lrp6,Wnt3a_Fzd7_Lrp6,Kidney,Cartilage primordium,0.006036845501512289,0.1618843674659729,0.0,0.0,True,True,True,inverse_pca
0.5,"[""Wnt3a"",""Fzd7_Lrp6""]",Wnt3a,Fzd7_Lrp6,Wnt3a_Fzd7_Lrp6,Kidney,Cavity,0.006036845501512289,0.09481555968523026,0.0717119039948453,4.104695334209928e-05,True,True,True,inverse_pca
0.5,"[""Wnt3a"",""Fzd7_Lrp6""]",Wnt3a,Fzd7_Lrp6,Wnt3a_Fzd7_Lrp6,Kidney,Choroid plexus,0.006036845501512289,0.12133104354143143,0.0,0.0,True,True,True,inverse_pca
0.5,"[""Wnt3a"",""Fzd7_Lrp6""]",Wnt3a,Fzd7_Lrp6,Wnt3a_Fzd7_Lrp6,Kidney,Connective tissue,0.006036845501512289,0.14356932044029236,0.0482193243872259,4.179196842010949e-05,True,True,True,inverse_pca
0.5,"[""Wnt3a"",""Fzd7_Lrp6""]",Wnt3a,Fzd7_Lrp6,Wnt3a_Fzd7_Lrp6,Kidney,Dorsal root ganglion,0.006036845501512289,0.10027303546667099,0.0,0.0,True,True,True,inverse_pca
0.5,"[""Wnt3a"",""Fzd7_Lrp6""]",Wnt3a,Fzd7_Lrp6,Wnt3a_Fzd7_Lrp6,Kidney,Epidermis,0.006036845501512289,0.12553785741329193,0.0,0.0,True,True,True,inverse_pca
0.5,"[""Wnt3a"",""Fzd7_Lrp6""]",Wnt3a,Fzd7_Lrp6,Wnt3a_Fzd7_Lrp6,Kidney,GI tract,0.006036845501512289,0.15439914166927338,0.3714184521399822,0.00034619310882413743,True,True,True,inverse_pca
0.5,"[""Wnt3a"",""Fzd7_Lrp6""]",Wnt3a,Fzd7_Lrp6,Wnt3a_Fzd7_Lrp6,Kidney,Heart,0.006036845501512289,0.09662845730781555,0.0,0.0,True,True,True,inverse_pca
0.5,"[""Wnt3a"",""Fzd7_Lrp6""]",Wnt3a,Fzd7_Lrp6,Wnt3a_Fzd7_Lrp6,Kidney,Jaw and tooth,0.006036845501512289,0.16906334459781647,0.0,0.0,True,True,True,inverse_pca
0.5,"[""Wnt3a"",""Fzd7_Lrp6""]",Wnt3a,Fzd7_Lrp6,Wnt3a_Fzd7_Lrp6,Kidney,Kidney,0.006036845501512289,0.1651308834552765,4.3114414439373405,0.004297945041070591,True,True,True,inverse_pca
0.5,"[""Wnt3a"",""Fzd7_Lrp6""]",Wnt3a,Fzd7_Lrp6,Wnt3a_Fzd7_Lrp6,Kidney,Liver,0.006036845501512289,0.07650213688611984,0.0,0.0,True,True,True,inverse_pca
0.5,"[""Wnt3a"",""Fzd7_Lrp6""]",Wnt3a,Fzd7_Lrp6,Wnt3a_Fzd7_Lrp6,Kidney,Lung,0.006036845501512289,0.1564512848854065,0.0,0.0,True,True,True,inverse_pca
0.5,"[""Wnt3a"",""Fzd7_Lrp6""]",Wnt3a,Fzd7_Lrp6,Wnt3a_Fzd7_Lrp6,Kidney,Lung primordium,0.006036845501512289,0.16340374946594238,0.0,0.0,True,True,True,inverse_pca
0.5,"[""Wnt3a"",""Fzd7_Lrp6""]",Wnt3a,Fzd7_Lrp6,Wnt3a_Fzd7_Lrp6,Kidney,Meninges,0.006036845501512289,0.11632215976715088,0.0,0.0,True,True,True,inverse_pca
0.5,"[""Wnt3a"",""Fzd7_Lrp6""]",Wnt3a,Fzd7_Lrp6,Wnt3a_Fzd7_Lrp6,Kidney,Mesentery,0.006036845501512289,0.12770657241344452,0.0,0.0,True,True,True,inverse_pca
0.5,"[""Wnt3a"",""Fzd7_Lrp6""]",Wnt3a,Fzd7_Lrp6,Wnt3a_Fzd7_Lrp6,Kidney,Mesothelium,0.006036845501512289,0.17146126925945282,0.0,0.0,True,True,True,inverse_pca
0.5,"[""Wnt3a"",""Fzd7_Lrp6""]",Wnt3a,Fzd7_Lrp6,Wnt3a_Fzd7_Lrp6,Kidney,Mucosal epithelium,0.006036845501512289,0.1630340814590454,0.0,0.0,True,True,True,inverse_pca
0.5,"[""Wnt3a"",""Fzd7_Lrp6""]",Wnt3a,Fzd7_Lrp6,Wnt3a_Fzd7_Lrp6,Kidney,Muscle,0.006036845501512289,0.14359518885612488,0.0,0.0,True,True,True,inverse_pca
0.5,"[""Wnt3a"",""Fzd7_Lrp6""]",Wnt3a,Fzd7_Lrp6,Wnt3a_Fzd7_Lrp6,Kidney,Ovary,0.006036845501512289,0.14392352104187012,0.0287236577456759,2.4956379429987063e-05,True,True,True,inverse_pca
0.5,"[""Wnt3a"",""Fzd7_Lrp6""]",Wnt3a,Fzd7_Lrp6,Wnt3a_Fzd7_Lrp6,Kidney,Sympathetic nerve,0.006036845501512289,0.14416562020778656,0.0,0.0,True,True,True,inverse_pca
0.5,"[""Wnt3a"",""Fzd7_Lrp6""]",Wnt3a,Fzd7_Lrp6,Wnt3a_Fzd7_Lrp6,Kidney,Urogenital ridge,0.006036845501512289,0.18443477153778076,0.1470593570433941,0.00016373650885205784,True,True,True,inverse_pca
0.5,"[""Wnt3a"",""Fzd7_Lrp6""]",Wnt3a,Fzd7_Lrp6,Wnt3a_Fzd7_Lrp6,Liver,Blood vessel,0.00846062134951353,0.13776904344558716,0.0,0.0,True,True,True,inverse_pca
0.5,"[""Wnt3a"",""Fzd7_Lrp6""]",Wnt3a,Fzd7_Lrp6,Wnt3a_Fzd7_Lrp6,Liver,Brain,0.00846062134951353,0.06658847630023956,0.0,0.0,True,True,True,inverse_pca
0.5,"[""Wnt3a"",""Fzd7_Lrp6""]",Wnt3a,Fzd7_Lrp6,Wnt3a_Fzd7_Lrp6,Liver,Cartilage primordium,0.00846062134951353,0.1618843674659729,0.0,0.0,True,True,True,inverse_pca
0.5,"[""Wnt3a"",""Fzd7_Lrp6""]",Wnt3a,Fzd7_Lrp6,Wnt3a_Fzd7_Lrp6,Liver,Cavity,0.00846062134951353,0.09481555968523026,0.3293844559033152,0.0002642317324369258,True,True,True,inverse_pca
0.5,"[""Wnt3a"",""Fzd7_Lrp6""]",Wnt3a,Fzd7_Lrp6,Wnt3a_Fzd7_Lrp6,Liver,Choroid plexus,0.00846062134951353,0.12133104354143143,0.0,0.0,True,True,True,inverse_pca
0.5,"[""Wnt3a"",""Fzd7_Lrp6""]",Wnt3a,Fzd7_Lrp6,Wnt3a_Fzd7_Lrp6,Liver,Connective tissue,0.00846062134951353,0.14356932044029236,0.0189427059720939,2.300943326142678e-05,True,True,True,inverse_pca
0.5,"[""Wnt3a"",""Fzd7_Lrp6""]",Wnt3a,Fzd7_Lrp6,Wnt3a_Fzd7_Lrp6,Liver,Dorsal root ganglion,0.00846062134951353,0.10027303546667099,0.0,0.0,True,True,True,inverse_pca
0.5,"[""Wnt3a"",""Fzd7_Lrp6""]",Wnt3a,Fzd7_Lrp6,Wnt3a_Fzd7_Lrp6,Liver,Epidermis,0.00846062134951353,0.12553785741329193,0.0,0.0,True,True,True,inverse_pca
0.5,"[""Wnt3a"",""Fzd7_Lrp6""]",Wnt3a,Fzd7_Lrp6,Wnt3a_Fzd7_Lrp6,Liver,GI tract,0.00846062134951353,0.15439914166927338,0.0,0.0,True,True,True,inverse_pca
0.5,"[""Wnt3a"",""Fzd7_Lrp6""]",Wnt3a,Fzd7_Lrp6,Wnt3a_Fzd7_Lrp6,Liver,Heart,0.00846062134951353,0.09662845730781555,0.1819249064737642,0.00014873030385386543,True,True,True,inverse_pca
0.5,"[""Wnt3a"",""Fzd7_Lrp6""]",Wnt3a,Fzd7_Lrp6,Wnt3a_Fzd7_Lrp6,Liver,Jaw and tooth,0.00846062134951353,0.16906334459781647,0.0,0.0,True,True,True,inverse_pca
0.5,"[""Wnt3a"",""Fzd7_Lrp6""]",Wnt3a,Fzd7_Lrp6,Wnt3a_Fzd7_Lrp6,Liver,Kidney,0.00846062134951353,0.1651308834552765,0.0,0.0,True,True,True,inverse_pca
0.5,"[""Wnt3a"",""Fzd7_Lrp6""]",Wnt3a,Fzd7_Lrp6,Wnt3a_Fzd7_Lrp6,Liver,Liver,0.00846062134951353,0.07650213688611984,7.979205691476523,0.0051645856680744805,True,True,True,inverse_pca
0.5,"[""Wnt3a"",""Fzd7_Lrp6""]",Wnt3a,Fzd7_Lrp6,Wnt3a_Fzd7_Lrp6,Liver,Lung,0.00846062134951353,0.1564512848854065,0.0,0.0,True,True,True,inverse_pca
0.5,"[""Wnt3a"",""Fzd7_Lrp6""]",Wnt3a,Fzd7_Lrp6,Wnt3a_Fzd7_Lrp6,Liver,Lung primordium,0.00846062134951353,0.16340374946594238,0.0010957032651968,1.5148067523992395e-06,True,True,True,inverse_pca
0.5,"[""Wnt3a"",""Fzd7_Lrp6""]",Wnt3a,Fzd7_Lrp6,Wnt3a_Fzd7_Lrp6,Liver,Meninges,0.00846062134951353,0.11632215976715088,0.0,0.0,True,True,True,inverse_pca
0.5,"[""Wnt3a"",""Fzd7_Lrp6""]",Wnt3a,Fzd7_Lrp6,Wnt3a_Fzd7_Lrp6,Liver,Mesentery,0.00846062134951353,0.12770657241344452,0.0,0.0,True,True,True,inverse_pca
0.5,"[""Wnt3a"",""Fzd7_Lrp6""]",Wnt3a,Fzd7_Lrp6,Wnt3a_Fzd7_Lrp6,Liver,Mesothelium,0.00846062134951353,0.17146126925945282,0.001596321942101,2.3157345563822716e-06,True,True,True,inverse_pca
0.5,"[""Wnt3a"",""Fzd7_Lrp6""]",Wnt3a,Fzd7_Lrp6,Wnt3a_Fzd7_Lrp6,Liver,Mucosal epithelium,0.00846062134951353,0.1630340814590454,0.0,0.0,True,True,True,inverse_pca
0.5,"[""Wnt3a"",""Fzd7_Lrp6""]",Wnt3a,Fzd7_Lrp6,Wnt3a_Fzd7_Lrp6,Liver,Muscle,0.00846062134951353,0.14359518885612488,0.0,0.0,True,True,True,inverse_pca
0.5,"[""Wnt3a"",""Fzd7_Lrp6""]",Wnt3a,Fzd7_Lrp6,Wnt3a_Fzd7_Lrp6,Liver,Ovary,0.00846062134951353,0.14392352104187012,0.0,0.0,True,True,True,inverse_pca
0.5,"[""Wnt3a"",""Fzd7_Lrp6""]",Wnt3a,Fzd7_Lrp6,Wnt3a_Fzd7_Lrp6,Liver,Sympathetic nerve,0.00846062134951353,0.14416562020778656,0.0,0.0,True,True,True,inverse_pca
0.5,"[""Wnt3a"",""Fzd7_Lrp6""]",Wnt3a,Fzd7_Lrp6,Wnt3a_Fzd7_Lrp6,Liver,Urogenital ridge,0.00846062134951353,0.18443477153778076,0.0,0.0,True,True,True,inverse_pca
0.5,"[""Wnt3a"",""Fzd7_Lrp6""]",Wnt3a,Fzd7_Lrp6,Wnt3a_Fzd7_Lrp6,Lung,Blood vessel,0.014028161764144897,0.13776904344558716,0.0,0.0,True,True,True,inverse_pca
0.5,"[""Wnt3a"",""Fzd7_Lrp6""]",Wnt3a,Fzd7_Lrp6,Wnt3a_Fzd7_Lrp6,Lung,Brain,0.014028161764144897,0.06658847630023956,0.0,0.0,True,True,True,inverse_pca
0.5,"[""Wnt3a"",""Fzd7_Lrp6""]",Wnt3a,Fzd7_Lrp6,Wnt3a_Fzd7_Lrp6,Lung,Cartilage primordium,0.014028161764144897,0.1618843674659729,0.0,0.0,True,True,True,inverse_pca
0.5,"[""Wnt3a"",""Fzd7_Lrp6""]",Wnt3a,Fzd7_Lrp6,Wnt3a_Fzd7_Lrp6,Lung,Cavity,0.014028161764144897,0.09481555968523026,0.0,0.0,True,True,True,inverse_pca
0.5,"[""Wnt3a"",""Fzd7_Lrp6""]",Wnt3a,Fzd7_Lrp6,Wnt3a_Fzd7_Lrp6,Lung,Choroid plexus,0.014028161764144897,0.12133104354143143,0.0,0.0,True,True,True,inverse_pca
0.5,"[""Wnt3a"",""Fzd7_Lrp6""]",Wnt3a,Fzd7_Lrp6,Wnt3a_Fzd7_Lrp6,Lung,Connective tissue,0.014028161764144897,0.14356932044029236,0.0,0.0,True,True,True,inverse_pca
0.5,"[""Wnt3a"",""Fzd7_Lrp6""]",Wnt3a,Fzd7_Lrp6,Wnt3a_Fzd7_Lrp6,Lung,Dorsal root ganglion,0.014028161764144897,0.10027303546667099,0.0,0.0,True,True,True,inverse_pca
0.5,"[""Wnt3a"",""Fzd7_Lrp6""]",Wnt3a,Fzd7_Lrp6,Wnt3a_Fzd7_Lrp6,Lung,Epidermis,0.014028161764144897,0.12553785741329193,0.0,0.0,True,True,True,inverse_pca
0.5,"[""Wnt3a"",""Fzd7_Lrp6""]",Wnt3a,Fzd7_Lrp6,Wnt3a_Fzd7_Lrp6,Lung,GI tract,0.014028161764144897,0.15439914166927338,0.0,0.0,True,True,True,inverse_pca
0.5,"[""Wnt3a"",""Fzd7_Lrp6""]",Wnt3a,Fzd7_Lrp6,Wnt3a_Fzd7_Lrp6,Lung,Heart,0.014028161764144897,0.09662845730781555,0.0,0.0,True,True,True,inverse_pca
0.5,"[""Wnt3a"",""Fzd7_Lrp6""]",Wnt3a,Fzd7_Lrp6,Wnt3a_Fzd7_Lrp6,Lung,Jaw and tooth,0.014028161764144897,0.16906334459781647,0.0,0.0,True,True,True,inverse_pca
0.5,"[""Wnt3a"",""Fzd7_Lrp6""]",Wnt3a,Fzd7_Lrp6,Wnt3a_Fzd7_Lrp6,Lung,Kidney,0.014028161764144897,0.1651308834552765,0.0,0.0,True,True,True,inverse_pca
0.5,"[""Wnt3a"",""Fzd7_Lrp6""]",Wnt3a,Fzd7_Lrp6,Wnt3a_Fzd7_Lrp6,Lung,Liver,0.014028161764144897,0.07650213688611984,0.0,0.0,True,True,True,inverse_pca
0.5,"[""Wnt3a"",""Fzd7_Lrp6""]",Wnt3a,Fzd7_Lrp6,Wnt3a_Fzd7_Lrp6,Lung,Lung,0.014028161764144897,0.1564512848854065,0.0,0.0,True,True,True,inverse_pca
0.5,"[""Wnt3a"",""Fzd7_Lrp6""]",Wnt3a,Fzd7_Lrp6,Wnt3a_Fzd7_Lrp6,Lung,Lung primordium,0.014028161764144897,0.16340374946594238,0.0,0.0,True,True,True,inverse_pca
0.5,"[""Wnt3a"",""Fzd7_Lrp6""]",Wnt3a,Fzd7_Lrp6,Wnt3a_Fzd7_Lrp6,Lung,Meninges,0.014028161764144897,0.11632215976715088,0.0,0.0,True,True,True,inverse_pca
0.5,"[""Wnt3a"",""Fzd7_Lrp6""]",Wnt3a,Fzd7_Lrp6,Wnt3a_Fzd7_Lrp6,Lung,Mesentery,0.014028161764144897,0.12770657241344452,0.0,0.0,True,True,True,inverse_pca
0.5,"[""Wnt3a"",""Fzd7_Lrp6""]",Wnt3a,Fzd7_Lrp6,Wnt3a_Fzd7_Lrp6,Lung,Mesothelium,0.014028161764144897,0.17146126925945282,0.0,0.0,True,True,True,inverse_pca
0.5,"[""Wnt3a"",""Fzd7_Lrp6""]",Wnt3a,Fzd7_Lrp6,Wnt3a_Fzd7_Lrp6,Lung,Mucosal epithelium,0.014028161764144897,0.1630340814590454,0.0,0.0,True,True,True,inverse_pca
0.5,"[""Wnt3a"",""Fzd7_Lrp6""]",Wnt3a,Fzd7_Lrp6,Wnt3a_Fzd7_Lrp6,Lung,Muscle,0.014028161764144897,0.14359518885612488,0.0,0.0,True,True,True,inverse_pca
0.5,"[""Wnt3a"",""Fzd7_Lrp6""]",Wnt3a,Fzd7_Lrp6,Wnt3a_Fzd7_Lrp6,Lung,Ovary,0.014028161764144897,0.14392352104187012,0.0,0.0,True,True,True,inverse_pca
0.5,"[""Wnt3a"",""Fzd7_Lrp6""]",Wnt3a,Fzd7_Lrp6,Wnt3a_Fzd7_Lrp6,Lung,Sympathetic nerve,0.014028161764144897,0.14416562020778656,0.0,0.0,True,True,True,inverse_pca
0.5,"[""Wnt3a"",""Fzd7_Lrp6""]",Wnt3a,Fzd7_Lrp6,Wnt3a_Fzd7_Lrp6,Lung,Urogenital ridge,0.014028161764144897,0.18443477153778076,0.0,0.0,True,True,True,inverse_pca
0.5,"[""Wnt3a"",""Fzd7_Lrp6""]",Wnt3a,Fzd7_Lrp6,Wnt3a_Fzd7_Lrp6,Lung primordium,Blood vessel,0.004758482798933983,0.13776904344558716,0.0,0.0,True,True,True,inverse_pca
0.5,"[""Wnt3a"",""Fzd7_Lrp6""]",Wnt3a,Fzd7_Lrp6,Wnt3a_Fzd7_Lrp6,Lung primordium,Brain,0.004758482798933983,0.06658847630023956,0.0,0.0,True,True,True,inverse_pca
0.5,"[""Wnt3a"",""Fzd7_Lrp6""]",Wnt3a,Fzd7_Lrp6,Wnt3a_Fzd7_Lrp6,Lung primordium,Cartilage primordium,0.004758482798933983,0.1618843674659729,0.0,0.0,True,True,True,inverse_pca
0.5,"[""Wnt3a"",""Fzd7_Lrp6""]",Wnt3a,Fzd7_Lrp6,Wnt3a_Fzd7_Lrp6,Lung primordium,Cavity,0.004758482798933983,0.09481555968523026,0.4373045770021585,0.00019730229620381522,True,True,True,inverse_pca
0.5,"[""Wnt3a"",""Fzd7_Lrp6""]",Wnt3a,Fzd7_Lrp6,Wnt3a_Fzd7_Lrp6,Lung primordium,Choroid plexus,0.004758482798933983,0.12133104354143143,0.0,0.0,True,True,True,inverse_pca
0.5,"[""Wnt3a"",""Fzd7_Lrp6""]",Wnt3a,Fzd7_Lrp6,Wnt3a_Fzd7_Lrp6,Lung primordium,Connective tissue,0.004758482798933983,0.14356932044029236,0.0,0.0,True,True,True,inverse_pca
0.5,"[""Wnt3a"",""Fzd7_Lrp6""]",Wnt3a,Fzd7_Lrp6,Wnt3a_Fzd7_Lrp6,Lung primordium,Dorsal root ganglion,0.004758482798933983,0.10027303546667099,0.0,0.0,True,True,True,inverse_pca
0.5,"[""Wnt3a"",""Fzd7_Lrp6""]",Wnt3a,Fzd7_Lrp6,Wnt3a_Fzd7_Lrp6,Lung primordium,Epidermis,0.004758482798933983,0.12553785741329193,0.0,0.0,True,True,True,inverse_pca
0.5,"[""Wnt3a"",""Fzd7_Lrp6""]",Wnt3a,Fzd7_Lrp6,Wnt3a_Fzd7_Lrp6,Lung primordium,GI tract,0.004758482798933983,0.15439914166927338,0.0287296328789148,2.1107823880212798e-05,True,True,True,inverse_pca
0.5,"[""Wnt3a"",""Fzd7_Lrp6""]",Wnt3a,Fzd7_Lrp6,Wnt3a_Fzd7_Lrp6,Lung primordium,Heart,0.004758482798933983,0.09662845730781555,0.2440565805404614,0.00011221839989180333,True,True,True,inverse_pca
0.5,"[""Wnt3a"",""Fzd7_Lrp6""]",Wnt3a,Fzd7_Lrp6,Wnt3a_Fzd7_Lrp6,Lung primordium,Jaw and tooth,0.004758482798933983,0.16906334459781647,0.0,0.0,True,True,True,inverse_pca
0.5,"[""Wnt3a"",""Fzd7_Lrp6""]",Wnt3a,Fzd7_Lrp6,Wnt3a_Fzd7_Lrp6,Lung primordium,Kidney,0.004758482798933983,0.1651308834552765,0.0,0.0,True,True,True,inverse_pca
0.5,"[""Wnt3a"",""Fzd7_Lrp6""]",Wnt3a,Fzd7_Lrp6,Wnt3a_Fzd7_Lrp6,Lung primordium,Liver,0.004758482798933983,0.07650213688611984,0.006997260527733,2.5472414558521436e-06,True,True,True,inverse_pca
0.5,"[""Wnt3a"",""Fzd7_Lrp6""]",Wnt3a,Fzd7_Lrp6,Wnt3a_Fzd7_Lrp6,Lung primordium,Lung,0.004758482798933983,0.1564512848854065,0.0,0.0,True,True,True,inverse_pca
0.5,"[""Wnt3a"",""Fzd7_Lrp6""]",Wnt3a,Fzd7_Lrp6,Wnt3a_Fzd7_Lrp6,Lung primordium,Lung primordium,0.004758482798933983,0.16340374946594238,6.087671663944538,0.004733493033637498,True,True,True,inverse_pca
0.5,"[""Wnt3a"",""Fzd7_Lrp6""]",Wnt3a,Fzd7_Lrp6,Wnt3a_Fzd7_Lrp6,Lung primordium,Meninges,0.004758482798933983,0.11632215976715088,0.0,0.0,True,True,True,inverse_pca
0.5,"[""Wnt3a"",""Fzd7_Lrp6""]",Wnt3a,Fzd7_Lrp6,Wnt3a_Fzd7_Lrp6,Lung primordium,Mesentery,0.004758482798933983,0.12770657241344452,0.0,0.0,True,True,True,inverse_pca
0.5,"[""Wnt3a"",""Fzd7_Lrp6""]",Wnt3a,Fzd7_Lrp6,Wnt3a_Fzd7_Lrp6,Lung primordium,Mesothelium,0.004758482798933983,0.17146126925945282,0.0076603453892927,6.2500413350512455e-06,True,True,True,inverse_pca
0.5,"[""Wnt3a"",""Fzd7_Lrp6""]",Wnt3a,Fzd7_Lrp6,Wnt3a_Fzd7_Lrp6,Lung primordium,Mucosal epithelium,0.004758482798933983,0.1630340814590454,0.0,0.0,True,True,True,inverse_pca
0.5,"[""Wnt3a"",""Fzd7_Lrp6""]",Wnt3a,Fzd7_Lrp6,Wnt3a_Fzd7_Lrp6,Lung primordium,Muscle,0.004758482798933983,0.14359518885612488,0.0,0.0,True,True,True,inverse_pca
0.5,"[""Wnt3a"",""Fzd7_Lrp6""]",Wnt3a,Fzd7_Lrp6,Wnt3a_Fzd7_Lrp6,Lung primordium,Ovary,0.004758482798933983,0.14392352104187012,0.0,0.0,True,True,True,inverse_pca
0.5,"[""Wnt3a"",""Fzd7_Lrp6""]",Wnt3a,Fzd7_Lrp6,Wnt3a_Fzd7_Lrp6,Lung primordium,Sympathetic nerve,0.004758482798933983,0.14416562020778656,0.0,0.0,True,True,True,inverse_pca
0.5,"[""Wnt3a"",""Fzd7_Lrp6""]",Wnt3a,Fzd7_Lrp6,Wnt3a_Fzd7_Lrp6,Lung primordium,Urogenital ridge,0.004758482798933983,0.18443477153778076,0.0,0.0,True,True,True,inverse_pca
0.5,"[""Wnt3a"",""Fzd7_Lrp6""]",Wnt3a,Fzd7_Lrp6,Wnt3a_Fzd7_Lrp6,Meninges,Blood vessel,0.009740768000483513,0.13776904344558716,0.0,0.0,True,True,True,inverse_pca
0.5,"[""Wnt3a"",""Fzd7_Lrp6""]",Wnt3a,Fzd7_Lrp6,Wnt3a_Fzd7_Lrp6,Meninges,Brain,0.009740768000483513,0.06658847630023956,0.3241705884363555,0.0002102644668895601,True,True,True,inverse_pca
0.5,"[""Wnt3a"",""Fzd7_Lrp6""]",Wnt3a,Fzd7_Lrp6,Wnt3a_Fzd7_Lrp6,Meninges,Cartilage primordium,0.009740768000483513,0.1618843674659729,0.0633606814076034,9.991206878324183e-05,True,True,True,inverse_pca
0.5,"[""Wnt3a"",""Fzd7_Lrp6""]",Wnt3a,Fzd7_Lrp6,Wnt3a_Fzd7_Lrp6,Meninges,Cavity,0.009740768000483513,0.09481555968523026,0.1350190378941219,0.00012470039286266685,True,True,True,inverse_pca
0.5,"[""Wnt3a"",""Fzd7_Lrp6""]",Wnt3a,Fzd7_Lrp6,Wnt3a_Fzd7_Lrp6,Meninges,Choroid plexus,0.009740768000483513,0.12133104354143143,0.0375071122096135,4.4328063608365015e-05,True,True,True,inverse_pca
0.5,"[""Wnt3a"",""Fzd7_Lrp6""]",Wnt3a,Fzd7_Lrp6,Wnt3a_Fzd7_Lrp6,Meninges,Connective tissue,0.009740768000483513,0.14356932044029236,0.0136002653191363,1.9019637058881615e-05,True,True,True,inverse_pca
0.5,"[""Wnt3a"",""Fzd7_Lrp6""]",Wnt3a,Fzd7_Lrp6,Wnt3a_Fzd7_Lrp6,Meninges,Dorsal root ganglion,0.009740768000483513,0.10027303546667099,0.0,0.0,True,True,True,inverse_pca
0.5,"[""Wnt3a"",""Fzd7_Lrp6""]",Wnt3a,Fzd7_Lrp6,Wnt3a_Fzd7_Lrp6,Meninges,Epidermis,0.009740768000483513,0.12553785741329193,0.0048685832591565,5.95347471244514e-06,True,True,True,inverse_pca
0.5,"[""Wnt3a"",""Fzd7_Lrp6""]",Wnt3a,Fzd7_Lrp6,Wnt3a_Fzd7_Lrp6,Meninges,GI tract,0.009740768000483513,0.15439914166927338,0.0,0.0,True,True,True,inverse_pca
0.5,"[""Wnt3a"",""Fzd7_Lrp6""]",Wnt3a,Fzd7_Lrp6,Wnt3a_Fzd7_Lrp6,Meninges,Heart,0.009740768000483513,0.09662845730781555,0.0,0.0,True,True,True,inverse_pca
0.5,"[""Wnt3a"",""Fzd7_Lrp6""]",Wnt3a,Fzd7_Lrp6,Wnt3a_Fzd7_Lrp6,Meninges,Jaw and tooth,0.009740768000483513,0.16906334459781647,0.0172176139230467,2.8354083982895213e-05,True,True,True,inverse_pca
0.5,"[""Wnt3a"",""Fzd7_Lrp6""]",Wnt3a,Fzd7_Lrp6,Wnt3a_Fzd7_Lrp6,Meninges,Kidney,0.009740768000483513,0.1651308834552765,0.0,0.0,True,True,True,inverse_pca
0.5,"[""Wnt3a"",""Fzd7_Lrp6""]",Wnt3a,Fzd7_Lrp6,Wnt3a_Fzd7_Lrp6,Meninges,Liver,0.009740768000483513,0.07650213688611984,0.0,0.0,True,True,True,inverse_pca
0.5,"[""Wnt3a"",""Fzd7_Lrp6""]",Wnt3a,Fzd7_Lrp6,Wnt3a_Fzd7_Lrp6,Meninges,Lung,0.009740768000483513,0.1564512848854065,0.0,0.0,True,True,True,inverse_pca
0.5,"[""Wnt3a"",""Fzd7_Lrp6""]",Wnt3a,Fzd7_Lrp6,Wnt3a_Fzd7_Lrp6,Meninges,Lung primordium,0.009740768000483513,0.16340374946594238,0.0,0.0,True,True,True,inverse_pca
0.5,"[""Wnt3a"",""Fzd7_Lrp6""]",Wnt3a,Fzd7_Lrp6,Wnt3a_Fzd7_Lrp6,Meninges,Meninges,0.009740768000483513,0.11632215976715088,6.488490546607498,0.007351895631643276,True,True,True,inverse_pca
0.5,"[""Wnt3a"",""Fzd7_Lrp6""]",Wnt3a,Fzd7_Lrp6,Wnt3a_Fzd7_Lrp6,Meninges,Mesentery,0.009740768000483513,0.12770657241344452,0.0,0.0,True,True,True,inverse_pca
0.5,"[""Wnt3a"",""Fzd7_Lrp6""]",Wnt3a,Fzd7_Lrp6,Wnt3a_Fzd7_Lrp6,Meninges,Mesothelium,0.009740768000483513,0.17146126925945282,0.0,0.0,True,True,True,inverse_pca
0.5,"[""Wnt3a"",""Fzd7_Lrp6""]",Wnt3a,Fzd7_Lrp6,Wnt3a_Fzd7_Lrp6,Meninges,Mucosal epithelium,0.009740768000483513,0.1630340814590454,0.0010775374025229,1.711212541940971e-06,True,True,True,inverse_pca
0.5,"[""Wnt3a"",""Fzd7_Lrp6""]",Wnt3a,Fzd7_Lrp6,Wnt3a_Fzd7_Lrp6,Meninges,Muscle,0.009740768000483513,0.14359518885612488,0.0254577030023333,3.560838725569789e-05,True,True,True,inverse_pca
0.5,"[""Wnt3a"",""Fzd7_Lrp6""]",Wnt3a,Fzd7_Lrp6,Wnt3a_Fzd7_Lrp6,Meninges,Ovary,0.009740768000483513,0.14392352104187012,0.0,0.0,True,True,True,inverse_pca
0.5,"[""Wnt3a"",""Fzd7_Lrp6""]",Wnt3a,Fzd7_Lrp6,Wnt3a_Fzd7_Lrp6,Meninges,Sympathetic nerve,0.009740768000483513,0.14416562020778656,0.0,0.0,True,True,True,inverse_pca
0.5,"[""Wnt3a"",""Fzd7_Lrp6""]",Wnt3a,Fzd7_Lrp6,Wnt3a_Fzd7_Lrp6,Meninges,Urogenital ridge,0.009740768000483513,0.18443477153778076,0.0,0.0,True,True,True,inverse_pca
0.5,"[""Wnt3a"",""Fzd7_Lrp6""]",Wnt3a,Fzd7_Lrp6,Wnt3a_Fzd7_Lrp6,Mesentery,Blood vessel,0.007388615515083075,0.13776904344558716,0.0,0.0,True,True,True,inverse_pca
0.5,"[""Wnt3a"",""Fzd7_Lrp6""]",Wnt3a,Fzd7_Lrp6,Wnt3a_Fzd7_Lrp6,Mesentery,Brain,0.007388615515083075,0.06658847630023956,0.0,0.0,True,True,True,inverse_pca
0.5,"[""Wnt3a"",""Fzd7_Lrp6""]",Wnt3a,Fzd7_Lrp6,Wnt3a_Fzd7_Lrp6,Mesentery,Cartilage primordium,0.007388615515083075,0.1618843674659729,0.0,0.0,True,True,True,inverse_pca
0.5,"[""Wnt3a"",""Fzd7_Lrp6""]",Wnt3a,Fzd7_Lrp6,Wnt3a_Fzd7_Lrp6,Mesentery,Cavity,0.007388615515083075,0.09481555968523026,0.1061170211205115,7.434088564311956e-05,True,True,True,inverse_pca
0.5,"[""Wnt3a"",""Fzd7_Lrp6""]",Wnt3a,Fzd7_Lrp6,Wnt3a_Fzd7_Lrp6,Mesentery,Choroid plexus,0.007388615515083075,0.12133104354143143,0.0,0.0,True,True,True,inverse_pca
0.5,"[""Wnt3a"",""Fzd7_Lrp6""]",Wnt3a,Fzd7_Lrp6,Wnt3a_Fzd7_Lrp6,Mesentery,Connective tissue,0.007388615515083075,0.14356932044029236,0.195077193241853,0.00020693369408849888,True,True,True,inverse_pca
0.5,"[""Wnt3a"",""Fzd7_Lrp6""]",Wnt3a,Fzd7_Lrp6,Wnt3a_Fzd7_Lrp6,Mesentery,Dorsal root ganglion,0.007388615515083075,0.10027303546667099,0.0,0.0,True,True,True,inverse_pca
0.5,"[""Wnt3a"",""Fzd7_Lrp6""]",Wnt3a,Fzd7_Lrp6,Wnt3a_Fzd7_Lrp6,Mesentery,Epidermis,0.007388615515083075,0.12553785741329193,0.3712215675757481,0.000344326921754059,True,True,True,inverse_pca
0.5,"[""Wnt3a"",""Fzd7_Lrp6""]",Wnt3a,Fzd7_Lrp6,Wnt3a_Fzd7_Lrp6,Mesentery,GI tract,0.007388615515083075,0.15439914166927338,0.5562267739039201,0.0006345412196095049,True,True,True,inverse_pca
0.5,"[""Wnt3a"",""Fzd7_Lrp6""]",Wnt3a,Fzd7_Lrp6,Wnt3a_Fzd7_Lrp6,Mesentery,Heart,0.007388615515083075,0.09662845730781555,0.0,0.0,True,True,True,inverse_pca
0.5,"[""Wnt3a"",""Fzd7_Lrp6""]",Wnt3a,Fzd7_Lrp6,Wnt3a_Fzd7_Lrp6,Mesentery,Jaw and tooth,0.007388615515083075,0.16906334459781647,0.0,0.0,True,True,True,inverse_pca
0.5,"[""Wnt3a"",""Fzd7_Lrp6""]",Wnt3a,Fzd7_Lrp6,Wnt3a_Fzd7_Lrp6,Mesentery,Kidney,0.007388615515083075,0.1651308834552765,0.0,0.0,True,True,True,inverse_pca
0.5,"[""Wnt3a"",""Fzd7_Lrp6""]",Wnt3a,Fzd7_Lrp6,Wnt3a_Fzd7_Lrp6,Mesentery,Liver,0.007388615515083075,0.07650213688611984,0.0,0.0,True,True,True,inverse_pca
0.5,"[""Wnt3a"",""Fzd7_Lrp6""]",Wnt3a,Fzd7_Lrp6,Wnt3a_Fzd7_Lrp6,Mesentery,Lung,0.007388615515083075,0.1564512848854065,0.0,0.0,True,True,True,inverse_pca
0.5,"[""Wnt3a"",""Fzd7_Lrp6""]",Wnt3a,Fzd7_Lrp6,Wnt3a_Fzd7_Lrp6,Mesentery,Lung primordium,0.007388615515083075,0.16340374946594238,0.0,0.0,True,True,True,inverse_pca
0.5,"[""Wnt3a"",""Fzd7_Lrp6""]",Wnt3a,Fzd7_Lrp6,Wnt3a_Fzd7_Lrp6,Mesentery,Meninges,0.007388615515083075,0.11632215976715088,0.0,0.0,True,True,True,inverse_pca
0.5,"[""Wnt3a"",""Fzd7_Lrp6""]",Wnt3a,Fzd7_Lrp6,Wnt3a_Fzd7_Lrp6,Mesentery,Mesentery,0.007388615515083075,0.12770657241344452,5.60983823950474,0.00529330178344977,True,True,True,inverse_pca
0.5,"[""Wnt3a"",""Fzd7_Lrp6""]",Wnt3a,Fzd7_Lrp6,Wnt3a_Fzd7_Lrp6,Mesentery,Mesothelium,0.007388615515083075,0.17146126925945282,0.0,0.0,True,True,True,inverse_pca
0.5,"[""Wnt3a"",""Fzd7_Lrp6""]",Wnt3a,Fzd7_Lrp6,Wnt3a_Fzd7_Lrp6,Mesentery,Mucosal epithelium,0.007388615515083075,0.1630340814590454,0.0,0.0,True,True,True,inverse_pca
0.5,"[""Wnt3a"",""Fzd7_Lrp6""]",Wnt3a,Fzd7_Lrp6,Wnt3a_Fzd7_Lrp6,Mesentery,Muscle,0.007388615515083075,0.14359518885612488,0.0,0.0,True,True,True,inverse_pca
0.5,"[""Wnt3a"",""Fzd7_Lrp6""]",Wnt3a,Fzd7_Lrp6,Wnt3a_Fzd7_Lrp6,Mesentery,Ovary,0.007388615515083075,0.14392352104187012,0.0,0.0,True,True,True,inverse_pca
0.5,"[""Wnt3a"",""Fzd7_Lrp6""]",Wnt3a,Fzd7_Lrp6,Wnt3a_Fzd7_Lrp6,Mesentery,Sympathetic nerve,0.007388615515083075,0.14416562020778656,0.0,0.0,True,True,True,inverse_pca
0.5,"[""Wnt3a"",""Fzd7_Lrp6""]",Wnt3a,Fzd7_Lrp6,Wnt3a_Fzd7_Lrp6,Mesentery,Urogenital ridge,0.007388615515083075,0.18443477153778076,0.0,0.0,True,True,True,inverse_pca
0.5,"[""Wnt3a"",""Fzd7_Lrp6""]",Wnt3a,Fzd7_Lrp6,Wnt3a_Fzd7_Lrp6,Mesothelium,Blood vessel,0.004263078793883324,0.13776904344558716,0.0,0.0,True,True,True,inverse_pca
0.5,"[""Wnt3a"",""Fzd7_Lrp6""]",Wnt3a,Fzd7_Lrp6,Wnt3a_Fzd7_Lrp6,Mesothelium,Brain,0.004263078793883324,0.06658847630023956,0.0,0.0,True,True,True,inverse_pca
0.5,"[""Wnt3a"",""Fzd7_Lrp6""]",Wnt3a,Fzd7_Lrp6,Wnt3a_Fzd7_Lrp6,Mesothelium,Cartilage primordium,0.004263078793883324,0.1618843674659729,0.2416304091297129,0.00016675538278910205,True,True,True,inverse_pca
0.5,"[""Wnt3a"",""Fzd7_Lrp6""]",Wnt3a,Fzd7_Lrp6,Wnt3a_Fzd7_Lrp6,Mesothelium,Cavity,0.004263078793883324,0.09481555968523026,0.2873063565246642,0.00011613101113080802,True,True,True,inverse_pca
0.5,"[""Wnt3a"",""Fzd7_Lrp6""]",Wnt3a,Fzd7_Lrp6,Wnt3a_Fzd7_Lrp6,Mesothelium,Choroid plexus,0.004263078793883324,0.12133104354143143,0.0,0.0,True,True,True,inverse_pca
0.5,"[""Wnt3a"",""Fzd7_Lrp6""]",Wnt3a,Fzd7_Lrp6,Wnt3a_Fzd7_Lrp6,Mesothelium,Connective tissue,0.004263078793883324,0.14356932044029236,0.0,0.0,True,True,True,inverse_pca
0.5,"[""Wnt3a"",""Fzd7_Lrp6""]",Wnt3a,Fzd7_Lrp6,Wnt3a_Fzd7_Lrp6,Mesothelium,Dorsal root ganglion,0.004263078793883324,0.10027303546667099,0.0,0.0,True,True,True,inverse_pca
0.5,"[""Wnt3a"",""Fzd7_Lrp6""]",Wnt3a,Fzd7_Lrp6,Wnt3a_Fzd7_Lrp6,Mesothelium,Epidermis,0.004263078793883324,0.12553785741329193,0.0,0.0,True,True,True,inverse_pca
0.5,"[""Wnt3a"",""Fzd7_Lrp6""]",Wnt3a,Fzd7_Lrp6,Wnt3a_Fzd7_Lrp6,Mesothelium,GI tract,0.004263078793883324,0.15439914166927338,0.0271813396423582,1.7891184680227178e-05,True,True,True,inverse_pca
0.5,"[""Wnt3a"",""Fzd7_Lrp6""]",Wnt3a,Fzd7_Lrp6,Wnt3a_Fzd7_Lrp6,Mesothelium,Heart,0.004263078793883324,0.09662845730781555,0.0,0.0,True,True,True,inverse_pca
0.5,"[""Wnt3a"",""Fzd7_Lrp6""]",Wnt3a,Fzd7_Lrp6,Wnt3a_Fzd7_Lrp6,Mesothelium,Jaw and tooth,0.004263078793883324,0.16906334459781647,0.0,0.0,True,True,True,inverse_pca
0.5,"[""Wnt3a"",""Fzd7_Lrp6""]",Wnt3a,Fzd7_Lrp6,Wnt3a_Fzd7_Lrp6,Mesothelium,Kidney,0.004263078793883324,0.1651308834552765,0.0,0.0,True,True,True,inverse_pca
0.5,"[""Wnt3a"",""Fzd7_Lrp6""]",Wnt3a,Fzd7_Lrp6,Wnt3a_Fzd7_Lrp6,Mesothelium,Liver,0.004263078793883324,0.07650213688611984,0.0050433908820783,1.6448244568249511e-06,True,True,True,inverse_pca
0.5,"[""Wnt3a"",""Fzd7_Lrp6""]",Wnt3a,Fzd7_Lrp6,Wnt3a_Fzd7_Lrp6,Mesothelium,Lung,0.004263078793883324,0.1564512848854065,0.0,0.0,True,True,True,inverse_pca
0.5,"[""Wnt3a"",""Fzd7_Lrp6""]",Wnt3a,Fzd7_Lrp6,Wnt3a_Fzd7_Lrp6,Mesothelium,Lung primordium,0.004263078793883324,0.16340374946594238,0.005528173749409,3.850942745568195e-06,True,True,True,inverse_pca
0.5,"[""Wnt3a"",""Fzd7_Lrp6""]",Wnt3a,Fzd7_Lrp6,Wnt3a_Fzd7_Lrp6,Mesothelium,Meninges,0.004263078793883324,0.11632215976715088,0.0,0.0,True,True,True,inverse_pca
0.5,"[""Wnt3a"",""Fzd7_Lrp6""]",Wnt3a,Fzd7_Lrp6,Wnt3a_Fzd7_Lrp6,Mesothelium,Mesentery,0.004263078793883324,0.12770657241344452,0.0,0.0,True,True,True,inverse_pca
0.5,"[""Wnt3a"",""Fzd7_Lrp6""]",Wnt3a,Fzd7_Lrp6,Wnt3a_Fzd7_Lrp6,Mesothelium,Mesothelium,0.004263078793883324,0.17146126925945282,3.507128990674145,0.00256354610974715,True,True,True,inverse_pca
0.5,"[""Wnt3a"",""Fzd7_Lrp6""]",Wnt3a,Fzd7_Lrp6,Wnt3a_Fzd7_Lrp6,Mesothelium,Mucosal epithelium,0.004263078793883324,0.1630340814590454,0.0,0.0,True,True,True,inverse_pca
0.5,"[""Wnt3a"",""Fzd7_Lrp6""]",Wnt3a,Fzd7_Lrp6,Wnt3a_Fzd7_Lrp6,Mesothelium,Muscle,0.004263078793883324,0.14359518885612488,0.1539092063903808,9.421669109692754e-05,True,True,True,inverse_pca
0.5,"[""Wnt3a"",""Fzd7_Lrp6""]",Wnt3a,Fzd7_Lrp6,Wnt3a_Fzd7_Lrp6,Mesothelium,Ovary,0.004263078793883324,0.14392352104187012,0.0316984948342439,1.944884323722619e-05,True,True,True,inverse_pca
0.5,"[""Wnt3a"",""Fzd7_Lrp6""]",Wnt3a,Fzd7_Lrp6,Wnt3a_Fzd7_Lrp6,Mesothelium,Sympathetic nerve,0.004263078793883324,0.14416562020778656,0.0,0.0,True,True,True,inverse_pca
0.5,"[""Wnt3a"",""Fzd7_Lrp6""]",Wnt3a,Fzd7_Lrp6,Wnt3a_Fzd7_Lrp6,Mesothelium,Urogenital ridge,0.004263078793883324,0.18443477153778076,0.0252463111171016,1.9850163654852404e-05,True,True,True,inverse_pca
0.5,"[""Wnt3a"",""Fzd7_Lrp6""]",Wnt3a,Fzd7_Lrp6,Wnt3a_Fzd7_Lrp6,Mucosal epithelium,Blood vessel,0.007448067422956228,0.13776904344558716,0.1773355914876352,0.00018196637784496098,True,True,True,inverse_pca
0.5,"[""Wnt3a"",""Fzd7_Lrp6""]",Wnt3a,Fzd7_Lrp6,Wnt3a_Fzd7_Lrp6,Mucosal epithelium,Brain,0.007448067422956228,0.06658847630023956,0.0,0.0,True,True,True,inverse_pca
0.5,"[""Wnt3a"",""Fzd7_Lrp6""]",Wnt3a,Fzd7_Lrp6,Wnt3a_Fzd7_Lrp6,Mucosal epithelium,Cartilage primordium,0.007448067422956228,0.1618843674659729,0.0902349851489846,0.00010879863915422438,True,True,True,inverse_pca
0.5,"[""Wnt3a"",""Fzd7_Lrp6""]",Wnt3a,Fzd7_Lrp6,Wnt3a_Fzd7_Lrp6,Mucosal epithelium,Cavity,0.007448067422956228,0.09481555968523026,0.13151396372739,9.28741986705279e-05,True,True,True,inverse_pca
0.5,"[""Wnt3a"",""Fzd7_Lrp6""]",Wnt3a,Fzd7_Lrp6,Wnt3a_Fzd7_Lrp6,Mucosal epithelium,Choroid plexus,0.007448067422956228,0.12133104354143143,0.0,0.0,True,True,True,inverse_pca
0.5,"[""Wnt3a"",""Fzd7_Lrp6""]",Wnt3a,Fzd7_Lrp6,Wnt3a_Fzd7_Lrp6,Mucosal epithelium,Connective tissue,0.007448067422956228,0.14356932044029236,0.0053023734903023,5.6699020924468184e-06,True,True,True,inverse_pca
0.5,"[""Wnt3a"",""Fzd7_Lrp6""]",Wnt3a,Fzd7_Lrp6,Wnt3a_Fzd7_Lrp6,Mucosal epithelium,Dorsal root ganglion,0.007448067422956228,0.10027303546667099,0.0,0.0,True,True,True,inverse_pca
0.5,"[""Wnt3a"",""Fzd7_Lrp6""]",Wnt3a,Fzd7_Lrp6,Wnt3a_Fzd7_Lrp6,Mucosal epithelium,Epidermis,0.007448067422956228,0.12553785741329193,0.015467057820239,1.4461922191983502e-05,True,True,True,inverse_pca
0.5,"[""Wnt3a"",""Fzd7_Lrp6""]",Wnt3a,Fzd7_Lrp6,Wnt3a_Fzd7_Lrp6,Mucosal epithelium,GI tract,0.007448067422956228,0.15439914166927338,0.0,0.0,True,True,True,inverse_pca
0.5,"[""Wnt3a"",""Fzd7_Lrp6""]",Wnt3a,Fzd7_Lrp6,Wnt3a_Fzd7_Lrp6,Mucosal epithelium,Heart,0.007448067422956228,0.09662845730781555,0.0,0.0,True,True,True,inverse_pca
0.5,"[""Wnt3a"",""Fzd7_Lrp6""]",Wnt3a,Fzd7_Lrp6,Wnt3a_Fzd7_Lrp6,Mucosal epithelium,Jaw and tooth,0.007448067422956228,0.16906334459781647,0.1511646777975793,0.00019034583507706682,True,True,True,inverse_pca
0.5,"[""Wnt3a"",""Fzd7_Lrp6""]",Wnt3a,Fzd7_Lrp6,Wnt3a_Fzd7_Lrp6,Mucosal epithelium,Kidney,0.007448067422956228,0.1651308834552765,0.0,0.0,True,True,True,inverse_pca
0.5,"[""Wnt3a"",""Fzd7_Lrp6""]",Wnt3a,Fzd7_Lrp6,Wnt3a_Fzd7_Lrp6,Mucosal epithelium,Liver,0.007448067422956228,0.07650213688611984,0.0,0.0,True,True,True,inverse_pca
0.5,"[""Wnt3a"",""Fzd7_Lrp6""]",Wnt3a,Fzd7_Lrp6,Wnt3a_Fzd7_Lrp6,Mucosal epithelium,Lung,0.007448067422956228,0.1564512848854065,0.0,0.0,True,True,True,inverse_pca
0.5,"[""Wnt3a"",""Fzd7_Lrp6""]",Wnt3a,Fzd7_Lrp6,Wnt3a_Fzd7_Lrp6,Mucosal epithelium,Lung primordium,0.007448067422956228,0.16340374946594238,0.0,0.0,True,True,True,inverse_pca
0.5,"[""Wnt3a"",""Fzd7_Lrp6""]",Wnt3a,Fzd7_Lrp6,Wnt3a_Fzd7_Lrp6,Mucosal epithelium,Meninges,0.007448067422956228,0.11632215976715088,0.0088748596852121,7.68895912221055e-06,True,True,True,inverse_pca
0.5,"[""Wnt3a"",""Fzd7_Lrp6""]",Wnt3a,Fzd7_Lrp6,Wnt3a_Fzd7_Lrp6,Mucosal epithelium,Mesentery,0.007448067422956228,0.12770657241344452,0.0,0.0,True,True,True,inverse_pca
0.5,"[""Wnt3a"",""Fzd7_Lrp6""]",Wnt3a,Fzd7_Lrp6,Wnt3a_Fzd7_Lrp6,Mucosal epithelium,Mesothelium,0.007448067422956228,0.17146126925945282,0.0,0.0,True,True,True,inverse_pca
0.5,"[""Wnt3a"",""Fzd7_Lrp6""]",Wnt3a,Fzd7_Lrp6,Wnt3a_Fzd7_Lrp6,Mucosal epithelium,Mucosal epithelium,0.007448067422956228,0.1630340814590454,4.834401935144188,0.005870360274152739,True,True,True,inverse_pca
0.5,"[""Wnt3a"",""Fzd7_Lrp6""]",Wnt3a,Fzd7_Lrp6,Wnt3a_Fzd7_Lrp6,Mucosal epithelium,Muscle,0.007448067422956228,0.14359518885612488,0.9253187623678468,0.0009896345680682217,True,True,True,inverse_pca
0.5,"[""Wnt3a"",""Fzd7_Lrp6""]",Wnt3a,Fzd7_Lrp6,Wnt3a_Fzd7_Lrp6,Mucosal epithelium,Ovary,0.007448067422956228,0.14392352104187012,0.0,0.0,True,True,True,inverse_pca
0.5,"[""Wnt3a"",""Fzd7_Lrp6""]",Wnt3a,Fzd7_Lrp6,Wnt3a_Fzd7_Lrp6,Mucosal epithelium,Sympathetic nerve,0.007448067422956228,0.14416562020778656,0.0,0.0,True,True,True,inverse_pca
0.5,"[""Wnt3a"",""Fzd7_Lrp6""]",Wnt3a,Fzd7_Lrp6,Wnt3a_Fzd7_Lrp6,Mucosal epithelium,Urogenital ridge,0.007448067422956228,0.18443477153778076,0.0,0.0,True,True,True,inverse_pca
0.5,"[""Wnt3a"",""Fzd7_Lrp6""]",Wnt3a,Fzd7_Lrp6,Wnt3a_Fzd7_Lrp6,Muscle,Blood vessel,0.0052898661233484745,0.13776904344558716,0.0138011910831525,1.0058029218947936e-05,True,True,True,inverse_pca
0.5,"[""Wnt3a"",""Fzd7_Lrp6""]",Wnt3a,Fzd7_Lrp6,Wnt3a_Fzd7_Lrp6,Muscle,Brain,0.0052898661233484745,0.06658847630023956,0.0,0.0,True,True,True,inverse_pca
0.5,"[""Wnt3a"",""Fzd7_Lrp6""]",Wnt3a,Fzd7_Lrp6,Wnt3a_Fzd7_Lrp6,Muscle,Cartilage primordium,0.0052898661233484745,0.1618843674659729,0.4366454761346034,0.000373919882585554,True,True,True,inverse_pca
0.5,"[""Wnt3a"",""Fzd7_Lrp6""]",Wnt3a,Fzd7_Lrp6,Wnt3a_Fzd7_Lrp6,Muscle,Cavity,0.0052898661233484745,0.09481555968523026,0.0810781929405791,4.0665709566489405e-05,True,True,True,inverse_pca
0.5,"[""Wnt3a"",""Fzd7_Lrp6""]",Wnt3a,Fzd7_Lrp6,Wnt3a_Fzd7_Lrp6,Muscle,Choroid plexus,0.0052898661233484745,0.12133104354143143,0.0,0.0,True,True,True,inverse_pca
0.5,"[""Wnt3a"",""Fzd7_Lrp6""]",Wnt3a,Fzd7_Lrp6,Wnt3a_Fzd7_Lrp6,Muscle,Connective tissue,0.0052898661233484745,0.14356932044029236,0.405202914462052,0.000307736412163953,True,True,True,inverse_pca
0.5,"[""Wnt3a"",""Fzd7_Lrp6""]",Wnt3a,Fzd7_Lrp6,Wnt3a_Fzd7_Lrp6,Muscle,Dorsal root ganglion,0.0052898661233484745,0.10027303546667099,0.0040141774349221,2.1292438836408058e-06,True,True,True,inverse_pca
0.5,"[""Wnt3a"",""Fzd7_Lrp6""]",Wnt3a,Fzd7_Lrp6,Wnt3a_Fzd7_Lrp6,Muscle,Epidermis,0.0052898661233484745,0.12553785741329193,0.0587322185404705,3.900280118954364e-05,True,True,True,inverse_pca
0.5,"[""Wnt3a"",""Fzd7_Lrp6""]",Wnt3a,Fzd7_Lrp6,Wnt3a_Fzd7_Lrp6,Muscle,GI tract,0.0052898661233484745,0.15439914166927338,0.0,0.0,True,True,True,inverse_pca
0.5,"[""Wnt3a"",""Fzd7_Lrp6""]",Wnt3a,Fzd7_Lrp6,Wnt3a_Fzd7_Lrp6,Muscle,Heart,0.0052898661233484745,0.09662845730781555,0.0,0.0,True,True,True,inverse_pca
0.5,"[""Wnt3a"",""Fzd7_Lrp6""]",Wnt3a,Fzd7_Lrp6,Wnt3a_Fzd7_Lrp6,Muscle,Jaw and tooth,0.0052898661233484745,0.16906334459781647,0.0185048551484425,1.654930756512291e-05,True,True,True,inverse_pca
0.5,"[""Wnt3a"",""Fzd7_Lrp6""]",Wnt3a,Fzd7_Lrp6,Wnt3a_Fzd7_Lrp6,Muscle,Kidney,0.0052898661233484745,0.1651308834552765,0.0,0.0,True,True,True,inverse_pca
0.5,"[""Wnt3a"",""Fzd7_Lrp6""]",Wnt3a,Fzd7_Lrp6,Wnt3a_Fzd7_Lrp6,Muscle,Liver,0.0052898661233484745,0.07650213688611984,0.0,0.0,True,True,True,inverse_pca
0.5,"[""Wnt3a"",""Fzd7_Lrp6""]",Wnt3a,Fzd7_Lrp6,Wnt3a_Fzd7_Lrp6,Muscle,Lung,0.0052898661233484745,0.1564512848854065,0.0,0.0,True,True,True,inverse_pca
0.5,"[""Wnt3a"",""Fzd7_Lrp6""]",Wnt3a,Fzd7_Lrp6,Wnt3a_Fzd7_Lrp6,Muscle,Lung primordium,0.0052898661233484745,0.16340374946594238,0.0,0.0,True,True,True,inverse_pca
0.5,"[""Wnt3a"",""Fzd7_Lrp6""]",Wnt3a,Fzd7_Lrp6,Wnt3a_Fzd7_Lrp6,Muscle,Meninges,0.0052898661233484745,0.11632215976715088,0.0150283359918589,9.247365732888156e-06,True,True,True,inverse_pca
0.5,"[""Wnt3a"",""Fzd7_Lrp6""]",Wnt3a,Fzd7_Lrp6,Wnt3a_Fzd7_Lrp6,Muscle,Mesentery,0.0052898661233484745,0.12770657241344452,0.0,0.0,True,True,True,inverse_pca
0.5,"[""Wnt3a"",""Fzd7_Lrp6""]",Wnt3a,Fzd7_Lrp6,Wnt3a_Fzd7_Lrp6,Muscle,Mesothelium,0.0052898661233484745,0.17146126925945282,0.0135949646527432,1.2330730276204382e-05,True,True,True,inverse_pca
0.5,"[""Wnt3a"",""Fzd7_Lrp6""]",Wnt3a,Fzd7_Lrp6,Wnt3a_Fzd7_Lrp6,Muscle,Mucosal epithelium,0.0052898661233484745,0.1630340814590454,0.0655865128781717,5.6563675590902077e-05,True,True,True,inverse_pca
0.5,"[""Wnt3a"",""Fzd7_Lrp6""]",Wnt3a,Fzd7_Lrp6,Wnt3a_Fzd7_Lrp6,Muscle,Muscle,0.0052898661233484745,0.14359518885612488,7.963047848463279,0.006048725770681924,True,True,True,inverse_pca
0.5,"[""Wnt3a"",""Fzd7_Lrp6""]",Wnt3a,Fzd7_Lrp6,Wnt3a_Fzd7_Lrp6,Muscle,Ovary,0.0052898661233484745,0.14392352104187012,0.0,0.0,True,True,True,inverse_pca
0.5,"[""Wnt3a"",""Fzd7_Lrp6""]",Wnt3a,Fzd7_Lrp6,Wnt3a_Fzd7_Lrp6,Muscle,Sympathetic nerve,0.0052898661233484745,0.14416562020778656,0.0065196724690424,4.9720119541655026e-06,True,True,True,inverse_pca
0.5,"[""Wnt3a"",""Fzd7_Lrp6""]",Wnt3a,Fzd7_Lrp6,Wnt3a_Fzd7_Lrp6,Muscle,Urogenital ridge,0.0052898661233484745,0.18443477153778076,0.0396701188371006,3.87035663061979e-05,True,True,True,inverse_pca
0.5,"[""Wnt3a"",""Fzd7_Lrp6""]",Wnt3a,Fzd7_Lrp6,Wnt3a_Fzd7_Lrp6,Ovary,Blood vessel,0.008648781105875969,0.13776904344558716,0.0,0.0,True,True,True,inverse_pca
0.5,"[""Wnt3a"",""Fzd7_Lrp6""]",Wnt3a,Fzd7_Lrp6,Wnt3a_Fzd7_Lrp6,Ovary,Brain,0.008648781105875969,0.06658847630023956,0.0,0.0,True,True,True,inverse_pca
0.5,"[""Wnt3a"",""Fzd7_Lrp6""]",Wnt3a,Fzd7_Lrp6,Wnt3a_Fzd7_Lrp6,Ovary,Cartilage primordium,0.008648781105875969,0.1618843674659729,0.0,0.0,True,True,True,inverse_pca
0.5,"[""Wnt3a"",""Fzd7_Lrp6""]",Wnt3a,Fzd7_Lrp6,Wnt3a_Fzd7_Lrp6,Ovary,Cavity,0.008648781105875969,0.09481555968523026,0.2102015738685926,0.0001723734928791115,True,True,True,inverse_pca
0.5,"[""Wnt3a"",""Fzd7_Lrp6""]",Wnt3a,Fzd7_Lrp6,Wnt3a_Fzd7_Lrp6,Ovary,Choroid plexus,0.008648781105875969,0.12133104354143143,0.0,0.0,True,True,True,inverse_pca
0.5,"[""Wnt3a"",""Fzd7_Lrp6""]",Wnt3a,Fzd7_Lrp6,Wnt3a_Fzd7_Lrp6,Ovary,Connective tissue,0.008648781105875969,0.14356932044029236,0.0,0.0,True,True,True,inverse_pca
0.5,"[""Wnt3a"",""Fzd7_Lrp6""]",Wnt3a,Fzd7_Lrp6,Wnt3a_Fzd7_Lrp6,Ovary,Dorsal root ganglion,0.008648781105875969,0.10027303546667099,0.0,0.0,True,True,True,inverse_pca
0.5,"[""Wnt3a"",""Fzd7_Lrp6""]",Wnt3a,Fzd7_Lrp6,Wnt3a_Fzd7_Lrp6,Ovary,Epidermis,0.008648781105875969,0.12553785741329193,0.0,0.0,True,True,True,inverse_pca
0.5,"[""Wnt3a"",""Fzd7_Lrp6""]",Wnt3a,Fzd7_Lrp6,Wnt3a_Fzd7_Lrp6,Ovary,GI tract,0.008648781105875969,0.15439914166927338,0.0,0.0,True,True,True,inverse_pca
0.5,"[""Wnt3a"",""Fzd7_Lrp6""]",Wnt3a,Fzd7_Lrp6,Wnt3a_Fzd7_Lrp6,Ovary,Heart,0.008648781105875969,0.09662845730781555,0.0,0.0,True,True,True,inverse_pca
0.5,"[""Wnt3a"",""Fzd7_Lrp6""]",Wnt3a,Fzd7_Lrp6,Wnt3a_Fzd7_Lrp6,Ovary,Jaw and tooth,0.008648781105875969,0.16906334459781647,0.0,0.0,True,True,True,inverse_pca
0.5,"[""Wnt3a"",""Fzd7_Lrp6""]",Wnt3a,Fzd7_Lrp6,Wnt3a_Fzd7_Lrp6,Ovary,Kidney,0.008648781105875969,0.1651308834552765,0.0485830346743265,6.938536047698325e-05,True,True,True,inverse_pca
0.5,"[""Wnt3a"",""Fzd7_Lrp6""]",Wnt3a,Fzd7_Lrp6,Wnt3a_Fzd7_Lrp6,Ovary,Liver,0.008648781105875969,0.07650213688611984,0.0,0.0,True,True,True,inverse_pca
0.5,"[""Wnt3a"",""Fzd7_Lrp6""]",Wnt3a,Fzd7_Lrp6,Wnt3a_Fzd7_Lrp6,Ovary,Lung,0.008648781105875969,0.1564512848854065,0.0,0.0,True,True,True,inverse_pca
0.5,"[""Wnt3a"",""Fzd7_Lrp6""]",Wnt3a,Fzd7_Lrp6,Wnt3a_Fzd7_Lrp6,Ovary,Lung primordium,0.008648781105875969,0.16340374946594238,0.0,0.0,True,True,True,inverse_pca
0.5,"[""Wnt3a"",""Fzd7_Lrp6""]",Wnt3a,Fzd7_Lrp6,Wnt3a_Fzd7_Lrp6,Ovary,Meninges,0.008648781105875969,0.11632215976715088,0.0,0.0,True,True,True,inverse_pca
0.5,"[""Wnt3a"",""Fzd7_Lrp6""]",Wnt3a,Fzd7_Lrp6,Wnt3a_Fzd7_Lrp6,Ovary,Mesentery,0.008648781105875969,0.12770657241344452,0.0,0.0,True,True,True,inverse_pca
0.5,"[""Wnt3a"",""Fzd7_Lrp6""]",Wnt3a,Fzd7_Lrp6,Wnt3a_Fzd7_Lrp6,Ovary,Mesothelium,0.008648781105875969,0.17146126925945282,0.1026043926676114,0.00015215523318247646,True,True,True,inverse_pca
0.5,"[""Wnt3a"",""Fzd7_Lrp6""]",Wnt3a,Fzd7_Lrp6,Wnt3a_Fzd7_Lrp6,Ovary,Mucosal epithelium,0.008648781105875969,0.1630340814590454,0.0,0.0,True,True,True,inverse_pca
0.5,"[""Wnt3a"",""Fzd7_Lrp6""]",Wnt3a,Fzd7_Lrp6,Wnt3a_Fzd7_Lrp6,Ovary,Muscle,0.008648781105875969,0.14359518885612488,0.0,0.0,True,True,True,inverse_pca
0.5,"[""Wnt3a"",""Fzd7_Lrp6""]",Wnt3a,Fzd7_Lrp6,Wnt3a_Fzd7_Lrp6,Ovary,Ovary,0.008648781105875969,0.14392352104187012,2.0275912314653395,0.002523870603821964,True,True,True,inverse_pca
0.5,"[""Wnt3a"",""Fzd7_Lrp6""]",Wnt3a,Fzd7_Lrp6,Wnt3a_Fzd7_Lrp6,Ovary,Sympathetic nerve,0.008648781105875969,0.14416562020778656,0.0,0.0,True,True,True,inverse_pca
0.5,"[""Wnt3a"",""Fzd7_Lrp6""]",Wnt3a,Fzd7_Lrp6,Wnt3a_Fzd7_Lrp6,Ovary,Urogenital ridge,0.008648781105875969,0.18443477153778076,0.0,0.0,True,True,True,inverse_pca
0.5,"[""Wnt3a"",""Fzd7_Lrp6""]",Wnt3a,Fzd7_Lrp6,Wnt3a_Fzd7_Lrp6,Sympathetic nerve,Blood vessel,0.0026133861392736435,0.13776904344558716,0.1652127050218128,5.948379501756134e-05,True,True,True,inverse_pca
0.5,"[""Wnt3a"",""Fzd7_Lrp6""]",Wnt3a,Fzd7_Lrp6,Wnt3a_Fzd7_Lrp6,Sympathetic nerve,Brain,0.0026133861392736435,0.06658847630023956,0.0,0.0,True,True,True,inverse_pca
0.5,"[""Wnt3a"",""Fzd7_Lrp6""]",Wnt3a,Fzd7_Lrp6,Wnt3a_Fzd7_Lrp6,Sympathetic nerve,Cartilage primordium,0.0026133861392736435,0.1618843674659729,0.0,0.0,True,True,True,inverse_pca
0.5,"[""Wnt3a"",""Fzd7_Lrp6""]",Wnt3a,Fzd7_Lrp6,Wnt3a_Fzd7_Lrp6,Sympathetic nerve,Cavity,0.0026133861392736435,0.09481555968523026,0.4527627811545417,0.0001121899398900828,True,True,True,inverse_pca
0.5,"[""Wnt3a"",""Fzd7_Lrp6""]",Wnt3a,Fzd7_Lrp6,Wnt3a_Fzd7_Lrp6,Sympathetic nerve,Choroid plexus,0.0026133861392736435,0.12133104354143143,0.0,0.0,True,True,True,inverse_pca
0.5,"[""Wnt3a"",""Fzd7_Lrp6""]",Wnt3a,Fzd7_Lrp6,Wnt3a_Fzd7_Lrp6,Sympathetic nerve,Connective tissue,0.0026133861392736435,0.14356932044029236,0.4822306448505038,0.0001809339371604732,True,True,True,inverse_pca
0.5,"[""Wnt3a"",""Fzd7_Lrp6""]",Wnt3a,Fzd7_Lrp6,Wnt3a_Fzd7_Lrp6,Sympathetic nerve,Dorsal root ganglion,0.0026133861392736435,0.10027303546667099,0.0,0.0,True,True,True,inverse_pca
0.5,"[""Wnt3a"",""Fzd7_Lrp6""]",Wnt3a,Fzd7_Lrp6,Wnt3a_Fzd7_Lrp6,Sympathetic nerve,Epidermis,0.0026133861392736435,0.12553785741329193,0.0,0.0,True,True,True,inverse_pca
0.5,"[""Wnt3a"",""Fzd7_Lrp6""]",Wnt3a,Fzd7_Lrp6,Wnt3a_Fzd7_Lrp6,Sympathetic nerve,GI tract,0.0026133861392736435,0.15439914166927338,0.1037208097321646,4.185182143158276e-05,True,True,True,inverse_pca
0.5,"[""Wnt3a"",""Fzd7_Lrp6""]",Wnt3a,Fzd7_Lrp6,Wnt3a_Fzd7_Lrp6,Sympathetic nerve,Heart,0.0026133861392736435,0.09662845730781555,0.0,0.0,True,True,True,inverse_pca
0.5,"[""Wnt3a"",""Fzd7_Lrp6""]",Wnt3a,Fzd7_Lrp6,Wnt3a_Fzd7_Lrp6,Sympathetic nerve,Jaw and tooth,0.0026133861392736435,0.16906334459781647,0.0,0.0,True,True,True,inverse_pca
0.5,"[""Wnt3a"",""Fzd7_Lrp6""]",Wnt3a,Fzd7_Lrp6,Wnt3a_Fzd7_Lrp6,Sympathetic nerve,Kidney,0.0026133861392736435,0.1651308834552765,0.0,0.0,True,True,True,inverse_pca
0.5,"[""Wnt3a"",""Fzd7_Lrp6""]",Wnt3a,Fzd7_Lrp6,Wnt3a_Fzd7_Lrp6,Sympathetic nerve,Liver,0.0026133861392736435,0.07650213688611984,0.0,0.0,True,True,True,inverse_pca
0.5,"[""Wnt3a"",""Fzd7_Lrp6""]",Wnt3a,Fzd7_Lrp6,Wnt3a_Fzd7_Lrp6,Sympathetic nerve,Lung,0.0026133861392736435,0.1564512848854065,0.0,0.0,True,True,True,inverse_pca
0.5,"[""Wnt3a"",""Fzd7_Lrp6""]",Wnt3a,Fzd7_Lrp6,Wnt3a_Fzd7_Lrp6,Sympathetic nerve,Lung primordium,0.0026133861392736435,0.16340374946594238,0.0,0.0,True,True,True,inverse_pca
0.5,"[""Wnt3a"",""Fzd7_Lrp6""]",Wnt3a,Fzd7_Lrp6,Wnt3a_Fzd7_Lrp6,Sympathetic nerve,Meninges,0.0026133861392736435,0.11632215976715088,0.0,0.0,True,True,True,inverse_pca
0.5,"[""Wnt3a"",""Fzd7_Lrp6""]",Wnt3a,Fzd7_Lrp6,Wnt3a_Fzd7_Lrp6,Sympathetic nerve,Mesentery,0.0026133861392736435,0.12770657241344452,0.0,0.0,True,True,True,inverse_pca
0.5,"[""Wnt3a"",""Fzd7_Lrp6""]",Wnt3a,Fzd7_Lrp6,Wnt3a_Fzd7_Lrp6,Sympathetic nerve,Mesothelium,0.0026133861392736435,0.17146126925945282,0.0,0.0,True,True,True,inverse_pca
0.5,"[""Wnt3a"",""Fzd7_Lrp6""]",Wnt3a,Fzd7_Lrp6,Wnt3a_Fzd7_Lrp6,Sympathetic nerve,Mucosal epithelium,0.0026133861392736435,0.1630340814590454,0.0,0.0,True,True,True,inverse_pca
0.5,"[""Wnt3a"",""Fzd7_Lrp6""]",Wnt3a,Fzd7_Lrp6,Wnt3a_Fzd7_Lrp6,Sympathetic nerve,Muscle,0.0026133861392736435,0.14359518885612488,0.3383736738136836,0.0001269813790144406,True,True,True,inverse_pca
0.5,"[""Wnt3a"",""Fzd7_Lrp6""]",Wnt3a,Fzd7_Lrp6,Wnt3a_Fzd7_Lrp6,Sympathetic nerve,Ovary,0.0026133861392736435,0.14392352104187012,0.0,0.0,True,True,True,inverse_pca
0.5,"[""Wnt3a"",""Fzd7_Lrp6""]",Wnt3a,Fzd7_Lrp6,Wnt3a_Fzd7_Lrp6,Sympathetic nerve,Sympathetic nerve,0.0026133861392736435,0.14416562020778656,2.0590777347485223,0.0007757790201822335,True,True,True,inverse_pca
0.5,"[""Wnt3a"",""Fzd7_Lrp6""]",Wnt3a,Fzd7_Lrp6,Wnt3a_Fzd7_Lrp6,Sympathetic nerve,Urogenital ridge,0.0026133861392736435,0.18443477153778076,0.0514971528734479,2.4821590377216798e-05,True,True,True,inverse_pca
0.5,"[""Wnt3a"",""Fzd7_Lrp6""]",Wnt3a,Fzd7_Lrp6,Wnt3a_Fzd7_Lrp6,Urogenital ridge,Blood vessel,0.0049385791644454,0.13776904344558716,0.0,0.0,True,True,True,inverse_pca
0.5,"[""Wnt3a"",""Fzd7_Lrp6""]",Wnt3a,Fzd7_Lrp6,Wnt3a_Fzd7_Lrp6,Urogenital ridge,Brain,0.0049385791644454,0.06658847630023956,0.0,0.0,True,True,True,inverse_pca
0.5,"[""Wnt3a"",""Fzd7_Lrp6""]",Wnt3a,Fzd7_Lrp6,Wnt3a_Fzd7_Lrp6,Urogenital ridge,Cartilage primordium,0.0049385791644454,0.1618843674659729,0.0420323419121076,3.360396476903301e-05,True,True,True,inverse_pca
0.5,"[""Wnt3a"",""Fzd7_Lrp6""]",Wnt3a,Fzd7_Lrp6,Wnt3a_Fzd7_Lrp6,Urogenital ridge,Cavity,0.0049385791644454,0.09481555968523026,0.4723574699770729,0.00022118334443198655,True,True,True,inverse_pca
0.5,"[""Wnt3a"",""Fzd7_Lrp6""]",Wnt3a,Fzd7_Lrp6,Wnt3a_Fzd7_Lrp6,Urogenital ridge,Choroid plexus,0.0049385791644454,0.12133104354143143,0.0,0.0,True,True,True,inverse_pca
0.5,"[""Wnt3a"",""Fzd7_Lrp6""]",Wnt3a,Fzd7_Lrp6,Wnt3a_Fzd7_Lrp6,Urogenital ridge,Connective tissue,0.0049385791644454,0.14356932044029236,0.0279295461357764,1.9802842933770715e-05,True,True,True,inverse_pca
0.5,"[""Wnt3a"",""Fzd7_Lrp6""]",Wnt3a,Fzd7_Lrp6,Wnt3a_Fzd7_Lrp6,Urogenital ridge,Dorsal root ganglion,0.0049385791644454,0.10027303546667099,0.0,0.0,True,True,True,inverse_pca
0.5,"[""Wnt3a"",""Fzd7_Lrp6""]",Wnt3a,Fzd7_Lrp6,Wnt3a_Fzd7_Lrp6,Urogenital ridge,Epidermis,0.0049385791644454,0.12553785741329193,0.0141187923134497,8.753349755348643e-06,True,True,True,inverse_pca
0.5,"[""Wnt3a"",""Fzd7_Lrp6""]",Wnt3a,Fzd7_Lrp6,Wnt3a_Fzd7_Lrp6,Urogenital ridge,GI tract,0.0049385791644454,0.15439914166927338,0.2206877430654921,0.00016827713709683442,True,True,True,inverse_pca
0.5,"[""Wnt3a"",""Fzd7_Lrp6""]",Wnt3a,Fzd7_Lrp6,Wnt3a_Fzd7_Lrp6,Urogenital ridge,Heart,0.0049385791644454,0.09662845730781555,0.0,0.0,True,True,True,inverse_pca
0.5,"[""Wnt3a"",""Fzd7_Lrp6""]",Wnt3a,Fzd7_Lrp6,Wnt3a_Fzd7_Lrp6,Urogenital ridge,Jaw and tooth,0.0049385791644454,0.16906334459781647,0.0,0.0,True,True,True,inverse_pca
0.5,"[""Wnt3a"",""Fzd7_Lrp6""]",Wnt3a,Fzd7_Lrp6,Wnt3a_Fzd7_Lrp6,Urogenital ridge,Kidney,0.0049385791644454,0.1651308834552765,0.1005463330250866,8.199673514928313e-05,True,True,True,inverse_pca
0.5,"[""Wnt3a"",""Fzd7_Lrp6""]",Wnt3a,Fzd7_Lrp6,Wnt3a_Fzd7_Lrp6,Urogenital ridge,Liver,0.0049385791644454,0.07650213688611984,0.0,0.0,True,True,True,inverse_pca
0.5,"[""Wnt3a"",""Fzd7_Lrp6""]",Wnt3a,Fzd7_Lrp6,Wnt3a_Fzd7_Lrp6,Urogenital ridge,Lung,0.0049385791644454,0.1564512848854065,0.0,0.0,True,True,True,inverse_pca
0.5,"[""Wnt3a"",""Fzd7_Lrp6""]",Wnt3a,Fzd7_Lrp6,Wnt3a_Fzd7_Lrp6,Urogenital ridge,Lung primordium,0.0049385791644454,0.16340374946594238,0.0,0.0,True,True,True,inverse_pca
0.5,"[""Wnt3a"",""Fzd7_Lrp6""]",Wnt3a,Fzd7_Lrp6,Wnt3a_Fzd7_Lrp6,Urogenital ridge,Meninges,0.0049385791644454,0.11632215976715088,0.0,0.0,True,True,True,inverse_pca
0.5,"[""Wnt3a"",""Fzd7_Lrp6""]",Wnt3a,Fzd7_Lrp6,Wnt3a_Fzd7_Lrp6,Urogenital ridge,Mesentery,0.0049385791644454,0.12770657241344452,0.0,0.0,True,True,True,inverse_pca
0.5,"[""Wnt3a"",""Fzd7_Lrp6""]",Wnt3a,Fzd7_Lrp6,Wnt3a_Fzd7_Lrp6,Urogenital ridge,Mesothelium,0.0049385791644454,0.17146126925945282,0.0399240373440508,3.380667879303197e-05,True,True,True,inverse_pca
0.5,"[""Wnt3a"",""Fzd7_Lrp6""]",Wnt3a,Fzd7_Lrp6,Wnt3a_Fzd7_Lrp6,Urogenital ridge,Mucosal epithelium,0.0049385791644454,0.1630340814590454,0.0,0.0,True,True,True,inverse_pca
0.5,"[""Wnt3a"",""Fzd7_Lrp6""]",Wnt3a,Fzd7_Lrp6,Wnt3a_Fzd7_Lrp6,Urogenital ridge,Muscle,0.0049385791644454,0.14359518885612488,0.8096209950042221,0.0005741477545720202,True,True,True,inverse_pca
0.5,"[""Wnt3a"",""Fzd7_Lrp6""]",Wnt3a,Fzd7_Lrp6,Wnt3a_Fzd7_Lrp6,Urogenital ridge,Ovary,0.0049385791644454,0.14392352104187012,0.0,0.0,True,True,True,inverse_pca
0.5,"[""Wnt3a"",""Fzd7_Lrp6""]",Wnt3a,Fzd7_Lrp6,Wnt3a_Fzd7_Lrp6,Urogenital ridge,Sympathetic nerve,0.0049385791644454,0.14416562020778656,0.0088820693627843,6.323796485413974e-06,True,True,True,inverse_pca
0.5,"[""Wnt3a"",""Fzd7_Lrp6""]",Wnt3a,Fzd7_Lrp6,Wnt3a_Fzd7_Lrp6,Urogenital ridge,Urogenital ridge,0.0049385791644454,0.18443477153778076,4.103914449799736,0.003738032911500414,True,True,True,inverse_pca
1.0,"[""Wnt3a"",""Fzd7_Lrp6""]",Wnt3a,Fzd7_Lrp6,Wnt3a_Fzd7_Lrp6,Brain,Brain,0.006932224612683058,0.061136990785598755,7.33345690806896,0.0031080316228450145,True,True,True,observed
1.0,"[""Wnt3a"",""Fzd7_Lrp6""]",Wnt3a,Fzd7_Lrp6,Wnt3a_Fzd7_Lrp6,Brain,Cartilage primordium,0.006932224612683058,0.09294294565916061,0.0014115165878901,9.094420790815312e-07,True,True,True,observed
1.0,"[""Wnt3a"",""Fzd7_Lrp6""]",Wnt3a,Fzd7_Lrp6,Wnt3a_Fzd7_Lrp6,Brain,Cavity,0.006932224612683058,0.06690686196088791,0.2431205269710042,0.00011276255706760494,True,True,True,observed
1.0,"[""Wnt3a"",""Fzd7_Lrp6""]",Wnt3a,Fzd7_Lrp6,Wnt3a_Fzd7_Lrp6,Brain,Choroid plexus,0.006932224612683058,0.09052334725856781,0.1827953036561135,0.00011470920346426864,True,True,True,observed
1.0,"[""Wnt3a"",""Fzd7_Lrp6""]",Wnt3a,Fzd7_Lrp6,Wnt3a_Fzd7_Lrp6,Brain,Connective tissue,0.006932224612683058,0.1054936945438385,0.02128749817523,1.556767483824516e-05,True,True,True,observed
1.0,"[""Wnt3a"",""Fzd7_Lrp6""]",Wnt3a,Fzd7_Lrp6,Wnt3a_Fzd7_Lrp6,Brain,Epidermis,0.006932224612683058,0.12289763987064362,0.0876525122459186,7.467591227045681e-05,True,True,True,observed
1.0,"[""Wnt3a"",""Fzd7_Lrp6""]",Wnt3a,Fzd7_Lrp6,Wnt3a_Fzd7_Lrp6,Brain,GI tract,0.006932224612683058,0.10661550611257553,6.966148971094701e-05,5.148559741310808e-08,True,True,True,observed
1.0,"[""Wnt3a"",""Fzd7_Lrp6""]",Wnt3a,Fzd7_Lrp6,Wnt3a_Fzd7_Lrp6,Brain,Heart,0.006932224612683058,0.06150840222835541,0.0,0.0,True,True,True,observed
1.0,"[""Wnt3a"",""Fzd7_Lrp6""]",Wnt3a,Fzd7_Lrp6,Wnt3a_Fzd7_Lrp6,Brain,Jaw and tooth,0.006932224612683058,0.11244697123765945,0.0019944200003898,1.55466567082266e-06,True,True,True,observed
1.0,"[""Wnt3a"",""Fzd7_Lrp6""]",Wnt3a,Fzd7_Lrp6,Wnt3a_Fzd7_Lrp6,Brain,Liver,0.006932224612683058,0.05558843910694122,0.0,0.0,True,True,True,observed
1.0,"[""Wnt3a"",""Fzd7_Lrp6""]",Wnt3a,Fzd7_Lrp6,Wnt3a_Fzd7_Lrp6,Brain,Lung,0.006932224612683058,0.1441144198179245,0.0033874131280037,3.384139288416546e-06,True,True,True,observed
1.0,"[""Wnt3a"",""Fzd7_Lrp6""]",Wnt3a,Fzd7_Lrp6,Wnt3a_Fzd7_Lrp6,Brain,Meninges,0.006932224612683058,0.07288151234388351,0.2263750979566758,0.00011437172021252289,True,True,True,observed
1.0,"[""Wnt3a"",""Fzd7_Lrp6""]",Wnt3a,Fzd7_Lrp6,Wnt3a_Fzd7_Lrp6,Brain,Mesentery,0.006932224612683058,0.15161478519439697,0.0,0.0,True,True,True,observed
1.0,"[""Wnt3a"",""Fzd7_Lrp6""]",Wnt3a,Fzd7_Lrp6,Wnt3a_Fzd7_Lrp6,Brain,Mesothelium,0.006932224612683058,0.0961906909942627,0.0023777514773517,1.585521482279804e-06,True,True,True,observed
1.0,"[""Wnt3a"",""Fzd7_Lrp6""]",Wnt3a,Fzd7_Lrp6,Wnt3a_Fzd7_Lrp6,Brain,Mucosal epithelium,0.006932224612683058,0.10686895251274109,0.0013996148931245,1.03689011369964e-06,True,True,True,observed
1.0,"[""Wnt3a"",""Fzd7_Lrp6""]",Wnt3a,Fzd7_Lrp6,Wnt3a_Fzd7_Lrp6,Brain,Muscle,0.006932224612683058,0.1205962672829628,0.0,0.0,True,True,True,observed
1.0,"[""Wnt3a"",""Fzd7_Lrp6""]",Wnt3a,Fzd7_Lrp6,Wnt3a_Fzd7_Lrp6,Brain,Pancreas,0.006932224612683058,0.06876321136951447,0.0,0.0,True,True,True,observed
1.0,"[""Wnt3a"",""Fzd7_Lrp6""]",Wnt3a,Fzd7_Lrp6,Wnt3a_Fzd7_Lrp6,Brain,Spinal cord,0.006932224612683058,0.06086624786257744,0.1072512250656014,4.525342118978785e-05,True,True,True,observed
1.0,"[""Wnt3a"",""Fzd7_Lrp6""]",Wnt3a,Fzd7_Lrp6,Wnt3a_Fzd7_Lrp6,Brain,Sympathetic nerve,0.006932224612683058,0.04302646964788437,0.0,0.0,True,True,True,observed
1.0,"[""Wnt3a"",""Fzd7_Lrp6""]",Wnt3a,Fzd7_Lrp6,Wnt3a_Fzd7_Lrp6,Cartilage primordium,Brain,0.006723885424435139,0.061136990785598755,0.0056144202981765,2.3079653480099067e-06,True,True,True,observed
1.0,"[""Wnt3a"",""Fzd7_Lrp6""]",Wnt3a,Fzd7_Lrp6,Wnt3a_Fzd7_Lrp6,Cartilage primordium,Cartilage primordium,0.006723885424435139,0.09294294565916061,16.233141022049097,0.010144702100150508,True,True,True,observed
1.0,"[""Wnt3a"",""Fzd7_Lrp6""]",Wnt3a,Fzd7_Lrp6,Wnt3a_Fzd7_Lrp6,Cartilage primordium,Cavity,0.006723885424435139,0.06690686196088791,0.3375733722466975,0.0001518655082240944,True,True,True,observed
1.0,"[""Wnt3a"",""Fzd7_Lrp6""]",Wnt3a,Fzd7_Lrp6,Wnt3a_Fzd7_Lrp6,Cartilage primordium,Choroid plexus,0.006723885424435139,0.09052334725856781,0.0622123710267866,3.786671772136724e-05,True,True,True,observed
1.0,"[""Wnt3a"",""Fzd7_Lrp6""]",Wnt3a,Fzd7_Lrp6,Wnt3a_Fzd7_Lrp6,Cartilage primordium,Connective tissue,0.006723885424435139,0.1054936945438385,1.760594703288128,0.0012488382660047035,True,True,True,observed
1.0,"[""Wnt3a"",""Fzd7_Lrp6""]",Wnt3a,Fzd7_Lrp6,Wnt3a_Fzd7_Lrp6,Cartilage primordium,Epidermis,0.006723885424435139,0.12289763987064362,0.0283025653101503,2.3387814921834056e-05,True,True,True,observed
1.0,"[""Wnt3a"",""Fzd7_Lrp6""]",Wnt3a,Fzd7_Lrp6,Wnt3a_Fzd7_Lrp6,Cartilage primordium,GI tract,0.006723885424435139,0.10661550611257553,0.0033683438164492,2.414666139264623e-06,True,True,True,observed
1.0,"[""Wnt3a"",""Fzd7_Lrp6""]",Wnt3a,Fzd7_Lrp6,Wnt3a_Fzd7_Lrp6,Cartilage primordium,Heart,0.006723885424435139,0.06150840222835541,0.0,0.0,True,True,True,observed
1.0,"[""Wnt3a"",""Fzd7_Lrp6""]",Wnt3a,Fzd7_Lrp6,Wnt3a_Fzd7_Lrp6,Cartilage primordium,Jaw and tooth,0.006723885424435139,0.11244697123765945,0.1052120803932969,7.954880770791613e-05,True,True,True,observed
1.0,"[""Wnt3a"",""Fzd7_Lrp6""]",Wnt3a,Fzd7_Lrp6,Wnt3a_Fzd7_Lrp6,Cartilage primordium,Liver,0.006723885424435139,0.05558843910694122,0.0,0.0,True,True,True,observed
1.0,"[""Wnt3a"",""Fzd7_Lrp6""]",Wnt3a,Fzd7_Lrp6,Wnt3a_Fzd7_Lrp6,Cartilage primordium,Lung,0.006723885424435139,0.1441144198179245,0.0013554774069537,1.3134695990633165e-06,True,True,True,observed
1.0,"[""Wnt3a"",""Fzd7_Lrp6""]",Wnt3a,Fzd7_Lrp6,Wnt3a_Fzd7_Lrp6,Cartilage primordium,Meninges,0.006723885424435139,0.07288151234388351,0.0882863682229071,4.326446446420131e-05,True,True,True,observed
1.0,"[""Wnt3a"",""Fzd7_Lrp6""]",Wnt3a,Fzd7_Lrp6,Wnt3a_Fzd7_Lrp6,Cartilage primordium,Mesentery,0.006723885424435139,0.15161478519439697,0.0,0.0,True,True,True,observed
1.0,"[""Wnt3a"",""Fzd7_Lrp6""]",Wnt3a,Fzd7_Lrp6,Wnt3a_Fzd7_Lrp6,Cartilage primordium,Mesothelium,0.006723885424435139,0.0961906909942627,0.7190335627334813,0.00046505306566073905,True,True,True,observed
1.0,"[""Wnt3a"",""Fzd7_Lrp6""]",Wnt3a,Fzd7_Lrp6,Wnt3a_Fzd7_Lrp6,Cartilage primordium,Mucosal epithelium,0.006723885424435139,0.10686895251274109,0.0291832936345599,2.0970373320320055e-05,True,True,True,observed
1.0,"[""Wnt3a"",""Fzd7_Lrp6""]",Wnt3a,Fzd7_Lrp6,Wnt3a_Fzd7_Lrp6,Cartilage primordium,Muscle,0.006723885424435139,0.1205962672829628,0.2016207063415398,0.00016348928780387422,True,True,True,observed
1.0,"[""Wnt3a"",""Fzd7_Lrp6""]",Wnt3a,Fzd7_Lrp6,Wnt3a_Fzd7_Lrp6,Cartilage primordium,Pancreas,0.006723885424435139,0.06876321136951447,0.0,0.0,True,True,True,observed
1.0,"[""Wnt3a"",""Fzd7_Lrp6""]",Wnt3a,Fzd7_Lrp6,Wnt3a_Fzd7_Lrp6,Cartilage primordium,Spinal cord,0.006723885424435139,0.06086624786257744,0.1846709365723654,7.557799848207175e-05,True,True,True,observed
1.0,"[""Wnt3a"",""Fzd7_Lrp6""]",Wnt3a,Fzd7_Lrp6,Wnt3a_Fzd7_Lrp6,Cartilage primordium,Sympathetic nerve,0.006723885424435139,0.04302646964788437,0.0070781806406254,2.0477534192238867e-06,True,True,True,observed
1.0,"[""Wnt3a"",""Fzd7_Lrp6""]",Wnt3a,Fzd7_Lrp6,Wnt3a_Fzd7_Lrp6,Cavity,Brain,0.009139415808022022,0.061136990785598755,0.2816502563398853,0.0001573738776700371,True,True,True,observed
1.0,"[""Wnt3a"",""Fzd7_Lrp6""]",Wnt3a,Fzd7_Lrp6,Wnt3a_Fzd7_Lrp6,Cavity,Cartilage primordium,0.009139415808022022,0.09294294565916061,0.0906109087528303,7.696891332532597e-05,True,True,True,observed
1.0,"[""Wnt3a"",""Fzd7_Lrp6""]",Wnt3a,Fzd7_Lrp6,Wnt3a_Fzd7_Lrp6,Cavity,Cavity,0.009139415808022022,0.06690686196088791,11.134549337023934,0.0068086614751405325,True,True,True,observed
1.0,"[""Wnt3a"",""Fzd7_Lrp6""]",Wnt3a,Fzd7_Lrp6,Wnt3a_Fzd7_Lrp6,Cavity,Choroid plexus,0.009139415808022022,0.09052334725856781,0.0683287114953848,5.653042779266675e-05,True,True,True,observed
1.0,"[""Wnt3a"",""Fzd7_Lrp6""]",Wnt3a,Fzd7_Lrp6,Wnt3a_Fzd7_Lrp6,Cavity,Connective tissue,0.009139415808022022,0.1054936945438385,0.4149114598412503,0.0004000371908581114,True,True,True,observed
1.0,"[""Wnt3a"",""Fzd7_Lrp6""]",Wnt3a,Fzd7_Lrp6,Wnt3a_Fzd7_Lrp6,Cavity,Epidermis,0.009139415808022022,0.12289763987064362,1.1844209749952197,0.0013303566014338322,True,True,True,observed
1.0,"[""Wnt3a"",""Fzd7_Lrp6""]",Wnt3a,Fzd7_Lrp6,Wnt3a_Fzd7_Lrp6,Cavity,GI tract,0.009139415808022022,0.10661550611257553,0.1008923421390839,9.830984544627052e-05,True,True,True,observed
1.0,"[""Wnt3a"",""Fzd7_Lrp6""]",Wnt3a,Fzd7_Lrp6,Wnt3a_Fzd7_Lrp6,Cavity,Heart,0.009139415808022022,0.06150840222835541,0.9101307856243062,0.0005116308071749846,True,True,True,observed
1.0,"[""Wnt3a"",""Fzd7_Lrp6""]",Wnt3a,Fzd7_Lrp6,Wnt3a_Fzd7_Lrp6,Cavity,Jaw and tooth,0.009139415808022022,0.11244697123765945,0.0560717762953102,5.7624943555526486e-05,True,True,True,observed
1.0,"[""Wnt3a"",""Fzd7_Lrp6""]",Wnt3a,Fzd7_Lrp6,Wnt3a_Fzd7_Lrp6,Cavity,Liver,0.009139415808022022,0.05558843910694122,0.3233967665209511,0.00016430038808287674,True,True,True,observed
1.0,"[""Wnt3a"",""Fzd7_Lrp6""]",Wnt3a,Fzd7_Lrp6,Wnt3a_Fzd7_Lrp6,Cavity,Lung,0.009139415808022022,0.1441144198179245,0.1496549336574601,0.00019711374666169296,True,True,True,observed
1.0,"[""Wnt3a"",""Fzd7_Lrp6""]",Wnt3a,Fzd7_Lrp6,Wnt3a_Fzd7_Lrp6,Cavity,Meninges,0.009139415808022022,0.07288151234388351,0.2094871244999682,0.0001395382101438555,True,True,True,observed
1.0,"[""Wnt3a"",""Fzd7_Lrp6""]",Wnt3a,Fzd7_Lrp6,Wnt3a_Fzd7_Lrp6,Cavity,Mesentery,0.009139415808022022,0.15161478519439697,0.1398825671760381,0.00019383115582750058,True,True,True,observed
1.0,"[""Wnt3a"",""Fzd7_Lrp6""]",Wnt3a,Fzd7_Lrp6,Wnt3a_Fzd7_Lrp6,Cavity,Mesothelium,0.009139415808022022,0.0961906909942627,0.0721880882727616,6.346247740039463e-05,True,True,True,observed
1.0,"[""Wnt3a"",""Fzd7_Lrp6""]",Wnt3a,Fzd7_Lrp6,Wnt3a_Fzd7_Lrp6,Cavity,Mucosal epithelium,0.009139415808022022,0.10686895251274109,0.007632680443652,7.454990070451937e-06,True,True,True,observed
1.0,"[""Wnt3a"",""Fzd7_Lrp6""]",Wnt3a,Fzd7_Lrp6,Wnt3a_Fzd7_Lrp6,Cavity,Muscle,0.009139415808022022,0.1205962672829628,0.1930403871922066,0.0002127651442302613,True,True,True,observed
1.0,"[""Wnt3a"",""Fzd7_Lrp6""]",Wnt3a,Fzd7_Lrp6,Wnt3a_Fzd7_Lrp6,Cavity,Pancreas,0.009139415808022022,0.06876321136951447,0.0065838539039441,4.137659730428234e-06,True,True,True,observed
1.0,"[""Wnt3a"",""Fzd7_Lrp6""]",Wnt3a,Fzd7_Lrp6,Wnt3a_Fzd7_Lrp6,Cavity,Spinal cord,0.009139415808022022,0.06086624786257744,0.0770433951810561,4.2857849943394406e-05,True,True,True,observed
1.0,"[""Wnt3a"",""Fzd7_Lrp6""]",Wnt3a,Fzd7_Lrp6,Wnt3a_Fzd7_Lrp6,Cavity,Sympathetic nerve,0.009139415808022022,0.04302646964788437,0.0142787813045819,5.614942223324704e-06,True,True,True,observed
1.0,"[""Wnt3a"",""Fzd7_Lrp6""]",Wnt3a,Fzd7_Lrp6,Wnt3a_Fzd7_Lrp6,Choroid plexus,Brain,0.030265050008893013,0.061136990785598755,2.629216167532021,0.004864875703401342,True,True,True,observed
1.0,"[""Wnt3a"",""Fzd7_Lrp6""]",Wnt3a,Fzd7_Lrp6,Wnt3a_Fzd7_Lrp6,Choroid plexus,Cartilage primordium,0.030265050008893013,0.09294294565916061,0.2289439451460745,0.000644001665739595,True,True,True,observed
1.0,"[""Wnt3a"",""Fzd7_Lrp6""]",Wnt3a,Fzd7_Lrp6,Wnt3a_Fzd7_Lrp6,Choroid plexus,Cavity,0.030265050008893013,0.06690686196088791,0.97988389106163,0.0019842056191423864,True,True,True,observed
1.0,"[""Wnt3a"",""Fzd7_Lrp6""]",Wnt3a,Fzd7_Lrp6,Wnt3a_Fzd7_Lrp6,Choroid plexus,Choroid plexus,0.030265050008893013,0.09052334725856781,8.48220989442469,0.023238656430947125,True,True,True,observed
1.0,"[""Wnt3a"",""Fzd7_Lrp6""]",Wnt3a,Fzd7_Lrp6,Wnt3a_Fzd7_Lrp6,Choroid plexus,Connective tissue,0.030265050008893013,0.1054936945438385,0.2157593734708486,0.0006888704736237728,True,True,True,observed
1.0,"[""Wnt3a"",""Fzd7_Lrp6""]",Wnt3a,Fzd7_Lrp6,Wnt3a_Fzd7_Lrp6,Choroid plexus,Epidermis,0.030265050008893013,0.12289763987064362,0.7427041384519315,0.002762490431998618,True,True,True,observed
1.0,"[""Wnt3a"",""Fzd7_Lrp6""]",Wnt3a,Fzd7_Lrp6,Wnt3a_Fzd7_Lrp6,Choroid plexus,GI tract,0.030265050008893013,0.10661550611257553,0.0,0.0,True,True,True,observed
1.0,"[""Wnt3a"",""Fzd7_Lrp6""]",Wnt3a,Fzd7_Lrp6,Wnt3a_Fzd7_Lrp6,Choroid plexus,Heart,0.030265050008893013,0.06150840222835541,0.0,0.0,True,True,True,observed
1.0,"[""Wnt3a"",""Fzd7_Lrp6""]",Wnt3a,Fzd7_Lrp6,Wnt3a_Fzd7_Lrp6,Choroid plexus,Jaw and tooth,0.030265050008893013,0.11244697123765945,0.1079073176274891,0.00036723160857421775,True,True,True,observed
1.0,"[""Wnt3a"",""Fzd7_Lrp6""]",Wnt3a,Fzd7_Lrp6,Wnt3a_Fzd7_Lrp6,Choroid plexus,Liver,0.030265050008893013,0.05558843910694122,0.0,0.0,True,True,True,observed
1.0,"[""Wnt3a"",""Fzd7_Lrp6""]",Wnt3a,Fzd7_Lrp6,Wnt3a_Fzd7_Lrp6,Choroid plexus,Lung,0.030265050008893013,0.1441144198179245,0.0204814270236133,8.933240906395964e-05,True,True,True,observed
1.0,"[""Wnt3a"",""Fzd7_Lrp6""]",Wnt3a,Fzd7_Lrp6,Wnt3a_Fzd7_Lrp6,Choroid plexus,Meninges,0.030265050008893013,0.07288151234388351,2.1581058006628147,0.00476026909606774,True,True,True,observed
1.0,"[""Wnt3a"",""Fzd7_Lrp6""]",Wnt3a,Fzd7_Lrp6,Wnt3a_Fzd7_Lrp6,Choroid plexus,Mesentery,0.030265050008893013,0.15161478519439697,0.0010496614935091,4.816507228076009e-06,True,True,True,observed
1.0,"[""Wnt3a"",""Fzd7_Lrp6""]",Wnt3a,Fzd7_Lrp6,Wnt3a_Fzd7_Lrp6,Choroid plexus,Mesothelium,0.030265050008893013,0.0961906909942627,0.2310672556263169,0.0006726867085998942,True,True,True,observed
1.0,"[""Wnt3a"",""Fzd7_Lrp6""]",Wnt3a,Fzd7_Lrp6,Wnt3a_Fzd7_Lrp6,Choroid plexus,Mucosal epithelium,0.030265050008893013,0.10686895251274109,0.0224968475940959,7.276367320106508e-05,True,True,True,observed
1.0,"[""Wnt3a"",""Fzd7_Lrp6""]",Wnt3a,Fzd7_Lrp6,Wnt3a_Fzd7_Lrp6,Choroid plexus,Muscle,0.030265050008893013,0.1205962672829628,0.0147847143328527,5.396202006730034e-05,True,True,True,observed
1.0,"[""Wnt3a"",""Fzd7_Lrp6""]",Wnt3a,Fzd7_Lrp6,Wnt3a_Fzd7_Lrp6,Choroid plexus,Pancreas,0.030265050008893013,0.06876321136951447,0.0,0.0,True,True,True,observed
1.0,"[""Wnt3a"",""Fzd7_Lrp6""]",Wnt3a,Fzd7_Lrp6,Wnt3a_Fzd7_Lrp6,Choroid plexus,Spinal cord,0.030265050008893013,0.06086624786257744,0.6005940398684254,0.0011063663139922117,True,True,True,observed
1.0,"[""Wnt3a"",""Fzd7_Lrp6""]",Wnt3a,Fzd7_Lrp6,Wnt3a_Fzd7_Lrp6,Choroid plexus,Sympathetic nerve,0.030265050008893013,0.04302646964788437,0.0005520895155946,7.189300041419714e-07,True,True,True,observed
1.0,"[""Wnt3a"",""Fzd7_Lrp6""]",Wnt3a,Fzd7_Lrp6,Wnt3a_Fzd7_Lrp6,Connective tissue,Brain,0.005309841595590115,0.061136990785598755,0.0503045669270516,1.6330257707332312e-05,True,True,True,observed
1.0,"[""Wnt3a"",""Fzd7_Lrp6""]",Wnt3a,Fzd7_Lrp6,Wnt3a_Fzd7_Lrp6,Connective tissue,Cartilage primordium,0.005309841595590115,0.09294294565916061,1.150294026770284,0.0005676842725425501,True,True,True,observed
1.0,"[""Wnt3a"",""Fzd7_Lrp6""]",Wnt3a,Fzd7_Lrp6,Wnt3a_Fzd7_Lrp6,Connective tissue,Cavity,0.005309841595590115,0.06690686196088791,0.9987803887501252,0.00035483155367640134,True,True,True,observed
1.0,"[""Wnt3a"",""Fzd7_Lrp6""]",Wnt3a,Fzd7_Lrp6,Wnt3a_Fzd7_Lrp6,Connective tissue,Choroid plexus,0.005309841595590115,0.09052334725856781,0.0382596662958207,1.8390068521742915e-05,True,True,True,observed
1.0,"[""Wnt3a"",""Fzd7_Lrp6""]",Wnt3a,Fzd7_Lrp6,Wnt3a_Fzd7_Lrp6,Connective tissue,Connective tissue,0.005309841595590115,0.1054936945438385,9.68132162659625,0.005423038850749309,True,True,True,observed
1.0,"[""Wnt3a"",""Fzd7_Lrp6""]",Wnt3a,Fzd7_Lrp6,Wnt3a_Fzd7_Lrp6,Connective tissue,Epidermis,0.005309841595590115,0.12289763987064362,0.1721613911381564,0.00011234684256270275,True,True,True,observed
1.0,"[""Wnt3a"",""Fzd7_Lrp6""]",Wnt3a,Fzd7_Lrp6,Wnt3a_Fzd7_Lrp6,Connective tissue,GI tract,0.005309841595590115,0.10661550611257553,0.1898201689848913,0.0001074593709308199,True,True,True,observed
1.0,"[""Wnt3a"",""Fzd7_Lrp6""]",Wnt3a,Fzd7_Lrp6,Wnt3a_Fzd7_Lrp6,Connective tissue,Heart,0.005309841595590115,0.06150840222835541,0.0084488036188274,2.7593781857883697e-06,True,True,True,observed
1.0,"[""Wnt3a"",""Fzd7_Lrp6""]",Wnt3a,Fzd7_Lrp6,Wnt3a_Fzd7_Lrp6,Connective tissue,Jaw and tooth,0.005309841595590115,0.11244697123765945,0.2811906497355268,0.00016789207736062997,True,True,True,observed
1.0,"[""Wnt3a"",""Fzd7_Lrp6""]",Wnt3a,Fzd7_Lrp6,Wnt3a_Fzd7_Lrp6,Connective tissue,Liver,0.005309841595590115,0.05558843910694122,0.0028305413609154,8.354790227882616e-07,True,True,True,observed
1.0,"[""Wnt3a"",""Fzd7_Lrp6""]",Wnt3a,Fzd7_Lrp6,Wnt3a_Fzd7_Lrp6,Connective tissue,Lung,0.005309841595590115,0.1441144198179245,0.0076086989554639,5.8223646865797275e-06,True,True,True,observed
1.0,"[""Wnt3a"",""Fzd7_Lrp6""]",Wnt3a,Fzd7_Lrp6,Wnt3a_Fzd7_Lrp6,Connective tissue,Meninges,0.005309841595590115,0.07288151234388351,0.5662334043298114,0.0002191262607337707,True,True,True,observed
1.0,"[""Wnt3a"",""Fzd7_Lrp6""]",Wnt3a,Fzd7_Lrp6,Wnt3a_Fzd7_Lrp6,Connective tissue,Mesentery,0.005309841595590115,0.15161478519439697,0.0513642276817125,4.135079681421714e-05,True,True,True,observed
1.0,"[""Wnt3a"",""Fzd7_Lrp6""]",Wnt3a,Fzd7_Lrp6,Wnt3a_Fzd7_Lrp6,Connective tissue,Mesothelium,0.005309841595590115,0.0961906909942627,0.6189496827062662,0.00031613308867407434,True,True,True,observed
1.0,"[""Wnt3a"",""Fzd7_Lrp6""]",Wnt3a,Fzd7_Lrp6,Wnt3a_Fzd7_Lrp6,Connective tissue,Mucosal epithelium,0.005309841595590115,0.10686895251274109,0.1932110221462273,0.0001096389874387592,True,True,True,observed
1.0,"[""Wnt3a"",""Fzd7_Lrp6""]",Wnt3a,Fzd7_Lrp6,Wnt3a_Fzd7_Lrp6,Connective tissue,Muscle,0.005309841595590115,0.1205962672829628,0.3775185918480754,0.00024174292653578007,True,True,True,observed
1.0,"[""Wnt3a"",""Fzd7_Lrp6""]",Wnt3a,Fzd7_Lrp6,Wnt3a_Fzd7_Lrp6,Connective tissue,Pancreas,0.005309841595590115,0.06876321136951447,0.0139061330107489,5.0774317593478125e-06,True,True,True,observed
1.0,"[""Wnt3a"",""Fzd7_Lrp6""]",Wnt3a,Fzd7_Lrp6,Wnt3a_Fzd7_Lrp6,Connective tissue,Spinal cord,0.005309841595590115,0.06086624786257744,0.0795995923923661,2.572580298482355e-05,True,True,True,observed
1.0,"[""Wnt3a"",""Fzd7_Lrp6""]",Wnt3a,Fzd7_Lrp6,Wnt3a_Fzd7_Lrp6,Connective tissue,Sympathetic nerve,0.005309841595590115,0.04302646964788437,0.1189022318504015,2.716484837454127e-05,True,True,True,observed
1.0,"[""Wnt3a"",""Fzd7_Lrp6""]",Wnt3a,Fzd7_Lrp6,Wnt3a_Fzd7_Lrp6,Epidermis,Brain,0.02999962493777275,0.061136990785598755,0.2829283481909671,0.000518915146893275,True,True,True,observed
1.0,"[""Wnt3a"",""Fzd7_Lrp6""]",Wnt3a,Fzd7_Lrp6,Wnt3a_Fzd7_Lrp6,Epidermis,Cartilage primordium,0.02999962493777275,0.09294294565916061,0.0216758279229686,6.043770329675335e-05,True,True,True,observed
1.0,"[""Wnt3a"",""Fzd7_Lrp6""]",Wnt3a,Fzd7_Lrp6,Wnt3a_Fzd7_Lrp6,Epidermis,Cavity,0.02999962493777275,0.06690686196088791,3.066639858873507,0.006155300536655809,True,True,True,observed
1.0,"[""Wnt3a"",""Fzd7_Lrp6""]",Wnt3a,Fzd7_Lrp6,Wnt3a_Fzd7_Lrp6,Epidermis,Choroid plexus,0.02999962493777275,0.09052334725856781,0.1464619375661802,0.00039774177237464445,True,True,True,observed
1.0,"[""Wnt3a"",""Fzd7_Lrp6""]",Wnt3a,Fzd7_Lrp6,Wnt3a_Fzd7_Lrp6,Epidermis,Connective tissue,0.02999962493777275,0.1054936945438385,0.1974151655942876,0.0006247738442591124,True,True,True,observed
1.0,"[""Wnt3a"",""Fzd7_Lrp6""]",Wnt3a,Fzd7_Lrp6,Wnt3a_Fzd7_Lrp6,Epidermis,Epidermis,0.02999962493777275,0.12289763987064362,10.615461496247182,0.03913796560892497,True,True,True,observed
1.0,"[""Wnt3a"",""Fzd7_Lrp6""]",Wnt3a,Fzd7_Lrp6,Wnt3a_Fzd7_Lrp6,Epidermis,GI tract,0.02999962493777275,0.10661550611257553,0.2639418197895573,0.0008441981666740298,True,True,True,observed
1.0,"[""Wnt3a"",""Fzd7_Lrp6""]",Wnt3a,Fzd7_Lrp6,Wnt3a_Fzd7_Lrp6,Epidermis,Heart,0.02999962493777275,0.06150840222835541,0.0052047001316983,9.603863605637278e-06,True,True,True,observed
1.0,"[""Wnt3a"",""Fzd7_Lrp6""]",Wnt3a,Fzd7_Lrp6,Wnt3a_Fzd7_Lrp6,Epidermis,Jaw and tooth,0.02999962493777275,0.11244697123765945,0.5078130487904231,0.0017130397619253088,True,True,True,observed
1.0,"[""Wnt3a"",""Fzd7_Lrp6""]",Wnt3a,Fzd7_Lrp6,Wnt3a_Fzd7_Lrp6,Epidermis,Liver,0.02999962493777275,0.05558843910694122,0.0087586845751554,1.4606265513989074e-05,True,True,True,observed
1.0,"[""Wnt3a"",""Fzd7_Lrp6""]",Wnt3a,Fzd7_Lrp6,Wnt3a_Fzd7_Lrp6,Epidermis,Lung,0.02999962493777275,0.1441144198179245,0.0202033043546589,8.734653253781132e-05,True,True,True,observed
1.0,"[""Wnt3a"",""Fzd7_Lrp6""]",Wnt3a,Fzd7_Lrp6,Wnt3a_Fzd7_Lrp6,Epidermis,Meninges,0.02999962493777275,0.07288151234388351,0.4977080551681891,0.001088197868091093,True,True,True,observed
1.0,"[""Wnt3a"",""Fzd7_Lrp6""]",Wnt3a,Fzd7_Lrp6,Wnt3a_Fzd7_Lrp6,Epidermis,Mesentery,0.02999962493777275,0.15161478519439697,0.2643782696544343,0.0012024946030469454,True,True,True,observed
1.0,"[""Wnt3a"",""Fzd7_Lrp6""]",Wnt3a,Fzd7_Lrp6,Wnt3a_Fzd7_Lrp6,Epidermis,Mesothelium,0.02999962493777275,0.0961906909942627,0.0290149992754081,8.372813809650047e-05,True,True,True,observed
1.0,"[""Wnt3a"",""Fzd7_Lrp6""]",Wnt3a,Fzd7_Lrp6,Wnt3a_Fzd7_Lrp6,Epidermis,Mucosal epithelium,0.02999962493777275,0.10686895251274109,0.0517443436071862,0.0001658938399497471,True,True,True,observed
1.0,"[""Wnt3a"",""Fzd7_Lrp6""]",Wnt3a,Fzd7_Lrp6,Wnt3a_Fzd7_Lrp6,Epidermis,Muscle,0.02999962493777275,0.1205962672829628,0.1516182570555182,0.0005485310177240821,True,True,True,observed
1.0,"[""Wnt3a"",""Fzd7_Lrp6""]",Wnt3a,Fzd7_Lrp6,Wnt3a_Fzd7_Lrp6,Epidermis,Pancreas,0.02999962493777275,0.06876321136951447,0.0004062136282472,8.37966130964429e-07,True,True,True,observed
1.0,"[""Wnt3a"",""Fzd7_Lrp6""]",Wnt3a,Fzd7_Lrp6,Wnt3a_Fzd7_Lrp6,Epidermis,Spinal cord,0.02999962493777275,0.06086624786257744,0.4168586187085352,0.0007611690839875888,True,True,True,observed
1.0,"[""Wnt3a"",""Fzd7_Lrp6""]",Wnt3a,Fzd7_Lrp6,Wnt3a_Fzd7_Lrp6,Epidermis,Sympathetic nerve,0.02999962493777275,0.04302646964788437,0.0,0.0,True,True,True,observed
1.0,"[""Wnt3a"",""Fzd7_Lrp6""]",Wnt3a,Fzd7_Lrp6,Wnt3a_Fzd7_Lrp6,GI tract,Brain,0.005187503527849913,0.061136990785598755,0.0004346907857511,1.3786146780085374e-07,True,True,True,observed
1.0,"[""Wnt3a"",""Fzd7_Lrp6""]",Wnt3a,Fzd7_Lrp6,Wnt3a_Fzd7_Lrp6,GI tract,Cartilage primordium,0.005187503527849913,0.09294294565916061,0.0049831315915624,2.402576326684324e-06,True,True,True,observed
1.0,"[""Wnt3a"",""Fzd7_Lrp6""]",Wnt3a,Fzd7_Lrp6,Wnt3a_Fzd7_Lrp6,GI tract,Cavity,0.005187503527849913,0.06690686196088791,0.5443342131360038,0.00018892729141365008,True,True,True,observed
1.0,"[""Wnt3a"",""Fzd7_Lrp6""]",Wnt3a,Fzd7_Lrp6,Wnt3a_Fzd7_Lrp6,GI tract,Choroid plexus,0.005187503527849913,0.09052334725856781,0.0,0.0,True,True,True,observed
1.0,"[""Wnt3a"",""Fzd7_Lrp6""]",Wnt3a,Fzd7_Lrp6,Wnt3a_Fzd7_Lrp6,GI tract,Connective tissue,0.005187503527849913,0.1054936945438385,0.412022091532347,0.00022547864156323313,True,True,True,observed
1.0,"[""Wnt3a"",""Fzd7_Lrp6""]",Wnt3a,Fzd7_Lrp6,Wnt3a_Fzd7_Lrp6,GI tract,Epidermis,0.005187503527849913,0.12289763987064362,0.5246643478399304,0.00033449027973362434,True,True,True,observed
1.0,"[""Wnt3a"",""Fzd7_Lrp6""]",Wnt3a,Fzd7_Lrp6,Wnt3a_Fzd7_Lrp6,GI tract,GI tract,0.005187503527849913,0.10661550611257553,7.379358367340219,0.0040812892912353675,True,True,True,observed
1.0,"[""Wnt3a"",""Fzd7_Lrp6""]",Wnt3a,Fzd7_Lrp6,Wnt3a_Fzd7_Lrp6,GI tract,Heart,0.005187503527849913,0.06150840222835541,0.0,0.0,True,True,True,observed
1.0,"[""Wnt3a"",""Fzd7_Lrp6""]",Wnt3a,Fzd7_Lrp6,Wnt3a_Fzd7_Lrp6,GI tract,Jaw and tooth,0.005187503527849913,0.11244697123765945,0.1150266206922905,6.709722025621376e-05,True,True,True,observed
1.0,"[""Wnt3a"",""Fzd7_Lrp6""]",Wnt3a,Fzd7_Lrp6,Wnt3a_Fzd7_Lrp6,GI tract,Liver,0.005187503527849913,0.05558843910694122,0.235637222883628,6.794958055366734e-05,True,True,True,observed
1.0,"[""Wnt3a"",""Fzd7_Lrp6""]",Wnt3a,Fzd7_Lrp6,Wnt3a_Fzd7_Lrp6,GI tract,Lung,0.005187503527849913,0.1441144198179245,0.3977189531578066,0.00029733232741522333,True,True,True,observed
1.0,"[""Wnt3a"",""Fzd7_Lrp6""]",Wnt3a,Fzd7_Lrp6,Wnt3a_Fzd7_Lrp6,GI tract,Meninges,0.005187503527849913,0.07288151234388351,0.0014172968976648,5.358418351205136e-07,True,True,True,observed
1.0,"[""Wnt3a"",""Fzd7_Lrp6""]",Wnt3a,Fzd7_Lrp6,Wnt3a_Fzd7_Lrp6,GI tract,Mesentery,0.005187503527849913,0.15161478519439697,0.503348714452873,0.0003958848879301694,True,True,True,observed
1.0,"[""Wnt3a"",""Fzd7_Lrp6""]",Wnt3a,Fzd7_Lrp6,Wnt3a_Fzd7_Lrp6,GI tract,Mesothelium,0.005187503527849913,0.0961906909942627,0.0626752292284563,3.127428435859899e-05,True,True,True,observed
1.0,"[""Wnt3a"",""Fzd7_Lrp6""]",Wnt3a,Fzd7_Lrp6,Wnt3a_Fzd7_Lrp6,GI tract,Mucosal epithelium,0.005187503527849913,0.10686895251274109,0.1176721174016345,6.52354294840575e-05,True,True,True,observed
1.0,"[""Wnt3a"",""Fzd7_Lrp6""]",Wnt3a,Fzd7_Lrp6,Wnt3a_Fzd7_Lrp6,GI tract,Muscle,0.005187503527849913,0.1205962672829628,0.0511331568312338,3.1988573717123904e-05,True,True,True,observed
1.0,"[""Wnt3a"",""Fzd7_Lrp6""]",Wnt3a,Fzd7_Lrp6,Wnt3a_Fzd7_Lrp6,GI tract,Pancreas,0.005187503527849913,0.06876321136951447,0.2559686909385897,9.1306438564246e-05,True,True,True,observed
1.0,"[""Wnt3a"",""Fzd7_Lrp6""]",Wnt3a,Fzd7_Lrp6,Wnt3a_Fzd7_Lrp6,GI tract,Spinal cord,0.005187503527849913,0.06086624786257744,0.0,0.0,True,True,True,observed
1.0,"[""Wnt3a"",""Fzd7_Lrp6""]",Wnt3a,Fzd7_Lrp6,Wnt3a_Fzd7_Lrp6,GI tract,Sympathetic nerve,0.005187503527849913,0.04302646964788437,0.001927681328118,4.3025840128392313e-07,True,True,True,observed
1.0,"[""Wnt3a"",""Fzd7_Lrp6""]",Wnt3a,Fzd7_Lrp6,Wnt3a_Fzd7_Lrp6,Heart,Brain,0.005781511776149273,0.061136990785598755,0.0,0.0,True,True,True,observed
1.0,"[""Wnt3a"",""Fzd7_Lrp6""]",Wnt3a,Fzd7_Lrp6,Wnt3a_Fzd7_Lrp6,Heart,Cartilage primordium,0.005781511776149273,0.09294294565916061,0.0,0.0,True,True,True,observed
1.0,"[""Wnt3a"",""Fzd7_Lrp6""]",Wnt3a,Fzd7_Lrp6,Wnt3a_Fzd7_Lrp6,Heart,Cavity,0.005781511776149273,0.06690686196088791,10.058588404305937,0.0038908914345271665,True,True,True,observed
1.0,"[""Wnt3a"",""Fzd7_Lrp6""]",Wnt3a,Fzd7_Lrp6,Wnt3a_Fzd7_Lrp6,Heart,Choroid plexus,0.005781511776149273,0.09052334725856781,0.0,0.0,True,True,True,observed
1.0,"[""Wnt3a"",""Fzd7_Lrp6""]",Wnt3a,Fzd7_Lrp6,Wnt3a_Fzd7_Lrp6,Heart,Connective tissue,0.005781511776149273,0.1054936945438385,0.0351328932137853,2.1428009609672686e-05,True,True,True,observed
1.0,"[""Wnt3a"",""Fzd7_Lrp6""]",Wnt3a,Fzd7_Lrp6,Wnt3a_Fzd7_Lrp6,Heart,Epidermis,0.005781511776149273,0.12289763987064362,0.0233880988086562,1.661804295794872e-05,True,True,True,observed
1.0,"[""Wnt3a"",""Fzd7_Lrp6""]",Wnt3a,Fzd7_Lrp6,Wnt3a_Fzd7_Lrp6,Heart,GI tract,0.005781511776149273,0.10661550611257553,0.0,0.0,True,True,True,observed
1.0,"[""Wnt3a"",""Fzd7_Lrp6""]",Wnt3a,Fzd7_Lrp6,Wnt3a_Fzd7_Lrp6,Heart,Heart,0.005781511776149273,0.06150840222835541,33.352566686959214,0.011860557996574945,True,True,True,observed
1.0,"[""Wnt3a"",""Fzd7_Lrp6""]",Wnt3a,Fzd7_Lrp6,Wnt3a_Fzd7_Lrp6,Heart,Jaw and tooth,0.005781511776149273,0.11244697123765945,0.0,0.0,True,True,True,observed
1.0,"[""Wnt3a"",""Fzd7_Lrp6""]",Wnt3a,Fzd7_Lrp6,Wnt3a_Fzd7_Lrp6,Heart,Liver,0.005781511776149273,0.05558843910694122,0.2537095799982308,8.153850799509227e-05,True,True,True,observed
1.0,"[""Wnt3a"",""Fzd7_Lrp6""]",Wnt3a,Fzd7_Lrp6,Wnt3a_Fzd7_Lrp6,Heart,Lung,0.005781511776149273,0.1441144198179245,0.0142398216159468,1.1864608196280023e-05,True,True,True,observed
1.0,"[""Wnt3a"",""Fzd7_Lrp6""]",Wnt3a,Fzd7_Lrp6,Wnt3a_Fzd7_Lrp6,Heart,Meninges,0.005781511776149273,0.07288151234388351,0.0,0.0,True,True,True,observed
1.0,"[""Wnt3a"",""Fzd7_Lrp6""]",Wnt3a,Fzd7_Lrp6,Wnt3a_Fzd7_Lrp6,Heart,Mesentery,0.005781511776149273,0.15161478519439697,0.0017686076911098,1.5502954728976102e-06,True,True,True,observed
1.0,"[""Wnt3a"",""Fzd7_Lrp6""]",Wnt3a,Fzd7_Lrp6,Wnt3a_Fzd7_Lrp6,Heart,Mesothelium,0.005781511776149273,0.0961906909942627,0.0,0.0,True,True,True,observed
1.0,"[""Wnt3a"",""Fzd7_Lrp6""]",Wnt3a,Fzd7_Lrp6,Wnt3a_Fzd7_Lrp6,Heart,Mucosal epithelium,0.005781511776149273,0.10686895251274109,0.0,0.0,True,True,True,observed
1.0,"[""Wnt3a"",""Fzd7_Lrp6""]",Wnt3a,Fzd7_Lrp6,Wnt3a_Fzd7_Lrp6,Heart,Muscle,0.005781511776149273,0.1205962672829628,0.0,0.0,True,True,True,observed
1.0,"[""Wnt3a"",""Fzd7_Lrp6""]",Wnt3a,Fzd7_Lrp6,Wnt3a_Fzd7_Lrp6,Heart,Pancreas,0.005781511776149273,0.06876321136951447,0.0,0.0,True,True,True,observed
1.0,"[""Wnt3a"",""Fzd7_Lrp6""]",Wnt3a,Fzd7_Lrp6,Wnt3a_Fzd7_Lrp6,Heart,Spinal cord,0.005781511776149273,0.06086624786257744,0.0,0.0,True,True,True,observed
1.0,"[""Wnt3a"",""Fzd7_Lrp6""]",Wnt3a,Fzd7_Lrp6,Wnt3a_Fzd7_Lrp6,Heart,Sympathetic nerve,0.005781511776149273,0.04302646964788437,0.0,0.0,True,True,True,observed
1.0,"[""Wnt3a"",""Fzd7_Lrp6""]",Wnt3a,Fzd7_Lrp6,Wnt3a_Fzd7_Lrp6,Jaw and tooth,Brain,0.005616096779704094,0.061136990785598755,0.0068962998240995,2.367853213748597e-06,True,True,True,observed
1.0,"[""Wnt3a"",""Fzd7_Lrp6""]",Wnt3a,Fzd7_Lrp6,Wnt3a_Fzd7_Lrp6,Jaw and tooth,Cartilage primordium,0.005616096779704094,0.09294294565916061,0.0968285402042807,5.0542230050422564e-05,True,True,True,observed
1.0,"[""Wnt3a"",""Fzd7_Lrp6""]",Wnt3a,Fzd7_Lrp6,Wnt3a_Fzd7_Lrp6,Jaw and tooth,Cavity,0.005616096779704094,0.06690686196088791,0.1859614728206571,6.987602983560155e-05,True,True,True,observed
1.0,"[""Wnt3a"",""Fzd7_Lrp6""]",Wnt3a,Fzd7_Lrp6,Wnt3a_Fzd7_Lrp6,Jaw and tooth,Choroid plexus,0.005616096779704094,0.09052334725856781,0.0260801827237676,1.3258848779569638e-05,True,True,True,observed
1.0,"[""Wnt3a"",""Fzd7_Lrp6""]",Wnt3a,Fzd7_Lrp6,Wnt3a_Fzd7_Lrp6,Jaw and tooth,Connective tissue,0.005616096779704094,0.1054936945438385,0.3897182971505522,0.00023089359284218143,True,True,True,observed
1.0,"[""Wnt3a"",""Fzd7_Lrp6""]",Wnt3a,Fzd7_Lrp6,Wnt3a_Fzd7_Lrp6,Jaw and tooth,Epidermis,0.005616096779704094,0.12289763987064362,0.5887800445501832,0.0004063789539119033,True,True,True,observed
1.0,"[""Wnt3a"",""Fzd7_Lrp6""]",Wnt3a,Fzd7_Lrp6,Wnt3a_Fzd7_Lrp6,Jaw and tooth,GI tract,0.005616096779704094,0.10661550611257553,0.0660416186693223,3.954327775531573e-05,True,True,True,observed
1.0,"[""Wnt3a"",""Fzd7_Lrp6""]",Wnt3a,Fzd7_Lrp6,Wnt3a_Fzd7_Lrp6,Jaw and tooth,Heart,0.005616096779704094,0.06150840222835541,0.0,0.0,True,True,True,observed
1.0,"[""Wnt3a"",""Fzd7_Lrp6""]",Wnt3a,Fzd7_Lrp6,Wnt3a_Fzd7_Lrp6,Jaw and tooth,Jaw and tooth,0.005616096779704094,0.11244697123765945,16.409067798818665,0.010362540831604712,True,True,True,observed
1.0,"[""Wnt3a"",""Fzd7_Lrp6""]",Wnt3a,Fzd7_Lrp6,Wnt3a_Fzd7_Lrp6,Jaw and tooth,Liver,0.005616096779704094,0.05558843910694122,0.0,0.0,True,True,True,observed
1.0,"[""Wnt3a"",""Fzd7_Lrp6""]",Wnt3a,Fzd7_Lrp6,Wnt3a_Fzd7_Lrp6,Jaw and tooth,Lung,0.005616096779704094,0.1441144198179245,0.0721681794177831,5.841007587403459e-05,True,True,True,observed
1.0,"[""Wnt3a"",""Fzd7_Lrp6""]",Wnt3a,Fzd7_Lrp6,Wnt3a_Fzd7_Lrp6,Jaw and tooth,Meninges,0.005616096779704094,0.07288151234388351,0.1210067041303919,4.952920890481681e-05,True,True,True,observed
1.0,"[""Wnt3a"",""Fzd7_Lrp6""]",Wnt3a,Fzd7_Lrp6,Wnt3a_Fzd7_Lrp6,Jaw and tooth,Mesentery,0.005616096779704094,0.15161478519439697,0.0743374919373718,6.32971334604284e-05,True,True,True,observed
1.0,"[""Wnt3a"",""Fzd7_Lrp6""]",Wnt3a,Fzd7_Lrp6,Wnt3a_Fzd7_Lrp6,Jaw and tooth,Mesothelium,0.005616096779704094,0.0961906909942627,0.0106527878254613,5.754808877319065e-06,True,True,True,observed
1.0,"[""Wnt3a"",""Fzd7_Lrp6""]",Wnt3a,Fzd7_Lrp6,Wnt3a_Fzd7_Lrp6,Jaw and tooth,Mucosal epithelium,0.005616096779704094,0.10686895251274109,0.4844532724427081,0.00029076225589423166,True,True,True,observed
1.0,"[""Wnt3a"",""Fzd7_Lrp6""]",Wnt3a,Fzd7_Lrp6,Wnt3a_Fzd7_Lrp6,Jaw and tooth,Muscle,0.005616096779704094,0.1205962672829628,0.4556566486870192,0.0003086072755163529,True,True,True,observed
1.0,"[""Wnt3a"",""Fzd7_Lrp6""]",Wnt3a,Fzd7_Lrp6,Wnt3a_Fzd7_Lrp6,Jaw and tooth,Pancreas,0.005616096779704094,0.06876321136951447,0.0028738136264099,1.1098117888001564e-06,True,True,True,observed
1.0,"[""Wnt3a"",""Fzd7_Lrp6""]",Wnt3a,Fzd7_Lrp6,Wnt3a_Fzd7_Lrp6,Jaw and tooth,Spinal cord,0.005616096779704094,0.06086624786257744,0.0086743563984545,2.9651616546821097e-06,True,True,True,observed
1.0,"[""Wnt3a"",""Fzd7_Lrp6""]",Wnt3a,Fzd7_Lrp6,Wnt3a_Fzd7_Lrp6,Jaw and tooth,Sympathetic nerve,0.005616096779704094,0.04302646964788437,0.0013471582459611,3.2552842003308364e-07,True,True,True,observed
1.0,"[""Wnt3a"",""Fzd7_Lrp6""]",Wnt3a,Fzd7_Lrp6,Wnt3a_Fzd7_Lrp6,Liver,Brain,0.0033879484981298447,0.061136990785598755,0.0,0.0,True,True,True,observed
1.0,"[""Wnt3a"",""Fzd7_Lrp6""]",Wnt3a,Fzd7_Lrp6,Wnt3a_Fzd7_Lrp6,Liver,Cartilage primordium,0.0033879484981298447,0.09294294565916061,0.0,0.0,True,True,True,observed
1.0,"[""Wnt3a"",""Fzd7_Lrp6""]",Wnt3a,Fzd7_Lrp6,Wnt3a_Fzd7_Lrp6,Liver,Cavity,0.0033879484981298447,0.06690686196088791,1.3642628913142465,0.0003092470228182358,True,True,True,observed
1.0,"[""Wnt3a"",""Fzd7_Lrp6""]",Wnt3a,Fzd7_Lrp6,Wnt3a_Fzd7_Lrp6,Liver,Choroid plexus,0.0033879484981298447,0.09052334725856781,0.0,0.0,True,True,True,observed
1.0,"[""Wnt3a"",""Fzd7_Lrp6""]",Wnt3a,Fzd7_Lrp6,Wnt3a_Fzd7_Lrp6,Liver,Connective tissue,0.0033879484981298447,0.1054936945438385,0.0045730028369209,1.6344241577912285e-06,True,True,True,observed
1.0,"[""Wnt3a"",""Fzd7_Lrp6""]",Wnt3a,Fzd7_Lrp6,Wnt3a_Fzd7_Lrp6,Liver,Epidermis,0.0033879484981298447,0.12289763987064362,0.0115200405120849,4.7966093414103534e-06,True,True,True,observed
1.0,"[""Wnt3a"",""Fzd7_Lrp6""]",Wnt3a,Fzd7_Lrp6,Wnt3a_Fzd7_Lrp6,Liver,GI tract,0.0033879484981298447,0.10661550611257553,0.1965301500396295,7.098823173975603e-05,True,True,True,observed
1.0,"[""Wnt3a"",""Fzd7_Lrp6""]",Wnt3a,Fzd7_Lrp6,Wnt3a_Fzd7_Lrp6,Liver,Heart,0.0033879484981298447,0.06150840222835541,0.099644409049641,2.0764629257515252e-05,True,True,True,observed
1.0,"[""Wnt3a"",""Fzd7_Lrp6""]",Wnt3a,Fzd7_Lrp6,Wnt3a_Fzd7_Lrp6,Liver,Jaw and tooth,0.0033879484981298447,0.11244697123765945,0.0,0.0,True,True,True,observed
1.0,"[""Wnt3a"",""Fzd7_Lrp6""]",Wnt3a,Fzd7_Lrp6,Wnt3a_Fzd7_Lrp6,Liver,Liver,0.0033879484981298447,0.05558843910694122,18.52752226512107,0.0034893025118852374,True,True,True,observed
1.0,"[""Wnt3a"",""Fzd7_Lrp6""]",Wnt3a,Fzd7_Lrp6,Wnt3a_Fzd7_Lrp6,Liver,Lung,0.0033879484981298447,0.1441144198179245,0.0344001478065143,1.6795948953886636e-05,True,True,True,observed
1.0,"[""Wnt3a"",""Fzd7_Lrp6""]",Wnt3a,Fzd7_Lrp6,Wnt3a_Fzd7_Lrp6,Liver,Meninges,0.0033879484981298447,0.07288151234388351,0.0,0.0,True,True,True,observed
1.0,"[""Wnt3a"",""Fzd7_Lrp6""]",Wnt3a,Fzd7_Lrp6,Wnt3a_Fzd7_Lrp6,Liver,Mesentery,0.0033879484981298447,0.15161478519439697,0.0,0.0,True,True,True,observed
1.0,"[""Wnt3a"",""Fzd7_Lrp6""]",Wnt3a,Fzd7_Lrp6,Wnt3a_Fzd7_Lrp6,Liver,Mesothelium,0.0033879484981298447,0.0961906909942627,0.0,0.0,True,True,True,observed
1.0,"[""Wnt3a"",""Fzd7_Lrp6""]",Wnt3a,Fzd7_Lrp6,Wnt3a_Fzd7_Lrp6,Liver,Mucosal epithelium,0.0033879484981298447,0.10686895251274109,0.0,0.0,True,True,True,observed
1.0,"[""Wnt3a"",""Fzd7_Lrp6""]",Wnt3a,Fzd7_Lrp6,Wnt3a_Fzd7_Lrp6,Liver,Muscle,0.0033879484981298447,0.1205962672829628,0.0150960796312852,6.167864773080489e-06,True,True,True,observed
1.0,"[""Wnt3a"",""Fzd7_Lrp6""]",Wnt3a,Fzd7_Lrp6,Wnt3a_Fzd7_Lrp6,Liver,Pancreas,0.0033879484981298447,0.06876321136951447,0.0041626699404283,9.697614756591732e-07,True,True,True,observed
1.0,"[""Wnt3a"",""Fzd7_Lrp6""]",Wnt3a,Fzd7_Lrp6,Wnt3a_Fzd7_Lrp6,Liver,Spinal cord,0.0033879484981298447,0.06086624786257744,0.0,0.0,True,True,True,observed
1.0,"[""Wnt3a"",""Fzd7_Lrp6""]",Wnt3a,Fzd7_Lrp6,Wnt3a_Fzd7_Lrp6,Liver,Sympathetic nerve,0.0033879484981298447,0.04302646964788437,0.0,0.0,True,True,True,observed
1.0,"[""Wnt3a"",""Fzd7_Lrp6""]",Wnt3a,Fzd7_Lrp6,Wnt3a_Fzd7_Lrp6,Lung,Brain,0.004991929978132248,0.061136990785598755,0.0414863778192931,1.266129307381701e-05,True,True,True,observed
1.0,"[""Wnt3a"",""Fzd7_Lrp6""]",Wnt3a,Fzd7_Lrp6,Wnt3a_Fzd7_Lrp6,Lung,Cartilage primordium,0.004991929978132248,0.09294294565916061,0.0030301473817658,1.405881350309717e-06,True,True,True,observed
1.0,"[""Wnt3a"",""Fzd7_Lrp6""]",Wnt3a,Fzd7_Lrp6,Wnt3a_Fzd7_Lrp6,Lung,Cavity,0.004991929978132248,0.06690686196088791,1.6412365038155716,0.000548163752055954,True,True,True,observed
1.0,"[""Wnt3a"",""Fzd7_Lrp6""]",Wnt3a,Fzd7_Lrp6,Wnt3a_Fzd7_Lrp6,Lung,Choroid plexus,0.004991929978132248,0.09052334725856781,0.0165291062798924,7.469275206399183e-06,True,True,True,observed
1.0,"[""Wnt3a"",""Fzd7_Lrp6""]",Wnt3a,Fzd7_Lrp6,Wnt3a_Fzd7_Lrp6,Lung,Connective tissue,0.004991929978132248,0.1054936945438385,0.0315063400977259,1.659177859747364e-05,True,True,True,observed
1.0,"[""Wnt3a"",""Fzd7_Lrp6""]",Wnt3a,Fzd7_Lrp6,Wnt3a_Fzd7_Lrp6,Lung,Epidermis,0.004991929978132248,0.12289763987064362,0.079724398903009,4.8910632732613887e-05,True,True,True,observed
1.0,"[""Wnt3a"",""Fzd7_Lrp6""]",Wnt3a,Fzd7_Lrp6,Wnt3a_Fzd7_Lrp6,Lung,GI tract,0.004991929978132248,0.10661550611257553,0.7758842754200237,0.00041293891088624594,True,True,True,observed
1.0,"[""Wnt3a"",""Fzd7_Lrp6""]",Wnt3a,Fzd7_Lrp6,Wnt3a_Fzd7_Lrp6,Lung,Heart,0.004991929978132248,0.06150840222835541,0.018149184942444,5.572628051515532e-06,True,True,True,observed
1.0,"[""Wnt3a"",""Fzd7_Lrp6""]",Wnt3a,Fzd7_Lrp6,Wnt3a_Fzd7_Lrp6,Lung,Jaw and tooth,0.004991929978132248,0.11244697123765945,0.2290448347396596,0.00012856914309590325,True,True,True,observed
1.0,"[""Wnt3a"",""Fzd7_Lrp6""]",Wnt3a,Fzd7_Lrp6,Wnt3a_Fzd7_Lrp6,Lung,Liver,0.004991929978132248,0.05558843910694122,0.0912664282530372,2.5325849334921074e-05,True,True,True,observed
1.0,"[""Wnt3a"",""Fzd7_Lrp6""]",Wnt3a,Fzd7_Lrp6,Wnt3a_Fzd7_Lrp6,Lung,Lung,0.004991929978132248,0.1441144198179245,9.072900219424184,0.006527126913836224,True,True,True,observed
1.0,"[""Wnt3a"",""Fzd7_Lrp6""]",Wnt3a,Fzd7_Lrp6,Wnt3a_Fzd7_Lrp6,Lung,Meninges,0.004991929978132248,0.07288151234388351,0.0023992655179979,8.728993563645567e-07,True,True,True,observed
1.0,"[""Wnt3a"",""Fzd7_Lrp6""]",Wnt3a,Fzd7_Lrp6,Wnt3a_Fzd7_Lrp6,Lung,Mesentery,0.004991929978132248,0.15161478519439697,0.1322841677290513,0.00010011932411381755,True,True,True,observed
1.0,"[""Wnt3a"",""Fzd7_Lrp6""]",Wnt3a,Fzd7_Lrp6,Wnt3a_Fzd7_Lrp6,Lung,Mesothelium,0.004991929978132248,0.0961906909942627,0.0005710482299575,2.742043366948141e-07,True,True,True,observed
1.0,"[""Wnt3a"",""Fzd7_Lrp6""]",Wnt3a,Fzd7_Lrp6,Wnt3a_Fzd7_Lrp6,Lung,Mucosal epithelium,0.004991929978132248,0.10686895251274109,0.1241549049611889,6.623444770399275e-05,True,True,True,observed
1.0,"[""Wnt3a"",""Fzd7_Lrp6""]",Wnt3a,Fzd7_Lrp6,Wnt3a_Fzd7_Lrp6,Lung,Muscle,0.004991929978132248,0.1205962672829628,0.1445796481526761,8.703812244945238e-05,True,True,True,observed
1.0,"[""Wnt3a"",""Fzd7_Lrp6""]",Wnt3a,Fzd7_Lrp6,Wnt3a_Fzd7_Lrp6,Lung,Pancreas,0.004991929978132248,0.06876321136951447,0.1421091328254845,4.878054240206913e-05,True,True,True,observed
1.0,"[""Wnt3a"",""Fzd7_Lrp6""]",Wnt3a,Fzd7_Lrp6,Wnt3a_Fzd7_Lrp6,Lung,Spinal cord,0.004991929978132248,0.06086624786257744,0.0,0.0,True,True,True,observed
1.0,"[""Wnt3a"",""Fzd7_Lrp6""]",Wnt3a,Fzd7_Lrp6,Wnt3a_Fzd7_Lrp6,Lung,Sympathetic nerve,0.004991929978132248,0.04302646964788437,0.001167931822714,2.5085438100132816e-07,True,True,True,observed
1.0,"[""Wnt3a"",""Fzd7_Lrp6""]",Wnt3a,Fzd7_Lrp6,Wnt3a_Fzd7_Lrp6,Meninges,Brain,0.007069265004247427,0.061136990785598755,0.6806032894744684,0.00029415237865286205,True,True,True,observed
1.0,"[""Wnt3a"",""Fzd7_Lrp6""]",Wnt3a,Fzd7_Lrp6,Wnt3a_Fzd7_Lrp6,Meninges,Cartilage primordium,0.007069265004247427,0.09294294565916061,0.0617805863165494,4.059221221822421e-05,True,True,True,observed
1.0,"[""Wnt3a"",""Fzd7_Lrp6""]",Wnt3a,Fzd7_Lrp6,Wnt3a_Fzd7_Lrp6,Meninges,Cavity,0.007069265004247427,0.06690686196088791,0.4825879205676495,0.00022825556286611498,True,True,True,observed
1.0,"[""Wnt3a"",""Fzd7_Lrp6""]",Wnt3a,Fzd7_Lrp6,Wnt3a_Fzd7_Lrp6,Meninges,Choroid plexus,0.007069265004247427,0.09052334725856781,0.3677692380295781,0.00023534786702746147,True,True,True,observed
1.0,"[""Wnt3a"",""Fzd7_Lrp6""]",Wnt3a,Fzd7_Lrp6,Wnt3a_Fzd7_Lrp6,Meninges,Connective tissue,0.007069265004247427,0.1054936945438385,0.5991134003618246,0.000446796536702276,True,True,True,observed
1.0,"[""Wnt3a"",""Fzd7_Lrp6""]",Wnt3a,Fzd7_Lrp6,Wnt3a_Fzd7_Lrp6,Meninges,Epidermis,0.007069265004247427,0.12289763987064362,0.4397428472547327,0.00038204681997001553,True,True,True,observed
1.0,"[""Wnt3a"",""Fzd7_Lrp6""]",Wnt3a,Fzd7_Lrp6,Wnt3a_Fzd7_Lrp6,Meninges,GI tract,0.007069265004247427,0.10661550611257553,0.0005854416579524,4.4124343539369765e-07,True,True,True,observed
1.0,"[""Wnt3a"",""Fzd7_Lrp6""]",Wnt3a,Fzd7_Lrp6,Wnt3a_Fzd7_Lrp6,Meninges,Heart,0.007069265004247427,0.06150840222835541,0.0,0.0,True,True,True,observed
1.0,"[""Wnt3a"",""Fzd7_Lrp6""]",Wnt3a,Fzd7_Lrp6,Wnt3a_Fzd7_Lrp6,Meninges,Jaw and tooth,0.007069265004247427,0.11244697123765945,0.0886619668392095,7.047894358141747e-05,True,True,True,observed
1.0,"[""Wnt3a"",""Fzd7_Lrp6""]",Wnt3a,Fzd7_Lrp6,Wnt3a_Fzd7_Lrp6,Meninges,Liver,0.007069265004247427,0.05558843910694122,0.0,0.0,True,True,True,observed
1.0,"[""Wnt3a"",""Fzd7_Lrp6""]",Wnt3a,Fzd7_Lrp6,Wnt3a_Fzd7_Lrp6,Meninges,Lung,0.007069265004247427,0.1441144198179245,0.0005092497836703,5.188150348979047e-07,True,True,True,observed
1.0,"[""Wnt3a"",""Fzd7_Lrp6""]",Wnt3a,Fzd7_Lrp6,Wnt3a_Fzd7_Lrp6,Meninges,Meninges,0.007069265004247427,0.07288151234388351,13.13583946435358,0.006767830456284159,True,True,True,observed
1.0,"[""Wnt3a"",""Fzd7_Lrp6""]",Wnt3a,Fzd7_Lrp6,Wnt3a_Fzd7_Lrp6,Meninges,Mesentery,0.007069265004247427,0.15161478519439697,0.002061168136565,2.2091705106306985e-06,True,True,True,observed
1.0,"[""Wnt3a"",""Fzd7_Lrp6""]",Wnt3a,Fzd7_Lrp6,Wnt3a_Fzd7_Lrp6,Meninges,Mesothelium,0.007069265004247427,0.0961906909942627,0.1821011229167781,0.00012382830570472538,True,True,True,observed
1.0,"[""Wnt3a"",""Fzd7_Lrp6""]",Wnt3a,Fzd7_Lrp6,Wnt3a_Fzd7_Lrp6,Meninges,Mucosal epithelium,0.007069265004247427,0.10686895251274109,0.0077069016212644,5.822448155468052e-06,True,True,True,observed
1.0,"[""Wnt3a"",""Fzd7_Lrp6""]",Wnt3a,Fzd7_Lrp6,Wnt3a_Fzd7_Lrp6,Meninges,Muscle,0.007069265004247427,0.1205962672829628,0.0007890739352093,6.727068126257496e-07,True,True,True,observed
1.0,"[""Wnt3a"",""Fzd7_Lrp6""]",Wnt3a,Fzd7_Lrp6,Wnt3a_Fzd7_Lrp6,Meninges,Pancreas,0.007069265004247427,0.06876321136951447,0.0,0.0,True,True,True,observed
1.0,"[""Wnt3a"",""Fzd7_Lrp6""]",Wnt3a,Fzd7_Lrp6,Wnt3a_Fzd7_Lrp6,Meninges,Spinal cord,0.007069265004247427,0.06086624786257744,0.593565338783513,0.0002553990778871388,True,True,True,observed
1.0,"[""Wnt3a"",""Fzd7_Lrp6""]",Wnt3a,Fzd7_Lrp6,Wnt3a_Fzd7_Lrp6,Meninges,Sympathetic nerve,0.007069265004247427,0.04302646964788437,0.002186498472454,6.650574364091448e-07,True,True,True,observed
1.0,"[""Wnt3a"",""Fzd7_Lrp6""]",Wnt3a,Fzd7_Lrp6,Wnt3a_Fzd7_Lrp6,Mesentery,Brain,0.0037737770471721888,0.061136990785598755,0.0,0.0,True,True,True,observed
1.0,"[""Wnt3a"",""Fzd7_Lrp6""]",Wnt3a,Fzd7_Lrp6,Wnt3a_Fzd7_Lrp6,Mesentery,Cartilage primordium,0.0037737770471721888,0.09294294565916061,0.0,0.0,True,True,True,observed
1.0,"[""Wnt3a"",""Fzd7_Lrp6""]",Wnt3a,Fzd7_Lrp6,Wnt3a_Fzd7_Lrp6,Mesentery,Cavity,0.0037737770471721888,0.06690686196088791,1.7428488845498245,0.00044005466850251804,True,True,True,observed
1.0,"[""Wnt3a"",""Fzd7_Lrp6""]",Wnt3a,Fzd7_Lrp6,Wnt3a_Fzd7_Lrp6,Mesentery,Choroid plexus,0.0037737770471721888,0.09052334725856781,0.0007828535347885,2.674344555790744e-07,True,True,True,observed
1.0,"[""Wnt3a"",""Fzd7_Lrp6""]",Wnt3a,Fzd7_Lrp6,Wnt3a_Fzd7_Lrp6,Mesentery,Connective tissue,0.0037737770471721888,0.1054936945438385,0.2552804984583561,0.00010162963834055122,True,True,True,observed
1.0,"[""Wnt3a"",""Fzd7_Lrp6""]",Wnt3a,Fzd7_Lrp6,Wnt3a_Fzd7_Lrp6,Mesentery,Epidermis,0.0037737770471721888,0.12289763987064362,1.203930852515084,0.0005583690343705846,True,True,True,observed
1.0,"[""Wnt3a"",""Fzd7_Lrp6""]",Wnt3a,Fzd7_Lrp6,Wnt3a_Fzd7_Lrp6,Mesentery,GI tract,0.0037737770471721888,0.10661550611257553,1.131819082110563,0.00045537965454570264,True,True,True,observed
1.0,"[""Wnt3a"",""Fzd7_Lrp6""]",Wnt3a,Fzd7_Lrp6,Wnt3a_Fzd7_Lrp6,Mesentery,Heart,0.0037737770471721888,0.06150840222835541,0.0017305461296733,4.0169263108179787e-07,True,True,True,observed
1.0,"[""Wnt3a"",""Fzd7_Lrp6""]",Wnt3a,Fzd7_Lrp6,Wnt3a_Fzd7_Lrp6,Mesentery,Jaw and tooth,0.0037737770471721888,0.11244697123765945,0.2894804239379224,0.00012284095973585628,True,True,True,observed
1.0,"[""Wnt3a"",""Fzd7_Lrp6""]",Wnt3a,Fzd7_Lrp6,Wnt3a_Fzd7_Lrp6,Mesentery,Liver,0.0037737770471721888,0.05558843910694122,0.0,0.0,True,True,True,observed
1.0,"[""Wnt3a"",""Fzd7_Lrp6""]",Wnt3a,Fzd7_Lrp6,Wnt3a_Fzd7_Lrp6,Mesentery,Lung,0.0037737770471721888,0.1441144198179245,0.1511806123031639,8.222043616968953e-05,True,True,True,observed
1.0,"[""Wnt3a"",""Fzd7_Lrp6""]",Wnt3a,Fzd7_Lrp6,Wnt3a_Fzd7_Lrp6,Mesentery,Meninges,0.0037737770471721888,0.07288151234388351,0.0107275598407959,2.9504928088127397e-06,True,True,True,observed
1.0,"[""Wnt3a"",""Fzd7_Lrp6""]",Wnt3a,Fzd7_Lrp6,Wnt3a_Fzd7_Lrp6,Mesentery,Mesentery,0.0037737770471721888,0.15161478519439697,10.185756046885588,0.005827886217201343,True,True,True,observed
1.0,"[""Wnt3a"",""Fzd7_Lrp6""]",Wnt3a,Fzd7_Lrp6,Wnt3a_Fzd7_Lrp6,Mesentery,Mesothelium,0.0037737770471721888,0.0961906909942627,0.0210670742835726,7.64739477230563e-06,True,True,True,observed
1.0,"[""Wnt3a"",""Fzd7_Lrp6""]",Wnt3a,Fzd7_Lrp6,Wnt3a_Fzd7_Lrp6,Mesentery,Mucosal epithelium,0.0037737770471721888,0.10686895251274109,0.0230123099745752,9.280855408924867e-06,True,True,True,observed
1.0,"[""Wnt3a"",""Fzd7_Lrp6""]",Wnt3a,Fzd7_Lrp6,Wnt3a_Fzd7_Lrp6,Mesentery,Muscle,0.0037737770471721888,0.1205962672829628,0.0379245023268838,1.725957091734085e-05,True,True,True,observed
1.0,"[""Wnt3a"",""Fzd7_Lrp6""]",Wnt3a,Fzd7_Lrp6,Wnt3a_Fzd7_Lrp6,Mesentery,Pancreas,0.0037737770471721888,0.06876321136951447,0.0100578302426308,2.609977063696172e-06,True,True,True,observed
1.0,"[""Wnt3a"",""Fzd7_Lrp6""]",Wnt3a,Fzd7_Lrp6,Wnt3a_Fzd7_Lrp6,Mesentery,Spinal cord,0.0037737770471721888,0.06086624786257744,0.0,0.0,True,True,True,observed
1.0,"[""Wnt3a"",""Fzd7_Lrp6""]",Wnt3a,Fzd7_Lrp6,Wnt3a_Fzd7_Lrp6,Mesentery,Sympathetic nerve,0.0037737770471721888,0.04302646964788437,0.0,0.0,True,True,True,observed
1.0,"[""Wnt3a"",""Fzd7_Lrp6""]",Wnt3a,Fzd7_Lrp6,Wnt3a_Fzd7_Lrp6,Mesothelium,Brain,0.003496792633086443,0.061136990785598755,0.0183979797194588,3.933182270981459e-06,True,True,True,observed
1.0,"[""Wnt3a"",""Fzd7_Lrp6""]",Wnt3a,Fzd7_Lrp6,Wnt3a_Fzd7_Lrp6,Mesothelium,Cartilage primordium,0.003496792633086443,0.09294294565916061,1.4546919671361738,0.00047277810081115487,True,True,True,observed
1.0,"[""Wnt3a"",""Fzd7_Lrp6""]",Wnt3a,Fzd7_Lrp6,Wnt3a_Fzd7_Lrp6,Mesothelium,Cavity,0.003496792633086443,0.06690686196088791,0.5630755789999692,0.00013173683700952007,True,True,True,observed
1.0,"[""Wnt3a"",""Fzd7_Lrp6""]",Wnt3a,Fzd7_Lrp6,Wnt3a_Fzd7_Lrp6,Mesothelium,Choroid plexus,0.003496792633086443,0.09052334725856781,0.1236129821330871,3.912862318591065e-05,True,True,True,observed
1.0,"[""Wnt3a"",""Fzd7_Lrp6""]",Wnt3a,Fzd7_Lrp6,Wnt3a_Fzd7_Lrp6,Mesothelium,Connective tissue,0.003496792633086443,0.1054936945438385,1.96029906909702,0.0007231338883509849,True,True,True,observed
1.0,"[""Wnt3a"",""Fzd7_Lrp6""]",Wnt3a,Fzd7_Lrp6,Wnt3a_Fzd7_Lrp6,Mesothelium,Epidermis,0.003496792633086443,0.12289763987064362,0.0739122533749015,3.1763610669344384e-05,True,True,True,observed
1.0,"[""Wnt3a"",""Fzd7_Lrp6""]",Wnt3a,Fzd7_Lrp6,Wnt3a_Fzd7_Lrp6,Mesothelium,GI tract,0.003496792633086443,0.10661550611257553,0.0957238812632155,3.5687041903487223e-05,True,True,True,observed
1.0,"[""Wnt3a"",""Fzd7_Lrp6""]",Wnt3a,Fzd7_Lrp6,Wnt3a_Fzd7_Lrp6,Mesothelium,Heart,0.003496792633086443,0.06150840222835541,0.0,0.0,True,True,True,observed
1.0,"[""Wnt3a"",""Fzd7_Lrp6""]",Wnt3a,Fzd7_Lrp6,Wnt3a_Fzd7_Lrp6,Mesothelium,Jaw and tooth,0.003496792633086443,0.11244697123765945,0.0242507140380593,9.535471472876593e-06,True,True,True,observed
1.0,"[""Wnt3a"",""Fzd7_Lrp6""]",Wnt3a,Fzd7_Lrp6,Wnt3a_Fzd7_Lrp6,Mesothelium,Liver,0.003496792633086443,0.05558843910694122,0.0,0.0,True,True,True,observed
1.0,"[""Wnt3a"",""Fzd7_Lrp6""]",Wnt3a,Fzd7_Lrp6,Wnt3a_Fzd7_Lrp6,Mesothelium,Lung,0.003496792633086443,0.1441144198179245,0.0006922919935775,3.4887240987625154e-07,True,True,True,observed
1.0,"[""Wnt3a"",""Fzd7_Lrp6""]",Wnt3a,Fzd7_Lrp6,Wnt3a_Fzd7_Lrp6,Mesothelium,Meninges,0.003496792633086443,0.07288151234388351,0.5470471609348677,0.00013941580892906733,True,True,True,observed
1.0,"[""Wnt3a"",""Fzd7_Lrp6""]",Wnt3a,Fzd7_Lrp6,Wnt3a_Fzd7_Lrp6,Mesothelium,Mesentery,0.003496792633086443,0.15161478519439697,0.0133285098972747,7.06631563324756e-06,True,True,True,observed
1.0,"[""Wnt3a"",""Fzd7_Lrp6""]",Wnt3a,Fzd7_Lrp6,Wnt3a_Fzd7_Lrp6,Mesothelium,Mesothelium,0.003496792633086443,0.0961906909942627,12.344826043145906,0.0041522921041226395,True,True,True,observed
1.0,"[""Wnt3a"",""Fzd7_Lrp6""]",Wnt3a,Fzd7_Lrp6,Wnt3a_Fzd7_Lrp6,Mesothelium,Mucosal epithelium,0.003496792633086443,0.10686895251274109,0.015479693997581,5.784739446727206e-06,True,True,True,observed
1.0,"[""Wnt3a"",""Fzd7_Lrp6""]",Wnt3a,Fzd7_Lrp6,Wnt3a_Fzd7_Lrp6,Mesothelium,Muscle,0.003496792633086443,0.1205962672829628,0.0047501003334544,2.0031179709424107e-06,True,True,True,observed
1.0,"[""Wnt3a"",""Fzd7_Lrp6""]",Wnt3a,Fzd7_Lrp6,Wnt3a_Fzd7_Lrp6,Mesothelium,Pancreas,0.003496792633086443,0.06876321136951447,0.0043045595147699,1.0350343095372149e-06,True,True,True,observed
1.0,"[""Wnt3a"",""Fzd7_Lrp6""]",Wnt3a,Fzd7_Lrp6,Wnt3a_Fzd7_Lrp6,Mesothelium,Spinal cord,0.003496792633086443,0.06086624786257744,0.6490088832863378,0.0001381328746759084,True,True,True,observed
1.0,"[""Wnt3a"",""Fzd7_Lrp6""]",Wnt3a,Fzd7_Lrp6,Wnt3a_Fzd7_Lrp6,Mesothelium,Sympathetic nerve,0.003496792633086443,0.04302646964788437,0.0497724818030618,7.48850093573212e-06,True,True,True,observed
1.0,"[""Wnt3a"",""Fzd7_Lrp6""]",Wnt3a,Fzd7_Lrp6,Wnt3a_Fzd7_Lrp6,Mucosal epithelium,Brain,0.013036683201789856,0.061136990785598755,0.015487158729907,1.2343630707058927e-05,True,True,True,observed
1.0,"[""Wnt3a"",""Fzd7_Lrp6""]",Wnt3a,Fzd7_Lrp6,Wnt3a_Fzd7_Lrp6,Mucosal epithelium,Cartilage primordium,0.013036683201789856,0.09294294565916061,0.0910035866419606,0.00011026611001272069,True,True,True,observed
1.0,"[""Wnt3a"",""Fzd7_Lrp6""]",Wnt3a,Fzd7_Lrp6,Wnt3a_Fzd7_Lrp6,Mucosal epithelium,Cavity,0.013036683201789856,0.06690686196088791,0.0967207810471141,8.436407871633127e-05,True,True,True,observed
1.0,"[""Wnt3a"",""Fzd7_Lrp6""]",Wnt3a,Fzd7_Lrp6,Wnt3a_Fzd7_Lrp6,Mucosal epithelium,Choroid plexus,0.013036683201789856,0.09052334725856781,0.020383160393964,2.40546608651302e-05,True,True,True,observed
1.0,"[""Wnt3a"",""Fzd7_Lrp6""]",Wnt3a,Fzd7_Lrp6,Wnt3a_Fzd7_Lrp6,Mucosal epithelium,Connective tissue,0.013036683201789856,0.1054936945438385,0.9731112963670304,0.0013383081674586106,True,True,True,observed
1.0,"[""Wnt3a"",""Fzd7_Lrp6""]",Wnt3a,Fzd7_Lrp6,Wnt3a_Fzd7_Lrp6,Mucosal epithelium,Epidermis,0.013036683201789856,0.12289763987064362,0.2289411352076467,0.000366804357916669,True,True,True,observed
1.0,"[""Wnt3a"",""Fzd7_Lrp6""]",Wnt3a,Fzd7_Lrp6,Wnt3a_Fzd7_Lrp6,Mucosal epithelium,GI tract,0.013036683201789856,0.10661550611257553,0.2574753870322879,0.0003578682788555505,True,True,True,observed
1.0,"[""Wnt3a"",""Fzd7_Lrp6""]",Wnt3a,Fzd7_Lrp6,Wnt3a_Fzd7_Lrp6,Mucosal epithelium,Heart,0.013036683201789856,0.06150840222835541,0.0,0.0,True,True,True,observed
1.0,"[""Wnt3a"",""Fzd7_Lrp6""]",Wnt3a,Fzd7_Lrp6,Wnt3a_Fzd7_Lrp6,Mucosal epithelium,Jaw and tooth,0.013036683201789856,0.11244697123765945,1.745473516091531,0.002558751663158441,True,True,True,observed
1.0,"[""Wnt3a"",""Fzd7_Lrp6""]",Wnt3a,Fzd7_Lrp6,Wnt3a_Fzd7_Lrp6,Mucosal epithelium,Liver,0.013036683201789856,0.05558843910694122,0.0,0.0,True,True,True,observed
1.0,"[""Wnt3a"",""Fzd7_Lrp6""]",Wnt3a,Fzd7_Lrp6,Wnt3a_Fzd7_Lrp6,Mucosal epithelium,Lung,0.013036683201789856,0.1441144198179245,0.1350769093275665,0.00025377899010452,True,True,True,observed
1.0,"[""Wnt3a"",""Fzd7_Lrp6""]",Wnt3a,Fzd7_Lrp6,Wnt3a_Fzd7_Lrp6,Mucosal epithelium,Meninges,0.013036683201789856,0.07288151234388351,0.0394318257264805,3.746548627411673e-05,True,True,True,observed
1.0,"[""Wnt3a"",""Fzd7_Lrp6""]",Wnt3a,Fzd7_Lrp6,Wnt3a_Fzd7_Lrp6,Mucosal epithelium,Mesentery,0.013036683201789856,0.15161478519439697,0.0200218610378747,3.95742879859138e-05,True,True,True,observed
1.0,"[""Wnt3a"",""Fzd7_Lrp6""]",Wnt3a,Fzd7_Lrp6,Wnt3a_Fzd7_Lrp6,Mucosal epithelium,Mesothelium,0.013036683201789856,0.0961906909942627,0.0270715894645541,3.3947977997401114e-05,True,True,True,observed
1.0,"[""Wnt3a"",""Fzd7_Lrp6""]",Wnt3a,Fzd7_Lrp6,Wnt3a_Fzd7_Lrp6,Mucosal epithelium,Mucosal epithelium,0.013036683201789856,0.10686895251274109,4.633615983250286,0.006455631067384553,True,True,True,observed
1.0,"[""Wnt3a"",""Fzd7_Lrp6""]",Wnt3a,Fzd7_Lrp6,Wnt3a_Fzd7_Lrp6,Mucosal epithelium,Muscle,0.013036683201789856,0.1205962672829628,0.5724919111577921,0.0009000576604267586,True,True,True,observed
1.0,"[""Wnt3a"",""Fzd7_Lrp6""]",Wnt3a,Fzd7_Lrp6,Wnt3a_Fzd7_Lrp6,Mucosal epithelium,Pancreas,0.013036683201789856,0.06876321136951447,0.0203522764728985,1.8244680253070365e-05,True,True,True,observed
1.0,"[""Wnt3a"",""Fzd7_Lrp6""]",Wnt3a,Fzd7_Lrp6,Wnt3a_Fzd7_Lrp6,Mucosal epithelium,Spinal cord,0.013036683201789856,0.06086624786257744,0.0,0.0,True,True,True,observed
1.0,"[""Wnt3a"",""Fzd7_Lrp6""]",Wnt3a,Fzd7_Lrp6,Wnt3a_Fzd7_Lrp6,Mucosal epithelium,Sympathetic nerve,0.013036683201789856,0.04302646964788437,0.0,0.0,True,True,True,observed
1.0,"[""Wnt3a"",""Fzd7_Lrp6""]",Wnt3a,Fzd7_Lrp6,Wnt3a_Fzd7_Lrp6,Muscle,Brain,0.005180572625249624,0.061136990785598755,0.0,0.0,True,True,True,observed
1.0,"[""Wnt3a"",""Fzd7_Lrp6""]",Wnt3a,Fzd7_Lrp6,Wnt3a_Fzd7_Lrp6,Muscle,Cartilage primordium,0.005180572625249624,0.09294294565916061,0.2119366269194004,0.00010204699416700246,True,True,True,observed
1.0,"[""Wnt3a"",""Fzd7_Lrp6""]",Wnt3a,Fzd7_Lrp6,Wnt3a_Fzd7_Lrp6,Muscle,Cavity,0.005180572625249624,0.06690686196088791,0.7176518750200541,0.000248749520057992,True,True,True,observed
1.0,"[""Wnt3a"",""Fzd7_Lrp6""]",Wnt3a,Fzd7_Lrp6,Wnt3a_Fzd7_Lrp6,Muscle,Choroid plexus,0.005180572625249624,0.09052334725856781,0.004858316919527,2.27836978321424e-06,True,True,True,observed
1.0,"[""Wnt3a"",""Fzd7_Lrp6""]",Wnt3a,Fzd7_Lrp6,Wnt3a_Fzd7_Lrp6,Muscle,Connective tissue,0.005180572625249624,0.1054936945438385,0.5877054408866803,0.00032119145291836836,True,True,True,observed
1.0,"[""Wnt3a"",""Fzd7_Lrp6""]",Wnt3a,Fzd7_Lrp6,Wnt3a_Fzd7_Lrp6,Muscle,Epidermis,0.005180572625249624,0.12289763987064362,0.1908458746072852,0.00012150777984696297,True,True,True,observed
1.0,"[""Wnt3a"",""Fzd7_Lrp6""]",Wnt3a,Fzd7_Lrp6,Wnt3a_Fzd7_Lrp6,Muscle,GI tract,0.005180572625249624,0.10661550611257553,0.0361882805464723,1.9987850282248975e-05,True,True,True,observed
1.0,"[""Wnt3a"",""Fzd7_Lrp6""]",Wnt3a,Fzd7_Lrp6,Wnt3a_Fzd7_Lrp6,Muscle,Heart,0.005180572625249624,0.06150840222835541,0.0,0.0,True,True,True,observed
1.0,"[""Wnt3a"",""Fzd7_Lrp6""]",Wnt3a,Fzd7_Lrp6,Wnt3a_Fzd7_Lrp6,Muscle,Jaw and tooth,0.005180572625249624,0.11244697123765945,0.5042502013320364,0.0002937457615061202,True,True,True,observed
1.0,"[""Wnt3a"",""Fzd7_Lrp6""]",Wnt3a,Fzd7_Lrp6,Wnt3a_Fzd7_Lrp6,Muscle,Liver,0.005180572625249624,0.05558843910694122,0.0138785418318107,3.996741726142429e-06,True,True,True,observed
1.0,"[""Wnt3a"",""Fzd7_Lrp6""]",Wnt3a,Fzd7_Lrp6,Wnt3a_Fzd7_Lrp6,Muscle,Lung,0.005180572625249624,0.1441144198179245,0.0471015772918887,3.516581237638924e-05,True,True,True,observed
1.0,"[""Wnt3a"",""Fzd7_Lrp6""]",Wnt3a,Fzd7_Lrp6,Wnt3a_Fzd7_Lrp6,Muscle,Meninges,0.005180572625249624,0.07288151234388351,0.0014995182086776,5.66170042632802e-07,True,True,True,observed
1.0,"[""Wnt3a"",""Fzd7_Lrp6""]",Wnt3a,Fzd7_Lrp6,Wnt3a_Fzd7_Lrp6,Muscle,Mesentery,0.005180572625249624,0.15161478519439697,0.0106649422828615,8.376793908435573e-06,True,True,True,observed
1.0,"[""Wnt3a"",""Fzd7_Lrp6""]",Wnt3a,Fzd7_Lrp6,Wnt3a_Fzd7_Lrp6,Muscle,Mesothelium,0.005180572625249624,0.0961906909942627,0.0024730873526303,1.232395963999061e-06,True,True,True,observed
1.0,"[""Wnt3a"",""Fzd7_Lrp6""]",Wnt3a,Fzd7_Lrp6,Wnt3a_Fzd7_Lrp6,Muscle,Mucosal epithelium,0.005180572625249624,0.10686895251274109,0.1712700204021282,9.482233998424934e-05,True,True,True,observed
1.0,"[""Wnt3a"",""Fzd7_Lrp6""]",Wnt3a,Fzd7_Lrp6,Wnt3a_Fzd7_Lrp6,Muscle,Muscle,0.005180572625249624,0.1205962672829628,14.247207174429976,0.008901052684817745,True,True,True,observed
1.0,"[""Wnt3a"",""Fzd7_Lrp6""]",Wnt3a,Fzd7_Lrp6,Wnt3a_Fzd7_Lrp6,Muscle,Pancreas,0.005180572625249624,0.06876321136951447,0.0017789266176147,6.337120285685877e-07,True,True,True,observed
1.0,"[""Wnt3a"",""Fzd7_Lrp6""]",Wnt3a,Fzd7_Lrp6,Wnt3a_Fzd7_Lrp6,Muscle,Spinal cord,0.005180572625249624,0.06086624786257744,0.0019001140802371,5.991478052197183e-07,True,True,True,observed
1.0,"[""Wnt3a"",""Fzd7_Lrp6""]",Wnt3a,Fzd7_Lrp6,Wnt3a_Fzd7_Lrp6,Muscle,Sympathetic nerve,0.005180572625249624,0.04302646964788437,0.0225154916194814,5.018742502532106e-06,True,True,True,observed
1.0,"[""Wnt3a"",""Fzd7_Lrp6""]",Wnt3a,Fzd7_Lrp6,Wnt3a_Fzd7_Lrp6,Pancreas,Brain,0.004257192835211754,0.061136990785598755,0.0,0.0,True,True,True,observed
1.0,"[""Wnt3a"",""Fzd7_Lrp6""]",Wnt3a,Fzd7_Lrp6,Wnt3a_Fzd7_Lrp6,Pancreas,Cartilage primordium,0.004257192835211754,0.09294294565916061,0.0,0.0,True,True,True,observed
1.0,"[""Wnt3a"",""Fzd7_Lrp6""]",Wnt3a,Fzd7_Lrp6,Wnt3a_Fzd7_Lrp6,Pancreas,Cavity,0.004257192835211754,0.06690686196088791,0.3657071822414211,0.0001041663564247943,True,True,True,observed
1.0,"[""Wnt3a"",""Fzd7_Lrp6""]",Wnt3a,Fzd7_Lrp6,Wnt3a_Fzd7_Lrp6,Pancreas,Choroid plexus,0.004257192835211754,0.09052334725856781,0.0,0.0,True,True,True,observed
1.0,"[""Wnt3a"",""Fzd7_Lrp6""]",Wnt3a,Fzd7_Lrp6,Wnt3a_Fzd7_Lrp6,Pancreas,Connective tissue,0.004257192835211754,0.1054936945438385,0.3289112963512832,0.0001477163657585883,True,True,True,observed
1.0,"[""Wnt3a"",""Fzd7_Lrp6""]",Wnt3a,Fzd7_Lrp6,Wnt3a_Fzd7_Lrp6,Pancreas,Epidermis,0.004257192835211754,0.12289763987064362,0.0077370579336203,4.048020601827912e-06,True,True,True,observed
1.0,"[""Wnt3a"",""Fzd7_Lrp6""]",Wnt3a,Fzd7_Lrp6,Wnt3a_Fzd7_Lrp6,Pancreas,GI tract,0.004257192835211754,0.10661550611257553,2.649194072040857,0.0012024235403605636,True,True,True,observed
1.0,"[""Wnt3a"",""Fzd7_Lrp6""]",Wnt3a,Fzd7_Lrp6,Wnt3a_Fzd7_Lrp6,Pancreas,Heart,0.004257192835211754,0.06150840222835541,0.0,0.0,True,True,True,observed
1.0,"[""Wnt3a"",""Fzd7_Lrp6""]",Wnt3a,Fzd7_Lrp6,Wnt3a_Fzd7_Lrp6,Pancreas,Jaw and tooth,0.004257192835211754,0.11244697123765945,0.0505002720683228,2.4174906476260874e-05,True,True,True,observed
1.0,"[""Wnt3a"",""Fzd7_Lrp6""]",Wnt3a,Fzd7_Lrp6,Wnt3a_Fzd7_Lrp6,Pancreas,Liver,0.004257192835211754,0.05558843910694122,0.0559645239044638,1.3244044019445628e-05,True,True,True,observed
1.0,"[""Wnt3a"",""Fzd7_Lrp6""]",Wnt3a,Fzd7_Lrp6,Wnt3a_Fzd7_Lrp6,Pancreas,Lung,0.004257192835211754,0.1441144198179245,0.6963894708483827,0.00042725087062252156,True,True,True,observed
1.0,"[""Wnt3a"",""Fzd7_Lrp6""]",Wnt3a,Fzd7_Lrp6,Wnt3a_Fzd7_Lrp6,Pancreas,Meninges,0.004257192835211754,0.07288151234388351,0.0,0.0,True,True,True,observed
1.0,"[""Wnt3a"",""Fzd7_Lrp6""]",Wnt3a,Fzd7_Lrp6,Wnt3a_Fzd7_Lrp6,Pancreas,Mesentery,0.004257192835211754,0.15161478519439697,0.0432267803771823,2.790087138173998e-05,True,True,True,observed
1.0,"[""Wnt3a"",""Fzd7_Lrp6""]",Wnt3a,Fzd7_Lrp6,Wnt3a_Fzd7_Lrp6,Pancreas,Mesothelium,0.004257192835211754,0.0961906909942627,0.0315153016763574,1.2905589168193676e-05,True,True,True,observed
1.0,"[""Wnt3a"",""Fzd7_Lrp6""]",Wnt3a,Fzd7_Lrp6,Wnt3a_Fzd7_Lrp6,Pancreas,Mucosal epithelium,0.004257192835211754,0.10686895251274109,0.0946415314195202,4.3058275710931706e-05,True,True,True,observed
1.0,"[""Wnt3a"",""Fzd7_Lrp6""]",Wnt3a,Fzd7_Lrp6,Wnt3a_Fzd7_Lrp6,Pancreas,Muscle,0.004257192835211754,0.1205962672829628,0.0323162442328883,1.659121036506661e-05,True,True,True,observed
1.0,"[""Wnt3a"",""Fzd7_Lrp6""]",Wnt3a,Fzd7_Lrp6,Wnt3a_Fzd7_Lrp6,Pancreas,Pancreas,0.004257192835211754,0.06876321136951447,3.8462321091516345,0.0011259392596824893,True,True,True,observed
1.0,"[""Wnt3a"",""Fzd7_Lrp6""]",Wnt3a,Fzd7_Lrp6,Wnt3a_Fzd7_Lrp6,Pancreas,Spinal cord,0.004257192835211754,0.06086624786257744,0.0,0.0,True,True,True,observed
1.0,"[""Wnt3a"",""Fzd7_Lrp6""]",Wnt3a,Fzd7_Lrp6,Wnt3a_Fzd7_Lrp6,Pancreas,Sympathetic nerve,0.004257192835211754,0.04302646964788437,0.0,0.0,True,True,True,observed
1.0,"[""Wnt3a"",""Fzd7_Lrp6""]",Wnt3a,Fzd7_Lrp6,Wnt3a_Fzd7_Lrp6,Spinal cord,Brain,0.009199140593409538,0.061136990785598755,0.1061417563000078,5.969494885673346e-05,True,True,True,observed
1.0,"[""Wnt3a"",""Fzd7_Lrp6""]",Wnt3a,Fzd7_Lrp6,Wnt3a_Fzd7_Lrp6,Spinal cord,Cartilage primordium,0.009199140593409538,0.09294294565916061,0.0559481580390535,4.7835407930890725e-05,True,True,True,observed
1.0,"[""Wnt3a"",""Fzd7_Lrp6""]",Wnt3a,Fzd7_Lrp6,Wnt3a_Fzd7_Lrp6,Spinal cord,Cavity,0.009199140593409538,0.06690686196088791,0.0792800665864238,4.8795741716864905e-05,True,True,True,observed
1.0,"[""Wnt3a"",""Fzd7_Lrp6""]",Wnt3a,Fzd7_Lrp6,Wnt3a_Fzd7_Lrp6,Spinal cord,Choroid plexus,0.009199140593409538,0.09052334725856781,0.0469323177889483,3.90822774443497e-05,True,True,True,observed
1.0,"[""Wnt3a"",""Fzd7_Lrp6""]",Wnt3a,Fzd7_Lrp6,Wnt3a_Fzd7_Lrp6,Spinal cord,Connective tissue,0.009199140593409538,0.1054936945438385,0.0401567420448529,3.8970163638632654e-05,True,True,True,observed
1.0,"[""Wnt3a"",""Fzd7_Lrp6""]",Wnt3a,Fzd7_Lrp6,Wnt3a_Fzd7_Lrp6,Spinal cord,Epidermis,0.009199140593409538,0.12289763987064362,0.165017417471031,0.00018656088155010345,True,True,True,observed
1.0,"[""Wnt3a"",""Fzd7_Lrp6""]",Wnt3a,Fzd7_Lrp6,Wnt3a_Fzd7_Lrp6,Spinal cord,GI tract,0.009199140593409538,0.10661550611257553,0.0,0.0,True,True,True,observed
1.0,"[""Wnt3a"",""Fzd7_Lrp6""]",Wnt3a,Fzd7_Lrp6,Wnt3a_Fzd7_Lrp6,Spinal cord,Heart,0.009199140593409538,0.06150840222835541,0.0,0.0,True,True,True,observed
1.0,"[""Wnt3a"",""Fzd7_Lrp6""]",Wnt3a,Fzd7_Lrp6,Wnt3a_Fzd7_Lrp6,Spinal cord,Jaw and tooth,0.009199140593409538,0.11244697123765945,0.0031185610653677,3.225887896597266e-06,True,True,True,observed
1.0,"[""Wnt3a"",""Fzd7_Lrp6""]",Wnt3a,Fzd7_Lrp6,Wnt3a_Fzd7_Lrp6,Spinal cord,Liver,0.009199140593409538,0.05558843910694122,0.0,0.0,True,True,True,observed
1.0,"[""Wnt3a"",""Fzd7_Lrp6""]",Wnt3a,Fzd7_Lrp6,Wnt3a_Fzd7_Lrp6,Spinal cord,Lung,0.009199140593409538,0.1441144198179245,0.0,0.0,True,True,True,observed
1.0,"[""Wnt3a"",""Fzd7_Lrp6""]",Wnt3a,Fzd7_Lrp6,Wnt3a_Fzd7_Lrp6,Spinal cord,Meninges,0.009199140593409538,0.07288151234388351,0.2658343981972207,0.00017822794885928833,True,True,True,observed
1.0,"[""Wnt3a"",""Fzd7_Lrp6""]",Wnt3a,Fzd7_Lrp6,Wnt3a_Fzd7_Lrp6,Spinal cord,Mesentery,0.009199140593409538,0.15161478519439697,0.0,0.0,True,True,True,observed
1.0,"[""Wnt3a"",""Fzd7_Lrp6""]",Wnt3a,Fzd7_Lrp6,Wnt3a_Fzd7_Lrp6,Spinal cord,Mesothelium,0.009199140593409538,0.0961906909942627,0.1077227927740989,9.532084971868298e-05,True,True,True,observed
1.0,"[""Wnt3a"",""Fzd7_Lrp6""]",Wnt3a,Fzd7_Lrp6,Wnt3a_Fzd7_Lrp6,Spinal cord,Mucosal epithelium,0.009199140593409538,0.10686895251274109,0.0,0.0,True,True,True,observed
1.0,"[""Wnt3a"",""Fzd7_Lrp6""]",Wnt3a,Fzd7_Lrp6,Wnt3a_Fzd7_Lrp6,Spinal cord,Muscle,0.009199140593409538,0.1205962672829628,0.00054328990683,6.027160530766013e-07,True,True,True,observed
1.0,"[""Wnt3a"",""Fzd7_Lrp6""]",Wnt3a,Fzd7_Lrp6,Wnt3a_Fzd7_Lrp6,Spinal cord,Pancreas,0.009199140593409538,0.06876321136951447,0.0,0.0,True,True,True,observed
1.0,"[""Wnt3a"",""Fzd7_Lrp6""]",Wnt3a,Fzd7_Lrp6,Wnt3a_Fzd7_Lrp6,Spinal cord,Spinal cord,0.009199140593409538,0.06086624786257744,8.31602693297803,0.0046562862782742265,True,True,True,observed
1.0,"[""Wnt3a"",""Fzd7_Lrp6""]",Wnt3a,Fzd7_Lrp6,Wnt3a_Fzd7_Lrp6,Spinal cord,Sympathetic nerve,0.009199140593409538,0.04302646964788437,0.000549847554273,2.1763325992464646e-07,True,True,True,observed
1.0,"[""Wnt3a"",""Fzd7_Lrp6""]",Wnt3a,Fzd7_Lrp6,Wnt3a_Fzd7_Lrp6,Sympathetic nerve,Brain,0.0,0.061136990785598755,0.0,0.0,True,True,True,observed
1.0,"[""Wnt3a"",""Fzd7_Lrp6""]",Wnt3a,Fzd7_Lrp6,Wnt3a_Fzd7_Lrp6,Sympathetic nerve,Cartilage primordium,0.0,0.09294294565916061,0.115420760931792,0.0,True,True,True,observed
1.0,"[""Wnt3a"",""Fzd7_Lrp6""]",Wnt3a,Fzd7_Lrp6,Wnt3a_Fzd7_Lrp6,Sympathetic nerve,Cavity,0.0,0.06690686196088791,1.049537018355396,0.0,True,True,True,observed
1.0,"[""Wnt3a"",""Fzd7_Lrp6""]",Wnt3a,Fzd7_Lrp6,Wnt3a_Fzd7_Lrp6,Sympathetic nerve,Choroid plexus,0.0,0.09052334725856781,0.0038589454359478,0.0,True,True,True,observed
1.0,"[""Wnt3a"",""Fzd7_Lrp6""]",Wnt3a,Fzd7_Lrp6,Wnt3a_Fzd7_Lrp6,Sympathetic nerve,Connective tissue,0.0,0.1054936945438385,3.387077882334038,0.0,True,True,True,observed
1.0,"[""Wnt3a"",""Fzd7_Lrp6""]",Wnt3a,Fzd7_Lrp6,Wnt3a_Fzd7_Lrp6,Sympathetic nerve,Epidermis,0.0,0.12289763987064362,0.0,0.0,True,True,True,observed
1.0,"[""Wnt3a"",""Fzd7_Lrp6""]",Wnt3a,Fzd7_Lrp6,Wnt3a_Fzd7_Lrp6,Sympathetic nerve,GI tract,0.0,0.10661550611257553,0.0324719837970203,0.0,True,True,True,observed
1.0,"[""Wnt3a"",""Fzd7_Lrp6""]",Wnt3a,Fzd7_Lrp6,Wnt3a_Fzd7_Lrp6,Sympathetic nerve,Heart,0.0,0.06150840222835541,0.0,0.0,True,True,True,observed
1.0,"[""Wnt3a"",""Fzd7_Lrp6""]",Wnt3a,Fzd7_Lrp6,Wnt3a_Fzd7_Lrp6,Sympathetic nerve,Jaw and tooth,0.0,0.11244697123765945,0.0343653774923748,0.0,True,True,True,observed
1.0,"[""Wnt3a"",""Fzd7_Lrp6""]",Wnt3a,Fzd7_Lrp6,Wnt3a_Fzd7_Lrp6,Sympathetic nerve,Liver,0.0,0.05558843910694122,0.0,0.0,True,True,True,observed
1.0,"[""Wnt3a"",""Fzd7_Lrp6""]",Wnt3a,Fzd7_Lrp6,Wnt3a_Fzd7_Lrp6,Sympathetic nerve,Lung,0.0,0.1441144198179245,0.0059500916136635,0.0,True,True,True,observed
1.0,"[""Wnt3a"",""Fzd7_Lrp6""]",Wnt3a,Fzd7_Lrp6,Wnt3a_Fzd7_Lrp6,Sympathetic nerve,Meninges,0.0,0.07288151234388351,0.0603216627129802,0.0,True,True,True,observed
1.0,"[""Wnt3a"",""Fzd7_Lrp6""]",Wnt3a,Fzd7_Lrp6,Wnt3a_Fzd7_Lrp6,Sympathetic nerve,Mesentery,0.0,0.15161478519439697,0.0,0.0,True,True,True,observed
1.0,"[""Wnt3a"",""Fzd7_Lrp6""]",Wnt3a,Fzd7_Lrp6,Wnt3a_Fzd7_Lrp6,Sympathetic nerve,Mesothelium,0.0,0.0961906909942627,0.4739427562389109,0.0,True,True,True,observed
1.0,"[""Wnt3a"",""Fzd7_Lrp6""]",Wnt3a,Fzd7_Lrp6,Wnt3a_Fzd7_Lrp6,Sympathetic nerve,Mucosal epithelium,0.0,0.10686895251274109,0.0,0.0,True,True,True,observed
1.0,"[""Wnt3a"",""Fzd7_Lrp6""]",Wnt3a,Fzd7_Lrp6,Wnt3a_Fzd7_Lrp6,Sympathetic nerve,Muscle,0.0,0.1205962672829628,0.4079802728913448,0.0,True,True,True,observed
1.0,"[""Wnt3a"",""Fzd7_Lrp6""]",Wnt3a,Fzd7_Lrp6,Wnt3a_Fzd7_Lrp6,Sympathetic nerve,Pancreas,0.0,0.06876321136951447,0.0,0.0,True,True,True,observed
1.0,"[""Wnt3a"",""Fzd7_Lrp6""]",Wnt3a,Fzd7_Lrp6,Wnt3a_Fzd7_Lrp6,Sympathetic nerve,Spinal cord,0.0,0.06086624786257744,0.0376716687999389,0.0,True,True,True,observed
1.0,"[""Wnt3a"",""Fzd7_Lrp6""]",Wnt3a,Fzd7_Lrp6,Wnt3a_Fzd7_Lrp6,Sympathetic nerve,Sympathetic nerve,0.0,0.04302646964788437,5.202834553740643,0.0,True,True,True,observed
