time,cell_index,celltype,current_x,current_y,paper_x,paper_y,direct_spatial_vx,direct_spatial_vy,direct_embedded_vx,direct_embedded_vy,display_direct_embedded_vx_paper_basis,display_direct_embedded_vy_paper_basis,full_embedded_vx,full_embedded_vy,interaction_embedded_vx,interaction_embedded_vy,cosine_full_vs_interaction,in_roi,in_nested_red_display_annotation,low_quintile_threshold,high_quintile_threshold,is_low_extreme,is_high_extreme,hotspot,alignment_class,full_embedded_norm,interaction_embedded_norm,interaction_to_full_norm_ratio,two_niche_region
1.0,4427,scgnIN,0.68026555,-0.07956942,0.6797102093696594,-0.2461813390254974,0.00958485,0.04043264,-0.002913612,0.002257684,-0.0026881587103579,0.0025296529367994,-0.004094709,-0.00083353877,-0.004095727,0.0023111776,0.75537574,True,False,-0.913782716,0.7811685080000003,False,False,,intermediate,0.0041786875,0.0047028204,1.1254301,
1.0,4444,tlNBL,0.57865226,-0.08073366,0.5717358589172363,-0.2458066940307617,0.0067446157,0.01418969,-0.002902176,0.0038159208,-0.0025274970550868,0.004081878196376,0.00020944818,0.00020815099,0.0017600332,0.0021038856,0.99578357,True,False,-0.913782716,0.7811685080000003,False,True,H1,high_hotspot,0.00029528863,0.0027430004,9.289218,N1_sfrpEGC_VLMC
1.0,4494,scgnIN,0.6237651,-0.089022,0.6237607002258301,-0.2507924437522888,5.6109042e-05,0.023734197,-0.0035468664,0.0028798715,-0.0032598166112154,0.0032105362512446,-0.0018690383,9.258462e-05,0.0038873053,0.0054891044,-0.53685343,True,False,-0.913782716,0.7811685080000003,False,False,,intermediate,0.0018713301,0.0067261737,3.5943277,
1.0,4535,scgnIN,0.64966786,-0.07003069,0.6344515085220337,-0.2437046766281128,0.01437276,0.013088256,0.0027723466,-0.0030077056,0.0024754953110128,-0.0032637765852738,-0.0024526934,-0.00086119975,0.00012170117,-0.0006748377,0.15857999,True,False,-0.913782716,0.7811685080000003,False,False,,intermediate,0.0025994943,0.00068572373,0.2637912,
1.0,4550,VLMC,0.7290776,-0.08899342,0.7016302347183228,-0.2466371208429336,0.020529263,-0.0019954985,0.0030227795,-0.0038554282,0.0026439356718546,-0.0041328134315787,-0.005368703,0.00085728755,0.00023080698,5.044861e-05,-0.93104273,True,False,-0.913782716,0.7811685080000003,True,False,,low_dispersed,0.0054367194,0.00023625605,0.043455627,
1.0,4575,MSN,0.57389057,-0.09024957,0.5561666488647461,-0.2458681762218475,0.009836636,0.035806514,-0.0026677507,0.0040206863,-0.0022741970829807,0.0042635423099841,-0.0029606044,0.0010021394,-0.0010602085,-6.17722e-05,0.92695457,True,False,-0.913782716,0.7811685080000003,False,True,H1,high_hotspot,0.0031256138,0.0010620066,0.33977535,N1_sfrpEGC_VLMC
1.0,4590,scgnIN,0.6819331,-0.079819754,0.6612021923065186,-0.2399055659770965,0.026344478,0.003219816,0.0028987578,-0.0019893032,0.0026990593520913,-0.0022606959347588,-0.004846621,-0.00047284685,-0.0032712459,0.0037117463,0.5852151,True,False,-0.913782716,0.7811685080000003,False,False,,intermediate,0.0048696324,0.0049475357,1.0159978,
1.0,4604,scgnIN,0.62813413,-0.09797912,0.5932257175445557,-0.2424858808517456,0.025985854,0.019120837,0.0029791906,-0.0029276924,0.0026893510637555,-0.0032038291919593,-0.004969608,0.00015431888,0.0035116363,0.007160764,-0.41222543,True,False,-0.913782716,0.7811685080000003,False,False,,intermediate,0.0049720034,0.00797547,1.6040758,
1.0,4627,VLMC,0.6924547,-0.09447824,0.7008453607559204,-0.2410838752985,0.0204167,0.024229357,-0.0023331838,0.0036755528,-0.0019737456408604,0.0038874498951485,-0.0045986306,0.00064539653,-0.005151394,0.00094077346,0.9991515,True,False,-0.913782716,0.7811685080000003,False,True,,high_dispersed,0.0046436987,0.0052365935,1.1276773,
1.0,4628,scgnIN,0.6340742,-0.06676218,0.6488080620765686,-0.2404235303401947,0.013757652,0.016117454,-0.0032136412,0.003640308,-0.0028548014010272,0.0039366544045611,-0.0036145796,-0.0013989375,0.002074313,0.0022552335,-0.89698774,True,False,-0.913782716,0.7811685080000003,False,False,,intermediate,0.0038758498,0.0030641234,0.7905682,
1.0,4638,scgnIN,0.6537935,-0.12727076,0.6275519132614136,-0.2654695212841034,0.022597188,0.026594672,-0.002799671,0.004011443,-0.0024065865136328,0.0042669645878595,-0.0043066232,0.0017394986,0.00071950746,0.0045301844,0.22443677,True,False,-0.913782716,0.7811685080000003,False,False,,intermediate,0.004644659,0.0045869667,0.9875788,
1.0,4641,scgnIN,0.58462495,-0.07391463,0.5917870402336121,-0.2417218089103698,0.019408595,0.019671854,-0.0027518899,0.0041386024,-0.0023467757476233,0.0043891460436158,-0.0025091812,5.280282e-05,0.0041130027,0.002846845,-0.8100942,True,False,-0.913782716,0.7811685080000003,False,False,,intermediate,0.0025097367,0.005002131,1.99309,
1.0,4644,scgnIN,0.59423566,-0.11133979,0.5827994346618652,-0.253664880990982,0.028085327,-0.0007327207,0.0034164041,-0.003003628,0.0031179114824425,-0.0033214054502605,-0.0041295425,-0.0009888543,-0.00083690404,-5.2170828e-05,0.9851114,True,False,-0.913782716,0.7811685080000003,False,True,H1,high_hotspot,0.004246287,0.00083852856,0.19747336,N1_sfrpEGC_VLMC
1.0,4646,obNBL,0.7111001,-0.11576774,0.7059207558631897,-0.2479445338249206,0.028303443,0.018418465,0.003184839,-0.003276656,0.00286092379323,-0.0035713906199318,-0.002754125,0.0022282405,0.002662182,-0.0015946266,-0.9901377,True,False,-0.913782716,0.7811685080000003,True,False,,low_dispersed,0.0035426347,0.0031032318,0.8759672,
1.0,4667,tlNBL,0.6161661,-0.116852,0.5909205079078674,-0.2529252469539642,0.038664527,0.03469242,0.0030430357,-0.00337055,0.0027105739820378,-0.0036514053021752,-0.0033208604,0.0005209582,-0.0015307276,0.0015033924,0.8134233,True,False,-0.913782716,0.7811685080000003,False,True,H1,high_hotspot,0.0033614747,0.002145534,0.63827163,N1_sfrpEGC_VLMC
1.0,4675,MSN,0.61325216,-0.09777068,0.6230982542037964,-0.2595491409301758,0.007631982,0.032355703,-0.0040326314,0.002423334,-0.0037877803546989,0.0028019698973992,-0.0033495529,0.00078223256,0.002460293,0.0048275464,-0.2395528,True,False,-0.913782716,0.7811685080000003,False,False,,intermediate,0.0034396793,0.0054183253,1.5752414,
1.0,4678,tlNBL,0.5820055,-0.11983945,0.5712662935256958,-0.2508412003517151,0.02326695,0.020476263,0.0036182113,-0.0033156974,0.0032891891371096,-0.0036518212163524,-0.005259091,0.0009017125,-0.0028375883,-0.0016774356,0.76245844,True,False,-0.913782716,0.7811685080000003,False,False,,intermediate,0.005335834,0.0032963157,0.61776954,N1_sfrpEGC_VLMC
1.0,4686,MSN,0.6550023,-0.11668795,0.6314377188682556,-0.2514683902263641,-0.003421947,0.012945497,-0.0023483785,0.004289188,-0.0019301130233716,0.0045006045998329,-0.0029942729,0.0015699023,0.00014873964,0.0014211029,0.36963317,True,False,-0.913782716,0.7811685080000003,False,False,,intermediate,0.0033808672,0.0014288656,0.42263287,
1.0,4694,tlNBL,0.61379564,-0.11561578,0.6031129360198975,-0.2513720393180847,0.029875187,0.026362099,0.0028823104,-0.0033796951,0.002549479731587,-0.0036451258699797,-0.007087861,0.0008888791,0.0012544222,0.0031432505,-0.2522062,True,False,-0.913782716,0.7811685080000003,False,False,,intermediate,0.0071433806,0.0033843166,0.4737696,
1.0,4699,scgnIN,0.57205594,-0.08339338,0.6181288361549377,-0.2431625425815582,0.015900185,0.016660048,-0.0028577538,0.0038332746,-0.002481552677224,0.004094922089934,-0.003233046,0.0001821693,0.0007858874,0.001738728,-0.35995618,True,False,-0.913782716,0.7811685080000003,False,False,,intermediate,0.0032381744,0.0019080865,0.5892476,
1.0,4715,cckIN,0.67342186,-0.08253444,0.6650200486183167,-0.2721671462059021,0.008128453,0.02783546,-0.0028643985,0.0022895548,-0.0026360476926241,0.0025567090785922,-0.005674476,-0.0031332185,-0.0045134495,0.0040380294,0.33012503,True,False,-0.913782716,0.7811685080000003,False,False,,intermediate,0.0064820317,0.006056146,0.93429756,
1.0,4716,scgnIN,0.62248266,-0.10353635,0.6276218891143799,-0.2592337131500244,0.015826777,0.010197361,0.0029572062,-0.0030898044,0.0026519075506014,-0.0033633239501519,-0.0036307375,0.00051444035,0.0033181251,0.0046060076,-0.46490473,True,False,-0.913782716,0.7811685080000003,False,False,,intermediate,0.003667002,0.0056767296,1.5480573,
1.0,4720,tlNBL,0.5680859,-0.10300648,0.5519464612007141,-0.2632089257240295,0.018884249,0.028980538,-0.0024123066,0.004100115,-0.0020119505011013,0.0043182517882832,-0.0051966063,0.0005368101,-0.0016234285,0.00019343682,0.99987745,True,False,-0.913782716,0.7811685080000003,False,True,H1,high_hotspot,0.005224259,0.0016349122,0.31294623,N1_sfrpEGC_VLMC
1.0,4736,tlNBL,0.5695999,-0.10073821,0.5599266290664673,-0.2628596127033233,0.017204877,0.014508458,0.0025129423,-0.003955539,0.0021261174906262,-0.0041837715059995,-0.006939566,0.0003457029,-0.0025099872,-0.0020948965,0.73490155,True,False,-0.913782716,0.7811685080000003,False,False,,intermediate,0.0069481716,0.0032693467,0.47053337,N1_sfrpEGC_VLMC
1.0,4737,sfrpEGC,0.5353801,-0.1388256,0.5516754388809204,-0.2428106516599655,-0.0074718846,0.009655347,-0.0029684121,0.003251334,-0.0026476053677119,0.003525417260726,-0.0072494424,-0.0019088943,-0.013033936,-0.00400738,0.9991672,True,False,-0.913782716,0.7811685080000003,False,True,H1,high_hotspot,0.007496552,0.013636077,1.8189799,N1_sfrpEGC_VLMC
1.0,4751,scgnIN,0.6318548,-0.09689185,0.62540203332901,-0.2540828585624695,0.009297488,0.0046822154,0.0029890833,-0.0029022796,0.0027016468553673,-0.0031794442152727,-0.004297246,0.0019722392,0.004115675,0.007475312,-0.07293986,True,False,-0.913782716,0.7811685080000003,False,False,,intermediate,0.004728219,0.008533409,1.8047829,
1.0,4758,scgnIN,0.5728111,-0.1145715,0.5821651816368103,-0.2567202746868133,0.032730673,0.009239061,0.0035559665,-0.0027335954,0.0032828997124558,-0.0030655933498205,-0.005881834,-0.00059396296,-0.0029926503,-0.002567212,0.8205716,True,False,-0.913782716,0.7811685080000003,False,True,H1,high_hotspot,0.005911748,0.003942909,0.66696167,N1_sfrpEGC_VLMC
1.0,4763,scgnIN,0.6766945,-0.1103694,0.6691216230392456,-0.2456859201192855,0.00031299522,0.027933845,-0.0025745197,0.0037705638,-0.0022052192006512,0.0040052784185977,-0.0029621278,0.0027468125,0.00094913447,0.0015105599,0.18562528,True,False,-0.913782716,0.7811685080000003,False,False,,intermediate,0.0040397006,0.0017839976,0.4416163,
1.0,4764,scgnIN,0.63936627,-0.10136721,0.6275399923324585,-0.2640960812568664,0.028492032,0.041810483,-0.002852678,0.0033375795,-0.0025239750670502,0.0036003047185521,-0.0021859547,0.0016665471,0.0014168336,0.0059540533,0.40572008,True,False,-0.913782716,0.7811685080000003,False,False,,intermediate,0.0027487774,0.006120308,2.2265563,
1.0,4767,scgnIN,0.618434,-0.128185,0.6056673526763916,-0.2744912505149841,0.03212345,0.040113978,-0.0028702635,0.0039769746,-0.0024802580980029,0.0042393670730325,-0.0049606613,-0.00023227112,0.0014161164,0.0032661392,-0.44027036,True,False,-0.913782716,0.7811685080000003,False,False,,intermediate,0.004966096,0.0035599228,0.71684533,
1.0,4771,obNBL,0.713488,-0.13847947,0.6836004853248596,-0.28145831823349,0.023022654,-0.0021799132,0.003965431,-0.002615129,0.0037024200045727,-0.0029867229134581,-0.0050347447,-0.0010419288,0.0026220095,-0.0008589482,-0.86750036,True,False,-0.913782716,0.7811685080000003,False,False,,intermediate,0.005141427,0.002759117,0.5366442,
1.0,4777,MSN,0.6488999,-0.11120342,0.6494075059890747,-0.2710679471492767,0.020795962,0.014937571,0.0023433876,-0.004173343,0.0019362344663069,-0.004384647113798,-0.0019983079,0.002011189,-0.000524178,0.006206742,0.76617247,True,False,-0.913782716,0.7811685080000003,False,False,,intermediate,0.002835157,0.0062288367,2.1969988,
1.0,4781,tlNBL,0.5576392,-0.11408971,0.5638468861579895,-0.2427372336387634,0.03488423,0.008185285,0.0026692068,-0.0033131994,0.0023434180038721,-0.0035584269637911,-0.007162866,0.0013114283,-0.00018632464,-0.001857476,-0.0810164,True,False,-0.913782716,0.7811685080000003,False,False,,intermediate,0.0072819293,0.0018667978,0.25636032,
1.0,4786,MSN,0.59532255,-0.13260701,0.6097200512886047,-0.2596796452999115,0.0053131725,0.0053345794,-0.0030828286,0.0033124099,-0.0027558104722716,0.0035972603021903,-0.0050719613,0.0010810286,0.00057442544,-0.00013389013,-0.99981946,True,False,-0.913782716,0.7811685080000003,True,False,,low_dispersed,0.0051858863,0.000589823,0.1137362,
1.0,4791,sfrpEGC,0.5258529,-0.15276736,0.5250232815742493,-0.2455098032951355,0.029186174,0.026067026,0.0034233395,-0.0039370176,0.0030354165582395,-0.0042525146712957,-0.0026276628,-0.00077005837,-0.0086962385,0.0008479376,0.9278185,True,False,-0.913782716,0.7811685080000003,False,True,H1,high_hotspot,0.0027381747,0.00873748,3.190987,N1_sfrpEGC_VLMC
1.0,4794,MSN,0.64668393,-0.10113694,0.6559514999389648,-0.2687509059906006,0.021435222,0.027496066,-0.0031325684,0.0033212379,-0.0028045477661785,0.0036108249824203,-0.0024895982,0.0025638586,-0.00027893635,0.006178289,0.74810994,True,False,-0.913782716,0.7811685080000003,False,False,,intermediate,0.0035737194,0.0061845826,1.730573,
1.0,4795,scgnIN,0.62757707,-0.10253967,0.6404865980148315,-0.2709448337554931,0.0088698445,0.020041348,-0.0032400857,0.0026490109,-0.0029761176805772,0.0029510177449377,-0.0047885953,0.0028922318,0.0003156219,0.00016964161,-0.50921303,True,False,-0.913782716,0.7811685080000003,False,False,,intermediate,0.005594251,0.00035832313,0.06405203,
1.0,4806,sfrpEGC,0.53736454,-0.13803859,0.5443189144134521,-0.2517483830451965,0.032140784,0.008770556,0.0029385616,-0.0033645893,0.002607000419582,-0.0036354559473192,-0.0040411935,-0.001695854,0.00064316794,-0.0035213302,0.21497454,True,False,-0.913782716,0.7811685080000003,False,False,,intermediate,0.004382598,0.0035795853,0.8167724,
1.0,4822,MSN,0.589146,-0.1302892,0.5876402854919434,-0.2611352801322937,-0.0053027477,0.027128326,-0.0032228508,0.0034528913,-0.0028819344108253,0.0037507110711213,-0.0072361515,0.000619338,-0.0038228638,-0.0031435695,0.7154159,True,False,-0.913782716,0.7811685080000003,False,False,,intermediate,0.0072626076,0.004949375,0.6814873,N1_sfrpEGC_VLMC
1.0,4830,tlNBL,0.56418467,-0.12583733,0.5707721710205078,-0.2752214968204498,0.02122843,0.019442229,0.0034063037,-0.002923933,0.0031154768094287,-0.0032409944684715,-0.007331369,0.0006081091,-0.0015929638,-0.0033258975,0.35593617,True,False,-0.913782716,0.7811685080000003,False,False,,intermediate,0.007356546,0.0036876996,0.5012814,
1.0,4837,VLMC,0.700235,-0.1279422,0.6840907335281372,-0.2823061645030975,0.008062112,-0.0023428665,0.003292088,-0.00308224,0.0029864573328252,-0.0033878613322653,-0.00295643,-0.00030165297,0.00095324434,0.0004596466,-0.9401866,True,False,-0.913782716,0.7811685080000003,True,False,,low_dispersed,0.0029717793,0.0010582767,0.35610878,
1.0,4838,tlNBL,0.57302296,-0.1376377,0.56890469789505,-0.2664913833141327,0.019309714,0.014315395,0.0028451225,-0.0032336144,0.0025264020264459,-0.0034959438080712,-0.0058375755,-0.0007366037,-0.00040152395,-0.0020493483,0.31361383,True,False,-0.913782716,0.7811685080000003,False,False,,intermediate,0.0058838655,0.0020883128,0.3549219,
1.0,4847,tlNBL,0.5443398,-0.17348802,0.5480775833129883,-0.2805588841438293,0.01807722,-0.0024933126,0.0033511068,-0.0036914584,0.0029869336171331,-0.0040008110349649,-0.009039097,-0.00025601801,-0.011732902,0.0011155366,0.9924317,True,False,-0.913782716,0.7811685080000003,False,True,H1,high_hotspot,0.009042722,0.011785815,1.3033481,N1_sfrpEGC_VLMC
1.0,4851,scgnIN,0.6011603,-0.12406631,0.6171269416809082,-0.27005136013031,0.028917521,0.015768848,0.0035838995,-0.002872665,0.0032974231961239,-0.0032068997742551,-0.006155164,0.0011740025,0.0005471791,0.0013400979,-0.19786672,True,False,-0.913782716,0.7811685080000003,False,False,,intermediate,0.006266125,0.0014475038,0.23100461,
1.0,4864,scgnIN,0.63253665,-0.12858954,0.6315068602561951,-0.2533604800701141,-0.002685322,0.0058720866,-0.0025939227,0.0044164783,-0.0021626894787746,0.0046510137896199,-0.0024061904,0.00065097795,0.0008694945,0.0042772666,0.063624814,True,False,-0.913782716,0.7811685080000003,False,False,,intermediate,0.0024926942,0.0043647485,1.7510164,
1.0,4869,VLMC,0.7384096,-0.20100565,0.6776292324066162,-0.317351222038269,0.052598033,0.015376258,0.0031908469,-0.0035627089,0.002839512103765,-0.0038571165823291,-0.0028314015,-0.00137815,0.0002663777,0.0027889798,-0.5211549,True,False,-0.913782716,0.7811685080000003,False,False,,intermediate,0.003148989,0.0028016719,0.8897052,
1.0,4872,scgnIN,0.66431546,-0.15746321,0.6439092755317688,-0.2610462307929992,0.00324216,0.02362374,-0.0038115531,0.002850366,-0.0035264946119582,0.0032064779296394,-0.0030448788,-0.001307462,0.00024668474,-0.00029840626,-0.28135538,True,False,-0.913782716,0.7811685080000003,False,False,,intermediate,0.0033137207,0.00038716875,0.116838075,
1.0,4876,scgnIN,0.71550906,-0.17245658,0.6598489880561829,-0.2902356088161468,0.033408366,0.013080034,0.0034464705,-0.002756369,0.0031715676397337,-0.0030778066246404,-0.0033767323,-0.0034417736,0.0030347633,-0.0018287214,-0.23141994,True,False,-0.913782716,0.7811685080000003,False,False,,intermediate,0.004821631,0.0035431639,0.73484755,
1.0,4877,VLMC,0.7357749,-0.14586341,0.7070624828338623,-0.3180840611457824,0.028506024,0.030676356,-0.0031190997,0.0031067675,-0.0028116653482678,0.0033957411369778,-0.0045862743,-0.0019451318,0.004527925,-0.003061039,-0.54401124,True,False,-0.913782716,0.7811685080000003,False,False,,intermediate,0.0049817115,0.0054655345,1.0971198,
1.0,4878,scgnIN,0.60509616,-0.12300402,0.5979496240615845,-0.2689303755760193,0.017287867,0.024141723,-0.0034841513,0.0029358813,-0.0031919343300149,0.0032603618818609,-0.006010424,0.002049986,-0.00020358556,0.002235787,0.4073095,True,False,-0.913782716,0.7811685080000003,False,False,,intermediate,0.0063504046,0.002245037,0.3535266,
1.0,4882,sfrpEGC,0.5418463,-0.17105223,0.5315206050872803,-0.2674502432346344,0.008911282,-0.04054787,0.0031857616,-0.0040543904,0.0027873452607229,-0.004346759773961,-0.006226108,0.000117585514,-0.009474148,0.00070510124,0.9984656,True,False,-0.913782716,0.7811685080000003,False,True,H1,high_hotspot,0.0062272185,0.00950035,1.5256169,N1_sfrpEGC_VLMC
1.0,4893,scgnIN,0.63771474,-0.13559532,0.6368191838264465,-0.2713914811611175,0.03260002,0.020171335,0.0024693457,-0.0044351146,0.0020367203954186,-0.0046576581335011,-0.0042268042,0.00019455895,-0.0003061731,0.004507677,0.113570176,True,False,-0.913782716,0.7811685080000003,False,False,,intermediate,0.0042312797,0.0045180633,1.067777,
1.0,4898,scgnIN,0.7582749,-0.1485053,0.6840597987174988,-0.2918077111244201,0.02906576,0.023515774,0.0031028523,-0.0029720855,0.0028083702650251,-0.0032599276759797,-0.005813609,-0.0029071143,0.0030279574,-0.003961467,-0.18781137,True,False,-0.913782716,0.7811685080000003,False,False,,intermediate,0.006499951,0.0049861553,0.76710665,
1.0,4900,scgnIN,0.6563302,-0.13092312,0.6510233879089355,-0.2901996374130249,0.018342145,0.03877207,-0.0026728124,0.004184698,-0.0022635323262376,0.0044275216859292,-0.0036456822,0.0015625695,0.0008229514,0.0034515355,0.1700323,True,False,-0.913782716,0.7811685080000003,False,False,,intermediate,0.003966437,0.0035482878,0.8945781,
1.0,4901,scgnIN,0.63763773,-0.14550582,0.6049156188964844,-0.2820049524307251,0.018877931,0.03179523,-0.0027505325,0.004404624,-0.0023199407117666,0.004654198331141,-0.003946665,0.00039949027,-0.0028721187,0.0016057224,0.91755736,True,False,-0.913782716,0.7811685080000003,False,True,H1,high_hotspot,0.0039668325,0.003290503,0.8295039,N1_sfrpEGC_VLMC
1.0,4904,VLMC,0.5130478,-0.11650056,0.506916880607605,-0.2430367171764373,0.017157946,-0.060898785,0.0038614348,-0.0028241815,0.0035787270715579,-0.003185154046902,0.0032312202,0.0030803953,-8.54388e-05,0.0046119075,0.67648757,True,False,-0.913782716,0.7811685080000003,False,False,,intermediate,0.0044642603,0.0046126987,1.0332503,
1.0,4915,VLMC,0.5041331,-0.13298781,0.50447678565979,-0.2605595588684082,-0.0011517893,-0.028369986,0.004415528,-0.0028687166,0.0041268061496896,-0.0032826246659953,0.0035905603,0.0014123484,-0.0009552436,-0.002715758,-0.65409523,True,False,-0.913782716,0.7811685080000003,False,False,,intermediate,0.0038583484,0.0028788596,0.7461378,
1.0,4917,scgnIN,0.6864308,-0.1375481,0.66989666223526,-0.2829218506813049,0.022924222,0.025691496,-0.0036912465,0.0027627281,-0.0034149622872112,0.0031075924594048,-0.0020741716,0.001373438,0.0015343577,4.815863e-05,-0.8160492,True,False,-0.913782716,0.7811685080000003,False,False,,intermediate,0.0024876737,0.0015351132,0.61708784,
1.0,4920,scgnIN,0.6212045,-0.13878271,0.602769136428833,-0.2880327105522156,0.041627392,0.026421126,0.003223383,-0.0038554247,0.0028439067448913,-0.0041520255511489,-0.005327449,0.00039562065,-0.001937699,0.0021998642,0.7147351,True,False,-0.913782716,0.7811685080000003,False,False,,intermediate,0.0053421184,0.0029315662,0.5487647,N1_sfrpEGC_VLMC
1.0,4924,tlNBL,0.5879706,-0.13405657,0.5981112718582153,-0.2625161111354828,0.028575286,0.020776706,0.003600191,-0.0028743024,0.0033135065693359,-0.003210092662995,-0.005900375,0.0019121248,-0.0038299307,-0.004789253,0.35336384,True,False,-0.913782716,0.7811685080000003,False,False,,intermediate,0.006202471,0.0061323172,0.98868936,
1.0,4929,scgnIN,0.6284667,-0.1582286,0.6208164691925049,-0.2973833084106445,0.031465184,0.044675052,-0.0029089951,0.004145228,-0.0025027507243613,0.0044107995114117,-0.006060695,-0.0003735987,-0.0028630309,0.00015903369,0.99315685,True,False,-0.913782716,0.7811685080000003,False,True,H1,high_hotspot,0.0060721985,0.0028674444,0.47222507,N1_sfrpEGC_VLMC
1.0,4930,tlNBL,0.5625842,-0.15676494,0.5611004829406738,-0.277269959449768,0.018646477,0.0072321156,0.003270578,-0.003038329,0.0029692215476372,-0.0033420285361409,-0.007661916,-0.0007418805,0.0007978897,-0.0017059303,-0.33439365,True,False,-0.913782716,0.7811685080000003,False,False,,intermediate,0.007697749,0.001883302,0.2446562,
1.0,4946,scgnIN,0.66095626,-0.14081296,0.6740325689315796,-0.2832996547222137,0.027053347,0.01693452,0.0027419392,-0.0038063636,0.0023686812202279,-0.0040570022048009,-0.003192557,0.00049069134,0.0012615508,0.0032720023,-0.2138268,True,False,-0.913782716,0.7811685080000003,False,False,,intermediate,0.0032300462,0.0035067806,1.085675,
1.0,4947,tlNBL,0.5843365,-0.11961658,0.5939188003540039,-0.2769433557987213,0.016782852,0.019703439,-0.0038107845,0.0028801037,-0.0035228799311252,0.0032360480851009,-0.008384138,0.00048139566,-0.0012744417,-0.00043075267,0.9274382,True,False,-0.913782716,0.7811685080000003,False,True,H1,high_hotspot,0.008397947,0.0013452693,0.16019025,N1_sfrpEGC_VLMC
1.0,4953,scgnIN,0.60936975,-0.13819318,0.6167795658111572,-0.2870466411113739,0.033166386,0.02730677,0.0029451207,-0.0041585607,0.0025374851532721,-0.0044275506872562,-0.0074157603,-0.0009976903,-0.002778788,0.00041607497,0.9604001,True,False,-0.913782716,0.7811685080000003,False,True,H1,high_hotspot,0.007482572,0.0028097655,0.37550798,N1_sfrpEGC_VLMC
1.0,4958,scgnIN,0.6445237,-0.15340231,0.6294516324996948,-0.3000792264938354,0.037978634,0.027803607,0.002919802,-0.003972655,0.0025300540115591,-0.0042398064597266,-0.0032308907,-0.0007563231,-0.0014436798,-0.0034154395,0.58903563,True,False,-0.913782716,0.7811685080000003,False,False,,intermediate,0.0033182343,0.0037080236,1.1174688,
1.0,4963,VLMC,0.5168375,-0.14816225,0.4960509836673736,-0.2829918265342712,-0.011624301,-0.011621083,-0.003428851,0.0039463714,-0.0030400147524612,0.0042623668464187,0.0016643063,0.0027788077,0.0005176106,-0.0037926259,-0.7805375,True,False,-0.913782716,0.7811685080000003,False,False,,intermediate,0.0032390873,0.0038277842,1.1817478,
1.0,4965,wntEGC,0.45392317,-0.14818323,0.4624592065811157,-0.2421111315488815,-0.01587859,-0.030453114,0.0033661767,-0.0027725135,0.0030899807538259,-0.0030862089176886,0.0056624487,-0.00036391203,-0.000529997,-0.002397056,-0.1528219,True,False,-0.913782716,0.7811685080000003,False,False,,intermediate,0.0056741307,0.0024549488,0.43265638,
1.0,4968,sfrpEGC,0.5202973,-0.19276732,0.5352005958557129,-0.274907648563385,0.050066445,0.059674002,-0.0026358988,0.004467302,-0.0021996648101732,0.0047056979609826,-0.0030723307,-0.0012301789,-0.0037508996,0.0007274515,0.8405934,True,False,-0.913782716,0.7811685080000003,False,True,H1,high_hotspot,0.0033094645,0.0038207895,1.1545038,N1_sfrpEGC_VLMC
1.0,4972,sfrpEGC,0.52984077,-0.16505347,0.5364891886711121,-0.2715402543544769,0.017438563,0.051309317,-0.0031970686,0.0041613644,-0.0027883696170714,0.0044544794015254,-0.0035654572,-0.002092317,0.004405742,-0.0017143552,-0.62022257,True,False,-0.913782716,0.7811685080000003,False,False,,intermediate,0.0041340385,0.004727534,1.1435632,
1.0,4977,scgnIN,0.6471595,-0.15110557,0.6451220512390137,-0.2845543622970581,0.0009533601,0.025633728,-0.003210477,0.0035472042,-0.0028605655310909,0.0038435411935911,-0.00354891,-0.000936078,7.1842675e-05,-0.0006407656,0.14571694,True,False,-0.913782716,0.7811685080000003,False,False,,intermediate,0.0036702866,0.0006447805,0.1756758,
1.0,4994,tlNBL,0.6257862,-0.1695278,0.6155394315719604,-0.298816978931427,0.03791111,0.020044923,0.0032726086,-0.0031672327,0.00295889811749,-0.0034707200179038,-0.0043817046,-0.00040064723,-0.0037161235,-0.0011807587,0.97666216,True,False,-0.913782716,0.7811685080000003,False,True,H1,high_hotspot,0.004399983,0.0038992006,0.88618535,N1_sfrpEGC_VLMC
1.0,4995,sstIN,0.30816767,-0.1328671,0.2834240198135376,-0.252249151468277,-0.011830032,-0.0035438589,-0.0028766638,0.002847148,-0.0025948630314629,0.0031137181083158,-0.0017623546,0.0005065992,0.0016123982,-0.002467527,-0.75699615,True,False,-0.913782716,0.7811685080000003,False,False,,intermediate,0.0018337221,0.0029476292,1.6074569,
1.0,4999,obNBL,0.6794485,-0.14906077,0.6743072867393494,-0.2870963215827942,0.017301124,0.024648093,-0.0034044685,0.0031696658,-0.0030901089602681,0.0034857761381292,-0.002409396,-0.0027534796,0.00024959608,0.0010378755,-0.88567764,True,False,-0.913782716,0.7811685080000003,False,False,,intermediate,0.003658803,0.0010674661,0.29175282,
1.0,5001,wntEGC,0.47412938,-0.19126944,0.4528480768203735,-0.2608993053436279,-0.014585364,-0.023687627,0.0031582627,-0.0026354492,0.0028958519083781,-0.0029296611112157,0.0070253937,-0.00051126495,-0.002232669,0.00079953275,-0.96344143,True,False,-0.913782716,0.7811685080000003,True,False,L2,low_hotspot,0.0070439726,0.0023715107,0.33667234,
1.0,5007,MSN,0.61170304,-0.13029623,0.5968906879425049,-0.2958678901195526,0.013437867,0.036891565,-0.0027720153,0.004185957,-0.0023623016341476,0.0044382789296426,-0.00051790604,0.0016622802,4.921025e-06,0.0017085928,0.95387346,True,False,-0.913782716,0.7811685080000003,False,True,H1,high_hotspot,0.0017410922,0.0017085999,0.98133796,N1_sfrpEGC_VLMC
1.0,5014,tlNBL,0.5760864,-0.1338469,0.5792757272720337,-0.2951784133911133,0.027786735,0.026894653,0.0030816821,-0.0029743828,0.0027870468687152,-0.0032601899048864,-0.0071770097,-0.0004905132,-0.0033797119,-0.0027037098,0.821653,True,False,-0.913782716,0.7811685080000003,False,True,H1,high_hotspot,0.0071937526,0.0043281056,0.60164785,N1_sfrpEGC_VLMC
1.0,5015,tlNBL,0.5786307,-0.1692383,0.5586957931518555,-0.286346971988678,0.013069912,0.014773643,-0.0028952674,0.0033600023,-0.0025642822320118,0.0036267363222551,-0.0058105835,-0.0029115789,-0.0017894363,-0.003927978,0.77831787,True,False,-0.913782716,0.7811685080000003,False,False,,intermediate,0.006499244,0.004316375,0.664135,N1_sfrpEGC_VLMC
1.0,5016,VLMC,0.5133879,-0.13848636,0.510052502155304,-0.2618537843227386,-0.015006527,-0.028684085,0.0038287032,-0.0036124887,0.0034705876816699,-0.0039678389783493,0.0015897603,-0.00020310651,-0.00024847532,-0.00076857297,-0.1845536,True,False,-0.913782716,0.7811685080000003,False,False,,intermediate,0.001602682,0.0008077403,0.50399286,
1.0,5017,mpEX,0.37456295,-0.14338028,0.3617706894874573,-0.2455418109893798,0.007671052,-0.04153107,0.0041166823,-0.002287891,0.0038845400441345,-0.0026750054123584,0.0043929047,-0.001315099,0.0013937999,-0.00069863047,0.9849413,True,False,-0.913782716,0.7811685080000003,False,True,,high_dispersed,0.004585531,0.0015590903,0.34000212,
1.0,5023,tlNBL,0.5737145,-0.12627798,0.5877692699432373,-0.2928572297096252,0.018151285,0.027305365,-0.003698744,0.002594544,-0.00343854641118,0.0029406572001081,-0.005079959,0.0005764903,-0.0008799589,-0.0012882607,0.467328,True,False,-0.913782716,0.7811685080000003,False,False,,intermediate,0.0051125656,0.00156011,0.3051521,
1.0,5027,scgnIN,0.6489755,-0.15499482,0.6560598015785217,-0.3078030347824096,0.012081178,0.03282707,-0.0030687158,0.0037524763,-0.0026995887177829,0.0040345865345612,-0.0015928907,-0.0016885962,-0.00057380175,-0.0008203378,0.9893797,True,False,-0.913782716,0.7811685080000003,False,True,H1,high_hotspot,0.0023213483,0.0010011006,0.43125826,N1_sfrpEGC_VLMC
1.0,5030,VLMC,0.48372176,-0.14515316,0.4949996173381805,-0.2907047271728515,-0.021303378,-0.009866931,-0.0049782824,0.0017006258,-0.0047996753164357,0.0021721246585832,0.003548137,0.00072644284,-0.0006953918,-0.0031027829,-0.40997243,True,False,-0.913782716,0.7811685080000003,False,False,,intermediate,0.003621739,0.0031797534,0.8779631,
1.0,5035,obNBL,0.7669421,-0.15832907,0.7032742500305176,-0.3113973736763,0.044872597,0.012118292,0.003170618,-0.0029823093,0.0028749429659804,-0.0032766104612197,-0.0047219372,-0.0022227687,0.0032540679,-0.0011827986,-0.70484173,True,False,-0.913782716,0.7811685080000003,False,False,,intermediate,0.0052189454,0.003462365,0.66342235,
1.0,5036,sfrpEGC,0.5310607,-0.18026493,0.5517111420631409,-0.2904347777366638,0.049644917,0.012718034,0.003014637,-0.004245932,0.0025984128556592,-0.0045213054852464,-0.0023067752,-0.0018077578,-0.008875104,0.00066480297,0.73882395,True,False,-0.913782716,0.7811685080000003,False,False,,intermediate,0.0029307336,0.008899968,3.0367715,N1_sfrpEGC_VLMC
1.0,5037,VLMC,0.49987784,-0.11607671,0.486621081829071,-0.2799403071403503,0.019192722,-0.006674862,0.004040248,-0.00313644,0.0037270655033386,-0.0035135557379399,0.0025779167,0.0032303163,0.00018519658,0.00546533,0.8022923,True,False,-0.913782716,0.7811685080000003,False,True,,high_dispersed,0.004132868,0.005468467,1.3231652,
1.0,5050,VLMC,0.5308313,-0.13404684,0.5166608095169067,-0.2702492475509643,0.00511827,-0.027207563,0.0035535689,-0.0030756104,0.0032477483505931,-0.0034062995988333,0.0021082852,0.001739691,0.0010910898,-0.0016778968,-0.11309135,True,False,-0.913782716,0.7811685080000003,False,False,,intermediate,0.0027333847,0.0020014532,0.7322252,
1.0,5054,wntEGC,0.44687584,-0.16143733,0.4393602609634399,-0.2485567480325698,0.020925177,-0.081858575,0.0030082827,-0.0029201652,0.0027190724902183,-0.0031991124664571,0.008791243,-0.0016044131,0.011730663,-0.0015926397,0.9989618,True,False,-0.913782716,0.7811685080000003,False,True,,high_dispersed,0.008936447,0.011838282,1.3247192,
1.0,5061,scgnIN,0.6655569,-0.1414049,0.6399765610694885,-0.3174036741256714,0.023981022,0.0170268,0.0029906437,-0.0035191807,0.0026441100847108,-0.0037945485142743,-0.0053405985,-0.00021774763,0.0010195593,0.0028129537,-0.37877625,True,False,-0.913782716,0.7811685080000003,False,False,,intermediate,0.005345036,0.0029920244,0.5597763,
1.0,5062,tlNBL,0.566536,-0.16866346,0.5593673586845398,-0.2876267433166504,0.04893193,0.00020259642,0.0029806937,-0.0034016883,0.0026454459262477,-0.0036764736934271,0.0037497,0.0014338124,0.010717196,0.00067877315,0.95475096,True,False,-0.913782716,0.7811685080000003,False,True,H1,high_hotspot,0.0040144823,0.01073867,2.6749825,N1_sfrpEGC_VLMC
1.0,5064,MSN,0.6218806,-0.14620139,0.6281287670135498,-0.3062660098075866,0.010259973,0.022536878,-0.00350194,0.0038126518,-0.0031256820422779,0.0041360703082749,-0.003890207,-0.00029847314,-0.0036393355,-0.002553557,0.8601353,True,False,-0.913782716,0.7811685080000003,False,True,H1,high_hotspot,0.0039016402,0.0044458313,1.1394775,N1_sfrpEGC_VLMC
1.0,5074,MSN,0.6236221,-0.1438089,0.6194445490837097,-0.2873584330081939,0.013279156,0.01659547,-0.003341191,0.0038667165,-0.0029602613235613,0.0041745664349274,-0.002097111,-0.0004750355,-0.0032741998,-0.0033785086,0.83738416,True,False,-0.913782716,0.7811685080000003,False,True,H1,high_hotspot,0.0021502404,0.0047047534,2.1880128,N1_sfrpEGC_VLMC
1.0,5075,mpEX,0.37636685,-0.132738,0.3725414276123047,-0.2454579472541809,-0.023921516,-0.018280612,-0.0039850613,0.002450424,-0.0037377654102625,0.0028244178219489,0.0072852303,0.0013166163,0.0030337602,-0.0009014328,0.8926439,True,False,-0.913782716,0.7811685080000003,False,True,,high_dispersed,0.0074032466,0.0031648509,0.427495,
1.0,5081,MSN,0.7229246,-0.17668402,0.6803399324417114,-0.3040988445281982,-0.001787193,0.020105192,-0.0035145609,0.0023994679,-0.0032736303866373,0.0027285537119837,-0.0013173176,-0.0027900608,0.0037792856,-0.0016525881,-0.028891766,True,False,-0.913782716,0.7811685080000003,False,False,,intermediate,0.0030854119,0.0041248086,1.3368746,
1.0,5082,mpEX,0.41991735,-0.14166623,0.4096476435661316,-0.2462629079818725,0.0057302844,-0.051893145,0.0021606837,-0.00421583,0.0017500372658336,-0.0044094990075592,0.00834949,-0.0012851395,0.009729174,-0.0037630538,0.9766899,True,False,-0.913782716,0.7811685080000003,False,True,,high_dispersed,0.008447815,0.010431558,1.2348232,
1.0,5086,mpEX,0.41142508,-0.13800451,0.3867745995521545,-0.256067544221878,-0.021526229,-0.029793797,0.0032002477,-0.0032177223,0.0028819290996888,-0.00351411890833,0.0072286977,-0.0016119066,0.00044158325,-0.0020502317,0.41826928,True,False,-0.913782716,0.7811685080000003,False,False,,intermediate,0.0074062347,0.0020972472,0.2831732,
1.0,5090,tlNBL,0.63716865,-0.17913203,0.6047430634498596,-0.3166928887367248,0.023515007,0.018257745,0.0026143705,-0.0038233623,0.0022398867883901,-0.0040617276509037,-0.00034067844,-0.0018032787,-0.0027686805,-0.0047306395,0.9418192,True,False,-0.913782716,0.7811685080000003,False,True,H1,high_hotspot,0.0018351773,0.00548129,2.9867904,N1_sfrpEGC_VLMC
1.0,5091,tlNBL,0.58300984,-0.16712913,0.5661547183990479,-0.2997820675373077,0.017425759,0.025253331,-0.0033430904,0.0031382772,-0.0030319311656528,0.0034486072260752,-0.007792884,-0.00094866543,-0.0037348818,-0.00087921025,0.9939499,True,False,-0.913782716,0.7811685080000003,False,True,H1,high_hotspot,0.007850414,0.0038369717,0.4887604,N1_sfrpEGC_VLMC
1.0,5092,sfrpEGC,0.531738,-0.1894787,0.5260075926780701,-0.2847471833229065,0.08992157,-0.033684354,0.0026775869,-0.0046401685,0.0022246626890764,-0.0048820123495261,0.0047515715,-0.00081021123,0.010771526,0.0014841325,0.95360315,True,False,-0.913782716,0.7811685080000003,False,True,H1,high_hotspot,0.0048201527,0.01087329,2.2557979,N1_sfrpEGC_VLMC
1.0,5094,VLMC,0.49120048,-0.13847855,0.4869550466537475,-0.2681153416633606,0.01942625,-0.016896725,0.004943672,-0.0017081916,0.0047644495105005,-0.0021763513406058,0.0023683081,0.0019447925,0.000777287,0.002317968,0.8473987,True,False,-0.913782716,0.7811685080000003,False,True,,high_dispersed,0.0030644904,0.0024448212,0.79779047,
1.0,5095,wntEGC,0.43407878,-0.17848423,0.4559492170810699,-0.2600875198841095,-0.03604543,-0.08930337,0.0025676468,-0.0037163133,0.0022035645494247,-0.0039505407519235,0.005940609,-0.0021940698,0.004147263,-0.0027035002,0.9750392,True,False,-0.913782716,0.7811685080000003,False,True,,high_dispersed,0.0063328333,0.0049506268,0.78173965,
1.0,5099,obNBL,0.7315168,-0.18009865,0.7024437189102173,-0.3000199794769287,0.015816858,-0.008706658,0.0029541329,-0.002635069,0.002692402494788,-0.0029097287245399,-0.0033037094,-0.003324961,0.002261026,2.5561016e-05,-0.7128101,True,False,-0.913782716,0.7811685080000003,False,False,,intermediate,0.0046872017,0.0022611707,0.48241377,
1.0,5101,cckIN,0.5893065,-0.14061317,0.5993131995201111,-0.3165977597236633,0.03211408,0.012701382,0.0032006032,-0.0031223246,0.0028914215514234,-0.003419056235002,-0.0006394726,0.0033986513,-0.003461532,-0.0047551943,-0.6857098,True,False,-0.913782716,0.7811685080000003,False,False,,intermediate,0.0034582878,0.005881673,1.7007471,
1.0,5106,scgnIN,0.6814291,-0.16116178,0.6924712657928467,-0.3136685490608215,0.0073773665,0.027633006,-0.0034580478,0.003206869,-0.0031399555017516,0.0035279941381223,0.0011615696,-0.0019190274,0.000891837,-0.0012082019,0.99581003,True,False,-0.913782716,0.7811685080000003,False,True,H1,high_hotspot,0.002243192,0.0015017074,0.6694511,N1_sfrpEGC_VLMC
1.0,5110,scgnIN,0.6801027,-0.15073255,0.6652294993400574,-0.3080985248088836,0.019778255,0.047419395,-0.0034246943,0.0030935968,-0.0031175574842128,0.0034118845012952,-0.0015817551,-0.003220164,0.0006779819,0.0030950673,-0.9711142,True,False,-0.913782716,0.7811685080000003,True,False,,low_dispersed,0.0035876741,0.0031684542,0.8831499,
1.0,5113,scgnIN,0.6421912,-0.15780781,0.6199793815612793,-0.3104498088359833,0.02302217,0.021511035,0.0026146946,-0.0042565763,0.002198712771405,-0.0044936059578808,-0.001687781,-0.00076359947,-0.0031999042,-0.005289977,0.8242551,True,False,-0.913782716,0.7811685080000003,False,True,H1,high_hotspot,0.0018524817,0.006182495,3.337412,N1_sfrpEGC_VLMC
1.0,5117,scgnIN,0.67442656,-0.16734192,0.6505036354064941,-0.3222830295562744,0.027310131,0.035685435,-0.0032999238,0.0035117574,-0.0029531255301209,0.0038167741982071,-0.0025245287,-0.0034755599,0.0032861698,-0.0019602736,-0.09022168,True,False,-0.913782716,0.7811685080000003,False,False,,intermediate,0.0042956676,0.0038264324,0.8907655,
1.0,5121,sfrpEGC,0.54228616,-0.20315032,0.5385749936103821,-0.2927432656288147,0.020148829,0.026096486,-0.0027119925,0.004102569,-0.0023104558202292,0.004349404661572,-0.003247421,-0.0016506526,-0.004798798,-0.0019469315,0.99640304,True,False,-0.913782716,0.7811685080000003,False,True,H1,high_hotspot,0.0036428557,0.0051787067,1.4216063,N1_sfrpEGC_VLMC
1.0,5122,sstIN,0.30809328,-0.11996313,0.2980161309242248,-0.2435734272003173,-0.007557446,0.015281594,-0.0029447188,0.003485386,-0.0026015672144162,0.0037564613665979,-0.002331543,-0.00013650795,0.0021384554,0.00035645041,-0.9943145,True,False,-0.913782716,0.7811685080000003,True,False,,low_dispersed,0.0023355358,0.0021679595,0.9282493,
1.0,5126,wntEGC,0.47156644,-0.16918907,0.463101863861084,-0.2640886604785919,-0.021976553,-0.028101021,0.0041528367,-0.0020056942,0.0039476117099311,-0.0023971621125111,0.007094648,-0.00013700085,0.0035016844,0.0012712379,0.93321097,True,False,-0.913782716,0.7811685080000003,False,True,,high_dispersed,0.0070959707,0.0037252973,0.5249877,
1.0,5127,wntEGC,0.44076878,-0.16028011,0.4369251132011413,-0.2610785961151123,-0.011445446,-0.043038677,0.0023929107,-0.0036652596,0.0020342700646536,-0.0038829103316821,0.0076457327,-0.0013273675,-0.002520718,0.0012061618,-0.9625868,True,False,-0.913782716,0.7811685080000003,True,False,L2,low_hotspot,0.007760099,0.002794431,0.3601025,
1.0,5130,mpEX,0.36762702,-0.11419055,0.3411248624324798,-0.2625260353088379,-0.015307862,-0.042304076,0.0036829272,-0.0025613229,0.003425961650792,-0.0029060257201684,0.0044570104,0.00052572886,0.0039100414,-1.9180872e-05,0.9925285,True,False,-0.913782716,0.7811685080000003,False,True,,high_dispersed,0.0044879094,0.0039100884,0.87124944,
1.0,5137,wntEGC,0.45915782,-0.16772856,0.4350335001945495,-0.2800110876560211,-0.010476627,-0.031017503,0.0042090206,-0.001732789,0.0040297596440984,-0.002130499673952,0.007747017,-0.0005886065,-0.0029958622,5.2708914e-05,-0.9983044,True,False,-0.913782716,0.7811685080000003,True,False,L2,low_hotspot,0.007769346,0.002996326,0.38566002,
1.0,5138,mpIN,0.2749822,-0.12765345,0.2623189091682434,-0.2410225570201873,-0.03107846,-0.020654706,-0.0039351336,0.0030545066,-0.003630130780312,0.0034218120757365,-0.0050618052,0.0007104171,0.003300438,-0.0017733723,-0.9381274,True,False,-0.913782716,0.7811685080000003,True,False,,low_dispersed,0.005111415,0.0037466972,0.7330059,
1.0,5141,tlNBL,0.5667542,-0.194049,0.5472481846809387,-0.3127719163894653,-0.02525192,-0.004611644,-0.0033682275,0.0030856566,-0.0030620294304011,0.0033985604369544,-0.007642106,-0.0025721488,-0.011628484,-0.003097941,0.99793315,True,False,-0.913782716,0.7811685080000003,False,True,H1,high_hotspot,0.008063358,0.012034072,1.4924392,N1_sfrpEGC_VLMC
1.0,5142,VLMC,0.54146314,-0.19402228,0.5010480880737305,-0.2930127382278442,-0.01559243,-0.02507228,0.0027661433,-0.004400467,0.0023359004806292,-0.0046515498318054,0.0035680644,-0.00047247467,0.00074513647,0.00054069544,0.72526675,True,False,-0.913782716,0.7811685080000003,False,False,,intermediate,0.0035992106,0.000920641,0.2557897,N1_sfrpEGC_VLMC
1.0,5145,mpEX,0.34472695,-0.11683476,0.320895791053772,-0.2566739022731781,-0.03661005,-0.021609453,-0.0038166,0.0027909083,-0.0035372209173327,0.0031476912151943,0.0014327057,0.0012573166,0.0054002195,0.0005662116,0.81629866,True,False,-0.913782716,0.7811685080000003,False,True,,high_dispersed,0.0019061717,0.005429822,2.8485482,
1.0,5146,mpIN,0.30661166,-0.1484558,0.2951127290725708,-0.2546873986721039,-0.019490203,-0.0073971883,-0.0033348082,0.0030797196,-0.0030292842124658,0.0033894410163137,-0.0012451005,-0.00032531566,0.0025580334,-0.0028636009,-0.4560338,True,False,-0.913782716,0.7811685080000003,False,False,,intermediate,0.0012868977,0.0038397585,2.9837325,
1.0,5148,scgnIN,0.7185602,-0.17210528,0.7070404291152954,-0.3326210677623749,0.028526688,0.018212011,0.0034708583,-0.0026411281,0.0032069173459942,-0.0029652653592114,-0.0047313073,-0.0038918406,0.0041427766,-0.0020303112,-0.41392252,True,False,-0.913782716,0.7811685080000003,False,False,,intermediate,0.0061263116,0.004613541,0.75306994,
1.0,5151,tlNBL,0.59836435,-0.16433248,0.5710841417312622,-0.311930239200592,0.010618813,0.021421319,-0.0036763113,0.003025952,-0.0033748603239387,0.0033685552824049,-0.009143885,-0.001988393,-0.0034601677,-0.00359432,0.8307794,True,False,-0.913782716,0.7811685080000003,False,True,H1,high_hotspot,0.009357582,0.004989178,0.53316957,N1_sfrpEGC_VLMC
1.0,5154,MSN,0.62881625,-0.14981686,0.6370435357093811,-0.2963533401489258,0.01649305,0.031663954,-0.003296556,0.003941209,-0.0029086315530811,0.0042445484123268,-0.004902084,0.0006005131,-0.0035366605,-0.00427039,0.53946036,True,False,-0.913782716,0.7811685080000003,False,False,,intermediate,0.004938729,0.0055447454,1.1227069,
1.0,5156,VLMC,0.5164926,-0.1352593,0.5095335245132446,-0.2755524516105652,-0.010237237,0.003034996,-0.0037306044,0.003634591,-0.0033706812651371,0.0039804746222366,0.0022047358,0.0022719838,-0.00033791742,-0.0010078384,-0.90180516,True,False,-0.913782716,0.7811685080000003,False,False,,intermediate,0.0031658758,0.0010629799,0.33576173,
1.0,5162,scgnIN,0.65436256,-0.17746545,0.6480224132537842,-0.326271653175354,0.015592032,0.025280243,-0.0031248254,0.0033711377,-0.0027920493318294,0.003659825656417,-0.0024637128,-0.0043783295,-0.001767276,-0.0043768287,0.9917186,True,False,-0.913782716,0.7811685080000003,False,True,H1,high_hotspot,0.005023908,0.0047201584,0.9395392,N1_sfrpEGC_VLMC
1.0,5168,VLMC,0.52763057,-0.15405542,0.4949657618999481,-0.2958780229091644,-0.008560519,0.011154583,-0.0033151736,0.0040417155,-0.0029175630158392,0.0043465211538951,0.0024734586,0.0009653603,0.0008809796,-0.0029947446,-0.08589533,True,False,-0.913782716,0.7811685080000003,False,False,,intermediate,0.0026551683,0.0031216375,1.1756835,
1.0,5169,mpEX,0.36236405,-0.121198006,0.3725165724754333,-0.2571460902690887,-0.018478647,-0.040106352,0.0038156265,-0.0023575719,0.0035777593494969,-0.0027156286237469,0.006410055,2.8116965e-05,0.003907278,-0.00018771559,0.9986278,True,False,-0.913782716,0.7811685080000003,False,True,,high_dispersed,0.0064101163,0.003911785,0.6102518,
1.0,5171,scgnIN,0.696426,-0.17256866,0.698686957359314,-0.3249682784080505,0.010350818,0.02071792,-0.0038740605,0.002750027,-0.0035984161208441,0.0031124429349772,-0.0031891274,-0.0031775548,0.0012311423,-0.0013712412,0.051941875,True,False,-0.913782716,0.7811685080000003,False,False,,intermediate,0.0045019314,0.0018428277,0.40934157,
1.0,5174,scgnIN,0.6337279,-0.17763752,0.6075570583343506,-0.3267878592014313,0.040305734,0.022915501,0.002341253,-0.0040666587,0.0019443257908486,-0.0042780948243758,-0.001243321,0.00032084048,0.00022563699,-0.0017299824,-0.37299696,True,False,-0.913782716,0.7811685080000003,False,False,,intermediate,0.0012840505,0.001744635,1.3586966,
1.0,5176,scgnIN,0.62656415,-0.19164713,0.6109668612480164,-0.3167302012443542,0.014107168,0.025395263,-0.0029311045,0.003310143,-0.0026047821957552,0.0035804671306332,-0.004507454,-0.005630584,-0.0039847977,-0.0032741746,0.97846264,True,False,-0.913782716,0.7811685080000003,False,True,H1,high_hotspot,0.0072125318,0.0051574055,0.7150617,N1_sfrpEGC_VLMC
1.0,5178,scgnIN,0.6628561,-0.16653298,0.6404378414154053,-0.3284874856472015,0.017966043,0.037158616,-0.003535135,0.003172694,-0.0032200730730834,0.0035013111728645,0.00072874775,-0.0029594514,-0.00036030947,-0.00088484376,0.80912215,True,False,-0.913782716,0.7811685080000003,False,True,H1,high_hotspot,0.003047856,0.0009553907,0.31346318,N1_sfrpEGC_VLMC
1.0,5179,MCG,0.397062,-0.1262058,0.3771983981132507,-0.2804309725761413,-0.006521376,-0.020054804,0.003328703,-0.003257272,0.0030061908657949,-0.0035658485176322,0.0075396984,-0.0016025769,0.000553806,0.0007044359,0.44109246,True,False,-0.913782716,0.7811685080000003,False,False,,intermediate,0.0077081323,0.0008960642,0.1162492,
1.0,5183,tlNBL,0.59752494,-0.19063425,0.574186384677887,-0.3128906488418579,0.025908545,0.027130106,-0.003631754,0.002722106,-0.0033595487149904,0.003061399709458,-0.007109442,-0.0024916583,-0.0022223736,-0.0018890877,0.9332581,True,False,-0.913782716,0.7811685080000003,False,True,H1,high_hotspot,0.0075334273,0.0029167787,0.38717818,N1_sfrpEGC_VLMC
1.0,5185,scgnIN,0.5948039,-0.1654831,0.5798004865646362,-0.3098392784595489,0.02375415,0.026364235,-0.003831813,0.0028319394,-0.0035484557567265,0.0031900500635314,-0.0069055646,0.00040613356,-0.0033612943,-0.0049254308,0.5142184,True,False,-0.913782716,0.7811685080000003,False,False,,intermediate,0.006917497,0.005963067,0.8620267,
1.0,5186,sfrpEGC,0.5420827,-0.20240362,0.5574256181716919,-0.3016596436500549,0.006148782,0.021710616,-0.0025240588,0.0042436644,-0.0021095996837141,0.0044720529289264,-0.007473673,-0.004293493,-0.010146062,-0.004904842,0.9974701,True,False,-0.913782716,0.7811685080000003,False,True,H1,high_hotspot,0.008619158,0.01126943,1.3074862,N1_sfrpEGC_VLMC
1.0,5188,VLMC,0.553509,-0.17439207,0.5333828330039978,-0.2892177700996399,-0.0054433807,-0.062180467,0.0030990287,-0.0037870847,0.0027264909016528,-0.0040719894023588,-0.0008851132,-0.0009548907,-0.003334697,-0.0028120747,0.9924789,True,False,-0.913782716,0.7811685080000003,False,True,H1,high_hotspot,0.0013020145,0.004362106,3.3502746,N1_sfrpEGC_VLMC
1.0,5192,scgnIN,0.71187156,-0.18404365,0.6787948608398438,-0.3390157520771026,0.024763426,0.038884982,-0.0032287186,0.0026157354,-0.002967973937092,0.0029167584337477,-0.002806903,-0.0032350612,0.0018030249,-0.0009009515,-0.24861845,True,False,-0.913782716,0.7811685080000003,False,False,,intermediate,0.0042830277,0.0020155923,0.47059986,
1.0,5194,tlNBL,0.5666772,-0.18758428,0.55758136510849,-0.3192408680915832,0.021098103,0.0148482565,0.0034838414,-0.0028355683,0.0032012342811544,-0.00316033568725,-0.0068029743,-0.0030944708,0.0005555729,-0.00056732463,-0.34105253,True,False,-0.913782716,0.7811685080000003,False,False,,intermediate,0.007473701,0.000794052,0.10624615,
1.0,5195,mpEX,0.41084838,-0.15124334,0.4018610119819641,-0.2657079696655273,-0.006442121,-0.04455733,0.0027576797,-0.0038795057,0.0023773658729817,-0.0041314213323289,0.0071180905,-0.0031057936,-0.0005791644,-6.819786e-05,-0.8634962,True,False,-0.913782716,0.7811685080000003,False,False,,intermediate,0.007766155,0.00058316585,0.07509068,
1.0,5196,scgnIN,0.7024324,-0.17047386,0.6600434184074402,-0.3428810238838196,0.03263761,0.032053504,0.0036284344,-0.0028470492,0.0033442713159687,-0.003185630745534,-0.005449798,-0.0026514581,0.0026018335,-0.00011716367,-0.8786305,True,False,-0.913782716,0.7811685080000003,False,False,,intermediate,0.0060605714,0.0026044704,0.42974007,
1.0,5200,scgnIN,0.5964087,-0.18208544,0.5889185070991516,-0.3076857328414917,0.037798677,0.012273971,0.0038401617,-0.0025142962,0.0035872047163377,-0.0028742087363827,-0.0061468715,-0.0015085499,-0.004444897,-0.0019283078,0.9858104,True,False,-0.913782716,0.7811685080000003,False,True,H1,high_hotspot,0.0063292775,0.0048451503,0.76551396,N1_sfrpEGC_VLMC
1.0,5201,mpEX,0.30383074,-0.12509131,0.2907646894454956,-0.2542273104190826,-0.035916425,-0.021656077,-0.002786687,0.0033836178,-0.002453782347024,0.0036398765726169,-0.0024977578,-0.0026247608,0.0052593583,0.0008984793,-0.80150706,True,False,-0.913782716,0.7811685080000003,False,False,,intermediate,0.0036232807,0.005335552,1.472575,
1.0,5205,VLMC,0.5308132,-0.15489459,0.5254272818565369,-0.2914371490478515,-0.02328261,-0.09078637,0.0034355118,-0.0040050233,0.0030410363559544,-0.0043214717398446,0.007564556,0.0015404212,0.013982725,0.00149752,0.9955665,True,False,-0.913782716,0.7811685080000003,False,True,H1,high_hotspot,0.007719806,0.014062688,1.8216375,N1_sfrpEGC_VLMC
1.0,5220,scgnIN,0.6390201,-0.17294791,0.6333922147750854,-0.3303360044956207,0.021147676,0.022089845,-0.0027966092,0.0036569978,-0.0024374863549449,0.0039133444739178,-0.0030447769,-0.0019894415,-0.002629564,-0.0055992287,0.8509627,True,False,-0.913782716,0.7811685080000003,False,True,H1,high_hotspot,0.0036371064,0.0061859493,1.7007886,N1_sfrpEGC_VLMC
1.0,5221,MSN,0.29819834,-0.119061954,0.2990057170391083,-0.2590378522872925,0.008880302,0.011721162,-0.0033008934,0.003453353,-0.0029596864719083,0.0037586469234651,-0.0020973682,-0.00049964053,0.0038361377,-0.000246349,-0.9559275,True,False,-0.913782716,0.7811685080000003,True,False,,low_dispersed,0.00215606,0.0038440395,1.7829001,
1.0,5222,VLMC,0.50148916,-0.16462724,0.4913586378097534,-0.3066774010658264,0.0013704424,0.007117786,-0.004238818,0.0025242683,-0.0039836478965027,0.0029223362442762,0.0017106663,-0.0008741729,-0.0006757457,-0.0021543908,0.16768219,True,False,-0.913782716,0.7811685080000003,False,False,,intermediate,0.0019210824,0.0022578822,1.1753178,
1.0,5225,wntEGC,0.43649375,-0.18158619,0.4376474618911743,-0.2667549848556518,-0.056659546,0.0052831625,-0.0024339647,0.0037534349,-0.0020667484245356,0.0039747399673081,0.00015667427,0.0013454548,-0.011423484,0.004035134,0.22176653,True,False,-0.913782716,0.7811685080000003,False,False,,intermediate,0.0013545463,0.012115209,8.944109,
1.0,5226,wntEGC,0.43141988,-0.15443173,0.4198912978172302,-0.2699333429336548,0.0036040419,-0.041062552,0.0019533779,-0.0043589775,0.0015296734636153,-0.0045323373272567,0.008281694,-0.0024116077,-0.005559747,-0.00028739707,-0.94440764,True,False,-0.913782716,0.7811685080000003,True,False,L2,low_hotspot,0.008625677,0.00556717,0.64541835,
1.0,5231,tlNBL,0.57017004,-0.18417998,0.5563749074935913,-0.325520783662796,0.023622062,0.01505973,0.0033920945,-0.0030144837,0.0030926387038308,-0.0033298983389524,-0.0031541449,-0.0026342473,0.0015822736,-0.001905803,0.0029113807,True,False,-0.913782716,0.7811685080000003,False,False,,intermediate,0.004109488,0.0024770296,0.6027587,
1.0,5233,sstIN,0.322846,-0.12688601,0.3078575134277344,-0.2674700021743774,-0.025307037,-0.019689417,-0.0037877725,0.0021584309,-0.0035690687266451,0.002514447809179,-0.0025798848,-0.0013501748,0.0043237736,0.0005880481,-0.94040525,True,False,-0.913782716,0.7811685080000003,True,False,,low_dispersed,0.002911834,0.0043635787,1.4985671,
1.0,5238,sstIN,0.29844043,-0.14927574,0.3145950436592102,-0.2526299953460693,-0.025973953,-0.009908621,-0.0031932732,0.003207026,-0.0028760012425031,0.0035027883399887,-0.0008797301,0.0006261821,0.0015683029,-0.0016394011,-0.9821992,True,False,-0.913782716,0.7811685080000003,True,False,,low_dispersed,0.0010798282,0.0022687463,2.101025,
1.0,5244,sfrpEGC,0.5275085,-0.22602354,0.5235744118690491,-0.3173571825027466,0.070059665,0.0716889,-0.0017336844,0.0043054204,-0.0013158033430348,0.0044579050024118,-0.00205509,-0.002730956,-0.0025425253,-0.0027464142,0.99482715,True,False,-0.913782716,0.7811685080000003,False,True,H1,high_hotspot,0.0034178232,0.003742623,1.0950311,N1_sfrpEGC_VLMC
1.0,5248,VLMC,0.37226665,-0.14499238,0.3367069959640503,-0.2716110944747925,-0.017031549,-0.034880757,0.003968884,-0.002407361,0.0037257638635999,-0.0027799410937318,0.00566271,-0.00027576656,0.0028769667,-0.00048689905,0.99292886,True,False,-0.913782716,0.7811685080000003,False,True,,high_dispersed,0.0056694206,0.0029178774,0.5146694,
1.0,5250,scgnIN,0.59963244,-0.18733384,0.5789260864257812,-0.3145710229873657,0.020514935,0.028682863,-0.0036923792,0.0026112525,-0.0034306011218669,0.0029567031934869,-0.0077471896,-0.0034087866,-0.0036700042,-0.0019838351,0.99671704,True,False,-0.913782716,0.7811685080000003,False,True,H1,high_hotspot,0.008463969,0.004171874,0.49289805,N1_sfrpEGC_VLMC
1.0,5255,scgnIN,0.6380018,-0.17302342,0.6090900897979736,-0.3353042602539062,0.04154549,0.012020691,0.0026540605,-0.0037444225,0.0022870130719055,-0.0039868387214114,-0.0017883776,1.8657907e-05,-0.0005312772,-0.0013300201,0.36124253,True,False,-0.913782716,0.7811685080000003,False,False,,intermediate,0.001788475,0.0014322043,0.8007964,
1.0,5256,mpEX,0.25151026,-0.14021356,0.2413942664861679,-0.2594711184501648,0.0018317872,-0.038052443,0.0046660863,-0.0023753655,0.0044238315961705,-0.0028148307137488,-0.0045163995,-0.0003753203,0.0013529527,-0.0007112342,-0.84357023,True,False,-0.913782716,0.7811685080000003,False,False,,intermediate,0.0045319675,0.0015285074,0.33727238,
1.0,5262,scgnIN,0.7047206,-0.19069946,0.6925734281539917,-0.3250827193260193,0.038184233,0.024224196,0.003159427,-0.002919635,0.0028697907685175,-0.0032130619342771,-0.004878797,-0.0038764605,0.0017473774,-0.0012160114,-0.28730544,True,False,-0.913782716,0.7811685080000003,False,False,,intermediate,0.0062313406,0.0021288523,0.34163633,
1.0,5263,wntEGC,0.4620496,-0.15550599,0.4434564411640167,-0.2761580348014831,-0.03674441,-0.03335653,-0.0038765788,0.0024901102,-0.0036258236138248,0.0028535874075549,0.007497517,-0.00062469527,0.009176843,-0.0015164132,0.9967507,True,False,-0.913782716,0.7811685080000003,False,True,,high_dispersed,0.007523497,0.009301288,1.2362984,
1.0,5267,scgnIN,0.62674737,-0.19761679,0.6183128356933594,-0.3380099833011627,0.03323827,0.013940267,0.0030645283,-0.003424467,0.0027268341159227,-0.0037072110093069,-0.0047963923,-0.0029991798,-0.0039881086,-0.004445176,0.9608537,True,False,-0.913782716,0.7811685080000003,False,True,H1,high_hotspot,0.0056568948,0.005971985,1.0557002,N1_sfrpEGC_VLMC
1.0,5268,sstIN,0.40624976,-0.14260375,0.3942073583602905,-0.2729057669639587,-0.017752945,-0.029732829,0.0032679944,-0.0031188063,0.0029589371533597,-0.0034220043601737,0.006181994,-0.0016879718,0.0007846455,-0.0014205844,0.696987,True,False,-0.913782716,0.7811685080000003,False,False,,intermediate,0.0064082993,0.0016228766,0.25324607,
1.0,5269,scgnIN,0.6354115,-0.17451972,0.6341135501861572,-0.3304023444652557,0.018584805,0.011596258,0.0022037847,-0.00409916,0.0018041778920413,-0.0042973256402757,-0.001574797,-0.002363387,-0.0027107093,-0.0054613706,0.9919396,True,False,-0.913782716,0.7811685080000003,False,True,H1,high_hotspot,0.0028399972,0.0060970904,2.146865,N1_sfrpEGC_VLMC
1.0,5271,sfrpEGC,0.5605874,-0.21294789,0.5556254386901855,-0.3163339793682098,0.024771892,0.01153688,0.002944914,-0.003369521,0.0026128603059003,-0.0036409804561373,-0.0026235601,-0.0022197962,0.007271983,0.0015703466,-0.882546,True,False,-0.913782716,0.7811685080000003,False,False,,intermediate,0.00343665,0.0074396054,2.1647842,
1.0,5274,mpEX,0.38816702,-0.13472262,0.3612513840198517,-0.2772305905818939,-0.01138549,-0.027918363,0.004078877,-0.0025071776,0.0038258489105315,-0.002889978920634,0.0066461894,2.1966414e-05,2.053297e-05,0.00071082584,0.032177594,True,False,-0.913782716,0.7811685080000003,False,False,,intermediate,0.0066462257,0.00071112235,0.10699642,
1.0,5278,scgnIN,0.66107684,-0.18506554,0.6713539361953735,-0.327117383480072,-0.0037706108,0.021756418,-0.0032438252,0.0036528953,-0.0028836843828145,0.0039520932688929,-0.0012640936,-0.0028604623,-0.001753066,-0.0037955355,0.99986285,True,False,-0.913782716,0.7811685080000003,False,True,H1,high_hotspot,0.0031273274,0.0041808286,1.3368695,N1_sfrpEGC_VLMC
1.0,5279,VLMC,0.5074681,-0.1693964,0.5108337998390198,-0.3052923679351806,0.0071114777,-0.020126203,0.004229424,-0.0028012323,0.0039477536772206,-0.0031975265552984,0.0005187063,-0.0010225427,-0.0060952688,0.00021608312,-0.48370555,True,False,-0.913782716,0.7811685080000003,False,False,,intermediate,0.0011465818,0.006099098,5.319374,
1.0,5282,scgnIN,0.6150311,-0.19399843,0.5953265428543091,-0.345521330833435,0.012075405,0.037909113,-0.0031798265,0.0031370167,-0.0028693031190151,0.0034317117904364,-0.004159375,-0.0021484536,-0.0041447156,-0.0058164047,0.8893458,True,False,-0.913782716,0.7811685080000003,False,True,H1,high_hotspot,0.0046814797,0.007142075,1.525602,N1_sfrpEGC_VLMC
1.0,5287,scgnIN,0.72789764,-0.19977945,0.703723669052124,-0.360254168510437,0.034331087,0.01807671,0.003077384,-0.0034005966,0.0027419358299578,-0.0036846472598807,-0.008008856,-0.0035347487,0.004512503,0.0015058839,-0.99562734,True,False,-0.913782716,0.7811685080000003,True,False,,low_dispersed,0.008754212,0.004757139,0.54341143,
1.0,5288,VLMC,0.5599125,-0.21850275,0.5363180041313171,-0.3386836349964142,-0.0109558785,-0.014048317,0.0032644414,-0.0031540536,0.0029520190668956,-0.0034568001207209,0.005379632,-0.0016372085,0.0025000765,0.0028622732,0.41006693,True,False,-0.913782716,0.7811685080000003,False,False,,intermediate,0.0056232456,0.0038003935,0.6758363,
1.0,5292,wntEGC,0.4105397,-0.17445153,0.4168530106544494,-0.2743439376354217,-0.012457167,-0.043361288,0.0027408614,-0.0038078935,0.0023674602971131,-0.0040584240694849,0.0069189514,-0.0047205826,-0.0046230587,0.00048645755,-0.8804963,True,False,-0.913782716,0.7811685080000003,False,False,,intermediate,0.008375905,0.004648582,0.5549946,
1.0,5294,scgnIN,0.6799511,-0.19863066,0.6630518436431885,-0.34620201587677,0.008785867,0.0260473,-0.0033063279,0.003194294,-0.0029899188056194,0.0035009257779889,-0.0030142448,-0.0033099926,-0.0008496027,-0.002407662,0.92128104,True,False,-0.913782716,0.7811685080000003,False,True,H1,high_hotspot,0.004476798,0.0025531668,0.5703109,N1_sfrpEGC_VLMC
1.0,5296,scgnIN,0.6272203,-0.19212452,0.6091563105583191,-0.3237096667289734,0.03501037,0.030116329,0.0029423519,-0.0033226225,0.0026147986647624,-0.0035939846200664,-0.0066798646,-0.0032424824,-0.0044893203,-0.005325062,0.9137242,True,False,-0.913782716,0.7811685080000003,False,True,H1,high_hotspot,0.0074252463,0.0069649327,0.93800694,N1_sfrpEGC_VLMC
1.0,5298,mpEX,0.1350983,-0.15610905,0.1471877247095108,-0.2480040788650512,-0.044160545,-0.023429727,-0.0026787156,0.0037849986,-0.0023077036831464,0.0040296484910086,-0.007547132,-0.0020025836,0.0032234504,-0.0018138217,-0.7165834,True,False,-0.913782716,0.7811685080000003,False,False,,intermediate,0.0078082997,0.0036987269,0.4736917,
1.0,5303,MCG,0.28181422,-0.17895336,0.2618445158004761,-0.2876746654510498,-0.013053061,-0.018004162,0.002899544,-0.003676197,0.0025382574270978,-0.0039423431377017,-0.002102138,-0.00018115161,0.0033836171,-0.0033293832,-0.64994675,True,False,-0.913782716,0.7811685080000003,False,False,,intermediate,0.002109929,0.004746963,2.2498212,
1.0,5305,sfrpEGC,0.53441274,-0.22191039,0.53334641456604,-0.3119511604309082,0.057584967,0.0551618,0.0018767347,-0.0045542116,0.0014345708153349,-0.0047196138985881,-0.0013598457,-0.0020379277,-0.003325943,-0.0003474102,0.63846076,True,False,-0.913782716,0.7811685080000003,False,False,,intermediate,0.0024499653,0.0033440378,1.3649327,N1_sfrpEGC_VLMC
1.0,5306,VLMC,0.53553015,-0.16933861,0.504389762878418,-0.2967454791069031,-0.01447603,-0.052356187,0.0033750904,-0.0040592784,0.0029756085256319,-0.0043697679971891,0.0033523815,0.0002927526,0.007611642,0.0016745782,0.9916335,True,False,-0.913782716,0.7811685080000003,False,True,H1,high_hotspot,0.00336514,0.007793671,2.3160021,N1_sfrpEGC_VLMC
1.0,5314,tlNBL,0.57413995,-0.21404786,0.5652567744255066,-0.3274983167648315,0.014057771,0.006763634,0.0040136515,-0.0022659937,0.0037839317908299,-0.00264330803046,-0.005647941,-0.0046238806,0.00043901845,0.0014151782,-0.83428687,True,False,-0.913782716,0.7811685080000003,False,False,,intermediate,0.007299281,0.0014817107,0.20299406,
1.0,5315,wntEGC,0.4487731,-0.19317219,0.4427675008773803,-0.2838959693908691,-0.07251676,-0.016743606,-0.0015749924,0.0037479189,-0.0012110144525754,0.0038869613630567,0.0037428667,-0.003681475,-0.0057708803,0.002368134,-0.9257717,True,False,-0.913782716,0.7811685080000003,True,False,L2,low_hotspot,0.005249982,0.0062378775,1.1881713,
1.0,5316,mpEX,0.42517322,-0.16823627,0.4196062386035919,-0.2753420770168304,0.007793576,-0.022883344,0.0020131003,-0.0043805353,0.0015871425053029,-0.0045595478525328,0.0072365254,-0.0034978427,-0.0018842348,0.0003465569,-0.9642085,True,False,-0.913782716,0.7811685080000003,True,False,L2,low_hotspot,0.008037549,0.0019158398,0.2383612,
1.0,5319,wntEGC,0.43789726,-0.18688525,0.4207838773727417,-0.2826362252235412,0.035562996,-0.0869412,0.0024711366,-0.003241005,0.0021528881344902,-0.0034674873075563,0.006776045,-0.005323053,-0.008286373,0.00087221974,-0.84672016,True,False,-0.913782716,0.7811685080000003,False,False,,intermediate,0.008616826,0.008332151,0.96696293,
1.0,5322,scgnIN,0.600713,-0.1914419,0.6018957495689392,-0.3282636106014251,0.020753635,0.024425987,-0.0039287787,0.0025704831,-0.0036701600276075,0.0029387069186179,-0.0060200626,-0.0024884017,-0.0022990233,-0.0031669997,0.85204583,True,False,-0.913782716,0.7811685080000003,False,True,H1,high_hotspot,0.006514084,0.003913489,0.6007735,N1_sfrpEGC_VLMC
1.0,5323,mpEX,0.27910998,-0.15415144,0.2609966099262237,-0.2690624594688415,-0.015010257,-0.03393956,0.0033049593,-0.0031438866,0.0029933830113829,-0.0034505463448899,-0.002745261,9.51098e-05,0.0020713208,-0.00017530257,-0.99876016,True,False,-0.913782716,0.7811685080000003,True,False,,low_dispersed,0.002746908,0.0020787257,0.7567511,
1.0,5327,scgnIN,0.68979573,-0.18976384,0.6895737648010254,-0.3298601508140564,0.028702183,0.020350013,0.0034373947,-0.0030831152,0.0031312218796068,-0.0034026525614752,-0.0025918551,-0.0014340892,0.0005820768,-0.0016492949,0.1653373,True,False,-0.913782716,0.7811685080000003,False,False,,intermediate,0.0029621487,0.001748996,0.5904484,
1.0,5328,VLMC,0.5116476,-0.1783247,0.4946159720420837,-0.3046998381614685,-0.009706395,-0.032907195,0.004214026,-0.0032518865,0.0038892365642688,-0.003645284014784,0.0025275857,-0.001691619,-0.0013417064,-0.0009113579,-0.37494084,True,False,-0.913782716,0.7811685080000003,False,False,,intermediate,0.0030414248,0.0016219585,0.533289,
1.0,5331,sfrpEGC,0.5480745,-0.2284742,0.5499656796455383,-0.3404735922813415,0.059993148,0.012608637,0.0028260325,-0.0036139416,0.0024709411083676,-0.0038732425283364,-0.004607454,-0.0030541727,-0.008973023,-0.0030343977,0.96657544,True,False,-0.913782716,0.7811685080000003,False,True,H1,high_hotspot,0.0055278027,0.009472207,1.7135574,N1_sfrpEGC_VLMC
1.0,5334,scgnIN,0.66237843,-0.18123026,0.6277604103088379,-0.3428041040897369,0.028602164,0.014775305,0.0032398538,-0.003371472,0.0029066827520064,-0.0036711773858451,0.00030551307,-0.0047302386,-0.0020076162,-0.0024592213,0.7322772,True,False,-0.913782716,0.7811685080000003,False,False,,intermediate,0.0047400943,0.0031746328,0.66974044,N1_sfrpEGC_VLMC
1.0,5338,scgnIN,0.70666283,-0.2120662,0.6666863560676575,-0.3609355688095093,0.029384905,0.0345915,-0.0028976982,0.0034717165,-0.0025560043307972,0.0037383309523239,-0.006120951,-0.0038359088,7.786992e-05,0.00043096655,-0.67322975,True,False,-0.913782716,0.7811685080000003,False,False,,intermediate,0.007223589,0.0004379451,0.06062708,
1.0,5340,mpIN,0.3453617,-0.16982305,0.3157304227352142,-0.2897989153861999,-0.01000921,0.00041457836,-0.004004733,0.0026156495,-0.0037415484418171,0.0029910063703417,0.0025841077,-0.00016720177,0.004280914,-0.0025508432,0.8903154,True,False,-0.913782716,0.7811685080000003,False,True,,high_dispersed,0.0025895112,0.0049832747,1.9244075,
1.0,5341,mpEX,0.26317006,-0.15089506,0.214142844080925,-0.2516959607601166,-0.012898312,-0.037192017,0.0047224793,-0.0021335804,0.0045032069881794,-0.0025792102657946,-0.0039771507,-0.00033673723,0.002230747,-0.0011931497,-0.8388571,True,False,-0.913782716,0.7811685080000003,False,False,,intermediate,0.003991381,0.0025297902,0.63381326,
1.0,5342,mpEX,0.18474011,-0.1519565,0.2003281116485595,-0.2540774643421173,-0.014257057,-0.0029564027,-0.0029429693,0.0037713966,-0.0025724266066239,0.004041402009748,-0.0034524128,-0.0008811569,0.00226471,-0.0005928576,-0.87472427,True,False,-0.913782716,0.7811685080000003,False,False,,intermediate,0.0035630872,0.0023410236,0.65702116,
1.0,5343,scgnIN,0.61831945,-0.194199,0.6024729013442993,-0.3369440734386444,0.034056377,0.011155321,0.002809715,-0.0031673845,0.0024974503300388,-0.0034265312715077,-0.0053391573,-0.00323137,-0.006154553,-0.0053262664,0.9857319,True,False,-0.913782716,0.7811685080000003,False,True,H1,high_hotspot,0.0062408615,0.008139265,1.3041893,N1_sfrpEGC_VLMC
1.0,5354,mpIN,0.2945907,-0.15550536,0.3031275570392608,-0.2750831544399261,-0.021957895,-0.012655891,-0.0031209558,0.0032544404,-0.0027993701993049,0.0035431258758936,-0.002291063,0.0012655103,0.00018368784,-0.0003811762,-0.81557417,True,False,-0.913782716,0.7811685080000003,False,False,,intermediate,0.0026173433,0.00042312706,0.1616628,
1.0,5357,scgnIN,0.6125859,-0.20922548,0.6011552810668945,-0.3531039953231811,0.035798777,0.02192496,0.0030051728,-0.0035211376,0.0026584058913944,-0.0037978910082231,-0.004294638,-0.0038740674,-0.002149577,-0.0016574931,0.99702907,True,False,-0.913782716,0.7811685080000003,False,True,H1,high_hotspot,0.0057837977,0.0027143995,0.46931094,N1_sfrpEGC_VLMC
1.0,5358,tlNBL,0.57755476,-0.20180589,0.5670536160469055,-0.3331074118614197,0.01409001,0.01703708,-0.0038435173,0.0027414078,-0.0035687949117207,0.0031009252713425,-0.006364561,-0.0021775304,-0.0016340285,-0.0009068582,0.9843744,True,False,-0.913782716,0.7811685080000003,False,True,H1,high_hotspot,0.0067267586,0.0018688074,0.27781692,N1_sfrpEGC_VLMC
1.0,5361,VLMC,0.5589654,-0.17361043,0.537771999835968,-0.3318726718425751,0.01072931,-0.018518748,0.0028087506,-0.0036720324,0.0024481493242785,-0.0039294946277538,0.0015288185,-0.00029552158,-0.0015869918,-0.0011769373,-0.67556995,True,False,-0.913782716,0.7811685080000003,False,False,,intermediate,0.0015571188,0.0019757845,1.268872,
1.0,5362,VLMC,0.53259957,-0.20209968,0.5000324249267578,-0.3269717693328857,-0.02297272,-0.034537952,0.0024762114,-0.004472646,0.0020399693561912,-0.0046957287530394,0.0028438342,-0.001389935,0.001011765,0.0007354228,0.46855327,True,False,-0.913782716,0.7811685080000003,False,False,,intermediate,0.0031653298,0.0012508058,0.39515814,
1.0,5363,wntEGC,0.45138264,-0.21734872,0.436160683631897,-0.2946387529373169,-0.023019595,-0.0840896,0.0013597262,-0.0038160512,0.0009899010287231,-0.0039342585944753,0.005168111,-0.0014641028,0.0030044173,0.0036157607,0.40524963,True,False,-0.913782716,0.7811685080000003,False,False,,intermediate,0.005371496,0.00470109,0.8751919,
1.0,5364,mpEX,0.37208903,-0.13188538,0.3605983257293701,-0.2760637402534485,-0.017981088,-0.035718195,0.0040694545,-0.00230412,0.0038359066522552,-0.0026866593034907,0.0052121975,0.0004630825,0.0037101053,-0.0014550615,0.8949988,True,False,-0.913782716,0.7811685080000003,False,True,,high_dispersed,0.0052327286,0.0039852336,0.76159763,
1.0,5365,mpEX,0.1486382,-0.1403576,0.1423176378011703,-0.2534115612506866,-0.036103375,-0.009438092,-0.0032117693,0.003813578,-0.0028363380048732,0.0041091984459914,-0.0069815335,0.0015859827,0.0024698449,-0.003665287,-0.72864044,True,False,-0.913782716,0.7811685080000003,False,False,,intermediate,0.00715941,0.004419781,0.6173387,
1.0,5375,scgnIN,0.64153486,-0.18685888,0.6280865669250488,-0.3495410084724426,0.026188321,0.025151625,0.0030310908,-0.0033980322,0.0026960342700851,-0.0036776565738299,-0.0019106382,-0.003746628,-0.004865361,-0.0057077305,0.97267485,True,False,-0.913782716,0.7811685080000003,False,True,H1,high_hotspot,0.004205682,0.007499995,1.7833006,N1_sfrpEGC_VLMC
1.0,5379,mpIN,0.20948347,-0.15772976,0.2103141397237777,-0.2697152197360992,-0.03623793,-0.025915727,-0.0036475554,0.0028075303,-0.0033671174384908,0.0031480681907,-0.0061077415,-0.0018083814,-0.00016616026,0.0010239338,-0.12664178,True,False,-0.913782716,0.7811685080000003,False,False,,intermediate,0.0063698315,0.001037328,0.16285016,
1.0,5380,scgnIN,0.6874273,-0.20899326,0.6678729057312012,-0.3418971002101898,0.022560343,0.025993207,-0.003040263,0.0033275746,-0.0027119265175697,0.0036082998692145,-0.0031588746,-0.003886208,0.0019345431,-0.0016503008,0.023748687,True,False,-0.913782716,0.7811685080000003,False,False,,intermediate,0.0050081033,0.002542823,0.50774175,
1.0,5381,wntEGC,0.43041354,-0.19494617,0.427379846572876,-0.3007743954658508,-0.019599864,-0.06542399,0.0018571102,-0.0042148423,0.0014475160605827,-0.0043794354778915,0.00551212,-0.002278407,-0.0031271921,0.003853136,-0.87898505,True,False,-0.913782716,0.7811685080000003,False,False,,intermediate,0.0059644454,0.004962458,0.8320066,
1.0,5382,scgnIN,0.6688539,-0.22662832,0.6263366341590881,-0.3484125733375549,0.0060753743,0.013842783,-0.0027468912,0.0037432867,-0.002379659733985,0.0039945987116375,-0.002023577,-0.0012931086,-0.0034207404,6.308292e-05,0.83257407,True,False,-0.913782716,0.7811685080000003,False,True,H1,high_hotspot,0.0024014565,0.003421322,1.4246862,N1_sfrpEGC_VLMC
1.0,5383,mpEX,0.298908,-0.14988813,0.2781723141670227,-0.2736867666244507,-0.032466333,-0.018280637,-0.0032488701,0.0031337172,-0.0029384449424385,0.0034350363674243,-0.001274872,0.0009315039,0.0045299293,-0.0034328212,-0.9998475,True,False,-0.913782716,0.7811685080000003,True,False,,low_dispersed,0.0015789231,0.0056837066,3.5997362,
1.0,5384,sstIN,0.13976485,-0.16866186,0.1278426349163055,-0.2474428415298462,-0.040368244,-0.02122954,-0.0031898213,0.0029764818,-0.0028946437664539,0.0032726407791575,-0.0069863317,-0.0041095847,0.0055294055,0.0002365193,-0.8828156,True,False,-0.913782716,0.7811685080000003,False,False,,intermediate,0.008105401,0.0055344617,0.6828116,
1.0,5386,scgnIN,0.65568405,-0.17430067,0.6473621726036072,-0.3417123556137085,0.048313882,0.023661623,0.003370619,-0.0031722921,0.0030561145617351,-0.0034851517642517,-0.0031681424,-0.0038467455,-0.00018357944,-0.0036966484,0.8024894,True,False,-0.913782716,0.7811685080000003,False,True,H1,high_hotspot,0.0049834303,0.003701204,0.74270207,N1_sfrpEGC_VLMC
1.0,5390,sstIN,0.40006936,-0.16913626,0.3863201737403869,-0.2910535633563995,-0.020639181,-0.010721383,-0.00305739,0.0037715444,-0.0026864721203922,0.004052509620446,0.0075176656,-0.004143402,-0.00054808415,-0.00011873921,-0.75372994,True,False,-0.913782716,0.7811685080000003,False,False,,intermediate,0.008583885,0.00056079874,0.06533158,
1.0,5393,sfrpEGC,0.531989,-0.24615432,0.5354181528091431,-0.32381272315979,0.0380453,-0.05872018,0.00080632186,-0.0044196723,0.0003804224282893,-0.0044829653632377,-0.0020086006,-0.0022912368,-0.0034940997,-0.0028682495,0.98663265,True,False,-0.913782716,0.7811685080000003,False,True,H1,high_hotspot,0.0030470055,0.004520574,1.4836121,N1_sfrpEGC_VLMC
1.0,5396,mpEX,0.27964693,-0.15886287,0.2643886804580688,-0.2849262058734894,0.004080548,-0.018463418,0.0033069872,-0.0030426788,0.0030050991481846,-0.0033498521453458,-0.002345256,0.0014015662,0.0020846184,-0.00054879644,-0.96071005,True,False,-0.913782716,0.7811685080000003,True,False,,low_dispersed,0.0027321447,0.0021556464,0.78899425,
1.0,5399,VLMC,0.549963,-0.2005603,0.5140911340713501,-0.3286579251289367,0.010677552,-0.00011845236,0.0026840486,-0.0040168026,0.0022908155841506,-0.0042612321064026,0.00095627434,-0.0017016832,0.002040871,-0.0018780704,0.9508154,True,False,-0.913782716,0.7811685080000003,False,True,H1,high_hotspot,0.0019519698,0.0027735,1.4208724,N1_sfrpEGC_VLMC
1.0,5400,mpEX,0.35775477,-0.16682819,0.3595552146434784,-0.2888638973236084,-0.022207243,-0.035653237,0.0037518456,-0.0029281527,0.0034595243321725,-0.0032782998218717,0.005965789,-0.0002867417,0.0032030663,-0.0018582172,0.88807344,True,False,-0.913782716,0.7811685080000003,False,True,,high_dispersed,0.005972676,0.0037030536,0.61999905,
1.0,5404,scgnIN,0.6046759,-0.22660008,0.5805286169052124,-0.3457455039024353,0.04332861,0.022581173,0.0032419215,-0.0033648822,0.0029093752276084,-0.0036648064396376,-0.007763326,-0.0037992776,-0.0017488394,-0.0007958669,0.99960667,True,False,-0.913782716,0.7811685080000003,False,True,H1,high_hotspot,0.008643133,0.0019214171,0.22230564,N1_sfrpEGC_VLMC
1.0,5408,mpEX,0.1971494,-0.16702634,0.1842035055160522,-0.2469052672386169,0.009487479,-0.0018992356,0.003065102,-0.0034585414,0.0027241420609482,-0.0037412327609122,-0.0059061763,-0.00085742096,0.00049097603,0.0011241458,-0.5277515,True,False,-0.913782716,0.7811685080000003,False,False,,intermediate,0.005968089,0.0012266871,0.20554101,
1.0,5411,mpEX,0.22844331,-0.14610247,0.244506150484085,-0.2560703456401825,-0.014872234,-0.0045563206,-0.003959611,0.0025327525,-0.0037045092993574,0.0029040486821021,-0.0041186106,-0.002108669,0.0012600705,-0.0013484972,-0.27474314,True,False,-0.913782716,0.7811685080000003,False,False,,intermediate,0.0046270336,0.0018455954,0.3988723,
1.0,5418,tlNBL,0.63733184,-0.21154691,0.6059357523918152,-0.3330370187759399,0.031974692,0.027130408,0.0027423347,-0.004190379,0.0023322911505442,-0.0044398438309936,-0.0028822403,-0.0037193417,-0.0025401264,-0.0018408374,0.95982605,True,False,-0.913782716,0.7811685080000003,False,True,H1,high_hotspot,0.0047054025,0.0031370248,0.66668576,N1_sfrpEGC_VLMC
1.0,5421,CMPN,0.08824683,-0.17781457,0.0815910398960113,-0.2529067695140838,-0.03822639,-0.016092014,-0.00317215,0.0022724513,-0.0029444666797926,0.0025691387191302,-0.004651821,-0.003966294,0.0037772441,0.0023813148,-0.98971856,True,False,-0.913782716,0.7811685080000003,True,False,,low_dispersed,0.0061131767,0.004465225,0.7304263,
1.0,5423,scgnIN,0.67490894,-0.20942254,0.649606466293335,-0.3487882614135742,0.036776185,0.030889837,0.0033575909,-0.0031373156,0.0030464779875082,-0.0034490376523651,-0.00072794437,-0.0041151247,0.0010503514,-0.0018706791,0.7733431,True,False,-0.913782716,0.7811685080000003,False,False,,intermediate,0.0041790134,0.0021453854,0.5133712,N1_sfrpEGC_VLMC
1.0,5424,tlNBL,0.55769813,-0.22434166,0.575556218624115,-0.3286672830581665,-0.017688923,-0.007703505,-0.0031023829,0.003188964,-0.0027871278071246,0.0034760769688752,-0.0042358674,-0.0039716163,0.0049927584,0.0034937174,-0.98984283,True,False,-0.913782716,0.7811685080000003,True,False,,low_dispersed,0.0058065746,0.0060937423,1.0494556,
1.0,5425,VLMC,0.5388905,-0.2186185,0.4861846566200256,-0.3438956141471863,-0.021775577,-0.03479568,0.002383796,-0.0040787635,0.0019855751080525,-0.0042942366518044,0.004056601,-0.0014932299,0.00080304535,-0.0002732598,0.9996946,True,False,-0.913782716,0.7811685080000003,False,True,H1,high_hotspot,0.004322701,0.00084826455,0.19623484,N1_sfrpEGC_VLMC
1.0,5428,mpEX,0.42424527,-0.17828552,0.4076445400714874,-0.2862640619277954,-0.011938462,-0.039576795,0.0020228028,-0.004124936,0.0016212979758528,-0.0043056844837106,0.0069564884,-0.004426956,-0.0036129416,0.00074062636,-0.9342851,True,False,-0.913782716,0.7811685080000003,True,False,L2,low_hotspot,0.008245645,0.0036880719,0.4472751,
1.0,5429,VLMC,0.6626476,-0.22300556,0.6413484811782837,-0.3531713187694549,0.0077715926,0.02956574,-0.0032858376,0.0033236053,-0.0029571065976029,0.003627866419487,-0.0007208403,-0.001566405,-0.0018026314,-0.0022903238,0.97239566,True,False,-0.913782716,0.7811685080000003,False,True,H1,high_hotspot,0.0017243071,0.0029146292,1.6903191,N1_sfrpEGC_VLMC
1.0,5435,mpEX,0.2828395,-0.15880999,0.2640559077262878,-0.2745273113250732,-0.014749918,-0.012875367,-0.0031367575,0.0032327408,-0.0028172006757507,0.0035230083850711,-0.0037766106,0.0017480842,0.0045976355,-0.001679864,-0.9965408,True,False,-0.913782716,0.7811685080000003,True,False,,low_dispersed,0.0041615604,0.0048949155,1.1762211,
1.0,5440,sfrpEGC,0.56404126,-0.24838448,0.5561251640319824,-0.3543487787246704,0.036653873,0.03695714,-0.0033992091,0.0028982812,-0.0031108617753556,0.0032147439319938,-0.0053864596,-0.002742405,-0.007978435,-0.00035118446,0.91023874,True,False,-0.913782716,0.7811685080000003,False,True,H1,high_hotspot,0.0060443967,0.00798616,1.3212502,N1_sfrpEGC_VLMC
1.0,5443,scgnIN,0.60048115,-0.21025456,0.5946429967880249,-0.3296902477741241,0.034373745,0.021069994,0.004079882,-0.0022754166,0.0038490507711094,-0.0026590453418721,-0.009020925,-0.0030833394,-0.001752081,-0.00077426835,0.99623877,True,False,-0.913782716,0.7811685080000003,False,True,H1,high_hotspot,0.009533313,0.0019155362,0.2009308,N1_sfrpEGC_VLMC
1.0,5448,tlNBL,0.6083575,-0.20531368,0.6095710396766663,-0.3532686233520508,0.020012032,0.0063266936,0.0031117853,-0.0029995563,0.0028146437019461,-0.0032881674483488,-0.004803535,-0.002903,-0.0020333468,-0.0017747941,0.98490053,True,False,-0.913782716,0.7811685080000003,False,True,H1,high_hotspot,0.005612607,0.0026989614,0.4808748,N1_sfrpEGC_VLMC
1.0,5449,sfrpEGC,0.5336902,-0.23997808,0.5404056310653687,-0.3262605667114258,0.05228083,0.09641621,-0.0014239992,0.004473257,-0.0009910182559426,0.0045955475203605,0.0011593417,0.0006433519,0.0043126126,0.001789239,0.99358314,True,False,-0.913782716,0.7811685080000003,False,True,H1,high_hotspot,0.0013258863,0.0046690474,3.5214536,N1_sfrpEGC_VLMC
1.0,5450,scgnIN,0.68420297,-0.21481624,0.6833115220069885,-0.3601084351539612,-0.0016832836,0.02643881,-0.003469314,0.0027751203,-0.0031925428893923,0.0030986868669402,-0.0012086388,-0.00018210676,0.000622104,-0.0012207272,-0.31624234,True,False,-0.913782716,0.7811685080000003,False,False,,intermediate,0.0012222809,0.0013701053,1.1209414,
1.0,5453,scgnIN,0.69500875,-0.20801891,0.6858406066894531,-0.3343554139137268,0.033635207,0.019605912,0.0030127983,-0.003231257,0.0026937746217971,-0.0035096553144425,-0.0020480917,-0.0046485546,0.0018861091,-0.0005948162,-0.109285176,True,False,-0.913782716,0.7811685080000003,False,False,,intermediate,0.0050797383,0.0019776789,0.38932693,
1.0,5454,VLMC,0.5339345,-0.22246996,0.4968598783016205,-0.3480079770088196,-0.012039809,-0.04421451,0.0019102367,-0.0045729643,0.0014661708258107,-0.0047415165015199,0.0035433802,-0.0016313095,0.001580882,-0.0006487214,0.9991159,True,False,-0.913782716,0.7811685080000003,False,True,H1,high_hotspot,0.0039008607,0.0017088088,0.43805945,N1_sfrpEGC_VLMC
1.0,5458,obNBL,0.71633744,-0.2235035,0.6837970614433289,-0.3670810461044311,-0.009956432,0.029398892,-0.003038122,0.0037907355,-0.0026654267176375,0.0040697944893494,-0.0032176506,0.00041327634,0.00033796762,0.003907802,0.041458454,True,False,-0.913782716,0.7811685080000003,False,False,,intermediate,0.003244083,0.0039223894,1.2090904,
1.0,5459,wntEGC,0.42734385,-0.19268301,0.4429384469985962,-0.2891579866409302,-0.007373097,-0.0435876,0.0020652444,-0.0040719355,0.0016686824837474,-0.0042569164870181,0.0077801906,-0.0058661127,-0.002781358,0.0016191835,-0.99294585,True,False,-0.913782716,0.7811685080000003,True,False,L2,low_hotspot,0.009743852,0.0032183393,0.33029437,
1.0,5462,wntEGC,0.44386744,-0.22246507,0.4542195796966553,-0.3054039180278778,0.06494541,-0.006745017,0.0013466026,-0.0044380547,0.000917237776849,-0.0045530427104857,0.0038246366,-0.0048121517,-0.007132673,0.0063568577,-0.98536515,True,False,-0.913782716,0.7811685080000003,True,False,L2,low_hotspot,0.006146922,0.009554301,1.554323,
1.0,5468,MSN,0.6523973,-0.2341081,0.6604541540145874,-0.3670074939727783,-0.0023491948,0.026720691,-0.003273741,0.0033829226,-0.0029393663353943,0.0036858379021122,-0.001895571,-0.00033013333,-0.0049027847,-0.0006973672,0.9995153,True,False,-0.913782716,0.7811685080000003,False,True,H1,high_hotspot,0.0019241043,0.0049521327,2.573734,N1_sfrpEGC_VLMC
1.0,5469,MSN,0.6315036,-0.17855975,0.6242903470993042,-0.3606835007667541,0.018722218,0.0171465,0.002682806,-0.0033662012,0.0023518972877327,-0.0036125641987349,-0.0032701846,-0.0010053089,-0.0039562713,-0.0035387587,0.908338,True,False,-0.913782716,0.7811685080000003,False,True,H1,high_hotspot,0.003421221,0.005308003,1.5514939,N1_sfrpEGC_VLMC
1.0,5470,sfrpEGC,0.53211945,-0.25401914,0.5406481623649597,-0.3387139439582824,0.08790281,0.04696649,0.0019329106,-0.004176955,0.0015267065454208,-0.0043489287173613,0.00048441417,0.00036879437,0.0003695336,0.0005984579,0.9334371,True,False,-0.913782716,0.7811685080000003,False,True,H1,high_hotspot,0.0006088238,0.000703354,1.155267,N1_sfrpEGC_VLMC
1.0,5475,MSN,0.65594643,-0.20711651,0.6483538150787354,-0.3480399250984192,0.008277993,0.03307665,-0.0034129717,0.0034904866,-0.0030678542654063,0.003806399329664,-0.0022404476,-0.003008503,-0.0024559018,-0.0028726866,0.9977405,True,False,-0.913782716,0.7811685080000003,False,True,H1,high_hotspot,0.0037510926,0.003779389,1.0075434,N1_sfrpEGC_VLMC
1.0,5476,tlNBL,0.5892705,-0.2180305,0.5670369863510132,-0.3458835482597351,0.018968532,0.013885354,0.004179829,-0.0022151964,0.0039544506254263,-0.0026085888708141,-0.008731727,-0.004072502,0.0019140464,0.0008545595,-0.9998639,True,False,-0.913782716,0.7811685080000003,True,False,,low_dispersed,0.009634745,0.00209615,0.21756154,
1.0,5479,mpEX,0.36205295,-0.17930257,0.3574811518192291,-0.2865874469280243,-0.028577564,-0.018340655,-0.0035687196,0.0031361957,-0.0032570479050486,0.0034681450598726,0.0052487245,-0.0016080562,-0.0005460169,-0.0014524389,-0.062255114,True,False,-0.913782716,0.7811685080000003,False,False,,intermediate,0.0054895314,0.0015516807,0.2826618,
1.0,5480,mpEX,0.33986253,-0.17761576,0.3120660483837127,-0.2793717980384826,0.012239377,-0.0025469372,0.0038608229,-0.0028662134,0.0035740909253241,-0.0032269948137419,0.002764214,0.00055017,-0.000117468524,-0.0014324083,-0.27471212,True,False,-0.913782716,0.7811685080000003,False,False,,intermediate,0.0028184333,0.0014372169,0.50993466,
1.0,5484,obNBL,0.63172126,-0.21075729,0.6397292017936707,-0.3489148020744324,-0.013787299,0.040767327,-0.0031812792,0.0037730886,-0.0028098225370526,0.0040659160908808,-0.0029989542,-0.0006366043,-0.0018300356,-0.002388338,0.7597856,True,False,-0.913782716,0.7811685080000003,False,False,,intermediate,0.0030657775,0.0030088518,0.9814319,N1_sfrpEGC_VLMC
1.0,5485,mpEX,0.4166524,-0.18298566,0.3812295496463775,-0.2954322099685669,0.010264472,-0.053411447,0.0025674386,-0.0035733092,0.0022170552629111,-0.0038079678614736,0.0065849363,-0.0037448306,-0.0025881391,-0.00017509695,-0.8339137,True,False,-0.913782716,0.7811685080000003,False,False,,intermediate,0.007575298,0.0025940554,0.34243608,
1.0,5486,cckIN,0.1856741,-0.18739629,0.1806095093488693,-0.2886554598808288,0.0023135173,-0.020631481,0.002763556,-0.0039373757,0.0023776804368645,-0.004189671709665,-0.0036245242,0.00033713353,0.0019374519,-0.0014770438,-0.8479876,True,False,-0.913782716,0.7811685080000003,False,False,,intermediate,0.0036401695,0.0024362633,0.66927195,
1.0,5487,mpIN,0.16515481,-0.18351689,0.1462702453136444,-0.2896642982959747,-0.0032795812,-0.008703993,0.0029799067,-0.003756238,0.0026106995227674,-0.0040298293566662,-0.0060427748,-0.0021109744,0.002637829,-0.001915511,-0.5701073,True,False,-0.913782716,0.7811685080000003,False,False,,intermediate,0.006400886,0.0032599575,0.50929785,
1.0,5490,sfrpEGC,0.5578348,-0.24354535,0.5492001175880432,-0.3384180665016174,-0.031269573,-0.006291485,-0.002826751,0.003379643,-0.0024941005667095,0.0036397519021432,-0.007281889,-0.0027200468,-0.010900563,-0.003722901,0.9995975,True,False,-0.913782716,0.7811685080000003,False,True,H1,high_hotspot,0.007773324,0.011518778,1.4818343,N1_sfrpEGC_VLMC
1.0,5491,VLMC,0.535949,-0.19325346,0.5204554796218872,-0.3275488913059234,-0.0066981437,-0.013204493,0.0028834103,-0.004385538,0.0024542275733944,-0.0046479007096305,0.0006077499,-0.0019791075,-0.00045043987,0.0015689252,-0.9998315,True,False,-0.913782716,0.7811685080000003,True,False,,low_dispersed,0.0020703203,0.0016323058,0.7884315,
1.0,5496,mpEX,0.19364217,-0.17603046,0.1905266195535659,-0.2704483270645141,-0.010632076,0.015612393,-0.00284145,0.0039719287,-0.0024520188528246,0.0042315770739881,-0.0051908377,-0.0013753545,0.0014140968,-0.00068906404,-0.7567769,True,False,-0.913782716,0.7811685080000003,False,False,,intermediate,0.005369953,0.0015730477,0.2929351,
1.0,5500,mpEX,0.32451445,-0.17603248,0.3321498334407806,-0.2873026132583618,-0.022189777,-0.02776643,0.004181817,-0.002661321,0.0039136989302373,-0.0030534965567927,-0.0029829398,0.0012410828,0.0035176345,-0.0027434945,-0.96427435,True,False,-0.913782716,0.7811685080000003,True,False,,low_dispersed,0.003230823,0.0044609993,1.3807626,
1.0,5505,tlNBL,0.63919806,-0.20875187,0.6317742466926575,-0.3768648505210876,-0.036048263,0.019177072,-0.0027719715,0.004142044,-0.0023664643581407,0.0043945004865196,-0.0013644934,-0.00028744826,-0.0033490653,-0.0043850997,0.7577528,True,False,-0.913782716,0.7811685080000003,False,False,,intermediate,0.001394442,0.0055177296,3.9569442,N1_sfrpEGC_VLMC
1.0,5506,mpEX,0.16300218,-0.1562913,0.1489628106355667,-0.265413761138916,0.0034278047,-0.005692035,0.0028036549,-0.0039335717,0.0024180171008605,-0.0041897207431074,-0.004326884,-0.0034003928,0.0019538335,-0.00294064,0.079536095,True,False,-0.913782716,0.7811685080000003,False,False,,intermediate,0.0055031446,0.0035305563,0.6415525,
1.0,5508,VLMC,0.5275332,-0.19447923,0.5159497857093811,-0.356514573097229,-0.011976285,0.00030692827,-0.0027464821,0.00434633,-0.002321487068205,0.0045957004581569,0.002479218,-0.0010094462,-3.5650103e-07,-0.002030284,0.37694025,True,False,-0.913782716,0.7811685080000003,False,False,,intermediate,0.0026768458,0.002030284,0.7584613,
1.0,5509,wntEGC,0.44269568,-0.23356983,0.4301103949546814,-0.3290365934371948,-0.018571654,-0.015065643,-0.001294037,0.0040948545,-0.0008977128025779,0.0042058899877717,0.002341076,-0.0018217581,0.001481636,-4.001978e-05,0.80549604,True,False,-0.913782716,0.7811685080000003,False,True,H3,high_hotspot,0.0029663849,0.0014821764,0.49965748,N2_reaEGC_wntEGC
1.0,5511,MCG,0.07668711,-0.19142094,0.0575421564280986,-0.2646972239017486,0.003783142,0.010918039,-0.004112169,0.0020133501,-0.0039063390611149,0.0024008983914861,0.00083117106,0.0009267125,0.0027623374,0.0002017584,0.7201448,True,False,-0.913782716,0.7811685080000003,False,False,,intermediate,0.0012448459,0.0027696956,2.2249305,
1.0,5514,VLMC,0.51429534,-0.18443222,0.495085209608078,-0.3397529125213623,0.023685869,-0.0012006676,0.0040569114,-0.003556684,0.0037034214494851,-0.0039340700070354,0.0011048636,-0.001685029,0.0002628212,-0.0008580126,0.9601861,True,False,-0.913782716,0.7811685080000003,False,True,H1,high_hotspot,0.0020149557,0.0008973631,0.44535127,N1_sfrpEGC_VLMC
1.0,5515,obNBL,0.69588476,-0.21614395,0.6996495127677917,-0.3639365136623382,-0.034992807,0.02110781,-0.002807931,0.0033392794,-0.0024792063853136,0.0035977129838329,-0.0011994408,0.00013125967,0.00094862777,-0.0006250341,-0.88993496,True,False,-0.913782716,0.7811685080000003,False,False,,intermediate,0.0012066016,0.0011360291,0.9415114,
1.0,5516,MCG,0.6778484,-0.2165928,0.6665101647377014,-0.3620242476463318,0.008142475,0.04262481,-0.0030974182,0.0033013078,-0.0027714175317163,0.003587590789532,-0.0016379715,-0.0003227424,-0.00014125794,-0.0018538834,0.2673043,True,False,-0.913782716,0.7811685080000003,False,False,,intermediate,0.001669465,0.0018592572,1.1136844,
1.0,5517,tlNBL,0.60166717,-0.24311915,0.6050655245780945,-0.3688681721687317,0.01804007,0.0370561,-0.00369872,0.0028075143,-0.0034181220923052,0.0031529531706571,-0.0067392443,-2.3332224e-05,0.0010279112,0.0036089385,-0.2772572,True,False,-0.913782716,0.7811685080000003,False,False,,intermediate,0.006739285,0.003752471,0.5568055,
1.0,5527,tlNBL,0.59211326,-0.19678503,0.5888853073120117,-0.3605890274047851,0.019034965,0.014556272,0.003865557,-0.0024455618,0.0036191038934312,-0.0028081237749049,-0.0051920014,-0.0024539377,-0.002325047,-0.0021479938,0.9540519,True,False,-0.913782716,0.7811685080000003,False,True,H1,high_hotspot,0.0057427073,0.0031653943,0.5512024,N1_sfrpEGC_VLMC
1.0,5531,dpEX,0.4154942,-0.17284538,0.3864181637763977,-0.3283773064613342,0.023019882,-0.0072162305,0.0021806452,-0.0038896804,0.0018011773071326,-0.0040862904362824,0.0071410686,-0.002138994,-0.0035638427,0.0023078686,-0.9600427,True,False,-0.913782716,0.7811685080000003,True,False,L2,low_hotspot,0.007454539,0.004245849,0.5695656,
1.0,5532,mpEX,0.19930665,-0.1604601,0.2097681760787964,-0.2832890152931213,-0.011611034,0.012116971,-0.003212588,0.00326051,-0.002890131832419,0.0035579537299548,-0.007117284,-0.001909394,-0.00010984352,0.0022590358,-0.21189947,True,False,-0.913782716,0.7811685080000003,False,False,,intermediate,0.007368956,0.0022617048,0.30692336,
1.0,5535,MCG,0.14625296,-0.19612002,0.1276547908782959,-0.2824552655220032,-0.019816112,-0.015274078,-0.003019222,0.0035946541,-0.0026653687356104,0.0038725213402295,-0.007963204,-0.0038095452,0.0069935927,0.0017537024,-0.97996294,True,False,-0.913782716,0.7811685080000003,True,False,,low_dispersed,0.008827528,0.0072101187,0.81677663,
1.0,5537,wntEGC,0.41531295,-0.19534674,0.4257393777370453,-0.3055927753448486,0.06663058,0.028203813,0.0021155581,-0.0040131533,0.0017244682103755,-0.0042031391532512,0.008519788,-0.0029178474,0.012300276,-0.0040447027,0.9999247,True,False,-0.913782716,0.7811685080000003,False,True,,high_dispersed,0.0090055885,0.012948221,1.4377984,
1.0,5538,VLMC,0.082375705,-0.2174629,0.0640110224485397,-0.2627762258052826,-0.018347826,-0.013015995,-0.0037347695,0.002416286,-0.0034915333287524,0.0027664122547397,-0.0031114516,-0.0006759238,0.0039245295,-0.0018742597,-0.79032236,True,False,-0.913782716,0.7811685080000003,False,False,,intermediate,0.0031840233,0.0043491125,1.3659173,
1.0,5540,MSN,0.66486824,-0.2150538,0.6311159729957581,-0.3759187757968902,0.026791751,0.04124872,-0.0030438313,0.003744332,-0.0026755628969528,0.0040240841570417,-0.002584395,-0.0009775825,-0.0011265029,-0.00053901324,0.9964186,True,False,-0.913782716,0.7811685080000003,False,True,H1,high_hotspot,0.002763108,0.0012488171,0.45196104,N1_sfrpEGC_VLMC
1.0,5546,VLMC,0.6819469,-0.20284447,0.6626119613647461,-0.3695127964019775,0.010789319,0.008226069,0.0032978107,-0.0030546596,0.002994803920665,-0.0033609161015942,-0.0018707992,-0.003486767,0.0006967271,-0.0017835494,0.64874303,True,False,-0.913782716,0.7811685080000003,False,False,,intermediate,0.0039569475,0.0019148048,0.48390958,N1_sfrpEGC_VLMC
1.0,5547,sfrpEGC,0.5709944,-0.2313437,0.5528939366340637,-0.3480979800224304,0.032785043,0.011268474,0.0035187008,-0.003061951,0.0032142987631803,-0.0033893432484792,-0.005789047,-0.0019488648,0.0016262083,0.0024330087,-0.7919079,True,False,-0.913782716,0.7811685080000003,False,False,,intermediate,0.006108285,0.0029264458,0.4790945,
1.0,5549,tlNBL,0.57230973,-0.2444517,0.559567928314209,-0.3592353463172912,0.002898884,0.0076805656,-0.0032059702,0.0031731233,-0.0028919056410906,0.0034702088240339,-0.008422068,-0.0035427578,-0.012061626,-0.00484704,0.9998707,True,False,-0.913782716,0.7811685080000003,False,True,H1,high_hotspot,0.009136869,0.012999101,1.4227085,N1_sfrpEGC_VLMC
1.0,5553,scgnIN,0.7039477,-0.26840234,0.6715081930160522,-0.3846732079982757,0.021655237,0.018219218,0.0035433061,-0.00322063,0.0032236267383808,-0.0035498787529347,-0.0027760346,-0.0009135209,0.0013900727,0.0010099752,-0.95220554,True,False,-0.913782716,0.7811685080000003,True,False,,low_dispersed,0.00292248,0.001718241,0.5879394,
1.0,5554,sfrpEGC,0.53299403,-0.24959657,0.5432034730911255,-0.3434120416641235,0.06529869,0.04564398,0.0011846719,-0.0046864543,0.0007320240444699,-0.0047851474349576,-0.0012354405,-0.0013714734,-0.0026076112,-0.0018385568,0.9751476,True,False,-0.913782716,0.7811685080000003,False,True,H1,high_hotspot,0.0018458745,0.0031905998,1.7285031,N1_sfrpEGC_VLMC
1.0,5555,mpEX,0.25954807,-0.1837844,0.2511857748031616,-0.3006533980369568,-0.03615537,-0.02755263,-0.003138099,0.0029246346,-0.0028480511671787,0.0032160027492024,-0.0035588846,0.00012209037,0.0055743186,-0.0026069838,-0.919824,True,False,-0.913782716,0.7811685080000003,True,False,,low_dispersed,0.0035609782,0.0061538112,1.7281238,
1.0,5558,tlNBL,0.6277422,-0.22709641,0.6039209365844727,-0.3608034253120422,0.045518365,0.020152079,0.0033734392,-0.0033937383,0.0030377138571867,-0.0037061694314878,-0.0010635374,-0.003444121,-0.003787557,-0.00067622296,0.45839205,True,False,-0.913782716,0.7811685080000003,False,False,,intermediate,0.0036045916,0.003847449,1.0673745,
1.0,5559,MSN,0.6402571,-0.22172442,0.6274986267089844,-0.358119785785675,0.0149717275,0.01418769,0.0034999107,-0.003507432,0.0031528957613376,-0.0038316190706598,0.00034526872,-0.003852302,-0.0033117607,-0.0018148253,0.40036407,True,False,-0.913782716,0.7811685080000003,False,False,,intermediate,0.0038677435,0.0037764204,0.9763885,
1.0,5560,mpEX,0.39462936,-0.17374116,0.3753348588943481,-0.3155567646026611,-0.0010044533,-0.016266108,0.0030823343,-0.003528883,0.0027345820089025,-0.0038130031294225,0.007353608,-0.0037426187,-0.0026500863,-0.0011769088,-0.6304059,True,False,-0.913782716,0.7811685080000003,False,False,,intermediate,0.0082512265,0.0028996675,0.3514226,
1.0,5567,obNBL,0.71171844,-0.23133501,0.6824636459350586,-0.368076354265213,0.037545748,0.012462628,0.0030373896,-0.003800616,0.0026637501105573,-0.0040795735549077,-0.0036535854,-0.001861885,0.0009226183,0.0033367875,-0.6750712,True,False,-0.913782716,0.7811685080000003,False,False,,intermediate,0.0041006464,0.00346199,0.84425473,
1.0,5571,sfrpEGC,0.5489935,-0.23255558,0.5442744493484497,-0.3550357520580292,0.04296292,0.010426801,0.0026585434,-0.0037042012,0.0022953346004101,-0.0039471737687278,-0.0063645197,-0.0027785203,-0.0067021945,0.002321046,0.7350814,True,False,-0.913782716,0.7811685080000003,False,False,,intermediate,0.006944587,0.0070927194,1.0213306,N1_sfrpEGC_VLMC
1.0,5575,wntEGC,0.4313024,-0.21987239,0.4230959415435791,-0.3308554291725158,-0.033573724,-0.03064402,-0.00096963125,0.0052455626,-0.0004641054661546,0.0053218933289901,0.0027842268,-0.0019731778,0.0014625805,0.0013097114,0.22207683,True,False,-0.913782716,0.7811685080000003,False,False,,intermediate,0.0034125282,0.0019632846,0.5753167,
1.0,5577,VLMC,0.6739563,-0.23030439,0.64731764793396,-0.3755416870117187,0.022173775,0.002438324,0.002916371,-0.0034407468,0.0025775847617812,-0.0037092475690923,-0.0027795564,-0.00055509916,-0.0033552025,0.002603712,0.65466046,True,False,-0.913782716,0.7811685080000003,False,False,,intermediate,0.0028344432,0.0042469637,1.4983414,N1_sfrpEGC_VLMC
1.0,5578,mpEX,0.26742616,-0.18323353,0.2708059549331665,-0.2925854325294494,-0.031052712,-0.02681494,-0.0024937799,0.0035058141,-0.0021500941569844,0.003733630066547,-0.0030961137,0.00032914447,0.0022826565,-0.0028526974,-0.7038186,True,False,-0.913782716,0.7811685080000003,False,False,,intermediate,0.00311356,0.0036535466,1.1734307,
1.0,5581,scgnIN,0.6155764,-0.22553526,0.6154525876045227,-0.3656321763992309,0.02750334,0.0278005,-0.0032159993,0.0033925157,-0.0028808878267259,0.0036898697045467,-0.0075231334,-0.0028551538,-0.002840634,0.001425789,0.6764151,True,False,-0.913782716,0.7811685080000003,False,False,,intermediate,0.008046703,0.0031783762,0.3949911,N1_sfrpEGC_VLMC
1.0,5585,mpEX,0.41847658,-0.19043185,0.4089774191379547,-0.3201419115066528,-0.002906664,-0.06558778,0.002207362,-0.003979354,0.0018192201147385,-0.0041782404933102,0.0069342824,-0.004117689,-0.0054901103,0.002517582,-0.9943973,True,False,-0.913782716,0.7811685080000003,True,False,L2,low_hotspot,0.008064716,0.0060398285,0.74892014,
1.0,5586,mpEX,0.20346603,-0.19762813,0.1808121353387832,-0.2806369066238403,-0.03331471,-0.034821242,0.0030710087,-0.0035131325,0.0027248008847251,-0.0037962174284038,-0.0065884395,-0.00046271205,0.0027084306,-0.0008729974,-0.9279482,True,False,-0.913782716,0.7811685080000003,True,False,,low_dispersed,0.0066046678,0.0028456494,0.4308543,
1.0,5587,scgnIN,0.6103955,-0.24578972,0.577103853225708,-0.3553723394870758,0.015562661,0.021923812,-0.0034829446,0.0033256256,-0.003153398197488,0.0036487609779119,-0.0068171388,-0.0042865896,-0.0006656032,0.001575871,-0.16097857,True,False,-0.913782716,0.7811685080000003,False,False,,intermediate,0.00805284,0.0017106715,0.21243083,
1.0,5588,VLMC,0.5188211,-0.2327984,0.5056655406951904,-0.3534197807312011,-0.027236493,-0.016132152,-0.0011922573,0.004061604,-0.0007994392365824,0.0041629949794976,0.0025431507,-0.00060389994,-0.0017462099,-0.0012477252,-0.6573069,True,False,-0.913782716,0.7811685080000003,False,False,,intermediate,0.0026138688,0.0021461751,0.8210722,
1.0,5589,mpEX,0.16146138,-0.15780775,0.166155532002449,-0.271011084318161,-0.036215365,-0.02483866,-0.0028344763,0.003784991,-0.0024629736612271,0.0040445612080331,-0.006135103,-0.0011668871,0.0018422562,-0.00021207026,-0.9545759,True,False,-0.913782716,0.7811685080000003,True,False,,low_dispersed,0.006245087,0.0018544222,0.29694098,
1.0,5596,VLMC,0.54675174,-0.25296333,0.549490213394165,-0.359383225440979,-0.016386036,0.041091524,-0.002458712,0.0037218605,-0.002094442162239,0.0039456357051653,-0.0006738536,-0.0011260308,-0.005405385,0.002345521,0.12949738,True,False,-0.913782716,0.7811685080000003,False,False,,intermediate,0.0013122591,0.0058923387,4.490225,
1.0,5597,mpEX,0.42494375,-0.1898845,0.4046932160854339,-0.3290576338768005,-0.018635854,-0.041323803,0.002474311,-0.003662326,0.0021156946541901,-0.0038877831747828,0.006028078,-0.0029092662,-0.0005530548,-0.0006910364,-0.22339247,True,False,-0.913782716,0.7811685080000003,False,False,,intermediate,0.0066933963,0.0008850994,0.13223472,
1.0,5598,mpEX,0.3068286,-0.18486011,0.298993855714798,-0.3109602332115173,-0.01596687,-0.026984554,0.003089145,-0.0035073438,0.0027434344963989,-0.0037921843159116,-0.001192597,-0.00069472246,0.0028390621,-0.0020477904,-0.40634394,True,False,-0.913782716,0.7811685080000003,False,False,,intermediate,0.0013801908,0.0035005314,2.5362663,
1.0,5600,tlNBL,0.5736487,-0.23823546,0.5812932252883911,-0.3685486912727356,0.025601698,0.016864665,0.0036281166,-0.0029329658,0.003335724647648,-0.003271245847157,-0.006920344,-0.003047881,0.0027169497,0.0019161438,-0.980189,True,False,-0.913782716,0.7811685080000003,True,False,,low_dispersed,0.007561795,0.0033246689,0.43966663,
1.0,5602,tlNBL,0.6122809,-0.20921169,0.589851975440979,-0.3706210255622864,0.01587066,0.025480337,-0.0029910207,0.0035197937,-0.0026444271255497,0.0037951957311656,-0.00688873,-0.0031501392,-0.0021424508,-0.0025732468,0.9014884,True,False,-0.913782716,0.7811685080000003,False,True,H1,high_hotspot,0.007574825,0.0033483868,0.4420415,N1_sfrpEGC_VLMC
1.0,5603,VLMC,0.068346485,-0.22061808,0.0556988194584846,-0.305801510810852,-0.0379628,-0.022557525,-0.00376378,0.0020292974,-0.0035575214740266,0.0023834235342882,0.0013584339,-0.0015597125,0.0030687707,0.00011747403,0.62744737,True,False,-0.913782716,0.7811685080000003,False,False,,intermediate,0.0020683438,0.0030710183,1.4847716,
1.0,5604,scgnIN,0.64553034,-0.2177876,0.6410284042358398,-0.3801473975181579,0.03507469,0.018162107,0.0032942304,-0.0036453935,0.0029346492219266,-0.0039494433988312,-0.001309579,-0.0039512715,-0.0039510536,-0.0015543882,0.6402718,True,False,-0.913782716,0.7811685080000003,False,False,,intermediate,0.0041626366,0.0042458153,1.0199822,N1_sfrpEGC_VLMC
1.0,5611,VLMC,0.7428634,-0.24689822,0.7075170874595642,-0.3702442049980163,0.023514483,0.01306603,0.0034064923,-0.0031688323,0.0030922061827284,-0.0034851390882702,-0.0007674555,-0.0012558893,0.0037819117,0.0054079597,-0.99809474,True,False,-0.913782716,0.7811685080000003,True,False,,low_dispersed,0.0014718171,0.0065991576,4.4836802,
1.0,5612,sstIN,0.3610941,-0.22190382,0.3474647998809814,-0.323216438293457,-0.032622896,-0.022880174,-0.0033571552,0.0032222632,-0.0030379067019557,0.0035336754849659,0.0072731515,-0.003001827,-0.0032402722,-0.0032184375,-0.38697538,True,False,-0.913782716,0.7811685080000003,False,False,,intermediate,0.007868271,0.0045670234,0.5804354,
1.0,5614,scgnIN,0.62695396,-0.24354222,0.6031092405319214,-0.3816269636154175,-0.004174087,0.027411217,-0.0034871916,0.0032701627,-0.0031629445849334,0.0035938799587098,-0.007009525,-0.0031418637,0.0004267754,0.0037219026,-0.51031107,True,False,-0.913782716,0.7811685080000003,False,False,,intermediate,0.007681455,0.003746291,0.4877059,
1.0,5616,mpEX,0.39499837,-0.19855833,0.3806944489479065,-0.3110212981700897,-0.0016547057,-0.04727553,0.0032701844,-0.002867221,0.0029852193372101,-0.0031714224803481,0.009167037,-0.0030664655,-0.0017336608,-0.00084115844,-0.7147425,True,False,-0.913782716,0.7811685080000003,False,False,,intermediate,0.009666322,0.0019269477,0.19934653,
1.0,5620,sstIN,0.17025267,-0.20560305,0.1756435185670852,-0.3120127320289612,-0.03925774,-0.023451414,-0.002587366,0.00457896,-0.0021405894678701,0.0048123549084445,-0.008819588,-0.0010981791,0.0011591242,-0.0003949424,-0.89945906,True,False,-0.913782716,0.7811685080000003,False,False,,intermediate,0.008887696,0.0012245604,0.13778153,
1.0,5628,sfrpEGC,0.5347701,-0.27118978,0.5488643050193787,-0.3600673675537109,0.012771125,0.0041874303,0.002112045,-0.0038988069,0.0017319192276878,-0.0040888169921782,-0.0026999486,-0.0011789198,-0.00012460025,0.001897723,-0.33925906,True,False,-0.913782716,0.7811685080000003,False,False,,intermediate,0.0029461118,0.001901809,0.64553183,
1.0,5629,sfrpEGC,0.5709522,-0.26666975,0.5553565621376038,-0.3741698861122131,0.03440588,0.011763048,0.0035576215,-0.0029299469,0.003265741162662,-0.0032614838443203,-0.0020640187,-0.0017787016,-2.1289981e-05,0.00027835098,-0.5931356,True,False,-0.913782716,0.7811685080000003,False,False,,intermediate,0.0027246932,0.000279164,0.10245704,
1.0,5634,scgnIN,0.6814419,-0.23893121,0.6658357381820679,-0.3843548893928528,0.023077196,0.03796358,-0.0029370666,0.0035357478,-0.0025891150491982,0.0038059312172405,-0.0027771427,-0.0013447042,-2.7033744e-05,0.0006938375,-0.40043208,True,False,-0.913782716,0.7811685080000003,False,False,,intermediate,0.0030855713,0.00069436396,0.22503579,
1.0,5635,VLMC,0.5214397,-0.22203606,0.4878457188606262,-0.3490786552429199,0.029173665,-0.0203332,0.0017632679,-0.0042605535,0.0013495912258227,-0.0044160133897516,0.0018148557,-0.000675579,0.004073274,0.0015993342,0.7448386,True,False,-0.913782716,0.7811685080000003,False,False,,intermediate,0.0019365196,0.0043760063,2.2597272,N1_sfrpEGC_VLMC
1.0,5637,MSN,0.6502578,-0.23432447,0.6390445232391357,-0.3957948684692383,0.017816804,0.037129387,-0.0035103308,0.0030717312,-0.0032050182983,0.0033982909207958,-0.00056061934,-0.0009485836,-0.0016615362,-0.0012469856,0.92369014,True,False,-0.913782716,0.7811685080000003,False,True,H1,high_hotspot,0.0011018643,0.0020774205,1.8853687,N1_sfrpEGC_VLMC
1.0,5638,tlNBL,0.61158,-0.22386584,0.5878602266311646,-0.3836133182048797,0.028162895,0.00896989,0.0028459898,-0.0036970046,0.0024828789398939,-0.0039579551923393,-0.0058319634,-0.004488226,-0.00135588,-0.000593482,0.9705397,True,False,-0.913782716,0.7811685080000003,False,True,H1,high_hotspot,0.007359074,0.0014800783,0.20112291,N1_sfrpEGC_VLMC
1.0,5644,wntEGC,0.42650115,-0.23720151,0.4211936891078949,-0.327858954668045,-0.05817983,-0.12789442,0.0014424623,-0.0044396613,0.0010126412130333,-0.004563826473985,0.006103806,-0.0018535812,0.008424799,-0.0018984014,0.9973226,True,False,-0.913782716,0.7811685080000003,False,True,H3,high_hotspot,0.0063790446,0.008636039,1.3538138,N2_reaEGC_wntEGC
1.0,5646,VLMC,0.73908246,-0.25255433,0.6940357089042664,-0.3849005103111267,0.0020897407,0.013515032,-0.003973049,0.0026047823,-0.003711005293397,0.0029771385362943,-0.0016191968,-0.0010429602,0.0027246543,0.003862575,-0.92708945,True,False,-0.913782716,0.7811685080000003,True,False,,low_dispersed,0.0019260229,0.004726862,2.4542086,
1.0,5648,dpEX,0.32528433,-0.18191442,0.3329407870769501,-0.3160467147827148,-0.038964394,-0.020022564,-0.0035339426,0.0036263752,-0.0031754268826387,0.0039534468616107,-0.0019240038,0.0014891535,0.0021373217,-0.0051339385,-0.8689942,True,False,-0.913782716,0.7811685080000003,False,False,,intermediate,0.0024329752,0.0055610673,2.2857065,
1.0,5654,tlNBL,0.5974008,-0.2516469,0.5804278254508972,-0.3825647830963135,0.026204392,0.0062775793,0.0035878818,-0.0028967154,0.0032990891990408,-0.0032312558351052,-0.008311275,-0.0012722318,0.0016298249,0.0016445812,-0.80328214,True,False,-0.913782716,0.7811685080000003,False,False,,intermediate,0.008408084,0.0023153783,0.27537528,
1.0,5655,mpEX,0.4078318,-0.2196874,0.383472740650177,-0.335355132818222,-0.022301003,-0.047281574,0.001933419,-0.004210001,0.0015240479203456,-0.0043819188125808,0.0062800082,-0.0048529757,-0.0056013856,0.0029108792,-0.98408425,True,False,-0.913782716,0.7811685080000003,True,False,L2,low_hotspot,0.0079366155,0.0063125854,0.795375,
1.0,5656,mpEX,0.26949036,-0.17576036,0.2428661286830902,-0.297341376543045,-0.0075887735,-0.036812637,0.0026867888,-0.003173435,0.0023743323745431,-0.0034207877868281,-0.0032551512,0.00040162518,0.0035175087,-0.002821974,-0.8507637,True,False,-0.913782716,0.7811685080000003,False,False,,intermediate,0.0032798343,0.0045095906,1.3749447,
1.0,5657,mpIN,0.2369261,-0.17574656,0.2463027685880661,-0.2831024527549743,0.0061425334,-0.0099849105,0.0037142073,-0.0027876028,0.0034354679551283,-0.0031345880692772,-0.0048161703,-0.00010986269,0.0013357415,-0.001128242,-0.7490359,True,False,-0.913782716,0.7811685080000003,False,False,,intermediate,0.004817423,0.0017484666,0.36294648,
1.0,5660,sfrpEGC,0.55754226,-0.27750838,0.5557748079299927,-0.3750072419643402,0.03231408,0.011973515,0.0030727542,-0.003249853,0.0027517601671317,-0.0035339357149062,0.0012496194,-0.00017811108,0.00051381194,-0.0010666735,0.5567563,True,False,-0.913782716,0.7811685080000003,False,False,,intermediate,0.0012622488,0.0011839743,0.93798804,
1.0,5662,wntEGC,0.4356562,-0.24410887,0.4252917468547821,-0.331240177154541,-0.014798934,-0.036380716,0.0013797933,-0.0043104403,0.0009625478208835,-0.0044290101470508,0.003960746,-0.001874682,0.00031493133,-0.00022221942,0.98517424,True,False,-0.913782716,0.7811685080000003,False,True,H3,high_hotspot,0.004382002,0.00038543897,0.08795956,N2_reaEGC_wntEGC
1.0,5664,MCG,0.69262475,-0.22843575,0.6704131960868835,-0.3826265335083008,-0.014116192,0.020140052,-0.002632022,0.0036411455,-0.0022749367998952,0.0038817765765298,-0.002385752,-0.0001979627,0.0011031517,0.00063287705,-0.90557265,True,False,-0.913782716,0.7811685080000003,False,False,,intermediate,0.0023939512,0.0012718007,0.5312559,
1.0,5665,mpEX,0.31098986,-0.18161714,0.308594286441803,-0.2947763800621032,-0.0062412233,-0.009369016,0.0036811063,-0.00326782,0.0033564718436521,-0.0036101194777374,-0.0016170287,0.0006124688,0.003148234,-0.0061834157,-0.73995185,True,False,-0.913782716,0.7811685080000003,False,False,,intermediate,0.0017291327,0.0069387327,4.01284,
1.0,5667,mpEX,0.15542369,-0.20993328,0.1683700531721115,-0.2981460690498352,-0.020993479,-0.012275034,-0.0026926463,0.004037697,-0.0022973847617205,0.0042828839769894,-0.008621886,-0.0018343433,0.0012841482,0.0030593066,-0.57044315,True,False,-0.913782716,0.7811685080000003,False,False,,intermediate,0.008814859,0.00331789,0.3763974,
1.0,5672,VLMC,0.53295493,-0.23481047,0.5173783302307129,-0.3738047480583191,0.065596335,0.017200682,0.0014171436,-0.0044434215,0.0009870422014746,-0.0045651495750172,0.0059530265,0.0011300761,0.009098722,0.0032645748,0.9877183,True,False,-0.913782716,0.7811685080000003,False,True,H1,high_hotspot,0.0060593397,0.009666653,1.5953312,N1_sfrpEGC_VLMC
1.0,5678,tlNBL,0.6311764,-0.26391432,0.6179788112640381,-0.3872753381729126,0.026407467,0.026236221,0.0029358496,-0.0037910116,0.0025634504362412,-0.0040602731856633,-0.003225546,0.00019295824,-0.0024574227,0.0051057134,0.48672214,True,False,-0.913782716,0.7811685080000003,False,False,,intermediate,0.0032313124,0.005666325,1.7535677,
1.0,5681,cckIN,0.6635679,-0.23464055,0.6555538773536682,-0.3927645683288574,0.0031711704,0.0074450867,-0.0029217927,0.0036754867,-0.0025605038780119,0.0039437661813244,-0.0026853709,-0.0017689734,-0.0032472815,0.0011046093,0.61344266,True,False,-0.913782716,0.7811685080000003,False,False,,intermediate,0.0032156622,0.0034300145,1.0666589,N1_sfrpEGC_VLMC
1.0,5683,tlNBL,0.5878348,-0.24771535,0.5999547243118286,-0.3740697503089905,0.03276408,0.021012502,0.0036738082,-0.0029547755,0.0033791829835864,-0.0032973635016006,-0.008214471,-0.0036914982,0.0021616174,0.0010081637,-0.9999012,True,False,-0.913782716,0.7811685080000003,True,False,,low_dispersed,0.009005815,0.002385159,0.26484656,
1.0,5686,mpEX,0.30413646,-0.17510083,0.2794962227344513,-0.316113144159317,-0.02426736,-0.020325283,-0.0039264457,0.0029217468,-0.0036341872625957,0.0032886389205821,-0.0037599232,0.0015471921,0.0031215497,-0.0039694514,-0.87076986,True,False,-0.913782716,0.7811685080000003,False,False,,intermediate,0.0040658116,0.0050498135,1.2420186,
1.0,5689,VLMC,0.687027,-0.24567714,0.6445622444152832,-0.3930839896202087,0.022133555,0.028966777,-0.0032066444,0.0035074814,-0.0028605499980286,0.0038035766215555,-0.0030008887,0.0006969924,-0.0020629966,0.003029285,0.73528546,True,False,-0.913782716,0.7811685080000003,False,False,,intermediate,0.003080768,0.0036650407,1.1896516,N1_sfrpEGC_VLMC
1.0,5692,tlNBL,0.6028962,-0.24843597,0.5899666547775269,-0.3838763833045959,-0.022254512,0.020269776,-0.0038101953,0.002789695,-0.0035309526370011,0.0031458682627891,-0.008247383,-0.0011894132,-0.00082037324,0.0012703727,0.41702434,True,False,-0.913782716,0.7811685080000003,False,False,,intermediate,0.008332708,0.0015122364,0.18148199,
1.0,5696,MSN,0.6347475,-0.26417384,0.6329262256622314,-0.3981663584709167,0.01930946,0.014865116,0.002845815,-0.003801387,0.0024727059600004,-0.0040619915283478,-0.0057937596,-0.0026919933,-0.0025583978,0.0046753595,0.06569148,True,False,-0.913782716,0.7811685080000003,False,False,,intermediate,0.006388621,0.0053295763,0.8342295,
1.0,5697,VLMC,0.5374555,-0.23246087,0.5137425661087036,-0.3880299925804138,-0.014207859,-0.0038606338,-0.0017353115,0.0043544234,-0.0013127312931618,0.0045069091877962,0.0037918978,-0.00077862496,-0.0016807897,0.0003445819,-1.0,True,False,-0.913782716,0.7811685080000003,True,False,,low_dispersed,0.0038710134,0.0017157479,0.44322965,
1.0,5698,mpEX,0.42533335,-0.20369011,0.4043956995010376,-0.3327969908714294,-0.016984787,-0.039671827,0.0015453893,-0.0046951803,0.0010907675752983,-0.0048283986575968,0.0072323475,-0.004319681,-0.0037382264,0.0027320778,-0.9957047,True,False,-0.913782716,0.7811685080000003,True,False,L2,low_hotspot,0.008424161,0.004630182,0.54963124,
1.0,5702,sfrpEGC,0.55933386,-0.26265126,0.5627977848052979,-0.3816366195678711,0.019857451,-0.004867655,0.0031295784,-0.0033621083,0.0027976522581519,-0.0036512800232119,-0.0057372903,-0.0016748428,0.0023111445,0.0013229813,-0.9723101,True,False,-0.913782716,0.7811685080000003,True,False,,low_dispersed,0.0059767547,0.0026630186,0.44556266,
1.0,5703,mpEX,-0.06357877,-0.19500777,-0.0784784108400344,-0.2841594815254211,-0.024932222,-0.026546493,0.003424166,-0.0033196579,0.0030953767140775,-0.0036371817891774,0.011560659,-0.0017629153,-0.008424405,-0.00020875748,-0.9845341,True,False,-0.913782716,0.7811685080000003,True,False,,low_dispersed,0.011694302,0.008426991,0.7206066,
1.0,5707,wntEGC,0.434419,-0.23409556,0.413661390542984,-0.3313939869403839,0.041641615,0.023750536,0.0015377257,-0.0043404866,0.0011171038566355,-0.0044740898543046,0.0067623737,-0.0023401256,0.008481127,-0.0008167668,0.97201276,True,False,-0.913782716,0.7811685080000003,False,True,H3,high_hotspot,0.0071558286,0.008520366,1.1906888,N2_reaEGC_wntEGC
1.0,5710,MCG,0.7438941,-0.26135588,0.7044130563735962,-0.3976033329963684,0.013644168,0.016521044,-0.0039696908,0.002959166,-0.0036737115224892,0.0033300824051981,0.0002658141,0.0008391866,0.0013771325,0.0032125816,0.9951803,True,False,-0.913782716,0.7811685080000003,False,True,,high_dispersed,0.0008802791,0.0034953074,3.970681,
1.0,5711,MCG,0.68465865,-0.24845675,0.6599324941635132,-0.4061642289161682,0.010957453,0.036090385,-0.0031948397,0.003503232,-0.00284918953897,0.003798209872171,-0.0032287834,0.0003080437,-7.44673e-05,0.0023722395,0.12616134,True,False,-0.913782716,0.7811685080000003,False,False,,intermediate,0.0032434447,0.002373408,0.7317554,
1.0,5712,mpEX,0.35778892,-0.22235411,0.3354170620441437,-0.3320129513740539,-0.011448358,-0.037785545,0.0033445978,-0.0032362184,0.003024052081189,-0.0035463837600869,0.0066845682,-0.0029513945,0.0021236024,-0.0032622532,0.83757746,True,False,-0.913782716,0.7811685080000003,False,True,,high_dispersed,0.0073071322,0.003892555,0.53270626,
1.0,5715,VLMC,0.5385711,-0.2642448,0.5119054317474365,-0.3662720918655395,-0.021114556,-0.09715793,0.002037904,-0.0040597594,0.0016425947050831,-0.0042421598859302,0.00677204,0.004158647,0.011391439,0.006104148,0.99827194,True,False,-0.913782716,0.7811685080000003,False,True,H1,high_hotspot,0.0079470035,0.012923834,1.6262524,N1_sfrpEGC_VLMC
1.0,5718,tlNBL,0.59204656,-0.2569902,0.5780096650123596,-0.3804033696651459,0.015023174,0.012818564,0.00338995,-0.0030290862,0.00308910211512,-0.0033442492800139,-0.0086775785,-0.0035062432,0.00057358143,0.0012983392,-0.7173543,True,False,-0.913782716,0.7811685080000003,False,False,,intermediate,0.009359173,0.0014193944,0.1516581,
1.0,5719,scgnIN,0.7063459,-0.2490804,0.6922186613082886,-0.3871355652809143,0.031199593,0.007906977,0.003215858,-0.0039285463,0.0028294011588628,-0.004224195667718,-0.003380454,-0.0016085086,0.00018285637,0.003525369,-0.4758626,True,False,-0.913782716,0.7811685080000003,False,False,,intermediate,0.0037436306,0.0035301081,0.9429638,
1.0,5720,mpEX,0.38809693,-0.2132408,0.3634776473045349,-0.3375369310379028,-0.0139826,-0.031436827,0.002937872,-0.0030169645,0.0026396115459932,-0.0032888618428367,0.007820066,-0.003588505,-0.002097964,-0.0006924613,-0.7323549,True,False,-0.913782716,0.7811685080000003,False,False,,intermediate,0.008604116,0.0022092885,0.25677112,
1.0,5721,MCG,-0.0019706264,-0.2148132,-0.0027771443128585,-0.2942946255207062,-0.0047640554,0.0035432656,-0.0043078074,0.0019502152,-0.0041074077450762,0.0023567026124554,0.008483719,-0.0009597714,-0.006216632,-0.0010921392,-0.9592226,True,False,-0.913782716,0.7811685080000003,True,False,,low_dispersed,0.008537836,0.0063118367,0.73927826,
1.0,5723,mpIN,0.14452924,-0.21753435,0.1406097561120987,-0.3151292502880096,-0.00047284702,0.022006612,-0.0034621987,0.0034293486,-0.0031227822251298,0.003750169539198,-0.0036241377,0.0012602593,0.0059170458,0.00068713236,-0.90032953,True,False,-0.913782716,0.7811685080000003,False,False,,intermediate,0.0038370076,0.00595681,1.5524625,
1.0,5725,mpEX,0.30978134,-0.20394108,0.2838767766952514,-0.3141795098781585,-0.0334894,-0.028403947,-0.0029592249,0.0039698337,-0.0025696227836787,0.0042407701942281,-0.0015527325,0.00037171255,0.003205423,-0.005878569,-0.6699765,True,False,-0.913782716,0.7811685080000003,False,False,,intermediate,0.0015966053,0.0066956934,4.193706,
1.0,5735,MSN,0.6595887,-0.23664755,0.6188806295394897,-0.3899165391921997,0.041558195,0.023034196,0.00318851,-0.0033597094,0.0028566276500311,-0.0036545337239889,-0.0041361693,-0.0027197332,-0.0025079835,-0.0013649078,0.99653554,True,False,-0.913782716,0.7811685080000003,False,True,H1,high_hotspot,0.004950237,0.002855338,0.57680833,N1_sfrpEGC_VLMC
1.0,5737,mpEX,0.391285,-0.21598317,0.3698189556598663,-0.3337761163711548,-0.012355769,-0.036516357,0.003173788,-0.0030510174,0.0028715214816036,-0.0033454054339418,0.00829805,-0.0048937174,-0.0038643463,0.0010788271,-0.96623546,True,False,-0.913782716,0.7811685080000003,True,False,L2,low_hotspot,0.009633591,0.004012112,0.41647106,
1.0,5739,tlNBL,0.6171971,-0.25137886,0.6046119332313538,-0.3964572250843048,0.028093573,0.012963274,0.003874311,-0.0030632303,0.0035686644541098,-0.0034246821234881,-0.0048891567,-0.0041967067,-0.0008977037,0.00031612173,0.49937624,True,False,-0.913782716,0.7811685080000003,False,False,,intermediate,0.0064433063,0.0009517378,0.14770953,
1.0,5742,tlNBL,0.636943,-0.29119462,0.594477653503418,-0.3872004151344299,-6.450713e-05,-0.009397042,0.0026873327,-0.0036193358,0.002332162210329,-0.0038653338310912,-0.00062891195,-0.0034861565,-0.0025558544,0.004262503,-0.7527161,True,False,-0.913782716,0.7811685080000003,False,False,,intermediate,0.003542431,0.0049700425,1.4030033,
1.0,5744,sfrpEGC,0.55301124,-0.27620852,0.5583255887031555,-0.3927894234657287,0.01463566,0.029284026,-0.0030734,0.0035585405,-0.002722834926227,0.0038417112473246,0.0036995367,-0.0024137686,0.00017603628,-0.0002826357,0.90659326,True,False,-0.913782716,0.7811685080000003,False,True,H1,high_hotspot,0.004417335,0.00033297404,0.07537894,N1_sfrpEGC_VLMC
1.0,5745,wntEGC,0.42928618,-0.25566393,0.4248916804790497,-0.3412490785121918,-0.011150778,-0.06534028,0.0014007773,-0.004516093,0.0009637663416763,-0.0046360241535265,0.0049641677,-0.0017594341,0.00362452,0.00033904333,0.90734005,True,False,-0.913782716,0.7811685080000003,False,True,H3,high_hotspot,0.005266742,0.0036403427,0.6911945,N2_reaEGC_wntEGC
1.0,5749,scgnIN,0.704355,-0.27286363,0.694839358329773,-0.4082924723625183,0.016577762,0.032740384,-0.0037224328,0.0029369788,-0.0034293588832384,0.0032842807007694,-0.0052346364,-0.000995871,-0.00081521424,0.0040842774,0.009009209,True,False,-0.913782716,0.7811685080000003,False,False,,intermediate,0.005328525,0.0041648406,0.7816123,
1.0,5750,scgnIN,0.6866269,-0.23798117,0.6676172614097595,-0.4049798250198364,0.02612001,0.03837311,-0.0029287676,0.0037989314,-0.0025556321469221,0.0040674895560941,-0.0011105576,-0.0011128301,3.5206513e-06,0.0019447249,-0.7091068,True,False,-0.913782716,0.7811685080000003,False,False,,intermediate,0.0015721733,0.0019447281,1.236968,
1.0,5751,MSN,0.644192,-0.2561875,0.6207602620124817,-0.3921598196029663,0.035669133,0.017764522,0.0027525576,-0.003636806,0.0023955079231258,-0.0038889967546348,-0.0053585316,-0.00057459716,-0.0039370693,0.003370998,0.6859293,True,False,-0.913782716,0.7811685080000003,False,False,,intermediate,0.005389251,0.005183063,0.9617409,N1_sfrpEGC_VLMC
1.0,5752,mpEX,0.41805235,-0.23317555,0.4035841822624206,-0.3341724276542663,0.0014284545,-0.056898903,0.001738485,-0.0046482775,0.001287746795297,-0.0048001402499019,0.007791572,-0.0035490112,-0.0057651014,0.0032932577,-0.9958085,True,False,-0.913782716,0.7811685080000003,True,False,L2,low_hotspot,0.00856178,0.006639423,0.7754723,
1.0,5754,mpEX,0.35613394,-0.227804,0.3331106305122375,-0.3438599407672882,-0.04434592,-0.014264741,-0.0033732823,0.0031280436,-0.0030630080272598,0.0034412979508094,0.0056124544,-0.0030130693,0.00091864937,-0.0030927984,0.7042903,True,False,-0.913782716,0.7811685080000003,False,False,,intermediate,0.0063701044,0.0032263475,0.50648266,
1.0,5766,tlNBL,0.5785041,-0.28214777,0.5550514459609985,-0.4086363315582275,0.018365037,0.02500221,-0.0028239586,0.0037053144,-0.0024601213324247,0.003964128363494,-0.0066703404,-0.0042225197,-0.00078437506,0.0010935449,0.05784317,True,False,-0.913782716,0.7811685080000003,False,False,,intermediate,0.007894499,0.0013457654,0.17046875,
1.0,5767,sfrpEGC,0.544426,-0.29255283,0.5449746251106262,-0.3830160498619079,0.051492926,0.045197822,0.0027788002,-0.004281635,0.0023599002528629,-0.0045343050225491,0.0025978326,0.00034978997,0.005809573,0.0052147354,0.8266593,True,False,-0.913782716,0.7811685080000003,False,True,H1,high_hotspot,0.0026212758,0.0078067025,2.978207,N1_sfrpEGC_VLMC
1.0,5771,obNBL,0.7537831,-0.27877718,0.7056275010108948,-0.4148697853088379,0.051141363,0.011004442,0.003001932,-0.0035769453,0.0026498295930947,-0.0038532121535313,0.00058570865,-0.0023757357,0.0058430345,-0.0012097014,0.43123972,True,False,-0.913782716,0.7811685080000003,False,False,,intermediate,0.0024468703,0.0059669446,2.4386027,
1.0,5772,tlNBL,0.62899566,-0.251809,0.6160086989402771,-0.3940421342849731,-0.0044723256,0.019295894,-0.0035492254,0.003298071,-0.0032221093412722,0.0036276423025668,-0.004418194,2.230582e-05,-0.0033446024,0.0019145772,0.8703626,True,False,-0.913782716,0.7811685080000003,False,True,H1,high_hotspot,0.00441825,0.0038538256,0.8722516,N1_sfrpEGC_VLMC
1.0,5773,wntEGC,0.44069114,-0.2433272,0.4134528040885925,-0.350548505783081,0.04549762,0.007714564,0.0012025607,-0.004063199,0.0008095574119286,-0.0041655717942907,0.006531118,-0.0045233388,-0.0062134964,0.0032372966,-0.9921458,True,False,-0.913782716,0.7811685080000003,True,False,L2,low_hotspot,0.007944563,0.0070062564,0.8818932,
1.0,5774,mpEX,0.28362882,-0.20443167,0.2736702561378479,-0.3286871314048767,-0.023641087,-0.026320461,0.0027548764,-0.0034994057,0.0024109807966517,-0.0037522520028175,-0.002379787,-0.00046225666,0.005660144,-0.005500786,-0.5710806,True,False,-0.913782716,0.7811685080000003,False,False,,intermediate,0.0024242662,0.0078927735,3.255737,
1.0,5779,mpEX,0.30874485,-0.18165572,0.28481325507164,-0.3083549737930298,0.0073249256,-0.040308125,0.003523753,-0.0034332161,0.0031837719274593,-0.0037599211127368,-0.0027281207,0.002535733,0.0028347715,-0.0056168777,-0.9378063,True,False,-0.913782716,0.7811685080000003,True,False,,low_dispersed,0.0037245918,0.006291681,1.689227,
1.0,5780,dpEX,0.17495349,-0.20737521,0.1717408001422882,-0.3078832924365997,-0.034163468,-0.033307187,-0.0024046316,0.0045884745,-0.0019575202666751,0.0048043353612272,-0.008741664,-0.0016222103,0.0011137159,-0.0007666875,-0.7064075,True,False,-0.913782716,0.7811685080000003,False,False,,intermediate,0.008890908,0.0013520995,0.15207665,
1.0,5784,mpIN,0.21972685,-0.2217559,0.2159297317266464,-0.3046615719795227,-0.018232364,-0.007383719,-0.0029435246,0.0034527841,-0.0026034996917293,0.003723847954234,-0.006352896,9.955386e-05,0.002648005,-0.0032633971,-0.64217985,True,False,-0.913782716,0.7811685080000003,False,False,,intermediate,0.006353676,0.0042025815,0.66144097,
1.0,5785,tlNBL,0.66285425,-0.27127752,0.6472820043563843,-0.3996431827545166,0.0045810128,0.0039750095,0.0032182494,-0.0034802407,0.0028747277219077,-0.0037775334717579,-0.002944814,-0.0020008462,-0.004904954,0.004001813,0.2856202,True,False,-0.913782716,0.7811685080000003,False,False,,intermediate,0.0035602408,0.006330331,1.7780626,
1.0,5787,VLMC,0.500731,-0.27746752,0.4838273525238037,-0.3871550559997558,-0.027050631,-0.024378495,-0.003600476,0.0026591767,-0.0033343973132238,0.0029956729257833,0.00015167792,0.0017619606,0.0028896458,-0.003887865,-0.7484739,True,False,-0.913782716,0.7811685080000003,False,False,,intermediate,0.0017684771,0.004844125,2.7391505,
1.0,5788,MCG,0.07728921,-0.24221021,0.0839648023247718,-0.2890980541706085,0.005164415,-0.013946292,0.003738112,-0.002598487,0.0034774124514186,-0.0029483587587893,-0.0003035799,0.00078101334,0.00082729704,-0.0008864477,-0.92860186,True,False,-0.913782716,0.7811685080000003,True,False,,low_dispersed,0.0008379395,0.0012125222,1.4470283,
1.0,5790,mpEX,0.22464393,-0.2327138,0.2125742137432098,-0.3274874687194824,-0.0020750486,-0.0036356063,0.0025415372,-0.0040739034,0.0021432841260642,-0.0043045017280484,-0.0031125555,-0.00050173665,0.0031082788,-0.0033176064,-0.5588606,True,False,-0.913782716,0.7811685080000003,False,False,,intermediate,0.0031527355,0.0045461976,1.4419851,
1.0,5791,VLMC,-0.0005932376,-0.22944187,-0.0027086548507213,-0.3345047831535339,-0.010869971,-0.0009520687,-0.004807773,0.0018213805,-0.0046181369649129,0.0022761654906855,0.009228524,-0.0018120919,-0.007481924,-0.0029514898,-0.8420995,True,False,-0.913782716,0.7811685080000003,False,False,,intermediate,0.009404751,0.008043039,0.8552102,
1.0,5794,tlNBL,0.6023019,-0.26437733,0.5986615419387817,-0.3998895287513733,0.022931574,0.016058395,0.00341437,-0.0034382497,0.0030742517227295,-0.0037544611072204,-0.0065540955,-0.0061175018,-0.00014489876,0.0016190562,-0.6144584,True,False,-0.913782716,0.7811685080000003,False,False,,intermediate,0.0089654885,0.0016255273,0.18130939,
1.0,5795,wntEGC,0.43989933,-0.26287842,0.4357717633247375,-0.3405853509902954,-0.09237924,0.007474147,-0.001371588,0.0038146472,-0.0010018598805587,0.0039339952829266,0.004536747,-0.0024157166,0.0018088128,-7.858719e-05,0.90223515,True,False,-0.913782716,0.7811685080000003,False,True,H3,high_hotspot,0.005139821,0.0018105193,0.35225335,N2_reaEGC_wntEGC
1.0,5806,mpEX,-0.06739734,-0.21279453,-0.0740782916545867,-0.2962302565574646,-0.044561923,-0.022715263,-0.0031092505,0.0030738038,-0.0028050047759976,0.0033619379930444,0.00749664,-0.00081148604,-0.010465088,-0.0027208491,-0.9351237,True,False,-0.913782716,0.7811685080000003,True,False,,low_dispersed,0.0075404327,0.010813005,1.4340032,
1.0,5809,MSN,0.6540644,-0.26032197,0.6422725915908813,-0.4019121527671814,-0.0050450577,0.018106751,-0.0027211187,0.0033112478,-0.0023953530875702,0.0035614541203042,-0.002802726,-0.0015566817,-0.0046015033,0.0046945307,0.26518777,True,False,-0.913782716,0.7811685080000003,False,False,,intermediate,0.0032060149,0.006573618,2.0504017,
1.0,5810,mpIN,0.19396603,-0.2266576,0.1790334731340408,-0.3292405605316162,-0.009550236,0.0046408297,-0.002912494,0.0043014446,-0.0024912745973712,0.004566858593092,-0.007263716,-0.00013152484,0.002902531,-0.001472163,-0.88350856,True,False,-0.913782716,0.7811685080000003,False,False,,intermediate,0.0072649065,0.0032545277,0.4479793,
1.0,5812,tlNBL,0.5884037,-0.2678161,0.5709922313690186,-0.4053264558315277,0.037786126,0.01081749,0.0034235448,-0.0032507959,0.0031013536963229,-0.0035684775474167,-0.006477422,-0.0042601256,0.00068479014,0.0019968199,-0.79081106,True,False,-0.913782716,0.7811685080000003,False,False,,intermediate,0.0077527845,0.0021109777,0.2722864,
1.0,5817,VLMC,0.53689015,-0.26917621,0.5110036730766296,-0.3934316635131836,-0.02182093,-0.012651,-0.0022280356,0.0039186096,-0.0018456470474581,0.00411966784456,0.00547677,0.0030861353,-0.00228199,-0.0030070585,-0.9177208,True,False,-0.913782716,0.7811685080000003,True,False,,low_dispersed,0.006286433,0.0037749012,0.6004838,
1.0,5818,wntEGC,0.42246848,-0.24432005,0.4121493697166443,-0.345044195652008,-0.04881433,-0.12517303,0.0018080184,-0.004517838,0.0013695555691687,-0.0046767726664417,0.007886481,-0.00416751,0.010349775,-0.004569446,0.99752486,True,False,-0.913782716,0.7811685080000003,False,True,H3,high_hotspot,0.008919906,0.011313605,1.2683548,N2_reaEGC_wntEGC
1.0,5819,VLMC,0.02577442,-0.22951764,0.0048276223242282,-0.3286260068416595,-0.012307536,0.0052719754,-0.0045533692,0.0015429244,-0.0043912087805343,0.0019742189105793,0.006668747,-0.0008745598,-0.002828809,-0.0035425532,-0.517084,True,False,-0.913782716,0.7811685080000003,False,False,,intermediate,0.0067258487,0.004533414,0.6740285,
1.0,5826,scgnIN,0.71443284,-0.2657854,0.684398889541626,-0.4088789224624634,0.030927334,0.023837037,0.0036484683,-0.0030161398,0.0033480450116079,-0.0033561070015838,-0.0017833706,-0.0010657822,0.0017758193,0.0027405308,-0.897305,True,False,-0.913782716,0.7811685080000003,False,False,,intermediate,0.0020775713,0.0032655848,1.571828,
1.0,5832,mpEX,0.27806407,-0.23106095,0.2365085482597351,-0.343088150024414,0.008739268,0.006887408,0.002698348,-0.0038021198,0.0023256340040311,-0.0040485962312605,-0.001970686,-0.0019913223,0.0034407773,-0.0036838825,0.039306782,True,False,-0.913782716,0.7811685080000003,False,False,,intermediate,0.0028016008,0.005040827,1.7992667,
1.0,5834,tlNBL,0.6161119,-0.26832128,0.6074718236923218,-0.3919419050216675,0.03355792,0.020381965,0.0033968384,-0.0033010948,0.003069913505401,-0.0036160595548963,-0.009316753,-0.0046937196,-0.00017942463,0.004342356,-0.41266844,True,False,-0.913782716,0.7811685080000003,False,False,,intermediate,0.0104323,0.0043460615,0.41659668,
1.0,5837,tlNBL,0.6247448,-0.28047317,0.5997873544692993,-0.4042432308197021,0.011543054,0.022181135,-0.0027265183,0.0036835205,-0.0023650760358943,0.0039330695397938,-0.0033783256,-0.004421288,0.00027080337,0.0025937743,-0.85333955,True,False,-0.913782716,0.7811685080000003,False,False,,intermediate,0.0055642496,0.0026078727,0.46868363,
1.0,5839,mpEX,0.31230888,-0.23516521,0.2964968681335449,-0.3325021266937256,-0.018376596,-0.023682917,0.0028040018,-0.004099086,0.0024025085020491,-0.0043547459755129,0.0007111691,-0.0028769528,0.002992172,-0.004970706,0.95547724,True,False,-0.913782716,0.7811685080000003,False,True,,high_dispersed,0.0029635485,0.005801811,1.9577242,
1.0,5841,mpEX,0.11101103,-0.21927729,0.0861698314547538,-0.3240277469158172,-0.017377209,-0.009219805,-0.00327694,0.003133231,-0.002966472782303,0.0034372405289826,-0.0064359363,-0.004420218,0.0125041595,0.00032520192,-0.8387504,True,False,-0.913782716,0.7811685080000003,False,False,,intermediate,0.007807663,0.012508388,1.6020654,
1.0,5842,cckIN,0.0835883,-0.22423407,0.0892068743705749,-0.3245611786842346,-0.009391979,0.0069707213,-0.0037960508,0.002510796,-0.0035435682271978,0.0028664942983563,-0.0021618595,-0.0025598484,0.0040955287,-0.00039136727,-0.569615,True,False,-0.913782716,0.7811685080000003,False,False,,intermediate,0.003350591,0.004114186,1.2278986,
1.0,5845,mpEX,0.3509894,-0.23200089,0.3193541169166565,-0.3391196429729461,0.007009434,-0.038419914,0.0031220084,-0.0030212689,0.0028227547486827,-0.003310790831073,0.008087023,-0.0033217142,0.0017446257,-0.0020504103,0.88880587,True,False,-0.913782716,0.7811685080000003,False,True,,high_dispersed,0.008742639,0.0026921926,0.30793822,
1.0,5850,reaEGC,-0.009978883,-0.21959934,-0.003121729940176,-0.3192859888076782,-0.014200734,-0.0289854,0.0044269883,-0.0019561325,0.0042256458162483,-0.0023740174246137,0.0044566067,0.00052889134,-0.00806643,-0.0023496507,-0.98636556,True,False,-0.913782716,0.7811685080000003,True,False,,low_dispersed,0.0044878805,0.008401675,1.8720808,
1.0,5852,mpIN,0.15857656,-0.23385997,0.1728857457637787,-0.29866623878479,-0.022525446,-0.008031546,-0.002496554,0.004531347,-0.0020546248938464,0.0047561934180479,-0.01063788,-0.0019841243,0.0020987594,-0.00035701046,-0.93837816,True,False,-0.913782716,0.7811685080000003,True,False,,low_dispersed,0.010821333,0.0021289077,0.19673248,
1.0,5853,MSN,0.6608478,-0.2728911,0.6273118257522583,-0.4285899698734283,0.039017368,0.03467001,0.0033720986,-0.0033044824,0.0030449271688597,-0.0036170667464343,-0.004290674,-0.0011620718,-0.0032147337,0.004542141,0.34423304,True,False,-0.913782716,0.7811685080000003,False,False,,intermediate,0.0044452553,0.0055646705,1.2518225,
1.0,5854,wntEGC,0.42192322,-0.24672565,0.4031526446342468,-0.3412981629371643,0.0072798217,-0.071711384,0.001725513,-0.004506695,0.001288377821713,-0.0046577619100619,0.006106186,-0.0032433518,-0.0028234788,0.00060628046,-0.96194947,True,False,-0.913782716,0.7811685080000003,True,False,L2,low_hotspot,0.006914105,0.002887838,0.41767347,
1.0,5855,VLMC,-0.01550094,-0.23090145,0.0059641860425472,-0.2954502999782562,-0.006775659,-0.0043934193,-0.00433006,0.0018452011,-0.0041396492790805,0.0022541513984443,0.010276343,-0.0012433687,-0.01022037,-0.003747626,-0.8907215,True,False,-0.913782716,0.7811685080000003,False,False,,intermediate,0.010351289,0.010885801,1.0516373,
1.0,5857,sfrpEGC,0.5610286,-0.29665133,0.5629059076309204,-0.3981906771659851,0.017992295,-0.039360687,0.0028620323,-0.0039055261,0.0024788967791662,-0.0041673555156318,-0.0023203464,-0.004377243,-0.010468052,-0.0015988059,0.5963866,True,False,-0.913782716,0.7811685080000003,False,False,,intermediate,0.004954217,0.010589442,2.1374602,
1.0,5863,MCG,0.6283706,-0.26356167,0.6417064666748047,-0.4171235561370849,0.03386272,0.016354822,0.0029737235,-0.0037844116,0.0026018370218648,-0.0040573218536379,-0.00734634,-0.0043464326,-0.0021633634,0.004902927,-0.11843103,True,False,-0.913782716,0.7811685080000003,False,False,,intermediate,0.008535818,0.005358996,0.6278245,
1.0,5865,mpEX,0.37617362,-0.22859694,0.3540211319923401,-0.3532792329788208,-0.00853969,-0.03960996,0.0027093203,-0.0030961893,0.002404192063329,-0.0033459439989429,0.007637201,-0.0035756885,-0.0011218437,-0.0017646392,-0.12804915,True,False,-0.913782716,0.7811685080000003,False,False,,intermediate,0.008432816,0.0020910488,0.24796566,
1.0,5866,mpEX,-0.0652823,-0.22100021,-0.078458085656166,-0.3186279833316803,-0.022636333,-0.026758993,0.0033492239,-0.002704239,0.0030796213187635,-0.0030165258613417,0.012314785,8.982391e-06,-0.007565928,-0.0028181626,-0.93735725,True,False,-0.913782716,0.7811685080000003,True,False,,low_dispersed,0.012314789,0.0080737425,0.65561354,
1.0,5870,scgnIN,0.6925187,-0.25567773,0.6793189644813538,-0.4083617329597473,0.015854098,0.026208462,-0.00363906,0.0036005643,-0.0032826850936766,0.003937786470802,-0.003896451,0.0001372939,-0.0003512391,0.0028991033,0.15515845,True,False,-0.913782716,0.7811685080000003,False,False,,intermediate,0.0038988693,0.0029203028,0.74901277,
1.0,5874,mpIN,0.1993022,-0.24241361,0.1777975261211395,-0.3165580034255981,-0.0086597605,0.008014211,-0.0032603636,0.0037428774,-0.0028915513492857,0.0040433756410279,-0.008228111,0.0011117198,0.005254787,-0.004215816,-0.8567658,True,False,-0.913782716,0.7811685080000003,False,False,,intermediate,0.008302875,0.006736905,0.8113942,
1.0,5877,VLMC,0.52375853,-0.30539423,0.505366861820221,-0.4266729950904846,-0.021589825,-0.0131073035,-0.0028062684,0.004222199,-0.0023929751050983,0.0044776876103449,0.004165078,0.0002622002,-0.0023520754,-0.0011626608,-0.92252696,True,False,-0.913782716,0.7811685080000003,True,False,,low_dispersed,0.004173323,0.0026237452,0.6286945,
1.0,5880,mpEX,0.22165236,-0.2252114,0.1885533034801483,-0.3396026492118835,-0.037061237,-0.012748443,-0.0030379272,0.0034554966,-0.0026973446172464,0.0037355945933707,-0.003963688,-0.00079831335,0.00429363,-0.0052247066,-0.46986806,True,False,-0.913782716,0.7811685080000003,False,False,,intermediate,0.0040432815,0.006762604,1.6725534,
1.0,5883,mpEX,0.3577951,-0.25703484,0.3398837447166443,-0.3675271272659302,-0.005649289,-0.041981645,0.0031200768,-0.0030070427,0.0028221919902243,-0.003296424505809,0.0073818984,-0.0041862475,-0.0009809732,-0.0010378783,-0.23900846,True,False,-0.913782716,0.7811685080000003,False,False,,intermediate,0.008486289,0.0014281106,0.16828448,
1.0,5885,MSN,0.66200423,-0.25122216,0.6523770093917847,-0.4106349050998688,0.027529433,0.01599624,0.0026422774,-0.0035137783,0.0022973603015129,-0.0037557935600131,-0.0037899825,-0.0010959612,-0.0019061284,0.0029240106,0.2918945,True,False,-0.913782716,0.7811685080000003,False,False,,intermediate,0.0039452626,0.003490439,0.8847165,
1.0,5886,sfrpEGC,0.5680702,-0.32368293,0.5666484832763672,-0.406883180141449,0.0537412,-0.004851102,0.00393609,-0.0028802236,0.0036477786132328,-0.0032481704904436,-0.004080074,-0.0050752102,-0.012236015,-0.0007574713,0.67351514,True,False,-0.913782716,0.7811685080000003,False,False,,intermediate,0.006511894,0.012259439,1.8826226,N1_sfrpEGC_VLMC
1.0,5890,mpIN,0.23890519,-0.2247869,0.2372350543737411,-0.3341966271400451,-0.024949942,-0.022527123,-0.0027060404,0.0037001641,-0.0023430684424386,0.0039476991388479,-0.0060381233,-0.0013508747,0.005854573,-0.0045631984,-0.63547844,True,False,-0.913782716,0.7811685080000003,False,False,,intermediate,0.00618739,0.007422857,1.199675,
1.0,5894,MSN,0.63094616,-0.26804847,0.6197996139526367,-0.4275090098381042,0.03410118,0.018024517,0.002760526,-0.003914036,0.0023768956394293,-0.0041661152236711,-0.0033384378,-0.0029354405,-0.0017249846,0.006442166,-0.44361195,True,False,-0.913782716,0.7811685080000003,False,False,,intermediate,0.004445445,0.0066691134,1.5002129,
1.0,5897,tlNBL,0.5982715,-0.295717,0.5838623046875,-0.4048045575618744,0.025364846,0.012947772,0.0037130897,-0.0025423479,0.0034578465968053,-0.0028899998193168,-0.004786992,-0.0075329896,-0.0026948913,0.0024386025,-0.16861223,True,False,-0.913782716,0.7811685080000003,False,False,,intermediate,0.008925313,0.003634449,0.4072069,
1.0,5899,VLMC,0.5273572,-0.283903,0.5051213502883911,-0.4087175130844116,-0.022444895,-0.009182483,-0.0026048287,0.0038984015,-0.0022231871019157,0.0041356161257867,0.004839833,0.0020481509,-0.0038777087,-0.0054892893,-0.8496656,True,False,-0.913782716,0.7811685080000003,False,False,,intermediate,0.005255369,0.0067207827,1.2788413,
1.0,5902,wntEGC,0.42484754,-0.2745765,0.409892201423645,-0.3629719018936157,-0.011871789,-0.040242027,0.0017133321,-0.0037825804,0.0013455975206981,-0.0039347649158157,0.004526041,-0.0028551577,-0.0038002622,-0.0004024425,-0.7848853,True,False,-0.913782716,0.7811685080000003,False,False,,intermediate,0.0053513525,0.0038215118,0.71412075,
1.0,5903,wntEGC,0.4124238,-0.26062855,0.3913872838020324,-0.3513299226760864,0.05625057,-0.04506573,0.0013211572,-0.004406343,0.0008949103049072,-0.00451899384018,0.008497551,-0.0032732447,0.012229757,-0.0042877845,0.9995358,True,False,-0.913782716,0.7811685080000003,False,True,H3,high_hotspot,0.00910618,0.012959632,1.4231689,N2_reaEGC_wntEGC
1.0,5904,CMPN,0.34205404,-0.24837716,0.3039947748184204,-0.3664058148860931,-0.0047111935,-0.021225218,0.0032551617,-0.0030425724,0.0029534473047449,-0.0033447817657887,0.0044936305,-0.003281948,0.00018506529,-0.0013828536,0.69170535,True,False,-0.913782716,0.7811685080000003,False,False,,intermediate,0.005564521,0.0013951821,0.25072816,
1.0,5905,scgnIN,0.6674947,-0.27451956,0.6662672162055969,-0.4001061022281647,0.032124568,0.028636388,0.0035734319,-0.0032316016,0.0032526064761349,-0.0035637012947805,-0.004465616,-0.0022290526,-0.00073785684,0.0034434006,-0.24923031,True,False,-0.913782716,0.7811685080000003,False,False,,intermediate,0.0049910317,0.003521568,0.70557916,
1.0,5906,wntEGC,0.45732236,-0.27154857,0.4147070646286011,-0.3524113893508911,0.00033917493,-0.018384557,0.0047436496,-0.0022823145,0.0045100634827344,-0.002729502987886,0.0043987287,-0.0016677469,0.0025415989,-0.0011952104,0.9970234,True,False,-0.913782716,0.7811685080000003,False,True,H3,high_hotspot,0.0047042742,0.0028086035,0.59703225,N2_reaEGC_wntEGC
1.0,5911,sfrpEGC,0.5567686,-0.31126505,0.5541949272155762,-0.4064430892467499,0.033623386,-0.008482836,0.0029264092,-0.004437979,0.0024920675890956,-0.0047042949956943,-0.0016483975,-0.0037214563,-0.004999961,0.0022538402,-0.0065244692,True,False,-0.913782716,0.7811685080000003,False,False,,intermediate,0.0040701907,0.0054844692,1.3474723,
1.0,5912,mpEX,0.16201973,-0.2530184,0.1755361557006836,-0.3585482835769653,-0.024734782,-0.022649454,-0.0028854911,0.0041226293,-0.002481485546136,0.0043860208409307,-0.010963528,-0.000942322,0.0030426478,-0.00092748686,-0.92806214,True,False,-0.913782716,0.7811685080000003,True,False,,low_dispersed,0.011003951,0.0031808706,0.28906623,
1.0,5917,VLMC,0.5476974,-0.2763511,0.5279840230941772,-0.4128700494766235,-0.022024333,-0.03500416,0.0027044744,-0.0039435322,0.0023181954014778,-0.0041901494224508,0.0060704364,0.0024318176,0.000293698,-0.00073235336,0.00037310092,True,False,-0.913782716,0.7811685080000003,False,False,,intermediate,0.006539414,0.0007890501,0.12066066,
1.0,5920,tlNBL,0.65004236,-0.26506546,0.6250289082527161,-0.4016512036323547,0.017367335,0.018775357,-0.0029985465,0.0035672425,-0.0026473840998212,0.0038432157113425,-0.004204976,-0.0009196387,-0.0044422494,0.0036821077,0.6157815,True,False,-0.913782716,0.7811685080000003,False,False,,intermediate,0.0043043653,0.0057698786,1.3404714,N1_sfrpEGC_VLMC
1.0,5922,VLMC,0.53672427,-0.23830071,0.5216115117073059,-0.402223527431488,-0.014300489,-0.019945446,0.0016917315,-0.004426239,0.0012624096789961,-0.0045743238206885,0.0045160605,-0.00043223554,-0.004841371,0.0005786496,-0.99972296,True,False,-0.913782716,0.7811685080000003,True,False,,low_dispersed,0.004536698,0.004875829,1.0747528,
1.0,5923,VLMC,0.5049117,-0.27660072,0.4788043797016144,-0.4120929539203644,-0.016191848,-0.0071423184,-0.0034295483,0.0027953715,-0.0031509628997984,0.003115065016034,-0.00055215537,0.0030794714,-0.00016310174,-0.0032492485,-0.97421736,True,False,-0.913782716,0.7811685080000003,True,False,,low_dispersed,0.003128581,0.0032533393,1.0398769,
1.0,5924,VLMC,0.015581943,-0.24380428,0.0030119121074676,-0.3406111299991607,-0.0021200052,-0.0030737878,0.0049419794,-0.0012167335,0.0048098384050411,-0.0016862815944135,0.0067765056,-0.0012339312,-0.0017121849,-0.0018544127,-0.535775,True,False,-0.913782716,0.7811685080000003,False,False,,intermediate,0.0068879323,0.0025239699,0.3664336,
1.0,5926,VLMC,0.50008655,-0.2844111,0.4849059879779815,-0.4009466767311096,-0.019613381,-0.0047800792,-0.0036866735,0.0029188439,-0.0033954495324307,0.003262777625125,9.091392e-05,0.0013321327,0.004253332,-0.0049491976,-0.7122721,True,False,-0.913782716,0.7811685080000003,False,False,,intermediate,0.0013352315,0.0065257484,4.8873534,
1.0,5931,VLMC,0.010003805,-0.22067168,0.0177220590412616,-0.3159353137016296,-0.014420736,-0.01889088,0.0044543585,-0.0018697972,0.0042611995967852,-0.002290576330087,0.0074879876,-0.0016908188,-0.0037061872,-0.0032394514,-0.5894808,True,False,-0.913782716,0.7811685080000003,False,False,,intermediate,0.0076765115,0.0049223844,0.6412267,
1.0,5935,mpEX,0.1480651,-0.25091302,0.1589122712612152,-0.3583771884441376,-0.027509425,-0.0062890877,-0.0032138505,0.0039201635,-0.0028282030089294,0.0042156469872835,-0.010458986,-0.0025461528,0.0067757517,0.0005094769,-0.9866235,True,False,-0.913782716,0.7811685080000003,True,False,,low_dispersed,0.010764445,0.0067948787,0.6312335,
1.0,5937,scgnIN,0.70250857,-0.2686983,0.6946196556091309,-0.4134450554847717,0.03909272,0.018110184,0.0034111768,-0.0032015396,0.0030937429547688,-0.0035181919783175,-0.005248274,-0.002249606,-0.0004851851,0.0026875893,-0.22441544,True,False,-0.913782716,0.7811685080000003,False,False,,intermediate,0.005710088,0.002731033,0.4782821,
1.0,5938,sstIN,-0.08637718,-0.2610188,-0.075085625052452,-0.3012781143188476,-0.040293094,-0.023847373,-0.0026009632,0.0026896924,-0.0023351147603973,0.0029303501276853,0.0029548956,-0.0010652526,-0.008059724,-0.00095132296,-0.89449656,True,False,-0.913782716,0.7811685080000003,False,False,,intermediate,0.0031410463,0.008115674,2.5837488,
1.0,5945,sfrpEGC,0.5786469,-0.32338387,0.5763275623321533,-0.4099465608596802,-0.043660022,-0.012546258,-0.0037997027,0.0029147873,-0.0035085107801939,0.0032695607644093,-0.0075476156,-0.0045786765,-0.0072293337,-0.0076664733,0.9639176,True,False,-0.913782716,0.7811685080000003,False,True,H1,high_hotspot,0.008827841,0.01053746,1.1936623,N1_sfrpEGC_VLMC
1.0,5950,scgnIN,0.695392,-0.27749595,0.6857651472091675,-0.4352819919586181,0.03371345,0.022778329,0.003282116,-0.003193151,0.0029658928491388,-0.0034974671940647,-0.0027441997,-0.0013552364,-0.00074938004,0.0018370962,-0.07134735,True,False,-0.913782716,0.7811685080000003,False,False,,intermediate,0.0030606042,0.0019840598,0.64825755,
1.0,5951,VLMC,0.40912297,-0.25914937,0.3707984983921051,-0.3761293292045593,0.018667059,-0.04685278,0.0023609463,-0.0037559415,0.0019937201970548,-0.0039702443532965,0.00679123,-0.003770118,-0.005364232,0.001469783,-0.9714919,True,False,-0.913782716,0.7811685080000003,True,False,L2,low_hotspot,0.007767535,0.005561947,0.71605045,
1.0,5955,MCG,0.66030526,-0.2534677,0.6724632978439331,-0.4044119715690613,0.017766478,0.030178653,-0.002937904,0.0034245464,-0.0026006017505642,0.0036951609563331,-0.0026757608,-0.00041607989,-0.0041014515,0.0031420507,0.6909609,True,False,-0.913782716,0.7811685080000003,False,False,,intermediate,0.0027079177,0.005166661,1.9079831,N1_sfrpEGC_VLMC
1.0,5956,MCG,0.6453764,-0.27983046,0.6393733024597168,-0.4119884371757507,0.016074948,0.02767192,-0.0027780395,0.0036994347,-0.0024149103175696,0.0039538687015375,-0.0057590385,-0.003992783,-0.0019299242,0.005354735,-0.25736803,True,False,-0.913782716,0.7811685080000003,False,False,,intermediate,0.0070077702,0.005691906,0.81222785,
1.0,5958,tlNBL,0.610242,-0.29386812,0.5919961929321289,-0.4315861463546753,0.031197278,0.01786959,0.0029089472,-0.003251998,0.0025882644203121,-0.0035203831167727,-0.0074429875,-0.00756213,-0.002414349,0.0031853905,-0.14426678,True,False,-0.913782716,0.7811685080000003,False,False,,intermediate,0.010610555,0.003996973,0.3766978,
1.0,5959,mpIN,0.18338495,-0.25990978,0.2068269848823547,-0.3675553202629089,-0.023565313,-0.002135836,-0.0030477361,0.0040945434,-0.0026459090035987,0.0043735648255342,-0.0025298719,-0.00022082597,0.0040937555,-0.0026898987,-0.7848152,True,False,-0.913782716,0.7811685080000003,False,False,,intermediate,0.0025394913,0.0048984066,1.9288929,
1.0,5963,tlNBL,0.6161624,-0.30344152,0.5931816101074219,-0.4151540994644165,0.02472621,0.0053303,0.0028806012,-0.003177326,0.002567160635785,-0.0034432314235328,-0.007992442,-0.0075943754,-0.0031714803,0.0033009353,0.0055347416,True,False,-0.913782716,0.7811685080000003,False,False,,intermediate,0.011025137,0.004577604,0.415197,
1.0,5966,scgnIN,0.68707263,-0.26779634,0.68543541431427,-0.4258965253829956,0.036831282,0.033732142,0.0034637137,-0.003487413,0.0031187305424622,-0.0038081959446131,-0.0033807443,-0.0017901092,0.0007772123,0.002891137,-0.6813361,True,False,-0.913782716,0.7811685080000003,False,False,,intermediate,0.003825431,0.0029937823,0.7826,
1.0,5968,MSN,0.6815505,-0.30164894,0.6589468717575073,-0.4374521374702453,-0.0130085265,0.040390033,-0.0033422587,0.003262601,-0.0030191932703025,0.0035724592120599,-0.0006007433,-0.0016345079,-0.0010980918,-0.0011942671,0.9244309,True,False,-0.913782716,0.7811685080000003,False,True,H1,high_hotspot,0.00174141,0.0016223685,0.93164074,N1_sfrpEGC_VLMC
1.0,5969,VLMC,0.5344666,-0.2884611,0.5236907601356506,-0.4140578508377075,-0.0146886725,-0.0017592673,-0.0025168695,0.004410914,-0.0020864123552649,0.004638086315261,0.004847947,0.0022334256,-0.004285054,-0.006312359,-0.8563153,True,False,-0.913782716,0.7811685080000003,False,False,,intermediate,0.0053376756,0.007629388,1.4293466,
1.0,5970,mpEX,0.31240067,-0.24300522,0.3061658143997192,-0.3594813644886017,-0.01493131,-0.024171697,0.0027271314,-0.0038819106,0.0023466835746195,-0.0041308924635251,0.0005043104,-0.0019493162,0.003753402,-0.0025888188,0.75585437,True,False,-0.913782716,0.7811685080000003,False,False,,intermediate,0.0020134952,0.0045596063,2.264523,
1.0,5971,VLMC,0.5027802,-0.28121048,0.4794531464576721,-0.4206025898456573,-0.02227058,-0.025012666,0.0034355533,-0.003048607,0.0031326917434235,-0.0033680767451521,0.0004975688,0.0014829934,0.0010763876,-0.0035440743,-0.8147053,True,False,-0.913782716,0.7811685080000003,False,False,,intermediate,0.0015642392,0.0037039265,2.3678772,
1.0,5972,wntEGC,0.40968484,-0.26389113,0.3823431134223938,-0.3570563793182373,-0.010772056,-0.0412622,0.0017088373,-0.00415168,0.0013057612534678,-0.0043022695588944,0.007593317,-0.00362574,-0.0050728405,0.0029342195,-0.99688727,True,False,-0.913782716,0.7811685080000003,True,False,L2,low_hotspot,0.008414539,0.0058603208,0.69645184,
1.0,5974,wntEGC,0.4132465,-0.28522488,0.3955744504928589,-0.372270405292511,0.019488532,-0.09966474,0.0020263933,-0.0037339774,0.0016623266384296,-0.0039163031084108,0.0040292526,-0.0007752777,-0.007463512,0.007735889,-0.81779486,True,False,-0.913782716,0.7811685080000003,False,False,,intermediate,0.0041031614,0.010749325,2.6197667,
1.0,5975,mpEX,0.3510225,-0.22410311,0.3391456007957458,-0.3627323508262634,-0.028287644,-0.01197449,-0.0033621546,0.0032294109,-0.0030422056018468,0.0035412794839702,0.006190361,-0.002843081,-0.001314402,-0.0035003875,0.07126957,True,False,-0.913782716,0.7811685080000003,False,False,,intermediate,0.0068120244,0.0037390327,0.54888713,
1.0,5976,VLMC,0.06672944,-0.26227108,0.0754938870668411,-0.3371025919914245,0.029155593,0.02110406,0.003779044,-0.0027018276,0.0035083163038295,-0.0030552940320311,-0.0009702554,0.001583087,0.00025310874,0.00040591453,0.44698927,True,False,-0.913782716,0.7811685080000003,False,False,,intermediate,0.0018567607,0.00047836243,0.2576328,
1.0,5979,sfrpEGC,0.55508804,-0.33713832,0.5453380346298218,-0.429255723953247,0.05955256,0.014547092,0.004129806,-0.0036545955,0.0037667072500463,-0.00403865517336,-0.00359349,0.00027787345,-0.005018926,0.0020963536,0.94970965,True,False,-0.913782716,0.7811685080000003,False,True,H1,high_hotspot,0.0036042174,0.005439147,1.5091062,N1_sfrpEGC_VLMC
1.0,5981,wntEGC,0.41734368,-0.30237234,0.402502030134201,-0.3857233226299286,0.013390722,-0.043301746,0.0005878564,-0.004110182,0.0001922919268312,-0.0041535250740402,0.0020085503,-0.003414814,-0.0025774622,-0.0022977993,0.1951485,True,False,-0.913782716,0.7811685080000003,False,False,,intermediate,0.0039617205,0.0034529977,0.87159044,
1.0,5989,tlNBL,0.629138,-0.3004833,0.6215152740478516,-0.4297640323638916,0.023640266,0.009648778,0.002404039,-0.0036577166,0.0020460858662604,-0.0038764570894646,-0.0073572756,-0.008960405,-0.002524242,0.004758763,-0.38538614,True,False,-0.913782716,0.7811685080000003,False,False,,intermediate,0.011593893,0.005386801,0.464624,
1.0,5993,MCG,0.6482492,-0.326856,0.620322048664093,-0.441496193408966,-0.0076512243,0.018452425,-0.0035497874,0.0028766654,-0.003263035595404,0.003207620096457,-0.00538658,-0.0039189197,-0.001087302,-0.0019724043,0.9055927,True,False,-0.913782716,0.7811685080000003,False,True,H1,high_hotspot,0.006661319,0.0022522444,0.33810785,N1_sfrpEGC_VLMC
1.0,5994,VLMC,0.52377236,-0.28279397,0.4894278049468994,-0.4129520058631897,-0.010851599,-0.018099977,0.002443316,-0.00377102,0.0020743856294775,-0.0039931654595058,0.0039565717,0.0019421318,-0.0028723204,-0.004005703,-0.88119936,True,False,-0.913782716,0.7811685080000003,False,False,,intermediate,0.0044075316,0.0049290853,1.1183324,
1.0,5999,VLMC,0.3861903,-0.23450448,0.3837155997753143,-0.3596819639205932,0.0016899563,-0.044384833,0.002562254,-0.0034505266,0.0022236481522359,-0.0036850760526026,0.008277566,-0.0032817826,-0.0062824115,-0.00019428197,-0.9177686,True,False,-0.913782716,0.7811685080000003,True,False,L2,low_hotspot,0.008904392,0.0062854146,0.705878,
1.0,6001,mpEX,0.18483305,-0.25973463,0.1783585399389267,-0.3554640412330627,-0.036687188,-0.009645784,-0.0029485277,0.0042290716,-0.0025341272537413,0.0044981654840121,-0.008983531,-3.4949877e-05,0.005097752,-0.0026942063,-0.8822933,True,False,-0.913782716,0.7811685080000003,False,False,,intermediate,0.008983599,0.005765919,0.6418273,
1.0,6005,mpEX,0.24587496,-0.22944713,0.2196722477674484,-0.3409016728401184,-0.015667683,-0.03163087,0.002911392,-0.0034512146,0.0025716186847457,-0.0037192054361009,-0.0055035604,-0.00058351643,0.0042483425,-0.004454788,-0.6099925,True,False,-0.913782716,0.7811685080000003,False,False,,intermediate,0.0055344077,0.0061557735,1.1122732,
1.0,6008,VLMC,0.5172906,-0.28595978,0.5124282240867615,-0.4286777675151825,-0.016602393,-0.021619832,0.0024460922,-0.0034159073,0.0021111690118879,-0.0036394389091802,0.003316488,0.001738071,-0.00085048535,-0.0017690642,-0.802128,True,False,-0.913782716,0.7811685080000003,False,False,,intermediate,0.0037443268,0.001962884,0.5242289,
1.0,6010,sfrpEGC,0.5741788,-0.33644477,0.5737531781196594,-0.427313357591629,0.06311672,-0.004263066,0.004397707,-0.0031885894,0.0040784012553841,-0.0035997812089157,-0.0015775915,-0.0007709379,-0.006551092,0.0020328797,0.72796947,True,False,-0.913782716,0.7811685080000003,False,False,,intermediate,0.0017558873,0.006859257,3.9064336,N1_sfrpEGC_VLMC
1.0,6011,VLMC,0.17175052,-0.26923525,0.1725671887397766,-0.3694598078727722,-0.008925471,-0.017347733,0.0031200969,-0.0038933353,0.0027373149484711,-0.0041799229212496,-0.0056939186,0.00011891504,0.002788053,-0.003288161,-0.66250557,True,False,-0.913782716,0.7811685080000003,False,False,,intermediate,0.0056951605,0.0043110605,0.7569691,
1.0,6013,mpIN,0.18415701,-0.23995422,0.191501036286354,-0.3440382480621338,-0.014509062,-0.0064113326,-0.003100987,0.0041669365,-0.0026920574758492,0.004450830381336,-0.008394351,4.7839614e-05,0.0011788621,-0.0013470702,-0.66283804,True,False,-0.913782716,0.7811685080000003,False,False,,intermediate,0.008394488,0.0017900597,0.21324228,
1.0,6014,cckIN,-0.07488386,-0.22546285,-0.0897050648927688,-0.3154105544090271,-0.018367434,0.0018066295,-0.003133379,0.002853604,-0.0028501498241687,0.0031447441273634,0.006110304,-0.0009386854,-0.008163514,-0.0020008537,-0.9238445,True,False,-0.913782716,0.7811685080000003,True,False,,low_dispersed,0.0061819856,0.00840514,1.3596181,
1.0,6017,VLMC,0.49745548,-0.28440702,0.4915487468242645,-0.4223507642745971,-0.029007927,-0.020044593,-0.003653962,0.0027901526,-0.0033751683929552,0.0031313589132375,-0.0012983901,0.0011522262,0.001827674,-0.0037056862,-0.9261314,True,False,-0.913782716,0.7811685080000003,True,False,,low_dispersed,0.001735927,0.0041318885,2.3802202,
1.0,6019,scgnIN,0.6660981,-0.2801869,0.6574028730392456,-0.4336340427398681,0.028791865,0.011050468,0.0033373847,-0.0033815433,0.0030029412248152,-0.003690559311507,-0.0026237133,-0.0011950721,-0.0029896705,0.003911228,0.22333339,True,False,-0.913782716,0.7811685080000003,False,False,,intermediate,0.0028830657,0.00492299,1.707554,
1.0,6020,MCG,0.65620106,-0.3072519,0.6402357220649719,-0.4211010634899139,0.02053475,0.009587975,0.003635408,-0.0027442111,0.0033610735684857,-0.0030837851385508,-0.008615241,-0.006950247,0.00022040728,0.00077741843,-0.8163706,True,False,-0.913782716,0.7811685080000003,False,False,,intermediate,0.011069251,0.00080805866,0.0730003,
1.0,6022,tlNBL,0.6057819,-0.3136346,0.5886937975883484,-0.4328507483005523,0.007770058,0.019101793,-0.0031456247,0.0029784753,-0.0028503956362966,0.0032703944409303,-0.0057303593,-0.0066864,-0.0010830086,0.0009757941,-0.024812698,True,False,-0.913782716,0.7811685080000003,False,False,,intermediate,0.008805962,0.0014577659,0.16554306,
1.0,6024,MSN,0.6909708,-0.2813967,0.6812046766281128,-0.4379541277885437,0.034463756,0.032790594,0.0031680176,-0.0034021728,0.0028321324206808,-0.003694900235758,-0.0040045194,-0.001425693,0.00037995545,0.005021716,-0.40551963,True,False,-0.913782716,0.7811685080000003,False,False,,intermediate,0.0042507383,0.0050360695,1.1847517,
1.0,6025,tlNBL,0.60931635,-0.29940996,0.5846189260482788,-0.4330087006092071,0.020417528,-0.0028338954,0.0030534598,-0.0031709718,0.0027400825363082,-0.0034534552241864,-0.006295341,-0.007955271,-0.001909722,0.003586714,-0.40052775,True,False,-0.913782716,0.7811685080000003,False,False,,intermediate,0.0101448335,0.0040634414,0.40054294,
1.0,6030,scgnIN,0.74016196,-0.28746027,0.6870906352996826,-0.4416561424732208,0.0036267543,0.032291476,-0.0031044816,0.003423097,-0.0027667925685682,0.0037096724361141,-0.00045944712,-0.0027540997,0.0011253475,0.0010930558,-0.80527776,True,False,-0.913782716,0.7811685080000003,False,False,,intermediate,0.0027921598,0.0015688142,0.561864,
1.0,6031,VLMC,0.5363152,-0.3264804,0.4966692328453064,-0.4206979870796203,-0.027265524,-0.025419492,-0.0032241892,0.004093369,-0.0028219178377364,0.0043892963752316,0.005093655,-0.0027932513,-0.0009374806,-0.00060893944,-0.4733948,True,False,-0.913782716,0.7811685080000003,False,False,,intermediate,0.0058092666,0.0011178895,0.19243214,
1.0,6032,sfrpEGC,0.59537846,-0.3335454,0.5727105140686035,-0.4380828142166137,0.043407414,0.0087392125,0.0033394306,-0.0033793182,0.0030051937989959,-0.0036885371420872,-0.005506928,-0.0057666157,-0.0026251257,0.0024618271,0.009059236,True,False,-0.913782716,0.7811685080000003,False,False,,intermediate,0.007973714,0.0035988716,0.45134196,
1.0,6037,VLMC,0.077439085,-0.26850045,0.0540163815021514,-0.3396786153316498,-0.023721179,-0.028907714,0.00379364,-0.0028062637,0.0035128625798399,-0.0031607988809731,-0.0011601213,-6.677388e-05,0.005099747,-0.001668116,-0.93101126,True,False,-0.913782716,0.7811685080000003,True,False,,low_dispersed,0.0011620414,0.005365634,4.61742,
1.0,6038,mpIN,0.20792103,-0.28093183,0.1954122930765152,-0.36823570728302,-0.026920056,-0.03357472,0.0029547745,-0.0039782715,0.0025643782531544,-0.0042487550646478,-0.0072401376,0.0021745176,0.0047966773,-0.0039557638,-0.9218984,True,False,-0.913782716,0.7811685080000003,True,False,,low_dispersed,0.0075596375,0.0062174094,0.8224481,
1.0,6043,VLMC,0.54836637,-0.2929752,0.5126163363456726,-0.4281404614448547,-0.021737242,-0.025268493,0.0026895823,-0.004410182,0.0022586504229497,-0.0046539005786847,0.0056791473,0.0013953833,-0.0040485943,-0.0041635083,-0.848072,True,False,-0.913782716,0.7811685080000003,False,False,,intermediate,0.0058480604,0.005807402,0.99304754,
1.0,6045,scgnIN,0.70978105,-0.2910301,0.6820432543754578,-0.4321280717849731,0.019526545,0.012432825,0.0035144242,-0.0032714228,0.0031899705378322,-0.0035977446407936,-0.002944946,-0.0028670111,0.0007412294,0.0019871704,-0.9039902,True,False,-0.913782716,0.7811685080000003,False,False,,intermediate,0.004110044,0.002120912,0.5160315,
1.0,6046,VLMC,0.39542,-0.25769764,0.3669519424438476,-0.3815980851650238,-0.015848652,-0.044601396,0.0026995565,-0.0035344644,0.0023524772277766,-0.0037819010741424,0.008514212,-0.0034497592,-0.0076251407,0.0010101602,-0.9681032,True,False,-0.913782716,0.7811685080000003,True,False,L2,low_hotspot,0.009186547,0.0076917615,0.83728534,
1.0,6047,VLMC,4.002452e-05,-0.2528764,-0.025893997400999,-0.3337688446044922,-0.023981977,-0.022263529,-0.0048804698,0.0012274842,-0.0047474929969229,0.0016911064557424,0.008699484,-0.0012638977,-0.0067194616,-0.0026228223,-0.86959285,True,False,-0.913782716,0.7811685080000003,False,False,,intermediate,0.008790817,0.0072132074,0.8205389,
1.0,6051,VLMC,0.3933432,-0.24749354,0.348249614238739,-0.3779720067977905,-0.0026716653,-0.05223825,0.0028140598,-0.0037733463,0.0024437370614583,-0.0040309974846941,0.007214083,-0.004486078,-0.004895727,0.00037716833,-0.88725215,True,False,-0.913782716,0.7811685080000003,False,False,,intermediate,0.008495169,0.0049102344,0.57800317,
1.0,6052,mpEX,0.3172248,-0.25698376,0.30984628200531,-0.3819206655025482,-0.021948272,-0.024179164,0.0032136564,-0.0030986846,0.0029066980033735,-0.0033967411732991,0.0019463056,-0.0036510262,0.0026682906,-0.0012285531,0.79636097,True,False,-0.913782716,0.7811685080000003,False,True,,high_dispersed,0.0041374024,0.0029375362,0.70999527,
1.0,6054,wntEGC,0.41133854,-0.26903158,0.4083098173141479,-0.3742586672306061,0.0100907255,-0.07222934,0.0013335032,-0.0045481897,0.0008936299970243,-0.0046615754164632,0.0067621563,-0.0039880397,-0.0054051643,0.0020699413,-0.9860668,True,False,-0.913782716,0.7811685080000003,True,False,L2,low_hotspot,0.007850555,0.005787958,0.7372674,
1.0,6055,mpEX,0.34668392,-0.26683658,0.3306084871292114,-0.3736085295677185,-0.0018360746,-0.04324892,0.00365774,-0.0027108463,0.0033865312804197,-0.0030526647127189,0.0065462296,-0.0037389204,0.00037254428,-0.0014742056,0.6935946,True,False,-0.913782716,0.7811685080000003,False,False,,intermediate,0.007538743,0.0015205498,0.20169805,
1.0,6064,scgnIN,0.690608,-0.31668454,0.6718214750289917,-0.4394372105598449,-0.011228644,0.028095964,-0.0034999643,0.003692337,-0.0031352372946899,0.0040159458601438,-0.00019599342,-0.0043242667,0.00046019975,-0.004180407,0.9880213,True,False,-0.913782716,0.7811685080000003,False,True,H1,high_hotspot,0.004328706,0.0042056614,0.9715748,N1_sfrpEGC_VLMC
1.0,6065,MCG,0.6332435,-0.31178677,0.6200013756752014,-0.4337780475616455,0.0023537723,0.022291463,-0.002964444,0.0033988117,-0.0026295230247257,0.0036720496037832,-0.0063085696,-0.005189716,-0.0041115046,0.0004626075,0.6963899,True,False,-0.913782716,0.7811685080000003,False,False,,intermediate,0.008168916,0.004137448,0.5064868,N1_sfrpEGC_VLMC
1.0,6066,reaEGC,0.6077566,-0.34790576,0.5929904580116272,-0.4371193051338196,0.04750169,-0.026459564,0.0032345946,-0.0036877226,0.0028711468671652,-0.0039859264793953,-0.0021422827,-0.0034405482,-0.008343492,0.00010443632,0.5179019,True,False,-0.913782716,0.7811685080000003,False,False,,intermediate,0.0040529924,0.0083441455,2.0587616,
1.0,6067,scgnIN,0.6726626,-0.29807922,0.6379721164703369,-0.4442023038864136,0.036853265,0.030927,0.0038472426,-0.0029483014,0.0035526903435656,-0.0033075229270798,-0.007914082,-0.0020636367,-0.0012763294,-0.00033535925,0.9999982,True,False,-0.913782716,0.7811685080000003,False,True,H1,high_hotspot,0.00817871,0.0013196524,0.16135214,N1_sfrpEGC_VLMC
1.0,6068,tlNBL,0.6109314,-0.30459797,0.6155055165290833,-0.4367530047893524,0.028323986,0.013202958,0.002965677,-0.0033858595,0.0026319928764871,-0.0036592564451329,-0.007748171,-0.005543362,-0.0032915624,0.0021098172,0.37071222,True,False,-0.913782716,0.7811685080000003,False,False,,intermediate,0.009526962,0.0039096945,0.41038206,
1.0,6069,nptxEX,0.1557776,-0.26341313,0.1368947774171829,-0.3588944673538208,-0.020783223,-0.0013374967,-0.002983583,0.0040964726,-0.0025817733771229,0.004369342806721,-0.0100924745,-0.00034505656,0.0019441074,-0.003083948,-0.50406045,True,False,-0.913782716,0.7811685080000003,False,False,,intermediate,0.010098372,0.003645585,0.3610072,
1.0,6073,scgnIN,0.6653435,-0.29572403,0.6482104063034058,-0.430701196193695,0.00063501694,0.018469317,-0.0033125144,0.003333038,-0.002982795693863,0.0036398246700043,-0.0034271113,-0.004756061,-0.002389007,0.0035467139,-0.34629348,True,False,-0.913782716,0.7811685080000003,False,False,,intermediate,0.0058621843,0.0042762756,0.7294679,
1.0,6074,mpEX,0.24310718,-0.2619216,0.2296963334083557,-0.3567081093788147,-0.043167446,-0.01781662,-0.0030548668,0.0037513208,-0.0026858940982455,0.0040321080612122,-0.003424605,0.0007679748,0.0025392254,-0.0031962348,-0.77829486,True,False,-0.913782716,0.7811685080000003,False,False,,intermediate,0.0035096586,0.004082105,1.1631061,
1.0,6076,mpIN,0.28494358,-0.27247503,0.2455198913812637,-0.3790280818939209,0.0038246028,-0.049483087,0.0030565085,-0.0031471485,0.0027454036036716,-0.0034299991827889,-0.0017139569,-0.0038177662,0.002389131,-0.0012035315,0.044656433,True,False,-0.913782716,0.7811685080000003,False,False,,intermediate,0.004184852,0.0026751515,0.6392464,
1.0,6080,mpEX,0.30069312,-0.23913294,0.2750943005084991,-0.3530496656894684,-0.01563249,-0.039474186,0.0029577366,-0.0035381801,0.0026094868482616,-0.0038103358822607,-0.0018113179,-0.0006021238,0.0041657286,-0.004462256,-0.41697305,True,False,-0.913782716,0.7811685080000003,False,False,,intermediate,0.0019087759,0.0061045084,3.1981273,
1.0,6083,scgnIN,0.6846414,-0.29600716,0.6543921232223511,-0.4453142285346985,0.018901858,0.029429302,-0.00310944,0.0035495106,-0.0027596262729258,0.0038361621053295,-0.0007737242,-0.0023734684,0.0004637061,0.00039849107,-0.85472965,True,False,-0.913782716,0.7811685080000003,False,False,,intermediate,0.0024963976,0.000611407,0.24491571,
1.0,6084,sfrpEGC,0.605373,-0.33184862,0.5952563881874084,-0.4365875720977783,0.036155283,-0.013108817,0.003096444,-0.0033465254,0.002766115099909,-0.0036325723921899,-0.0060578864,-0.00752502,-0.008876563,-0.008887594,0.9942836,True,False,-0.913782716,0.7811685080000003,False,True,H1,high_hotspot,0.00966043,0.012561158,1.300269,N1_sfrpEGC_VLMC
1.0,6089,VLMC,0.5481278,-0.31331593,0.5303866863250732,-0.4598249197006225,-0.021240592,-0.017081723,-0.0028844664,0.0047026854,-0.0024249011532101,0.0049641487728094,0.0058604213,-0.0015000267,-0.008150691,-0.003724567,-0.77807015,True,False,-0.913782716,0.7811685080000003,False,False,,intermediate,0.0060493485,0.00896137,1.4813777,
1.0,6090,wntEGC,0.42534694,-0.30581516,0.4126489758491516,-0.392693281173706,-0.12668787,0.0011794879,-0.0012629495,0.0032206138,-0.0009504660021487,0.0033314296491328,0.00346345,0.00028123913,0.0014446907,0.0034214705,0.46227327,True,False,-0.913782716,0.7811685080000003,False,False,,intermediate,0.0034748495,0.0037139724,1.0688154,
1.0,6092,sfrpEGC,0.5649216,-0.34141296,0.5720494985580444,-0.4307692646980285,0.035032075,0.022114765,0.0039848723,-0.0036990165,0.0036179756411358,-0.0040690530380822,0.0028038188,-0.0024580623,0.0020591633,-0.0006806047,0.92084205,True,False,-0.913782716,0.7811685080000003,False,True,H1,high_hotspot,0.0037287355,0.0021687269,0.5816253,N1_sfrpEGC_VLMC
1.0,6095,scgnIN,0.75646883,-0.29786825,0.6986891031265259,-0.4545462131500244,0.038796406,0.013524413,0.0033233897,-0.003190325,0.0030073069767967,-0.0034986038020441,-0.00094869133,-0.003779971,0.0035418386,-0.0008167141,-0.019269085,True,False,-0.913782716,0.7811685080000003,False,False,,intermediate,0.0038972036,0.0036347823,0.9326642,
1.0,6096,VLMC,0.5431288,-0.30605882,0.4968777894973755,-0.4363346099853515,0.059408743,-0.114852756,0.002494859,-0.0049386346,0.0020139216224291,-0.0051620334893681,0.0063845487,0.0019866545,0.0073939376,0.0046789804,0.9657368,True,False,-0.913782716,0.7811685080000003,False,True,H1,high_hotspot,0.006686498,0.008750038,1.3086131,N1_sfrpEGC_VLMC
1.0,6100,VLMC,0.49394512,-0.2905075,0.4847343564033508,-0.4295606613159179,-0.022004712,-0.016823716,-0.004169617,0.0025284323,-0.003914266366601,0.002919858363504,-0.0011125687,0.00036382608,-0.0004872895,-0.0018327574,-0.056157563,True,False,-0.913782716,0.7811685080000003,False,False,,intermediate,0.0011705462,0.0018964311,1.6201249,
1.0,6104,mpEX,0.2998073,-0.2872406,0.2636372447013855,-0.381439208984375,-0.013224459,-0.0460626,0.0030378297,-0.0027861234,0.0027613658935558,-0.0030683238549991,0.0034986292,-0.0026420546,0.0033706792,0.0011781177,0.55448914,True,False,-0.913782716,0.7811685080000003,False,False,,intermediate,0.00438416,0.0035706358,0.81444013,
1.0,6108,MSN,0.71946204,-0.31957418,0.6564964056015015,-0.462249219417572,0.007923622,0.033845518,-0.0032656554,0.003430959,-0.00292670474325,0.0037329482817159,-0.0037212637,-0.0049951263,0.0018661881,-0.003790419,0.45557037,True,False,-0.913782716,0.7811685080000003,False,False,,intermediate,0.0062288917,0.0042249183,0.6782777,
1.0,6109,VLMC,0.06578754,-0.29412243,0.0538362935185432,-0.3252687454223633,0.007264734,0.0123644,-0.004229278,0.0027458118,-0.0039529165845443,0.0031422669499759,0.00012222395,-0.0003013214,-0.0016412827,0.002244036,-0.9698598,True,False,-0.913782716,0.7811685080000003,True,False,,low_dispersed,0.00032516653,0.002780199,8.550077,
1.0,6114,mpEX,0.32964867,-0.26093557,0.3174748718738556,-0.3622235059738159,0.016368218,-0.044402916,0.0031126877,-0.0025601445,0.002857634073809,-0.0028502284657086,0.0049651265,-0.004394289,0.00039482946,-0.0017129672,0.81400883,True,False,-0.913782716,0.7811685080000003,False,True,,high_dispersed,0.0066304044,0.0017578814,0.26512432,
1.0,6118,VLMC,0.5109154,-0.28905562,0.502284049987793,-0.4250093102455139,-0.002396286,-0.028459253,0.0023741596,-0.0032066437,0.0020595085138758,-0.0034239452476672,0.0027683538,0.0017157375,-0.00041808691,-0.0017578349,-0.7091781,True,False,-0.913782716,0.7811685080000003,False,False,,intermediate,0.0032569214,0.0018068703,0.55477864,
1.0,6125,sfrpEGC,0.57433844,-0.35797825,0.5628064274787903,-0.4363508820533752,-0.020388046,0.08280253,-0.0036055457,0.0038450456,-0.0032258578953677,0.0041782861110295,-0.0067328797,0.0012309531,-0.009352256,0.0037410043,0.98012906,True,False,-0.913782716,0.7811685080000003,False,True,H1,high_hotspot,0.0068444805,0.010072726,1.4716567,N1_sfrpEGC_VLMC
1.0,6126,VLMC,0.5611131,-0.32193345,0.5245122313499451,-0.4271417260169983,-0.0149391955,-0.016836278,0.0035070179,-0.0040459544,0.0031083960264897,-0.0043691232504387,0.0063907616,-0.0013586618,-0.007002264,-0.0012048336,-0.9287113,True,False,-0.913782716,0.7811685080000003,True,False,,low_dispersed,0.0065335897,0.007105162,1.0874821,
1.0,6134,tlNBL,0.6060826,-0.35732296,0.5921705365180969,-0.4547741711139679,-0.048878826,-0.025309553,-0.003114373,0.0039150324,-0.0027295307643475,0.0042010032044063,-0.0016324162,-0.0067243064,0.006444141,-0.0030837012,0.20666635,True,False,-0.913782716,0.7811685080000003,False,False,,intermediate,0.0069196154,0.00714396,1.0324215,
1.0,6135,mpIN,0.18407318,-0.28581047,0.1508741825819015,-0.3842130899429321,-0.031614084,-0.009256933,-0.002845337,0.0040003494,-0.0024531710766948,0.0042602804343128,-0.00962347,0.0020582087,0.0055079567,-0.005115709,-0.8588412,True,False,-0.913782716,0.7811685080000003,False,False,,intermediate,0.009841107,0.0075171846,0.7638556,
1.0,6138,scgnIN,0.7113303,-0.30072862,0.6919161677360535,-0.4499741792678833,-0.013420449,0.029838808,-0.003405349,0.0033503242,-0.0030736816758936,0.0036659489459043,0.0005448485,-0.003050099,0.0012905034,0.0018962676,-0.71489614,True,False,-0.913782716,0.7811685080000003,False,False,,intermediate,0.0030983808,0.0022937371,0.7403019,
1.0,6139,scgnIN,0.7065547,-0.3019637,0.6668145656585693,-0.4689220786094665,0.047266006,0.009969203,0.003367474,-0.0033924417,0.0030318917585937,-0.0037043054959775,-0.0032354635,-0.0016536111,0.0016613468,-0.003126743,-0.01591955,True,False,-0.913782716,0.7811685080000003,False,False,,intermediate,0.0036335455,0.0035407054,0.97444916,
1.0,6140,wntEGC,0.41457507,-0.29286566,0.3945292234420776,-0.392410933971405,0.053476594,-0.112639315,0.0016898155,-0.0036757402,0.0013323892216005,-0.0038260091955775,0.006567832,-0.0030290503,-0.007837908,0.0047162916,-0.99400365,True,False,-0.913782716,0.7811685080000003,True,False,L2,low_hotspot,0.0072326735,0.009147471,1.2647427,
1.0,6143,wntEGC,0.41553956,-0.29438874,0.4272618889808655,-0.3936313986778259,-0.0394369,0.03818082,-0.0016266803,0.0036136445,-0.0012754011974685,0.0037580617414414,0.0035437164,-0.0037961495,-0.0061797504,0.0027313014,-0.9196471,True,False,-0.913782716,0.7811685080000003,True,False,L2,low_hotspot,0.005193137,0.006756428,1.3010302,
1.0,6145,VLMC,0.5614846,-0.3313846,0.5437767505645752,-0.4408075511455536,-0.020722589,0.012176165,-0.0040976834,0.0033433745,-0.0037644973992768,0.0037253390491109,0.005974449,-0.0030773915,-0.004501661,0.0008801582,-0.96034336,True,False,-0.913782716,0.7811685080000003,True,False,,low_dispersed,0.006720445,0.0045868973,0.6825288,
1.0,6148,mpIN,0.25679237,-0.31108007,0.2375232130289077,-0.3829781711101532,-0.0077277357,0.017848082,-0.002898116,0.0032796217,-0.0025748212639635,0.0035468821761452,-0.0011579517,-3.5897563e-05,0.0007681448,-0.0011300991,-0.53625214,True,False,-0.913782716,0.7811685080000003,False,False,,intermediate,0.0011585079,0.0013664444,1.1794865,
1.0,6149,sstIN,0.1992234,-0.27911863,0.1905437409877777,-0.3773913979530334,-0.02664584,-0.021205384,-0.0028329252,0.0041552945,-0.0024259564804137,0.0044135477595476,-0.0077911094,0.0040047355,0.0043341424,-0.0053283777,-0.91586554,True,False,-0.913782716,0.7811685080000003,True,False,,low_dispersed,0.0087600965,0.0068685077,0.7840676,
1.0,6153,sfrpEGC,0.60676575,-0.331146,0.5854482650756836,-0.436521828174591,0.005611108,-0.02776015,0.0032364193,-0.0031834587,0.0029212686909897,-0.0034834282576726,-0.0015290856,-0.007258066,0.0043244436,-0.0020714172,0.23680006,True,False,-0.913782716,0.7811685080000003,False,False,,intermediate,0.007417387,0.004794954,0.64644784,
1.0,6160,mpEX,0.35505542,-0.27860817,0.324223518371582,-0.3926397264003753,0.0020648437,-0.0526547,0.003512766,-0.0027469308,0.0032385580631921,-0.0030747485187273,0.008745215,-0.0035517577,-0.0034513308,-0.00048044953,-0.86577266,True,False,-0.913782716,0.7811685080000003,False,False,,intermediate,0.00943895,0.0034846114,0.36917365,
1.0,6166,VLMC,0.545839,-0.34067702,0.5190859436988831,-0.4574323892593384,-0.02794127,-0.035324022,0.0038000462,-0.0036922123,0.0034343844327691,-0.0040445659738912,0.0057638907,-0.0039802007,-0.001539322,0.00074816577,-0.9884801,True,False,-0.913782716,0.7811685080000003,True,False,,low_dispersed,0.007004601,0.0017115093,0.24434073,
1.0,6167,VLMC,0.5066668,-0.3090305,0.5133562684059143,-0.4349851310253143,-0.019138929,-0.019802412,0.0022451694,-0.0036721628,0.0018863336362022,-0.0038756397726171,0.001955697,-0.00091348175,-0.00093490095,-0.0010746571,-0.2753863,True,False,-0.913782716,0.7811685080000003,False,False,,intermediate,0.0021585182,0.0014244043,0.6598992,
1.0,6168,wntEGC,0.41839957,-0.28099346,0.3809147477149963,-0.3833390772342682,-0.014024533,-0.10395615,0.0019819124,-0.0034938087,0.0016409915765125,-0.0036726312735125,0.005997886,-0.0002628332,0.00574727,0.0024338565,0.9028791,True,False,-0.913782716,0.7811685080000003,False,True,H3,high_hotspot,0.006003642,0.0062413756,1.0395982,N2_reaEGC_wntEGC
1.0,6170,mpEX,0.2740438,-0.27276087,0.2642733156681061,-0.3798359632492065,0.0019638487,-0.0103178695,0.0031420595,-0.0031167816,0.0028335935730361,-0.003407922892844,-0.0017531762,-0.003007629,0.0052863113,-0.0015163549,-0.24586615,True,False,-0.913782716,0.7811685080000003,False,False,,intermediate,0.0034813012,0.0054994924,1.5797232,
1.0,6171,cckIN,0.016501807,-0.2969903,0.0103565379977226,-0.3748366832733154,-0.012535026,0.0014923569,-0.0043116095,0.0017230564,-0.004132957163849,0.0021306247043208,0.007155847,0.0002853212,-0.004963698,-0.0031554191,-0.8646189,True,False,-0.913782716,0.7811685080000003,False,False,,intermediate,0.007161533,0.0058817486,0.8212974,
1.0,6175,sfrpEGC,0.55917394,-0.37113875,0.5675364136695862,-0.441304087638855,0.05839343,0.072890036,-0.0029433237,0.00421999,-0.0025298095644169,0.0044886143230339,-0.002686287,0.0018039811,-0.005104077,0.005649967,0.97020066,True,False,-0.913782716,0.7811685080000003,False,True,H1,high_hotspot,0.003235813,0.007614048,2.3530557,N1_sfrpEGC_VLMC
1.0,6176,sstIN,0.2171209,-0.28294718,0.2056405693292617,-0.3720529079437256,-0.036098868,-0.016267156,-0.0032693045,0.0037873997,-0.0028961993248475,0.0040886139606518,-0.0035861197,0.0025617431,0.0039802655,-0.0024910248,-0.99813473,True,False,-0.913782716,0.7811685080000003,True,False,,low_dispersed,0.004407129,0.0046955,1.0654329,
1.0,6178,scgnIN,0.7363354,-0.31756598,0.7015855312347412,-0.4495941400527954,0.04720944,0.010905628,0.0029970752,-0.0036485433,0.0026381297763756,-0.0039241190210165,-0.0010265327,-0.0031676346,0.0033588635,-0.004706069,0.5952084,True,False,-0.913782716,0.7811685080000003,False,False,,intermediate,0.0033298167,0.005781786,1.7363677,
1.0,6179,MSN,0.69985497,-0.32630014,0.6453237533569336,-0.4616180658340454,0.0041888743,-0.00067915453,0.003531897,-0.003602141,0.0031757090517116,-0.0039290931899087,-0.002850992,-0.000656032,0.0027503816,-0.0034885283,-0.42726234,True,False,-0.913782716,0.7811685080000003,False,False,,intermediate,0.002925497,0.004442345,1.5184923,
1.0,6180,mpEX,0.24065007,-0.26489988,0.201122298836708,-0.3766243755817413,-0.016371755,-0.010489125,-0.002997623,0.0037400704,-0.0026299086157444,0.0040154098630649,-0.0034864226,8.768587e-05,0.003156839,-0.0024095709,-0.8099059,True,False,-0.913782716,0.7811685080000003,False,False,,intermediate,0.003487525,0.0039713555,1.1387317,
1.0,6184,MSN,0.6295353,-0.28413114,0.6302822232246399,-0.44078528881073,0.018189464,0.010485236,0.002946388,-0.0034458216,0.0026070209461075,-0.0037171816301493,-0.0077599348,-0.0051857154,-0.0041034548,0.0017258319,0.5510024,True,False,-0.913782716,0.7811685080000003,False,False,,intermediate,0.009333179,0.0044516106,0.47696614,
1.0,6185,mpEX,0.36620322,-0.2575614,0.3473288416862488,-0.3922640085220337,-0.00949502,-0.036212478,0.0029730897,-0.0031287896,0.002664006567503,-0.0034037075793421,0.0076559572,-0.004172291,-0.0062881787,0.001517188,-0.9658157,True,False,-0.913782716,0.7811685080000003,True,False,L2,low_hotspot,0.008719042,0.0064686206,0.7418958,
1.0,6190,VLMC,0.5411059,-0.31868047,0.5063316822052002,-0.4599039852619171,-0.0025821961,-0.007021753,0.0031039433,-0.0044115297,0.002671575080931,-0.0046949351377884,0.0055582486,-0.0012921074,0.0045456877,0.0031381408,0.67293006,True,False,-0.913782716,0.7811685080000003,False,False,,intermediate,0.0057064584,0.0055236947,0.96797246,N1_sfrpEGC_VLMC
1.0,6192,scgnIN,0.7368283,-0.3162306,0.7042849063873291,-0.4758817553520202,0.037255757,0.019045606,0.0030044562,-0.00345218,0.0026642968806097,-0.0037290822309083,-0.0018432975,-0.00361147,0.0009187883,-0.0021211235,0.63661414,True,False,-0.913782716,0.7811685080000003,False,False,,intermediate,0.004054684,0.002311566,0.5700976,N1_sfrpEGC_VLMC
1.0,6193,tlNBL,0.62387115,-0.31134254,0.6237990856170654,-0.4667098522186279,0.020910053,0.015235517,0.0025455174,-0.0038169664,0.0021718635217977,-0.0040487566043119,-0.0074001825,-0.0062693534,-0.0027570752,0.0009304541,0.5162441,True,False,-0.913782716,0.7811685080000003,False,False,,intermediate,0.00969884,0.0029098468,0.3000201,
1.0,6194,cckIN,0.0054525584,-0.27958602,-0.0037121959030628,-0.3856201767921448,-0.018455802,-0.00076751184,-0.004667552,0.0018560009,-0.0044750422391341,0.0022972450678713,0.003640199,-0.0017841142,-0.0043690386,-0.0010397333,-0.77166605,True,False,-0.913782716,0.7811685080000003,False,False,,intermediate,0.004053901,0.0044910517,1.1078346,
1.0,6200,sfrpEGC,0.5809947,-0.37293398,0.5743640661239624,-0.4478752017021179,0.08540228,-0.01641867,0.0029353492,-0.004132619,0.0025302294549207,-0.0044007550103473,-0.00581766,0.0013285191,-0.009565001,0.0048554693,0.9700835,True,False,-0.913782716,0.7811685080000003,False,True,H1,high_hotspot,0.0059674224,0.010726827,1.7975646,N1_sfrpEGC_VLMC
1.0,6201,MSN,0.67979985,-0.32026482,0.6552758812904358,-0.4486701786518097,0.010253627,0.015516541,-0.0036734368,0.003214065,-0.0033539757317991,0.0035557994143674,-0.0020207213,-0.0014426822,0.0008798945,-0.0025403874,0.28268573,True,False,-0.913782716,0.7811685080000003,False,False,,intermediate,0.0024828706,0.0026884535,1.0828005,
1.0,6202,VLMC,0.56690943,-0.32669383,0.5361016392707825,-0.4557394385337829,-0.0283186,-0.03572759,0.004461188,-0.0027751317,0.0041812864419858,-0.0031937087534439,0.006115863,-0.0016415579,-0.005453871,-0.001415198,-0.8697431,True,False,-0.913782716,0.7811685080000003,False,False,,intermediate,0.006332337,0.0056344913,0.8897965,
1.0,6203,mpIN,0.17341182,-0.28580672,0.1619919240474701,-0.3882361054420471,-0.009310363,0.015024538,-0.002730209,0.004042272,-0.0023343905773697,0.0042910427422463,-0.007851026,0.0004234698,0.0046293186,-0.0063421377,-0.6322224,True,False,-0.913782716,0.7811685080000003,False,False,,intermediate,0.007862438,0.007851961,0.9986674,
1.0,6205,scgnIN,0.7155088,-0.32143158,0.672591507434845,-0.440806120634079,0.013726555,0.019259723,-0.0031290532,0.0034299523,-0.0027906299417104,0.0037188597229209,-0.001964662,-0.0024344258,0.00209563,-0.0034763592,0.3422297,True,False,-0.913782716,0.7811685080000003,False,False,,intermediate,0.0031283104,0.0040591545,1.2975549,
1.0,6206,mpEX,0.3827116,-0.2773288,0.3534258902072906,-0.400042712688446,0.010276923,-0.06474563,0.0030515236,-0.0028992696,0.002764178479569,-0.0031824247638847,0.007823944,-0.0029753293,-0.008096671,0.0011463133,-0.975293,True,False,-0.913782716,0.7811685080000003,True,False,L2,low_hotspot,0.008370585,0.008177415,0.97692275,
1.0,6208,MSN,0.67219067,-0.31091416,0.673722505569458,-0.4612231850624084,0.0204924,0.022950567,-0.003431953,0.0034187536,-0.0030936468946001,0.0037367108108886,-0.0031461634,-0.0023777918,0.0017009958,-0.0020736668,-0.03979009,True,False,-0.913782716,0.7811685080000003,False,False,,intermediate,0.003943633,0.0026820665,0.68010044,
1.0,6211,mpEX,0.3424546,-0.2943933,0.2940782904624939,-0.3987605273723602,0.029568795,-0.059169065,0.0036251575,-0.0028314036,0.0033425034629251,-0.0031697206981522,0.007975676,-0.003406386,-0.0012917923,0.0024255663,-0.7789633,True,False,-0.913782716,0.7811685080000003,False,False,,intermediate,0.008672651,0.0027481082,0.31687063,
1.0,6215,wntEGC,0.4266742,-0.31441504,0.3939599990844726,-0.4110930562019348,-0.016594518,-0.023778955,0.0013253936,-0.0022707542,0.0011036990230519,-0.0023905481861169,0.002501292,-0.0009556502,-0.0013279631,-0.0017566087,-0.2786325,True,False,-0.913782716,0.7811685080000003,False,False,,intermediate,0.0026776348,0.0022020808,0.8223977,
1.0,6216,dpEX,0.27942944,-0.28832585,0.2744090259075165,-0.3879095613956451,0.009117073,-0.012012255,0.0033352093,-0.002835258,0.003053100831982,-0.0031457889975264,-0.0005459278,-0.0020986225,0.0025655804,-0.001751629,0.33777645,True,False,-0.913782716,0.7811685080000003,False,False,,intermediate,0.002168468,0.0031065105,1.4325831,
1.0,6218,scgnIN,0.6984861,-0.32517177,0.6774534583091736,-0.4763402938842773,0.035773765,0.019240944,0.0034149769,-0.003808764,0.0030393656343904,-0.004123864660514,-0.005099251,-0.00060676876,0.0017886467,-0.002612864,-0.46341872,True,False,-0.913782716,0.7811685080000003,False,False,,intermediate,0.005135224,0.0031664358,0.616611,
1.0,6219,mpEX,0.31540257,-0.27851102,0.29188072681427,-0.394594669342041,-0.016757607,-0.032127306,0.002897208,-0.002743943,0.0026252284076459,-0.0030128064146807,0.0031460936,-0.0050507556,5.491504e-05,0.001543526,-0.82946485,True,False,-0.913782716,0.7811685080000003,False,False,,intermediate,0.0059504653,0.0015445024,0.25955993,
1.0,6222,VLMC,0.5540005,-0.33610043,0.5306230783462524,-0.4430391788482666,-0.02150529,-0.014814484,-0.0041570794,0.0036025136,-0.0037988833881873,0.003989350080864,0.006409378,-0.003916506,-0.0035553374,0.0010978937,-0.96915954,True,False,-0.913782716,0.7811685080000003,True,False,,low_dispersed,0.007511268,0.0037209936,0.4953882,
1.0,6223,mpEX,0.38701344,-0.27967906,0.3438062667846679,-0.3995893597602844,0.015396248,-0.060793586,0.0031629794,-0.0028023373,0.0028845676813166,-0.0030964745176719,0.007776914,-0.0034962543,-0.008975573,0.0025815663,-0.9898735,True,False,-0.913782716,0.7811685080000003,True,False,L2,low_hotspot,0.008526675,0.009339454,1.0953218,
1.0,6224,MCG,0.12782598,-0.28604388,0.1138306632637977,-0.3797644078731537,-0.019494822,-0.010040223,-0.003303351,0.0033562281,-0.0029714399598322,0.0036620639314729,-0.0039554737,-0.0003407923,0.006560067,-0.0037266156,-0.8238875,True,False,-0.913782716,0.7811685080000003,False,False,,intermediate,0.003970127,0.007544677,1.9003615,
1.0,6227,mpEX,0.15729603,-0.27595252,0.1607531756162643,-0.3818838000297546,-0.01601393,0.0003670482,-0.0026216654,0.00384827,-0.0022447727041813,0.0040872555885192,-0.008125034,-6.1782375e-06,0.002212252,-0.004121948,-0.47222644,True,False,-0.913782716,0.7811685080000003,False,False,,intermediate,0.008125037,0.0046780887,0.57576215,
1.0,6229,scgnIN,0.63848597,-0.28832355,0.6347274780273438,-0.4594159126281738,0.02423421,0.02748501,-0.0027755976,0.00367595,-0.0024147256670603,0.0039302241881254,-0.005949808,-0.004526425,-0.005305823,0.0043626046,0.23020631,True,False,-0.913782716,0.7811685080000003,False,False,,intermediate,0.007475877,0.0068690665,0.9188308,
1.0,6230,wntEGC,0.42959848,-0.2777683,0.3899438679218292,-0.4281764328479767,-0.011388144,-0.002787585,-0.0015299232,0.0032545417,-0.0012133474432811,0.0033908235696861,0.0045575686,-0.0027059722,0.00013932839,-1.8038627e-05,0.91829467,True,False,-0.913782716,0.7811685080000003,False,True,H3,high_hotspot,0.0053003505,0.00014049125,0.02650603,N2_reaEGC_wntEGC
1.0,6231,mpEX,0.25505376,-0.28082561,0.250492662191391,-0.3923864662647247,0.006530571,-0.023191016,0.0038095198,-0.0029486292,0.0035150551978272,-0.0033042362970221,-0.0010794568,-0.0011831332,0.0053922357,-0.0028947515,-0.24442539,True,False,-0.913782716,0.7811685080000003,False,False,,intermediate,0.0016015715,0.0061201137,3.821318,
1.0,6238,tlNBL,0.60727435,-0.34525323,0.5933309197425842,-0.4523985087871551,0.014519076,-0.035880677,0.003210976,-0.0035867712,0.0028572728328255,-0.0038830311648332,-0.002298808,-0.0047979653,0.007814446,-0.0024710405,-0.14007826,True,False,-0.913782716,0.7811685080000003,False,False,,intermediate,0.005320243,0.00819583,1.5404991,
1.0,6239,scgnIN,0.6580807,-0.33563405,0.6300365328788757,-0.4670835137367248,0.009170173,0.04008232,-0.0029078883,0.0036243335,-0.0025515432336021,0.0038914425506067,-0.006978435,-0.002768591,-0.0023573725,-0.0048224176,0.73952574,True,False,-0.913782716,0.7811685080000003,False,False,,intermediate,0.007507573,0.0053677666,0.7149803,N1_sfrpEGC_VLMC
1.0,6240,tlNBL,0.6182673,-0.33785477,0.604335367679596,-0.4471992552280426,-0.008140203,0.002388729,-0.003290187,0.0031158314,-0.0029813448162227,0.0034211646846403,-0.0080376305,-0.005397827,0.0027360541,9.4721894e-05,-0.84895957,True,False,-0.913782716,0.7811685080000003,False,False,,intermediate,0.009681944,0.0027376933,0.28276277,
1.0,6241,mpIN,0.24069592,-0.28758633,0.220535472035408,-0.3836542963981628,-0.04544171,-0.02407546,-0.003852877,0.0027188726,-0.0035802837976571,0.0030793577195519,-0.0023444507,-0.0013715116,0.0061410787,-0.0026553078,-0.5918628,True,False,-0.913782716,0.7811685080000003,False,False,,intermediate,0.002716154,0.0066905534,2.4632452,
1.0,6247,mpIN,0.25413007,-0.27376303,0.2239424735307693,-0.397653192281723,0.0046137706,0.0049289963,-0.0034190044,0.003245991,-0.0030972878491372,0.0035632528576403,-0.002272528,-0.0014748183,0.0046976013,-0.0026030072,-0.46987063,True,False,-0.913782716,0.7811685080000003,False,False,,intermediate,0.0027091461,0.005370578,1.9823877,
1.0,6249,scgnIN,0.66093963,-0.3172114,0.6117522716522217,-0.471937358379364,0.026203588,-0.0011477526,0.003218123,-0.0034890014,0.0028737625141046,-0.0037862544408847,-0.007619206,-0.0037906629,0.002334315,-0.00086940237,-0.683547,True,False,-0.913782716,0.7811685080000003,False,False,,intermediate,0.008510077,0.0024909612,0.29270723,
1.0,6253,scgnIN,0.7300129,-0.32725632,0.6798557639122009,-0.4743664860725403,0.013360233,0.023791198,-0.0032194157,0.0034611674,-0.0028777172972356,0.0037586321061582,0.0019156599,-0.003752951,0.0011227088,-0.0032148536,0.99076897,True,False,-0.913782716,0.7811685080000003,False,True,,high_dispersed,0.004213596,0.0034052546,0.80815876,N1_sfrpEGC_VLMC
1.0,6258,wntEGC,0.42446455,-0.28816593,0.3946613669395447,-0.3902856111526489,-0.07908127,-0.1302465,0.0015573634,-0.003276322,0.0012386148092474,-0.0034151637021404,0.005241026,-0.0017829221,0.0070539494,-0.002026352,0.99884003,True,False,-0.913782716,0.7811685080000003,False,True,H3,high_hotspot,0.005535988,0.0073392303,1.3257308,N2_reaEGC_wntEGC
1.0,6260,mpIN,0.19473845,-0.27254224,0.1828882843255996,-0.3782687783241272,-0.0016686115,0.021538729,-0.0027304196,0.0044439053,-0.0022961286085613,0.0046914291389253,-0.008850941,0.0008625803,0.0048423726,-0.0053827898,-0.7377594,True,False,-0.913782716,0.7811685080000003,False,False,,intermediate,0.008892874,0.0072403727,0.8141769,
1.0,6263,sstIN,0.23104814,-0.29348558,0.1966989636421203,-0.4041764140129089,-0.022321168,-0.00023771723,-0.0037953376,0.0027251965,-0.0035223201311815,0.0030801500417929,-0.0032375406,-0.0019118943,0.0039142687,-0.0029986035,-0.37431285,True,False,-0.913782716,0.7811685080000003,False,False,,intermediate,0.0037599215,0.004930834,1.3114194,
1.0,6268,tlNBL,0.7173705,-0.3337552,0.6993688941001892,-0.4598937630653381,0.017263811,-0.0044681206,0.0034191664,-0.0034033176,0.0030823792366802,-0.0037200987229176,-0.00029624742,-0.0024071077,0.003088818,-0.0038036676,0.6934648,True,False,-0.913782716,0.7811685080000003,False,False,,intermediate,0.002425269,0.0048998655,2.020339,N1_sfrpEGC_VLMC
1.0,6269,tlNBL,0.6117679,-0.34503585,0.6084012985229492,-0.466551274061203,0.0040799845,0.0081950165,-0.0032357622,0.003308442,-0.0029086417067636,0.0036079542667173,-0.007861781,-0.005957758,-0.0023333137,-0.0017535787,0.99999195,True,False,-0.913782716,0.7811685080000003,False,True,H1,high_hotspot,0.009864203,0.0029187994,0.29589817,N1_sfrpEGC_VLMC
1.0,6270,VLMC,0.5397674,-0.34489983,0.4918780028820038,-0.4809451401233673,0.019232681,0.0026093172,0.0035334209,-0.0036065257,0.0031768081181834,-0.0039336099938679,0.004867515,-0.0036121057,0.0038953475,-0.0013722943,0.95542455,True,False,-0.913782716,0.7811685080000003,False,True,H1,high_hotspot,0.0060613537,0.004130003,0.68136644,N1_sfrpEGC_VLMC
1.0,6271,mpIN,0.21843079,-0.27944553,0.2105600982904434,-0.3809012472629547,0.011782146,0.035024438,-0.0030358643,0.003922544,-0.0026505502946378,0.0042009708327442,-0.0058624996,0.0028985224,0.0037833562,-0.0020383063,-0.99938774,True,False,-0.913782716,0.7811685080000003,True,False,,low_dispersed,0.006539903,0.0042974963,0.6571193,
1.0,6277,mpEX,0.35171586,-0.29512557,0.3451564610004425,-0.4047542214393616,-0.011491114,-0.03761704,0.00345781,-0.0030719426,0.003152642972909,-0.0033934707568567,0.0076155155,-0.0047126124,-0.0017819337,0.0021365406,-0.94876015,True,False,-0.913782716,0.7811685080000003,True,False,L2,low_hotspot,0.008955712,0.0027821024,0.31065115,
1.0,6281,mpEX,0.36209035,-0.29333758,0.3197325468063354,-0.4004771709442138,-0.012077006,-0.022658357,0.0033237126,-0.003080027,0.003018194234058,-0.0033886845531268,0.008348057,-0.0036636759,-0.006081694,0.0031233083,-0.99814755,True,False,-0.913782716,0.7811685080000003,True,False,L2,low_hotspot,0.00911661,0.006836816,0.74992967,
1.0,6285,sfrpEGC,0.5874238,-0.36211663,0.5737773776054382,-0.4582102298736572,0.03906084,0.021074967,0.0034488745,-0.003876931,0.0030666266301134,-0.0041950636042055,-0.004352789,-0.0026105987,-0.0022851175,-0.0016260701,0.9969419,True,False,-0.913782716,0.7811685080000003,False,True,H1,high_hotspot,0.005075628,0.002804615,0.55256516,N1_sfrpEGC_VLMC
1.0,6286,mpEX,0.30715886,-0.28721017,0.2735665142536163,-0.3906398415565491,-0.029578965,-0.03601055,0.002858175,-0.0031355785,0.0025488040847172,-0.0033994674812392,0.00409992,-0.0037719319,0.0009538491,0.0011308074,-0.04302796,True,False,-0.913782716,0.7811685080000003,False,False,,intermediate,0.005571069,0.001479376,0.26554614,
1.0,6288,scgnIN,0.7279718,-0.34628066,0.6672654747962952,-0.4715184569358825,0.030408215,0.00812651,0.0035758407,-0.0029952792,0.0032776448061919,-0.0033283552062241,-0.0028222625,-0.0016615953,0.0025917024,-0.0028576285,-0.20311067,True,False,-0.913782716,0.7811685080000003,False,False,,intermediate,0.003275067,0.0038578443,1.1779436,
1.0,6290,scgnIN,0.6467643,-0.31463063,0.6307290196418762,-0.4637911319732666,0.032157063,0.00015109696,0.0033569164,-0.003159198,0.0030437095183421,-0.0034707863603186,-0.0075954944,-0.0049745417,-0.0035388852,-0.0022111062,0.9997716,True,False,-0.913782716,0.7811685080000003,False,True,H1,high_hotspot,0.009079515,0.0041728527,0.45958984,N1_sfrpEGC_VLMC
1.0,6291,sstIN,-0.057207156,-0.30043268,-0.0432216115295887,-0.3855255246162414,-0.0393293,-0.015337188,-0.0032338253,0.0019504986,-0.0030367868084217,0.0022541095059308,0.010930831,-0.00048673886,-0.009513291,-5.4950557e-05,-0.9987365,True,False,-0.913782716,0.7811685080000003,True,False,,low_dispersed,0.010941662,0.009513449,0.8694702,
1.0,6292,VLMC,0.5700066,-0.3461964,0.5289574265480042,-0.4660887122154236,-0.036496837,-0.0503691,0.004110215,-0.0035129655,0.0037607447986534,-0.0038955954678337,0.003185641,-0.0014074208,-0.00094425015,0.002052186,-0.7494641,True,False,-0.913782716,0.7811685080000003,False,False,,intermediate,0.0034826917,0.0022589988,0.64863586,
1.0,6293,mpEX,0.36447293,-0.31095165,0.3607703745365143,-0.4047355055809021,0.012034389,-0.045617282,0.0030043437,-0.0034840554,0.002661131464148,-0.0037608463413372,0.008686964,-0.004162167,-0.00587193,0.004294893,-0.9829919,True,False,-0.913782716,0.7811685080000003,True,False,L2,low_hotspot,0.0096326005,0.0072750025,0.755248,
1.0,6300,scgnIN,0.6691315,-0.32324797,0.6510484218597412,-0.4590081870555877,0.0007545953,0.027911173,-0.0032530467,0.0034945505,-0.002908044460971,0.0037951312864926,-0.0076750717,-0.004057121,0.0010934568,-0.002942083,0.13006352,True,False,-0.913782716,0.7811685080000003,False,False,,intermediate,0.008681415,0.0031387098,0.3615436,
1.0,6301,scgnIN,0.6790955,-0.30476278,0.6372140645980835,-0.4639549255371094,0.020188402,0.021797935,-0.0032938195,0.0033037907,-0.002966961333114,0.0036088789237239,-0.0020932024,-0.002433111,0.0012080441,-0.000481589,-0.3250826,True,False,-0.913782716,0.7811685080000003,False,False,,intermediate,0.003209599,0.0013004994,0.40519062,
1.0,6306,tlNBL,0.5979874,-0.36211303,0.5779862999916077,-0.4602604806423187,0.047978766,-0.0028276115,0.003238719,-0.0038720751,0.0028575992925389,-0.0041700924433849,-0.005727936,-0.0049200854,-0.0021686417,-0.0025937776,0.9864583,True,False,-0.913782716,0.7811685080000003,False,True,H1,high_hotspot,0.0075509264,0.0033809303,0.4477504,N1_sfrpEGC_VLMC
1.0,6308,wntEGC,0.42005375,-0.31296083,0.3998997807502746,-0.4234556555747986,-0.03898278,-0.018809622,-0.00034173628,0.0033652873,-1.8300949479330365e-05,0.003387404721122,0.0037142097,-0.0018272637,0.005412145,-0.0012323548,0.97290534,True,False,-0.913782716,0.7811685080000003,False,True,H3,high_hotspot,0.004139353,0.005550677,1.3409528,N2_reaEGC_wntEGC
1.0,6313,dpEX,0.27952263,-0.29194885,0.2569227516651153,-0.3904504179954529,-0.0030109363,-0.024075033,0.003698628,-0.0023828044,0.0034587129069163,-0.0027295744089116,-0.0034102579,-0.0036132818,0.002655806,-0.0019338523,-0.1267814,True,False,-0.913782716,0.7811685080000003,False,False,,intermediate,0.004968467,0.003285284,0.66122687,
1.0,6316,VLMC,0.54817164,-0.36011565,0.5124252438545227,-0.4559412002563476,-0.021893451,-0.01926768,-0.0032209698,0.0038471685,-0.0028422919188697,0.0041435642575676,0.0042726737,-0.004531322,-0.004328153,0.0052897288,-0.99753153,True,False,-0.913782716,0.7811685080000003,True,False,,low_dispersed,0.006228051,0.0068347743,1.0974178,
1.0,6319,tlNBL,0.6274203,-0.33516204,0.6274275779724121,-0.4683694243431091,0.0033826907,0.02268122,-0.003365743,0.002983774,-0.0030693119458684,0.0032967613764175,-0.008300627,-0.004965538,-0.0019882906,-0.0029223245,0.90718335,True,False,-0.913782716,0.7811685080000003,False,True,H1,high_hotspot,0.009672485,0.0035345834,0.3654266,N1_sfrpEGC_VLMC
1.0,6325,VLMC,0.5284024,-0.33233327,0.5019291639328003,-0.4757408499717712,0.023304189,-0.020893205,0.002992644,-0.0037995698,0.002619245858167,-0.0040742446127637,0.0042514796,-0.0028628702,0.0050224443,-0.0019516124,0.9754555,True,False,-0.913782716,0.7811685080000003,False,True,H1,high_hotspot,0.0051255347,0.005388296,1.0512652,N1_sfrpEGC_VLMC
1.0,6326,mpEX,0.16733257,-0.30628008,0.173398345708847,-0.3938775062561035,-0.02467964,0.0003535036,-0.0024294674,0.0037515156,-0.0020624490968008,0.0039723960024031,-0.0119590135,0.00092523656,0.0033258076,-0.005348035,-0.59201944,True,False,-0.913782716,0.7811685080000003,False,False,,intermediate,0.011994751,0.006297815,0.5250476,
1.0,6329,scgnIN,0.6632103,-0.3266331,0.6232627630233765,-0.4629646837711334,0.008733424,0.032793872,-0.0033101747,0.0036009327,-0.0029548020202663,0.0039066500759072,-0.003262021,-0.002601476,0.00092642976,-0.0037317027,0.4167596,True,False,-0.913782716,0.7811685080000003,False,False,,intermediate,0.004172344,0.0038449808,0.9215397,
1.0,6330,mpIN,0.22095937,-0.30534446,0.2064117938280105,-0.3982552587985992,-0.019286595,-0.001046503,-0.0036253445,0.003158724,-0.0033113361832025,0.0034960262479522,-0.0045247995,-0.0020360826,0.0027706567,-0.0034669188,-0.2487551,True,False,-0.913782716,0.7811685080000003,False,False,,intermediate,0.0049617984,0.004438025,0.8944388,
1.0,6332,wntEGC,0.40456852,-0.30945534,0.415420264005661,-0.4155394434928894,0.08853704,0.04202844,0.0010318931,-0.003807922,0.0006638808912736,-0.0038947521852881,0.0070508216,0.00095913064,0.009145196,0.0040728813,0.9600024,True,False,-0.913782716,0.7811685080000003,False,True,H3,high_hotspot,0.0071157585,0.010011142,1.4068974,N2_reaEGC_wntEGC
1.0,6333,mpEX,0.30255798,-0.28425005,0.2765633463859558,-0.3863408863544464,0.0024994032,-0.045954835,0.0030827953,-0.002743438,0.0028102784833883,-0.0030300801936118,0.002445382,-0.002601669,0.0017176018,-0.00079723686,0.9279992,True,False,-0.913782716,0.7811685080000003,False,True,,high_dispersed,0.0035705145,0.0018936057,0.5303453,
1.0,6336,tlNBL,0.6047251,-0.354263,0.5973309874534607,-0.4677013754844665,0.01496835,0.012920821,0.0032179032,-0.003836212,0.002840284496692,-0.0041323485325057,-0.0053123734,-0.005073056,-0.0019325691,-0.0013285691,0.9872119,True,False,-0.913782716,0.7811685080000003,False,True,H1,high_hotspot,0.007345557,0.0023451906,0.31926653,N1_sfrpEGC_VLMC
1.0,6338,mpEX,0.35897034,-0.3114067,0.3247541785240173,-0.4186291098594665,0.013525366,-0.05310561,0.0027052679,-0.0037041847,0.0023419132264665,-0.0039516329740637,0.008013015,-0.0030968026,-0.005321668,0.004060271,-0.9602332,True,False,-0.913782716,0.7811685080000003,True,False,L2,low_hotspot,0.008590611,0.0066937245,0.7791908,
1.0,6340,wntEGC,0.39145106,-0.31270856,0.3729698359966278,-0.4185296893119812,0.11875351,0.016446285,0.002002389,-0.0035927277,0.0016519281534947,-0.0037731996478597,0.008603038,-0.00084917044,0.0119943265,-0.00026340593,0.9970807,True,False,-0.913782716,0.7811685080000003,False,True,H3,high_hotspot,0.008644846,0.011997218,1.3877885,N2_reaEGC_wntEGC
1.0,6341,wntEGC,0.38015115,-0.30315405,0.3487852215766907,-0.4059247374534607,0.0044661975,-0.062854156,0.003017139,-0.0030274827,0.0027176209068407,-0.0033069396786655,0.0076093785,-0.003993406,-0.00651625,0.0024067815,-0.9916289,True,False,-0.913782716,0.7811685080000003,True,False,L2,low_hotspot,0.008593598,0.006946518,0.8083364,
1.0,6346,sstIN,-0.08236034,-0.314785,-0.0681947469711303,-0.3830228745937347,0.010858528,-0.010244709,0.002183905,-0.002888645,0.0019003149606196,-0.0030887255326537,0.0034313942,-0.002141741,-0.004940268,0.0038802624,-0.994195,True,False,-0.913782716,0.7811685080000003,True,False,,low_dispersed,0.004044938,0.0062819333,1.5530357,
1.0,6353,scgnIN,0.64397836,-0.3539332,0.6060395240783691,-0.4851230382919311,0.021624425,0.016790157,0.0033645965,-0.0033804525,0.0030301717104335,-0.0036920785344781,-0.006872592,-0.0011801402,0.000995976,-0.004954513,-0.028317843,True,False,-0.913782716,0.7811685080000003,False,False,,intermediate,0.006973181,0.005053629,0.72472364,
1.0,6354,tlNBL,0.6224624,-0.3598041,0.6087193489074707,-0.4730269014835357,0.0006019981,0.013951933,-0.0033587273,0.0033530658,-0.0030269443746747,0.003664216028604,-0.00618474,-0.00337351,-0.0006054935,-0.0058513195,0.5666724,True,False,-0.913782716,0.7811685080000003,False,False,,intermediate,0.007044968,0.005882564,0.8350022,
1.0,6355,mpIN,0.22287196,-0.29460168,0.2210817784070968,-0.411273717880249,-0.030299818,-0.020119542,-0.0035491681,0.0034061223,-0.0032117021256578,0.0037353472715101,-0.0050124866,0.00017596116,0.0035380211,-0.0029642435,-0.78858405,True,False,-0.913782716,0.7811685080000003,False,False,,intermediate,0.0050155744,0.0046156617,0.9202658,
1.0,6357,scgnIN,0.7101026,-0.32354516,0.6778976917266846,-0.501184344291687,0.043988686,-0.025582135,0.003541488,-0.0035479474,0.0031904609370978,-0.0038759892155634,-0.0024581116,-0.0025964945,0.0022065965,-0.002979676,0.1744467,True,False,-0.913782716,0.7811685080000003,False,False,,intermediate,0.0035754854,0.0037077672,1.0369968,
1.0,6358,mpIN,0.21618521,-0.31668895,0.19822958111763,-0.4006083011627197,-0.026814211,-0.029673139,0.0034885996,-0.0035086474,0.0031415038818453,-0.0038317471300088,-0.003016537,-0.0015545506,0.0018453569,-0.001483759,-0.40569988,True,False,-0.913782716,0.7811685080000003,False,False,,intermediate,0.0033935413,0.0023678858,0.6977625,
1.0,6362,obNBL,0.74727786,-0.37160218,0.7038211226463318,-0.4890908598899841,0.015984219,-0.005648909,0.003600161,-0.003218297,0.0032805257759366,-0.0035529989879902,0.00014098846,-0.0017900802,0.00027267876,-0.00041484478,0.87619174,True,False,-0.913782716,0.7811685080000003,False,True,H4,high_hotspot,0.0017956238,0.0004964372,0.2764706,N1_sfrpEGC_VLMC
1.0,6363,scgnIN,0.68005925,-0.34521195,0.67010098695755,-0.4835960865020752,0.02665204,0.032288153,-0.003437664,0.003341515,-0.0031067383423565,0.0036602629895273,-0.005941882,-0.002095711,-0.0007583282,-0.0053051403,0.46271905,True,False,-0.913782716,0.7811685080000003,False,False,,intermediate,0.006300632,0.005359065,0.8505599,
1.0,6364,sfrpEGC,0.56992507,-0.41016138,0.5746562480926514,-0.4677968323230743,0.09125514,0.00066461443,0.0017234546,-0.004417782,0.0012948427294344,-0.0045689323436523,-0.002603231,-0.0008291843,-0.0060872724,0.0069427467,0.39996365,True,False,-0.913782716,0.7811685080000003,False,False,,intermediate,0.0027320976,0.0092334505,3.3796196,
1.0,6366,mpIN,0.35214812,-0.30534914,0.3089726865291595,-0.4140633344650268,-0.024814447,-0.031712156,0.0032572262,-0.0032748538,0.0029332553205779,-0.0035765280943733,0.008218074,-0.0029699504,-0.0029538465,0.0034517103,-0.8697119,True,False,-0.913782716,0.7811685080000003,False,False,,intermediate,0.008738269,0.004543073,0.5199054,
1.0,6367,VLMC,0.5569103,-0.35147023,0.520774781703949,-0.4666273295879364,0.014560828,-0.017026858,0.003985476,-0.0034463832,0.0036427771704137,-0.0038172745685162,0.005994181,-0.0026919413,0.0075734165,-0.0017407069,0.9808186,True,False,-0.913782716,0.7811685080000003,False,True,H1,high_hotspot,0.006570902,0.007770888,1.1826211,N1_sfrpEGC_VLMC
1.0,6368,mpIN,0.32393312,-0.29836953,0.2909664511680603,-0.4183918833732605,-0.015153154,-0.044124544,0.0037268053,-0.002799768,0.0034468609220305,-0.0031479216063302,0.006445501,-0.003273805,0.0016757838,0.00069729757,0.64919215,True,False,-0.913782716,0.7811685080000003,False,False,,intermediate,0.0072292658,0.0018150689,0.25107238,
1.0,6369,mpEX,0.29604882,-0.29613906,0.2887660264968872,-0.4166849255561828,-0.016824163,-0.016111411,-0.0028833996,0.0031318476,-0.0025743065193304,0.0033981646140667,0.0018083219,-0.0035450088,0.0028145865,0.0027192226,-0.2921452,True,False,-0.913782716,0.7811685080000003,False,False,,intermediate,0.0039795875,0.003913575,0.9834122,
1.0,6373,wntEGC,0.38159645,-0.31850284,0.3615504801273346,-0.4357098937034607,0.030301832,-0.058455974,0.0026525743,-0.0032440566,0.0023334610993898,-0.0034879091095055,0.0083063375,-0.0032719767,-0.0050001447,0.001127081,-0.9882353,True,False,-0.913782716,0.7811685080000003,True,False,L2,low_hotspot,0.0089275455,0.0051255985,0.574133,
1.0,6386,WSN,0.75911796,-0.333754,0.7021836042404175,-0.4885816276073456,0.033989944,0.018802026,0.003335466,-0.0034291202,0.0029964711870218,-0.0037378022621904,-0.0010494458,-0.0019985954,0.0030778318,-0.0036694086,0.3795709,True,False,-0.913782716,0.7811685080000003,False,False,,intermediate,0.0022573704,0.0047893226,2.1216378,
1.0,6387,VLMC,0.52543414,-0.3466792,0.4952245354652405,-0.4742365777492523,-0.014370949,-0.018330852,0.0028683161,-0.0034180647,0.0025318542183803,-0.0036820338793052,0.0037595704,-0.004626006,-0.0025314062,0.0027468542,-0.99806845,True,False,-0.913782716,0.7811685080000003,True,False,,low_dispersed,0.005961065,0.0037354017,0.6266332,
1.0,6392,scgnIN,0.7197047,-0.31762034,0.6968655586242676,-0.4897918105125427,-0.0016157788,0.033122312,-0.0030851304,0.0033058156,-0.0027587366281894,0.0035909073602621,-0.001575791,-0.0021854485,0.0018418437,-0.004737296,0.544069,True,False,-0.913782716,0.7811685080000003,False,False,,intermediate,0.0026943095,0.0050827516,1.8864765,
1.0,6394,VLMC,0.54439074,-0.32785982,0.510577380657196,-0.4721778035163879,-0.023842271,-0.022611912,-0.003717183,0.004068506,-0.0033157378384083,0.0044117350924065,0.00499929,-0.0027260934,-0.0055574304,0.0005011111,-0.91740036,True,False,-0.913782716,0.7811685080000003,True,False,,low_dispersed,0.0056942506,0.005579977,0.9799317,
1.0,6396,MSN,0.65965265,-0.320565,0.6468183398246765,-0.4867004752159118,0.032067135,0.025591217,0.003220512,-0.0035341159,0.0028718225903102,-0.0038314553859175,-0.008142364,-0.004389027,0.0013709508,-0.002823867,0.042403836,True,False,-0.913782716,0.7811685080000003,False,False,,intermediate,0.0092499545,0.003139065,0.33936006,
1.0,6403,nptxEX,-0.06818548,-0.32483956,-0.0723981708288192,-0.3819267451763153,-0.030416228,-0.0077732964,-0.0027853998,0.002066335,-0.0025786801724612,0.0023266262521182,0.008425802,-0.001470745,-0.009749871,-0.0006138029,-0.972355,True,False,-0.913782716,0.7811685080000003,True,False,,low_dispersed,0.0085531995,0.009769172,1.1421659,
1.0,6409,obNBL,0.71544313,-0.35236055,0.671915590763092,-0.4891510605812073,0.016766211,0.00024364157,0.003628621,-0.0028120945,0.0033478057228608,-0.0031508042788924,-0.0017230903,-0.0006048445,0.001525143,-0.0035521467,-0.06791793,True,False,-0.913782716,0.7811685080000003,False,False,,intermediate,0.0018261645,0.003865722,2.116853,
1.0,6410,MSN,0.69711506,-0.34336203,0.681456446647644,-0.4993115663528442,0.03944199,0.017847659,0.0029918214,-0.0033452043,0.0026619490363999,-0.0036212337869892,-0.0024268245,-0.001461901,0.0011352987,-0.0021308714,0.052621324,True,False,-0.913782716,0.7811685080000003,False,False,,intermediate,0.002833131,0.002414439,0.8522158,
1.0,6411,tlNBL,0.65574074,-0.36009425,0.6247662305831909,-0.4980469644069671,0.007377688,0.020370169,-0.0030819217,0.0038697005,-0.002701524200501,0.0041527058601633,-0.01110859,-0.0019275919,0.00077849114,-0.00422727,-0.010306758,True,False,-0.913782716,0.7811685080000003,False,False,,intermediate,0.01127459,0.0042983554,0.38124272,
1.0,6412,reaEGC,0.6022484,-0.36221302,0.5829286575317383,-0.4777074754238128,0.025570914,0.016011432,0.0030486987,-0.004028144,0.0026532288312094,-0.0043074669342115,-0.004599651,-0.003208789,0.0057193874,-0.0019798712,-0.5878634,True,False,-0.913782716,0.7811685080000003,False,False,,intermediate,0.0056083077,0.006052378,1.0791808,
1.0,6420,obNBL,0.7666096,-0.37129086,0.707018256187439,-0.4941920638084411,0.037217874,0.013688383,0.0034170991,-0.0032114943,0.0030986930034966,-0.0035286825352112,-0.0006667217,-0.0021274034,0.0007678004,0.0001665757,-0.4945724,True,False,-0.913782716,0.7811685080000003,False,False,,intermediate,0.0022294312,0.0007856621,0.35240474,
1.0,6422,reaEGC,0.59765685,-0.3599531,0.5880254507064819,-0.4779179692268371,0.11072115,0.021412013,0.0032882967,-0.0038040066,0.002913540880017,-0.0041069876908241,0.0047819014,-0.0022466066,0.008352953,-0.0019168892,0.9772682,True,False,-0.913782716,0.7811685080000003,False,True,H1,high_hotspot,0.0052833534,0.008570081,1.6220912,N1_sfrpEGC_VLMC
1.0,6423,mpEX,0.30695248,-0.29918998,0.2939237356185913,-0.4120506346225738,-0.0050207484,-0.048482575,0.0031334062,-0.0029255776,0.0028432827129684,-0.0032164932073075,0.0028507565,-0.0032853014,0.0018859092,0.0036481838,-0.36997965,True,False,-0.913782716,0.7811685080000003,False,False,,intermediate,0.0043497146,0.0041068112,0.94415647,
1.0,6425,scgnIN,0.7407264,-0.361667,0.700282871723175,-0.5051480531692505,0.0028812,-0.003946768,0.0037373067,-0.0028868166,0.0034489908594397,-0.0032357015159681,0.00083252223,-0.0018783216,0.0019665784,-0.0013661403,0.854378,True,False,-0.913782716,0.7811685080000003,False,True,H4,high_hotspot,0.0020545523,0.0023945293,1.165475,N1_sfrpEGC_VLMC
1.0,6426,wntEGC,0.39745936,-0.30399913,0.3674368262290954,-0.4273768961429596,0.004870842,-0.026456041,0.0016788756,-0.003645744,0.00132435714868,-0.0037950596397702,0.0063929884,-0.002450161,-0.006090052,0.0008518734,-0.9743431,True,False,-0.913782716,0.7811685080000003,True,False,L2,low_hotspot,0.006846429,0.006149343,0.8981826,
1.0,6427,mpEX,0.35169405,-0.3255362,0.3167659044265747,-0.4224136769771576,0.021462716,-0.04820236,0.0032464124,-0.0029583047,0.0029527975082255,-0.0032599418388086,0.009721295,-0.0030635085,-0.0021196245,0.0012746189,-0.9722523,True,False,-0.913782716,0.7811685080000003,True,False,L2,low_hotspot,0.010192579,0.0024733501,0.24266186,
1.0,6431,wntEGC,0.40405962,-0.33357176,0.3829139471054077,-0.4313566088676452,-0.0050647673,-0.014197656,0.0008581917,-0.0038857213,0.0004832751990812,-0.0039556674993486,0.0040822113,-0.0026627916,-0.0034751233,0.00016014923,-0.86182845,True,False,-0.913782716,0.7811685080000003,False,False,,intermediate,0.0048739007,0.0034788116,0.71376336,
1.0,6432,mpEX,0.19623515,-0.31065753,0.1565792709589004,-0.4032371342182159,-0.006986474,-2.167595e-05,-0.0028892006,0.0035730824,-0.0025378237965892,0.0038385630229872,-0.002782486,0.0026900498,0.0025257072,-0.0032624998,-0.98972136,True,False,-0.913782716,0.7811685080000003,True,False,,low_dispersed,0.0038702192,0.004125906,1.0660652,
1.0,6433,VLMC,0.0975675,-0.3201333,0.0959241464734077,-0.4006581902503967,0.00021201858,-0.019656075,0.003951921,-0.0025136536,0.0036986730891408,-0.0028842734622419,-0.0019800847,-0.0002218197,0.00860223,-0.0049267635,-0.80703217,True,False,-0.913782716,0.7811685080000003,False,False,,intermediate,0.0019924706,0.009913191,4.975326,
1.0,6436,dpEX,0.26379058,-0.3183115,0.2382180094718933,-0.4133013486862182,-0.0019227911,-0.030374281,0.0028065497,-0.0032473581,0.0024866344002445,-0.0035059493598313,-0.0031855209,-0.0021573568,0.00051171385,-0.00037705895,-0.33393526,True,False,-0.913782716,0.7811685080000003,False,False,,intermediate,0.003847302,0.0006356292,0.16521429,
1.0,6439,wntEGC,0.40058798,-0.32299757,0.3606065213680267,-0.4137944281101227,-0.024856482,-0.1607478,0.0012109812,-0.003995988,0.0008243893275539,-0.0040993796656787,0.006902781,-0.0009101406,0.0096206805,-0.0009427297,0.99944174,True,False,-0.913782716,0.7811685080000003,False,True,H3,high_hotspot,0.006962524,0.009666759,1.3883986,N2_reaEGC_wntEGC
1.0,6444,wntEGC,0.36904496,-0.3236075,0.3551159203052521,-0.418293297290802,0.015791647,-0.06952501,0.0033272717,-0.0028838222,0.0030405362929725,-0.0031934397234059,0.008314401,-0.0036965883,-0.007102938,0.002739359,-0.9987369,True,False,-0.913782716,0.7811685080000003,True,False,L2,low_hotspot,0.009099122,0.0076128715,0.83665997,
1.0,6446,VLMC,0.5162801,-0.33121097,0.5122640132904053,-0.4855690002441406,-0.012087281,-0.003778224,-0.0029075511,0.0036555524,-0.0025482167377266,0.0039225306280714,0.0031715315,-0.0030695235,-0.0022312177,0.001557738,-0.987296,True,False,-0.913782716,0.7811685080000003,True,False,,low_dispersed,0.004413682,0.002721191,0.6165353,
1.0,6454,MSN,0.7067938,-0.36743864,0.6585823893547058,-0.5105321407318115,0.008469237,0.019102419,-0.003454092,0.002837044,-0.0031714373141084,0.0031589570431593,-0.00042935804,-0.004394303,0.0014449424,-0.0020923824,0.76370096,True,False,-0.913782716,0.7811685080000003,False,False,,intermediate,0.0044152294,0.0025428177,0.57591975,N1_sfrpEGC_VLMC
1.0,6460,mpEX,0.28740183,-0.32303202,0.2869706749916076,-0.4238812923431396,-0.00215778,0.005213918,-0.0031762135,0.003036303,-0.002875348705741,0.0033309697515887,-0.00042475393,-0.00044449326,-0.0003615548,0.0027491122,-0.62671965,True,False,-0.913782716,0.7811685080000003,False,False,,intermediate,0.00061480905,0.0027727855,4.5099945,
1.0,6463,sfrpEGC,0.59129953,-0.39696592,0.5598437786102295,-0.4861618280410766,0.022831634,-0.01737051,0.0022555168,-0.005097504,0.0017601165990137,-0.0052974751400449,-0.0060010185,0.0014818193,-0.008277343,0.0029874584,0.99456733,True,False,-0.913782716,0.7811685080000003,False,True,H1,high_hotspot,0.006181263,0.008799961,1.423651,N1_sfrpEGC_VLMC
1.0,6467,reaEGC,0.6280383,-0.3695097,0.6041061878204346,-0.4918330311775207,0.00996421,0.011000373,-0.003487004,0.0034981898,-0.0031409150482855,0.0038211696946357,-0.007224531,-0.0023178232,0.0017531468,-0.0057260534,0.01334453,True,False,-0.913782716,0.7811685080000003,False,False,,intermediate,0.007587236,0.0059884232,0.789276,
1.0,6468,sstIN,0.36016697,-0.32069415,0.3005103468894958,-0.4409779906272888,-0.022209417,-0.03347416,0.0032830555,-0.0031218342,0.002973660707677,-0.0034264654575416,0.00843354,-0.0030247602,-0.004952859,0.0025312786,-0.99180645,True,False,-0.913782716,0.7811685080000003,True,False,L2,low_hotspot,0.008959563,0.0055622105,0.62081265,
1.0,6469,tlNBL,0.6535919,-0.38439524,0.6191315054893494,-0.4903073906898498,-0.01562604,0.012037355,-0.0035257903,0.003483227,-0.0031810122829694,0.0038099693392452,-0.0052232197,-0.0024016476,0.0002878243,-0.004757758,0.36213124,True,False,-0.913782716,0.7811685080000003,False,False,,intermediate,0.005748907,0.0047664563,0.8291065,
1.0,6471,reaEGC,0.60600793,-0.37475282,0.588224470615387,-0.4788964986801147,-0.015528032,-0.0062579815,-0.0025251869,0.004320137,-0.0021033989475217,0.0045483924802944,-0.009511124,7.8548874e-05,-0.01398822,0.0026986676,0.98342496,True,False,-0.913782716,0.7811685080000003,False,True,H1,high_hotspot,0.009511448,0.014246161,1.4977909,N1_sfrpEGC_VLMC
1.0,6472,mpEX,0.25546998,-0.3233846,0.2277891486883163,-0.4348378181457519,0.0020217819,-0.026460063,0.0028060416,-0.0034858426,0.002463283800766,-0.0037436327710048,-0.0015576561,-2.3735663e-05,0.0009900632,-0.00010103008,-0.9931717,True,False,-0.913782716,0.7811685080000003,True,False,L4,low_hotspot,0.0015578369,0.0009952046,0.63883746,
1.0,6474,mpIN,0.3271687,-0.33519676,0.3064089119434356,-0.4356828331947326,0.018243896,-0.044439767,0.0030106024,-0.0033596589,0.0026792862455795,-0.00363744179249,0.004545615,-2.4288429e-05,-1.3166614e-05,0.0019769783,-0.012002798,True,False,-0.913782716,0.7811685080000003,False,False,,intermediate,0.00454568,0.001977022,0.4349233,
1.0,6475,mpIN,0.23538974,-0.33502382,0.1936720758676529,-0.4128623008728027,-0.03416345,-0.035871487,0.0032212378,-0.0035870904,0.0028674716588737,-0.0038843323330061,-0.0018745023,0.00047741664,0.00178307,-0.0006204672,-0.9963485,True,False,-0.913782716,0.7811685080000003,True,False,L4,low_hotspot,0.0019343437,0.0018879402,0.97601074,
1.0,6476,VLMC,0.073618904,-0.3457371,0.0703524500131607,-0.3832606673240661,-0.036426734,-0.017206443,-0.0047183125,0.0017656985,-0.0045342923952009,0.0022120899225705,0.00020666106,-0.00095805037,0.0045871465,-0.002132623,0.6033065,True,False,-0.913782716,0.7811685080000003,False,False,,intermediate,0.0009800864,0.0050586555,5.1614385,
1.0,6477,sstIN,-0.09081631,-0.3371696,-0.0810738354921341,-0.4092189073562622,-0.027451469,-0.023751669,-0.0021678891,0.0023467613,-0.0019362559854428,0.0025470172176019,0.004802983,-0.0030821112,-0.0038454654,0.004054239,-0.971029,True,False,-0.913782716,0.7811685080000003,True,False,,low_dispersed,0.0057068425,0.005587885,0.9791553,
1.0,6480,wntEGC,0.39944327,-0.3834445,0.3863058686256408,-0.448005199432373,-0.10242562,-0.060032263,-0.0014741195,0.003957515,-0.0010903827576056,0.0040862338399267,0.0040862532,0.0003613749,0.00606355,-0.00046510604,0.9864573,True,False,-0.913782716,0.7811685080000003,False,True,H3,high_hotspot,0.0041022017,0.006081362,1.4824629,N2_reaEGC_wntEGC
1.0,6482,WSN,0.7328929,-0.34150648,0.7066425681114197,-0.4931432902812958,0.027281992,0.007182465,0.0035042358,-0.0031994127,0.0031867120131469,-0.0035249857920449,-0.0043398105,-0.00020405704,0.0018603001,-0.0035279882,-0.42436576,True,False,-0.913782716,0.7811685080000003,False,False,,intermediate,0.004344605,0.0039884103,0.9180145,
1.0,6488,scgnIN,0.70441455,-0.3362438,0.6886752843856812,-0.4915599822998047,0.02567966,0.036267694,-0.0026426304,0.0037934983,-0.0022709180928088,0.0040346648235126,-0.0038085307,-0.00047675773,0.0012673205,-0.0036728126,-0.20623775,True,False,-0.913782716,0.7811685080000003,False,False,,intermediate,0.0038382553,0.0038853127,1.0122601,
1.0,6490,mpIN,0.26399904,-0.31979948,0.2602365016937256,-0.4237623214721679,0.0091796955,0.01868442,-0.003107155,0.0030391181,-0.0028062384175594,0.0033271609873757,-0.002333957,-0.0007464317,0.0009606204,-0.00029356804,-0.8218631,True,False,-0.913782716,0.7811685080000003,False,False,,intermediate,0.0024504112,0.0010044768,0.40992174,
1.0,6496,scgnIN,0.67836523,-0.37426463,0.6410929560661316,-0.5039793848991394,0.011934401,0.016839031,-0.0031341484,0.002981376,-0.0028386777745185,0.0032721865992133,-0.008602082,-0.0006376298,0.0008200061,-0.0018530103,-0.33596712,True,False,-0.913782716,0.7811685080000003,False,False,,intermediate,0.0086256815,0.002026341,0.23491952,
1.0,6497,MSN,0.66450155,-0.3805676,0.6279079914093018,-0.5050845742225647,-0.008629154,0.0291205,-0.003307717,0.003365504,-0.0029749034582795,0.0036717288354481,-0.0076913806,-0.0006642134,-0.0002430427,-0.0026464364,0.17679113,True,False,-0.913782716,0.7811685080000003,False,False,,intermediate,0.007720007,0.0026575732,0.34424493,
1.0,6498,wntEGC,0.37335992,-0.3336963,0.3462461829185486,-0.4516429305076599,-0.0065645655,-0.05234913,0.0027177627,-0.0032911282,0.0023939348884648,-0.0035410765316493,0.007431701,-0.0013433838,-0.0033447475,0.000234395,-0.9940796,True,False,-0.913782716,0.7811685080000003,True,False,L2,low_hotspot,0.0075521427,0.0033529506,0.44397342,
1.0,6503,mpEX,0.23192878,-0.315278,0.1917032748460769,-0.4283142983913421,-0.024903238,-0.0034801555,-0.0032666028,0.003733722,-0.0028986478106285,0.0040348468012848,-0.0041437414,0.00054257055,0.0020217856,-0.0011915398,-0.9201412,True,False,-0.913782716,0.7811685080000003,True,False,L4,low_hotspot,0.0041791117,0.0023467818,0.5615504,
1.0,6504,mpEX,0.17555065,-0.32261327,0.1508469879627227,-0.4335317015647888,-0.037241682,-0.028901372,-0.0029570817,0.0035038996,-0.0026121176617985,0.0037761007099185,-0.008791273,0.0027046755,0.0034069011,-0.0014563552,-0.99444014,True,False,-0.913782716,0.7811685080000003,True,False,,low_dispersed,0.0091979215,0.0037051244,0.40282193,
1.0,6512,scgnIN,0.7073894,-0.36737078,0.696715235710144,-0.496929258108139,-0.017180726,0.0323416,-0.003245798,0.0030807296,-0.0029404580584638,0.0033819216574329,-0.0036592316,-0.002995999,0.0017156434,-0.0013340445,-0.22194438,True,False,-0.913782716,0.7811685080000003,False,False,,intermediate,0.004729269,0.002173271,0.45953634,
1.0,6516,mpEX,0.26146162,-0.33672464,0.2546688318252563,-0.4366382956504822,0.0057357685,-0.023444757,0.0031354537,-0.0033504528,0.0028046254385447,-0.0036402240767442,-0.003123725,-0.0009810815,0.0010223977,0.0021573785,-0.6793489,True,False,-0.913782716,0.7811685080000003,False,False,,intermediate,0.0032741686,0.002387379,0.72915584,
1.0,6522,WSN,0.75701827,-0.34456208,0.7032391428947449,-0.5070472359657288,0.018684823,0.0013540112,0.0034058918,-0.0032052961,0.0030881147756899,-0.0035214303700365,0.00021045115,-0.0014728196,0.0021171265,-0.003001654,0.8904978,True,False,-0.913782716,0.7811685080000003,False,True,H4,high_hotspot,0.0014877793,0.0036731665,2.468892,N1_sfrpEGC_VLMC
1.0,6526,mpIN,0.17012736,-0.35425973,0.1726677417755127,-0.433305025100708,-0.031749807,-0.0041302033,-0.0031725825,0.002917799,-0.0028830805398186,0.0032124917655934,-0.0069250884,-0.002564912,0.0038924713,-0.002189464,-0.6470455,True,False,-0.913782716,0.7811685080000003,False,False,,intermediate,0.0073848236,0.004465992,0.6047527,
1.0,6527,mpEX,0.18270925,-0.33471775,0.1735230684280395,-0.4273483753204345,-0.03431572,-0.03153642,-0.0032684654,0.0030740423,-0.0029636945800756,0.0033774266847905,-0.006512919,-0.00096271525,0.0029082121,-0.0019124987,-0.7461958,True,False,-0.913782716,0.7811685080000003,False,False,,intermediate,0.006583687,0.003480711,0.5286872,
1.0,6529,sfrpEGC,0.5936971,-0.40556145,0.5749298930168152,-0.4874518513679504,0.059941903,0.0049376776,0.002086315,-0.004453828,0.0016531056471505,-0.0046396225410582,-0.00274809,-0.0012931444,0.003980623,-0.006037646,-0.14257768,True,False,-0.913782716,0.7811685080000003,False,False,,intermediate,0.0030371405,0.007231772,2.381112,
1.0,6534,scgnIN,0.70404685,-0.37257406,0.6830686330795288,-0.5058655738830566,0.026985079,0.029630477,-0.0032175924,0.0029428143,-0.0029255522363303,0.0032417396169621,0.0018359071,-0.0039927503,0.0010958471,-0.002986813,0.99685454,True,False,-0.913782716,0.7811685080000003,False,True,H4,high_hotspot,0.0043946113,0.0031814985,0.72395444,N1_sfrpEGC_VLMC
1.0,6538,reaEGC,0.6094643,-0.38504463,0.6036115884780884,-0.4938505589962005,0.0034566578,-0.02653663,0.00270896,-0.0040256097,0.00231480485495,-0.0042723976164841,-0.008616617,-0.00046155276,-0.015153533,0.007413517,0.87347263,True,False,-0.913782716,0.7811685080000003,False,True,H1,high_hotspot,0.00862897,0.016869789,1.9550177,N1_sfrpEGC_VLMC
1.0,6539,dpEX,0.27630448,-0.32804,0.2195659726858139,-0.4349567890167236,-0.011964067,-0.04374317,0.0029022768,-0.003481454,0.00255963576133,-0.0037484762553109,-0.0016305797,-0.0010312136,0.0002585047,0.0017666676,-0.65123487,True,False,-0.913782716,0.7811685080000003,False,False,,intermediate,0.0019292983,0.0017854801,0.9254557,
1.0,6542,wntEGC,0.39419484,-0.34630722,0.388660728931427,-0.4229811429977417,-0.080264784,-0.118119024,0.0013097867,-0.0043676007,0.000887286767143,-0.0044792843462519,0.004571937,-0.0007771034,0.0067495294,-0.0011718203,0.9999938,True,False,-0.913782716,0.7811685080000003,False,True,H3,high_hotspot,0.00463751,0.006850497,1.4771929,N2_reaEGC_wntEGC
1.0,6544,scgnIN,0.6998365,-0.35150406,0.6983657479286194,-0.4893551468849182,0.042993892,0.010520402,0.00289514,-0.0033632333,0.0025638457823838,-0.0036299449201251,-0.0020373035,-0.000756799,0.0015424861,-0.0020493702,-0.28550228,True,False,-0.913782716,0.7811685080000003,False,False,,intermediate,0.002173327,0.0025649916,1.1802143,
1.0,6547,wntEGC,0.42585903,-0.3494584,0.3694829940795898,-0.4551581144332886,0.013921406,-0.021952517,0.00043003625,-0.002680551,0.000171912484525,-0.0027132868570325,0.002278417,-0.001581847,-0.0015235692,-0.0019633058,-0.05305055,True,False,-0.913782716,0.7811685080000003,False,False,,intermediate,0.0027737024,0.0024851223,0.89595854,
1.0,6550,MSN,0.66160595,-0.3718465,0.6273208856582642,-0.5169302821159363,-0.009754813,0.023294497,-0.0036460396,0.0032805654,-0.0033202949859268,0.0036194656562126,-0.008715979,0.0005848142,-0.00021922184,-0.005283978,-0.025529344,True,False,-0.913782716,0.7811685080000003,False,False,,intermediate,0.008735577,0.005288523,0.60540056,
1.0,6555,reaEGC,0.63568413,-0.3737751,0.5935892462730408,-0.498058557510376,0.012377763,-0.009181068,0.0035155031,-0.0033577015,0.0031827815334019,-0.0036838544450799,-0.008552855,-0.0017720178,0.0048516486,-0.0039235246,-0.633818,True,False,-0.913782716,0.7811685080000003,False,False,,intermediate,0.0087344935,0.0062395944,0.7143625,
1.0,6556,mpIN,0.32074967,-0.35313416,0.2896896004676819,-0.4408803880214691,0.0062223193,-0.035622176,0.003188935,-0.003200783,0.0028722748499269,-0.0034961493736405,0.00910922,-0.00122601,0.0025254455,0.0009530277,0.88014287,True,False,-0.913782716,0.7811685080000003,False,True,H2,high_hotspot,0.009191354,0.0026992846,0.2936765,N2_reaEGC_wntEGC
1.0,6560,obNBL,0.7366454,-0.3643714,0.7011942863464355,-0.5112553834915161,-0.0017797649,0.028828228,-0.003583855,0.0030107403,-0.0032841527819536,0.0033445352243446,-0.0006244232,-0.00012292386,0.0006019255,-0.0012922272,-0.2392028,True,False,-0.913782716,0.7811685080000003,False,False,,intermediate,0.0006364076,0.0014255404,2.2399802,
1.0,6561,wntEGC,0.39009595,-0.33886585,0.3546502888202667,-0.4406363666057586,0.009182144,-0.06869911,0.001661119,-0.0040334957,0.0012695142598342,-0.0041798871669754,0.0067711663,-0.0028826247,-0.0041968348,-0.00014479281,-0.9060391,True,False,-0.913782716,0.7811685080000003,False,False,,intermediate,0.0073592267,0.0041993316,0.5706213,
1.0,6562,mpEX,0.30851603,-0.31789875,0.2869413793087005,-0.4404587745666504,-0.011931558,-0.025733108,0.0034914096,-0.0031343496,0.0031801586294646,-0.0034588993281547,0.0037274074,-0.0014127266,0.00091548014,0.0025546164,-0.0181754,True,False,-0.913782716,0.7811685080000003,False,False,,intermediate,0.0039861463,0.0027137003,0.6807829,
1.0,6563,nptxEX,0.22369477,-0.33346444,0.195064827799797,-0.4577409327030182,0.003633985,0.0069824588,-0.0033737612,0.0034209846,-0.0030354249521554,0.0037333606241681,-0.003722899,-0.0011189581,0.0024222848,-0.0006264911,-0.85509515,True,False,-0.913782716,0.7811685080000003,False,False,,intermediate,0.0038874212,0.0025019902,0.6436118,
1.0,6566,scgnIN,0.7296255,-0.38742357,0.6949821710586548,-0.5147740244865417,0.03064944,0.010757291,0.0035341433,-0.0031908574,0.0032173447283497,-0.0035193222339034,0.0004284743,-0.0028715704,0.00060398586,-0.00026169064,0.5286222,True,False,-0.913782716,0.7811685080000003,False,False,,intermediate,0.0029033613,0.00065824075,0.22671679,
1.0,6570,dpEX,0.18332654,-0.33034372,0.1603668928146362,-0.4096984267234802,-0.03861026,-0.04215794,0.0031620122,-0.003129052,0.0028523079103366,-0.0034220658316033,-0.0066017993,0.00020693665,0.0025153116,-0.0017054531,-0.8448604,True,False,-0.913782716,0.7811685080000003,False,False,,intermediate,0.0066050417,0.003038974,0.46009913,
1.0,6571,mpEX,0.24590234,-0.33725107,0.2575680911540985,-0.4477545619010925,-0.015185114,-0.021567216,0.003161402,-0.0031413455,0.0028505220096383,-0.0034342620498594,-0.0032374081,-2.2619135e-05,0.0015918623,0.0010524822,-0.8379955,True,False,-0.913782716,0.7811685080000003,False,False,,intermediate,0.0032374873,0.0019083355,0.5894496,
1.0,6577,wntEGC,0.39783072,-0.3846591,0.3676194548606872,-0.4482299387454986,0.029087225,-0.091090575,0.0015293276,-0.0041951234,0.0011226564441048,-0.0043283808614856,0.0055737095,0.0005058773,0.0069884574,0.0003964899,0.99942756,True,False,-0.913782716,0.7811685080000003,False,True,H3,high_hotspot,0.0055966196,0.0069996957,1.2507006,N2_reaEGC_wntEGC
1.0,6587,reaEGC,0.5961075,-0.3978282,0.592836320400238,-0.4966061115264892,0.026088702,0.0006241475,0.0022699581,-0.0040292586,0.0018768383903535,-0.0042339835114754,-0.0061113858,-0.0013362066,0.005189013,-0.005337194,-0.5278498,True,False,-0.913782716,0.7811685080000003,False,False,,intermediate,0.006255756,0.00744389,1.1899265,
1.0,6588,sfrpEGC,0.57755625,-0.41645086,0.5873723030090332,-0.4918179810047149,0.037637487,0.00941526,0.0018430809,-0.004573683,0.001399158061686,-0.0047357999688326,-0.0045502703,-0.0063737496,-0.0020688847,-0.00075656205,0.82521296,True,False,-0.913782716,0.7811685080000003,False,True,H1,high_hotspot,0.007831325,0.0022028775,0.28129053,N1_sfrpEGC_VLMC
1.0,6589,MCG,0.35706335,-0.35381913,0.3477970361709595,-0.43367999792099,0.024378741,-0.04916979,0.0030561762,-0.0031695191,0.0027429295472169,-0.0034522673810454,0.0035532983,-0.00161413,-0.0033016375,0.002095938,-0.9903226,True,False,-0.913782716,0.7811685080000003,True,False,L2,low_hotspot,0.0039027357,0.003910724,1.0020468,
1.0,6594,scgnIN,0.6991708,-0.36373523,0.6983479261398315,-0.5378599166870117,0.030295175,0.018786628,0.0033891953,-0.002795204,0.0031107532021877,-0.0031110327652194,-0.0013805022,-0.0013154409,0.0015875822,-0.0021996275,0.1356751,True,False,-0.913782716,0.7811685080000003,False,False,,intermediate,0.0019068747,0.0027127068,1.4225931,
1.0,6595,scgnIN,0.6632401,-0.3924432,0.6394279599189758,-0.5086906552314758,-0.0036978968,0.014900621,-0.003439486,0.0031517271,-0.0031267343050333,0.0034712483506051,-0.006690783,-0.002497061,-0.0021720056,-0.002812429,0.849382,True,False,-0.913782716,0.7811685080000003,False,True,H4,high_hotspot,0.007141561,0.0035535004,0.49758035,N1_sfrpEGC_VLMC
1.0,6596,mpEX,0.3641625,-0.33138642,0.3014929294586181,-0.43727707862854,0.0012334737,-0.05541725,0.003055124,-0.0029451149,0.0027633761438748,-0.003228470298918,0.008006473,-0.0019273867,-0.006154627,0.002081325,-0.99596477,True,False,-0.913782716,0.7811685080000003,True,False,L2,low_hotspot,0.008235195,0.0064970264,0.7889342,
1.0,6599,mpIN,0.3283665,-0.34271592,0.2889447212219238,-0.4433025121688843,-0.0020916925,-0.053743534,0.0030048874,-0.003364387,0.0026731363163131,-0.0036416075282892,0.008925134,-0.0017160656,-0.0013683792,0.0027535404,-0.60611105,True,False,-0.913782716,0.7811685080000003,False,False,,intermediate,0.009088614,0.0030748083,0.33831432,
1.0,6606,MSN,0.68263316,-0.37280935,0.6476633548736572,-0.506942868232727,0.032718435,0.030303631,0.0030536533,-0.0028794748,0.0027681975842339,-0.0031628964206396,-0.0033948445,-0.0024241037,-0.0009454666,-0.0033657798,0.7795485,True,False,-0.913782716,0.7811685080000003,False,False,,intermediate,0.0041714804,0.003496052,0.8380842,N1_sfrpEGC_VLMC
1.0,6607,sstIN,0.28869784,-0.34638482,0.2601131498813629,-0.4599143266677856,-0.006870675,-0.000118983764,-0.0037368685,0.0031140596,-0.0034267867025328,0.0034621855546868,0.00020997347,-0.0025110238,-0.0012923843,0.0005286296,-0.45439848,True,False,-0.913782716,0.7811685080000003,False,False,,intermediate,0.0025197875,0.0013963189,0.5541415,
1.0,6612,sstIN,0.23756519,-0.3228813,0.2308453917503357,-0.4417261183261871,-0.0007023389,-0.0076709976,0.0033214733,-0.0035475087,0.0029711823659794,-0.0038544769784323,-0.0029165845,-0.0017135695,0.0033100292,-0.0013216326,-0.6128899,True,False,-0.913782716,0.7811685080000003,False,False,,intermediate,0.0033827187,0.0035641277,1.0536282,
1.0,6613,VLMC,0.10338679,-0.34115344,0.0916507393121719,-0.443377822637558,-0.0069414177,0.032111768,-0.004043853,0.002680502,-0.0037743326203562,0.0030594014189859,-0.0067273406,0.002524168,0.007606213,-0.0056820367,-0.96032256,True,False,-0.913782716,0.7811685080000003,True,False,,low_dispersed,0.0071853,0.00949421,1.3213379,
1.0,6615,dpEX,0.30405086,-0.31484762,0.2620678544044494,-0.4250352084636688,-0.0057128817,-0.03570378,0.0036601273,-0.0028997343,0.0033708175824027,-0.0032411855088283,0.0045875795,-0.0009249077,0.0012627827,0.0020211393,0.35180828,True,False,-0.913782716,0.7811685080000003,False,False,,intermediate,0.0046798866,0.0023831963,0.5092423,
1.0,6616,dpEX,0.28954014,-0.31047726,0.2533415257930755,-0.4321170747280121,0.011276502,-0.0587621,0.0031453127,-0.003188677,0.0028299496467805,-0.003479902990915,0.0010597729,-0.001853882,0.0015905396,0.0007397977,0.08385554,True,False,-0.913782716,0.7811685080000003,False,False,,intermediate,0.002135415,0.0017541712,0.82146615,
1.0,6618,mpEX,0.20347476,-0.3383296,0.165321409702301,-0.4329312443733215,0.020586824,-0.007085521,0.0037851674,-0.0033183258,0.0034553667357539,-0.0036704338910011,-0.00024551828,0.0032025925,0.0023384152,-0.0021615457,-0.732935,True,False,-0.913782716,0.7811685080000003,False,False,,intermediate,0.0032119898,0.0031844098,0.9914134,
1.0,6623,scgnIN,0.66688,-0.38388577,0.6211448907852173,-0.5090377330780029,0.030586792,0.018557265,0.003636243,-0.0029257003,0.0033445214497262,-0.0032647817161559,-0.005385619,-0.0022091577,-0.0019476787,-0.002832596,0.836912,True,False,-0.913782716,0.7811685080000003,False,True,H4,high_hotspot,0.0058211056,0.0034375938,0.5905397,N1_sfrpEGC_VLMC
1.0,6627,wntEGC,0.3801124,-0.34790975,0.356117308139801,-0.4439650774002075,0.018874526,-0.033472948,0.002566911,-0.0034204235,0.0022311740848734,-0.0036555139818744,0.007296991,-0.0029289704,-0.007050593,0.0018233092,-0.99173623,True,False,-0.913782716,0.7811685080000003,True,False,L2,low_hotspot,0.007862885,0.007282535,0.9261913,
1.0,6634,WSN,0.7392794,-0.38488272,0.7046043872833252,-0.5247151851654053,0.0013682486,0.009897708,-0.0037481277,0.0032411006,-0.0034258412856889,0.0035899042755985,-0.00096085924,-0.0014115868,0.00044845906,-0.0016348494,0.6483524,True,False,-0.913782716,0.7811685080000003,False,False,,intermediate,0.0017075795,0.0016952427,0.99277526,N1_sfrpEGC_VLMC
1.0,6636,reaEGC,0.6105873,-0.39811558,0.5980521440505981,-0.5024115443229675,0.040805794,-0.022636443,0.0028115446,-0.0037162867,0.0024466954013528,-0.0039738769940517,-0.0024506778,-0.0005164796,0.0050064833,-0.0052566347,-0.5255139,True,False,-0.913782716,0.7811685080000003,False,False,,intermediate,0.0025045106,0.0072592758,2.898481,
1.0,6641,wntEGC,0.39470172,-0.36540455,0.3795588612556457,-0.4571563601493835,-0.005150513,0.022399634,-0.0012790209,0.004427876,-0.0008508443594977,0.0045364223611406,0.006018822,-0.0021990691,0.008165767,-0.0030576587,0.9999681,True,False,-0.913782716,0.7811685080000003,False,True,H3,high_hotspot,0.0064079734,0.008719463,1.3607209,N2_reaEGC_wntEGC
1.0,6642,dpEX,0.23317307,-0.350864,0.1958982497453689,-0.4551067352294922,-0.042610396,-0.027882263,-0.00267117,0.0038725745,-0.0022917931054498,0.0041162254020749,0.00031340437,-0.0027634606,0.00049045373,0.00036489824,-0.5027034,True,False,-0.913782716,0.7811685080000003,False,False,,intermediate,0.0027811755,0.00061130646,0.21980147,
1.0,6643,reaEGC,0.6259308,-0.42489082,0.5954707264900208,-0.5196573734283447,-0.016362177,0.002939197,-0.0032564586,0.003122525,-0.0029470815036753,0.0034246063946399,-0.005238798,0.00025572992,0.0044697984,-0.00403505,-0.77407163,True,False,-0.913782716,0.7811685080000003,False,False,,intermediate,0.005245036,0.0060216878,1.1480737,
1.0,6645,reaEGC,0.42599535,-0.33181286,0.3615428507328033,-0.4362523555755615,0.03528172,-0.028703097,0.00034417416,-0.0037208318,-1.3326077122928116e-05,-0.0037420610357753,0.0029219294,-0.001469729,-0.0031654506,-0.0004180123,-0.82683504,True,False,-0.913782716,0.7811685080000003,False,False,,intermediate,0.0032707453,0.0031929314,0.9762091,
1.0,6650,MSN,0.6522689,-0.3758489,0.6010410189628601,-0.5067995190620422,0.021744536,0.013945243,0.0031817427,-0.0036921906,0.0028180337651531,-0.0039853177818177,-0.008209774,-0.001634955,-0.00060711877,-0.0057950406,0.29643726,True,False,-0.913782716,0.7811685080000003,False,False,,intermediate,0.00837099,0.0058267564,0.69606537,
1.0,6654,ribEGC,0.3952012,-0.35468262,0.3526680767536163,-0.4698304533958435,0.0022496209,-0.012285697,0.0012675076,-0.004095212,0.0008712328214503,-0.0042037052631224,0.004693618,-0.00060570607,-0.0016194375,-0.0027018453,-0.40009955,True,False,-0.913782716,0.7811685080000003,False,False,,intermediate,0.0047325394,0.0031500072,0.66560614,
1.0,6660,scgnIN,0.7175305,-0.36187875,0.6747461557388306,-0.5164104700088501,0.04251995,0.012361611,0.0034785473,-0.0029186946,0.0031879942974463,-0.003242692676078,0.000999301,-0.0011594389,0.00084650604,-0.002718525,0.9173261,True,False,-0.913782716,0.7811685080000003,False,True,H4,high_hotspot,0.0015306538,0.0028472708,1.8601664,N1_sfrpEGC_VLMC
1.0,6668,mpEX,0.25786394,-0.34470567,0.1967215985059738,-0.4571889042854309,0.012742016,-0.02699553,0.0027634085,-0.0035898203,0.0024108252367919,-0.0038431986902503,-0.0033162383,8.185655e-06,3.9144503e-05,0.0020444805,-0.016674967,True,False,-0.913782716,0.7811685080000003,False,False,,intermediate,0.0033162483,0.0020448554,0.6166171,
1.0,6669,mpEX,0.15225285,-0.34511036,0.137590616941452,-0.4469992816448211,-0.035678152,-0.030459765,-0.0027943423,0.0031404062,-0.0024847104095846,0.0033981655372719,-0.010710507,0.001311308,0.0027863525,-0.0019890647,-0.8784719,True,False,-0.913782716,0.7811685080000003,False,False,,intermediate,0.010790481,0.003423469,0.31726748,
1.0,6677,reaEGC,0.34783882,-0.3565981,0.3145342469215393,-0.4651330411434173,0.030502826,-0.053124603,0.0030433014,-0.0030326112,0.0027432095885617,-0.0033145581345083,0.0092692925,-0.0030644867,-0.00082816114,-0.00082542776,-0.45088533,True,False,-0.913782716,0.7811685080000003,False,False,,intermediate,0.009762729,0.0011692655,0.11976831,
1.0,6678,dpEX,0.31982726,-0.34710515,0.2760516703128814,-0.4591031968593597,0.017214077,-0.055865873,0.0034858955,-0.002945123,0.0031927877050131,-0.0032697415405257,0.009105306,-2.8978625e-06,0.0004750969,0.0019326394,0.23841165,True,False,-0.913782716,0.7811685080000003,False,False,,intermediate,0.009105306,0.0019901788,0.21857353,
1.0,6679,mpEX,0.16907026,-0.33720613,0.1805693358182907,-0.4410823583602905,-0.041474864,-0.018122332,-0.0029505917,0.0029040177,-0.0026631102415528,0.0031774897480503,-0.0068314793,-0.0017238823,0.0029313408,-0.0025555734,-0.570071,True,False,-0.913782716,0.7811685080000003,False,False,,intermediate,0.0070456285,0.003888922,0.5519624,
1.0,6684,WSN,0.7205473,-0.39476234,0.680229663848877,-0.5229847431182861,0.03238267,-0.03210725,0.0029322803,-0.0037825853,0.0025606995563465,-0.0040515314974737,-0.002130408,-0.004603585,-0.0001419455,0.0003419725,-0.67718875,True,False,-0.913782716,0.7811685080000003,False,False,,intermediate,0.005072636,0.0003702617,0.07299197,
1.0,6687,mpEX,0.20777377,-0.3568005,0.1961634159088134,-0.4636066555976867,-0.014878799,-0.0016176052,-0.0036987236,0.0034214952,-0.0033593132463252,0.0037649974054159,-0.0021301806,-0.0011938836,0.0025420173,-0.0032174143,-0.1571696,True,False,-0.913782716,0.7811685080000003,False,False,,intermediate,0.002441931,0.0041004396,1.6791791,
1.0,6689,reaEGC,0.5825975,-0.39403588,0.5796000957489014,-0.4994997978210449,0.056631096,0.058893993,-0.0023099235,0.005109972,-0.0018131573481488,0.0053151154436396,-0.003855248,0.0019279062,-0.00691933,0.008306378,0.91610533,True,False,-0.913782716,0.7811685080000003,False,True,H1,high_hotspot,0.0043104244,0.010810783,2.5080554,N1_sfrpEGC_VLMC
1.0,6692,nptxEX,0.1657402,-0.35764635,0.1433610320091247,-0.4740448892116546,-0.048949398,-0.02233943,-0.0032095616,0.002994821,-0.0029125651150639,0.0032928129624389,-0.011586989,0.001466789,0.0040487186,-0.0036523286,-0.8207626,True,False,-0.913782716,0.7811685080000003,False,False,,intermediate,0.01167946,0.0054526716,0.46685988,
1.0,6695,sstIN,0.2546905,-0.37016,0.2153586745262146,-0.4552492201328277,-0.022658145,-0.00904089,-0.0035026276,0.0033266293,-0.0031729229899465,0.00365164696066,-0.0038163345,-0.0010514101,9.0912334e-05,0.001343677,-0.33008137,True,False,-0.913782716,0.7811685080000003,False,False,,intermediate,0.003958519,0.0013467491,0.34021538,
1.0,6697,MCG,0.6706892,-0.3977059,0.6193205118179321,-0.530838131904602,-0.013396178,-0.010126103,-0.0032195183,0.0034771936,-0.0028762845195986,0.0037746175794045,-0.0055799596,-0.0034398492,-0.0027646057,-0.0033538758,0.94637436,True,False,-0.913782716,0.7811685080000003,False,True,H4,high_hotspot,0.006555037,0.0043464387,0.66306853,N1_sfrpEGC_VLMC
1.0,6702,wntEGC,0.37557647,-0.36043087,0.3365615308284759,-0.4683862328529358,0.032610457,-0.068263315,0.0024867042,-0.0036093616,0.0021331220582878,-0.0038361730794669,0.0065414603,-0.0025718214,-0.0056948997,-6.823687e-05,-0.9262059,True,False,-0.913782716,0.7811685080000003,True,False,L2,low_hotspot,0.0070288666,0.0056953086,0.8102741,
1.0,6706,scgnIN,0.667068,-0.38729808,0.6619181036949158,-0.5173666477203369,0.010946693,0.028751547,-0.0036377464,0.0030528628,-0.0033338393328228,0.0033916870903181,-0.0056832815,-0.0017184537,-0.0019917816,-0.0018873758,0.8938841,True,False,-0.913782716,0.7811685080000003,False,True,H4,high_hotspot,0.0059374045,0.002743972,0.4621501,N1_sfrpEGC_VLMC
1.0,6709,wntEGC,0.37320107,-0.35842305,0.3591676950454712,-0.4471351206302643,0.054171897,-0.08334408,0.0028679247,-0.0034693172,0.0025265546398926,-0.0037330872359042,0.007833787,-0.00039595232,0.009992206,5.6995534e-05,0.99842095,True,False,-0.913782716,0.7811685080000003,False,True,H3,high_hotspot,0.007843787,0.009992368,1.2739214,N2_reaEGC_wntEGC
1.0,6710,reaEGC,0.57166564,-0.4298697,0.5773730278015137,-0.5117934346199036,0.06997374,0.016232593,0.00089050893,-0.003641508,0.0005388834050797,-0.0037153203329396,-0.0046383045,-0.0010980823,-0.0028090314,0.006623409,0.167853,True,False,-0.913782716,0.7811685080000003,False,False,,intermediate,0.0047665136,0.0071944566,1.5093751,
1.0,6714,MSN,0.659714,-0.35114086,0.6102517247200012,-0.5399670600891113,-0.03608619,0.027085397,-0.0033116096,0.0035181488,-0.0029641622042333,0.0038242648349599,-0.0021653483,-0.0021348207,0.00023940067,-0.004853991,0.66613805,True,False,-0.913782716,0.7811685080000003,False,False,,intermediate,0.0030407552,0.004859891,1.5982512,N1_sfrpEGC_VLMC
1.0,6715,dpEX,0.28082114,-0.3511896,0.2583094239234924,-0.4653416275978088,0.015184535,-0.0347407,0.0034880752,-0.0033642813,0.0031548098790098,-0.0036877861905349,-0.0016965016,-0.0012346394,0.0014801051,0.0018904239,-0.9617634,True,False,-0.913782716,0.7811685080000003,True,False,,low_dispersed,0.0020982022,0.0024009193,1.1442745,
1.0,6717,mpIN,0.27916622,-0.337435,0.2683590054512024,-0.4585867524147033,0.008169241,-0.009605873,0.0030478088,-0.003503224,0.0027026232435151,-0.0037841180501884,-0.00034053394,0.00033682364,0.00045633496,0.003387215,0.6020006,True,False,-0.913782716,0.7811685080000003,False,False,,intermediate,0.0004789713,0.0034178162,7.135743,
1.0,6719,WSN,0.6927974,-0.367002,0.661047101020813,-0.5241836905479431,0.042073853,0.010309287,0.0032090696,-0.0026981672,0.0029404908299191,-0.0029970480359449,-0.0044531478,-0.0012786211,-0.0007683043,-0.0033608219,0.48323834,True,False,-0.913782716,0.7811685080000003,False,False,,intermediate,0.004633076,0.003447523,0.74411106,
1.0,6720,reaEGC,0.59841865,-0.4152167,0.5982040166854858,-0.5031812191009521,0.02426848,0.009249523,0.0022705162,-0.003839582,0.0018955636427395,-0.0040449587337106,-0.006578355,-0.0024786605,0.0057367575,-0.004024209,-0.5636019,True,False,-0.913782716,0.7811685080000003,False,False,,intermediate,0.00702983,0.007007471,0.9968194,
1.0,6723,WSN,0.74023634,-0.40991005,0.6880183219909668,-0.5362949967384338,-0.013730368,-0.013967875,0.0032717618,-0.00318977,0.0029558951600289,-0.0034931051082296,-0.002528898,-0.004835888,0.000722625,0.00053953833,-0.9014809,True,False,-0.913782716,0.7811685080000003,False,False,,intermediate,0.0054572094,0.0009018251,0.16525389,
1.0,6724,VLMC,0.14180714,-0.3510516,0.0833191201090812,-0.4184411466121673,-0.014309765,-0.029402837,0.003137295,-0.0028286716,0.0028564416990013,-0.0031202654573666,-0.009663773,0.0030786411,0.006447253,-0.000973815,-0.9874652,True,False,-0.913782716,0.7811685080000003,True,False,,low_dispersed,0.010142314,0.006520382,0.64288896,
1.0,6725,dpEX,0.33015567,-0.36175835,0.3001284301280975,-0.4671096801757812,0.024713391,-0.06693243,0.003463078,-0.0026214083,0.003201050563509,-0.0029448624856837,0.009635518,0.00014030807,-0.0013251714,0.00095227535,-0.8034883,True,False,-0.913782716,0.7811685080000003,False,False,,intermediate,0.00963654,0.0016318418,0.16933897,
1.0,6726,mpEX,0.22948654,-0.35404885,0.209658607840538,-0.4437022805213928,-0.0055774874,0.0018811626,-0.0026787354,0.0038938776,-0.0022972940056221,0.0041381859436961,-0.00053917774,-0.0021203922,0.0008991587,-0.000982053,0.5483829,True,False,-0.913782716,0.7811685080000003,False,False,,intermediate,0.0021878702,0.0013315083,0.6085865,
1.0,6730,reaEGC,0.34592372,-0.37082422,0.3003343343734741,-0.4731777310371399,0.026267458,-0.069736026,0.0034849413,-0.0030698713,0.0031798870694963,-0.0033940049065121,0.009826585,-0.0029658575,-0.0024973792,-0.0012582295,-0.724957,True,False,-0.913782716,0.7811685080000003,False,False,,intermediate,0.010264409,0.002796434,0.27243987,
1.0,6731,mpEX,0.25627258,-0.35185552,0.2529890835285187,-0.4716598987579345,0.036678612,-0.04655202,0.0030898664,-0.0033978932,0.0027546376886288,-0.0036831480564827,-0.0023329728,-0.0026237916,-9.002221e-05,0.0014684747,-0.7052498,True,False,-0.913782716,0.7811685080000003,False,False,,intermediate,0.0035109892,0.0014712315,0.41903615,
1.0,6734,wntEGC,0.39925575,-0.4205798,0.3696884512901306,-0.4860118925571441,0.032069184,-0.02986135,0.0024425774,-0.004031187,0.0020487283259957,-0.0042524407391377,0.0014325656,0.0021542876,-0.0041531473,0.0059648366,0.36696148,True,False,-0.913782716,0.7811685080000003,False,False,,intermediate,0.002587122,0.007268281,2.8094082,
1.0,6740,VLMC,0.68204904,-0.38900912,0.6395288109779358,-0.5338515043258667,0.0041679335,0.028525485,-0.003243395,0.0029401237,-0.0029515310854485,0.0032415291101359,-0.002691203,-0.0031424607,-0.0010377101,-0.0003856723,0.8743206,True,False,-0.913782716,0.7811685080000003,False,True,H4,high_hotspot,0.004137346,0.0011070616,0.2675777,N1_sfrpEGC_VLMC
1.0,6742,reaEGC,0.58939236,-0.418677,0.5746548175811768,-0.5215612053871155,0.029602649,-0.027156662,0.0020808722,-0.0039359317,0.0016972886628042,-0.0041228387082883,-0.0030833618,-0.0038332765,0.0055726697,-0.005831176,0.13029295,True,False,-0.913782716,0.7811685080000003,False,False,,intermediate,0.0049194642,0.008065809,1.6395705,
1.0,6746,sstIN,0.21355525,-0.37488997,0.1995212435722351,-0.4686914682388305,-0.037459362,-0.023445891,-0.0032410794,0.0035047848,-0.002895134621505,0.0038041869711312,-0.0030656948,-0.001269819,-0.0013324369,-0.00032464627,0.98821175,True,False,-0.913782716,0.7811685080000003,False,True,,high_dispersed,0.0033182714,0.0013714165,0.41329244,
1.0,6747,VLMC,0.16823938,-0.35308924,0.1308812946081161,-0.4518939852714538,-0.0033711717,-0.0032656393,-0.0028164105,0.0030275667,-0.002517517713605,0.0032877959101517,-0.00841332,-0.0030795685,0.0024537619,-0.0026581206,-0.384397,True,False,-0.913782716,0.7811685080000003,False,False,,intermediate,0.008959224,0.003617534,0.40377757,
1.0,6753,WSN,0.7321305,-0.3766954,0.6632891297340393,-0.5478405356407166,0.03257172,0.020278972,0.0032358102,-0.0034177348,0.0028982204811597,-0.0037169068527637,-0.0005367598,-0.0007081675,0.0004285628,-4.4206827e-05,-0.5190898,True,False,-0.913782716,0.7811685080000003,False,False,,intermediate,0.0008886013,0.00043083678,0.48484823,
1.0,6755,VLMC,0.67229784,-0.38716888,0.6450805068016052,-0.5228580236434937,0.009851902,0.014608062,-0.0036800827,0.0028641205,-0.003394121478225,0.0032075956020412,-0.0014539891,-0.0023376434,0.00012561632,-0.0011674751,0.7877702,True,False,-0.913782716,0.7811685080000003,False,True,H4,high_hotspot,0.002752937,0.0011742137,0.42653129,N1_sfrpEGC_VLMC
1.0,6757,VLMC,0.14157352,-0.36219507,0.1000890955328941,-0.4362697601318359,-0.014483803,-0.037330296,0.0032265866,-0.0027468207,0.0029532921178294,-0.0030472259300986,-0.010509696,0.0013279873,0.0063728984,0.0009897123,-0.9611213,True,False,-0.913782716,0.7811685080000003,True,False,,low_dispersed,0.010593264,0.006449292,0.6088106,
1.0,6763,MCG,0.63453794,-0.3836371,0.6189157366752625,-0.524053156375885,0.0038090022,0.0154582895,-0.0033417223,0.0031818394,-0.0030263945986967,0.0034919008895748,-0.00786894,-0.0028817318,0.00062181114,-0.0043337913,0.20703211,True,False,-0.913782716,0.7811685080000003,False,False,,intermediate,0.008380012,0.004378173,0.52245426,
1.0,6764,WSN,0.7401647,-0.39693952,0.6883853673934937,-0.5293012261390686,0.02125673,-0.014204638,0.0036857883,-0.002851632,0.003401005259245,-0.0031956929571877,-0.00015902227,-0.0020502766,0.0010028534,0.001108346,-0.79117703,True,False,-0.913782716,0.7811685080000003,False,False,,intermediate,0.0020564343,0.001494706,0.72684354,
1.0,6768,wntEGC,0.38103664,-0.37943754,0.3384605646133423,-0.4743896424770355,-0.019877844,0.040850144,-0.0022169591,0.003913381,-0.0018351063673563,0.0041133948936409,0.00691965,0.0015250861,0.009233376,0.001205113,0.996205,True,False,-0.913782716,0.7811685080000003,False,True,H3,high_hotspot,0.007085721,0.009311688,1.3141483,N2_reaEGC_wntEGC
1.0,6771,scgnIN,0.71365225,-0.4021935,0.6480809450149536,-0.5403483510017395,0.019231781,0.027189296,-0.0030603823,0.0034789161,-0.0027174855636642,0.0037610911614748,-0.0013468855,-0.0063328487,-0.00080058404,0.00027864045,-0.12504534,True,False,-0.913782716,0.7811685080000003,False,False,,intermediate,0.006474494,0.0008476882,0.13092732,
1.0,6777,reaEGC,0.6367941,-0.4089748,0.5930278301239014,-0.5228911638259888,0.033048574,-0.0065259286,0.0033895576,-0.0028922593,0.0031018175305345,-0.0032078164894759,-0.006485025,-0.0017309337,0.0006882682,-0.0043024314,0.10202608,True,False,-0.913782716,0.7811685080000003,False,False,,intermediate,0.006712055,0.0043571354,0.6491507,
1.0,6778,reaEGC,0.59589034,-0.42408347,0.5918484926223755,-0.5261023640632629,0.022343641,0.003781521,0.0022366478,-0.0040503372,0.0018416140013367,-0.004251804869422,-0.004869721,0.00089397427,0.0052776164,-0.0040583806,-0.8897581,True,False,-0.913782716,0.7811685080000003,False,False,,intermediate,0.004951098,0.0066576037,1.3446722,
1.0,6784,scgnIN,0.68999285,-0.3753116,0.6608710885047913,-0.5163289904594421,0.043293864,0.015693054,0.0035007242,-0.0027045119,0.0032306175503387,-0.0030313099292259,0.0009411818,-0.0027247972,-0.00018707592,-0.0019063718,0.9087982,True,False,-0.913782716,0.7811685080000003,False,True,H4,high_hotspot,0.0028827665,0.0019155289,0.6644759,N1_sfrpEGC_VLMC
1.0,6786,sstIN,0.21914375,-0.36320728,0.197983518242836,-0.4888268709182739,-0.008600854,0.013480186,-0.0031376008,0.0035743925,-0.0027853148834511,0.0038636630162697,-0.0029913867,-0.0028053455,0.0009030675,2.7847329e-05,-0.7501625,True,False,-0.913782716,0.7811685080000003,False,False,,intermediate,0.0041010194,0.00090349675,0.22031029,
1.0,6792,wntEGC,0.38886994,-0.378587,0.3703680634498596,-0.4778679609298706,-0.031636033,-0.016946765,-0.0016772683,0.0042809616,-0.0012619080721149,0.0044281192678594,0.0048592165,0.00042787442,0.004947109,0.00333005,0.8753503,True,False,-0.913782716,0.7811685080000003,False,True,H3,high_hotspot,0.004878018,0.0059634824,1.2225215,N2_reaEGC_wntEGC
1.0,6793,wntEGC,0.37814003,-0.39496192,0.3390356600284576,-0.4748503267765045,0.017268598,-0.028992858,0.002424305,-0.003867716,0.0020461723516819,-0.0040877353277306,0.006178584,-0.0013509829,-0.0073847366,0.0006899067,-0.9925532,True,False,-0.913782716,0.7811685080000003,True,False,,low_dispersed,0.00632456,0.0074168933,1.1727129,
1.0,6797,dpEX,0.311412,-0.36255324,0.2886072993278503,-0.4642558693885803,-0.033891555,-0.02685728,-0.0032880786,0.0032287247,-0.0029684290293865,0.0035334998379562,0.0047348347,6.2493564e-05,-6.2076855e-05,0.0014223856,-0.030412497,True,False,-0.913782716,0.7811685080000003,False,False,,intermediate,0.0047352468,0.0014237396,0.3006685,
1.0,6801,WSN,0.71862715,-0.38861752,0.6930915713310242,-0.5233629941940308,0.010677929,0.022322336,-0.0031129902,0.003659243,-0.0027526541293565,0.003945888364375,-0.002026368,-0.0021439206,0.00029503138,0.00070812093,-0.9350312,True,False,-0.913782716,0.7811685080000003,True,False,,low_dispersed,0.0029500106,0.0007671237,0.260041,
1.0,6803,mpIN,0.21243575,-0.3797267,0.1982672065496444,-0.4703974425792694,-0.0038801464,0.0020445243,-0.0032149614,0.0033682769,-0.0028821749537116,0.0036656079165411,-0.0033876349,-0.008044151,-8.216305e-05,0.0004536353,-0.83768415,True,False,-0.913782716,0.7811685080000003,False,False,,intermediate,0.008728369,0.000461016,0.052818116,
1.0,6806,tlNBL,0.61173046,-0.40477797,0.600310742855072,-0.5327458381652832,0.019415075,0.0043295883,0.0030050564,-0.0034992332,0.0026603880489019,-0.0037760444892364,-0.0069258423,-0.000640401,0.0028038593,-0.0038232363,-0.51462615,True,False,-0.913782716,0.7811685080000003,False,False,,intermediate,0.0069553866,0.0047411774,0.68165547,
1.0,6807,reaEGC,0.3396789,-0.37445903,0.3265056908130646,-0.4761508405208587,0.018885784,-0.056254685,0.0034599188,-0.002922314,0.0031690778278958,-0.0032445162016559,0.008985032,-0.0020918886,-0.001897016,-6.768098e-05,-0.9652477,True,False,-0.913782716,0.7811685080000003,True,False,L2,low_hotspot,0.009225335,0.001898223,0.20576195,
1.0,6813,scgnIN,0.6876665,-0.41348562,0.6588559746742249,-0.5274801850318909,0.037527572,-0.01311438,0.0030873623,-0.0035556036,0.0027370345892176,-0.0038401210291293,-0.0027790626,-0.0032478257,-0.0012076913,-0.0034644129,0.93147516,True,False,-0.913782716,0.7811685080000003,False,True,H4,high_hotspot,0.0042745243,0.0036688794,0.8583129,N1_sfrpEGC_VLMC
1.0,6814,mpEX,0.26306307,-0.35912082,0.2347379326820373,-0.456312358379364,-0.023313142,-0.011843093,-0.0033140006,0.003460488,-0.002972068858148,0.0037670150324412,-0.0040196525,0.0003191828,9.433253e-05,0.0020013787,0.032134853,True,False,-0.913782716,0.7811685080000003,False,False,,intermediate,0.004032305,0.0020036006,0.49688718,
1.0,6819,mpEX,0.14791653,-0.35462913,0.1328821033239364,-0.4777606725692749,-0.016532399,-0.01271096,-0.0028442265,0.0031556112,-0.0025329807573732,0.0034181009248129,-0.011167379,0.0011025377,0.0033138874,-0.0038938276,-0.7198038,True,False,-0.913782716,0.7811685080000003,False,False,,intermediate,0.011221673,0.005113095,0.4556446,
1.0,6823,dpEX,0.311438,-0.36770225,0.2750550508499145,-0.4816621840000152,-0.009905801,-0.03557879,0.003112812,-0.0032660002,0.0027901448731099,-0.0035538691367162,0.005029788,-0.000375281,0.002994056,-4.30645e-05,0.9981952,True,False,-0.913782716,0.7811685080000003,False,True,H2,high_hotspot,0.0050437683,0.0029943658,0.5936763,N2_reaEGC_wntEGC
1.0,6827,VLMC,0.6383126,-0.37753862,0.6296452283859253,-0.5242761969566345,0.021967337,0.022370853,-0.0035666833,0.0031772875,-0.0032510818528261,0.0035089121754589,-0.005277929,-0.0005136355,-0.00025541108,-0.003399901,0.17114766,True,False,-0.913782716,0.7811685080000003,False,False,,intermediate,0.0053028627,0.0034094811,0.6429511,
1.0,6830,reaEGC,0.5798346,-0.45016077,0.5701497793197632,-0.527194082736969,0.031571954,0.04984465,-0.0010259268,0.0038484111,-0.0006540550083206,0.0039345421907534,-0.0022838658,-0.0087000625,0.004321098,-0.0028361736,0.3184659,True,False,-0.913782716,0.7811685080000003,False,False,,intermediate,0.008994839,0.0051687295,0.57463276,
1.0,6836,VLMC,0.6662923,-0.3914414,0.6452187299728394,-0.5497860312461853,-0.01872612,0.016301624,-0.0037200556,0.0030341072,-0.0034176853660215,0.0033808748908998,-0.0028184205,-0.003229256,-0.0020970895,-0.0020141467,0.99613047,True,False,-0.913782716,0.7811685080000003,False,True,H4,high_hotspot,0.004286209,0.0029076745,0.67837906,N1_sfrpEGC_VLMC
1.0,6837,reaEGC,0.61540246,-0.41289985,0.5962079763412476,-0.5295564532279968,0.008733377,0.011111846,-0.0029883825,0.0036774375,-0.0026266967173341,0.0039520894780386,-0.0049412805,-0.0007784544,0.0014239952,-0.00473907,-0.13522471,True,False,-0.913782716,0.7811685080000003,False,False,,intermediate,0.005002224,0.0049483883,0.98923767,
1.0,6842,WSN,0.6884524,-0.4270389,0.6749104261398315,-0.546360969543457,-0.0056707435,-0.006886918,0.0028310125,-0.0038615896,0.0024521834826237,-0.0041205862395687,-0.0022610498,-0.0032213002,-0.0023541797,-0.0008276115,0.8134498,True,False,-0.913782716,0.7811685080000003,False,True,H4,high_hotspot,0.003935622,0.0024954164,0.63405895,N1_sfrpEGC_VLMC
1.0,6846,scgnIN,0.7234636,-0.3911452,0.6767921447753906,-0.532490074634552,0.01609225,0.02610141,-0.0031951133,0.003418194,-0.0028576079613547,0.0037134662315886,-0.0015327663,-0.0074488157,0.0006149398,-0.00090056006,0.6952292,True,False,-0.913782716,0.7811685080000003,False,False,,intermediate,0.007604882,0.0010904858,0.14339286,N1_sfrpEGC_VLMC
1.0,6849,MSN,0.66114485,-0.39002007,0.6161309480667114,-0.5475713014602661,0.022380855,0.025304424,-0.0036944628,0.0028509786,-0.0034097150442005,0.0031958726232392,-0.0066040787,-0.0024202524,-0.0025061355,-0.0041090413,0.78267473,True,False,-0.913782716,0.7811685080000003,False,True,H4,high_hotspot,0.0070335963,0.0048129964,0.6842867,N1_sfrpEGC_VLMC
1.0,6850,reaEGC,0.36918467,-0.43074304,0.3543357253074646,-0.4856422543525696,0.11868356,-0.044814263,0.0025033157,-0.0041364394,0.0020991929793794,-0.0043631792223334,-0.0028243505,-0.00035397065,-0.00658143,-0.00053814193,0.99907166,True,False,-0.913782716,0.7811685080000003,False,True,H2,high_hotspot,0.0028464454,0.006603394,2.3198738,N2_reaEGC_wntEGC
1.0,6851,reaEGC,0.37453306,-0.3929705,0.3258982300758362,-0.4896933436393738,0.093363255,-0.036322646,0.0023218952,-0.0038935302,0.0019416128737937,-0.0041036583247267,0.007818972,0.0006188233,0.010346801,0.00039614784,0.9991714,True,False,-0.913782716,0.7811685080000003,False,True,H3,high_hotspot,0.007843422,0.010354382,1.3201358,N2_reaEGC_wntEGC
1.0,6852,dpEX,0.33068663,-0.36857328,0.3154779374599457,-0.4827890992164612,0.049629204,-0.05603228,0.0033601772,-0.0027199467,0.003089035424976,-0.0030332331948359,0.006541378,-0.00076156977,-0.0019874377,-0.00013961642,-0.98274523,True,False,-0.913782716,0.7811685080000003,True,False,L2,low_hotspot,0.0065855607,0.0019923358,0.3025309,
1.0,6854,dpEX,0.30589426,-0.3674807,0.2834924459457397,-0.4768432676792145,0.016154325,-0.019267816,0.0033333332,-0.0031377992,0.0030222505021911,-0.0034471960980883,0.0010126665,-0.00069915166,0.0031673857,0.00068160094,0.6849804,True,False,-0.913782716,0.7811685080000003,False,False,,intermediate,0.0012305717,0.0032398938,2.6328363,N2_reaEGC_wntEGC
1.0,6857,dpEX,0.28233528,-0.3762462,0.2343106418848037,-0.482586920261383,-0.011193483,-0.03598694,0.004225264,-0.0029748224,0.0039269785746678,-0.0033701705389732,-0.0040245494,-9.3825336e-05,-0.00021511654,0.0010316703,0.18125106,True,False,-0.913782716,0.7811685080000003,False,False,,intermediate,0.004025643,0.0010538589,0.26178646,
1.0,6858,WSN,0.69806516,-0.43523645,0.658625602722168,-0.5569474101066589,-0.010130447,-0.006533504,-0.0032991162,0.0034585053,-0.0029574213484247,0.0037636127420714,0.00074444513,-0.0020725923,0.005542002,0.0008852873,0.18535319,True,False,-0.913782716,0.7811685080000003,False,False,,intermediate,0.0022022345,0.0056122653,2.5484414,
1.0,6859,reaEGC,0.35069263,-0.37193632,0.3005338907241821,-0.4744513034820556,0.015680451,-0.04404434,0.0038737278,-0.0026272098,0.0036098489835948,-0.0029899813075036,0.009585923,-0.0026772253,-0.0041256575,-0.0004633102,-0.92710644,True,False,-0.913782716,0.7811685080000003,True,False,L2,low_hotspot,0.009952761,0.004151591,0.41712958,
1.0,6862,MCG,0.6539842,-0.40586326,0.6196256279945374,-0.5366563200950623,0.010894654,-0.0014903051,0.0033072892,-0.0030784516,0.0030019735396691,-0.0033855410107748,-0.005233466,-0.002587922,-0.000899866,-0.0025338894,0.7176858,True,False,-0.913782716,0.7811685080000003,False,False,,intermediate,0.0058383653,0.0026889318,0.46056244,N1_sfrpEGC_VLMC
1.0,6865,mpIN,0.23106974,-0.38825703,0.188161626458168,-0.4704701006412506,-0.047859598,-0.013505799,-0.0030320648,0.0037465552,-0.0026636204895953,0.0040251733364777,-0.0049087945,-0.0038511273,-0.0002699888,0.0026047737,-0.5328439,True,False,-0.913782716,0.7811685080000003,False,False,,intermediate,0.0062391865,0.002618729,0.41972283,
1.0,6872,WSN,0.7507131,-0.430237,0.6972430944442749,-0.5538153052330017,-0.0059471605,-0.017099274,0.0031592632,-0.0028418198,0.0028770812113481,-0.0031354764719095,-0.0014732649,-0.00091342785,0.0011556023,-0.001362885,-0.1477385,True,False,-0.913782716,0.7811685080000003,False,False,,intermediate,0.0017334531,0.001786861,1.0308101,
1.0,6874,sstIN,0.31741965,-0.3734994,0.2986466586589813,-0.4787611961364746,-0.031036383,-0.03787273,0.0034424618,-0.0030897914,0.0031356334822077,-0.0034097930559593,0.0054627657,-0.0001652151,0.0027257635,0.00070551265,0.9600802,True,False,-0.913782716,0.7811685080000003,False,True,H2,high_hotspot,0.0054652635,0.0028155877,0.51517874,N2_reaEGC_wntEGC
1.0,6878,sstIN,0.21020618,-0.38126147,0.1739817559719085,-0.4846112430095672,-0.0027321596,0.004895989,-0.0031412723,0.0035155436,-0.0027946118759665,0.0038053514916791,-0.000908041,-0.0043092016,0.000630591,0.000592945,-0.82052153,True,False,-0.913782716,0.7811685080000003,False,False,,intermediate,0.004403834,0.00086558005,0.19655146,
1.0,6880,mpIN,0.20304354,-0.37804168,0.1797899007797241,-0.4686314761638641,-0.048337232,-0.027427014,-0.0033465968,0.0032933059,-0.0030205765079604,0.0036034826574133,-0.004550528,-0.004250071,0.0022284763,0.00013484905,-0.77071565,True,False,-0.913782716,0.7811685080000003,False,False,,intermediate,0.0062265885,0.0022325525,0.35855147,
1.0,6882,WSN,0.71410155,-0.4178096,0.6776259541511536,-0.5555996298789978,-0.0012444792,0.018549765,-0.0031288578,0.0033267243,-0.0028003233125758,0.0036159386581864,-0.0012367354,-0.0019352603,-0.0005921792,-0.0011207609,0.9965942,True,False,-0.913782716,0.7811685080000003,False,True,H4,high_hotspot,0.0022966817,0.0012675888,0.55192184,N1_sfrpEGC_VLMC
1.0,6883,reaEGC,0.61116326,-0.4370296,0.582612156867981,-0.5430396795272827,0.020927612,-0.04656982,0.0028207568,-0.00332925,0.0024929523367684,-0.0035889437734067,-0.005816568,0.00076936657,0.0056880694,-0.0034593758,-0.9151545,True,False,-0.913782716,0.7811685080000003,True,False,,low_dispersed,0.0058672302,0.0066574328,1.1346806,
1.0,6890,MCG,0.6306337,-0.41884756,0.6082785129547119,-0.5515202283859253,0.012239742,0.016790794,-0.0033487799,0.0032145414,-0.003030297407007,0.0035251757494295,-0.008548711,0.00084122585,0.00039247583,-0.0044935243,-0.18415242,True,False,-0.913782716,0.7811685080000003,False,False,,intermediate,0.008590002,0.004510632,0.52510256,
1.0,6893,VLMC,0.12536627,-0.36465877,0.0855601504445076,-0.4394057393074035,-0.032660935,-0.03976971,0.0025505552,-0.0026665938,0.0022870783211905,-0.0029024958057029,-0.006718066,-0.0029989397,0.0062882686,0.0025587217,-0.99944186,True,False,-0.913782716,0.7811685080000003,True,False,,low_dispersed,0.007357041,0.006788916,0.92277807,
1.0,6894,obNBL,-0.047383115,-0.38132954,-0.0841195732355117,-0.4577103555202484,-0.03872296,-0.022018384,-0.0022362475,0.0022013157,-0.0020183307724205,0.0024085784802065,0.009401155,-0.0052091894,-0.0068716956,0.00096622185,-0.93366134,True,False,-0.913782716,0.7811685080000003,True,False,,low_dispersed,0.0107479,0.006939293,0.64564174,
1.0,6896,cckIN,0.26200575,-0.38213056,0.2283357828855514,-0.4899779558181762,0.039108347,0.005986372,0.0035117543,-0.0035206436,0.0031634365090722,-0.003845923387126,-0.0033405072,-0.001281066,0.0012007796,0.0005349192,-0.99860173,True,False,-0.913782716,0.7811685080000003,True,False,L4,low_hotspot,0.0035777253,0.001314538,0.36742282,
1.0,6902,MSN,0.66677874,-0.4152517,0.6088119149208069,-0.5431576371192932,-0.0015480433,0.006201233,-0.0031275628,0.0037029192,-0.0027629970926698,0.0039908227019165,-0.003288084,-0.003095008,-0.0045040813,-0.0031396085,0.9893011,True,False,-0.913782716,0.7811685080000003,False,True,H4,high_hotspot,0.004515592,0.0054903454,1.215864,N1_sfrpEGC_VLMC
1.0,6906,reaEGC,0.5975863,-0.43396375,0.5735753774642944,-0.5373691916465759,0.023173058,-0.0047168885,0.0025237878,-0.0044075497,0.0020936311308234,-0.0046353952260339,-0.006148547,0.0020324239,-0.011149395,0.008751402,0.94065803,True,False,-0.913782716,0.7811685080000003,False,True,H1,high_hotspot,0.0064757527,0.01417378,2.1887462,N1_sfrpEGC_VLMC
1.0,6907,dpEX,0.24297652,-0.36368105,0.2424039244651794,-0.4974032640457153,0.016339708,-0.043479305,0.0033731903,-0.0033670876,0.0030400185903587,-0.0036795789436098,-0.0031988826,-0.00094216276,0.0015135629,0.0012157034,-0.9248089,True,False,-0.913782716,0.7811685080000003,True,False,L4,low_hotspot,0.0033347444,0.0019413417,0.58215606,
1.0,6909,reaEGC,0.38505173,-0.38227862,0.3830663859844208,-0.4695497751235962,0.014065831,-0.02826711,0.0021163553,-0.0039167143,0.0017345006855769,-0.0041070808542429,0.0034218363,-0.0005843881,-0.0023151187,-0.002540429,-0.5395299,True,False,-0.913782716,0.7811685080000003,False,False,,intermediate,0.0034713792,0.003437085,0.9901209,
1.0,6910,dpEX,0.2774225,-0.37380838,0.253764271736145,-0.4987612962722778,-0.003866109,-0.044305872,0.0041405964,-0.0030553923,0.0038348605250682,-0.0034423760253544,-0.0051137605,-0.0009589319,0.00039500275,0.0008530673,-0.58022964,True,False,-0.913782716,0.7811685080000003,False,False,,intermediate,0.005202893,0.0009400803,0.18068415,
1.0,6917,reaEGC,0.39754072,-0.36620858,0.359978437423706,-0.4743428230285644,0.03815725,-0.061479922,0.0011837499,-0.0043717576,0.0007612493949166,-0.0044713552614747,0.0049156733,-0.0048089772,-0.0050474503,0.0022922496,-0.9400104,True,False,-0.913782716,0.7811685080000003,True,False,L2,low_hotspot,0.00687678,0.0055435696,0.8061287,
1.0,6918,WSN,0.70671606,-0.39473325,0.6775335669517517,-0.543853223323822,0.039691474,0.020761244,0.0034347551,-0.0031430325,0.0031228511903506,-0.0034621280200929,-0.0011004318,-0.0038197297,0.0016270382,-0.0010220225,0.27670592,True,False,-0.913782716,0.7811685080000003,False,False,,intermediate,0.003975083,0.0019214014,0.4833613,
1.0,6919,mpEX,0.37509173,-0.36077613,0.3112193942070007,-0.5017613768577576,0.046231344,-0.06543952,0.0027220105,-0.003474009,0.002380651299448,-0.0037237872366521,0.0066083474,-0.0034865646,-0.0014481625,0.00036233393,-0.97126335,True,False,-0.913782716,0.7811685080000003,True,False,L2,low_hotspot,0.007471706,0.0014928029,0.19979411,
1.0,6920,sstIN,0.3246401,-0.37879175,0.2781666219234466,-0.4874220192432403,-0.049483716,-0.02174666,-0.003654579,0.002839935,-0.0033710148411825,0.0031810434076743,0.0077416967,-0.00045655563,0.0022748283,-0.00053616735,0.9851474,True,False,-0.913782716,0.7811685080000003,False,True,H2,high_hotspot,0.0077551473,0.0023371605,0.30136895,N2_reaEGC_wntEGC
1.0,6921,dpEX,0.31435964,-0.37666386,0.267917662858963,-0.4860446453094482,-0.01301042,-0.043630704,0.0034221464,-0.002817805,0.0031414354560834,-0.0031367186843309,0.005498135,-0.0006811315,0.0028281251,0.0009114776,0.90685517,True,False,-0.913782716,0.7811685080000003,False,True,H2,high_hotspot,0.005540165,0.0029713775,0.53633374,N2_reaEGC_wntEGC
1.0,6922,WSN,0.69845736,-0.38961768,0.6670758724212646,-0.5317658185958862,4.8357826e-05,0.008098054,-0.003106662,0.0035551866,-0.0027563134419345,0.0038415540514932,-0.0022595306,-0.002682797,0.0017982147,-0.0011147122,-0.14453445,True,False,-0.913782716,0.7811685080000003,False,False,,intermediate,0.003507546,0.0021156936,0.60318345,
1.0,6923,MCG,0.639786,-0.40910232,0.6417133212089539,-0.5351803302764893,0.0069736303,0.009176588,-0.003668125,0.0025109565,-0.0034160306834156,0.0028544003433313,-0.0067112134,-0.0020570697,0.0028841512,-0.0046526426,-0.2546632,True,False,-0.913782716,0.7811685080000003,False,False,,intermediate,0.0070193964,0.0054740673,0.7798487,
1.0,6924,VLMC,-0.014259562,-0.3622176,-0.0248235575854778,-0.4499615728855133,-0.0010235173,-0.001406503,0.0035636495,-0.0016400083,0.0033953119317209,-0.0019761923096068,0.0068218526,-0.002736213,-0.0039896374,0.00016948339,-0.9430893,True,False,-0.913782716,0.7811685080000003,True,False,,low_dispersed,0.0073501384,0.003993236,0.54328716,
1.0,6925,WSN,0.7792635,-0.4081447,0.7071283459663391,-0.5644786953926086,0.031182062,0.009545381,0.0030107007,-0.0030189618,0.0027120191938245,-0.0032978289469266,-0.0017036869,-0.0014448792,-0.0004446426,-0.00020720286,0.964486,True,False,-0.913782716,0.7811685080000003,False,True,,high_dispersed,0.0022338813,0.00049055077,0.21959572,
1.0,6929,dpEX,0.23748353,-0.38124803,0.2145500779151916,-0.4898726344108581,-0.021251041,-0.021337029,0.00320217,-0.0037711896,0.0028308292583242,-0.0040660242152671,-0.0017383489,-0.0009518237,0.00022033267,0.00112283,-0.6401734,True,False,-0.913782716,0.7811685080000003,False,False,,intermediate,0.0019818742,0.0011442436,0.5773543,
1.0,6934,MSN,0.67013264,-0.41839585,0.6174030303955078,-0.5511181354522705,0.0018348764,0.024793694,-0.0029870116,0.003967506,-0.002597544808205,0.0042411113557929,0.001312083,-0.0037915937,-0.002384771,-0.0028883314,0.52051455,True,False,-0.913782716,0.7811685080000003,False,False,,intermediate,0.0040121996,0.0037456094,0.9335551,
1.0,6935,VLMC,0.14910996,-0.3806395,0.093160793185234,-0.4747282862663269,-0.012744397,-0.006756752,-0.0022852991,0.0037335884,-0.0019204528971118,0.0039407155797091,-0.00921009,-0.004474301,0.00404234,0.0032273028,-0.9755641,True,False,-0.913782716,0.7811685080000003,True,False,,low_dispersed,0.010239391,0.0051726196,0.5051687,
1.0,6937,WSN,0.72662747,-0.4128855,0.7030634880065918,-0.5623760223388672,0.00969641,-0.01040601,0.0032703504,-0.0033205906,0.0029419570362001,-0.0036233777378527,-0.0024254336,-0.0034283192,0.0021852388,-0.0014484243,-0.03038105,True,False,-0.913782716,0.7811685080000003,False,False,,intermediate,0.0041995356,0.002621679,0.62427837,
1.0,6938,WSN,0.7282144,-0.40718517,0.6948198676109314,-0.5483941435813904,0.002646185,-0.024724353,0.003413167,-0.0031089822,0.0031045928838048,-0.003426117231643,-0.0035211048,-0.005295384,0.002872959,-0.00037613657,-0.44091922,True,False,-0.913782716,0.7811685080000003,False,False,,intermediate,0.006359188,0.002897477,0.45563632,
1.0,6939,sstIN,0.20619056,-0.3851863,0.1876101344823837,-0.5004657506942749,-0.014454586,-0.019180035,0.0029577937,-0.0036493475,0.0025988951162371,-0.0039211579436978,-0.0027565586,-0.0027681834,0.0003965588,0.0002847037,-0.98644453,True,False,-0.913782716,0.7811685080000003,True,False,L4,low_hotspot,0.0039065913,0.00048817528,0.12496195,
1.0,6946,WSN,0.754045,-0.40391815,0.705159604549408,-0.5588060021400452,0.0066440683,0.004700735,0.0033600477,-0.0031849018,0.0030443688393585,-0.0034967090195029,-0.001613909,-0.0010336189,0.0023430767,8.2162165e-05,-0.86048436,True,False,-0.913782716,0.7811685080000003,False,False,,intermediate,0.0019165255,0.0023445168,1.2233162,
1.0,6948,reaEGC,0.40695542,-0.40457717,0.3943061530590057,-0.4780057668685913,0.030193618,-0.0026297127,0.0022390631,-0.0038552594,0.0018627080597307,-0.0040575738344265,0.0006281895,0.0032510937,-0.00037722013,0.0049778996,0.9646969,True,False,-0.913782716,0.7811685080000003,False,True,H3,high_hotspot,0.003311228,0.004992172,1.5076498,N2_reaEGC_wntEGC
1.0,6950,reaEGC,0.59828377,-0.43788552,0.5908618569374084,-0.5379549264907837,0.008647605,0.0076977406,0.0026203063,-0.0041318987,0.0022162494770415,-0.0043698592901545,-0.006657948,0.0001585756,0.006196998,-0.0054542515,-0.7661785,True,False,-0.913782716,0.7811685080000003,False,False,,intermediate,0.006659836,0.008255401,1.2395802,
1.0,6961,sstIN,0.32749248,-0.39502162,0.2802377045154571,-0.4929817020893097,-0.03905894,-0.028550344,-0.0035239218,0.0032163116,-0.0032047172472028,0.0035437170324333,0.009388491,-0.0016668229,0.0010218646,-0.0023074616,0.5585214,True,False,-0.913782716,0.7811685080000003,False,False,,intermediate,0.009535305,0.0025236057,0.26465914,
1.0,6962,WSN,0.75975364,-0.46509838,0.6826460361480713,-0.5815680027008057,-0.0058148927,-0.0041675875,-0.0031950793,0.0033541536,-0.0028637084255522,0.0036496247148134,-0.0043186224,-0.0025069506,-0.00024209684,-0.00070237846,0.75646096,True,False,-0.913782716,0.7811685080000003,False,False,,intermediate,0.004993526,0.000742931,0.14877884,N1_sfrpEGC_VLMC
1.0,6968,reaEGC,0.35377473,-0.4134786,0.3540699481964111,-0.4949148595333099,0.00864776,-0.033512983,0.0036981413,-0.0030193224,0.0033972564648858,-0.0033640376471685,0.0036601822,0.0002457565,0.002036094,-0.0021595778,0.63571376,True,False,-0.913782716,0.7811685080000003,False,False,,intermediate,0.0036684233,0.0029680727,0.80908674,N2_reaEGC_wntEGC
1.0,6969,reaEGC,0.3894534,-0.38723385,0.3298432826995849,-0.4947409033775329,0.0951152,-0.14547274,0.0020220946,-0.0038154654,0.0016502358088297,-0.0039971221806611,0.0066760364,-0.0009869213,0.008293139,0.0026267064,0.8989176,True,False,-0.913782716,0.7811685080000003,False,True,H3,high_hotspot,0.0067485906,0.008699181,1.2890366,N2_reaEGC_wntEGC
1.0,6970,VLMC,0.11623543,-0.38238043,0.084061361849308,-0.4733253121376037,-0.022239093,-0.019929985,-0.002260302,0.0029446783,-0.0019711034285175,0.003151899979932,-0.008256587,-0.0047990195,0.006359673,0.0030724243,-0.99707824,True,False,-0.913782716,0.7811685080000003,True,False,,low_dispersed,0.009549964,0.007062948,0.7395785,
1.0,6973,WSN,0.67901486,-0.41185313,0.6459499597549438,-0.5580988526344299,0.019393608,-0.003035462,0.0030789285,-0.0037033309,0.00271447673492,-0.0039865744154768,-0.0044031404,-0.0028569184,-0.002325493,-0.003431068,0.9212224,True,False,-0.913782716,0.7811685080000003,False,True,H4,high_hotspot,0.005248774,0.0041448935,0.78968793,N1_sfrpEGC_VLMC
1.0,6974,reaEGC,0.6183096,-0.47971156,0.5917028188705444,-0.5662571787834167,-0.011777839,-0.017939823,0.0028034966,-0.003930774,0.0024181272634671,-0.0041869167107734,-0.0061563565,0.0008399064,0.0027287384,-0.0002454838,-0.99894816,True,False,-0.913782716,0.7811685080000003,True,False,,low_dispersed,0.006213386,0.0027397582,0.44094446,
1.0,6980,reaEGC,0.5880108,-0.45297885,0.5671199560165405,-0.540888786315918,0.025691867,0.010367099,0.0017544,-0.003769725,0.0013877671818678,-0.003925884037296,-0.006317683,-0.0015799697,0.006539101,-0.0012299293,-0.9085581,True,False,-0.913782716,0.7811685080000003,False,False,,intermediate,0.006512252,0.0066537634,1.02173,
1.0,6981,dpEX,0.30476755,-0.38938615,0.2891334891319275,-0.4972859025001526,0.038672484,-0.06168378,0.003507853,-0.0026863876,0.0032394599689723,-0.0030139257343515,0.0039754035,0.0011348205,0.0051618805,-0.0018380398,0.81379396,True,False,-0.913782716,0.7811685080000003,False,True,H2,high_hotspot,0.0041342047,0.0054793614,1.3253726,N2_reaEGC_wntEGC
1.0,6983,scgnIN,0.67978644,-0.42163455,0.6202365756034851,-0.5667627453804016,0.0029410948,0.01754088,-0.003207515,0.0036660163,-0.0028462319258121,0.0039616947002114,-0.003222662,-0.0024713217,-0.0025991993,-0.00372535,0.9531208,True,False,-0.913782716,0.7811685080000003,False,True,H4,high_hotspot,0.0040611555,0.0045424737,1.1185175,N1_sfrpEGC_VLMC
1.0,6984,reaEGC,0.55695355,-0.49554828,0.5473311543464661,-0.5486000180244446,0.119175375,0.0364932,0.0009573942,-0.0033582184,0.0006326936574643,-0.0034393312485738,-0.0025914817,-0.002154513,-0.0029146513,0.0027636413,0.11812371,True,False,-0.913782716,0.7811685080000003,False,False,,intermediate,0.0033701193,0.004016579,1.1918211,
1.0,6996,MCG,0.66318774,-0.4485335,0.6114950180053711,-0.5679371953010559,0.017803948,-0.007214683,0.0034472244,-0.0030699945,0.0031422773301384,-0.0033905148215595,-0.0015923165,-0.0003564965,-0.0026899022,-0.003206253,0.7945707,True,False,-0.913782716,0.7811685080000003,False,True,H1,high_hotspot,0.0016317358,0.004185168,2.5648563,N1_sfrpEGC_VLMC
1.0,6997,reaEGC,0.38093573,-0.43401387,0.3775190711021423,-0.4873057603836059,-0.012993998,-0.090101406,0.0026462863,-0.0037135307,0.0022822224691893,-0.0039552997612485,0.0015776898,0.0030011223,0.0018615511,0.004637829,0.9947722,True,False,-0.913782716,0.7811685080000003,False,True,H2,high_hotspot,0.0033905515,0.0049974825,1.4739438,N2_reaEGC_wntEGC
1.0,7000,mpEX,0.28372625,-0.39721262,0.2562722265720367,-0.5201267004013062,0.017011702,-0.0043535205,0.0037382895,-0.0030154265,0.0034376511427758,-0.0033639997308063,-0.0019701226,-0.0007553089,0.0017746725,6.879446e-05,-0.9468967,True,False,-0.913782716,0.7811685080000003,True,False,L4,low_hotspot,0.0021099465,0.0017760055,0.8417301,
1.0,7002,tlNBL,0.61679125,-0.43205535,0.5864766240119934,-0.5559011101722717,0.0005736789,-0.004614784,0.0031528736,-0.0029742895,0.0028580226718419,-0.0032669161863918,-0.006577114,-0.0011905857,0.0015482088,-0.0021892528,-0.42272696,True,False,-0.913782716,0.7811685080000003,False,False,,intermediate,0.0066840053,0.002681376,0.40116304,
1.0,7003,sstIN,0.29758734,-0.39192125,0.2637124955654144,-0.5103065371513367,-0.033793684,-0.015792036,-0.0037510043,0.0030362268,-0.003448333463382,0.0033859524434043,0.0019244931,-7.2225914e-05,0.0028145332,-0.00055101706,0.98788494,True,False,-0.913782716,0.7811685080000003,False,True,H2,high_hotspot,0.001925848,0.0028679639,1.4891953,N2_reaEGC_wntEGC
1.0,7004,mpEX,0.2199899,-0.37437546,0.1918403357267379,-0.4863033294677734,0.0056927386,-0.03590311,0.0034491462,-0.0031434938,0.0031371526359059,-0.0034639663033472,-0.0016338185,-0.0014882402,-0.00031605302,0.0009279051,-0.39908475,True,False,-0.913782716,0.7811685080000003,False,False,,intermediate,0.0022100275,0.0009802537,0.44354817,
1.0,7013,dpEX,0.34632367,-0.3961534,0.3077055811882019,-0.5029464960098267,0.020403253,-0.032029133,0.003081894,-0.0035520259,0.0027319262821661,-0.0038360308419941,0.0064407415,-0.0011395847,-0.0021031168,-0.0038199893,-0.32229075,True,False,-0.913782716,0.7811685080000003,False,False,,intermediate,0.00654078,0.0043606674,0.6666892,
1.0,7014,sstIN,0.3215597,-0.39792228,0.2748322486877441,-0.4990467429161072,-0.043095034,-0.024889952,-0.0034582661,0.0034110604,-0.0031206139239265,0.0037315623971392,0.0073325103,-0.0016827271,0.004764359,-0.0020431431,0.9839268,True,False,-0.913782716,0.7811685080000003,False,True,H2,high_hotspot,0.007523116,0.0051839706,0.68907225,N2_reaEGC_wntEGC
1.0,7017,tlNBL,0.64917994,-0.42391613,0.6057111024856567,-0.5633246302604675,0.021404456,0.007939551,0.0030546077,-0.003607045,0.0026994557994464,-0.003888262577672,-0.008232619,-0.0006962399,0.00015147409,-0.0021030346,0.0124675315,True,False,-0.913782716,0.7811685080000003,False,False,,intermediate,0.0082620075,0.0021084826,0.2552022,
1.0,7021,WSN,0.71740156,-0.43487608,0.6746377348899841,-0.5591564774513245,0.015148449,-0.0061843493,0.003478909,-0.0032116892,0.0031602891163184,-0.0035347974910302,-0.003508862,-0.0020701347,0.00034306245,-0.0031119075,0.4106946,True,False,-0.913782716,0.7811685080000003,False,False,,intermediate,0.0040740115,0.0031307605,0.7684712,
1.0,7022,dpEX,0.27737343,-0.37542844,0.2281952798366546,-0.5018736124038696,-0.0017008246,-0.03234565,0.0041818474,-0.003002387,0.0038810587717261,-0.0033934893535874,-0.004247224,-0.00063545443,0.0010447577,0.00089568907,-0.8471424,True,False,-0.913782716,0.7811685080000003,False,False,,intermediate,0.004294498,0.0013761459,0.32044396,
1.0,7025,mpEX,0.20814128,-0.39742392,0.1464670300483703,-0.4760496020317077,-0.014746727,-0.019836418,0.0029646538,-0.0036724727,0.0026035184572796,-0.0039448673147383,-0.0047371583,-0.0073815547,0.0010303927,0.0014766102,-0.99925154,True,False,-0.913782716,0.7811685080000003,True,False,L4,low_hotspot,0.008770862,0.0018005795,0.20529106,
1.0,7026,cckIN,0.242994,-0.3850239,0.2197496443986892,-0.4993923306465149,0.002530998,0.016695676,-0.0035481157,0.0036197118,-0.0031901935455718,0.0039481621294021,-0.0019904887,-0.00077257847,-0.0014035039,0.0026759692,0.112567276,True,False,-0.913782716,0.7811685080000003,False,False,,intermediate,0.0021351634,0.0030216938,1.4152049,
1.0,7027,cckIN,0.2256198,-0.3941856,0.1943801343441009,-0.4981866180896759,-0.0050769015,0.0052565346,-0.0026031819,0.0039869756,-0.0022130610673504,0.0042237530689422,-0.003769453,-0.007976323,-0.000866333,0.0038570005,-0.7885072,True,False,-0.913782716,0.7811685080000003,False,False,,intermediate,0.00882216,0.0039530983,0.44808736,
1.0,7033,reaEGC,0.5574246,-0.45857006,0.5643996000289917,-0.5398486256599426,0.048410315,-0.028009225,0.00053568714,-0.0028794075,0.0002581818159082,-0.0029216361295413,-0.002566897,-0.001428377,0.0042843595,0.00024316178,-0.8999703,True,False,-0.913782716,0.7811685080000003,False,False,,intermediate,0.0029375537,0.0042912546,1.4608259,
1.0,7034,wntEGC,0.36809528,-0.41263974,0.3397786617279053,-0.5157347321510315,0.008753774,-0.003434329,0.0026210237,-0.0039849626,0.0022310394186437,-0.0042234554138045,0.007180924,-3.986235e-05,-0.003375612,-0.0028327277,-0.762436,True,False,-0.913782716,0.7811685080000003,False,False,,intermediate,0.007181035,0.004406711,0.6136596,
1.0,7038,reaEGC,0.35542345,-0.4128192,0.3336921334266662,-0.5016829967498779,0.029772626,-0.06788781,0.002992112,-0.0035255374,0.002644964777264,-0.0038010258417639,0.0080992915,0.00028593143,-0.0018375323,-0.0037924633,-0.46751487,True,False,-0.913782716,0.7811685080000003,False,False,,intermediate,0.008104337,0.004214179,0.51999056,
1.0,7039,sstIN,0.29535642,-0.3920967,0.250663012266159,-0.4882967174053192,-0.03956067,-0.02846434,-0.0036316582,0.0031838538,-0.0033152227694138,0.0035216816221112,-0.0006988316,-0.0014873543,0.0027532638,0.00022301872,-0.4969341,True,False,-0.913782716,0.7811685080000003,False,False,,intermediate,0.0016433467,0.0027622813,1.6808877,
1.0,7043,reaEGC,0.6072155,-0.44558758,0.5842651128768921,-0.5635229349136353,-0.009869602,0.008763761,-0.002866749,0.004095583,-0.002465393221177,0.0043572648036227,-0.0097756535,0.003616346,-0.0048506064,0.001277508,0.99531865,True,False,-0.913782716,0.7811685080000003,False,True,H1,high_hotspot,0.010423116,0.0050160154,0.4812395,N1_sfrpEGC_VLMC
1.0,7044,VLMC,-0.008132763,-0.38249338,-0.0349251665174961,-0.4825413823127746,-0.018294876,-0.00014651769,-0.004259871,0.0011608808,-0.0041352318881621,0.0015652666769893,0.004605055,-0.0021009077,-0.0023999999,-0.0004036308,-0.8283543,True,False,-0.913782716,0.7811685080000003,False,False,,intermediate,0.005061654,0.0024337044,0.4808121,
1.0,7046,WSN,0.71335983,-0.43227208,0.6580114364624023,-0.5887839794158936,0.020076664,-0.013397595,0.003437596,-0.0033406958,0.0031067490531205,-0.0036594397310432,-0.003588295,-0.0034871108,0.00044545086,-0.0026630193,0.5690581,True,False,-0.913782716,0.7811685080000003,False,False,,intermediate,0.005003579,0.0027000182,0.5396174,
1.0,7047,reaEGC,0.5779805,-0.43523234,0.5775902271270752,-0.5449966788291931,0.02713807,-0.011887103,0.001147673,-0.0040395996,0.0007571033945967,-0.0041367893638534,-0.0010667146,-0.0064505553,0.0065534334,-0.0039634733,0.37096864,True,False,-0.913782716,0.7811685080000003,False,False,,intermediate,0.0065381606,0.0076587605,1.1713938,
1.0,7052,dpEX,0.32325345,-0.39679462,0.312572717666626,-0.5241422653198242,-0.0042392686,-0.03499594,0.0033766215,-0.003274761,0.0030522828602033,-0.0035878722348984,0.0071144802,-0.0005890044,0.001656295,-0.00097482465,0.90072435,True,False,-0.913782716,0.7811685080000003,False,True,H2,high_hotspot,0.0071388204,0.0019218731,0.26921436,N2_reaEGC_wntEGC
1.0,7053,tlNBL,0.61132824,-0.44066983,0.6040509939193726,-0.5583494305610657,-0.014318782,0.00985205,-0.0024439285,0.0037332976,-0.0020786096733246,0.0039556206260325,-0.0070817815,0.0011182107,0.0034745506,-0.0024952576,-0.8932835,True,False,-0.913782716,0.7811685080000003,False,False,,intermediate,0.0071695205,0.004277711,0.59665227,
1.0,7054,cckIN,-0.016452432,-0.390099,-0.0161059387028217,-0.4812331199645996,-0.016155237,-0.008057603,-0.0033041532,0.0011504315,-0.0031835303731394,0.0014633031764028,0.0075844424,-0.0028092922,-0.0044745193,-0.00042415387,-0.9007755,True,False,-0.913782716,0.7811685080000003,False,False,,intermediate,0.0080880085,0.004494578,0.5557089,
1.0,7055,WSN,0.74170256,-0.44817603,0.7017860412597656,-0.5635107755661011,0.030903278,-0.024496634,0.0032367585,-0.003106467,0.0029289818091946,-0.0034067119150631,-0.0020445373,-0.0016552301,-0.00051732094,-0.0015305456,0.84496605,True,False,-0.913782716,0.7811685080000003,False,True,H1,high_hotspot,0.002630574,0.0016156086,0.61416584,N1_sfrpEGC_VLMC
1.0,7056,WSN,0.68681836,-0.4217301,0.6728680729866028,-0.5541628003120422,0.021397896,-0.032889474,0.003115019,-0.0037351325,0.0027474072409144,-0.0040217328037756,-0.003245871,-0.0036875894,-0.0029328333,9.9089295e-05,0.6349954,True,False,-0.913782716,0.7811685080000003,False,False,,intermediate,0.0049126362,0.0029345066,0.5973385,N1_sfrpEGC_VLMC
1.0,7057,dpEX,0.25029817,-0.39848584,0.2400106489658355,-0.5075241923332214,0.01570373,-0.0591143,0.0034794703,-0.0036469838,0.0031191523092832,-0.0039687725349745,-0.006252995,-0.0056936485,0.001978899,0.0009879993,-0.9622755,True,False,-0.913782716,0.7811685080000003,True,False,L4,low_hotspot,0.008456807,0.002211828,0.2615441,
1.0,7064,MSN,0.6416922,-0.43781257,0.6122533082962036,-0.5528647899627686,0.00083106605,-0.008894377,0.0035419418,-0.0034605283,0.0031992870681588,-0.0037888894226101,-0.009759021,0.0021111693,0.00021283599,-0.0030136085,-0.2797704,True,False,-0.913782716,0.7811685080000003,False,False,,intermediate,0.009984764,0.003021115,0.3025725,
1.0,7065,reaEGC,0.36742222,-0.4354731,0.3671160042285919,-0.4937071800231933,0.13138632,-0.049378563,0.0026415016,-0.004038611,0.0022463138149761,-0.0042788960873569,0.0032274202,0.002277795,0.00350097,0.0036147756,0.98260224,True,False,-0.913782716,0.7811685080000003,False,True,H2,high_hotspot,0.0039502643,0.0050322358,1.2738985,N2_reaEGC_wntEGC
1.0,7068,WSN,0.6812476,-0.4411293,0.6190776824951172,-0.571105420589447,0.0047621406,-0.02136223,0.00371109,-0.0033196055,0.0033814004699329,-0.0036646136984271,-0.0013813867,0.00083058694,-0.002658559,-0.0016632553,0.45323947,True,False,-0.913782716,0.7811685080000003,False,False,,intermediate,0.0016118634,0.0031359773,1.9455602,
1.0,7073,WSN,0.7164775,-0.4506796,0.6507880091667175,-0.5843287110328674,0.02681492,-0.016649242,0.0033174893,-0.0033580277,0.0029853611537392,-0.0036652120824156,-0.0020694283,-0.0010257722,-0.0016415851,-0.0011353533,0.989521,True,False,-0.913782716,0.7811685080000003,False,True,H1,high_hotspot,0.002309706,0.0019959533,0.864159,N1_sfrpEGC_VLMC
1.0,7074,dpEX,0.34989482,-0.40813702,0.3115675151348114,-0.525687038898468,0.012189823,-0.053020615,0.0034014033,-0.0034559784,0.0030596278510311,-0.0037708917779558,0.010291435,-0.0014400874,-0.0005200308,-0.0015600015,-0.1817247,True,False,-0.913782716,0.7811685080000003,False,False,,intermediate,0.010391703,0.0016443956,0.15824121,
1.0,7080,WSN,0.75166976,-0.42945576,0.6997623443603516,-0.5892817378044128,0.017423382,-0.01693227,0.0030959465,-0.002783604,0.0028195407339722,-0.0030713792932342,-0.002842511,-0.0021531077,0.0010048518,-0.001372214,0.016195277,True,False,-0.913782716,0.7811685080000003,False,False,,intermediate,0.003565914,0.0017007935,0.47695863,
1.0,7086,WSN,0.68682635,-0.4402643,0.6419214606285095,-0.5725024342536926,-0.005026506,-0.01621306,0.0037332142,-0.0033187312,0.0034035386825618,-0.003665861436821,-0.0031171406,-0.00019251445,0.00019044126,-0.0019792395,-0.034235813,True,False,-0.913782716,0.7811685080000003,False,False,,intermediate,0.00312308,0.0019883804,0.6366729,
1.0,7087,reaEGC,0.4124918,-0.4229321,0.3901470303535461,-0.5175507068634033,-0.025949137,-0.0028375734,-0.0021549163,0.004262229,-0.0017398435085487,0.0044551991222972,0.0003735826,-0.0011953814,-0.004655447,-0.00034810507,-0.2262925,True,False,-0.913782716,0.7811685080000003,False,False,,intermediate,0.001252398,0.0046684435,3.7276037,
1.0,7091,MSN,0.6346573,-0.45578313,0.6081140637397766,-0.5743322968482971,-0.009270929,0.0020022015,-0.0034848659,0.0033794558,-0.0031501571174285,0.003702605401927,-0.0034209166,0.00061174604,0.00089536275,-0.0007672199,-0.8620371,True,False,-0.913782716,0.7811685080000003,False,False,,intermediate,0.003475184,0.0011791103,0.33929434,
1.0,7096,dpEX,0.31910175,-0.41092637,0.2711648344993591,-0.5117245316505432,0.015455869,-0.05540631,0.002963588,-0.004197367,0.0025521771009287,-0.004468003580818,0.007865547,-0.00094037666,0.0039171213,0.00025926306,0.9829211,True,False,-0.913782716,0.7811685080000003,False,True,H2,high_hotspot,0.007921562,0.003925692,0.49557045,N2_reaEGC_wntEGC
1.0,7098,dpEX,0.34019262,-0.41190016,0.2889853119850158,-0.5253382921218872,0.02198947,-0.063425384,0.0032764704,-0.0035221605,0.0029287495250568,-0.0038248978987382,0.00961847,-0.0002507074,0.0020343899,-0.0019241822,0.74416935,True,False,-0.913782716,0.7811685080000003,False,False,,intermediate,0.0096217375,0.0028002178,0.29103038,N2_reaEGC_wntEGC
1.0,7099,mpIN,0.2921978,-0.41255605,0.2585703134536743,-0.5228282809257507,-0.0068176766,-0.032994535,0.0035025396,-0.0035265977,0.0031536804980853,-0.0038509761106549,-0.0014870737,-0.0016161319,0.0028624223,-0.0006317513,-0.5026061,True,False,-0.913782716,0.7811685080000003,False,False,,intermediate,0.0021961946,0.0029313087,1.3347218,
1.0,7106,WSN,0.6534885,-0.44170678,0.6227778792381287,-0.5721169114112854,-0.0005365743,0.016942216,-0.00349428,0.0034979756,-0.0031481885693629,0.0038216531222357,-0.0056716762,0.0007675925,-0.0024715874,-0.002296272,0.6347086,True,False,-0.913782716,0.7811685080000003,False,False,,intermediate,0.005723383,0.003373664,0.5894528,N1_sfrpEGC_VLMC
1.0,7107,MSN,0.65711725,-0.44647986,0.6151388883590698,-0.5823265314102173,0.01398625,0.017758958,-0.003656455,0.0031486526,-0.0033433133510588,0.0034889667496863,-0.0022925728,0.0005632231,-0.0021339096,-0.0019094829,0.5645961,True,False,-0.913782716,0.7811685080000003,False,False,,intermediate,0.0023607435,0.002863511,1.21297,
1.0,7108,reaEGC,0.57905066,-0.45247993,0.5727423429489136,-0.5626223683357239,0.048317507,0.026106907,0.0010647742,-0.0039177258,0.0006861403213117,-0.0040073592780078,-0.0038679014,0.0013734817,-0.008250604,0.008507692,0.8962614,True,False,-0.913782716,0.7811685080000003,False,True,H1,high_hotspot,0.0041045235,0.0118513,2.8873754,N1_sfrpEGC_VLMC
1.0,7109,reaEGC,0.39236182,-0.40693808,0.3706869781017303,-0.4938674867153168,0.016904065,-0.022220196,0.001901358,-0.00394301,0.0015176628408513,-0.0041126989636237,0.005473663,-0.002077594,-0.00882608,0.0005240903,-0.95431006,True,False,-0.913782716,0.7811685080000003,True,False,,low_dispersed,0.005854689,0.008841626,1.5101787,
1.0,7110,dpEX,0.24566181,-0.3948847,0.2425902336835861,-0.5195750594139099,-0.0016842968,-0.013191562,0.0033250074,-0.0037556128,0.0029547712957619,-0.0040622629912936,-0.004634675,-0.0038818985,0.00043691485,0.002434008,-0.7674476,True,False,-0.913782716,0.7811685080000003,False,False,,intermediate,0.0060456055,0.0024729113,0.40904278,
1.0,7111,mpEX,0.25239432,-0.421759,0.2082488685846328,-0.5112246870994568,-0.026283812,-0.026500396,0.0031150684,-0.003486964,0.0027712282428113,-0.0037743518839839,-0.0051159905,-0.0016575882,0.0018165724,0.0015416007,-0.92476815,True,False,-0.913782716,0.7811685080000003,True,False,L4,low_hotspot,0.0053778207,0.0023825339,0.4430296,
1.0,7113,mpEX,0.28521234,-0.39439064,0.2567652463912964,-0.5033496618270874,0.009969205,-0.00624277,0.0038510773,-0.003178548,0.003534457888293,-0.0035374105345741,-0.0030789638,1.6781355e-06,-0.0015079149,0.00089171337,0.8610356,True,False,-0.913782716,0.7811685080000003,False,True,H2,high_hotspot,0.0030789643,0.0017518448,0.5689721,N2_reaEGC_wntEGC
1.0,7115,reaEGC,0.41694683,-0.40741134,0.4031191766262054,-0.4980741143226623,-0.022822717,0.051127408,-0.0018013114,0.004523902,-0.0013622887999518,0.0046821753814863,0.0013550074,0.003971109,-0.0007488069,0.0072922814,0.9084838,True,False,-0.913782716,0.7811685080000003,False,True,H3,high_hotspot,0.004195921,0.007330626,1.7470838,N2_reaEGC_wntEGC
1.0,7121,reaEGC,0.61238587,-0.46183312,0.5834668278694153,-0.5686479806900024,0.009530105,-0.022697318,0.0032878916,-0.0035885854,0.0029337719930947,-0.0038922073187964,-0.0037150248,0.0022872558,0.0047991946,-0.0018260616,-0.982326,True,False,-0.913782716,0.7811685080000003,True,False,,low_dispersed,0.0043626768,0.005134858,1.1769972,
1.0,7122,reaEGC,0.5656898,-0.48608416,0.5740927457809448,-0.5723336935043335,0.031502016,0.041050218,-0.0010434103,0.0032728969,-0.0007266112169161,0.0033625183274544,-0.00082792016,0.0019949817,-0.005514339,0.01163755,0.99879336,True,False,-0.913782716,0.7811685080000003,False,True,,high_dispersed,0.0021599545,0.012877908,5.9621196,
1.0,7129,mpEX,0.24238412,-0.4028281,0.218230202794075,-0.502924382686615,-0.011985957,-0.03411885,0.00346215,-0.0033370438,0.0031315754904269,-0.003658151312979,-0.007102947,-0.007047005,9.534685e-05,0.0021563834,-0.7349765,True,False,-0.913782716,0.7811685080000003,False,False,,intermediate,0.010005605,0.0021584902,0.2157281,
1.0,7130,dpEX,0.20471255,-0.4295442,0.1983325630426406,-0.5153537392616272,0.027106173,-0.02248123,0.002456453,-0.0034748465,0.002115851332888,-0.0036991846196655,-0.005968215,-0.0054259803,0.0036126575,0.003211279,-0.9999375,True,False,-0.913782716,0.7811685080000003,True,False,L4,low_hotspot,0.00806603,0.004833591,0.5992528,
1.0,7131,reaEGC,0.38179082,-0.45606112,0.387507826089859,-0.525759220123291,0.04511849,-0.02666098,0.002712728,-0.0041660303,0.0023051101280856,-0.0044127361530906,0.004387659,0.00027121254,-0.0022594642,0.00020335137,-0.9885471,True,False,-0.913782716,0.7811685080000003,True,False,L1,low_hotspot,0.004396033,0.0022685966,0.5160554,
1.0,7137,obNBL,0.7228932,-0.44231164,0.69244384765625,-0.5850791335105896,0.03641447,0.019059977,0.0032358223,-0.003201789,0.0029189177581635,-0.0035016435344987,-0.0037598042,-0.00025368648,-0.0010624314,-0.0017343375,0.578586,True,False,-0.913782716,0.7811685080000003,False,False,,intermediate,0.003768353,0.0020338846,0.53972775,
1.0,7139,reaEGC,0.3215546,-0.43798906,0.3224918842315674,-0.5195574760437012,0.044335928,-0.06619736,0.0029527873,-0.0040426613,0.0025562294866424,-0.0043127513488474,0.0040825056,-0.001017508,0.0043923543,0.0003520651,0.9478921,True,False,-0.913782716,0.7811685080000003,False,True,H2,high_hotspot,0.0042073955,0.0044064415,1.0473086,N2_reaEGC_wntEGC
1.0,7141,dpEX,0.32010227,-0.40170407,0.2939106523990631,-0.5107291340827942,0.01998205,-0.06283774,0.0033539648,-0.0036242544,0.0029962199944366,-0.0039340928170657,0.007969946,-0.0013401753,0.003986297,-0.0009126014,0.9982916,True,False,-0.913782716,0.7811685080000003,False,True,H2,high_hotspot,0.008081838,0.0040894262,0.506002,N2_reaEGC_wntEGC
1.0,7142,tlNBL,0.6720336,-0.46404678,0.6314334869384766,-0.5737918019294739,0.008014072,0.012817589,-0.0035899598,0.0030419503,-0.0032872487680887,0.0033762315502728,-0.00074111344,0.0008863515,-0.0036250255,-0.000564573,0.51575625,True,False,-0.913782716,0.7811685080000003,False,False,,intermediate,0.0011553649,0.0036687262,3.175383,
1.0,7146,WSN,0.7031549,-0.44593954,0.6719198822975159,-0.5818586349487305,0.0054744016,-0.01450596,0.0036012393,-0.0034551953,0.0032589083723496,-0.0037892533081838,-0.0029695893,0.00093183084,0.0028192464,-0.0019325992,-0.9562571,True,False,-0.913782716,0.7811685080000003,True,False,,low_dispersed,0.0031123576,0.0034180537,1.0982201,
1.0,7149,MSN,0.6237925,-0.45301604,0.5871541500091553,-0.5636453628540039,0.026645249,0.013550125,0.0036469256,-0.0032618209,0.003322973626307,-0.0036008651579659,-0.0033756895,-6.880102e-05,0.002737999,-0.0022730874,-0.75622976,True,False,-0.913782716,0.7811685080000003,False,False,,intermediate,0.0033763906,0.00355859,1.0539628,
1.0,7151,MSN,0.62518024,-0.462229,0.6089380383491516,-0.5723684430122375,-0.019257499,-0.002715894,-0.0034487015,0.0032546287,-0.003126063836876,0.0035747080413426,-0.009047547,0.0009078782,0.0030388897,-0.0019612596,-0.8901532,True,False,-0.913782716,0.7811685080000003,False,False,,intermediate,0.009092984,0.0036168206,0.3977595,
1.0,7153,WSN,0.7452839,-0.4301268,0.7055748105049133,-0.5841900706291199,0.0014690408,-0.0076875975,0.0031119783,-0.0029300796,0.0028214912030476,-0.0032189284650848,-0.0025804944,-0.0017198385,0.0022743654,-0.0026131442,-0.12797092,True,False,-0.913782716,0.7811685080000003,False,False,,intermediate,0.003101096,0.0034642837,1.1171159,
1.0,7154,WSN,0.77450496,-0.463673,0.7041447162628174,-0.5905851125717163,0.014693312,-0.0043540215,0.0030987489,-0.0032210755,0.0027804293225313,-0.0035077390980319,-0.00083253125,-0.0019325758,-0.00060927117,-0.0012432102,0.99880385,True,False,-0.913782716,0.7811685080000003,False,True,H1,high_hotspot,0.0021042712,0.0013844792,0.65793765,N1_sfrpEGC_VLMC
1.0,7158,mpEX,0.34889615,-0.4273941,0.2953539490699768,-0.527012050151825,0.034916025,-0.066499874,0.003337894,-0.0037200344,0.002971025364414,-0.0040280312564191,0.009900382,-0.0022914493,-0.00085873145,-0.0013116192,-0.34499565,True,False,-0.913782716,0.7811685080000003,False,False,,intermediate,0.010162101,0.0015677259,0.15427183,
1.0,7160,WSN,0.7229067,-0.4776343,0.6779632568359375,-0.5855728983879089,-0.007229461,0.00090908725,-0.0029593292,0.003577035,-0.0026073525289418,0.0038492206268496,-0.00084116403,0.001997782,-0.0012899833,-0.00044161818,0.06862715,True,False,-0.913782716,0.7811685080000003,False,False,,intermediate,0.002167646,0.0013634821,0.6290151,
1.0,7161,wntEGC,0.37793386,-0.42144167,0.3385520279407501,-0.5383279919624329,0.028660025,-0.03688336,0.002051782,-0.0043640225,0.001627283997199,-0.004546792419633,0.0062010013,-0.00085701625,-0.0047641965,-0.0025703018,-0.80679744,True,False,-0.913782716,0.7811685080000003,False,False,,intermediate,0.0062599434,0.0054133185,0.8647552,
1.0,7163,dpEX,0.28947872,-0.409589,0.2761508226394653,-0.5249354839324951,-0.03623082,-0.029104153,-0.0038443455,0.0031197942,-0.0035333752640288,0.0034781971807719,0.0017301355,-0.0021745814,0.003377683,-0.0015072242,0.8874476,True,False,-0.913782716,0.7811685080000003,False,True,H2,high_hotspot,0.00277888,0.0036987115,1.331008,N2_reaEGC_wntEGC
1.0,7170,WSN,0.7326754,-0.4456355,0.6908681988716125,-0.5839900970458984,-0.028125241,-0.0056132344,-0.003619022,0.0027997491,-0.0033394194157547,0.0031375783568534,-0.0034305728,-0.0017574637,0.0022766113,-0.0013820346,-0.52419424,True,False,-0.913782716,0.7811685080000003,False,False,,intermediate,0.003854544,0.0026632645,0.6909416,
1.0,7171,reaEGC,0.4230228,-0.40881956,0.3653660416603088,-0.5122084021568298,0.0011406816,-0.04433776,0.0017025366,-0.004218086,0.0012931194183688,-0.0043678626062299,0.0022105437,-0.0018343435,-0.001624872,-0.00087893294,-0.37304527,True,False,-0.913782716,0.7811685080000003,False,False,,intermediate,0.002872511,0.0018473581,0.6431161,
1.0,7172,mpIN,0.2896691,-0.4072911,0.261856198310852,-0.5095852613449097,0.0064342087,-0.027847294,0.0035956108,-0.0031431175,0.003283191272956,-0.0034776209268839,-0.0019441324,-0.0014462282,0.0025084096,-0.00073166715,-0.60311687,True,False,-0.913782716,0.7811685080000003,False,False,,intermediate,0.0024230615,0.00261294,1.0783631,
1.0,7173,sstIN,0.2770397,-0.41248724,0.2477501034736633,-0.5046030879020691,-0.010578918,-0.025150903,0.0039353753,-0.0027864692,0.0036560467075651,-0.0031546434262765,-0.0047938135,-0.0022434783,0.0013983827,0.0007137299,-0.99941486,True,False,-0.913782716,0.7811685080000003,True,False,L4,low_hotspot,0.0052928105,0.001569995,0.29662785,
1.0,7178,MSN,0.6372003,-0.45324308,0.5887658596038818,-0.5825839042663574,0.017096633,0.016051067,0.0035621522,-0.0033258349,0.0032323358433959,-0.0036565568402686,-0.0070098443,0.00029448804,-0.00044446968,-0.00022423576,0.8731209,True,False,-0.913782716,0.7811685080000003,False,True,H1,high_hotspot,0.0070160273,0.0004978303,0.07095615,N1_sfrpEGC_VLMC
1.0,7181,WSN,0.6917305,-0.4579032,0.651191771030426,-0.5842027068138123,-0.004418877,-0.004243288,-0.003819525,0.0030251443,-0.0035176995300405,0.0033814684208022,-0.0005617924,0.0007930568,-0.0015723382,-0.0025404524,-0.38964584,True,False,-0.913782716,0.7811685080000003,False,False,,intermediate,0.0009718795,0.0029876656,3.074111,
1.0,7182,dpEX,0.3241141,-0.43241584,0.3012970089912414,-0.5318812727928162,0.04306643,-0.061905976,0.0030867683,-0.003950228,0.0026986418712616,-0.0042334435595685,0.0097405575,-0.0027520445,0.002182213,0.0006562225,0.84326386,True,False,-0.913782716,0.7811685080000003,False,True,H2,high_hotspot,0.010121868,0.0022787456,0.22513095,N2_reaEGC_wntEGC
1.0,7184,reaEGC,0.60086805,-0.45158857,0.5702579021453857,-0.5724073052406311,-0.0060594967,-0.00708678,0.00223166,-0.004000702,0.0018413965501417,-0.0042018483954551,-0.0056990557,-0.0014338547,0.0061695874,-0.001586285,-0.8784719,True,False,-0.913782716,0.7811685080000003,False,False,,intermediate,0.0058766636,0.0063702515,1.0839912,
1.0,7185,reaEGC,0.5721989,-0.49283224,0.5540899038314819,-0.5710365772247314,-0.035427112,-0.000175398,-0.0016664014,0.0033988093,-0.0013355758465085,0.0035477092062666,-0.0012159337,0.0002310571,-0.0003489265,0.0036101448,0.28033,True,False,-0.913782716,0.7811685080000003,False,False,,intermediate,0.0012376923,0.0036269678,2.9304276,
1.0,7188,dpEX,0.20414042,-0.40300304,0.2038506716489792,-0.527137041091919,-0.0036470536,-0.02404863,0.0027528014,-0.003808193,0.0023793339674708,-0.0040598662665735,-0.0034531795,-0.005404545,0.0011645055,0.0031372171,-0.97737277,True,False,-0.913782716,0.7811685080000003,True,False,L4,low_hotspot,0.006413545,0.003346372,0.52176636,
1.0,7189,ribEGC,0.38988814,-0.47503325,0.3845372498035431,-0.5205185413360596,0.032286268,-0.0011071004,0.003732166,-0.003824719,0.0033540257707937,-0.0041701524771099,0.0018080911,-0.00014945444,-0.0063870307,-0.0022264745,-0.91394633,True,False,-0.913782716,0.7811685080000003,True,False,L1,low_hotspot,0.0018142575,0.0067639747,3.728233,
1.0,7197,MSN,0.6707046,-0.44793427,0.642096221446991,-0.5923238396644592,-0.00059618196,0.022386804,-0.0034228535,0.0030460858,-0.0031202735548693,0.0033643471138516,-0.0033863585,0.0005944085,-0.0041267006,-0.0025381658,0.74838066,True,False,-0.913782716,0.7811685080000003,False,False,,intermediate,0.0034381312,0.004844785,1.4091333,N1_sfrpEGC_VLMC
1.0,7198,reaEGC,0.40784645,-0.4233099,0.3430358171463012,-0.53005450963974,0.026049333,-0.07447608,0.0023687058,-0.0042298636,0.0019560587834001,-0.0044434145732541,0.0037202549,-0.0025045727,-0.0032060242,-0.0014086402,-0.53481174,True,False,-0.913782716,0.7811685080000003,False,False,,intermediate,0.004484772,0.0035018364,0.7808282,
1.0,7201,mpIN,0.28049284,-0.4134711,0.2403901368379593,-0.512553334236145,0.011474424,-0.005799438,0.0037141703,-0.0030488402,0.0034104074098362,-0.0033949977244229,-0.0035135276,-0.0012884082,0.0018789087,-0.00017320893,-0.9032984,True,False,-0.913782716,0.7811685080000003,False,False,,intermediate,0.0037423084,0.0018868756,0.504201,
1.0,7205,dpEX,0.31282672,-0.41942382,0.287251204252243,-0.5198765993118286,-0.034338437,-0.026426496,-0.003401637,0.003954325,-0.0030121248090795,0.0042676884548642,0.0073169917,-0.0004808793,0.0037766977,-0.0014633092,0.95414054,True,False,-0.913782716,0.7811685080000003,False,True,H2,high_hotspot,0.0073327767,0.004050274,0.552352,N2_reaEGC_wntEGC
1.0,7208,MSN,0.6659368,-0.45272958,0.6432448625564575,-0.6007794141769409,0.0034968904,0.017242383,-0.0032004293,0.00348706,-0.0028563105631442,0.0037826243605435,-0.0020926897,0.0014530453,-0.00297408,-0.0025818988,0.24638551,True,False,-0.913782716,0.7811685080000003,False,False,,intermediate,0.0025476834,0.0039384454,1.5458927,
1.0,7213,WSN,0.7468364,-0.4471761,0.6949700713157654,-0.5902770161628723,-0.0057410817,-0.013149727,0.002518778,-0.0035869011,0.0021672461508743,-0.0038168557821829,-0.0016292812,-0.0022458169,0.0005376786,-0.001430369,0.55104536,True,False,-0.913782716,0.7811685080000003,False,False,,intermediate,0.0027745722,0.0015280882,0.55074733,
1.0,7214,MSN,0.69120574,-0.4419958,0.6481677293777466,-0.5902544856071472,0.025943339,-0.0062387222,0.0037571737,-0.0032633054,0.0034327317069345,-0.0036129055475438,-0.0010869147,0.0008741668,-0.0030881672,-0.0014463209,0.43987358,True,False,-0.913782716,0.7811685080000003,False,False,,intermediate,0.0013948301,0.0034100765,2.444797,
1.0,7215,MSN,0.66126204,-0.45657372,0.6251903772354126,-0.6021338701248169,0.009406788,0.017542493,-0.0030328215,0.0034637123,-0.0026914680129122,0.0037432952623278,-0.0035479183,0.0024326118,-0.001410006,-0.0025410154,-0.094289824,True,False,-0.913782716,0.7811685080000003,False,False,,intermediate,0.0043017818,0.002906007,0.6755357,
1.0,7217,dpEX,0.3527489,-0.4314223,0.2830184400081634,-0.5178600549697876,-0.0006626271,-0.05030297,0.0029064696,-0.004037088,0.0025105917953794,-0.0043027587112068,0.009281406,-0.0002881272,-0.0005913165,-0.0015710049,-0.3230576,True,False,-0.913782716,0.7811685080000003,False,False,,intermediate,0.009285877,0.001678604,0.18076956,
1.0,7219,mpEX,0.23007752,-0.43280053,0.1855159699916839,-0.5326889157295227,-0.021977896,-0.040470943,0.0027168493,-0.0038856918,0.0023360717852645,-0.0041336767992002,-0.0065055536,-0.005161068,0.002184886,0.0010107171,-0.9719566,True,False,-0.913782716,0.7811685080000003,True,False,L4,low_hotspot,0.008304146,0.002407338,0.28989592,
1.0,7220,MSN,0.5957967,-0.46994776,0.5857587456703186,-0.5794791579246521,0.021371178,0.010697784,0.0022332412,-0.003801879,0.001862017745451,-0.0040038041847264,-0.007081046,-0.0019720662,0.0050168377,-0.00045634163,-0.9350738,True,False,-0.913782716,0.7811685080000003,True,False,,low_dispersed,0.0073505277,0.00503755,0.68533176,
1.0,7221,mpEX,0.25482982,-0.41262853,0.230766549706459,-0.5282103419303894,0.005294576,-0.01992433,0.003430781,-0.0034526328,0.0030892332727437,-0.003770370841139,-0.0034980294,-0.0012976886,0.0015070442,0.0004920504,-0.99921393,True,False,-0.913782716,0.7811685080000003,True,False,L4,low_hotspot,0.0037309793,0.0015853378,0.42491198,
1.0,7224,MSN,0.6471534,-0.47095945,0.5926370024681091,-0.588327944278717,-0.013383721,0.027386477,-0.003273374,0.00311497,-0.0029646672132386,0.0034186954143495,-0.0005158079,-0.00055157114,-0.0001372812,-0.0006335694,0.8584663,True,False,-0.913782716,0.7811685080000003,False,True,H1,high_hotspot,0.0007551745,0.00064827176,0.8584397,N1_sfrpEGC_VLMC
1.0,7229,reaEGC,0.37903833,-0.43157077,0.3488988280296325,-0.5208868980407715,-0.01788766,-0.032351106,0.0024780948,-0.004118994,0.0020757227236491,-0.0043433728431181,0.001996332,-0.0012408388,-0.008849025,-0.0019621304,-0.71489316,True,False,-0.913782716,0.7811685080000003,False,False,,intermediate,0.0023505366,0.009063951,3.8561196,
1.0,7233,cckIN,0.70703423,-0.4528284,0.673808217048645,-0.6161360740661621,-0.011825221,0.012016694,-0.0035056341,0.0036048456,-0.0031492700104755,0.0039292735302758,-0.0009056869,0.001605578,-0.0010590877,-0.0015875595,-0.45189402,True,False,-0.913782716,0.7811685080000003,False,False,,intermediate,0.001843407,0.0019084056,1.03526,
1.0,7245,reaEGC,0.3291843,-0.4374559,0.2898071408271789,-0.5395887494087219,0.033440992,-0.05942995,0.0032723628,-0.0035513127,0.0029218624229683,-0.0038535647231675,0.009064781,-0.0014067171,0.0035822669,-0.00021657674,0.9956254,True,False,-0.913782716,0.7811685080000003,False,True,H2,high_hotspot,0.0091732815,0.0035888078,0.391224,N2_reaEGC_wntEGC
1.0,7246,WSN,0.72093725,-0.45701241,0.6564417481422424,-0.6083685159683228,-0.0053240717,0.015227974,-0.0036856418,0.002787107,-0.0034070400550293,0.0031313574442091,-0.0054873596,0.0017699319,-0.0007433856,0.0011889159,0.76484483,True,False,-0.913782716,0.7811685080000003,False,False,,intermediate,0.005765741,0.0014021923,0.24319376,N1_sfrpEGC_VLMC
1.0,7247,ribEGC,0.36770225,-0.4939351,0.3659932911396026,-0.5428276658058167,0.010670118,-0.0004353585,0.0035248767,-0.0031883891,0.0032083437338977,-0.0035159741401332,0.001605605,-0.00032724752,0.0023279167,0.0056594224,0.18805113,True,False,-0.913782716,0.7811685080000003,False,False,,intermediate,0.0016386148,0.006119498,3.7345555,
1.0,7250,WSN,0.7368758,-0.4625373,0.7066108584403992,-0.6208770275115967,-0.0032583098,-0.02047502,0.0025907878,-0.003701813,0.0022280215402522,-0.0039383029264857,-0.0017292647,-0.0006252047,-8.826855e-05,-6.323584e-05,0.9624989,True,False,-0.913782716,0.7811685080000003,False,True,H1,high_hotspot,0.0018388141,0.000108582266,0.059050158,N1_sfrpEGC_VLMC
1.0,7255,cckIN,0.68251085,-0.4562496,0.6507893800735474,-0.587760865688324,-0.0059006494,-0.005470489,-0.003895681,0.0030631707,-0.0035899726386502,0.0034266697056896,-0.001254869,0.0012773381,-0.0031765825,-0.00354859,-0.06408847,True,False,-0.913782716,0.7811685080000003,False,False,,intermediate,0.0017906113,0.004762685,2.6598096,
1.0,7259,reaEGC,0.34428746,-0.4345967,0.3170213103294372,-0.521443247795105,0.05374426,-0.031220773,0.0032747416,-0.003564248,0.0029229946835782,-0.003866687151009,0.008447209,1.9935758e-05,-0.0011144659,-0.0015172998,-0.59387857,True,False,-0.913782716,0.7811685080000003,False,False,,intermediate,0.008447233,0.0018826133,0.22286746,
1.0,7262,MSN,0.63695097,-0.4904384,0.6042191386222839,-0.595302402973175,-0.010504758,0.0056243218,-0.0029109772,0.0034913374,-0.0025673620051511,0.0037591619053297,-0.0021793845,0.00093493995,-0.00044365742,0.0035124535,0.50630283,True,False,-0.913782716,0.7811685080000003,False,False,,intermediate,0.0023714614,0.0035403618,1.492903,
1.0,7265,WSN,0.72721165,-0.45914757,0.6807456016540527,-0.6079607009887695,0.0034536342,-0.025322556,0.0032816243,-0.0030249695,0.0029815125826784,-0.0033297691966838,-0.0015985675,-0.0003206367,0.0005257342,0.00089014746,-0.6679425,True,False,-0.913782716,0.7811685080000003,False,False,,intermediate,0.0016304067,0.001033808,0.6340798,
1.0,7272,MCG,0.7437063,-0.46540886,0.651908814907074,-0.6161358952522278,-0.00014575315,-0.0054424154,0.0031330278,-0.0034060485,0.0027968817719053,-0.003695412073686,-0.00053975516,3.3552005e-05,0.00041919318,0.00019873846,-0.87527436,True,False,-0.913782716,0.7811685080000003,False,False,,intermediate,0.00054079696,0.000463918,0.8578414,
1.0,7275,WSN,0.7513349,-0.46671736,0.7052949666976929,-0.6137831807136536,-0.011109874,-0.039124556,0.003543866,-0.0030087733,0.0032444784593551,-0.0033387439841339,-0.0021099814,-0.0016065291,0.0020429613,0.0014351802,-0.99926454,True,False,-0.913782716,0.7811685080000003,True,False,,low_dispersed,0.0026519725,0.0024966844,0.94144434,
1.0,7276,reaEGC,0.3630364,-0.43792427,0.3332192003726959,-0.5469854474067688,0.057299796,-0.060110763,0.0029413127,-0.0036885035,0.0025787154786744,-0.00395861178192,0.009317394,-0.0007193491,-0.007731802,-0.0008046147,-0.9837101,True,False,-0.913782716,0.7811685080000003,True,False,L1,low_hotspot,0.009345122,0.0077735553,0.8318303,
1.0,7277,dpEX,0.317298,-0.42518374,0.2867463231086731,-0.551200807094574,-0.008491694,-0.046702486,0.0032339897,-0.0041484917,0.0028264073196408,-0.0044451839066362,0.0071997647,-0.00092824874,0.0047474997,-0.000291923,0.9977692,True,False,-0.913782716,0.7811685080000003,False,True,H2,high_hotspot,0.0072593563,0.0047564665,0.6552188,N2_reaEGC_wntEGC
1.0,7278,reaEGC,0.5434757,-0.5139332,0.5445367693901062,-0.586338460445404,0.056469083,0.0021435716,0.0026110616,-0.0022001627,0.0023920727437156,-0.0024433321651896,-0.0030093926,-0.0026875937,0.0027626313,-0.00010260917,-0.7206222,True,False,-0.913782716,0.7811685080000003,False,False,,intermediate,0.004034799,0.002764536,0.68517315,
1.0,7282,scgnIN,0.6837604,-0.498322,0.6480809450149536,-0.623701274394989,0.001813781,0.015152042,-0.0024652472,0.003661345,-0.0021067533464717,0.0038859371363687,-0.0012085242,0.0012596796,-0.0037161065,0.0011705958,0.8771245,True,False,-0.913782716,0.7811685080000003,False,True,H1,high_hotspot,0.0017456585,0.0038961188,2.2318907,N1_sfrpEGC_VLMC
1.0,7283,cckIN,-0.08543849,-0.456923,-0.0922131389379501,-0.5115377306938171,-0.016880456,0.007368942,-0.002148586,0.0014994277,-0.001998178981229,0.0017005078754001,0.0063374448,-0.003869893,-0.0023221371,0.005273404,-0.8209112,True,False,-0.913782716,0.7811685080000003,False,False,,intermediate,0.0074255825,0.0057620406,0.77597153,
1.0,7285,VLMC,-0.04423214,-0.43688214,-0.0749716907739639,-0.5065550208091736,-0.018862514,-0.013207329,-0.0015830001,0.0013942792,-0.0014444493816659,0.0015415142125604,0.0029283536,-0.0016156738,-0.0044578286,0.0029199286,-0.99713486,True,False,-0.913782716,0.7811685080000003,True,False,,low_dispersed,0.0033444965,0.005328998,1.5933633,
1.0,7287,reaEGC,0.37707478,-0.4537133,0.3730123043060303,-0.5287400484085083,0.002473763,0.0061250734,-0.0029641932,0.0038702143,-0.0025841179136702,0.004141941013618,0.006082407,-0.00028253722,-0.005009352,0.000258381,-0.9999869,True,False,-0.913782716,0.7811685080000003,True,False,L1,low_hotspot,0.0060889656,0.0050160117,0.82378715,
1.0,7291,reaEGC,0.4243158,-0.41618413,0.3804673254489898,-0.5397664308547974,-0.045529764,0.02480491,-0.001943433,0.0038780223,-0.0015658301178011,0.0040519468486959,-0.00062041107,0.0030782423,-0.0013114461,0.008688985,0.99879575,True,False,-0.913782716,0.7811685080000003,False,True,H3,high_hotspot,0.003140141,0.008787397,2.7984085,N2_reaEGC_wntEGC
1.0,7292,dpEX,0.28888363,-0.42481488,0.2558529078960418,-0.5588223338127136,0.012716276,-0.04367284,0.0032554504,-0.003458165,0.0029139259362233,-0.0037590909546823,0.0013570207,-0.0019665703,0.0018036299,0.00095186563,0.11813612,True,False,-0.913782716,0.7811685080000003,False,False,,intermediate,0.0023893313,0.0020393943,0.85354185,
1.0,7295,MSN,0.67195976,-0.46417224,0.6152244806289673,-0.6140134334564209,0.014028837,0.017456938,-0.0036044328,0.0030393146,-0.0033019285582422,0.0033749905739973,-0.00466666,0.0029883834,-0.00063868496,7.48245e-05,0.89915895,True,False,-0.913782716,0.7811685080000003,False,True,H1,high_hotspot,0.0055414937,0.00064305303,0.11604327,N1_sfrpEGC_VLMC
1.0,7296,tlNBL,0.5966195,-0.50832224,0.5842004418373108,-0.5994279980659485,0.006661487,0.008586302,-0.0018126821,0.003677578,-0.001454692148682,0.003839610386193,-0.007689295,-0.0033304663,0.0032497845,0.0023116171,-0.9781263,True,False,-0.913782716,0.7811685080000003,True,False,,low_dispersed,0.008379574,0.003988066,0.47592708,
1.0,7299,WSN,0.7099354,-0.4625184,0.6907581686973572,-0.6148869395256042,-0.0006570376,-0.041204415,0.0032266479,-0.0034831022,0.0028828255609765,-0.0037811904094521,-0.0007938507,0.0012239304,-0.0022112099,-0.0001408238,0.4897434,True,False,-0.913782716,0.7811685080000003,False,False,,intermediate,0.0014588367,0.0022156895,1.5188057,
1.0,7301,reaEGC,0.56746453,-0.5025914,0.5546888113021851,-0.5879130363464355,0.037220765,-0.006372335,0.0016234684,-0.003318299,0.0013004902475807,-0.0034633404239761,-0.0040156967,-0.0028174256,0.004598869,0.0016972645,-0.9668392,True,False,-0.913782716,0.7811685080000003,True,False,,low_dispersed,0.004905477,0.0049020713,0.9993057,
1.0,7302,reaEGC,0.5447948,-0.5297239,0.5546483993530273,-0.585684597492218,0.09438739,-0.039892305,0.002809027,-0.0024326954,0.0025671395568012,-0.0026940940587099,0.0024119376,-0.0043570455,-0.0021784322,-0.0031281027,0.44117233,True,False,-0.913782716,0.7811685080000003,False,False,,intermediate,0.004980089,0.0038119017,0.7654284,
1.0,7312,WSN,0.7204243,-0.4682753,0.660425066947937,-0.6242992281913757,0.003249505,-0.002460495,0.003203853,-0.003317497,0.0028759658001456,-0.0036139241676766,-0.0018341234,0.0015910792,-0.001998854,-0.00094615045,0.40240166,True,False,-0.913782716,0.7811685080000003,False,False,,intermediate,0.0024280737,0.002211474,0.91079366,
1.0,7313,mpIN,0.31998718,-0.44077486,0.2531678378582001,-0.5412829518318176,-0.01673055,-0.01583428,-0.0027181625,0.0042511486,-0.0023023741012577,0.0044981064050715,0.007546342,-0.0024086246,0.0024721804,0.00020756495,0.9238713,True,False,-0.913782716,0.7811685080000003,False,True,H2,high_hotspot,0.007921411,0.0024808787,0.31318647,N2_reaEGC_wntEGC
1.0,7315,WSN,0.6886927,-0.484358,0.6481902003288269,-0.6313576102256775,0.050340407,0.00046094682,0.0029194928,-0.0031093864,0.0026124373535603,-0.0033792316301397,-0.00034773993,0.0017192228,-0.0010780324,0.0004112782,0.53460264,True,False,-0.913782716,0.7811685080000003,False,False,,intermediate,0.0017540382,0.0011538214,0.6578086,
1.0,7316,MSN,0.653763,-0.46692938,0.6209802031517029,-0.6053303480148315,0.017747963,0.016371699,0.003508892,-0.002957655,0.0032145111886373,-0.0032844366849747,-0.0047743656,0.0023180353,-0.0012224831,-0.00023472008,0.8010864,True,False,-0.913782716,0.7811685080000003,False,True,H1,high_hotspot,0.0053073396,0.0012448126,0.2345455,N1_sfrpEGC_VLMC
1.0,7318,dpEX,0.31533122,-0.4500562,0.2756074368953705,-0.5516600012779236,-0.012939835,-0.036860224,0.002879031,-0.0038079699,0.0025051866906624,-0.0040717353133687,0.0066645215,-0.0010057816,0.0035849644,9.305964e-05,0.9845978,True,False,-0.913782716,0.7811685080000003,False,True,H2,high_hotspot,0.0067399885,0.0035861721,0.5320739,N2_reaEGC_wntEGC
1.0,7319,MCG,0.22443241,-0.45661512,0.2160459905862808,-0.5287076830863953,-0.012450283,-0.019098205,0.0027623668,-0.0034383663,0.0024242944519578,-0.0036921227253619,-0.006811426,-0.0041870973,0.0030107163,0.0038625768,-0.9367617,True,False,-0.913782716,0.7811685080000003,True,False,L4,low_hotspot,0.0079954555,0.0048973374,0.6125151,
1.0,7321,reaEGC,0.3832013,-0.45824078,0.3887290060520172,-0.5298312306404114,-0.031491295,0.09935469,-0.0026279653,0.0041317055,-0.0022239027889473,0.004370400294166,0.004095022,0.0021455344,0.006143067,0.004201479,0.9931339,True,False,-0.913782716,0.7811685080000003,False,True,H2,high_hotspot,0.004623043,0.0074424255,1.6098543,N2_reaEGC_wntEGC
1.0,7322,cckIN,0.6761404,-0.45955065,0.637711763381958,-0.5920965075492859,-0.0133202635,0.01298104,-0.003299253,0.003392293,-0.00296390023203,0.0036976223710108,-0.0041443706,0.00085476675,-0.0028915752,-0.0015438802,0.7688136,True,False,-0.913782716,0.7811685080000003,False,False,,intermediate,0.0042315996,0.0032779223,0.7746296,N1_sfrpEGC_VLMC
1.0,7325,reaEGC,0.3511473,-0.4595778,0.3368096947669983,-0.5585261583328247,0.07527242,-0.07413218,0.0027010052,-0.003765345,0.002331805521855,-0.0040121921223168,0.007074528,-0.0012261934,-0.004366557,0.00018588516,-0.9916812,True,False,-0.913782716,0.7811685080000003,True,False,L1,low_hotspot,0.0071800067,0.004370512,0.6087058,
1.0,7326,dpEX,0.34677267,-0.44596833,0.2928016483783722,-0.547289252281189,-0.00209519,-0.045426313,0.0029967583,-0.003633434,0.0026392611980061,-0.003909027023773,0.0072956686,0.00065109006,0.002121732,0.0011209272,0.922214,True,False,-0.913782716,0.7811685080000003,False,True,H2,high_hotspot,0.007324664,0.0023996301,0.3276096,N2_reaEGC_wntEGC
1.0,7330,MCG,0.2460314,-0.43438017,0.2176813334226608,-0.5459482073783875,-0.04140979,-0.023472436,-0.002764762,0.0036104543,-0.0024101979110345,0.0038638971545659,-0.008759544,-0.006840338,0.00022644307,0.0020093052,-0.69986606,True,False,-0.913782716,0.7811685080000003,False,False,,intermediate,0.011113948,0.0020220247,0.18193577,
1.0,7333,VLMC,-0.039183907,-0.4332034,-0.0651818066835403,-0.5016015768051147,-0.019635502,0.0015092142,-0.00140907,0.001411577,-0.0012694110973747,0.0015420968716687,0.002536059,-0.0021179644,-0.0025922428,0.0032709944,-0.97909254,True,False,-0.913782716,0.7811685080000003,True,False,,low_dispersed,0.0033041441,0.0041736225,1.2631478,
1.0,7335,dpEX,0.29697058,-0.4366875,0.254132866859436,-0.5477591156959534,0.009358269,-0.02594739,0.003466313,-0.0035894786,0.0031115449205282,-0.0039101884278516,0.0062607983,-0.00097397185,0.00294032,0.00027804603,0.96925473,True,False,-0.913782716,0.7811685080000003,False,True,H2,high_hotspot,0.006336104,0.0029534372,0.46612826,N2_reaEGC_wntEGC
1.0,7336,dpEX,0.24295184,-0.44518763,0.23177070915699,-0.5581774115562439,-0.011282514,-0.034145936,0.0030151568,-0.0032283359,0.0026964055634689,-0.0035069693622021,-0.0064717857,-0.0038056697,0.0017701383,0.00038356532,-0.94980276,True,False,-0.913782716,0.7811685080000003,True,False,L4,low_hotspot,0.007507805,0.0018112183,0.24124473,
1.0,7337,WSN,0.22045875,-0.46518242,0.1982318460941314,-0.5489072203636169,-0.025071293,-0.029407201,0.0028711988,-0.0034255423,0.0025340115299792,-0.0036897640055999,-0.0043762503,-0.002102899,0.0032229058,0.002611652,-0.9729624,True,False,-0.913782716,0.7811685080000003,True,False,L4,low_hotspot,0.0048552807,0.004148234,0.8543758,
1.0,7338,WSN,0.73193854,-0.47732937,0.6805689334869385,-0.6117331385612488,-0.016117819,-0.0065582013,-0.0030600587,0.0030887742,-0.0027545342214438,0.0033721490503715,-4.970816e-05,0.0015442133,-0.001155311,-0.00013318389,-0.08250033,True,False,-0.913782716,0.7811685080000003,False,False,,intermediate,0.001545013,0.0011629624,0.7527201,
1.0,7339,MSN,0.62735033,-0.5027974,0.5920656323432922,-0.6009660363197327,0.018717026,0.008466593,0.0027766374,-0.0035627654,0.0024266040334036,-0.0038174963137085,-0.0069454964,0.0016980564,0.0017548976,0.0028719348,-0.30384493,True,False,-0.913782716,0.7811685080000003,False,False,,intermediate,0.0071500572,0.003365661,0.47071806,
1.0,7340,dpEX,0.3160952,-0.4460474,0.2861624956130981,-0.5573038458824158,0.0396685,-0.073935464,0.0028187716,-0.003968981,0.002429694348558,-0.0042264663981708,0.007999411,-0.0014072052,0.002858278,0.00076947786,0.90597975,True,False,-0.913782716,0.7811685080000003,False,True,H2,high_hotspot,0.008122241,0.0029600423,0.36443666,N2_reaEGC_wntEGC
1.0,7343,WSN,0.75139505,-0.49519393,0.6962291598320007,-0.6310240626335144,-0.0026617693,-0.018670807,0.0034688339,-0.0027293223,0.0031964512494072,-0.0030529873467501,0.000738217,0.0008139691,0.00013915297,0.0006534466,0.8644127,True,False,-0.913782716,0.7811685080000003,False,True,H1,high_hotspot,0.0010988676,0.0006680988,0.6079884,N1_sfrpEGC_VLMC
1.0,7344,reaEGC,0.5891184,-0.5464046,0.5692304372787476,-0.5944237112998962,0.0474608,0.00023340154,0.00284086,-0.0028949662,0.0025545917842837,-0.0031579557028209,-0.0011424928,-0.00088611356,0.00027756733,0.0021803763,-0.70774716,True,False,-0.913782716,0.7811685080000003,False,False,,intermediate,0.0014458515,0.002197973,1.5201927,
1.0,7348,MSN,0.6304716,-0.486134,0.5849006175994873,-0.6019768714904785,0.023077572,-0.003014309,0.0032527852,-0.0031764593,0.0029382534175026,-0.0034780186566229,-0.0074760965,0.0008637305,0.0007539292,0.0027044532,-0.15620613,True,False,-0.913782716,0.7811685080000003,False,False,,intermediate,0.0075258254,0.0028075748,0.37305874,
1.0,7349,WSN,0.70362574,-0.46880275,0.6736952066421509,-0.6206693053245544,-0.0011915838,0.005441056,-0.0030738285,0.0035870783,-0.0027205286087255,0.003870200091582,-0.0020546808,0.0033210283,-0.002625761,-0.0015404575,0.02348445,True,False,-0.913782716,0.7811685080000003,False,False,,intermediate,0.0039052456,0.0030442784,0.7795357,
1.0,7350,reaEGC,0.36680156,-0.4652064,0.3394061923027038,-0.5637821555137634,0.047678906,-0.050174925,0.0033383335,-0.0033506164,0.0030068494696587,-0.0036598208714436,0.0059977574,0.0008031476,-0.0017708761,0.00064511027,-0.8858547,True,False,-0.913782716,0.7811685080000003,False,False,,intermediate,0.0060512926,0.00188472,0.31145743,
1.0,7355,WSN,0.7172228,-0.4925937,0.661711573600769,-0.5979530215263367,0.02528219,-0.002034911,0.0028026565,-0.0033594714,0.0024720143105909,-0.0036173360418911,-0.0010046966,0.001960164,-0.00030820994,-0.00051044964,-0.5260453,True,False,-0.913782716,0.7811685080000003,False,False,,intermediate,0.002202648,0.00059628196,0.27071142,
1.0,7356,mpEX,0.23428786,-0.46297038,0.1852991282939911,-0.551715612411499,-0.029167108,-0.020785563,-0.0028942607,0.003726264,-0.0025281948425419,0.0039917460612699,-0.008703542,-0.005921372,0.004228295,0.0028041266,-0.9999302,True,False,-0.913782716,0.7811685080000003,True,False,L4,low_hotspot,0.010526837,0.005073618,0.48196986,
1.0,7357,MCG,0.20071241,-0.46300614,0.1935422718524933,-0.5546280741691589,-0.024797503,-0.012581655,-0.0029461558,0.0032627275,-0.0026243279254966,0.0035346429779355,-0.0035074882,-0.0009580275,0.0005631454,0.0025093833,-0.46832362,True,False,-0.913782716,0.7811685080000003,False,False,,intermediate,0.0036359716,0.0025717965,0.70732033,
1.0,7360,WSN,0.7681284,-0.484811,0.690658450126648,-0.622545063495636,-0.004407952,-0.04576753,0.0032262872,-0.0028536518,0.00294276041017,-0.0031536912887586,0.0005635599,-0.000302364,0.0014248588,-3.3627653e-05,0.8920919,True,False,-0.913782716,0.7811685080000003,False,True,H1,high_hotspot,0.00063954963,0.0014252556,2.22853,N1_sfrpEGC_VLMC
1.0,7363,reaEGC,0.53433865,-0.51586235,0.5489897727966309,-0.5941620469093323,0.057881698,0.010590866,0.0033484506,-0.0021037732,0.0031363684886222,-0.0024178803980302,0.0049179727,0.00034669944,0.00012853582,0.00080024276,0.22762768,True,False,-0.913782716,0.7811685080000003,False,False,,intermediate,0.004930178,0.0008104998,0.16439565,
1.0,7364,VLMC,0.13804765,-0.46794063,0.0972868353128433,-0.5343140363693237,-0.0019983607,-0.0003936618,-0.0028683902,0.0026283283,-0.0026075760082436,0.0028947961136224,-0.002973977,-0.0011754262,0.0013916993,0.0022262111,-0.80465573,True,False,-0.913782716,0.7811685080000003,False,False,,intermediate,0.0031978379,0.0026254226,0.82099926,
1.0,7369,VLMC,0.63687176,-0.49266717,0.594390869140625,-0.6135359406471252,0.010334948,-0.020239426,0.0027642222,-0.0037779324,0.0023936173679637,-0.004030795189188,-0.0052683847,0.0031409333,-0.00013205552,0.00333118,0.545706,True,False,-0.913782716,0.7811685080000003,False,False,,intermediate,0.006133624,0.0033337965,0.543528,
1.0,7372,obNBL,0.71112156,-0.46580756,0.6847889423370361,-0.5991478562355042,0.016242832,0.011143482,0.0034818125,-0.0032155744,0.0031628114232567,-0.0035389486140447,-0.0011079767,0.0027872166,-0.0019974462,-0.00077124865,0.009885561,True,False,-0.913782716,0.7811685080000003,False,False,,intermediate,0.0029993646,0.0021411716,0.71387506,
1.0,7373,reaEGC,0.4006172,-0.4727239,0.39081010222435,-0.5418956875801086,0.022275792,-0.036557496,0.0032823407,-0.0037912235,0.0029088281092441,-0.0040936743967998,0.0017621934,-0.0004838124,-0.0029231878,0.00039000754,-0.9908591,True,False,-0.913782716,0.7811685080000003,True,False,L1,low_hotspot,0.0018274025,0.00294909,1.6138152,
1.0,7376,MCG,0.17250375,-0.4672547,0.1477780193090438,-0.5479198098182678,0.0039842315,-0.003754147,0.003117378,-0.0031047566,0.0028101418572935,-0.0033935716177165,-0.0056719603,-0.003429179,0.0024543437,0.0025367555,-0.96687037,True,False,-0.913782716,0.7811685080000003,True,False,,low_dispersed,0.0066280016,0.0035297212,0.5325468,
1.0,7377,MCG,0.67622423,-0.45683008,0.6342085599899292,-0.6464701294898987,-0.002734939,0.02522259,-0.003564647,0.0031866843,-0.0032481518301468,0.0035180842829311,0.00073577603,0.0027125326,-0.004472522,-0.0020887644,-0.64559007,True,False,-0.913782716,0.7811685080000003,False,False,,intermediate,0.0028105516,0.004936232,1.7563215,
1.0,7378,VLMC,0.65049326,-0.48760033,0.5862559080123901,-0.6115018129348755,0.030154616,0.0050246655,0.0027613577,-0.003819935,0.0023867385022228,-0.0040723909343437,-0.0045789336,0.0028626302,-0.003353989,0.0014393209,0.98826414,True,False,-0.913782716,0.7811685080000003,False,True,H1,high_hotspot,0.005400119,0.0036497791,0.6758701,N1_sfrpEGC_VLMC
1.0,7381,reaEGC,0.3884318,-0.4702348,0.3773711919784546,-0.5552952885627747,0.054092716,-0.013539909,0.0036357979,-0.0038579048,0.0032547828318809,-0.0041940025982494,0.005271691,0.0004849578,-0.007673223,-0.003419672,-0.94684726,True,False,-0.913782716,0.7811685080000003,True,False,L1,low_hotspot,0.0052939504,0.008400745,1.5868574,
1.0,7382,reaEGC,0.36330637,-0.47397774,0.3361039161682129,-0.5640518069267273,0.053792935,-0.0737366,0.0036749435,-0.0032026027,0.0033565755821758,-0.003544517644118,0.0081516085,0.001632449,-0.0054176883,-0.0011172851,-0.9999835,True,False,-0.913782716,0.7811685080000003,True,False,L1,low_hotspot,0.00831346,0.005531697,0.66539043,
1.0,7387,VLMC,0.687217,-0.4854171,0.6367027759552002,-0.5975346565246582,0.034750164,-0.0074054566,0.0026808619,-0.0033322533,0.0023532111148365,-0.0035785372022481,0.001108647,0.0022280437,-0.0033817252,0.00056108454,-0.29293683,True,False,-0.913782716,0.7811685080000003,False,False,,intermediate,0.0024886294,0.0034279558,1.3774472,
1.0,7388,reaEGC,0.40765423,-0.46076095,0.3852133750915527,-0.5552423596382141,0.056764286,-0.054040752,0.0029117614,-0.0038674963,0.0025321118601963,-0.0041342091363128,0.0038941,-0.0018436759,-0.0053342097,-0.00024328093,-0.8833838,True,False,-0.913782716,0.7811685080000003,False,False,,intermediate,0.004308498,0.0053397547,1.2393541,
1.0,7391,MSN,0.6232052,-0.4862015,0.5776302814483643,-0.5948231220245361,0.046270523,0.010684769,0.0030978338,-0.0034862321,0.0027541181233675,-0.0037719715235217,-0.007885148,-0.0001855574,0.0044847243,0.00070396427,-0.99127823,True,False,-0.913782716,0.7811685080000003,True,False,,low_dispersed,0.007887331,0.0045396383,0.5755608,
1.0,7392,VLMC,-0.01961948,-0.4388035,-0.0600912757217884,-0.5257701277732849,-0.040027432,-0.01766093,-0.0042791204,0.0015027309,-0.0041216752180501,0.0019078821631596,0.007702466,-0.0040059984,-0.0034992958,0.0017286872,-0.99978477,True,False,-0.913782716,0.7811685080000003,True,False,,low_dispersed,0.008681936,0.0039030027,0.4495544,
1.0,7394,reaEGC,0.5901294,-0.53325665,0.557062029838562,-0.6098427176475525,-0.008143656,-0.0031837444,-0.002839741,0.0027721373,-0.0025652419736809,0.0030354071546899,-0.008980445,-0.0049299807,0.0037441752,-0.0005949353,-0.79021925,True,False,-0.913782716,0.7811685080000003,False,False,,intermediate,0.010244662,0.003791147,0.3700607,
1.0,7400,WSN,0.71438974,-0.49851134,0.6515017151832581,-0.6391924619674683,0.0029516064,-0.0020048034,0.002970432,-0.003233742,0.0026513039182015,-0.0035080742517287,0.00042243506,0.0025359872,0.00012380321,-0.00012489261,-0.5848686,True,False,-0.913782716,0.7811685080000003,False,False,,intermediate,0.0025709302,0.00017585618,0.068401776,
1.0,7403,reaEGC,0.58689296,-0.5350506,0.5775338411331177,-0.6025993227958679,0.060772542,0.012744348,0.002792316,-0.0027482498,0.0025202547107118,-0.003007052231976,-0.0011954635,0.00045373972,0.000731032,0.0019133276,-0.0022028575,True,False,-0.913782716,0.7811685080000003,False,False,,intermediate,0.0012786761,0.002048226,1.6018333,
1.0,7404,dpEX,0.32507485,-0.46798795,0.2684734463691711,-0.5656513571739197,0.0014795093,-0.05256527,0.0032327217,-0.003326329,0.0029038973896482,-0.0036254935668925,0.007784512,0.0016517536,0.0039848574,0.0006627773,0.9990203,True,False,-0.913782716,0.7811685080000003,False,True,H2,high_hotspot,0.007957821,0.004039599,0.5076263,N2_reaEGC_wntEGC
1.0,7405,MCG,0.11634582,-0.4530396,0.0878161638975143,-0.5551506280899048,-0.004388693,0.011033976,-0.0028281151,0.0029520416,-0.0025364198861333,0.0032136302195138,-0.0049834996,-0.0009066879,0.003679639,0.0019544787,-0.9528526,True,False,-0.913782716,0.7811685080000003,True,False,,low_dispersed,0.0050653084,0.0041665006,0.82255614,
1.0,7406,VLMC,-0.030647762,-0.45550865,-0.0760426372289657,-0.5304462313652039,-0.020295102,-0.012067217,-0.00384336,0.001767678,-0.0036619107642704,0.0021302523554754,0.010453149,-0.0034612832,-0.0031476908,0.0032886455,-0.8834907,True,False,-0.913782716,0.7811685080000003,False,False,,intermediate,0.011011303,0.0045522684,0.41341776,
1.0,7407,WSN,0.7223042,-0.478653,0.6935099363327026,-0.623036801815033,-0.0034804489,0.024589391,-0.0029493,0.0035621275,-0.0025987829580866,0.0038333995265911,0.0009793626,0.0002626683,-0.0032824762,-0.0031663408,-0.87500274,True,False,-0.913782716,0.7811685080000003,False,False,,intermediate,0.0010139752,0.0045607416,4.4978824,
1.0,7408,reaEGC,0.35398155,-0.45877656,0.3164980411529541,-0.5642068982124329,0.10068969,-0.0612981,0.0030225199,-0.0034707526,0.0026805245358035,-0.0037493266055993,0.009322308,0.003119272,0.012679558,0.006310115,0.9903714,True,False,-0.913782716,0.7811685080000003,False,True,H2,high_hotspot,0.009830325,0.014162936,1.4407394,N2_reaEGC_wntEGC
1.0,7410,WSN,0.7118753,-0.4990508,0.6730414628982544,-0.6360373497009277,0.0040324675,0.0045538954,-0.0028981906,0.0031718542,-0.0025852186999248,0.0034394618050253,-0.00071962207,0.0032414747,0.0008980005,-0.00012723434,-0.3515356,True,False,-0.913782716,0.7811685080000003,False,False,,intermediate,0.0033203939,0.00090696936,0.27315113,
1.0,7412,dpEX,0.30168647,-0.46034414,0.2574141323566437,-0.5575301051139832,0.03290057,-0.056008644,0.0030230642,-0.0033121104,0.0026962633374305,-0.0035912370634992,9.292376e-05,-0.0014015038,0.0066012926,0.0009147152,-0.071422435,True,False,-0.913782716,0.7811685080000003,False,False,,intermediate,0.001404581,0.0066643655,4.7447357,
1.0,7414,reaEGC,0.6032305,-0.49623263,0.585442304611206,-0.6074153780937195,-0.03570953,0.024005745,-0.0022405796,0.0037097558,-0.0018781573272523,0.0039126745877903,-0.010536243,0.0028623177,-0.013703534,0.006168207,0.9875927,True,False,-0.913782716,0.7811685080000003,False,True,,high_dispersed,0.010918117,0.015027762,1.3764061,
1.0,7418,mpEX,0.257669,-0.4702921,0.2224937230348587,-0.5604111552238464,-0.024300985,-0.02748644,0.002842589,-0.0036849927,0.002480639557482,-0.0039456553714993,-0.0062105423,-0.0042306557,0.0033368468,0.001541989,-0.9863983,True,False,-0.913782716,0.7811685080000003,True,False,L4,low_hotspot,0.007514605,0.003675905,0.4891681,
1.0,7422,reaEGC,0.365648,-0.47864184,0.3026805520057678,-0.5805992484092712,0.036400564,-0.055118516,0.003692562,-0.0033268249,0.0033622394232144,-0.0036700355284091,0.007739765,0.0014925033,-0.0033857883,-0.0010458061,-0.99405587,True,False,-0.913782716,0.7811685080000003,True,False,L1,low_hotspot,0.007882356,0.0035436242,0.4495641,
1.0,7423,VLMC,0.6652577,-0.5073057,0.6412317156791687,-0.6241722702980042,-0.0081483275,-0.0019765375,-0.003500311,0.0028735742,-0.0032140112886068,0.0031997992559257,-0.0031857805,-0.00011165506,-0.0003500001,0.0038321798,0.05601623,True,False,-0.913782716,0.7811685080000003,False,False,,intermediate,0.0031877365,0.0038481297,1.2071668,
1.0,7424,WSN,0.28867045,-0.4555342,0.226849228143692,-0.5635719895362854,-0.020990841,-0.016807592,-0.0031670542,0.003561324,-0.0028159270926326,0.0038534569952369,-0.0021745753,-0.0009545296,0.0019065272,-0.00016260821,-0.8781997,True,False,-0.913782716,0.7811685080000003,False,False,,intermediate,0.0023748484,0.0019134491,0.80571425,
1.0,7426,reaEGC,0.37728006,-0.46525258,0.3261002898216247,-0.5708242058753967,0.021783553,-0.05987151,0.002954157,-0.0037542281,0.0025852236041876,-0.0040253593703932,0.006284265,0.0015368805,-0.005516119,-0.0019665598,-0.99474,True,False,-0.913782716,0.7811685080000003,True,False,L1,low_hotspot,0.006469466,0.0058561866,0.90520406,
1.0,7429,WSN,0.7038665,-0.497523,0.6554032564163208,-0.6309882998466492,-0.0018555609,-0.006108394,0.0026214852,-0.003288739,0.0022981899371681,-0.003529472439107,-0.0004827539,0.0046331803,0.0015260429,0.0010370894,0.47333997,True,False,-0.913782716,0.7811685080000003,False,False,,intermediate,0.0046582627,0.0018450912,0.39609,
1.0,7430,WSN,0.68136585,-0.4941663,0.629745602607727,-0.6380022168159485,-0.0028025652,0.005442404,-0.002462853,0.0037909586,-0.0020919511617,0.0040149124406403,-0.0035732626,0.0045054033,-0.0018925322,0.0026327984,0.99888295,True,False,-0.913782716,0.7811685080000003,False,True,H1,high_hotspot,0.0057503795,0.0032424228,0.5638624,N1_sfrpEGC_VLMC
1.0,7431,VLMC,0.67253697,-0.518186,0.6025168299674988,-0.6458573937416077,-0.030691618,0.0038524256,-0.0028692135,0.0029290114,-0.0025795945974623,0.003194609431572,-0.0031389869,-0.00072680967,0.00024330818,0.0030904606,-0.30134207,True,False,-0.913782716,0.7811685080000003,False,False,,intermediate,0.0032220322,0.0031000236,0.96213305,
1.0,7432,sstIN,0.31416413,-0.46345103,0.2418526262044906,-0.5689906477928162,-0.0037839643,-0.047007635,0.0029388624,-0.0034777378,0.0025964619194046,-0.0037482762651674,0.0041095326,0.00040823125,0.0034453736,0.000792391,0.9919409,True,False,-0.913782716,0.7811685080000003,False,True,H2,high_hotspot,0.004129759,0.0035353194,0.8560595,N2_reaEGC_wntEGC
1.0,7435,reaEGC,0.5504183,-0.5395832,0.5417587757110596,-0.6258437037467957,0.06645386,0.04705912,0.002034176,-0.0027366453,0.0017656180356651,-0.0029228629208817,0.0023345437,0.0011421117,-0.00855357,0.0028951857,-0.7099556,True,False,-0.913782716,0.7811685080000003,False,False,,intermediate,0.0025989446,0.009030264,3.4745889,
1.0,7437,reaEGC,0.42634308,-0.46736896,0.4069437384605407,-0.5559523105621338,-0.075367145,-0.0009785607,-0.0030288151,0.00422363,-0.0026146826675068,0.0045004315816829,-0.0013679346,0.0047824373,-0.0041240635,0.009522923,0.9915503,True,False,-0.913782716,0.7811685080000003,False,True,H2,high_hotspot,0.004974229,0.01037757,2.0862672,N2_reaEGC_wntEGC
1.0,7442,WSN,0.74426293,-0.52186066,0.706825852394104,-0.6460126042366028,0.013486726,0.009192327,0.002418358,-0.0031051105,0.0021132933049241,-0.0033269660455562,0.000671959,0.00060837955,-0.00053700805,0.0024092598,0.49381554,True,False,-0.913782716,0.7811685080000003,False,False,,intermediate,0.00090645166,0.002468382,2.723126,
1.0,7443,mpEX,0.26494712,-0.45873082,0.1951895505189895,-0.562360942363739,0.015157678,-0.046657052,0.0027909519,-0.0037078715,0.0024269737455935,-0.0039635157924618,-0.005287254,-0.0030926524,0.0027856443,0.0011320568,-0.9897559,True,False,-0.913782716,0.7811685080000003,True,False,L4,low_hotspot,0.0061253207,0.0030068865,0.49089453,
1.0,7447,VLMC,0.62719154,-0.5049455,0.5918823480606079,-0.6243132948875427,0.008374243,-0.018519318,0.003087135,-0.0032489942,0.0027661778338531,-0.0035344572641339,-0.010280236,-0.0016695977,0.0031616595,0.00240997,-0.8821958,True,False,-0.913782716,0.7811685080000003,False,False,,intermediate,0.010414932,0.00397543,0.38170484,
1.0,7448,reaEGC,0.56615716,-0.545,0.55179762840271,-0.6094193458557129,0.08587824,0.09525395,-0.0025871454,0.002723295,-0.002318121799292,0.0029625231071072,-0.0068978565,0.0001582148,-0.0013424652,0.0029089341,0.4397377,True,False,-0.913782716,0.7811685080000003,False,False,,intermediate,0.0068996707,0.003203765,0.46433592,
1.0,7449,reaEGC,0.398317,-0.46592236,0.387951135635376,-0.5617480874061584,0.17927322,-0.05095394,0.0032746762,-0.0037822404,0.0029020482167872,-0.0040839854865779,0.0036538395,0.004724397,0.0037301227,0.009601436,0.95888245,True,False,-0.913782716,0.7811685080000003,False,True,H2,high_hotspot,0.005972476,0.0103005525,1.7246703,N2_reaEGC_wntEGC
1.0,7452,cckIN,0.17458817,-0.46359658,0.1409007161855697,-0.5567691922187805,-0.023978336,0.00061613665,-0.0029839843,0.0031886278,-0.002669134974521,0.0034644005526596,-0.00719362,-0.0043290057,0.0021166503,0.0027289111,-0.9325597,True,False,-0.913782716,0.7811685080000003,True,False,,low_dispersed,0.008395741,0.0034535727,0.4113482,
1.0,7458,dpEX,0.33914173,-0.4792527,0.2883637845516205,-0.5777842402458191,0.028823245,-0.06148793,0.0028637275,-0.0035901284,0.002510798274822,-0.0038531152042699,0.0074000196,0.0021189407,0.0018010241,0.0005307555,0.9999704,True,False,-0.913782716,0.7811685080000003,False,True,H2,high_hotspot,0.007697415,0.001877602,0.2439263,N2_reaEGC_wntEGC
1.0,7459,VLMC,0.13990124,-0.46518165,0.1024590581655502,-0.5343769192695618,-0.013279004,-0.022063054,0.0028290562,-0.0026161096,0.0025695365773628,-0.0028788481878329,0.0006457494,-0.0056581665,0.0031633037,0.0052307216,-0.7914959,True,False,-0.913782716,0.7811685080000003,False,False,,intermediate,0.005694896,0.0061128503,1.0733911,
1.0,7462,reaEGC,0.43625152,-0.4573319,0.362000048160553,-0.5679720044136047,0.06412717,-0.010249289,0.0027138507,-0.0042864047,0.0022946987661504,-0.0045328383011227,0.0010557929,-0.0007569409,-0.001557328,-0.0014544419,-0.19625868,True,False,-0.913782716,0.7811685080000003,False,False,,intermediate,0.001299099,0.0021308851,1.6402793,
1.0,7465,WSN,0.7097966,-0.5050372,0.67534339427948,-0.6244906187057495,-0.0137498705,-0.0061040125,-0.00234533,0.0035827805,-0.0019947401864675,0.0037961337628485,0.00019841088,0.0033477624,0.0013354288,0.0017053967,0.8224288,True,False,-0.913782716,0.7811685080000003,False,True,H1,high_hotspot,0.0033536367,0.0021660444,0.64587927,N1_sfrpEGC_VLMC
1.0,7466,MSN,0.6155504,-0.5260543,0.5981079339981079,-0.6308125853538513,-0.0010829908,0.026348233,-0.0032835086,0.0032588257,-0.0029609901014085,0.003563068160989,-0.008684906,-0.002069846,0.0011601435,0.003792765,-0.5062302,True,False,-0.913782716,0.7811685080000003,False,False,,intermediate,0.00892815,0.0039662323,0.444239,
1.0,7467,reaEGC,0.37063545,-0.46084094,0.2989514172077179,-0.5736833214759827,0.028753264,-0.055852152,0.0030426597,-0.0038011917,0.0026689484511577,-0.0040806523476982,0.008366788,0.0010266693,-0.0035274983,-0.00019490057,-0.99776286,True,False,-0.913782716,0.7811685080000003,True,False,L1,low_hotspot,0.008429543,0.0035328786,0.41910678,
1.0,7468,dpEX,0.33634257,-0.47570914,0.2897503077983856,-0.574021577835083,0.046900567,-0.06660315,0.0027618397,-0.0036026936,0.0024080282630528,-0.0038558810079898,0.008590722,0.0028261484,0.0022461116,0.0006217107,0.9988582,True,False,-0.913782716,0.7811685080000003,False,True,H2,high_hotspot,0.009043652,0.0023305668,0.25770196,N2_reaEGC_wntEGC
1.0,7469,VLMC,0.6742301,-0.5061186,0.6348876953125,-0.6205703020095825,-0.023257885,-0.040419947,0.0032094165,-0.0030837052,0.0029039063932019,-0.0033814029092995,-0.0049810554,0.003165673,-1.35071e-05,0.0017250163,0.542974,True,False,-0.913782716,0.7811685080000003,False,False,,intermediate,0.005901898,0.0017250691,0.29229057,
1.0,7470,reaEGC,0.41815352,-0.48379335,0.403100311756134,-0.5672327876091003,0.037533917,-0.023062222,0.0031160836,-0.0044663576,0.0026784251314868,-0.0047507529542946,0.0019752136,-0.0006379854,-0.0018409136,0.001451066,-0.9376097,True,False,-0.913782716,0.7811685080000003,True,False,L1,low_hotspot,0.0020756912,0.0023440467,1.1292849,
1.0,7471,MSN,0.62217665,-0.5357802,0.5704471468925476,-0.6422531008720398,-0.0060167955,-0.015743861,0.003989391,-0.0027730658,0.0037111759644843,-0.0031464564630124,-0.009690321,-0.004083984,0.00039752602,0.0038495038,-0.480971,True,False,-0.913782716,0.7811685080000003,False,False,,intermediate,0.010515762,0.003869975,0.36801663,
1.0,7474,WSN,0.71955085,-0.49801064,0.6616202592849731,-0.6432688236236572,-0.014072346,-0.020558404,0.0032668035,-0.0030253113,0.0029667057661083,-0.003328690242246,-0.0010151501,0.0036361325,-0.00041581545,-0.00026363178,-0.2886355,True,False,-0.913782716,0.7811685080000003,False,False,,intermediate,0.0037751806,0.0004923456,0.13041644,
1.0,7475,reaEGC,0.53348047,-0.56596226,0.5624828338623047,-0.6214213967323303,0.14871165,0.022958502,0.0038403107,-0.002263128,0.0036114123796519,-0.0026238472682223,9.138495e-05,0.001296861,-0.012408046,0.003099638,0.17356518,True,False,-0.913782716,0.7811685080000003,False,False,,intermediate,0.0013000767,0.012789346,9.8373785,
1.0,7480,MSN,0.70085275,-0.47274166,0.6441107988357544,-0.6411857604980469,0.030443558,0.0007640846,0.0031290664,-0.0031848105,0.0028141250350182,-0.0034744925953477,0.0011730616,0.0016028428,0.000305044,0.0011131252,0.93436766,True,False,-0.913782716,0.7811685080000003,False,True,H1,high_hotspot,0.0019862475,0.0011541663,0.58107877,N1_sfrpEGC_VLMC
1.0,7481,mpEX,0.24966271,-0.47214267,0.2085620164871215,-0.590627133846283,-0.0025030375,-0.0030392963,0.0027710919,-0.003750137,0.0024031278464163,-0.0040037455963975,-0.0060785324,-0.006600213,0.0016120655,0.002782727,-0.97607017,True,False,-0.913782716,0.7811685080000003,True,False,L4,low_hotspot,0.008972812,0.0032159484,0.3584103,
1.0,7482,reaEGC,0.57945794,-0.52793795,0.5545651912689209,-0.6207402348518372,0.05385304,0.033567667,0.002617121,-0.002796303,0.0023410094209511,-0.0030381721054605,-0.0015999938,-0.0017505902,-0.0017946321,-0.0007740241,0.91181237,True,False,-0.913782716,0.7811685080000003,False,True,,high_dispersed,0.0023716125,0.0019544354,0.8240956,
1.0,7483,WSN,0.72785234,-0.48588496,0.6626347303390503,-0.6367067694664001,0.012135128,0.0024204133,0.0034155566,-0.0029071905,0.0031263042970756,-0.003225190998319,0.0014176937,0.00013280024,-0.002148584,-0.0010856191,-0.93070704,True,False,-0.913782716,0.7811685080000003,True,False,,low_dispersed,0.0014239,0.0024072768,1.6906221,
1.0,7488,VLMC,0.64685553,-0.5252749,0.5973665714263916,-0.6438145041465759,0.035142176,0.012440369,0.0038321204,-0.0025666778,0.0035741712435743,-0.0029256547529416,-0.006215931,0.0017287419,0.00039643448,0.004982416,0.19068526,True,False,-0.913782716,0.7811685080000003,False,False,,intermediate,0.0064518484,0.004998163,0.77468693,
1.0,7489,WSN,0.70730674,-0.54278296,0.6485012769699097,-0.640043318271637,0.011317359,-0.007562154,0.0032507228,-0.002641521,0.0029874386744512,-0.0029445703621588,-0.0008601435,-0.0008159142,-0.0005624889,0.0021138277,-0.4784972,True,False,-0.913782716,0.7811685080000003,False,False,,intermediate,0.0011855643,0.0021873869,1.8450174,
1.0,7493,reaEGC,0.4318205,-0.44824192,0.4148285090923309,-0.5585498213768005,0.04019608,-0.04177682,0.0028734456,-0.003945223,0.0024864716042858,-0.0042080204750941,0.00201284,0.0001880232,-0.001000025,0.0012366151,-0.55375683,True,False,-0.913782716,0.7811685080000003,False,False,,intermediate,0.0020216026,0.0015903669,0.78668624,
1.0,7495,reaEGC,0.45956907,-0.49077675,0.4257166981697082,-0.5703299045562744,0.018980375,-0.07865173,0.0026772781,-0.0039295475,0.0022924245368252,-0.0041736037042701,-0.0012520297,0.001269445,-0.006949451,0.012375674,0.9646115,True,False,-0.913782716,0.7811685080000003,False,True,,high_dispersed,0.0017829945,0.014193385,7.96042,
1.0,7496,VLMC,0.67455554,-0.5308974,0.6044740676879883,-0.6387543082237244,-0.005310883,0.0012286161,-0.0031319563,0.0032499526,-0.0028107659255485,0.0035397059543958,-0.00072543253,-0.0012820736,0.0020804098,0.003226667,-0.998332,True,False,-0.913782716,0.7811685080000003,True,False,L1,low_hotspot,0.0014730801,0.0038392036,2.6062422,
1.0,7498,reaEGC,0.36068642,-0.4790837,0.355988085269928,-0.5832805037498474,0.054677986,-0.07605682,0.0037716713,-0.0032369085,0.0034497121679948,-0.0035879806013652,0.008608026,0.001440938,-0.0037770935,-0.0005045871,-0.99945384,True,False,-0.913782716,0.7811685080000003,True,False,L1,low_hotspot,0.008727796,0.0038106486,0.4366106,
1.0,7500,sstIN,0.30475038,-0.48840144,0.2460916489362716,-0.5908704996109009,-0.047178537,-0.024962485,-0.0029152066,0.003237162,-0.0025959252126535,0.0035061935370447,0.0003782799,-0.0035112388,0.003310865,0.0016270508,-0.34237754,True,False,-0.913782716,0.7811685080000003,False,False,,intermediate,0.0035315568,0.0036890542,1.0445971,
1.0,7501,VLMC,0.6760223,-0.5087523,0.6131041049957275,-0.6444099545478821,0.0022078601,-0.010182921,0.0031811106,-0.0030246465,0.0028813469396861,-0.0033198191835478,-0.005623013,0.0040054135,-0.0022925704,0.0041835243,0.90021205,True,False,-0.913782716,0.7811685080000003,False,True,H1,high_hotspot,0.006903739,0.004770509,0.6910036,N1_sfrpEGC_VLMC
1.0,7503,dpEX,0.3385412,-0.47388083,0.332294762134552,-0.5835356116294861,0.046668507,-0.06660748,0.0027385303,-0.003605741,0.0023845005089518,-0.003856686134271,0.007544475,0.00069093064,0.0008139638,-0.0002458703,0.92691976,True,False,-0.913782716,0.7811685080000003,False,True,H2,high_hotspot,0.007576047,0.0008502878,0.1122337,N2_reaEGC_wntEGC
1.0,7504,reaEGC,0.54231775,-0.598781,0.5297609567642212,-0.6450894474983215,0.07212847,0.044750102,0.003297418,-0.0032495053,0.0029757483166557,-0.0035551094794083,0.0020549702,0.00068017305,-0.008345607,0.010688071,-0.3366011,True,False,-0.913782716,0.7811685080000003,False,False,,intermediate,0.0021646104,0.0135603845,6.264584,
1.0,7506,cckIN,0.24436235,-0.47718403,0.2229701727628708,-0.6018134355545044,0.0056084413,0.02593759,-0.0027588292,0.0039031545,-0.0023762464347894,0.0041551056717937,-0.0034892044,-0.0011462378,0.0014717904,0.0023715075,-0.7661585,True,False,-0.913782716,0.7811685080000003,False,False,,intermediate,0.003672657,0.0027910958,0.7599663,
1.0,7509,VLMC,0.11561169,-0.47595808,0.0959928184747695,-0.5494685769081116,-0.018822594,0.016338846,-0.0022249687,0.0027616182,-0.0019534168099696,0.0029660329195854,-0.00463922,-0.004820429,-0.00091923133,0.0038996413,-0.5422021,True,False,-0.913782716,0.7811685080000003,False,False,,intermediate,0.0066902093,0.004006518,0.5988629,
1.0,7511,sstIN,0.30881083,-0.48164296,0.262321263551712,-0.5863302946090698,-0.010676488,-0.03326964,0.002965172,-0.0034812363,0.0026223534262986,-0.003754283911549,0.0011801032,-0.0025760059,0.00308106,0.0006706095,0.21360898,True,False,-0.913782716,0.7811685080000003,False,False,,intermediate,0.0028334518,0.0031531965,1.1128464,
1.0,7514,VLMC,0.6238685,-0.52238107,0.5778106451034546,-0.6340441703796387,-0.011544721,-0.0031588413,-0.0036184033,0.0029836064,-0.0033211912493701,0.0033207963263666,-0.009954255,-0.001788388,7.883706e-05,0.0046509504,-0.19348529,True,False,-0.913782716,0.7811685080000003,False,False,,intermediate,0.01011363,0.0046516187,0.4599356,
1.0,7515,reaEGC,0.57558084,-0.53269273,0.5681525468826294,-0.6247252225875854,0.052890364,0.028484039,0.0026024848,-0.0028799141,0.0023184103798851,-0.0031201174491394,0.0016154851,-0.00014729073,-0.0030986678,4.142981e-05,-0.9969942,True,False,-0.913782716,0.7811685080000003,True,False,,low_dispersed,0.0016221858,0.0030989447,1.9103513,
1.0,7516,mpEX,0.71583724,-0.5257185,0.6681082248687744,-0.6575502753257751,-0.006337572,2.8053473e-05,-0.003798619,0.0022285944,-0.0035731600367268,0.0025854289309932,-0.000460981,0.00084852136,-0.00070451613,0.001988867,0.98766524,True,False,-0.913782716,0.7811685080000003,False,True,H1,high_hotspot,0.00096565625,0.002109961,2.185002,N1_sfrpEGC_VLMC
1.0,7517,dpEX,0.34761,-0.47612077,0.3103173077106476,-0.5745466351509094,0.041738246,-0.068984196,0.0033229843,-0.0030897628,0.0030165356546169,-0.0033983198884622,0.008246579,0.002074789,0.00023195049,0.0006985114,0.5371764,True,False,-0.913782716,0.7811685080000003,False,False,,intermediate,0.008503577,0.0007360158,0.08655367,
1.0,7520,WSN,0.6852362,-0.5032576,0.6345394849777222,-0.6372874975204468,-0.0043126144,-0.028565481,0.0030980771,-0.0032046903,0.0027813292479305,-0.003491341225086,-0.0033545878,0.0030186088,-0.0035626881,0.0014235079,0.9384773,True,False,-0.913782716,0.7811685080000003,False,True,H1,high_hotspot,0.0045127883,0.0038365507,0.8501508,N1_sfrpEGC_VLMC
1.0,7521,reaEGC,0.41094407,-0.51597667,0.3996545970439911,-0.595000684261322,0.11344646,-0.06217606,0.0033904056,-0.0039454475,0.0030017790792058,-0.0042577632405563,0.0017425222,0.0030284321,-0.0015591905,0.0063328943,0.72240007,True,False,-0.913782716,0.7811685080000003,False,False,,intermediate,0.003493964,0.006522011,1.8666509,
1.0,7524,reaEGC,0.39903802,-0.48024076,0.359366774559021,-0.5971182584762573,0.033770192,-0.07325695,0.0039052577,-0.0034215918,0.0035651864486581,-0.0037848773956235,0.0038683086,0.0028967154,-0.0057482775,-0.0022803235,-0.96506685,True,False,-0.913782716,0.7811685080000003,True,False,L1,low_hotspot,0.0048326775,0.006184058,1.2796339,
1.0,7525,MSN,0.64939576,-0.5297917,0.5952194929122925,-0.6601948142051697,-0.015856253,-0.022423053,0.0036602137,-0.0029089956,0.0033700165598496,-0.0032504258691095,-0.0103497505,-0.004098158,0.0004190552,0.0010264602,-0.69226664,True,False,-0.913782716,0.7811685080000003,False,False,,intermediate,0.011131587,0.0011087054,0.099599935,
1.0,7526,VLMC,0.24336275,-0.48529172,0.1989714056253433,-0.5833025574684143,-0.0062561585,0.0032886271,-0.0029974743,0.0036535044,-0.0026380523654374,0.0039291027510632,-0.009235618,-0.0052355584,0.003383777,0.0012453956,-0.98673624,True,False,-0.913782716,0.7811685080000003,True,False,L4,low_hotspot,0.010616388,0.003605684,0.3396338,
1.0,7530,WSN,0.70236194,-0.49785727,0.6316523551940918,-0.6406347155570984,0.027523553,-0.027473478,0.00288932,-0.0030556757,0.0025875046853905,-0.0033228000972088,-0.0019277873,0.0025497098,0.00018349275,0.0010397172,0.6807091,True,False,-0.913782716,0.7811685080000003,False,False,,intermediate,0.0031964642,0.0010557848,0.3302977,N1_sfrpEGC_VLMC
1.0,7531,reaEGC,0.61694616,-0.5516981,0.5560513734817505,-0.6597262024879456,0.021386042,-0.010553595,0.0036587976,-0.002622,0.0033960959515209,-0.0029642000013783,-0.0089512775,-0.0024288057,0.0024215356,0.008262987,-0.5227152,True,False,-0.913782716,0.7811685080000003,False,False,,intermediate,0.009274938,0.008610505,0.9283625,
1.0,7532,mpEX,0.73458064,-0.5216881,0.6900908350944519,-0.6911577582359314,0.0066507105,-0.026384754,0.0030113095,-0.002824728,0.0027312315717901,-0.0031042662144323,0.0011292218,0.0010588967,-0.0011177191,0.0033596004,0.4187738,True,False,-0.913782716,0.7811685080000003,False,False,,intermediate,0.0015480323,0.0035406512,2.2871947,
1.0,7535,dpEX,0.31408256,-0.4846531,0.2913402020931244,-0.6023876667022705,-0.0045162346,-0.052283473,0.0032415737,-0.0032414356,0.0029208532880195,-0.0035417160067746,0.0026298978,-0.0032144198,0.0041219983,0.0023719557,0.16282247,True,False,-0.913782716,0.7811685080000003,False,False,,intermediate,0.0041531743,0.004755738,1.1450851,
1.0,7537,WSN,0.7408451,-0.5143237,0.6681729555130005,-0.6549378037452698,0.028050138,0.0005254819,0.002944049,-0.0029800273,0.0026493072275609,-0.0032526328791077,0.0013544286,0.0016534476,0.0018019639,0.00045468964,0.80369675,True,False,-0.913782716,0.7811685080000003,False,True,H1,high_hotspot,0.0021373737,0.0018584447,0.8694992,N1_sfrpEGC_VLMC
1.0,7538,mpEX,0.3185345,-0.4947675,0.2532019913196563,-0.6024438738822937,0.0075840163,-0.0076316055,0.002963518,-0.0032943028,0.0026386107646312,-0.0035677817929451,0.000770347,-0.0027782512,0.004951272,0.0019116002,-0.09781224,True,False,-0.913782716,0.7811685080000003,False,False,,intermediate,0.0028830736,0.005307477,1.8409092,
1.0,7539,VLMC,0.11435184,-0.48156643,0.0837720036506652,-0.5487527251243591,-0.029423978,0.007437736,-0.0024528967,0.002518006,-0.0022039610069562,0.0027450221262527,-0.0014550041,-0.0019866372,-0.00034714094,0.0030764618,-0.73542595,True,False,-0.913782716,0.7811685080000003,False,False,,intermediate,0.0024624714,0.0030959852,1.2572675,
1.0,7541,reaEGC,0.40759528,-0.5093736,0.4188420176506042,-0.5743371248245239,0.046932098,0.008919965,0.0035731415,-0.0041208644,0.0031671355361331,-0.0044501308306373,0.0053020944,-0.00050274964,-0.0014070075,-0.0010221208,-0.7499589,True,False,-0.913782716,0.7811685080000003,False,False,,intermediate,0.0053258766,0.0017390805,0.32653412,
1.0,7542,dpEX,0.3411721,-0.46955836,0.2760465443134308,-0.5982421040534973,0.015052928,-0.03328141,0.0026587262,-0.0036618076,0.0022995776294824,-0.003904931452989,0.008349586,0.0017433116,0.000513424,-0.0016466373,0.09626589,True,False,-0.913782716,0.7811685080000003,False,False,,intermediate,0.008529638,0.0017248242,0.2022154,
1.0,7546,dpEX,0.38425982,-0.49338764,0.3426689207553863,-0.6045805811882019,0.04658605,-0.027606798,0.0039560962,-0.003232832,0.0036339457195333,-0.0036015829238914,0.0069339755,0.0021897766,-0.0014484461,-0.0010739076,-0.9453613,True,False,-0.913782716,0.7811685080000003,True,False,L1,low_hotspot,0.007271529,0.0018031287,0.24797106,
1.0,7550,WSN,0.7039214,-0.50268877,0.6666845679283142,-0.6604142189025879,0.006570116,-0.015354516,0.002916833,-0.0030465059,0.0026158091488873,-0.0033162946553374,-9.6054224e-05,0.002426379,0.0008086716,0.00019773364,0.19890884,True,False,-0.913782716,0.7811685080000003,False,False,,intermediate,0.0024282795,0.0008324952,0.34283337,
1.0,7552,reaEGC,0.55781734,-0.5866704,0.5461823344230652,-0.6442355513572693,0.049363986,0.0030039214,0.0030846335,-0.003077152,0.0027801447776305,-0.0033629175040163,0.0025515982,0.0021741523,-0.007820538,0.007986816,-0.06912711,True,False,-0.913782716,0.7811685080000003,False,False,,intermediate,0.0033522518,0.011178106,3.3345068,
1.0,7553,sstIN,0.30499053,-0.48736662,0.238546535372734,-0.5912867188453674,-0.026907912,-0.024012787,-0.0030019768,0.0030277877,-0.0027024773612178,0.0033057913574462,0.001986648,-0.0030368718,0.0033480683,0.0009741813,0.29184467,True,False,-0.913782716,0.7811685080000003,False,False,,intermediate,0.0036289613,0.0034869171,0.96085817,
1.0,7554,sstIN,0.2833841,-0.49360824,0.2413294166326522,-0.5893604159355164,-0.03857013,-0.031889025,-0.00321373,0.0029452702,-0.0029214667466167,0.0032438177887807,-0.0035862941,-0.0022747114,0.0033626538,0.0012887423,-0.9802136,True,False,-0.913782716,0.7811685080000003,True,False,L3,low_hotspot,0.00424686,0.0036011522,0.8479565,
1.0,7557,WSN,0.7487971,-0.50829786,0.6843997240066528,-0.6698347926139832,0.041580975,-0.011557838,0.0031318823,-0.0027064355,0.0028627550220744,-0.0029978965437723,0.0014554099,0.0012719295,-6.5486456e-05,0.0017570092,0.6295474,True,False,-0.913782716,0.7811685080000003,False,False,,intermediate,0.0019328793,0.0017582291,0.90964246,N1_sfrpEGC_VLMC
1.0,7559,reaEGC,0.6555608,-0.52862287,0.6085244417190552,-0.6455422043800354,0.021502249,-0.0005548317,0.0032702792,-0.0032948898,0.0029443478641106,-0.0035977512188839,-0.0030897874,-0.0015245846,-0.0006392092,0.0029052326,-0.23945653,True,False,-0.913782716,0.7811685080000003,False,False,,intermediate,0.0034454528,0.002974721,0.8633759,
1.0,7561,WSN,0.63229376,-0.523077,0.6068551540374756,-0.6461069583892822,-0.007695895,0.0032857312,-0.0038781292,0.0029057288,-0.0035875574984064,0.0032680432168599,-0.009762088,-0.0009864403,0.0013898552,0.0054543396,-0.34309775,True,False,-0.913782716,0.7811685080000003,False,False,,intermediate,0.0098118,0.005628634,0.57365966,
1.0,7562,reaEGC,0.38264412,-0.4920315,0.3579449951648712,-0.5955719351768494,0.03624946,-0.05046822,0.0037568132,-0.0034946338,0.003410213726539,-0.0038434696253522,0.0046723136,0.0032159225,-0.002138803,-0.001999304,-0.98893857,True,False,-0.913782716,0.7811685080000003,True,False,L1,low_hotspot,0.005672096,0.0029277457,0.51616645,
1.0,7563,dpEX,0.37230986,-0.49267662,0.3090876936912536,-0.6014276146888733,0.030238094,-0.06294936,0.0034908082,-0.00319824,0.0031734391379173,-0.003522530511277,0.0038863514,0.003099103,-0.00029535353,-0.0018971357,-0.73632145,True,False,-0.913782716,0.7811685080000003,False,False,,intermediate,0.0049707307,0.001919989,0.3862589,
1.0,7565,WSN,0.68302286,-0.5266074,0.6288286447525024,-0.6548041105270386,-0.000120890014,-0.017526973,0.0029288123,-0.0031412097,0.0026186791453299,-0.0034118472290464,-0.004567158,0.001387576,-0.00043414737,0.0033951232,0.40971142,True,False,-0.913782716,0.7811685080000003,False,False,,intermediate,0.0047732904,0.0034227686,0.7170669,
1.0,7566,VLMC,0.1065568,-0.5098672,0.0806613117456436,-0.5711066722869873,-0.025363011,-0.026734266,0.0038903768,-0.0019824456,0.0036882067305389,-0.0023488461011901,0.00013019406,-0.0007713501,0.00045741137,0.0020693282,-0.92688984,True,False,-0.913782716,0.7811685080000003,True,False,,low_dispersed,0.0007822605,0.0021192792,2.7091732,
1.0,7568,WSN,0.6379541,-0.5308599,0.6124929189682007,-0.6611528992652893,0.02173157,-0.034225244,0.003924554,-0.0023542966,0.0036866571451075,-0.0027227977950361,-0.008053785,-0.0003684855,0.001404422,0.0061076256,-0.2684061,True,False,-0.913782716,0.7811685080000003,False,False,,intermediate,0.00806221,0.006267016,0.77733225,
1.0,7570,reaEGC,0.37847343,-0.49222526,0.3339794278144836,-0.6038734316825867,0.036292136,-0.061986692,0.003858816,-0.0033566037,0.0035251165469084,-0.0037156456853511,0.005001158,0.0028635105,-0.0029371632,-0.004950084,-0.8701595,True,False,-0.913782716,0.7811685080000003,False,False,,intermediate,0.005762922,0.0057558888,0.99877954,
1.0,7571,cckIN,-0.09821664,-0.5124854,-0.0938732773065567,-0.5838110446929932,-0.023510467,-0.01246533,-0.0011533517,0.0015127885,-0.0010048046810588,0.0016184940701034,0.0077748625,-0.004291125,-0.0010610556,0.005864704,-0.6313591,True,False,-0.913782716,0.7811685080000003,False,False,,intermediate,0.008880441,0.0059599155,0.67112833,
1.0,7572,reaEGC,0.6270398,-0.5673836,0.5838208794593811,-0.6441951990127563,0.004770198,0.014968743,-0.0029442674,0.003588485,-0.0025912414362593,0.0038591918935002,-0.008601299,-0.0026459806,0.0007975073,0.0012221866,-0.76855934,True,False,-0.913782716,0.7811685080000003,False,False,,intermediate,0.008999086,0.0014593691,0.16216859,
1.0,7578,reaEGC,0.5745744,-0.55687594,0.5766066312789917,-0.6410278081893921,0.03293512,0.051237956,-0.002345076,0.0030248722,-0.0020479283959289,0.0032399612532353,-0.0050137285,-0.0013947601,-0.0031851367,0.0041837282,0.3703408,True,False,-0.913782716,0.7811685080000003,False,False,,intermediate,0.0052041165,0.005258201,1.0103927,
1.0,7579,reaEGC,0.5430627,-0.5619625,0.5566758513450623,-0.6426849961280823,0.058412384,0.0117861815,0.0037266843,-0.0022029178,0.0035039118560757,-0.0025529428327009,0.001786553,-0.0016300982,-0.010095324,-0.0020235525,-0.59183633,True,False,-0.913782716,0.7811685080000003,False,False,,intermediate,0.0024184687,0.010296132,4.257294,
1.0,7581,reaEGC,0.4417271,-0.53819376,0.4275413751602173,-0.599067747592926,0.039854623,0.011178814,0.003121566,-0.004204076,0.0027090139894698,-0.0044898237291275,-0.00023503127,-0.00039998846,-0.0033456315,0.0004862857,0.3773283,True,False,-0.913782716,0.7811685080000003,False,False,,intermediate,0.00046392938,0.0033807876,7.287289,
1.0,7582,reaEGC,0.423757,-0.50034636,0.3939732611179352,-0.5962622761726379,0.060384948,-0.05780844,0.0034274284,-0.0040941513,0.0030244409672206,-0.0044095442844339,0.0029080897,0.00064717926,-0.0052041,-0.0035714041,-0.9277442,True,False,-0.913782716,0.7811685080000003,True,False,L1,low_hotspot,0.0029792327,0.006311702,2.1185663,
1.0,7584,mpEX,0.3165068,-0.5010836,0.2689284086227417,-0.6157495379447937,-0.0026699651,0.008470434,-0.002790305,0.0034010995,-0.0024557143425935,0.0036576496030315,0.0035617722,-0.0015686183,0.003399475,0.0003181979,0.87363386,True,False,-0.913782716,0.7811685080000003,False,True,H2,high_hotspot,0.0038918871,0.0034143345,0.8772954,N2_reaEGC_wntEGC
1.0,7586,dpEX,0.33547014,-0.4858448,0.2908025085926056,-0.6000792384147644,0.018486438,-0.0598488,0.002564646,-0.00359794,0.0022119121335509,-0.0038322535770451,0.006722538,0.0015793297,0.0036442287,0.0011164031,0.99778813,True,False,-0.913782716,0.7811685080000003,False,True,H2,high_hotspot,0.0069055627,0.0038113985,0.5519316,N2_reaEGC_wntEGC
1.0,7588,reaEGC,0.46035856,-0.47739723,0.4194509983062744,-0.5870653986930847,0.041037943,0.000984109,0.0027871614,-0.0036938782,0.0024245356293911,-0.0039492034993896,0.0016606862,-0.00078737875,-0.0011738883,-0.0011049736,-0.36431092,True,False,-0.913782716,0.7811685080000003,False,False,,intermediate,0.0018378912,0.0016121353,0.8771658,
1.0,7589,WSN,0.71235365,-0.53254926,0.6545466184616089,-0.6717142462730408,0.030431066,-0.028914051,0.0037368543,-0.002326169,0.0035022437130303,-0.0026767793940928,-0.0009026491,-0.00033777556,-0.0012072105,0.0035731413,-0.032251447,True,False,-0.913782716,0.7811685080000003,False,False,,intermediate,0.0009637778,0.003771564,3.9133127,
1.0,7592,WSN,0.74440306,-0.5337329,0.6903059482574463,-0.6701882481575012,-0.0033673686,0.011626749,-0.002138404,0.0034043444,-0.0018055590722818,0.003598439432722,0.0016532327,0.0023444253,0.0016215214,0.0021649413,0.9995892,True,False,-0.913782716,0.7811685080000003,False,True,H1,high_hotspot,0.002868712,0.0027048665,0.94288534,N1_sfrpEGC_VLMC
1.0,7593,WSN,0.65895665,-0.5132271,0.5909252762794495,-0.6635236740112305,0.007101549,-0.0026951183,0.0037357842,-0.0024523106,0.0034890940349522,-0.002802420516368,-0.0074082953,-0.0024476124,-0.0023660401,0.003000917,0.34153935,True,False,-0.913782716,0.7811685080000003,False,False,,intermediate,0.0078021563,0.0038214722,0.48979694,
1.0,7594,reaEGC,0.62209094,-0.5722315,0.590529203414917,-0.6494762301445007,0.015827797,-0.008915646,0.0031040197,-0.0031780254,0.002789807240684,-0.0034653296498726,-0.0074064303,-0.0028820112,0.0021076112,0.0057800068,-0.65994835,True,False,-0.913782716,0.7811685080000003,False,False,,intermediate,0.007947402,0.0061522764,0.7741242,
1.0,7599,WSN,0.7260847,-0.5364543,0.6670801043510437,-0.671475350856781,0.05007525,0.005288317,0.003165255,-0.00255833,0.002910209371763,-0.0028534551086128,8.417162e-05,-0.0031000094,5.6351008e-05,0.0019077824,-0.9983945,True,False,-0.913782716,0.7811685080000003,True,False,L1,low_hotspot,0.003101152,0.0019086144,0.61545336,
1.0,7600,WSN,0.6818173,-0.54503,0.6212332844734192,-0.6656465530395508,0.019299138,-0.0084792115,0.0028406999,-0.003132433,0.0025316854209874,-0.0033946579420742,-0.0038724043,-0.0005984916,0.00034436194,0.0039295834,-0.23843068,True,False,-0.913782716,0.7811685080000003,False,False,,intermediate,0.003918381,0.0039446433,1.0067023,
1.0,7601,reaEGC,0.38754964,-0.49014336,0.3454737663269043,-0.6079031825065613,0.05170605,-0.04407753,0.0039538722,-0.0033315665,0.0036222710782616,-0.0036997927879296,0.0041862656,0.0035493008,-0.0030760735,-0.0020892194,-0.9943211,True,False,-0.913782716,0.7811685080000003,True,False,L1,low_hotspot,0.005488384,0.0037184763,0.67751753,
1.0,7602,mpEX,0.28988853,-0.48364305,0.2285421192646026,-0.5907925963401794,-0.01837996,-0.024127087,0.003088306,-0.0032456513,0.002767665265686,-0.0035312369882638,-0.0029091134,-0.004741445,0.005557083,0.0025248171,-0.8287006,True,False,-0.913782716,0.7811685080000003,False,False,,intermediate,0.0055627553,0.006103759,1.0972546,
1.0,7604,WSN,0.6584115,-0.5249773,0.6127099394798279,-0.6641027927398682,0.01077341,-0.019706942,0.003145407,-0.0032275754,0.0028263175962588,-0.0035186878523888,-0.0052280673,0.0014873804,0.001806482,0.00230371,-0.37818322,True,False,-0.913782716,0.7811685080000003,False,False,,intermediate,0.00543553,0.0029275343,0.5385922,
1.0,7605,WSN,0.698876,-0.51724887,0.6532118320465088,-0.6720079779624939,0.018398203,-0.031214152,0.0024505868,-0.0036289257,0.0020952445972169,-0.0038522157723241,-0.00071201695,0.0023614832,0.0008098515,0.0018252693,0.75807697,True,False,-0.913782716,0.7811685080000003,False,False,,intermediate,0.0024664896,0.0019968643,0.80959773,N1_sfrpEGC_VLMC
1.0,7606,reaEGC,0.55578154,-0.5633158,0.5526927709579468,-0.6486062407493591,-0.015306202,0.021507677,-0.0032282625,0.0023145175,-0.0029963725924549,0.0026164471622758,0.00263454,0.0016475345,-0.00810875,0.0045541064,-0.47961092,True,False,-0.913782716,0.7811685080000003,False,False,,intermediate,0.003107277,0.009300092,2.9930038,
1.0,7607,MCG,0.7757755,-0.55808556,0.7066642642021179,-0.6953107714653015,0.007492995,-0.0044691116,0.00044626012,-0.0021544336,0.0002384813799855,-0.0021903833781603,0.0016844288,0.0032534883,0.00090533483,0.0047593745,0.9583138,True,False,-0.913782716,0.7811685080000003,False,True,,high_dispersed,0.0036636712,0.0048447163,1.3223666,
1.0,7608,reaEGC,0.4414707,-0.5079932,0.4154413938522339,-0.6055693030357361,0.04729046,-0.04260416,0.003426361,-0.0034611516,0.0030840111534086,-0.0037784393803336,0.0027875227,-0.001599468,-0.004931156,-0.0018324736,-0.6396718,True,False,-0.913782716,0.7811685080000003,False,False,,intermediate,0.0032138112,0.005260633,1.636883,
1.0,7609,dpEX,0.3501845,-0.5002084,0.316855251789093,-0.6076224446296692,0.054795593,-0.07317491,0.002827148,-0.0035229013,0.0024807737287186,-0.0037825963289213,0.0081242155,0.0044183624,0.0021336118,-0.0024670127,0.2132947,True,False,-0.913782716,0.7811685080000003,False,False,,intermediate,0.009247962,0.0032616637,0.35268998,
1.0,7610,reaEGC,0.60408306,-0.542213,0.586287796497345,-0.6728847026824951,0.007644446,-0.00048831437,0.0034068997,-0.0026899301,0.0031384858609374,-0.0030077868731444,-0.007237002,0.0011309511,0.0038535974,0.006115967,-0.39606747,True,False,-0.913782716,0.7811685080000003,False,False,,intermediate,0.0073248376,0.0072287805,0.98688614,
1.0,7611,reaEGC,0.56517005,-0.56172794,0.567551851272583,-0.6547821164131165,0.070447,0.03320265,0.0030558945,-0.002442342,0.0028123042108221,-0.0027273574343947,0.0021598472,-0.001179773,-0.00079632946,-7.9591475e-05,-0.82558334,True,False,-0.913782716,0.7811685080000003,False,False,,intermediate,0.0024610576,0.0008002971,0.3251842,
1.0,7612,WSN,0.67882115,-0.55143034,0.5883634090423584,-0.6655308604240417,0.03164621,-0.03949857,0.0030045982,-0.0031422183,0.0026941293423572,-0.0034201121183751,-0.004297841,-0.0017987511,0.0017143915,0.004087647,-0.71281064,True,False,-0.913782716,0.7811685080000003,False,False,,intermediate,0.0046590706,0.004432606,0.95139277,
1.0,7613,reaEGC,0.42690372,-0.5307905,0.4250188171863556,-0.6059338450431824,0.045682244,-0.03402426,0.0037628878,-0.0034486714,0.0034206718012016,-0.0037982341078946,-0.00232622,0.0021803097,-0.003934605,0.0061355974,0.9695164,True,False,-0.913782716,0.7811685080000003,False,True,,high_dispersed,0.0031882676,0.0072888043,2.2861333,
1.0,7616,sstIN,0.27997288,-0.49924773,0.2509162724018097,-0.5968899726867676,0.010424257,0.0016303001,0.003021019,-0.0033162015,0.002693832726566,-0.0035951193178613,-0.007362235,-0.0056770737,0.0034691177,0.0007619065,-0.90446156,True,False,-0.913782716,0.7811685080000003,False,False,,intermediate,0.009296863,0.0035517993,0.38204277,
1.0,7620,dpEX,0.32395145,-0.5077718,0.2596640884876251,-0.61076819896698,0.004803575,-0.032393567,0.002215459,-0.0038286785,0.0018417245437216,-0.004028815802373,-0.0001766153,-0.0019939747,0.0054420386,-0.00012223286,-0.0658392,True,False,-0.913782716,0.7811685080000003,False,False,,intermediate,0.0020017812,0.0054434114,2.7192838,
1.0,7621,reaEGC,0.46074885,-0.5313193,0.4378557801246643,-0.6173392534255981,0.049860436,-0.11277662,0.0026638694,-0.004179366,0.0022551282895294,-0.0044213495788059,-0.00090605445,0.0006270421,-0.00083772605,0.01166345,0.62651795,True,False,-0.913782716,0.7811685080000003,False,False,,intermediate,0.0011018695,0.011693495,10.612414,
1.0,7624,nptxEX,0.23756424,-0.52046466,0.2204676419496536,-0.6159268021583557,0.021685053,-0.0111686,0.0035079727,-0.002972722,0.0032121516056544,-0.0032993682683658,-0.0029136438,-0.0034692406,0.002754919,0.004356809,-0.9909386,True,False,-0.913782716,0.7811685080000003,True,False,L3,low_hotspot,0.004530447,0.005154742,1.1377999,
1.0,7625,WSN,0.7395845,-0.5434281,0.6841275095939636,-0.6968056559562683,0.03473422,-0.04682586,0.002433457,-0.0029008226,0.0021479130212431,-0.0031247689193781,0.0006103899,-0.0007284046,0.0014674232,0.0027900331,-0.3793817,True,False,-0.913782716,0.7811685080000003,False,False,,intermediate,0.0009503416,0.0031523984,3.3171215,
1.0,7626,dpEX,0.41080022,-0.4956711,0.319120705127716,-0.6248669028282166,0.033776335,-0.020564059,0.0036608195,-0.0042446726,0.0032426774397967,-0.0045819469649211,0.0030864244,0.0015253186,-0.003738231,-0.0023524906,-0.99473196,True,False,-0.913782716,0.7811685080000003,True,False,L1,low_hotspot,0.0034427622,0.0044168523,1.2829385,
1.0,7628,reaEGC,0.46953273,-0.48965335,0.4059672057628631,-0.6076354384422302,0.011389268,-0.10443135,0.0024979599,-0.003712915,0.0021344230231787,-0.0039404778447631,-0.00050912227,0.0028201404,-0.0025092661,0.013252813,0.99996376,True,False,-0.913782716,0.7811685080000003,False,True,,high_dispersed,0.002865728,0.013488271,4.7067523,
1.0,7629,dpEX,0.34353474,-0.5159428,0.2961875200271606,-0.6286514401435852,-0.0009686752,-0.040351965,0.0030411575,-0.0031892906,0.002726064297673,-0.0034705378877951,0.004489332,0.0019101552,0.0044145402,-0.0011826098,0.78751653,True,False,-0.913782716,0.7811685080000003,False,True,H2,high_hotspot,0.0048788106,0.0045702006,0.9367448,N2_reaEGC_wntEGC
1.0,7630,reaEGC,0.4576342,-0.5119502,0.4475318789482116,-0.607409656047821,0.061549015,0.09449524,-0.0026658634,0.004197353,-0.0022553929959707,0.0044394709292444,-0.0012803636,0.0030565169,-0.0019803164,0.010492443,0.9780004,True,False,-0.913782716,0.7811685080000003,False,True,,high_dispersed,0.0033138536,0.010677688,3.2221363,
1.0,7631,VLMC,0.085479796,-0.5064252,0.0777196288108825,-0.5951600670814514,-0.015020341,-0.0040532984,-0.004404383,0.001755869,-0.0042222946241668,0.0021722204198427,-8.1815626e-05,-0.00057380844,-0.00075569795,0.0016150255,-0.8368557,True,False,-0.913782716,0.7811685080000003,False,False,,intermediate,0.00057961186,0.0017830834,3.0763404,
1.0,7632,MCG,0.6806445,-0.5500435,0.6369850039482117,-0.6822742819786072,0.009285765,-0.027571889,0.0030228524,-0.0030767971,0.0027185925345079,-0.0033566458414049,-0.004228826,-0.002479964,0.0009661162,0.003849238,-0.7006445,True,False,-0.913782716,0.7811685080000003,False,False,,intermediate,0.004902366,0.0039686286,0.8095333,
1.0,7633,reaEGC,0.57894087,-0.57152057,0.548170268535614,-0.6738649606704712,0.06020828,5.6387216e-05,0.002867105,-0.003125496,0.0025586716894491,-0.0033902721859364,-0.00023102453,-0.000113130074,-0.002814828,0.0012459317,0.6432399,True,False,-0.913782716,0.7811685080000003,False,False,,intermediate,0.00025723677,0.0030782467,11.966589,
1.0,7635,WSN,0.7065306,-0.55589044,0.6596813201904297,-0.6850167512893677,0.008225984,-0.008487559,0.002955889,-0.003225926,0.0026375556402734,-0.0034988899760146,-0.0005017982,-0.0030926322,0.0008598746,0.0017728389,-0.95803106,True,False,-0.913782716,0.7811685080000003,True,False,L1,low_hotspot,0.0031330776,0.0019703659,0.62889147,
1.0,7636,reaEGC,0.5761688,-0.5688882,0.5522677302360535,-0.6734362244606018,0.008309997,-0.053478923,0.003055906,-0.002792915,0.0027787345707897,-0.003076825604166,-0.0043586656,-0.00042980054,-0.011574035,0.0073852297,0.7861481,True,False,-0.913782716,0.7811685080000003,False,True,,high_dispersed,0.004379805,0.013729527,3.1347346,
1.0,7639,WSN,0.6648726,-0.5518829,0.5832536816596985,-0.6979920268058777,0.026509529,0.004358572,0.0030437063,-0.003338054,0.0027143551692257,-0.0036190761149896,-0.0054172636,-0.000412088,-0.000110726956,0.0039050067,-0.047557704,True,True,-0.913782716,0.7811685080000003,False,False,,intermediate,0.005432915,0.003906576,0.7190571,
1.0,7640,MCG,0.31967598,-0.5310891,0.2970817685127258,-0.6149844527244568,0.025337432,-0.006886189,0.0025737712,-0.0036715856,0.0022139540220046,-0.0039065408127655,-0.0008505108,-0.002993144,0.0043733804,0.004631059,-0.88702554,True,False,-0.913782716,0.7811685080000003,False,False,,intermediate,0.0031116363,0.0063697067,2.0470603,
1.0,7642,reaEGC,0.41934055,-0.5127222,0.3756335377693176,-0.6302837133407593,0.049749732,-0.041945387,0.003629411,-0.0036559848,0.0032677579040078,-0.0039921078060799,0.0047552558,0.0011116103,-0.006218098,-0.0035963585,-0.956883,True,False,-0.913782716,0.7811685080000003,True,False,L1,low_hotspot,0.004883455,0.0071832123,1.4709283,
1.0,7643,dpEX,0.3903677,-0.5015733,0.3178098499774933,-0.6230605244636536,0.011327573,-0.02806729,0.0038835534,-0.003535803,0.003532610526251,-0.0038966491597386,0.00553398,0.0023351442,-0.0037311635,-0.005705882,-0.829616,True,False,-0.913782716,0.7811685080000003,False,False,,intermediate,0.006006483,0.0068175266,1.135028,
1.0,7644,dpEX,0.35108277,-0.5252139,0.293019950389862,-0.6155532002449036,-0.025552733,-0.03848504,0.003132665,-0.0031845174,0.0028177403910894,-0.0034745450952368,0.0030141042,0.001413073,0.0034172155,0.001092149,0.99168426,True,False,-0.913782716,0.7811685080000003,False,True,H2,high_hotspot,0.0033289038,0.0035874993,1.0776819,N2_reaEGC_wntEGC
1.0,7645,reaEGC,0.45149714,-0.4999,0.4237423241138458,-0.6130165457725525,0.086964324,-0.06495296,0.0028194506,-0.004126653,0.0024152679146684,-0.0043837059736981,0.00029493473,0.0009607493,-0.007165028,0.0018762408,-0.04172934,True,False,-0.913782716,0.7811685080000003,False,False,,intermediate,0.0010050003,0.007406612,7.369761,
1.0,7646,WSN,0.6923208,-0.5409032,0.6179506778717041,-0.6809660196304321,0.020325376,-0.014785081,0.0032228134,-0.0030302324,0.0029223830723878,-0.0033293820626054,-0.002221857,-0.0008419134,0.0035090186,0.003414037,-0.9173305,True,False,-0.913782716,0.7811685080000003,True,False,L1,low_hotspot,0.002376019,0.0048958003,2.0605054,
1.0,7647,WSN,0.6772014,-0.5701257,0.5912461280822754,-0.7017294764518738,0.011774484,-0.033688083,0.0025826276,-0.0034412711,0.0022448440607963,-0.0036778013349937,-0.0034134104,-0.0017630806,0.0005756692,-0.00024959678,-0.63260394,True,True,-0.913782716,0.7811685080000003,False,False,,intermediate,0.0038418516,0.00062745006,0.1633197,
1.0,7649,WSN,0.6179135,-0.5690793,0.5893059968948364,-0.6724762320518494,-0.01305416,-0.039497398,0.003269299,-0.0031654497,0.0029557696648745,-0.0034686255947309,-0.0096245,-5.7189754e-05,0.0030342052,0.0035081184,-0.6586539,True,False,-0.913782716,0.7811685080000003,False,False,,intermediate,0.00962467,0.004638243,0.4819119,
1.0,7650,reaEGC,0.43688053,-0.5395417,0.4390593767166137,-0.6097860932350159,0.016940499,-0.04577864,0.0034031381,-0.0038067752,0.0030277547534377,-0.0041207480758517,-0.0023187222,0.00046595617,-0.003199154,0.00548245,0.6642806,True,False,-0.913782716,0.7811685080000003,False,False,,intermediate,0.0023650767,0.006347586,2.6838818,
1.0,7651,dpEX,0.3956191,-0.5204048,0.3337182402610779,-0.6289698481559753,0.04767331,-0.06231983,0.0035620492,-0.0036748364,0.0031988027866811,-0.0040044474108855,0.006178601,0.002066673,-0.0029117586,-0.0042646667,-0.7967234,True,False,-0.913782716,0.7811685080000003,False,False,,intermediate,0.0065150787,0.005163886,0.79260534,
1.0,7655,WSN,0.6566164,-0.5485351,0.6055276393890381,-0.691095769405365,0.028280465,-0.035599403,0.0029368736,-0.0035091923,0.0025914663636708,-0.0037794410092837,-0.006797523,0.00011035264,-0.0006036815,0.0033657958,0.19249453,True,True,-0.913782716,0.7811685080000003,False,False,,intermediate,0.0067984182,0.0034195047,0.50298536,
1.0,7658,reaEGC,0.3960398,-0.52265155,0.4079110622406006,-0.6300285458564758,0.05917273,-0.06681415,0.0035629538,-0.0038600606,0.0031819620543748,-0.0041891739200773,0.006795748,0.0016579787,-0.0058977716,-0.0034942457,-0.9566376,True,False,-0.913782716,0.7811685080000003,True,False,L1,low_hotspot,0.006995076,0.0068551777,0.9800005,
1.0,7660,WSN,0.69128,-0.54229146,0.6518902778625488,-0.6901534199714661,0.028814254,-0.023525218,0.0032374796,-0.0029432257,0.0029453373148504,-0.0032440547066402,-0.0028069715,-0.0010027702,0.003039845,0.0041193636,-0.8298566,True,False,-0.913782716,0.7811685080000003,False,False,,intermediate,0.002980711,0.0051195524,1.7175609,
1.0,7661,MCG,0.69290864,-0.55190325,0.6341156959533691,-0.7035896182060242,0.024636867,-0.029529626,0.0031602492,-0.0029615574,0.0028665946065993,-0.0032549307455244,-0.0049065086,-0.004297423,0.0028827088,0.0024924492,-0.9999795,True,False,-0.913782716,0.7811685080000003,True,False,L1,low_hotspot,0.006522398,0.0038108153,0.584266,
1.0,7663,mpEX,0.254094,-0.53406996,0.2062290608882904,-0.6261587738990784,-0.030185584,-0.033555925,0.003782011,-0.0029198306,0.0034903918626416,-0.0032728935352804,-0.0067249504,-0.0036865524,0.002940887,0.0052179834,-0.8493127,True,False,-0.913782716,0.7811685080000003,False,False,,intermediate,0.0076691345,0.0059896717,0.7810101,
1.0,7664,dpEX,0.33174223,-0.52212363,0.300728976726532,-0.6246196627616882,0.00075559237,-0.01270977,0.0027850114,-0.0034027784,0.0024502765819876,-0.0036588161761776,0.0012550448,-0.00051482883,0.0069674277,0.00069885247,0.88268876,True,False,-0.913782716,0.7811685080000003,False,True,H2,high_hotspot,0.0013565347,0.007002388,5.1619678,N2_reaEGC_wntEGC
1.0,7667,reaEGC,0.45187563,-0.5086385,0.3888347744941711,-0.6204542517662048,0.059815407,0.0033887504,0.0028079073,-0.004151334,0.0024013968909483,-0.0044072033693113,0.0010019094,-0.0016996211,-0.0027225635,-0.0007727391,-0.2533106,True,False,-0.913782716,0.7811685080000003,False,False,,intermediate,0.0019729505,0.002830102,1.4344516,
1.0,7668,mpEX,0.21669917,-0.54350024,0.1607197821140289,-0.6217853426933289,-0.028424656,-0.003736568,-0.003199246,0.0030392846,-0.0028980229719763,0.003336148235677,-0.0028596066,-0.0014820786,0.0024859055,0.004599801,-0.82693624,True,False,-0.913782716,0.7811685080000003,False,False,,intermediate,0.003220855,0.005228565,1.6233469,
1.0,7671,cckIN,0.2174025,-0.5376556,0.1819730550050735,-0.6148200035095215,0.018408459,-0.0130185075,0.0032237978,-0.0030089812,0.0029253999991177,-0.0033082922518914,-0.0053332425,-0.002481156,0.002003693,0.003259184,-0.83418936,True,False,-0.913782716,0.7811685080000003,False,False,,intermediate,0.0058821435,0.003825842,0.6504163,
1.0,7672,nptxEX,0.7543793,-0.5454312,0.6911535263061523,-0.7190678715705872,-0.0014060638,-0.009356495,0.0021224238,-0.0031865367,0.0018104929513391,-0.0033797881662234,-0.00014362864,-0.0017838748,0.00018032988,0.0041455883,-0.9993203,True,False,-0.913782716,0.7811685080000003,True,False,L1,low_hotspot,0.0017896476,0.0041495087,2.3186178,
1.0,7673,reaEGC,0.5519773,-0.6010739,0.5458260774612427,-0.6704474091529846,0.003255684,-0.041278753,0.0031728526,-0.003675973,0.0028107251050365,-0.0039682997811622,-0.00035636505,0.0040316302,-0.009399956,0.010191728,0.7919237,True,False,-0.913782716,0.7811685080000003,False,True,,high_dispersed,0.0040473496,0.013864721,3.4256299,
1.0,7674,reaEGC,0.43379432,-0.55131066,0.4355931878089905,-0.6255178451538086,0.049907804,-0.03800698,0.0030553488,-0.003977226,0.0026647353134621,-0.0042573468477593,0.0041467226,-0.00040537567,-0.005468305,0.000123932,-0.99720466,True,False,-0.913782716,0.7811685080000003,True,False,L1,low_hotspot,0.00416649,0.005469709,1.3127859,
1.0,7675,MCG,0.25928098,-0.5126184,0.1947672069072723,-0.6305484175682068,-0.008436331,-0.009376211,0.0033887378,-0.0030664958,0.0030843103985346,-0.0033814247471731,-0.004369077,-0.006109309,0.0037207038,0.0039302357,-0.9906032,True,False,-0.913782716,0.7811685080000003,True,False,L3,low_hotspot,0.0075108246,0.00541206,0.720568,
1.0,7676,reaEGC,0.5576788,-0.61191905,0.5576758980751038,-0.6800573468208313,0.048716646,-0.049759686,0.0029180208,-0.0038534245,0.0025396994554308,-0.0041207812959397,-0.003652573,-0.002126972,-0.0054414417,0.0024981992,0.57538635,True,False,-0.913782716,0.7811685080000003,False,False,,intermediate,0.0042267363,0.005987511,1.4165802,
1.0,7678,MCG,0.6742017,-0.5502499,0.6039223670959473,-0.7016934752464294,0.03728113,-0.0039723394,0.0029398552,-0.0032254725,0.0026216157887486,-0.0034969019848422,-0.0021471658,-0.002166724,0.0009882492,0.00266058,-0.9109491,True,True,-0.913782716,0.7811685080000003,False,False,,intermediate,0.003050412,0.00283819,0.9304284,
1.0,7679,reaEGC,0.61070883,-0.6183652,0.5611423254013062,-0.7084824442863464,0.048116498,-0.01014391,0.0033124657,-0.0026943008,0.0030439311129955,-0.0030030980502912,-0.0023342413,-0.0015096097,0.002009162,0.0023930455,-0.9558339,True,True,-0.913782716,0.7811685080000003,True,False,L1,low_hotspot,0.0027798568,0.0031246438,1.1240305,
1.0,7680,dpEX,0.39847904,-0.54458535,0.3490606546401977,-0.6308918595314026,0.06819545,-0.077757336,0.0034989945,-0.0032722193,0.0031745132330346,-0.0035970606487341,0.007818247,0.0015590583,-0.00035681116,-0.0005743179,-0.6836478,True,False,-0.913782716,0.7811685080000003,False,False,,intermediate,0.00797218,0.00067613256,0.0848115,
1.0,7681,cckIN,0.6530008,-0.5532714,0.6063755750656128,-0.7061832547187805,-0.0019336622,0.00022318971,-0.0032278989,0.0035378595,-0.0028788274673636,0.0038358948309201,-0.007589897,-0.0005992232,0.0006568049,0.0046949997,-0.2160618,True,True,-0.913782716,0.7811685080000003,False,False,,intermediate,0.007613515,0.0047407188,0.6226715,
1.0,7683,reaEGC,0.4420753,-0.5574056,0.4253688454627991,-0.6282815933227539,0.049561754,0.00073531386,0.00243187,-0.004445651,0.0019983536241798,-0.0046645716514877,0.0013082277,0.0005273224,-0.004712503,-0.0010279592,-0.9858558,True,False,-0.913782716,0.7811685080000003,True,False,L1,low_hotspot,0.0014105064,0.004823317,3.4195638,
1.0,7684,reaEGC,0.5525651,-0.6211915,0.5472788214683533,-0.6805076003074646,0.08195798,-0.017469551,0.003473646,-0.003710509,0.0031072614087951,-0.0040315394996903,0.002321501,0.0010616351,-0.012886801,0.0050162533,-0.6966193,True,False,-0.913782716,0.7811685080000003,False,False,,intermediate,0.002552731,0.013828681,5.4172106,
1.0,7685,reaEGC,0.54992896,-0.58390284,0.5487335920333862,-0.673183798789978,0.021791466,0.027399637,-0.002847257,0.003198872,-0.002531857809231,0.0034615155965446,0.0046521025,-0.00096285,-0.0035890478,-0.001971689,-0.7606755,True,False,-0.913782716,0.7811685080000003,False,False,,intermediate,0.004750699,0.0040949755,0.8619733,
1.0,7686,reaEGC,0.43622106,-0.5568242,0.4425889849662781,-0.6183602213859558,0.03832134,0.090377726,-0.0031074071,0.0035839388,-0.0027543020023269,0.0038702869654685,-0.0024421124,-0.00076850527,-0.0024293622,0.0035252832,0.29409888,True,False,-0.913782716,0.7811685080000003,False,False,,intermediate,0.0025601785,0.0042812875,1.6722614,
1.0,7688,MCG,0.31001645,-0.52194375,0.2805154323577881,-0.6353455781936646,0.023551656,-0.056525547,0.0026929777,-0.003774273,0.0023229481201067,-0.0040203228979747,-0.0028474492,-0.0027833956,0.00445568,0.0042692446,-0.9999501,True,False,-0.913782716,0.7811685080000003,True,False,L3,low_hotspot,0.003981866,0.006170862,1.5497413,
1.0,7689,cckIN,0.3185836,-0.5481826,0.2590541243553161,-0.6413989663124084,-0.044912368,-0.026870916,-0.0027214794,0.003858072,-0.00234333291531,0.0041065876782264,-0.00024586398,-0.0039688977,0.006689509,0.00681018,-0.7553614,True,False,-0.913782716,0.7811685080000003,False,False,,intermediate,0.0039765057,0.009546103,2.400626,
1.0,7691,MCG,0.7382809,-0.55801225,0.652614951133728,-0.7110770344734192,0.019818671,-0.009642286,0.0025209961,-0.0030748523,0.0022185059265498,-0.0033066348871036,0.00019581885,-0.0012128014,-1.8894167e-05,0.0014150233,-0.989255,True,False,-0.913782716,0.7811685080000003,True,False,L1,low_hotspot,0.0012285082,0.0014151494,1.1519251,
1.0,7692,reaEGC,0.41593897,-0.5413988,0.4042098522186279,-0.6561562418937683,0.05502987,-0.050230395,0.003909639,-0.0029574719,0.0036140115736038,-0.0033226413895523,0.007835266,0.0008586094,-0.0078624515,-0.000839116,-0.999996,True,False,-0.913782716,0.7811685080000003,True,False,L1,low_hotspot,0.007882169,0.007907102,1.0031631,
1.0,7693,mpEX,0.23311618,-0.52479255,0.1924764215946197,-0.6424921154975891,-0.0036680996,0.026667213,-0.0032017347,0.0030984094,-0.0028948403491371,0.0033953248761082,-0.010606675,-0.0038197935,0.0030716131,0.0051167537,-0.7747473,True,False,-0.913782716,0.7811685080000003,False,False,,intermediate,0.011273526,0.0059679123,0.52937406,
1.0,7695,MCG,0.7713114,-0.5619314,0.6892209053039551,-0.722816526889801,0.00034040143,-0.03326064,0.0005331282,-0.002388356,0.0003026682454834,-0.00243188876237,0.0016295768,0.0017885092,0.0012340224,0.004564147,0.8893501,True,False,-0.913782716,0.7811685080000003,False,True,,high_dispersed,0.002419563,0.004728028,1.9540834,
1.0,7696,WSN,0.69101685,-0.5445539,0.6310129761695862,-0.7004184126853943,0.00060565,-0.0045888526,0.0034541974,-0.0027593116,0.0031789883523879,-0.0030814800110974,-0.0018818767,-0.0017609182,0.0025215487,0.00417273,-0.9624195,True,False,-0.913782716,0.7811685080000003,True,False,L1,low_hotspot,0.0025772646,0.0048754364,1.8917097,
1.0,7699,mpEX,0.29243785,-0.51980126,0.2661828696727752,-0.6400796175003052,-0.021559294,-0.030100446,0.003119155,-0.00308058,0.0028142290711689,-0.0033696414377029,-0.0026350527,-0.004535707,0.0019880398,0.0031001419,-0.99903584,True,False,-0.913782716,0.7811685080000003,True,False,L3,low_hotspot,0.005245583,0.0036828225,0.70208067,
1.0,7700,MSN,0.65619344,-0.5563694,0.6098275184631348,-0.7145982384681702,0.0070257555,-0.014376858,0.0030881942,-0.00350076,0.0027431172663764,-0.0037855302510973,-0.0071797688,0.0009613984,0.0007224138,0.0042884154,-0.033771735,True,True,-0.913782716,0.7811685080000003,False,False,,intermediate,0.0072438503,0.004348838,0.60034895,
1.0,7701,reaEGC,0.45363557,-0.50570834,0.434017539024353,-0.6151655316352844,0.059251554,-0.02850323,0.0027679803,-0.004129284,0.0023637080382823,-0.0043813983815815,0.001549204,-0.0018852071,-0.0035636919,-0.0007392229,-0.46474186,True,False,-0.913782716,0.7811685080000003,False,False,,intermediate,0.0024400898,0.0036395537,1.4915655,
1.0,7702,reaEGC,0.4327557,-0.5143221,0.3909543752670288,-0.6465376615524292,0.086259626,-0.029140262,0.003625472,-0.0034391282,0.0032846037581692,-0.0037755580529399,0.0009774612,0.0017908583,-0.0014435938,0.008569708,0.7859879,True,False,-0.913782716,0.7811685080000003,False,True,,high_dispersed,0.002040246,0.008690447,4.259509,
1.0,7703,dpEX,0.3392521,-0.5113729,0.3141891360282898,-0.6431311368942261,0.0010027963,-0.046732478,0.002333482,-0.003550201,0.0019860502700209,-0.0037625221097051,0.0040995767,0.0019512878,0.005347303,0.00012498729,0.912733,True,False,-0.913782716,0.7811685080000003,False,True,H2,high_hotspot,0.00454027,0.0053487634,1.1780716,N2_reaEGC_wntEGC
1.0,7705,MCG,0.26856005,-0.5311545,0.2204915434122085,-0.6324449181556702,-0.0070087938,0.002244524,-0.0033822483,0.0032253028,-0.0030626294652082,0.0035391091389186,-0.001108876,-0.0032361133,0.0036288693,0.0065462347,-0.9845424,True,False,-0.913782716,0.7811685080000003,True,False,L3,low_hotspot,0.0034208237,0.007484777,2.1880043,
1.0,7707,reaEGC,0.5710403,-0.6129708,0.5465206503868103,-0.6960219740867615,0.047303934,0.034636974,0.003270028,-0.003546237,0.0029200211599213,-0.0038482813780967,0.0037656643,-0.0011432901,-0.0026914342,0.0005555711,-0.99584407,True,True,-0.913782716,0.7811685080000003,True,False,L1,low_hotspot,0.0039353957,0.0027481772,0.69832295,
1.0,7708,mpEX,0.19263601,-0.5255445,0.1680562794208526,-0.6363205313682556,0.009081863,0.0027120493,0.0030420125,-0.003183812,0.0027274413567933,-0.0034651583299092,-0.008043038,-0.0036893634,0.0016284076,0.0045304326,-0.6998054,True,False,-0.913782716,0.7811685080000003,False,False,,intermediate,0.008848834,0.004814201,0.5440492,
1.0,7709,reaEGC,0.5387176,-0.620417,0.5235037207603455,-0.6928687691688538,0.107907034,0.028358607,0.0036877927,-0.0026901334,0.0034184731436268,-0.0030348959198567,0.0034073805,0.0025118797,-0.010566537,0.008383869,-0.26173553,True,True,-0.913782716,0.7811685080000003,False,False,,intermediate,0.0042331764,0.01348855,3.1863897,
1.0,7712,dpEX,0.31200513,-0.5163538,0.3033786416053772,-0.6441252827644348,0.011520417,-0.032874737,0.0026666073,-0.003636638,0.0023098448270037,-0.0038805960902217,-5.020938e-05,-0.0029746217,0.0059385276,0.00348306,-0.5204055,True,False,-0.913782716,0.7811685080000003,False,False,,intermediate,0.0029750455,0.0068846075,2.3141184,
1.0,7713,dpEX,0.3411574,-0.5418482,0.2971447110176086,-0.6483761668205261,0.000790175,-0.015994554,0.0031818042,-0.003549566,0.0028317568926823,-0.0038431490343898,-0.0015601228,-0.0022647777,0.0078077046,0.0042000962,-0.88972926,True,False,-0.913782716,0.7811685080000003,False,False,,intermediate,0.0027501273,0.008865723,3.22375,
1.0,7715,reaEGC,0.4476109,-0.5509327,0.4118670523166656,-0.6430923342704773,0.045776494,-0.033909384,0.002931425,-0.003935472,0.0025452022042155,-0.0042038540824596,0.0034870624,0.001419023,-0.0063852454,-0.0012565856,-0.9815937,True,False,-0.913782716,0.7811685080000003,True,False,L1,low_hotspot,0.003764735,0.0065077157,1.7285986,
1.0,7717,MCG,0.66364646,-0.57099396,0.5886144638061523,-0.7244793772697449,0.017853983,-0.003305143,0.0023869018,-0.0038477902,0.0020107957219472,-0.0040642894903894,-0.0055935197,-0.001613418,0.000267261,0.00045729376,-0.7240952,True,True,-0.913782716,0.7811685080000003,False,False,,intermediate,0.005821562,0.00052966597,0.09098348,
1.0,7718,reaEGC,0.40479252,-0.5252949,0.3682150840759277,-0.6316426396369934,0.03568521,-0.044044875,0.003297936,-0.0038090905,0.0029226626808886,-0.0041129788361734,0.005208206,0.0015535129,-0.004015695,-0.002313471,-0.97302735,True,False,-0.913782716,0.7811685080000003,True,False,L1,low_hotspot,0.005434962,0.004634431,0.8527072,
1.0,7719,WSN,0.6796243,-0.5627637,0.6222401261329651,-0.7047778964042664,-0.010225835,-0.026387444,0.0025975897,-0.0033931495,0.0022643685414982,-0.0036312646929739,-0.0027694905,-0.0007542311,0.0015297506,0.0004842655,-0.9991721,True,True,-0.913782716,0.7811685080000003,True,False,L1,low_hotspot,0.0028703557,0.0016045716,0.5590149,
1.0,7720,reaEGC,0.6195495,-0.58220947,0.5584848523139954,-0.7059189677238464,0.030052887,-0.015061279,0.00350105,-0.002631828,0.0032379045644139,-0.0029588865348524,-0.006004609,-0.002552693,-0.00015630612,-0.0004221604,0.686436,True,True,-0.913782716,0.7811685080000003,False,False,,intermediate,0.0065246895,0.00045016775,0.06899451,
1.0,7722,dpEX,0.35756767,-0.5310619,0.3087453842163086,-0.63350510597229,0.015648222,-0.032275066,0.0032577773,-0.0033721998,0.0029244800229132,-0.0036736197940434,0.004961267,0.0022300275,0.0027052027,0.0017764174,0.9874461,True,False,-0.913782716,0.7811685080000003,False,True,H2,high_hotspot,0.0054394114,0.003236322,0.5949765,N2_reaEGC_wntEGC
1.0,7723,cckIN,0.23657274,-0.5209781,0.2103180736303329,-0.644304096698761,0.013929761,-0.014447176,0.0032593329,-0.0031280625,0.0029494163073141,-0.0034304016613552,-0.008658334,-0.0038923284,0.0037859522,0.003765133,-0.93583906,True,False,-0.913782716,0.7811685080000003,True,False,L3,low_hotspot,0.009492995,0.0053394437,0.56246144,
1.0,7725,reaEGC,0.47103828,-0.5262648,0.4172049760818481,-0.6365683674812317,0.046431813,-0.018868053,0.0024473194,-0.0039428407,0.002061918011693,-0.0041648275087083,0.001562604,-0.0010580916,-0.0014025067,-0.0015118048,-0.15210512,True,False,-0.913782716,0.7811685080000003,False,False,,intermediate,0.0018871378,0.0020621782,1.0927545,
1.0,7726,reaEGC,0.4432211,-0.5502495,0.4401328861713409,-0.6399790644645691,0.036682367,0.009896789,0.0030430448,-0.0038787415,0.0026619039245639,-0.0041579944079899,-0.00027606654,-0.00010525906,-0.0041574924,-0.0010292114,0.99261713,True,False,-0.913782716,0.7811685080000003,False,True,,high_dispersed,0.00029545254,0.004282992,14.496379,
1.0,7727,mpEX,0.32544184,-0.53286564,0.2877044081687927,-0.6507748961448669,-0.013974911,-0.035720184,0.0025639774,-0.003763409,0.0021953954583145,-0.0039971364989037,-0.00044378784,-0.0021693506,0.0064446917,0.004827449,-0.74776244,True,False,-0.913782716,0.7811685080000003,False,False,,intermediate,0.0022142786,0.008052224,3.6365001,
1.0,7728,MCG,0.7187146,-0.56288666,0.6575376987457275,-0.718643069267273,0.0265345,-0.053707916,0.0025582984,-0.0035299542,0.0022120967879033,-0.003763874180607,-0.0022450641,-0.0023671766,-0.0006449106,0.003517557,-0.58958185,True,False,-0.913782716,0.7811685080000003,False,False,,intermediate,0.0032624896,0.0035761874,1.0961529,
1.0,7729,dpEX,0.3932464,-0.53846794,0.3362846374511719,-0.6539711356163025,0.048691165,-0.060676944,0.0036271052,-0.0035122235,0.0032792299597869,-0.003848579192804,0.007216847,0.00122336,-0.0014474771,-0.00028328018,-0.99967897,True,False,-0.913782716,0.7811685080000003,True,False,L1,low_hotspot,0.007319801,0.0014749365,0.20149954,
1.0,7730,reaEGC,0.39229667,-0.5731559,0.4154587388038635,-0.6374197602272034,0.064122215,-0.009717478,0.003697112,-0.0030943244,0.0033890460118325,-0.003438704391743,0.0020703045,-0.00027939677,-0.0031238762,0.0036111453,-0.7495086,True,False,-0.913782716,0.7811685080000003,False,False,,intermediate,0.0020890723,0.004774827,2.285621,
1.0,7731,MCG,0.7158334,-0.57215023,0.6693795919418335,-0.7322710156440735,0.0336335,-0.03202968,0.0025429602,-0.0033674727,0.0022123709247541,-0.0036004360027342,-0.0018010209,-0.0021573598,-0.00047568404,0.002269173,-0.6198417,True,False,-0.913782716,0.7811685080000003,False,False,,intermediate,0.0028103162,0.0023184957,0.8249946,
1.0,7732,WSN,0.67520213,-0.5749133,0.5956684947013855,-0.7255803942680359,0.02764999,-0.023252383,0.0024225253,-0.0036220436,0.0020679309006373,-0.0038426675009162,-0.003205661,-0.004639042,0.00090322556,-0.0013521397,0.36831963,True,True,-0.913782716,0.7811685080000003,False,False,,intermediate,0.0056388807,0.0016260684,0.28836724,
1.0,7733,reaEGC,0.5608008,-0.60041547,0.5439208745956421,-0.6854549050331116,0.05529251,-0.00053307286,0.0030075654,-0.003753749,0.0026385093278399,-0.0040299976413138,0.004058545,-0.0009377521,-0.0037863313,-0.0005876027,-0.9282806,True,True,-0.913782716,0.7811685080000003,True,False,L1,low_hotspot,0.0041654734,0.0038316553,0.9198607,
1.0,7735,WSN,0.66492546,-0.5999175,0.616523802280426,-0.7070416808128357,-0.010379772,-0.04327175,0.0024547863,-0.0037564049,0.0020872198214662,-0.0039796950611786,-0.004145893,-0.0011570991,0.0012919965,0.00065783056,-0.98030865,True,True,-0.913782716,0.7811685080000003,True,False,L1,low_hotspot,0.0043043355,0.0014498262,0.33682927,
1.0,7739,MCG,0.29431903,-0.5415864,0.266764760017395,-0.6549261212348938,-0.008958987,-0.032880545,0.0027953095,-0.003860861,0.0024166629572926,-0.0041164400645535,0.00019684275,-0.0028807973,0.0053730854,0.003254978,-0.458623,True,False,-0.913782716,0.7811685080000003,False,False,,intermediate,0.0028875144,0.0062821116,2.1756122,
1.0,7741,reaEGC,0.5649565,-0.61114377,0.5597348213195801,-0.687425434589386,0.060865734,0.008042688,0.003455414,-0.0032316896,0.0031349524853097,-0.0035524842223717,0.0025587983,0.00030148492,-0.004397555,-0.0023366977,-0.9319145,True,True,-0.913782716,0.7811685080000003,True,False,L1,low_hotspot,0.002576498,0.0049798237,1.9327877,
1.0,7742,WSN,0.7067961,-0.6104977,0.6398473381996155,-0.7403077483177185,-0.0026290203,-0.032992933,0.0025274775,-0.0021575682,0.0023128324184274,-0.0023928656131971,-0.0022460318,-0.0017168525,-0.00061660126,0.0011372336,-0.15518944,True,False,-0.913782716,0.7811685080000003,False,False,,intermediate,0.0028270553,0.0012936372,0.45759177,
1.0,7743,reaEGC,0.3872078,-0.55702424,0.3735831677913666,-0.6649914979934692,0.047213197,-0.06505054,0.0034019966,-0.0030232682,0.0031016680637867,-0.0033396035991216,0.0064520147,0.0007735117,-0.0005116898,0.0007102187,-0.48381948,True,False,-0.913782716,0.7811685080000003,False,False,,intermediate,0.006498216,0.0008753497,0.13470615,
1.0,7744,dpEX,0.3969273,-0.5392705,0.3166881203651428,-0.6477193236351013,0.005231447,-0.05096566,0.0033788385,-0.003550178,0.0030281109869674,-0.0038626326851808,0.005135877,0.0017482168,-0.00393795,-0.0030573916,-0.9453636,True,False,-0.913782716,0.7811685080000003,True,False,L1,low_hotspot,0.0054252646,0.0049854885,0.91893923,
1.0,7746,reaEGC,0.571753,-0.64734125,0.5347391963005066,-0.7060034871101379,0.040204152,0.016950678,0.0026559269,-0.003889434,0.0022749830537967,-0.0041315715833763,0.0034759468,0.00022437703,-0.0040916293,0.0023736088,-0.83086807,True,True,-0.913782716,0.7811685080000003,False,False,,intermediate,0.0034831811,0.00473027,1.3580315,
1.0,7747,MCG,0.3211748,-0.55310595,0.2275958806276321,-0.6713918447494507,-0.011058503,-0.042393457,0.0026593946,-0.0037980848,0.0022871901364458,-0.0040408427155416,-0.003861242,-0.0031892143,0.005117595,0.007160562,-0.9664132,True,False,-0.913782716,0.7811685080000003,True,False,L3,low_hotspot,0.0050080214,0.008801331,1.7574468,
1.0,7748,reaEGC,0.42382765,-0.54370844,0.3722949922084808,-0.6523804664611816,0.037903775,-0.06432294,0.0037529296,-0.003309111,0.0034241133813457,-0.0036581602073136,0.0063230465,0.0019324471,-0.007744669,-0.0012419185,-0.990548,True,False,-0.913782716,0.7811685080000003,True,False,L1,low_hotspot,0.0066117523,0.007843613,1.1863137,
1.0,7749,cckIN,0.6308447,-0.5553584,0.5727167725563049,-0.725376546382904,0.024028044,0.008660019,0.0029190383,-0.0035107848,0.002573534789549,-0.0037793201233625,-0.0068158302,-0.00018284254,0.0029074831,0.0060331738,-0.45813483,True,True,-0.913782716,0.7811685080000003,False,False,,intermediate,0.0068182824,0.006697212,0.98224324,
1.0,7750,mpEX,0.33774647,-0.5439176,0.2888817489147186,-0.6738832592964172,0.0099067325,0.0028294735,0.0028910614,-0.0036866486,0.0025288003293391,-0.0039519491485802,-0.0003197012,-0.001541237,0.0074451235,0.0047311983,-0.6965861,True,False,-0.913782716,0.7811685080000003,False,False,,intermediate,0.0015740459,0.00882123,5.604176,
1.0,7751,mpEX,0.30774167,-0.54059553,0.2625629901885986,-0.6478464603424072,-0.032689463,-0.016499322,-0.002905743,0.003340803,-0.0025765637708551,0.0036086011172079,-0.0025583892,-0.004643416,0.00356015,0.0030543546,-0.9365543,True,False,-0.913782716,0.7811685080000003,True,False,L3,low_hotspot,0.0053015724,0.0046908157,0.8847971,
1.0,7752,reaEGC,0.45864302,-0.55332845,0.4348149299621582,-0.6319040656089783,0.012416269,-0.017598262,0.0025061606,-0.00444694,0.002072286447821,-0.0046729727572585,-0.00022685713,0.0019323213,-0.00043291796,0.007345526,0.99831855,True,False,-0.913782716,0.7811685080000003,False,True,,high_dispersed,0.0019455925,0.007358272,3.7820213,
1.0,7753,MCG,0.71778643,-0.6029061,0.6412503719329834,-0.7278851866722107,0.02087486,-0.038752727,0.002391814,-0.0021691353,0.00217648899913,-0.0023914010954904,-0.001953729,-0.0018136335,-0.00060821755,0.0011994356,-0.2753252,True,False,-0.913782716,0.7811685080000003,False,False,,intermediate,0.0026657688,0.0013448324,0.504482,
1.0,7754,MCG,0.7548468,-0.57885754,0.6929597854614258,-0.7473127245903015,-0.0035436729,-0.018332105,0.0011135264,-0.0025146645,0.0008691363828196,-0.0026133945063858,0.00065077556,0.00028161597,0.00016835038,0.0008536531,0.56721514,True,False,-0.913782716,0.7811685080000003,False,False,,intermediate,0.00070909545,0.0008700951,1.2270494,
1.0,7755,dpEX,0.37334222,-0.54542184,0.3103748857975006,-0.6326871514320374,0.03525425,-0.05878402,0.0039006432,-0.0031777385,0.0035839449776133,-0.003541351401473,0.005427592,0.0009651618,0.0022633318,-5.537996e-05,0.9799773,True,False,-0.913782716,0.7811685080000003,False,True,H2,high_hotspot,0.005512739,0.002264009,0.4106868,N2_reaEGC_wntEGC
1.0,7756,MCG,0.7383009,-0.5735515,0.6774170994758606,-0.7363607883453369,0.049708355,-0.0065200278,0.0021510622,-0.0027160328,0.0018841100575995,-0.0029135118685055,-7.507656e-05,-0.0025886593,-0.0015636254,0.0025275336,-0.83481234,True,False,-0.913782716,0.7811685080000003,False,False,,intermediate,0.0025897478,0.0029720953,1.1476389,
1.0,7757,WSN,0.65533817,-0.564258,0.5911555290222168,-0.7125796675682068,0.014999467,-0.01587851,0.0027105068,-0.003710984,0.0023464843179078,-0.0039589127066902,-0.006791454,-0.002500857,0.0010410418,0.0004291706,-0.9992707,True,True,-0.913782716,0.7811685080000003,True,False,L1,low_hotspot,0.0072372737,0.0011260352,0.15558831,
1.0,7758,reaEGC,0.43359578,-0.58866227,0.4286470413208008,-0.6485153436660767,0.049646705,-0.016802203,0.002765636,-0.0038403722,0.0023890456131901,-0.004093173442627,0.0009218377,0.00044041566,-0.005232147,-5.5860033e-05,-0.9068615,True,False,-0.913782716,0.7811685080000003,False,False,,intermediate,0.0010216412,0.005232445,5.1216073,
1.0,7759,cckIN,0.2318865,-0.5535549,0.2130856961011886,-0.6550018787384033,0.009451775,0.018028095,-0.0031536312,0.0032015522,-0.0028370086647133,0.0034935344993902,-0.0067403754,-0.0025823514,0.0024480675,0.0049065636,-0.7370296,True,False,-0.913782716,0.7811685080000003,False,False,,intermediate,0.007218116,0.005483375,0.75966847,
1.0,7761,MCG,0.77364135,-0.58669263,0.7044405341148376,-0.7612504363059998,0.033337887,0.01109549,0.0001903536,-0.0015637109,3.996690840160942e-05,-0.0015770112699223,0.00040912,-0.000422982,-8.5056476e-05,0.0015683117,-0.75538206,True,False,-0.913782716,0.7811685080000003,False,False,,intermediate,0.0005884666,0.0015706165,2.6689987,
1.0,7762,MCG,0.6791433,-0.61085874,0.6102737784385681,-0.7358242869377136,0.02379605,-0.060866516,0.0031201248,-0.0026787524,0.002853686367496,-0.0029691745470294,-0.002092984,-0.0013370594,0.00074716023,-0.0010703648,-0.040917408,True,True,-0.913782716,0.7811685080000003,False,False,,intermediate,0.0024836082,0.0013053465,0.5255847,
1.0,7763,MSN,0.64289653,-0.5893315,0.5832382440567017,-0.7138282656669617,0.033845354,-0.015849123,0.0027071526,-0.0032316505,0.0023890555784517,-0.0034807700968407,-0.005222148,-0.00096290105,0.00039693803,0.0006849805,-0.64996666,True,True,-0.913782716,0.7811685080000003,False,False,,intermediate,0.0053101797,0.00079168053,0.14908734,
1.0,7764,reaEGC,0.5777738,-0.6288346,0.5638245940208435,-0.7099980711936951,0.050139613,0.019469475,0.0033763812,-0.0032760461,0.0030519202267347,-0.0035891303890191,-0.0007296522,-0.001070896,-0.0030167382,0.002546901,-0.10287056,True,True,-0.913782716,0.7811685080000003,False,False,,intermediate,0.0012958436,0.00394809,3.0467334,
1.0,7765,mpEX,0.3567698,-0.5179616,0.3196539878845215,-0.6586109399795532,0.03599322,-0.03769438,0.0030372026,-0.0033992738,0.002702007852624,-0.0036794797852969,0.005390322,0.0024947876,0.0021013718,0.0011825786,0.99687153,True,False,-0.913782716,0.7811685080000003,False,True,H2,high_hotspot,0.005939658,0.0024112768,0.40596223,N2_reaEGC_wntEGC
1.0,7766,reaEGC,0.45082462,-0.54856527,0.4101417660713196,-0.638806164264679,0.05061017,-0.04421667,0.0031777234,-0.0039466126,0.0027896562898756,-0.0042385520567959,0.0027212119,0.0016813262,-0.0051255412,-0.0016026719,-0.9688144,True,False,-0.913782716,0.7811685080000003,True,False,L1,low_hotspot,0.0031987266,0.0053702635,1.6788754,
1.0,7769,WSN,0.6460917,-0.60211957,0.607284426689148,-0.7234964370727539,0.003179769,-0.031191401,0.0022819182,-0.003837807,0.0019070996328339,-0.0040442816454775,-0.0068491907,-0.0022736606,0.0026469068,-0.0009001928,-0.7970898,True,True,-0.913782716,0.7811685080000003,False,False,,intermediate,0.007216713,0.0027957938,0.38740543,
1.0,7770,reaEGC,0.57327616,-0.64402455,0.5451837182044983,-0.7180611491203308,0.020216098,0.035832267,-0.0029018547,0.003980829,-0.002511380394155,0.0042462352742303,-0.0013182289,0.0035871633,-0.00765493,0.0034290715,0.698514,True,True,-0.913782716,0.7811685080000003,False,False,,intermediate,0.0038217101,0.008387878,2.1947968,
1.0,7772,dpEX,0.37580723,-0.54939955,0.3096355199813843,-0.6662217974662781,-0.019361267,-0.034631025,0.0037789461,-0.003122288,0.0034679433755144,-0.0034744186314954,0.005989444,7.7030185e-05,0.0040762867,0.00089856697,0.9792422,True,False,-0.913782716,0.7811685080000003,False,True,H2,high_hotspot,0.0059899394,0.004174151,0.6968603,N2_reaEGC_wntEGC
1.0,7773,sstIN,0.3772322,-0.5650042,0.3222846090793609,-0.6651200652122498,0.020538345,-0.048149545,0.0034778982,-0.0032035492,0.0031600613081265,-0.0035265863642099,0.0053286445,0.0013969343,0.0033096094,0.0021386922,0.95007557,True,False,-0.913782716,0.7811685080000003,False,True,H2,high_hotspot,0.0055087092,0.0039404975,0.71532136,N2_reaEGC_wntEGC
1.0,7775,mpEX,0.2926018,-0.5579015,0.2854193449020386,-0.6616984605789185,0.016741378,-0.009814929,0.0029349888,-0.0036413325,0.0025769299774075,-0.0039109838183537,-0.0030179743,-0.0044374485,0.0028204964,0.0060724756,-0.98683697,True,False,-0.913782716,0.7811685080000003,True,False,L3,low_hotspot,0.005366481,0.006695533,1.247658,
1.0,7777,reaEGC,0.44290897,-0.5799439,0.4491873383522033,-0.6558956503868103,0.099830285,0.029748186,0.0025648884,-0.003906397,0.002182606981791,-0.0041397607062488,-0.000985753,0.00039660963,-0.00012430691,0.0007250908,0.52465457,True,False,-0.913782716,0.7811685080000003,False,False,,intermediate,0.001062548,0.000735669,0.692363,
1.0,7780,MCG,0.684421,-0.59640807,0.6390042901039124,-0.7346031665802002,0.039342564,0.009914635,0.0028788992,-0.0033060769,0.0025531311037808,-0.0035714131174112,-0.003377698,-0.0005221737,-0.0016693486,0.0028863943,0.36251825,True,False,-0.913782716,0.7811685080000003,False,False,,intermediate,0.0034178223,0.003334366,0.975582,
1.0,7782,MCG,0.7565086,-0.59094834,0.6850539445877075,-0.7407349944114685,0.022594798,-0.031401888,0.0007147816,-0.0017433255,0.0005455352757315,-0.0018062936230131,-0.0014019859,-0.002428594,-0.00030448058,0.002146153,-0.78723735,True,False,-0.913782716,0.7811685080000003,False,False,,intermediate,0.002804217,0.0021676442,0.77299446,
1.0,7783,reaEGC,0.40149188,-0.5663175,0.3598604202270508,-0.6673943996429443,0.04705358,-0.06801811,0.0036820315,-0.0033148332,0.0033528908541264,-0.0036570729499571,0.008784657,0.00051873934,-0.0023418672,0.0033168409,-0.5276189,True,False,-0.913782716,0.7811685080000003,False,False,,intermediate,0.00879996,0.004060268,0.4613962,
1.0,7784,WSN,0.7027583,-0.59352505,0.6069190502166748,-0.73175448179245,0.012870325,-0.027865127,0.0030357544,-0.002620619,0.0027751507064107,-0.0029031428184889,-0.0012648362,-0.0017884427,-0.0010541715,0.00082028046,-0.04568521,True,True,-0.913782716,0.7811685080000003,False,False,,intermediate,0.0021905107,0.0013357161,0.6097738,
1.0,7785,dpEX,0.35783452,-0.54933846,0.3096961081027984,-0.657815158367157,-0.00024216282,-0.049719263,0.0037659628,-0.0031945275,0.0034480812654588,-0.0035451864963302,0.0045103366,-0.0016373661,0.004393948,0.0028436058,0.6037413,True,False,-0.913782716,0.7811685080000003,False,False,,intermediate,0.004798344,0.00523382,1.0907555,
1.0,7786,WSN,0.6643417,-0.5764934,0.6160542964935303,-0.7113557457923889,0.0022072182,-0.027290596,0.002557571,-0.003731851,0.0021920322501227,-0.0039650643074701,-0.003327077,-0.0038561048,0.00034059092,-0.00039791447,0.15040813,True,True,-0.913782716,0.7811685080000003,False,False,,intermediate,0.005093033,0.00052377296,0.10284107,
1.0,7787,MCG,0.3203489,-0.54860187,0.2990417182445526,-0.661659300327301,0.015192595,-0.012893725,0.0028501258,-0.0034611481,0.0025095943312315,-0.0037232389686786,-0.0031147718,-0.003191327,0.006313494,0.007338919,-0.9980269,True,False,-0.913782716,0.7811685080000003,True,False,L3,low_hotspot,0.0044594137,0.009680905,2.170892,
1.0,7788,reaEGC,0.44400764,-0.62544084,0.4375913143157959,-0.6660288572311401,0.058332358,-0.023284266,0.003664089,-0.0037046135,0.0032976681980239,-0.0040439049105901,2.0476553e-05,1.9358407e-05,0.0004059755,0.0012256281,0.8806347,True,False,-0.913782716,0.7811685080000003,False,True,,high_dispersed,2.8178665e-05,0.0012911159,45.818916,
1.0,7789,reaEGC,0.5607979,-0.6305442,0.5402134656906128,-0.7014091610908508,0.06507027,0.0015807992,0.0031298513,-0.0039365697,0.0027428972456969,-0.0042239552105812,0.0014461431,0.0029284817,-0.009775684,0.0048930994,0.0053862473,True,True,-0.913782716,0.7811685080000003,False,False,,intermediate,0.0032660887,0.0109319,3.3470922,
1.0,7790,WSN,0.62628824,-0.6413002,0.5667619705200195,-0.7245790958404541,0.04997825,-0.042277146,0.002725926,-0.0029384326,0.002435856732511,-0.0031902756179609,-0.00993704,-0.0012286972,0.0014113286,0.00084377377,-0.9147858,True,True,-0.913782716,0.7811685080000003,True,False,L1,low_hotspot,0.010012714,0.0016443243,0.16422363,
1.0,7791,WSN,0.71770954,-0.5990963,0.6757650971412659,-0.7459827065467834,-0.0032134582,-0.029274555,0.0023713326,-0.0024309598,0.0021309923135667,-0.002650437750969,-0.0006222242,-0.0012133985,-0.00062830356,0.0017586828,-0.68444306,True,False,-0.913782716,0.7811685080000003,False,False,,intermediate,0.0013636345,0.0018675466,1.369536,
1.0,7792,reaEGC,0.47890466,-0.54471385,0.4434625506401062,-0.6520847678184509,0.05599692,-0.015087684,0.0036744806,-0.0035170454,0.0033259940563363,-0.0038579239449538,0.0024042402,-0.00019817354,-0.0016408786,-0.0015409467,-0.67025644,True,False,-0.913782716,0.7811685080000003,False,False,,intermediate,0.0024123937,0.0022509997,0.93309796,
1.0,7793,MCG,0.4597541,-0.5397152,0.3934457004070282,-0.6612116694450378,0.02589863,-0.04065652,0.002665045,-0.004128909,0.0022611333373759,-0.0043711646417591,6.0103604e-05,0.0026321355,0.0019303279,0.0053224415,0.9476211,True,False,-0.913782716,0.7811685080000003,False,True,,high_dispersed,0.0026328217,0.0056616734,2.1504204,
1.0,7796,reaEGC,0.4523605,-0.5610447,0.3953920602798462,-0.6715618968009949,0.05785634,-0.019631572,0.0023802267,-0.0045282645,0.0019389598694004,-0.004741977600258,0.003367123,0.0038660683,-0.003306305,-0.0032298528,-0.9967562,True,False,-0.913782716,0.7811685080000003,True,False,L1,low_hotspot,0.0051267925,0.0046220776,0.90155345,
1.0,7798,reaEGC,0.57976437,-0.618945,0.5525751709938049,-0.7105135321617126,-0.01132384,-0.023355117,0.0031062444,-0.0034843057,0.0027626866619342,-0.0037708567970348,0.00044508095,0.0020402388,-0.0065009356,0.006338611,0.5294651,True,True,-0.913782716,0.7811685080000003,False,False,,intermediate,0.0020882222,0.009079656,4.3480315,
1.0,7799,VLMC,0.7458506,-0.6002601,0.6999660730361938,-0.736283004283905,-0.01044033,0.018486973,-0.0009982415,0.0017977313,-0.0008228894189638,0.0018876800604698,7.1627335e-05,0.00041627206,0.000119817225,0.0025480392,0.9923945,True,False,-0.913782716,0.7811685080000003,False,True,,high_dispersed,0.0004223895,0.0025508548,6.0391054,
1.0,7802,WSN,0.68933564,-0.6230092,0.6458122730255127,-0.742860734462738,0.06265323,-0.032672577,0.0029113477,-0.0021122624,0.0026998313511198,-0.0023844732384971,-0.002557165,-0.00080805924,-0.00010796064,0.00055479066,-0.11362754,True,False,-0.913782716,0.7811685080000003,False,False,,intermediate,0.0026818002,0.00056519744,0.21075301,
1.0,7803,WSN,0.6389942,-0.60673225,0.5943570137023926,-0.7154741883277893,0.0032097325,-0.043296088,0.0022310903,-0.003872653,0.0018530942783184,-0.0040741488648866,-0.006515779,-0.0007871603,0.000247828,0.00027001978,-0.75966394,True,True,-0.913782716,0.7811685080000003,False,False,,intermediate,0.0065631545,0.00036650975,0.055843536,
1.0,7804,MCG,0.28108206,-0.56619465,0.2496952265501022,-0.6533735990524292,-0.008003882,-0.028737215,0.003028045,-0.0035138568,0.0026819032747729,-0.0037928240266354,-0.0011985135,-0.0033928133,0.003514034,0.0037110874,-0.91367364,True,False,-0.913782716,0.7811685080000003,False,False,,intermediate,0.0035982798,0.005110832,1.4203542,
1.0,7805,cckIN,0.27550873,-0.5610355,0.1776922047138214,-0.6711100339889526,0.008657453,0.0022639153,0.0030243504,-0.003759547,0.0026546859876425,-0.0040373851142099,-0.00065306126,-0.0053670844,0.003098706,0.0039849463,-0.8577855,True,False,-0.913782716,0.7811685080000003,False,False,,intermediate,0.0054066703,0.0050479476,0.93365186,
1.0,7808,reaEGC,0.43418702,-0.54777277,0.3649047911167145,-0.6635055541992188,0.06526522,-0.061716307,0.0029493324,-0.0040851594,0.0025487145653113,-0.0043547844351012,0.0063223517,0.0014470583,-0.004707888,-0.0020573812,-0.9825677,True,False,-0.913782716,0.7811685080000003,True,False,L1,low_hotspot,0.006485839,0.0051378035,0.7921571,
1.0,7809,dpEX,0.39204,-0.56498945,0.3156588971614837,-0.6568570137023926,0.030890713,-0.040756207,0.0035737734,-0.003188192,0.0032571051232494,-0.0035204613220894,0.00628233,0.0019873132,0.00044468342,0.0019785985,0.503329,True,False,-0.913782716,0.7811685080000003,False,False,,intermediate,0.0065891645,0.0020279535,0.30777097,
1.0,7810,WSN,0.61806977,-0.59467685,0.5838276147842407,-0.7307037115097046,0.028960386,-0.021759875,0.0031928155,-0.002902941,0.0029046729073111,-0.0031996188811935,-0.007828674,-0.0009581963,-0.000451675,0.00055249344,0.5341852,True,True,-0.913782716,0.7811685080000003,False,False,,intermediate,0.007887096,0.00071362406,0.09047995,
1.0,7811,mpEX,0.26021957,-0.5633025,0.1791295707225799,-0.666006863117218,-0.016699307,-0.00886912,-0.002931533,0.003609377,-0.0025765459613442,0.0038787980573465,-0.002741749,-0.004147594,0.0028396652,0.0035649023,-0.996083,True,False,-0.913782716,0.7811685080000003,True,False,L3,low_hotspot,0.004971893,0.0045576557,0.91668415,
1.0,7812,WSN,0.6411654,-0.6318753,0.5861852169036865,-0.7254713773727417,0.0025083337,-0.04607425,0.0026219059,-0.0028669974,0.0023390074916158,-0.0031091017806716,-0.004660445,-0.0017448269,0.0038383843,0.000920706,-0.99246764,True,True,-0.913782716,0.7811685080000003,True,False,L1,low_hotspot,0.0049763606,0.003947264,0.793203,
1.0,7813,reaEGC,0.48867038,-0.5652138,0.4748774766921997,-0.6621379256248474,0.046828803,-0.0065619885,0.004024016,-0.0027777634,0.003745241924747,-0.0031544559413103,0.0029690156,-0.00044813368,-0.0016206832,-0.0013522117,-0.6636251,True,False,-0.913782716,0.7811685080000003,False,False,,intermediate,0.003002645,0.0021107085,0.70294976,
1.0,7815,MCG,0.29903603,-0.5738171,0.2860929667949676,-0.6680132746696472,-0.016246457,-0.0051996494,-0.002583434,0.004210653,-0.0021719498178293,0.0044448329129382,-0.0039699697,-0.005478095,0.003922237,0.0046070735,-0.99694645,True,False,-0.913782716,0.7811685080000003,True,False,L3,low_hotspot,0.0067653665,0.006050543,0.89434075,
1.0,7817,WSN,0.6404911,-0.5914067,0.6177665591239929,-0.7406395077705383,0.013591726,-0.038589396,0.0027113706,-0.00321888,0.0023944835060161,-0.0034684438923667,-0.007337116,-0.0013406302,0.0038423191,-0.00051692524,-0.9509644,True,True,-0.913782716,0.7811685080000003,True,False,L1,low_hotspot,0.00745859,0.0038769355,0.5197947,
1.0,7818,reaEGC,0.5404654,-0.5943219,0.5639035105705261,-0.6864098906517029,0.028329901,0.0033889618,0.0034545243,-0.002796576,0.0031757447077495,-0.0031186580704317,0.0072593573,-0.0010601047,-0.00368974,-0.00032492823,-0.973014,True,True,-0.913782716,0.7811685080000003,True,False,L1,low_hotspot,0.0073363543,0.0037040196,0.5048856,
1.0,7819,WSN,0.6646439,-0.6317173,0.6418639421463013,-0.7369087934494019,0.024758162,-0.018490529,0.0030032408,-0.002286758,0.0027747198257513,-0.002567220688961,-0.0051899333,-0.0007090446,0.0014672022,0.0011609588,-0.860972,True,False,-0.913782716,0.7811685080000003,False,False,,intermediate,0.005238144,0.0018709644,0.35718077,
1.0,7820,WSN,0.6523206,-0.60607374,0.6091816425323486,-0.7553357481956482,0.020389719,0.008347578,0.0022755708,-0.003645945,0.0019191504795285,-0.0038524169412724,-0.0056299707,-0.0008186933,0.003046307,0.00082426466,-0.99282706,True,True,-0.913782716,0.7811685080000003,True,False,L1,low_hotspot,0.005689185,0.0031558515,0.5547106,
1.0,7821,reaEGC,0.60092294,-0.6347384,0.5647072792053223,-0.7234033942222595,0.0511367,0.00026236934,0.0033848546,-0.003125556,0.0030747821799233,-0.0034399267419538,-0.00287865,0.00010694763,0.00096,0.001552214,-0.49406222,True,True,-0.913782716,0.7811685080000003,False,False,,intermediate,0.0028806361,0.0018250941,0.6335733,
1.0,7822,reaEGC,0.461123,-0.5471046,0.44715416431427,-0.6497650146484375,0.042763203,-0.02353446,0.0027419485,-0.004336998,0.0023178616257068,-0.0045859633067601,0.0011965568,0.0023608042,-0.0031686148,-0.00056175847,-0.60085636,True,False,-0.913782716,0.7811685080000003,False,False,,intermediate,0.0026467235,0.0032180264,1.2158529,
1.0,7823,reaEGC,0.57576334,-0.6097812,0.5337427854537964,-0.7226315140724182,0.012126279,-0.040895298,0.0035583542,-0.0031167015,0.003248582548507,-0.0034477194617737,6.137057e-05,-0.002486117,-0.0017371734,0.0025648493,-0.84155107,True,True,-0.913782716,0.7811685080000003,False,False,,intermediate,0.0024868743,0.0030977773,1.2456509,
1.0,7826,reaEGC,0.43048793,-0.5870749,0.414674162864685,-0.6912255883216858,0.05754952,0.0039875833,0.0027376479,-0.0039562723,0.0023500438665112,-0.0042060269070962,0.0058138664,0.0030114118,0.008416222,0.0057830135,0.9923078,True,True,-0.913782716,0.7811685080000003,False,True,,high_dispersed,0.0065474915,0.010211564,1.5596147,
1.0,7827,MCG,0.2839141,-0.5780172,0.2524992525577545,-0.6737444400787354,0.008907182,-0.02256354,0.0026118294,-0.004008822,0.0022195886958815,-0.0042463589852761,-0.0015928394,-0.0042020157,0.0033072464,0.006608818,-0.9948371,True,False,-0.913782716,0.7811685080000003,True,False,L3,low_hotspot,0.0044937814,0.0073901527,1.6445287,
1.0,7829,dpEX,0.33451968,-0.5598389,0.3277194499969482,-0.6950672268867493,-0.011297644,-0.017100913,0.0028785982,-0.0038783422,0.0024980143325208,-0.0041418441986065,-0.0005177761,-0.0022823173,0.0051058265,0.0041055405,-0.78352433,True,False,-0.913782716,0.7811685080000003,False,False,,intermediate,0.0023403128,0.006551712,2.7995026,
1.0,7830,WSN,0.625126,-0.6127435,0.5920056104660034,-0.7351667284965515,0.022587737,0.006609952,0.0031720903,-0.002953626,0.0028791580550493,-0.0032481586352693,-0.008599153,-0.0027590494,0.0033314396,0.0010810572,-0.9999946,True,True,-0.913782716,0.7811685080000003,True,False,L1,low_hotspot,0.009030934,0.0035024525,0.38782835,
1.0,7831,dpEX,0.36859772,-0.57739055,0.3398341536521911,-0.6816161274909973,-0.010616714,-0.062406644,0.0036980892,-0.0028136552,0.0034169051131443,-0.0031590142872081,0.0018679281,0.0013595388,-0.0011217577,0.006825961,0.44956765,True,False,-0.913782716,0.7811685080000003,False,False,,intermediate,0.002310303,0.00691752,2.9942045,
1.0,7832,reaEGC,0.48651856,-0.5529488,0.4356289207935333,-0.6680993437767029,0.06346606,-0.0023828112,0.0041705538,-0.0028344414,0.0038858880469183,-0.0032249917630896,0.0056744185,0.00011139468,-0.00484735,-0.00050838006,-0.99640095,True,False,-0.913782716,0.7811685080000003,True,False,L1,low_hotspot,0.005675512,0.004873936,0.8587659,
1.0,7833,reaEGC,0.5767929,-0.6160979,0.5681402683258057,-0.7190484404563904,0.046388753,-0.029282004,0.002932883,-0.0036895594,0.0025702112976201,-0.0039588568723283,0.0007677081,-0.0005329921,-0.0035973748,-0.0011709147,-0.6045924,True,True,-0.913782716,0.7811685080000003,False,False,,intermediate,0.0009345889,0.0037831399,4.047919,
1.0,7834,dpEX,0.4295091,-0.55973077,0.380501389503479,-0.6840423345565796,0.05898561,-0.064827524,0.0031752926,-0.0032925673,0.0028498834847679,-0.0035863374057908,0.0066545,0.0020096397,-0.006204204,0.0010565083,-0.89518106,True,True,-0.913782716,0.7811685080000003,False,False,,intermediate,0.006951332,0.006293517,0.9053685,
1.0,7835,dpEX,0.32613486,-0.5786571,0.3030777871608734,-0.6726365685462952,0.0011567585,-0.04002785,0.0027664793,-0.0040822704,0.0023667150987921,-0.0043343892908597,-0.0022024973,-0.0059024775,0.008730836,0.005902589,-0.8143596,True,False,-0.913782716,0.7811685080000003,False,False,,intermediate,0.0063000186,0.0105388835,1.6728337,
1.0,7836,dpEX,0.38736725,-0.5675806,0.3255211412906647,-0.6820617318153381,-0.018066345,-0.039502062,0.003716743,-0.0030181103,0.003415915656888,-0.0033646111982274,0.004721588,0.0010989299,0.0014798621,0.0039184615,0.5561773,True,False,-0.913782716,0.7811685080000003,False,False,,intermediate,0.004847787,0.004188596,0.86402225,
1.0,7839,reaEGC,0.402039,-0.590918,0.4270004630088806,-0.6789900660514832,0.05161085,-0.012174357,0.0036492068,-0.0033302691,0.0033186911208619,-0.0036693159824623,0.008106071,0.0024802184,0.00028708624,0.0045879637,0.3517291,True,False,-0.913782716,0.7811685080000003,False,False,,intermediate,0.008477019,0.004596937,0.5422822,
1.0,7840,ribEGC,0.5845877,-0.6390124,0.5634472370147705,-0.719635546207428,0.039849266,0.0039268713,0.003678982,-0.002798672,0.0033992933642318,-0.0031422481776604,-0.0035924648,0.0010784462,-0.0018736549,0.000111374735,0.9731476,True,True,-0.913782716,0.7811685080000003,False,True,,high_dispersed,0.0037508465,0.0018769621,0.50041026,
1.0,7841,reaEGC,0.4897463,-0.55512494,0.455410748720169,-0.6733055710792542,0.055587545,-0.02010543,0.0039953208,-0.0027778733,0.0037166264836876,-0.0031518167854121,0.0044142744,0.0004914502,-0.0040351134,0.0009580362,-0.9414185,True,False,-0.913782716,0.7811685080000003,True,False,L1,low_hotspot,0.004441547,0.004147285,0.9337478,
1.0,7842,dpEX,0.4329552,-0.5940523,0.3608920872211456,-0.6957898736000061,0.03249135,-0.0502456,0.002416807,-0.004114496,0.0020150591444548,-0.0043330185219419,0.0045820493,0.0030827837,-0.00096964807,0.0028207696,0.25817734,True,True,-0.913782716,0.7811685080000003,False,False,,intermediate,0.0055225655,0.0029827768,0.54010713,
1.0,7844,WSN,0.62241125,-0.6356648,0.5524342060089111,-0.7602209448814392,-0.00044802547,-0.034830287,0.003047528,-0.0028531144,0.0027646166329549,-0.0031360324614621,-0.009125592,-0.0010180176,0.001188536,0.0010317671,-0.82317764,True,True,-0.913782716,0.7811685080000003,False,False,,intermediate,0.0091822,0.0015739001,0.17140774,
1.0,7845,dpEX,0.38357347,-0.583797,0.3401867747306824,-0.6928079724311829,-0.0044914884,-0.030898856,0.0035499253,-0.003286528,0.0032239127177097,-0.0036162027164943,0.005218334,0.0004107994,0.00045584716,0.0066959173,0.14600997,True,False,-0.913782716,0.7811685080000003,False,False,,intermediate,0.0052344785,0.006711416,1.2821556,
1.0,7846,reaEGC,0.48629993,-0.59298015,0.4673786163330078,-0.6734462380409241,0.04310489,-0.023086138,0.00410129,-0.00320906,0.0037809583977012,-0.0035917938544559,-0.0007823167,0.0007874644,-0.008348288,0.003738342,0.93317217,True,False,-0.913782716,0.7811685080000003,False,True,,high_dispersed,0.0011100088,0.009147082,8.240549,
1.0,7847,reaEGC,0.44526577,-0.5767392,0.4201374053955078,-0.6794633865356445,0.024553847,-0.054690678,0.0024515544,-0.0040254924,0.0020582224994886,-0.0042476240317985,0.0014531374,0.002405169,-0.0058628535,-0.0035293133,-0.8844692,True,False,-0.913782716,0.7811685080000003,False,False,,intermediate,0.0028100614,0.0068431795,2.435242,
1.0,7848,WSN,0.6680335,-0.6179306,0.6309345364570618,-0.742165744304657,-0.008994184,-0.004085916,-0.0033427137,0.0022788842,-0.003113875950843,0.002591889400187,-0.003419818,-0.0015930084,0.001528343,0.0010971879,-0.9826212,True,False,-0.913782716,0.7811685080000003,True,False,L1,low_hotspot,0.0037726422,0.0018813966,0.4986947,
1.0,7849,mpEX,0.3215858,-0.586892,0.3047965466976166,-0.661583423614502,-0.028744576,-0.017778652,-0.0030285502,0.0037739272,-0.0026574950618565,0.004052122358934,-0.0030557013,-0.0044942517,0.0072230324,0.005449495,-0.94690454,True,False,-0.913782716,0.7811685080000003,True,False,L3,low_hotspot,0.005434667,0.009048159,1.6648966,
1.0,7850,WSN,0.6609472,-0.6040298,0.6485888361930847,-0.7409038543701172,-0.010635362,-0.031901523,0.0025800662,-0.003675522,0.0022198521339637,-0.0039110678564737,-0.005843861,-0.0016493743,0.0019327686,-0.00029197766,-0.9110311,True,False,-0.913782716,0.7811685080000003,False,False,,intermediate,0.0060721617,0.0019546982,0.32191142,
1.0,7851,WSN,0.68179035,-0.6249993,0.604533851146698,-0.7464139461517334,0.034592614,-0.03591645,0.00297008,-0.002245486,0.0027456169427379,-0.0025229024258721,-0.0054896767,-0.0044143875,0.0005418059,-0.0002464344,-0.44991875,True,True,-0.913782716,0.7811685080000003,False,False,,intermediate,0.0070443857,0.0005952172,0.08449526,
1.0,7852,reaEGC,0.4537413,-0.59254456,0.4591984152793884,-0.6741953492164612,0.060282566,-0.019861678,0.0034167028,-0.0035235109,0.0030684102501463,-0.0038396767733705,0.0019665642,0.001790812,-0.0009553121,-0.0024272932,-0.8972976,True,False,-0.913782716,0.7811685080000003,False,False,,intermediate,0.0026597711,0.0026085193,0.9807307,
1.0,7853,WSN,0.58451945,-0.62357366,0.5407280325889587,-0.745921790599823,-0.051341154,-0.021249609,-0.0035206338,0.0031383114,-0.0032089111330072,0.0034656480295942,-0.0036031557,-0.0004206882,0.0063590854,0.0022421286,-0.97529405,True,True,-0.913782716,0.7811685080000003,True,False,L1,low_hotspot,0.0036276313,0.006742782,1.8587285,
1.0,7854,WSN,0.5992077,-0.66349566,0.5410645008087158,-0.75376957654953,0.044874597,0.0023593153,0.0036113313,-0.002321213,0.0033775915003161,-0.0026598152903234,-0.004813348,-6.671273e-05,0.00080742023,-0.00034045576,-0.91596246,True,True,-0.913782716,0.7811685080000003,True,False,L1,low_hotspot,0.0048138103,0.0008762634,0.18203115,
1.0,7855,reaEGC,0.43620467,-0.5885385,0.4194646179676056,-0.6855707168579102,0.055174995,-0.067474686,0.0026351782,-0.0038676187,0.0022563894747357,-0.0041078376130026,0.00490982,0.002661564,-0.0073908507,0.0018210878,-0.73959017,True,True,-0.913782716,0.7811685080000003,False,False,,intermediate,0.0055848234,0.0076119006,1.3629618,
1.0,7856,MCG,0.18077463,-0.56350356,0.1549194008111953,-0.6681734323501587,-0.026061855,0.0052681537,-0.0032506485,0.0030092157,-0.0029521435573529,0.0033110979744648,-0.002237342,-0.0011831725,0.0015677992,0.0015331216,-0.9588788,True,False,-0.913782716,0.7811685080000003,True,False,,low_dispersed,0.002530928,0.0021928193,0.8664092,
1.0,7857,MCG,0.30340582,-0.577783,0.2697027623653412,-0.6812308430671692,-0.021568285,-0.035074547,0.002713514,-0.0041145035,0.0023108293818927,-0.0043614471901954,-0.0034507832,-0.005428924,0.0050532874,0.0066275117,-0.9963703,True,False,-0.913782716,0.7811685080000003,True,False,L3,low_hotspot,0.006432816,0.008334244,1.2955825,
1.0,7860,MCG,0.77334607,-0.6287723,0.6840436458587646,-0.7874157428741455,-0.007462741,-0.0076730438,4.3586154e-10,4.3586154e-10,4.762371405341116e-10,3.927357425922623e-10,-6.3100786e-05,-0.0005516707,0.0010224347,0.0017241869,-0.9125308,True,False,-0.913782716,0.7811685080000003,False,False,,intermediate,0.00055526773,0.002004543,3.6100478,
1.0,7861,dpEX,0.37495345,-0.56591827,0.3178599774837494,-0.6846311688423157,0.041123558,-0.062405705,0.0035071739,-0.003242657,0.0031854985063425,-0.0035683751308255,0.0052679502,0.00058110827,0.0013643239,0.0050808373,0.36366665,True,False,-0.913782716,0.7811685080000003,False,False,,intermediate,0.0052999044,0.0052608256,0.9926265,
1.0,7862,reaEGC,0.5649869,-0.65452963,0.552464485168457,-0.7257582545280457,0.08494729,0.095127985,-0.0025749446,0.0038955086,-0.0021936744468652,0.0041298697719332,-0.0006327413,0.0077836714,-0.007633207,0.0052945353,0.6346403,True,True,-0.913782716,0.7811685080000003,False,False,,intermediate,0.007809347,0.009289669,1.1895577,
1.0,7863,MCG,0.3123148,-0.57811415,0.2435596883296966,-0.6722256541252136,0.0051139756,-0.012001723,0.002857659,-0.0040461905,0.002461063229739,-0.0043071572244095,-0.0034618357,-0.0055514514,0.004889848,0.004529345,-0.9648124,True,False,-0.913782716,0.7811685080000003,True,False,L3,low_hotspot,0.006542394,0.0066652517,1.0187787,
1.0,7864,reaEGC,0.5368315,-0.6987678,0.5241407155990601,-0.7436235547065735,0.052444912,0.035051204,0.0039626914,-0.0014246174,0.0038137269760458,-0.0017997047044981,0.004252272,0.0011010604,0.00049694465,0.0021025606,0.4666177,True,True,-0.913782716,0.7811685080000003,False,False,,intermediate,0.004392511,0.0021604896,0.4918575,
1.0,7865,cckIN,0.31197983,-0.59555256,0.281234472990036,-0.6862614750862122,0.0026046233,0.005601981,-0.0026614717,0.0041208877,-0.0022583397276403,0.0043628261895194,-0.003527193,-0.0058035045,0.005098505,0.0055414303,-0.98052466,True,False,-0.913782716,0.7811685080000003,True,False,L3,low_hotspot,0.0067913,0.0075300867,1.1087842,
1.0,7866,reaEGC,0.47671545,-0.5992551,0.4749280214309692,-0.6745159029960632,0.04463882,0.019901501,0.0039231665,-0.0032655778,0.0035979832247334,-0.0036310710814537,0.0018183154,0.00031364887,-0.0015351003,-0.0014805375,-0.8273104,True,False,-0.913782716,0.7811685080000003,False,False,,intermediate,0.0018451684,0.0021327268,1.155844,
1.0,7867,WSN,0.6585586,-0.62373924,0.6045633554458618,-0.7422960996627808,0.007959914,0.0062306314,0.002918522,-0.002765394,0.002644420397258,-0.003036231537469,-0.006059123,-0.0019612808,0.0028187488,-0.00071504666,-0.84646714,True,True,-0.913782716,0.7811685080000003,False,False,,intermediate,0.0063686413,0.0029080296,0.45661697,
1.0,7868,reaEGC,0.47522748,-0.58085847,0.4227167963981628,-0.7001195549964905,0.050740894,-0.038121518,0.003675491,-0.003434798,0.0033348797439664,-0.0037760327957639,0.004303789,0.00084610377,-0.004184102,-0.0005766557,-0.9983668,True,True,-0.913782716,0.7811685080000003,True,False,L1,low_hotspot,0.004386171,0.0042236526,0.9629476,
1.0,7869,WSN,0.68318343,-0.60838073,0.6291399598121643,-0.7830521464347839,-0.007213296,-0.01284878,0.0031387613,-0.002529079,0.0028866010773532,-0.0028217586011741,-0.003911619,-0.00067892583,-5.170777e-05,-0.0011076629,0.21676786,True,True,-0.913782716,0.7811685080000003,False,False,,intermediate,0.0039701015,0.0011088691,0.27930498,
1.0,7871,MCG,0.30089033,-0.6115273,0.288539856672287,-0.7105294466018677,-0.019335276,0.021578625,-0.0028681795,0.0037851986,-0.002496550626475,0.004047996395045,-0.0002777863,-0.0042029726,0.00601657,0.004401454,-0.64237136,True,False,-0.913782716,0.7811685080000003,False,False,,intermediate,0.0042121424,0.007454657,1.7698017,
1.0,7872,dpEX,0.45525944,-0.59727055,0.3783245086669922,-0.7105498909950256,0.031800155,-0.037591513,0.003498786,-0.0034918534,0.0031532667715745,-0.0038159817777124,0.00093808497,0.0022782919,-0.0017958245,0.00077798154,0.018214954,True,True,-0.913782716,0.7811685080000003,False,False,,intermediate,0.0024638623,0.0019571001,0.794322,
1.0,7873,sstIN,0.35878372,-0.59377575,0.2935869097709656,-0.6803027987480164,-0.04218158,-0.022854984,-0.0034888396,0.0030637502,-0.0031843593894101,0.0033882765127042,0.0012291388,-0.0007382835,0.0058397613,0.0059528206,0.23275842,True,False,-0.913782716,0.7811685080000003,False,False,,intermediate,0.0014338217,0.008338998,5.8159237,
1.0,7875,dpEX,0.4190648,-0.59129256,0.344649076461792,-0.705447793006897,0.042989943,-0.056960426,0.003033812,-0.0035369135,0.0026854434816528,-0.0038163604507572,0.0056131775,0.0020761187,-0.0011429952,0.004752878,0.117982484,True,False,-0.913782716,0.7811685080000003,False,False,,intermediate,0.0059848167,0.0048883827,0.8167974,
1.0,7876,reaEGC,0.5766015,-0.6600164,0.5430190563201904,-0.7601539492607117,0.03387614,-0.015739478,0.0032318563,-0.0032500506,0.0029103413075614,-0.0035493729730801,-0.0025118582,0.00083192106,-0.004485944,0.0020864694,0.9933346,True,True,-0.913782716,0.7811685080000003,False,True,,high_dispersed,0.0026460395,0.004947428,1.8697485,
1.0,7877,reaEGC,0.6201751,-0.6577891,0.5636199712753296,-0.7607316374778748,0.047944393,0.002599481,0.002760389,-0.0024748305,0.0025146188387291,-0.0027314372661662,-0.006530469,0.0006829169,0.00059051474,-0.000996829,-0.59639525,True,True,-0.913782716,0.7811685080000003,False,False,,intermediate,0.0065660793,0.0011586094,0.17645377,
1.0,7878,reaEGC,0.5021751,-0.579403,0.3993075489997864,-0.6963615417480469,0.064875476,-0.07226211,0.0042368304,-0.0025073139,0.0039832907767564,-0.0029052448644523,0.0041315095,0.0016632762,-0.0015003592,-0.0006719876,-0.9992643,True,True,-0.913782716,0.7811685080000003,True,False,L1,low_hotspot,0.0044537466,0.0016439722,0.3691212,
1.0,7880,WSN,0.6481117,-0.6256823,0.5838540196418762,-0.7615621089935303,0.034977265,-0.03240742,0.0026301842,-0.0029782713,0.0023366008578068,-0.003220817646639,-0.0069735423,-0.0023138155,0.0011721968,-0.0010504987,-0.4966431,True,True,-0.913782716,0.7811685080000003,False,False,,intermediate,0.0073473826,0.0015740371,0.214231,
1.0,7881,reaEGC,0.4759071,-0.56991786,0.4370820522308349,-0.6954401135444641,0.05777043,-0.04155742,0.0035078165,-0.0036050263,0.0031514281402798,-0.0039296626790332,0.0057016164,0.001097605,-0.00553153,0.00018250247,-0.9752025,True,True,-0.913782716,0.7811685080000003,True,False,L1,low_hotspot,0.005806304,0.00553454,0.953195,
1.0,7883,reaEGC,0.56070495,-0.66568637,0.5593718886375427,-0.7430792450904846,0.05985399,0.021047913,0.0032744494,-0.002627758,0.0030124087546266,-0.0029331236760447,0.004884617,0.0012711377,-0.0032970204,0.0015420562,-0.7699259,True,True,-0.913782716,0.7811685080000003,False,False,,intermediate,0.0050473036,0.0036398189,0.7211413,
1.0,7884,sstIN,0.3499655,-0.5937872,0.2853884100914001,-0.6829960942268372,-0.048787896,-0.020387482,-0.0035629924,0.003095546,-0.0032552325927518,0.003427075037127,-0.0014568528,-0.0023734518,0.004231017,0.0054111853,-0.99361163,True,False,-0.913782716,0.7811685080000003,True,False,L3,low_hotspot,0.0027849048,0.006868947,2.4664924,
1.0,7885,reaEGC,0.5565314,-0.6437303,0.5408753752708435,-0.7323288321495056,0.048608836,0.036978144,0.0027766116,-0.0040368126,0.0023811698143277,-0.0042900454151938,0.0046298164,0.0006881742,-0.0038318974,0.0015989677,-0.8562288,True,True,-0.913782716,0.7811685080000003,False,False,,intermediate,0.004680682,0.0041521243,0.8870768,
1.0,7886,WSN,0.74913234,-0.6309695,0.677499532699585,-0.7679314017295837,0.014531257,-0.03432459,0.000290007,-0.00093560515,0.0001994714764735,-0.0009604328574644,-8.716901e-05,-0.00039714723,-0.000784232,0.0021132932,-0.84114236,True,False,-0.913782716,0.7811685080000003,False,False,,intermediate,0.00040660097,0.0022541136,5.543798,
1.0,7887,WSN,0.63087785,-0.6698837,0.6182987093925476,-0.791472852230072,-0.025253704,-0.026295075,0.002435978,-0.0011087649,0.0023220853943721,-0.001338606525034,-0.007852451,-0.0018125589,0.003199339,0.0007329605,-0.9999987,True,True,-0.913782716,0.7811685080000003,True,False,L1,low_hotspot,0.00805893,0.003282225,0.40727803,
1.0,7888,dpEX,0.39389086,-0.5930536,0.3435885906219482,-0.7023364901542664,0.004837962,-0.0418761,0.003718362,-0.0031297717,0.0034068334993093,-0.0034760753733464,0.0057176985,-0.00020121165,-0.0003621462,0.007234148,-0.08509238,True,False,-0.913782716,0.7811685080000003,False,False,,intermediate,0.005721238,0.007243207,1.266021,
1.0,7889,dpEX,0.3747512,-0.6073246,0.3329790830612182,-0.7195572257041931,0.014334072,-0.020399543,0.0033356466,-0.003124275,0.0030258520772609,-0.003433936163381,0.002863606,-0.0028417928,0.00426861,0.006750454,-0.21599607,True,False,-0.913782716,0.7811685080000003,False,False,,intermediate,0.0040343557,0.007986843,1.9797071,
1.0,7891,reaEGC,0.51876426,-0.67872375,0.527922511100769,-0.7508301138877869,0.050045274,0.026288198,0.004221383,-0.002643338,0.0039548625318409,-0.0030393601200504,0.0071468153,0.000116646486,-0.0016490481,0.002486741,-0.5389874,True,True,-0.913782716,0.7811685080000003,False,False,,intermediate,0.007147767,0.0029838297,0.4174492,
1.0,7892,reaEGC,0.4493479,-0.6034877,0.4056664109230041,-0.7063246369361877,0.03440927,-0.008273178,0.003321377,-0.0034541464,0.0029800295820477,-0.0037614000220612,0.0031110696,0.0044041793,0.005391919,0.006059757,0.9937184,True,True,-0.913782716,0.7811685080000003,False,True,,high_dispersed,0.0053921747,0.008111316,1.5042754,
1.0,7894,reaEGC,0.5678104,-0.68412745,0.5483620762825012,-0.7605705857276917,0.058295216,-0.030964509,0.0037928123,-0.0015282419,0.003634457788379,-0.0018867297883211,0.0036021185,0.001858656,-0.004238867,0.0009324572,-0.7694054,True,True,-0.913782716,0.7811685080000003,False,False,,intermediate,0.004053376,0.0043402156,1.0707656,
1.0,7895,MCG,0.43004125,-0.5908166,0.3950949311256408,-0.7072873711585999,0.04990661,-0.058738217,0.0031673152,-0.0036128683,0.0028112499022306,-0.0039048636600947,0.006760019,0.0019559823,-0.0060343086,0.0033654475,-0.70355844,True,True,-0.913782716,0.7811685080000003,False,False,,intermediate,0.0070373095,0.00690935,0.981817,
1.0,7896,WSN,0.62708956,-0.6380861,0.5630055069923401,-0.7713053822517395,0.015290808,-0.02347088,0.0028452834,-0.0028414612,0.0025641263259703,-0.0031050432626696,-0.0068093985,-0.00017057327,0.0032277517,0.0004260151,-0.9943679,True,True,-0.913782716,0.7811685080000003,True,False,L1,low_hotspot,0.006811535,0.003255744,0.47797507,
1.0,7897,reaEGC,0.5685458,-0.6838757,0.5644307732582092,-0.744399905204773,0.032919478,-0.01977347,0.0037253187,-0.0015135955,0.0035685800454831,-0.0018656644096544,0.0027880066,0.0018675105,-0.0012264062,6.151298e-05,-0.8019108,True,True,-0.913782716,0.7811685080000003,False,False,,intermediate,0.0033556782,0.0012279479,0.36593136,
1.0,7898,reaEGC,0.5749185,-0.68245256,0.5328967571258545,-0.7567709684371948,0.06275466,0.022925464,0.003959872,-0.0013846306,0.0038147465841937,-0.0017595739740785,0.002742564,0.0022078173,-0.003552707,0.00077729847,-0.6269297,True,True,-0.913782716,0.7811685080000003,False,False,,intermediate,0.0035208117,0.0036367457,1.0329282,
1.0,7899,MCG,0.32671344,-0.64576936,0.2923106849193573,-0.7081358432769775,0.029516745,-0.016570872,0.002972835,-0.0036752948,0.0026114035198381,-0.0039484642198757,-0.0012061225,-0.0031360756,0.0063188975,0.00095494423,-0.4944024,True,False,-0.913782716,0.7811685080000003,False,False,,intermediate,0.003360015,0.006390648,1.90197,
1.0,7901,reaEGC,0.46335766,-0.6078438,0.4685313403606415,-0.6961389183998108,0.17267662,0.07191137,0.0035052886,-0.0039430647,0.0031165279426734,-0.0042663924918414,-0.0020290185,0.0008487679,-0.002416007,0.0037601197,0.8233584,True,True,-0.913782716,0.7811685080000003,False,True,,high_dispersed,0.0021993916,0.004469406,2.03211,
1.0,7902,reaEGC,0.48008168,-0.57594955,0.4333021938800812,-0.7125046849250793,0.058843274,-0.055873126,0.003597301,-0.0034268966,0.0032576931686862,-0.0037606666373354,0.0044817002,0.0013457449,-0.003048438,-0.0006139433,-0.9956812,True,True,-0.913782716,0.7811685080000003,True,False,L1,low_hotspot,0.0046793874,0.0031096465,0.66454136,
1.0,7903,MCG,0.4212063,-0.61960804,0.3820091187953949,-0.7140567898750305,0.046064444,-0.06177353,0.0030776379,-0.0031737476,0.0027639184307788,-0.003458538264087,0.007085653,0.00033421823,-0.0014899711,0.004231151,-0.28734085,True,True,-0.913782716,0.7811685080000003,False,False,,intermediate,0.007093531,0.0044858283,0.632383,
1.0,7904,MCG,0.74366856,-0.6354278,0.6879462003707886,-0.7864913940429688,0.03744761,-0.032851364,0.00066091365,-0.0009931563,0.0005636951739667,-0.001053331224007,-0.00052838254,-0.0010476379,0.0010835503,0.00298874,-0.99288976,True,False,-0.913782716,0.7811685080000003,True,False,,low_dispersed,0.0011733428,0.0031790957,2.7094347,
1.0,7905,mpEX,0.33557007,-0.5994484,0.3180782496929168,-0.7040742635726929,0.009247354,-0.013704768,0.0034032653,-0.0032419388,0.003081986540119,-0.0035577058244415,-0.003965737,-0.0049416074,0.006755406,0.005472182,-0.9772561,True,False,-0.913782716,0.7811685080000003,True,False,L3,low_hotspot,0.0063361307,0.008693692,1.3720822,
1.0,7907,WSN,0.65590596,-0.6745795,0.5835756659507751,-0.786121666431427,-0.0027398579,-0.02630162,0.0023099363,-0.00032351693,0.0022716593809083,-0.000543762531786,-0.009285242,-0.0020228906,0.00019568532,0.0016871539,-0.32402265,True,True,-0.913782716,0.7811685080000003,False,False,,intermediate,0.009503042,0.0016984643,0.17872848,
1.0,7908,dpEX,0.3764749,-0.60586375,0.3429600596427917,-0.7059615850448608,-0.0037941122,-0.05386973,0.0033503196,-0.00315663,0.0030373795152196,-0.0034675946732458,0.0044560945,-0.0014809361,0.004984741,0.004226515,0.5198474,True,False,-0.913782716,0.7811685080000003,False,False,,intermediate,0.0046957373,0.006535371,1.3917667,
1.0,7909,MCG,0.29414308,-0.61281466,0.2786512970924377,-0.7050262093544006,0.0054454603,-0.01383651,0.0026859406,-0.0038176377,0.0023117793902426,-0.0040628767204837,-0.0014501442,-0.0037777408,0.0023194682,0.0024521989,-0.9245023,True,False,-0.913782716,0.7811685080000003,True,False,L3,low_hotspot,0.00404651,0.0033753833,0.8341468,
1.0,7910,WSN,0.6545006,-0.62847364,0.6158474087715149,-0.7738926410675049,-0.0105610555,-0.04141536,0.0029543324,-0.002593228,0.0026966093107277,-0.0028680387786002,-0.005676079,-0.0019713645,0.002552659,0.0011128215,-0.9970502,True,True,-0.913782716,0.7811685080000003,True,False,L1,low_hotspot,0.006008673,0.0027846794,0.46344334,
1.0,7911,reaEGC,0.47907764,-0.65259326,0.4623384773731231,-0.7099011540412903,0.06658787,-0.008092542,0.003023815,-0.0041478006,0.0026169620014219,-0.0044243626517925,0.000762681,-0.0018482856,-0.0008234565,0.0014809619,-0.9932676,True,True,-0.913782716,0.7811685080000003,True,False,L1,low_hotspot,0.0019994604,0.0016944996,0.84747845,
1.0,7912,reaEGC,0.4741264,-0.6034747,0.4278036653995514,-0.7059234976768494,0.03609881,-0.04351502,0.0035608988,-0.0036129989,0.0032035793453226,-0.003942694814253,0.0056058983,0.0023124183,-0.0024046984,0.001062028,-0.691582,True,True,-0.913782716,0.7811685080000003,False,False,,intermediate,0.006064106,0.0026287788,0.43349817,
1.0,7914,reaEGC,0.5524411,-0.65375257,0.5444194078445435,-0.7437519431114197,0.045107443,0.03382971,0.0029909322,-0.0029844432,0.0026956195687046,-0.0032615257080037,0.0051953043,0.0018619963,-0.0027876736,0.0005464253,-0.85888946,True,True,-0.913782716,0.7811685080000003,False,False,,intermediate,0.0055188965,0.0028407224,0.5147265,
1.0,7915,MCG,0.39276022,-0.61250144,0.3636589050292969,-0.7349507212638855,0.027616447,-0.043574505,0.003179464,-0.0033583122,0.0028477440907458,-0.0036522744150723,0.0019999142,-0.0032809386,0.0014132235,0.007924869,-0.749236,True,True,-0.913782716,0.7811685080000003,False,False,,intermediate,0.003842423,0.00804989,2.0950036,
1.0,7916,reaEGC,0.5521451,-0.6861995,0.5400701761245728,-0.7521273493766785,0.054343894,0.030956201,0.0036832741,-0.0018307689,0.0034962864394726,-0.0021778097849304,0.005120712,0.0019479035,-0.0032418058,0.0012321672,-0.74735993,True,True,-0.913782716,0.7811685080000003,False,False,,intermediate,0.0054786876,0.0034680746,0.63301194,
1.0,7918,dpEX,0.42461336,-0.6180666,0.37807297706604,-0.7224347591400146,-0.008011754,-0.033730987,0.0031722519,-0.0031358397,0.0028618650766463,-0.003429812974496,0.0036850802,0.00014659444,-0.004835675,0.0071328105,-0.52780366,True,True,-0.913782716,0.7811685080000003,False,False,,intermediate,0.0036879948,0.008617467,2.3366268,
1.0,7919,WSN,0.67058676,-0.6592789,0.598835289478302,-0.7668978571891785,-0.01668569,-0.034617722,0.0029233638,-0.00058034825,0.0028585499758772,-0.0008585431219774,-0.006342082,-0.0016008754,-9.107008e-05,0.00088105554,-0.1437573,True,True,-0.913782716,0.7811685080000003,False,False,,intermediate,0.0065410095,0.00088574976,0.13541484,
1.0,7920,MCG,0.40045202,-0.61907494,0.3806513249874115,-0.7322993874549866,0.055043116,-0.047331538,0.003130697,-0.003024653,0.0028310917101559,-0.0033149966135103,0.0019734926,-0.004458496,-0.0025688796,0.007313542,-0.99688697,True,True,-0.913782716,0.7811685080000003,True,False,,low_dispersed,0.004875742,0.007751583,1.5898263,
1.0,7921,reaEGC,0.5111228,-0.5959285,0.4361912310123443,-0.7264434099197388,0.038911413,-0.04546495,0.0037071502,-0.0026778588,0.0034389453825774,-0.003024514283787,-0.0018104669,0.0048271976,-0.008635959,0.008135891,0.89765114,True,True,-0.913782716,0.7811685080000003,False,True,,high_dispersed,0.0051555433,0.011864758,2.3013594,
1.0,7922,VLMC,0.3251737,-0.6060039,0.2553971707820892,-0.7187051177024841,0.00054949964,-0.017678792,0.0033502865,-0.0033813003,0.0030158256491441,-0.0036915528567223,-0.002362343,-0.003908717,0.0043523293,0.005416438,-0.9911335,True,False,-0.913782716,0.7811685080000003,True,False,L3,low_hotspot,0.004567136,0.006948422,1.5213959,
1.0,7924,WSN,0.67426103,-0.62983596,0.613118588924408,-0.7763002514839172,0.014113247,-0.0344275,0.0032052887,-0.0019783403,0.0030056732509191,-0.0022791299449837,-0.00472945,-0.0032105194,-0.00017937267,0.00028801404,-0.039360322,True,True,-0.913782716,0.7811685080000003,False,False,,intermediate,0.0057162168,0.00033930317,0.059357993,
1.0,7925,reaEGC,0.52375996,-0.67801523,0.5434533357620239,-0.7314572930335999,0.048242923,0.03305422,0.00391845,-0.0025259368,0.003664130824443,-0.0028933117473463,0.0067082704,-0.00012207027,-0.004213249,0.0025358186,-0.86602634,True,True,-0.913782716,0.7811685080000003,False,False,,intermediate,0.006709381,0.004917504,0.7329296,
1.0,7928,MCG,0.70310616,-0.63853574,0.6421340703964233,-0.7941229343414307,-0.013250073,-0.02092287,0.002363298,-0.0010812565,0.0022522697397915,-0.0013042230201868,-0.005672637,-0.0015058018,-0.0050810883,-0.00024879802,0.9779182,True,False,-0.913782716,0.7811685080000003,False,True,,high_dispersed,0.005869093,0.005087176,0.8667738,
1.0,7929,reaEGC,0.5591353,-0.69048357,0.5453987717628479,-0.7801284193992615,0.057640795,-0.0050613657,0.0037411689,-0.0013855282,0.0035966476366981,-0.0017395195052372,0.0039424747,0.0019332556,-0.006146279,0.0003097447,-0.8745625,True,True,-0.913782716,0.7811685080000003,False,False,,intermediate,0.004390966,0.006154079,1.4015318,
1.0,7930,MCG,0.7223699,-0.64753556,0.6420517563819885,-0.8128742575645447,0.011208051,-0.0119815385,0.0013694722,-0.00059157005,0.0013084858494974,-0.0007208839453826,-0.0032184275,-0.0019956362,-0.0012780607,0.00087169145,0.40518513,True,False,-0.913782716,0.7811685080000003,False,False,,intermediate,0.00378693,0.0015470247,0.40851682,
1.0,7931,WSN,0.61752224,-0.7034425,0.5270375609397888,-0.8144548535346985,0.036403067,-0.0034958823,0.002068377,-0.00035729294,0.0020276268772426,-0.000554293291858,-0.005107887,-0.0006773857,9.997818e-05,-0.0013956272,0.060295142,True,True,-0.913782716,0.7811685080000003,False,False,,intermediate,0.0051526073,0.0013992037,0.27155256,
1.0,7932,WSN,0.60606587,-0.67915237,0.5557972192764282,-0.7841526865959167,0.041477583,-0.037575968,0.002191722,-0.001568445,0.0020345676363931,-0.0017734393562428,-0.0066247913,-0.0008710172,0.00072864344,0.0006940049,-0.8078351,True,True,-0.913782716,0.7811685080000003,False,False,,intermediate,0.006681806,0.0010062625,0.15059738,
1.0,7933,mpEX,0.28209108,-0.62688065,0.2431553602218628,-0.7128509879112244,-0.020590242,0.024314651,-0.0026381726,0.0037674147,-0.0022689728959171,0.0040082365577453,0.00017779955,-0.0034338252,0.00073491107,0.002646681,-0.9484199,True,False,-0.913782716,0.7811685080000003,True,False,L3,low_hotspot,0.0034384255,0.002746819,0.79885954,
1.0,7934,reaEGC,0.42063305,-0.6143932,0.4155648946762085,-0.7287617325782776,0.037461188,-0.04789732,0.0028480813,-0.0034177527,0.0025117130971968,-0.0036797845968861,0.0045449957,0.00040036434,-0.0033471142,0.0049048266,-0.4890167,True,True,-0.913782716,0.7811685080000003,False,False,,intermediate,0.0045625954,0.005938055,1.3014643,
1.0,7935,reaEGC,0.54864275,-0.6980319,0.5489963293075562,-0.7506263852119446,0.04807075,0.011112339,0.004028541,-0.0011918955,0.0039016610319953,-0.0015740246708699,0.0049611703,0.0020482335,-0.0027677228,0.0024451173,-0.44006306,True,True,-0.913782716,0.7811685080000003,False,False,,intermediate,0.005367352,0.0036930866,0.6880649,
1.0,7936,MCG,0.7412431,-0.65086246,0.6573272943496704,-0.8130220770835876,-0.019378062,0.013300283,-0.00030301313,0.00027840133,-0.0002753893991378,0.0003065483013293,-0.0022561466,-0.0013520579,0.00067408953,0.0016700893,-0.7977264,True,False,-0.913782716,0.7811685080000003,False,False,,intermediate,0.0026302582,0.0018009983,0.684723,
1.0,7938,WSN,0.628801,-0.6621822,0.5824263095855713,-0.7830858826637268,0.008402044,-0.007799155,0.0025379986,-0.0016836693,0.0023687146371798,-0.0019214695748092,-0.005776154,-0.00050801586,0.0014460159,0.0012009304,-0.8223059,True,True,-0.913782716,0.7811685080000003,False,False,,intermediate,0.005798451,0.0018796797,0.32416928,
1.0,7939,reaEGC,0.5876871,-0.7081243,0.5403690934181213,-0.797692060470581,0.0536211,-0.022019446,0.002078679,-0.00035590885,0.002038028781217,-0.0005539003681464,0.00031471177,0.0015401669,0.00047824756,-0.00076014455,-0.7226679,True,True,-0.913782716,0.7811685080000003,False,False,,intermediate,0.0015719916,0.000898076,0.5712982,
1.0,7940,dpEX,0.4162811,-0.6133754,0.3637357056140899,-0.7409815192222595,0.05005475,-0.06473311,0.0031244045,-0.0032105008,0.0028070169293887,-0.0034996552806003,0.0035237814,-3.607355e-05,-0.0023973251,0.006761279,-0.34381282,True,True,-0.913782716,0.7811685080000003,False,False,,intermediate,0.003523966,0.0071737063,2.035691,
1.0,7941,reaEGC,0.5407921,-0.66562307,0.5620130300521851,-0.7594649195671082,0.05279349,0.0028908565,0.0033406562,-0.0027486116,0.0030668302413081,-0.003059937810568,0.0075095287,0.0007971725,-0.006629817,0.0014316213,-0.94972813,True,True,-0.913782716,0.7811685080000003,True,False,,low_dispersed,0.0075517218,0.006782626,0.8981562,
1.0,7943,CMPN,0.4315999,-0.59385175,0.3650796711444855,-0.7184158563613892,0.013983,-0.020712854,0.002373108,-0.0041104476,0.0019718857558954,-0.0043247969509177,0.0043848827,0.002199524,-0.0066855913,0.002652218,-0.6655222,True,True,-0.913782716,0.7811685080000003,False,False,,intermediate,0.0049056197,0.007192454,1.4661663,
1.0,7944,reaEGC,0.48401234,-0.6166886,0.4632591903209686,-0.7195703983306885,0.03712054,-0.055255562,0.0032701993,-0.003851523,0.0028909489801579,-0.0041526205563162,0.006117723,0.001254671,-0.003894262,-1.5174792e-05,-0.98038584,True,True,-0.913782716,0.7811685080000003,True,False,L1,low_hotspot,0.0062450566,0.0038942916,0.62357986,
1.0,7945,reaEGC,0.48460752,-0.6344414,0.470422625541687,-0.7191289067268372,0.032095663,-0.0820666,0.0030042501,-0.003600689,0.0026498659680039,-0.0038771028928124,0.0035875672,0.0011056918,-0.0036803528,0.004055119,-0.42415142,True,True,-0.913782716,0.7811685080000003,False,False,,intermediate,0.0037540903,0.0054762205,1.4587344,
1.0,7947,MCG,0.6942651,-0.6418356,0.6795015931129456,-0.7979623079299927,0.009148205,-0.061127536,0.0027816514,-0.00095883885,0.0026810294935746,-0.0012222651495026,-0.0044421996,-0.0022472935,-0.0016201274,0.0010386591,0.50756073,True,False,-0.913782716,0.7811685080000003,False,False,,intermediate,0.0049782996,0.0019244805,0.38657388,
1.0,7948,reaEGC,0.4896777,-0.6264936,0.4739090800285339,-0.7052741646766663,0.032139078,-0.053494312,0.003076392,-0.0036490995,0.0027171430444859,-0.0039322711664572,0.0015362584,-0.00033554676,-0.0021385509,0.004191597,-0.6340774,True,True,-0.913782716,0.7811685080000003,False,False,,intermediate,0.0015724762,0.004705623,2.9924922,
1.0,7950,dpEX,0.4398966,-0.61475503,0.4019731879234314,-0.7394600510597229,0.025977375,-0.049547743,0.0034870054,-0.0036661753,0.0031248252991709,-0.0039886252978533,0.004552808,0.0008313363,-0.0036319739,0.004905808,-0.44097278,True,True,-0.913782716,0.7811685080000003,False,False,,intermediate,0.004628086,0.006103948,1.3188926,
1.0,7951,reaEGC,0.6055423,-0.64077246,0.568149745464325,-0.7602840662002563,0.03952173,0.01963347,0.0034655044,-0.0030498153,0.0031624326013998,-0.0033721503069687,-0.008347149,0.0010645074,-0.0033126848,-0.00028246894,0.9776314,True,True,-0.913782716,0.7811685080000003,False,True,,high_dispersed,0.008414754,0.003324706,0.39510438,
1.0,7952,sstIN,0.32759255,-0.61801255,0.2883625030517578,-0.731523334980011,-0.018638594,-0.027147418,0.0030041938,-0.003739546,0.0026365088248293,-0.004015516584127,-0.0029250549,-0.0036404717,0.005348046,0.0053847427,-0.9944802,True,False,-0.913782716,0.7811685080000003,True,False,L3,low_hotspot,0.0046700086,0.0075892718,1.6251087,
1.0,7953,MCG,0.31479058,-0.6165489,0.2639961242675781,-0.7232531309127808,0.004128749,0.014277018,-0.003155659,0.0035212296,-0.0028084084415322,0.0038123975873578,-0.0028422473,-0.004593665,0.0056008687,0.0016837562,-0.74870646,True,False,-0.913782716,0.7811685080000003,False,False,,intermediate,0.0054018633,0.005848484,1.082679,
1.0,7955,WSN,0.6192752,-0.6741982,0.5674076080322266,-0.8013432621955872,0.005182938,-0.025785768,0.0025659062,-0.0010851114,0.002453869340631,-0.0013274733230634,-0.008528104,-0.0023853504,0.0044262144,0.000696022,-0.9931911,True,True,-0.913782716,0.7811685080000003,True,False,L1,low_hotspot,0.008855419,0.004480605,0.5059732,
1.0,7956,MCG,0.7030742,-0.65880704,0.6427132487297058,-0.8029196858406067,0.02423056,-0.02381747,0.0015615306,-0.00041720667,0.0015166403900817,-0.0005654677303242,-0.003927202,-0.0019764975,-0.0027274059,0.00096206495,0.6928338,True,False,-0.913782716,0.7811685080000003,False,False,,intermediate,0.0043965275,0.002892112,0.6578173,
1.0,7957,reaEGC,0.5479368,-0.7059115,0.5264647006988525,-0.7769654393196106,0.06959287,0.013106061,0.003713827,-0.0010897233,0.0035977269588933,-0.0014420287724211,0.0043996912,0.001354058,-0.0027550517,0.0019830717,-0.6038687,True,True,-0.913782716,0.7811685080000003,False,False,,intermediate,0.004603342,0.0033945371,0.7374071,
1.0,7958,reaEGC,0.4598633,-0.64105225,0.4247167110443115,-0.7370555996894836,0.05718579,-0.066569686,0.0033561068,-0.0039412826,0.0029679874893254,-0.0042503260663375,0.0037245557,0.00019040686,-0.00034808234,0.0018267526,-0.13678217,True,True,-0.913782716,0.7811685080000003,False,False,,intermediate,0.0037294195,0.00185962,0.49863523,
1.0,7959,nptxEX,0.3109917,-0.6258733,0.2897751033306122,-0.7448872923851013,-0.017895123,-0.010124564,-0.0032069285,0.0034254098,-0.0028686947074129,0.0037217911208237,-0.0036395693,-0.0031327908,0.0025814609,0.0046285507,-0.9389144,True,False,-0.913782716,0.7811685080000003,True,False,L3,low_hotspot,0.0048021707,0.005299757,1.103617,
1.0,7960,WSN,0.65988,-0.66897017,0.5873234868049622,-0.7791640162467957,0.041187756,-0.03096831,0.0025946281,-0.0004851611,0.002539969296843,-0.000732167035141,-0.0059642945,-0.0017955083,8.859458e-05,0.0012698848,-0.35420728,True,True,-0.913782716,0.7811685080000003,False,False,,intermediate,0.006228696,0.0012729715,0.20437206,
1.0,7961,dpEX,0.43069875,-0.61070645,0.3768820464611053,-0.7461864352226257,0.022644434,-0.04998702,0.0034729613,-0.0034780814,0.0031288428003965,-0.0037997795799238,0.0057095443,0.00084890873,-0.0007744764,0.0044739563,-0.023805693,True,True,-0.913782716,0.7811685080000003,False,False,,intermediate,0.0057723084,0.0045404956,0.78659964,
1.0,7962,WSN,0.6179749,-0.66718805,0.5884373784065247,-0.7932263016700745,0.0434677,0.0040072626,0.00276791,-0.0017391677,0.002592584567586,-0.0019988158883721,-0.007574161,-0.0012429561,0.0035260415,0.00010688175,-0.9912542,True,True,-0.913782716,0.7811685080000003,True,False,L1,low_hotspot,0.0076754712,0.003527661,0.45960188,
1.0,7963,reaEGC,0.5023439,-0.60324484,0.4471922218799591,-0.7334487438201904,0.03663312,-0.015566043,0.0035449348,-0.0030112625,0.0032453053433797,-0.0033413276922883,0.0075613116,0.0020146542,-0.0046041557,-0.0005055278,-0.98861605,True,True,-0.913782716,0.7811685080000003,True,False,L1,low_hotspot,0.007825105,0.0046318257,0.59191865,
1.0,7964,MCG,0.24356824,-0.6453197,0.2528615891933441,-0.7292901277542114,0.011975205,-0.016849417,0.0023027956,-0.0029632864,0.0020116806076546,-0.0031745197549939,0.00018757331,-0.0021241892,0.00048029702,0.00050016824,-0.65756893,True,False,-0.913782716,0.7811685080000003,False,False,,intermediate,0.002132455,0.000693436,0.32518202,
1.0,7965,reaEGC,0.47765073,-0.63918936,0.4720333218574524,-0.7233608961105347,0.07923101,-0.013864927,0.0025795382,-0.004576821,0.0021329913136682,-0.0048094725964625,-0.00074968545,0.0027097363,-0.0014639836,0.002521651,0.9673865,True,True,-0.913782716,0.7811685080000003,False,True,,high_dispersed,0.0028115297,0.0029158143,1.0370917,
1.0,7966,dpEX,0.3534605,-0.64596635,0.3273057043552398,-0.7327933311462402,0.003644921,-0.017898733,0.0035110628,-0.00318258,0.0031951299227751,-0.0035088601300012,-0.000854743,-0.003808208,0.004869022,0.0012864139,-0.46097192,True,False,-0.913782716,0.7811685080000003,False,False,,intermediate,0.003902952,0.0050360933,1.2903293,
1.0,7967,reaEGC,0.4723385,-0.6233107,0.4303942918777466,-0.7176225781440735,0.050044287,-0.018233845,0.0035507823,-0.003549775,0.0031995509054146,-0.003878701467009,0.0041142786,0.0008135573,-0.0021001266,-0.00083104405,-0.9835592,True,True,-0.913782716,0.7811685080000003,True,False,L1,low_hotspot,0.0041939435,0.0022585762,0.53853285,
1.0,7968,sstIN,0.34924495,-0.62658334,0.2979506552219391,-0.7335189580917358,-0.026578791,-0.033037383,0.0033056727,-0.0034764227,0.0029622408782456,-0.0037821017373726,-0.00044128794,-0.0018632836,0.0049310997,0.003124205,-0.7154641,True,False,-0.913782716,0.7811685080000003,False,False,,intermediate,0.0019148266,0.0058374996,3.0485787,
1.0,7969,reaEGC,0.5458152,-0.7279445,0.5562273263931274,-0.7770679593086243,0.061075848,0.0017275063,0.003166496,-0.00013032064,0.0031440228047048,-0.0004332246726134,0.004818579,0.002447639,-0.0011467396,0.0005456983,-0.61046267,True,True,-0.913782716,0.7811685080000003,False,False,,intermediate,0.0054045944,0.00126996,0.23497786,
1.0,7970,mpEX,0.3920896,-0.6228822,0.3521950244903564,-0.7522741556167603,0.04887395,-0.011476599,0.0033900093,-0.0028993532,0.0031015882815693,-0.0032149312600577,0.0032594572,-0.0021586367,-0.00015354749,0.00679183,-0.5708622,True,False,-0.913782716,0.7811685080000003,False,False,,intermediate,0.0039094468,0.0067935656,1.7377306,
1.0,7971,MCG,0.7438961,-0.6481555,0.6499664187431335,-0.8267309665679932,0.04160325,-0.012596223,0.00023632805,-0.00046729654,0.000190820636081,-0.0004884598749739,-0.00039800256,-0.00091745076,0.0012791179,0.0022285357,-0.99376255,True,False,-0.913782716,0.7811685080000003,True,False,,low_dispersed,0.0010000609,0.0025695357,2.569379,
1.0,7972,WSN,0.6204616,-0.7070762,0.5833277106285095,-0.789310872554779,0.042837527,0.013797523,0.0018183426,-0.00013628606,0.0017995512176856,-0.0003100331382044,-0.0065729823,-7.7933764e-05,0.0010544871,-0.00054657616,-0.8823033,True,True,-0.913782716,0.7811685080000003,False,False,,intermediate,0.0065734447,0.0011877241,0.18068518,
1.0,7973,reaEGC,0.59762645,-0.68447804,0.5770182609558105,-0.7801194787025452,0.026002103,0.010933163,0.0031063757,-0.0014077881,0.002961724903373,-0.0017009030239943,-0.004509422,0.0012162043,0.00010402199,0.00023648403,-0.15038942,True,True,-0.913782716,0.7811685080000003,False,False,,intermediate,0.00467055,0.00025835106,0.05531491,
1.0,7974,reaEGC,0.60268426,-0.6757741,0.546646237373352,-0.7935877442359924,0.04806819,0.017870998,0.0027568112,-0.0022083751,0.0025365759156722,-0.0024654798578929,-0.0035707096,0.00015978368,0.00064656243,0.0030395535,-0.16412772,True,True,-0.913782716,0.7811685080000003,False,False,,intermediate,0.0035742829,0.0031075599,0.8694219,
1.0,7975,MCG,0.7400441,-0.6595154,0.6555160284042358,-0.8149612545967102,-0.009412615,-0.0021656407,-0.00021412178,-2.489554e-05,-0.0002158309682621,-4.306506418941317e-06,-0.0022689537,-0.0023083107,0.0005431267,0.0011912249,-0.93970907,True,False,-0.913782716,0.7811685080000003,True,False,,low_dispersed,0.0032367343,0.0013091996,0.40448165,
1.0,7976,reaEGC,0.55902505,-0.7132662,0.5442942380905151,-0.7688645124435425,0.037677556,-0.012326961,0.0036460508,-0.00042039587,0.0035942786266081,-0.0007683207680995,0.0041971593,0.002091568,-0.0018448241,0.00081355317,-0.63896203,True,True,-0.913782716,0.7811685080000003,False,False,,intermediate,0.0046894355,0.0020162452,0.42995477,
1.0,7977,dpEX,0.5135077,-0.58039033,0.4223220348358154,-0.7372170090675354,0.034900013,-0.031703264,0.003918212,-0.002573691,0.0036593192937205,-0.0029408925576588,0.0054665264,0.0014558159,-0.008776367,-0.00054671423,-0.9804502,True,True,-0.913782716,0.7811685080000003,True,False,L1,low_hotspot,0.005657058,0.008793378,1.5544083,
1.0,7978,dpEX,0.3987133,-0.60395837,0.3374280929565429,-0.7300797700881958,0.02911935,-0.06042405,0.002987284,-0.0036569089,0.0026275681075342,-0.0039315203424921,0.0044267876,-0.0011869748,0.0003303204,0.005250127,-0.19782494,True,False,-0.913782716,0.7811685080000003,False,False,,intermediate,0.0045831604,0.005260508,1.1477906,
1.0,7979,reaEGC,0.46799836,-0.6532388,0.4575527906417846,-0.7316918969154358,0.085850425,0.03595015,0.0034465785,-0.004049813,0.0030477777654074,-0.0043671801284402,0.00042599253,-0.00017557581,-0.0024564522,0.0017598729,-0.9735009,True,True,-0.913782716,0.7811685080000003,True,False,L1,low_hotspot,0.00046075645,0.0030218058,6.558358,
1.0,7980,dpEX,0.4345127,-0.6128764,0.3710588812828064,-0.7468735575675964,0.03942033,-0.049575698,0.0036360035,-0.0034157608,0.0032973402610748,-0.0037532732163802,0.005256223,0.0006606256,-0.00559274,0.0063031,-0.56524086,True,True,-0.913782716,0.7811685080000003,False,False,,intermediate,0.0052975756,0.008426613,1.5906546,
1.0,7981,MCG,0.60307395,-0.6769439,0.5454006791114807,-0.8261087536811829,0.016870573,0.0132634,0.0026717072,-0.0020316609,0.0024686676522162,-0.0022811710851034,-0.0059967674,-0.0006595505,0.0024295817,-0.0017164206,-0.74876624,True,True,-0.913782716,0.7811685080000003,False,False,,intermediate,0.006032929,0.0029747214,0.4930808,
1.0,7982,MCG,0.6894605,-0.669498,0.614556074142456,-0.8171922564506531,0.009056898,-0.009016861,0.0019440462,-0.0003068062,0.0019085243324707,-0.0004920563204331,-0.003172046,-0.003053196,-0.0012311978,0.0017388626,-0.14963795,True,True,-0.913782716,0.7811685080000003,False,False,,intermediate,0.004402713,0.0021306083,0.4839308,
1.0,7984,reaEGC,0.5421096,-0.71961975,0.5283028483390808,-0.7926728129386902,0.05784253,-0.0039190995,0.0036214648,-0.0006306749,0.0035496278119206,-0.0009755813110036,0.005741875,0.0018345008,-0.0017866272,0.001914462,-0.4274112,True,True,-0.913782716,0.7811685080000003,False,False,,intermediate,0.0060278126,0.0026186258,0.4344239,
1.0,7985,reaEGC,0.5286663,-0.61284304,0.4529670476913452,-0.7285353541374207,0.04743482,-0.04076053,0.0030718965,-0.0031906348,0.0027565775663938,-0.0034748222336012,0.0063024764,0.0026395957,-0.001227805,-0.0014227016,-0.89508504,True,True,-0.913782716,0.7811685080000003,False,False,,intermediate,0.006832911,0.0018792512,0.27502936,
1.0,7986,reaEGC,0.47841388,-0.6452813,0.4665327668190002,-0.7247362732887268,0.089432865,0.047780573,0.0029389302,-0.0044260263,0.0025056939461833,-0.0046935794775035,-0.00012171771,-0.0028534583,-0.0006118417,0.0047845715,-0.9856156,True,True,-0.913782716,0.7811685080000003,True,False,L1,low_hotspot,0.002856053,0.0048235334,1.6888809,
1.0,7987,reaEGC,0.4756676,-0.65588844,0.4383473396301269,-0.746738076210022,0.05765333,-0.051567357,0.0030015819,-0.004159767,0.0025936526500403,-0.0044341617654267,0.0015981828,0.0012646859,-0.00024695462,0.0018146381,0.5091278,True,True,-0.913782716,0.7811685080000003,False,False,,intermediate,0.0020380428,0.001831365,0.8985901,
1.0,7988,cckIN,0.24088925,-0.63199544,0.1864187270402908,-0.7261789441108704,-0.0006308477,-0.000539246,-0.0029089127,0.00326752,-0.002586743223192,0.0035358529657657,-0.0065713823,-0.0009960141,0.0013340822,0.0014163909,-0.786984,True,False,-0.913782716,0.7811685080000003,False,False,,intermediate,0.006646436,0.0019457488,0.2927507,
1.0,7989,dpEX,0.37244484,-0.63947755,0.39096400141716,-0.7604091763496399,0.033256378,-0.064570025,0.0034328282,-0.0029676876,0.0031377264674624,-0.003287151649252,0.0012940235,-0.0036656207,0.003868933,0.0070505575,-0.66654205,True,True,-0.913782716,0.7811685080000003,False,False,,intermediate,0.003887322,0.008042326,2.0688603,
1.0,7990,MCG,0.6757879,-0.70531666,0.6134891510009766,-0.8030250668525696,-0.011707918,-0.028520063,0.00077320245,-2.85838e-05,0.0007680250657544,-0.0001025578354555,-0.006526067,-0.0027136966,-0.00010358243,0.001280309,-0.30824214,True,True,-0.913782716,0.7811685080000003,False,False,,intermediate,0.007067793,0.0012844923,0.18173881,
1.0,7991,reaEGC,0.47335786,-0.64432657,0.4415156841278076,-0.740557849407196,0.018543199,-0.040450834,0.0030377004,-0.004342974,0.0026121080557513,-0.0046202505050464,0.0041002682,-0.0023327277,-0.002476163,0.0012450423,-0.9986814,True,True,-0.913782716,0.7811685080000003,True,False,L1,low_hotspot,0.004717395,0.0027715543,0.5875179,
1.0,7992,WSN,0.5912595,-0.6947328,0.5553310513496399,-0.8085611462593079,0.012820401,-0.0064395177,0.0023298648,-0.0008114284,0.0022447884430486,-0.0010320436289426,-0.0051652323,0.00058286014,0.0011909109,-0.0007447974,-0.90195525,True,True,-0.913782716,0.7811685080000003,False,False,,intermediate,0.005198014,0.0014046323,0.2702248,
1.0,7993,WSN,0.6193149,-0.6989145,0.5752038955688477,-0.8066307306289673,0.042255852,-0.010259402,0.002061571,-0.0005692681,0.0020005373792723,-0.0007649477118596,-0.0038543134,0.00086578785,0.00096961437,-0.0010814801,-0.8145037,True,True,-0.913782716,0.7811685080000003,False,False,,intermediate,0.003950357,0.0014524983,0.36768785,
1.0,7994,dpEX,0.45193082,-0.6366109,0.3929195404052734,-0.7644088268280029,-0.0030686746,-0.028301068,0.003573293,-0.0035615952,0.0032208584156267,-0.0038926405705157,0.0025097355,-0.0015020033,-0.0010040432,0.003964581,-0.7084733,True,True,-0.913782716,0.7811685080000003,False,False,,intermediate,0.0029248567,0.004089744,1.3982716,
1.0,7995,MCG,0.39808753,-0.63966084,0.3372268080711365,-0.749212920665741,0.038857725,-0.04511894,0.0031629892,-0.0030946033,0.0028565815878128,-0.0033878194047541,0.0066252146,0.00013518459,-9.046813e-05,0.0074567106,0.008269785,True,False,-0.913782716,0.7811685080000003,False,False,,intermediate,0.0066265934,0.0074572596,1.1253535,
1.0,7996,dpEX,0.4220991,-0.6628685,0.4040625393390655,-0.771393358707428,-0.0040824227,-0.017820217,0.0035172517,-0.002965636,0.0032220800880607,-0.0032931934812774,0.0028459064,-0.0041052145,-0.00013886897,0.006143805,-0.8344972,True,True,-0.913782716,0.7811685080000003,False,False,,intermediate,0.0049951947,0.0061453744,1.2302573,
1.0,7997,mpEX,0.3940155,-0.64062345,0.3615849614143371,-0.7536888718605042,0.013588647,-0.06544598,0.0030310103,-0.0031931866,0.0027155758967741,-0.0034734495600414,0.0040234304,-0.0015998351,0.00053433795,0.007616395,-0.30355334,True,True,-0.913782716,0.7811685080000003,False,False,,intermediate,0.004329834,0.0076351156,1.7633737,
1.0,7999,reaEGC,0.59833276,-0.68484867,0.5585653781890869,-0.79728764295578,0.035610735,0.015562436,0.0026185047,-0.0014214563,0.0024740838228651,-0.001667795480481,-0.004477323,0.0012798811,-0.0028051941,0.00029168717,0.9847571,True,True,-0.913782716,0.7811685080000003,False,True,,high_dispersed,0.0046566636,0.0028203183,0.60565215,
1.0,8000,reaEGC,0.46324784,-0.66826636,0.4431500136852264,-0.7538893818855286,0.052779865,-0.05952253,0.0032992596,-0.0035305435,0.0029506638530508,-0.0038354374737208,0.003215113,0.0013576266,-0.00046222037,0.0037252873,0.27261066,True,True,-0.913782716,0.7811685080000003,False,False,,intermediate,0.0034900003,0.003753853,1.0756025,
1.0,8001,MCG,0.34062436,-0.6314274,0.2913158237934112,-0.7458692193031311,0.03282722,-0.039323688,0.0033135614,-0.003542232,0.0029638009525173,-0.0038484591204535,-0.0036458669,-0.0041148574,0.0064936727,0.0036755123,-0.945815,True,False,-0.913782716,0.7811685080000003,True,False,L3,low_hotspot,0.005497672,0.007461714,1.3572497,
1.0,8002,mpEX,0.3518412,-0.65835994,0.3285873532295227,-0.7589357495307922,-0.010290166,-0.020836806,0.0036747165,-0.0031003389,0.0033661450329401,-0.0034425546561238,0.00063048117,-0.0036653571,0.002949533,-0.0002155174,0.24088979,True,False,-0.913782716,0.7811685080000003,False,False,,intermediate,0.0037191866,0.0029573964,0.7951729,
1.0,8004,reaEGC,0.42774537,-0.68613744,0.4384098947048187,-0.7599623799324036,0.061808266,-0.008871201,0.0039501316,-0.0027158232,0.0036775235903773,-0.0030856338612933,-0.00087269256,-0.0024371215,-0.0023656914,0.0036164979,-0.60332143,True,True,-0.913782716,0.7811685080000003,False,False,,intermediate,0.0025886586,0.004321522,1.6694059,
1.0,8006,reaEGC,0.44691765,-0.70047677,0.4426565766334533,-0.7602041363716125,0.053135324,-0.018896947,0.0031931726,-0.0028838776,0.0029068550120306,-0.0031806497621224,0.0021142266,-0.001581169,-0.0029447775,0.00036048217,-0.8676556,True,True,-0.913782716,0.7811685080000003,False,False,,intermediate,0.002640085,0.0029667595,1.1237364,
1.0,8007,reaEGC,0.46709254,-0.6478488,0.4639139175415039,-0.7533559799194336,0.043802027,-0.021276446,0.0037754793,-0.0036452122,0.0034143971367601,-0.0039953608938629,0.0026290119,-0.0015222918,-0.0022068324,0.0033985204,-0.89156127,True,True,-0.913782716,0.7811685080000003,False,False,,intermediate,0.0030379393,0.004052166,1.3338535,
1.0,8008,dpEX,0.43301392,-0.63458276,0.3921384215354919,-0.7418990135192871,0.03380107,-0.028096102,0.0033173976,-0.003328965,0.0029880535843197,-0.0036362323654305,0.003551745,-0.0007240725,-0.0008546759,0.0036187477,-0.4196303,True,True,-0.913782716,0.7811685080000003,False,False,,intermediate,0.0036248,0.0037183068,1.0257964,
1.0,8010,cckIN,0.4830462,-0.62223184,0.4042945504188537,-0.7543747425079346,0.031667154,-0.05347913,0.0033771049,-0.0036186345,0.0030198254137192,-0.0039307072792402,0.0062539186,0.0010925619,-0.0056476537,-0.00012674887,-0.9886939,True,True,-0.913782716,0.7811685080000003,True,False,L1,low_hotspot,0.006348637,0.005649076,0.88980925,
1.0,8011,mpEX,0.34172255,-0.66522694,0.3043771088123321,-0.7407130599021912,0.014502715,-0.012103407,0.0037041768,-0.0034273658,0.0033641868312052,-0.0037713718251393,-0.0027409038,-0.003247709,0.0047449283,-2.2656e-05,-0.64130396,True,False,-0.913782716,0.7811685080000003,False,False,,intermediate,0.0042497255,0.0047449823,1.1165385,
1.0,8012,MCG,0.2879009,-0.63840497,0.2233835309743881,-0.7480421662330627,0.0063440115,0.017986506,-0.0029967593,0.0033299967,-0.002668328046293,0.0036065471923957,-0.0031447413,-0.002133648,0.00064121856,0.0027050648,-0.73717856,True,False,-0.913782716,0.7811685080000003,False,False,,intermediate,0.0038002436,0.0027800247,0.73153853,
1.0,8013,mpEX,0.321392,-0.6649054,0.2979439795017242,-0.7746312022209167,-0.01275155,-0.015832832,0.0036044568,-0.0035386223,0.0032541243326174,-0.003872725248914,-0.0020549353,-0.0031334714,0.0033423123,-0.00086581096,-0.32117414,True,False,-0.913782716,0.7811685080000003,False,False,,intermediate,0.003747186,0.0034526337,0.92139375,
1.0,8016,reaEGC,0.60984945,-0.7026055,0.6155223846435547,-0.7821934819221497,0.0045791306,-0.043509267,0.0022315483,-0.0004230701,0.0021839825738844,-0.0006354929222304,-0.0043958016,0.00013200226,0.0013978848,-0.00045402456,-0.9599351,True,True,-0.913782716,0.7811685080000003,True,False,L1,low_hotspot,0.004397783,0.0014697688,0.33420676,
1.0,8017,reaEGC,0.5229194,-0.6241099,0.437847375869751,-0.7628695368766785,0.048743397,-0.020287344,0.0031702484,-0.003037698,0.0028692687668822,-0.0033317890789306,0.0063190055,0.0014301467,-0.001424984,-0.0007404797,-0.96724284,True,True,-0.913782716,0.7811685080000003,True,False,L1,low_hotspot,0.0064788233,0.0016058921,0.24786787,
1.0,8018,MCG,0.4181984,-0.674472,0.3653315901756286,-0.7657468914985657,0.017690424,-0.022809612,0.003720057,-0.0027933053,0.0034407529021145,-0.0031408328969405,0.0017507575,-0.0036040924,-0.001260799,0.003978484,-0.9894617,True,True,-0.913782716,0.7811685080000003,True,False,,low_dispersed,0.0040068235,0.0041734814,1.0415936,
1.0,8019,reaEGC,0.5389414,-0.63575333,0.4612554907798767,-0.7517778277397156,0.060878642,-0.012226426,0.0033313301,-0.002873334,0.0030455866024087,-0.0031833734795891,0.0054560658,0.0028576287,-0.009107459,0.0007778492,-0.8431561,True,True,-0.913782716,0.7811685080000003,False,False,,intermediate,0.006159115,0.009140616,1.4840795,
1.0,8020,WSN,0.58852494,-0.6974039,0.5570088624954224,-0.8171011805534363,0.038139217,-0.015561525,0.0024543102,-0.00069320033,0.0023801661864431,-0.0009261090338388,-0.0034644748,0.0010814219,0.0005719477,-0.0007371576,-0.8205791,True,True,-0.913782716,0.7811685080000003,False,False,,intermediate,0.003629333,0.00093301956,0.25707743,
1.0,8021,MCG,0.43244058,-0.67184114,0.3566564917564392,-0.7713334560394287,0.02897276,-0.04725657,0.0034491795,-0.0031196175,0.0031394729118484,-0.0034401685031734,0.0058690133,-0.0026976166,-0.00014143063,0.0036438077,-0.45255968,True,True,-0.913782716,0.7811685080000003,False,False,,intermediate,0.006459292,0.0036465514,0.5645435,
1.0,8023,dpEX,0.40414283,-0.6513461,0.37784343957901,-0.7641175389289856,0.03863512,-0.034222603,0.002517844,-0.003626486,0.002162523415995,-0.0038562263746726,0.004131302,-0.0016851331,-0.0016608993,0.006945283,-0.58268225,True,True,-0.913782716,0.7811685080000003,False,False,,intermediate,0.004461763,0.0071411165,1.6005145,
1.0,8024,MCG,0.43004096,-0.67597044,0.3676072359085083,-0.7691230177879333,0.033452943,-0.032253202,0.0036706622,-0.0028865065,0.0033825863111716,-0.0032290085592641,0.0049175946,-0.0023436951,-0.00025449984,0.005108285,-0.47461605,True,True,-0.913782716,0.7811685080000003,False,False,,intermediate,0.005447536,0.005114621,0.9388871,
1.0,8025,dpEX,0.49567795,-0.65616655,0.4163902401924133,-0.7912213206291199,0.039502535,-0.041224066,0.003261517,-0.0037358936,0.0028933701195429,-0.0040365244059639,0.0017831909,-0.0005295526,0.0016067618,0.0012190036,0.5916428,True,True,-0.913782716,0.7811685080000003,False,False,,intermediate,0.00186016,0.0020168424,1.0842305,
1.0,8027,reaEGC,0.47961915,-0.6721465,0.4811833500862121,-0.7592913508415222,0.050893202,0.03874408,0.0029960186,-0.0042919954,0.0025754409473319,-0.0045654399481665,0.00037620738,-0.0018915789,-0.0024745145,0.0049258657,-0.96398306,True,True,-0.913782716,0.7811685080000003,True,False,L1,low_hotspot,0.0019286271,0.0055124746,2.8582375,
1.0,8028,reaEGC,0.5046944,-0.65196526,0.4691982269287109,-0.7579469680786133,-0.012882691,-0.038646165,0.00361927,-0.0026687332,0.0033522164673155,-0.0030069995525619,0.005816014,0.00063508516,-0.0112500265,-0.00025111623,-0.9962658,True,True,-0.913782716,0.7811685080000003,True,False,L1,low_hotspot,0.0058505856,0.011252829,1.923368,
1.0,8029,reaEGC,0.4884446,-0.65743643,0.5162520408630371,-0.7506567239761353,0.01895445,0.021124644,-0.0030891453,0.0040865988,-0.0026879485336633,0.0043696117811677,0.0009969794,0.00055059604,-0.0028610146,0.0040065055,-0.1152846,True,True,-0.913782716,0.7811685080000003,False,False,,intermediate,0.0011389136,0.004923159,4.32268,
1.0,8030,reaEGC,0.47884232,-0.66839355,0.4267473816871643,-0.7717552781105042,0.04506948,-0.033307202,0.002901793,-0.004365631,0.0024744591272997,-0.0046298173508075,0.0005573876,-6.2962e-05,0.0002729042,0.002654699,-0.010041543,True,True,-0.913782716,0.7811685080000003,False,False,,intermediate,0.0005609324,0.0026686892,4.757595,
1.0,8031,reaEGC,0.50281495,-0.63110167,0.4565777778625488,-0.7683543562889099,0.043460455,-0.042096063,0.0038219134,-0.0026525483,0.003555770942003,-0.0030102766192479,0.006331086,0.0010597877,-0.0014332825,0.00061749865,-0.8404662,True,True,-0.913782716,0.7811685080000003,False,False,,intermediate,0.0064191744,0.0015606419,0.2431219,
1.0,8032,CMPN,0.39338654,-0.66120064,0.3238290846347809,-0.7602390050888062,0.010758785,-0.04591008,0.002678839,-0.003671231,0.0023187243649849,-0.0039162516649898,0.0025440892,-0.0036748876,8.40874e-05,0.0045798067,-0.8116113,True,False,-0.913782716,0.7811685080000003,False,False,,intermediate,0.004469585,0.0045805783,1.024833,
1.0,8033,MCG,0.39779615,-0.65871733,0.3725984096527099,-0.7843015789985657,-0.026469959,-0.023689894,-0.0025923373,0.0037773165,-0.0022223337436662,0.0040137166295386,0.0054624015,-0.0013100998,-0.00039053083,0.0044215056,-0.31787738,True,True,-0.913782716,0.7811685080000003,False,False,,intermediate,0.0056173117,0.0044387192,0.7901857,
1.0,8034,MCG,0.31010598,-0.67424655,0.2748099565505981,-0.7565847039222717,0.009391736,-0.014524055,0.0033284589,-0.0032861314,0.0030031829907249,-0.0035945934320938,5.0562325e-05,-0.0024575572,0.0057339603,-0.001315591,0.24362944,True,False,-0.913782716,0.7811685080000003,False,False,,intermediate,0.0024580774,0.005882948,2.393313,
1.0,8036,MCG,0.37651062,-0.6888335,0.3360985517501831,-0.7783923745155334,-0.011687845,0.0008581622,-0.0033780083,0.0031727168,-0.0030634399152941,0.0034862829248745,0.00035695673,-0.0035313084,-0.0005050459,0.0020350725,-0.9898619,True,False,-0.913782716,0.7811685080000003,True,False,,low_dispersed,0.0035493039,0.002096805,0.5907652,
1.0,8037,dpEX,0.48012996,-0.6782969,0.4406498670578003,-0.7915690541267395,0.04675365,-0.05984947,0.0027405166,-0.0042209765,0.00232754779478,-0.0044701708093128,0.0012548154,0.0011263369,0.0017130879,0.0017058415,0.99865943,True,True,-0.913782716,0.7811685080000003,False,True,,high_dispersed,0.001686178,0.0024175537,1.4337475,
1.0,8038,VLMC,0.26356032,-0.6626669,0.2453680336475372,-0.7561594843864441,-0.008805606,0.0061396407,-0.0023795608,0.0030137573,-0.0020833690604833,0.0032321847094741,-0.0006664232,-0.001677319,0.0014360875,0.0003326199,-0.56941265,True,False,-0.913782716,0.7811685080000003,False,False,,intermediate,0.0018048597,0.0014741042,0.8167417,
1.0,8039,reaEGC,0.4775475,-0.68882954,0.426173985004425,-0.7815770506858826,0.042049743,-0.044186596,0.0029678415,-0.0038061775,0.0025938886429315,-0.0040784556937762,0.0019109518,-0.0012579934,1.8795366e-05,0.0017898468,-0.541056,True,True,-0.913782716,0.7811685080000003,False,False,,intermediate,0.0022878558,0.0017899455,0.7823681,
1.0,8040,dpEX,0.4088989,-0.66726553,0.3995611667633056,-0.7865710258483887,0.016059997,-0.04000065,0.0033777226,-0.0030881253,0.0030712580665085,-0.0034019308737595,0.003561528,-0.0018219934,8.451486e-06,0.0061056507,-0.45420665,True,True,-0.913782716,0.7811685080000003,False,False,,intermediate,0.0040005175,0.0061056567,1.5262167,
1.0,8041,reaEGC,0.49609658,-0.66963863,0.4349835515022278,-0.8004011511802673,0.028918408,-0.042232025,0.0035962877,-0.0040048123,0.0032013251761966,-0.004336662002721,0.0033325376,-0.002311693,0.0021484096,0.0017380826,0.28031173,True,True,-0.913782716,0.7811685080000003,False,False,,intermediate,0.004055827,0.002763439,0.6813503,
1.0,8042,MCG,0.45739794,-0.67606556,0.4246830940246582,-0.7850050330162048,0.047132414,-0.034392476,0.003289028,-0.0035141339,0.0029420364870202,-0.0038180995085619,0.0028757006,-0.00023592437,-0.0006590605,0.0041406364,-0.23741327,True,True,-0.913782716,0.7811685080000003,False,False,,intermediate,0.0028853621,0.0041927593,1.4531137,
1.0,8045,mpEX,0.34435815,-0.68668973,0.304814338684082,-0.7787954807281494,0.0038998155,-0.036029384,0.0034576647,-0.0031448966,0.0031455099622939,-0.003466180667199,-0.002813712,-0.0037603586,0.0029681346,0.00068686897,-0.76419705,True,False,-0.913782716,0.7811685080000003,False,False,,intermediate,0.004696517,0.0030465738,0.64868796,
1.0,8046,mpEX,0.40201375,-0.67473805,0.3366475701332092,-0.7916708588600159,0.0019006189,0.00992455,-0.0035224902,0.003155654,-0.0032091004042361,0.0034831137572344,0.0008842493,-0.0036205032,-0.00054699497,0.0047062356,-0.99234223,True,False,-0.913782716,0.7811685080000003,True,False,,low_dispersed,0.003726921,0.004737917,1.2712684,
1.0,8047,mpEX,0.3548101,-0.66698986,0.3207558095455169,-0.7974418997764587,-0.003961057,-0.0069397236,0.0034680238,-0.0033806204,0.0031332566573743,-0.0037021530662567,-0.0006788682,-0.0041196016,0.0015116971,0.0031594597,-0.9602356,True,False,-0.913782716,0.7811685080000003,True,False,,low_dispersed,0.0041751624,0.0035024867,0.8388863,
1.0,8048,mpEX,0.3789822,-0.68529797,0.335984855890274,-0.7811002731323242,0.0286238,-0.045981064,0.003306425,-0.0033248344,0.0029775112623511,-0.0036310636945137,0.0037986406,-0.0027537285,0.0002412928,0.0037720443,-0.5340445,True,False,-0.913782716,0.7811685080000003,False,False,,intermediate,0.0046917684,0.003779754,0.80561393,
1.0,8049,reaEGC,0.47331947,-0.70291066,0.4755520820617676,-0.7897737622261047,0.031694118,-0.033231385,0.0036030677,-0.0025023601,0.0033520020611128,-0.002839599355786,0.0023827245,-0.0011659886,-0.001440762,0.0028235433,-0.7997748,True,True,-0.913782716,0.7811685080000003,False,False,,intermediate,0.0026527166,0.0031698884,1.1949593,
1.0,8050,reaEGC,0.4816269,-0.67409706,0.4289257526397705,-0.7921821475028992,0.051165976,-0.06544784,0.0027964378,-0.00420771,0.0023845634344469,-0.0044623026108641,0.00037429354,0.00087658595,0.0012200546,0.0030006678,0.9998491,True,True,-0.913782716,0.7811685080000003,False,True,,high_dispersed,0.0009531519,0.003239219,3.398429,
1.0,8051,MCG,0.3849042,-0.68354344,0.3658048510551452,-0.7888476252555847,0.007122694,-0.04021439,0.003431231,-0.0031788026,0.0031159118144823,-0.0034974476018749,0.0037475661,-0.003400538,-3.6831977e-06,0.0022576535,-0.6731938,True,True,-0.913782716,0.7811685080000003,False,False,,intermediate,0.005060426,0.0022576565,0.44613963,
1.0,8052,reaEGC,0.50046283,-0.6539927,0.4847774505615234,-0.7675455212593079,0.05457889,-0.021408772,0.003064943,-0.0032887887,0.0027402439576856,-0.0035720004495458,0.0042584473,-0.00011345101,-0.00040047377,0.00067883567,-0.53086954,True,True,-0.913782716,0.7811685080000003,False,False,,intermediate,0.0042599584,0.0007881606,0.18501604,
1.0,8053,MCG,0.48617733,-0.6853348,0.4462798237800598,-0.7955322265625,0.037061438,-0.026967498,0.0035257568,-0.0037465831,0.0031557522655316,-0.0040724914033139,0.0018260885,-0.00070543814,-0.00063056045,0.002705213,-0.56270313,True,True,-0.913782716,0.7811685080000003,False,False,,intermediate,0.0019576114,0.0027777299,1.4189383,
1.0,8054,MCG,0.35615733,-0.67158544,0.3213109076023102,-0.7811841368675232,-0.005468315,-0.006508991,0.0036871803,-0.003165528,0.0033723252094101,-0.0035087319811635,-0.0006408835,-0.003911899,0.0024349731,0.003226472,-0.88509107,True,False,-0.913782716,0.7811685080000003,False,False,,intermediate,0.0039640493,0.00404218,1.0197098,
1.0,8056,reaEGC,0.52549887,-0.679085,0.4675258994102478,-0.7879320979118347,0.046190757,-0.016961277,0.003944604,-0.0024009398,0.0037021759669184,-0.00277121440148,0.0063546635,5.5154404e-05,-0.0015699761,0.0025041325,-0.52381563,True,True,-0.913782716,0.7811685080000003,False,False,,intermediate,0.006354903,0.0029555887,0.46508795,
1.0,8057,MCG,0.4745332,-0.6677047,0.3891322910785675,-0.8057706952095032,0.03722164,-0.0031605498,0.0032132298,-0.004206038,0.0028002006276766,-0.0045005602092852,-0.00028852813,-0.0015335737,-0.001262039,0.003460112,-0.85990536,True,True,-0.913782716,0.7811685080000003,False,False,,intermediate,0.0015604798,0.0036830853,2.3602264,
1.0,8058,reaEGC,0.4530089,-0.702176,0.4610990583896637,-0.8042666912078857,0.05684647,-0.0050597093,0.0033826372,-0.0024754696,0.0031348427638591,-0.0027916788498761,0.0017748962,-0.0014273544,-0.0033777056,0.002208322,-0.995177,True,True,-0.913782716,0.7811685080000003,True,False,,low_dispersed,0.0022776297,0.00403554,1.7718157,
1.0,8060,MCG,0.38278356,-0.68942755,0.3087457716464996,-0.7780312895774841,-0.021519184,-0.028224029,0.0034534167,-0.0032467532,0.0031315186319868,-0.0035673090633207,0.003527195,-0.0032542984,-0.00024858408,0.0036405516,-0.72659606,True,False,-0.913782716,0.7811685080000003,False,False,,intermediate,0.004799121,0.0036490287,0.76035357,
1.0,8061,MCG,0.3773244,-0.7125292,0.3315246701240539,-0.8029106259346008,-0.01383657,-0.011459966,-0.0036976624,0.003085194,-0.0033904692831246,0.0034296554670513,0.0010685953,-0.0031369294,0.00015753855,0.0025745737,-0.9251237,True,False,-0.913782716,0.7811685080000003,True,False,,low_dispersed,0.0033139435,0.0025793891,0.77834433,
1.0,8062,MCG,0.27869844,-0.6884124,0.2098839581012725,-0.7799002528190613,0.0046179295,-0.0027756414,0.0028536736,-0.0028351888,0.0025730909723594,-0.0030995942903127,-0.0008850561,-0.0014568157,0.0017221278,0.00031792975,-0.6657475,True,False,-0.913782716,0.7811685080000003,False,False,,intermediate,0.0017045927,0.0017512292,1.0273592,
1.0,8063,MCG,0.3269487,-0.69899625,0.2789074778556824,-0.793743371963501,0.014709048,-0.025962701,0.0032924498,-0.0029099942,0.0030033172446622,-0.0032161936269064,-0.0011458325,-0.0009299821,0.003332296,-0.00019944142,-0.73741126,True,False,-0.913782716,0.7811685080000003,False,False,,intermediate,0.0014757366,0.003338259,2.2620966,
1.0,8064,MCG,0.49533087,-0.6908798,0.4433517456054687,-0.7999011874198914,0.06677392,-0.07194771,0.0041942215,-0.0033879182,0.0038564641372112,-0.0037789895588466,0.0043455064,-0.0014895505,0.0003349053,0.004940673,-0.2595402,True,True,-0.913782716,0.7811685080000003,False,False,,intermediate,0.004593712,0.0049520102,1.0779976,
1.0,8065,reaEGC,0.5051843,-0.7071494,0.4865829944610595,-0.779914915561676,0.037484173,-0.019252494,0.0042527257,-0.0017672896,0.0040700220888487,-0.0021690779040497,0.004782338,-2.8850947e-05,-0.0032588867,0.0020244096,-0.85261494,True,True,-0.913782716,0.7811685080000003,False,False,,intermediate,0.0047824252,0.0038364797,0.80220383,
1.0,8066,reaEGC,0.5236903,-0.7130825,0.4852180778980255,-0.8079071640968323,0.021298282,-0.023243932,0.0033253664,-0.00069976895,0.0032478451152571,-0.0010160944490194,0.0071349544,0.0014127567,-0.004672744,0.0012241214,-0.89971083,True,True,-0.913782716,0.7811685080000003,False,False,,intermediate,0.0072734766,0.004830425,0.664115,
1.0,8067,MCG,0.45984054,-0.7069578,0.3836149871349334,-0.8050763010978699,0.016232304,-0.029259318,0.0033206956,-0.002179242,0.003101471937525,-0.0024904524699347,0.0038726155,0.0014130692,0.00033897025,0.000629728,0.747092,True,True,-0.913782716,0.7811685080000003,False,False,,intermediate,0.0041223676,0.00071516307,0.17348358,
1.0,8068,MCG,0.34869108,-0.698544,0.3440400660037994,-0.8103803992271423,0.0053969007,-0.0065328744,0.0034806298,-0.0032883836,0.0031546580646939,-0.0036114147802715,-0.00039873522,-0.0027456756,0.0020273358,0.0009799564,-0.5600708,True,False,-0.913782716,0.7811685080000003,False,False,,intermediate,0.0027744775,0.0022517561,0.81159645,
1.0,8069,reaEGC,0.5333391,-0.68639266,0.4675166010856628,-0.7920278906822205,0.054051686,-0.012400799,0.0034841863,-0.0023316706,0.0032498458202781,-0.0026580607973962,0.006962776,0.0024349878,-0.0011282709,0.0032702887,0.0042015654,True,True,-0.913782716,0.7811685080000003,False,False,,intermediate,0.007376274,0.0034594485,0.46899673,
1.0,8070,reaEGC,0.4888845,-0.6991831,0.4625082314014435,-0.7994617819786072,0.055408668,-0.001015451,0.003985075,-0.0027408064,0.0037099634582651,-0.0031138854085354,0.004687547,-0.0013241209,0.0018147579,0.0023022583,0.38225222,True,True,-0.913782716,0.7811685080000003,False,False,,intermediate,0.004870975,0.0029315082,0.6018319,
1.0,8071,sstIN,0.37247413,-0.70541424,0.3769489824771881,-0.808986246585846,-0.021013243,-0.012186856,-0.0036018367,0.0031111892,-0.0032924558990406,0.003446389729801,0.001729436,-0.0030976827,-0.00080112426,0.0016383537,-0.9985207,True,True,-0.913782716,0.7811685080000003,True,False,,low_dispersed,0.003547758,0.0018237332,0.5140523,
1.0,8072,reaEGC,0.4520863,-0.7434522,0.4487782418727875,-0.8159210085868835,0.0069998037,-0.04320881,0.0035033831,-0.0010009917,0.0033964464180611,-0.0013334188722713,0.0050337682,-0.00035555594,-0.0006113857,4.5163102e-05,-0.99999475,True,True,-0.913782716,0.7811685080000003,True,False,,low_dispersed,0.00504631,0.0006130515,0.121485114,
1.0,8073,MCG,0.44909334,-0.7284056,0.4325782656669616,-0.8213643431663513,0.045174595,-0.024640799,0.0034493902,-0.0015699788,0.0032881211493452,-0.0018954389513504,0.0038055053,-0.0013753943,0.0006815225,0.0014697942,0.08725127,True,True,-0.913782716,0.7811685080000003,False,False,,intermediate,0.004046428,0.0016201135,0.40038115,
1.0,8074,reaEGC,0.5231211,-0.6932632,0.4772909283638,-0.8268681168556213,0.012821798,-0.03431478,0.004202245,-0.001978635,0.0039994558546271,-0.0023749211134019,0.006529739,-7.024143e-05,-0.0024108153,0.002851538,-0.6538031,True,True,-0.913782716,0.7811685080000003,False,False,,intermediate,0.006530117,0.0037340727,0.57182324,
1.0,8075,MCG,0.3786741,-0.71333444,0.3604635000228882,-0.817027747631073,0.012152825,-0.02996204,0.0037713689,-0.002980765,0.0034739463810859,-0.0033326162272136,-8.743019e-05,-0.0015410162,-0.0013011303,0.0014131989,-0.6961266,True,True,-0.913782716,0.7811685080000003,False,False,,intermediate,0.0015434944,0.0019209557,1.2445499,
1.0,8076,reaEGC,0.4723661,-0.7353235,0.4602712094783783,-0.8048012852668762,0.044024207,-0.011327871,0.003100327,-0.00092253624,0.0030021770254971,-0.0012166026558335,0.005471017,0.0003710066,0.0030090108,0.0010568213,0.96375734,True,True,-0.913782716,0.7811685080000003,False,True,,high_dispersed,0.005483582,0.0031892033,0.58159125,
1.0,8077,reaEGC,0.5006261,-0.6924345,0.4371019601821899,-0.8105977177619934,0.06803574,-0.06455148,0.0045710513,-0.002778634,0.0042904678256169,-0.0032077236438225,0.0058980226,-0.001693945,0.0005556652,0.004525974,-0.15686613,True,True,-0.913782716,0.7811685080000003,False,False,,intermediate,0.006136458,0.0045599565,0.7430926,
1.0,8078,MCG,0.40794533,-0.7059114,0.4040823578834533,-0.8113935589790344,0.011631992,-0.046545498,0.003954267,-0.0029100266,0.0036630435559991,-0.0032796206491171,0.0029287138,-0.0014636907,-0.0011578043,0.001333755,-0.92398083,True,True,-0.913782716,0.7811685080000003,True,False,,low_dispersed,0.0032741036,0.0017661861,0.5394411,
1.0,8079,MCG,0.34036463,-0.7155281,0.3349983096122741,-0.8148254156112671,-0.004768692,-0.022501828,0.0032308302,-0.0028269421,0.0029498475554472,-0.0031275010902163,0.00030903885,-0.00206499,0.0018240745,0.00047036607,-0.10362756,True,False,-0.913782716,0.7811685080000003,False,False,,intermediate,0.0020879868,0.0018837441,0.90218204,
1.0,8080,reaEGC,0.5303762,-0.68982184,0.4647529125213623,-0.819637656211853,0.060157202,-0.031429794,0.003755428,-0.0022123302,0.0035316632096182,-0.0025650788709678,0.0053719548,0.0011077262,-0.0015684691,0.0023155555,-0.3820517,True,True,-0.913782716,0.7811685080000003,False,False,,intermediate,0.0054849754,0.0027967647,0.50989556,
1.0,8081,reaEGC,0.4958356,-0.7078563,0.4404579997062683,-0.8143693804740906,0.053665474,0.005826588,0.0041343994,-0.001977385,0.0039319441903103,-0.0023671761480286,0.0054277293,-0.0003858332,-0.0013268337,0.0028908753,-0.4805282,True,True,-0.913782716,0.7811685080000003,False,False,,intermediate,0.005441426,0.0031808252,0.5845573,
1.0,8082,MCG,0.42899126,-0.71278137,0.3592771291732788,-0.8356718420982361,0.02667252,-0.03690927,0.003551366,-0.0025902789,0.003292041863355,-0.0029222882480253,0.0059741125,0.0004673757,0.00056514126,0.0014306398,0.43882123,True,True,-0.913782716,0.7811685080000003,False,False,,intermediate,0.005992367,0.001538218,0.25669622,
1.0,8083,reaEGC,0.46884716,-0.7531511,0.4683566391468048,-0.8142945766448975,0.0533612,-0.031203879,0.0021475714,-0.00040758742,0.0021017536911151,-0.0006120150294591,0.0008252401,-0.00026098598,-0.00336903,-0.00039501398,-0.9118544,True,True,-0.913782716,0.7811685080000003,False,False,,intermediate,0.0008655258,0.0033921085,3.9191303,
1.0,8084,reaEGC,0.47071433,-0.6832185,0.4392539858818054,-0.8351088166236877,0.02037355,-0.024054248,0.0029881343,-0.0036559328,0.0026285092149065,-0.0039306288447648,0.0017495387,-0.0011621387,0.0017087853,0.00015340975,0.78016436,True,True,-0.913782716,0.7811685080000003,False,False,,intermediate,0.0021003457,0.0017156579,0.8168455,
1.0,8085,MCG,0.49675918,-0.69541395,0.4117553830146789,-0.8434063792228699,0.041264195,-0.052993327,0.0043174983,-0.0027436286,0.004041067851383,-0.0031485411262866,0.0044253445,-0.00027919724,0.0014163149,0.0024208797,0.44962096,True,True,-0.913782716,0.7811685080000003,False,False,,intermediate,0.004434143,0.002804747,0.63253415,
1.0,8086,reaEGC,0.5099797,-0.71239877,0.491729736328125,-0.8202215433120728,0.06167152,-0.055263344,0.004000985,-0.000983645,0.0038941400810449,-0.0013637916442484,0.007859336,0.00033949278,0.0015582107,0.0025253957,0.5613425,True,True,-0.913782716,0.7811685080000003,False,False,,intermediate,0.007866665,0.0029674305,0.37721583,
1.0,8087,WSN,0.4122061,-0.7146363,0.3760211765766144,-0.8085818290710449,-0.012912199,-0.024745291,0.0037977742,-0.0028988111,0.0035081186652659,-0.0032534502948953,0.0013753083,-0.0008449987,0.0013826162,0.0012742329,0.2717626,True,True,-0.913782716,0.7811685080000003,False,False,,intermediate,0.0016141548,0.0018802385,1.164844,
1.0,8088,reaEGC,0.5216623,-0.7105514,0.4635215401649475,-0.8299302458763123,0.05826476,-0.04454224,0.0039137797,-0.000995613,0.0038060634755628,-0.001367368661308,0.007282637,0.00045491985,0.0008409612,0.0032092296,0.31330144,True,True,-0.913782716,0.7811685080000003,False,False,,intermediate,0.007296832,0.003317585,0.454661,
1.0,8089,WSN,0.35915118,-0.7114161,0.3317975401878357,-0.8185045123100281,0.018939069,-0.0023030755,0.0035225556,-0.0029579692,0.0032281016389549,-0.0032860588423012,0.0015289866,-0.0030433086,0.00014160993,0.0011114585,-0.82965916,True,False,-0.913782716,0.7811685080000003,False,False,,intermediate,0.0034058078,0.0011204433,0.3289802,
1.0,8090,reaEGC,0.49941236,-0.7125195,0.5066416263580322,-0.8050790429115295,0.04306795,0.00060701126,0.0040990477,-0.0013508504,0.0039567191726833,-0.0017392319376349,0.007145628,-0.00060159207,-0.0013442736,0.0012281354,-0.792262,True,True,-0.913782716,0.7811685080000003,False,False,,intermediate,0.007170907,0.0018208206,0.25391775,
1.0,8091,WSN,0.4284552,-0.737947,0.3615021109580993,-0.8367391228675842,0.015352609,-0.028231137,0.0034051433,-0.0016417729,0.0032371367589305,-0.00196276822958,0.001837508,-0.00057769613,5.8910067e-05,6.6753244e-05,0.40635204,True,True,-0.913782716,0.7811685080000003,False,False,,intermediate,0.0019261797,8.903028e-05,0.04622117,
1.0,8092,WSN,0.51156247,-0.7244183,0.4552946090698242,-0.8294091820716858,0.058604628,-0.03659919,0.0035961866,-0.00046438933,0.0035403576824083,-0.0008073990050183,0.007625502,9.542317e-05,-0.002006965,0.0016806491,-0.75858915,True,True,-0.913782716,0.7811685080000003,False,False,,intermediate,0.007626099,0.002617726,0.34325886,
1.0,8093,reaEGC,0.539094,-0.7204523,0.4581226706504822,-0.8502565026283264,0.05391929,-0.011673743,0.0035672197,-0.00047072547,0.0035108752125491,-0.0008109404417861,0.00646224,0.0025746485,-0.0020453818,0.0007821271,-0.7355151,True,True,-0.913782716,0.7811685080000003,False,False,,intermediate,0.006956246,0.0021898197,0.31479904,
1.0,8094,reaEGC,0.4901399,-0.7392043,0.4518036842346191,-0.8363044857978821,0.036148883,-0.0027933847,0.0030891397,-0.0003003779,0.0030506209062299,-0.0005953355399599,0.006247377,-0.00025381794,-0.00092478335,0.0016734768,-0.5188045,True,True,-0.913782716,0.7811685080000003,False,False,,intermediate,0.006252531,0.0019120013,0.30579638,
1.0,8095,WSN,0.45554024,-0.747874,0.4008034467697143,-0.8321384191513062,0.03747351,-0.038090456,0.0032697918,-0.0007181776,0.00319068252507,-0.0010291215820426,0.0051615364,-0.0006991008,9.087649e-05,0.0012172426,-0.060069468,True,True,-0.913782716,0.7811685080000003,False,False,,intermediate,0.005208666,0.0012206301,0.23434602,
1.0,8096,WSN,0.43731758,-0.7525532,0.3918875753879547,-0.845686137676239,-0.004269835,-0.0046978127,0.0031941426,-0.0009267933,0.0030952888813858,-0.0012298327955715,0.0031874576,-0.0009645563,6.277124e-05,4.4954028e-05,0.60952383,True,True,-0.913782716,0.7811685080000003,False,False,,intermediate,0.0033302032,7.720812e-05,0.023184206,
1.0,8097,MCG,0.4729947,-0.7368187,0.4532684087753296,-0.8467782735824585,0.04850938,-0.048556313,0.0030375994,-0.0007027396,0.0029607014043615,-0.0009914908164041,0.004582623,-0.00037850594,2.1245894e-05,-0.00038830616,0.13663983,True,True,-0.913782716,0.7811685080000003,False,False,,intermediate,0.0045982283,0.00038888695,0.08457322,
1.0,8098,MCG,0.39609617,-0.754108,0.32717165350914,-0.8222221732139587,0.027674085,0.0031219427,0.0035810901,-0.0015824992,0.0034182062823147,-0.0019205353126284,-0.00013680678,-0.0005281492,-0.0003391216,-0.0001585858,0.6372183,True,False,-0.913782716,0.7811685080000003,False,False,,intermediate,0.0005455801,0.00037437002,0.6861871,
1.0,8099,MCG,0.39102322,-0.75073147,0.352638840675354,-0.8447930812835693,0.012087266,-0.0498402,0.0037148471,-0.0019469855,0.003516627568511,-0.0022966840769903,0.0002784825,-0.0007783572,-0.0011790744,0.0005726815,-0.7143793,True,False,-0.913782716,0.7811685080000003,False,False,,intermediate,0.00082667556,0.0013107939,1.5856208,
1.0,8100,WSN,0.43459022,-0.7309147,0.3940167427062988,-0.8546826243400574,-0.011171707,-0.005376756,-0.003327023,0.0018373879,-0.0031405252060389,0.0021502830224649,0.0025217733,0.0005365565,0.0012635466,0.00037762587,0.9967401,True,True,-0.913782716,0.7811685080000003,False,True,,high_dispersed,0.002578223,0.0013187688,0.51150304,
1.0,8101,WSN,0.42236727,-0.7384659,0.379648745059967,-0.8588477969169617,-0.023587154,-0.0017907517,-0.0035716223,0.0016162606,-0.0034055343620197,0.0019532832609071,0.0013500553,-0.00049265707,0.00060809584,0.0007818014,0.3061675,True,False,-0.913782716,0.7811685080000003,False,False,,intermediate,0.0014371362,0.0009904514,0.6891841,
1.0,8102,MCG,0.5062015,-0.7147329,0.4464688301086426,-0.8466694951057434,0.027026676,-0.039237034,0.003756138,-0.0012964125,0.0036201058530469,-0.0016521188385956,0.0055932035,5.515525e-05,0.0021333543,0.0017461015,0.7800532,True,True,-0.913782716,0.7811685080000003,False,False,,intermediate,0.0055934754,0.0027568226,0.49286398,
1.0,8103,MCG,0.42141062,-0.74914694,0.3596640825271606,-0.8428576588630676,0.010204144,-0.012178327,0.0032578772,-0.0013047906,0.0031226144539822,-0.001612742609044,0.0012894035,-0.0012134414,-0.0003576995,0.0003204951,-0.9997008,True,True,-0.913782716,0.7811685080000003,True,False,,low_dispersed,0.0017705936,0.00048027706,0.271252,
1.0,8104,MCG,0.39932314,-0.75189954,0.3765133917331695,-0.839668333530426,0.020900682,-0.024842005,0.0037461175,-0.001446187,0.0035957701683821,-0.0018004609376164,0.00040395476,-0.00038581394,-0.00027389097,0.00024127356,-0.99918956,True,True,-0.913782716,0.7811685080000003,True,False,,low_dispersed,0.0005585981,0.00036500575,0.6534318,
1.0,8105,VLMC,0.40806645,-0.7445524,0.3268706500530243,-0.8476793169975281,0.0068250783,-0.05450718,0.0039598863,-0.0014622416,0.003807326695049,-0.0018369415699144,0.003720147,-0.0012533534,-0.0007637648,0.00036731997,-0.99240655,True,False,-0.913782716,0.7811685080000003,True,False,,low_dispersed,0.003925607,0.00084750255,0.21589082,
