source_celltype,target_celltype,count,fraction_within_source,n_source_descendants,n_source_initial,daughter_noise_std,seed,time
EVL,EVL,272,1.0,272,272,0.01,42,0.0
"Presumptive Mesoderm, Presumptive Ectoderm","Presumptive Mesoderm, Presumptive Ectoderm",100,1.0,100,100,0.01,42,0.0
Proliferative Like Cell,Proliferative Like Cell,69,1.0,69,69,0.01,42,0.0
Presumptive Mesoderm,Presumptive Mesoderm,47,1.0,47,47,0.01,42,0.0
Yolk Syncytial Layer,Yolk Syncytial Layer,29,1.0,29,29,0.01,42,0.0
Hypoblast,Hypoblast,24,1.0,24,24,0.01,42,0.0
Margin,Margin,22,1.0,22,22,0.01,42,0.0
EVL,Notochord,72,0.21114369501466276,341,272,0.01,42,0.5
EVL,EVL,58,0.17008797653958943,341,272,0.01,42,0.5
EVL,"Paraxial Mesoderm, Neural Keel",53,0.15542521994134897,341,272,0.01,42,0.5
Yolk Syncytial Layer,Yolk Syncytial Layer,49,1.0,49,29,0.01,42,0.5
EVL,Proliferative Like Cell,40,0.11730205278592376,341,272,0.01,42,0.5
"Presumptive Mesoderm, Presumptive Ectoderm","Segmental Plate, Tail Bud",38,0.29457364341085274,129,100,0.01,42,0.5
EVL,Periderm,37,0.10850439882697947,341,272,0.01,42,0.5
"Presumptive Mesoderm, Presumptive Ectoderm","Presumptive Mesoderm, Presumptive Ectoderm",34,0.26356589147286824,129,100,0.01,42,0.5
EVL,"Presumptive Mesoderm, Presumptive Ectoderm",28,0.08211143695014662,341,272,0.01,42,0.5
EVL,"Segmental Plate, Tail Bud",26,0.07624633431085044,341,272,0.01,42,0.5
"Presumptive Mesoderm, Presumptive Ectoderm","Paraxial Mesoderm, Neural Keel",23,0.17829457364341086,129,100,0.01,42,0.5
"Presumptive Mesoderm, Presumptive Ectoderm",Notochord,22,0.17054263565891473,129,100,0.01,42,0.5
EVL,Presumptive Mesoderm,21,0.06158357771260997,341,272,0.01,42,0.5
Proliferative Like Cell,Notochord,20,0.21739130434782608,92,69,0.01,42,0.5
Proliferative Like Cell,"Segmental Plate, Tail Bud",20,0.21739130434782608,92,69,0.01,42,0.5
Presumptive Mesoderm,Yolk Syncytial Layer,18,0.3333333333333333,54,47,0.01,42,0.5
Proliferative Like Cell,Proliferative Like Cell,15,0.16304347826086957,92,69,0.01,42,0.5
Proliferative Like Cell,"Presumptive Mesoderm, Presumptive Ectoderm",15,0.16304347826086957,92,69,0.01,42,0.5
Margin,Yolk Syncytial Layer,15,0.4838709677419355,31,22,0.01,42,0.5
Proliferative Like Cell,"Paraxial Mesoderm, Neural Keel",14,0.15217391304347827,92,69,0.01,42,0.5
Hypoblast,Notochord,10,0.29411764705882354,34,24,0.01,42,0.5
Presumptive Mesoderm,"Paraxial Mesoderm, Neural Keel",10,0.18518518518518517,54,47,0.01,42,0.5
Hypoblast,"Presumptive Mesoderm, Presumptive Ectoderm",8,0.23529411764705882,34,24,0.01,42,0.5
Presumptive Mesoderm,"Segmental Plate, Tail Bud",7,0.12962962962962962,54,47,0.01,42,0.5
Margin,"Segmental Plate, Tail Bud",6,0.1935483870967742,31,22,0.01,42,0.5
Hypoblast,"Segmental Plate, Tail Bud",6,0.17647058823529413,34,24,0.01,42,0.5
Presumptive Mesoderm,"Presumptive Mesoderm, Presumptive Ectoderm",5,0.09259259259259259,54,47,0.01,42,0.5
"Presumptive Mesoderm, Presumptive Ectoderm",Yolk Syncytial Layer,5,0.03875968992248062,129,100,0.01,42,0.5
Presumptive Mesoderm,Anterior Neural Keel,5,0.09259259259259259,54,47,0.01,42,0.5
Hypoblast,"Paraxial Mesoderm, Neural Keel",5,0.14705882352941177,34,24,0.01,42,0.5
Presumptive Mesoderm,Notochord,5,0.09259259259259259,54,47,0.01,42,0.5
Proliferative Like Cell,Anterior Neural Keel,4,0.043478260869565216,92,69,0.01,42,0.5
"Presumptive Mesoderm, Presumptive Ectoderm",Anterior Neural Keel,4,0.031007751937984496,129,100,0.01,42,0.5
Margin,Margin,4,0.12903225806451613,31,22,0.01,42,0.5
"Presumptive Mesoderm, Presumptive Ectoderm",Presumptive Mesoderm,3,0.023255813953488372,129,100,0.01,42,0.5
Margin,Presumptive Mesoderm,3,0.0967741935483871,31,22,0.01,42,0.5
Presumptive Mesoderm,Periderm,3,0.05555555555555555,54,47,0.01,42,0.5
EVL,Yolk Syncytial Layer,3,0.008797653958944282,341,272,0.01,42,0.5
EVL,Anterior Neural Keel,2,0.005865102639296188,341,272,0.01,42,0.5
Proliferative Like Cell,Presumptive Mesoderm,2,0.021739130434782608,92,69,0.01,42,0.5
Hypoblast,Anterior Neural Keel,2,0.058823529411764705,34,24,0.01,42,0.5
Proliferative Like Cell,Periderm,2,0.021739130434782608,92,69,0.01,42,0.5
Margin,Periderm,2,0.06451612903225806,31,22,0.01,42,0.5
EVL,Hypoblast,1,0.002932551319648094,341,272,0.01,42,0.5
Hypoblast,Periderm,1,0.029411764705882353,34,24,0.01,42,0.5
Hypoblast,Presumptive Mesoderm,1,0.029411764705882353,34,24,0.01,42,0.5
Presumptive Mesoderm,Presumptive Mesoderm,1,0.018518518518518517,54,47,0.01,42,0.5
Margin,Notochord,1,0.03225806451612903,31,22,0.01,42,0.5
Hypoblast,Proliferative Like Cell,1,0.029411764705882353,34,24,0.01,42,0.5
EVL,"Segmental Plate, Tail Bud",208,0.47380410022779046,439,272,0.01,42,1.0
"Presumptive Mesoderm, Presumptive Ectoderm","Segmental Plate, Tail Bud",125,0.6345177664974619,197,100,0.01,42,1.0
EVL,Periderm,117,0.26651480637813213,439,272,0.01,42,1.0
Proliferative Like Cell,"Segmental Plate, Tail Bud",95,0.7089552238805971,134,69,0.01,42,1.0
Yolk Syncytial Layer,Yolk Syncytial Layer,82,0.9647058823529412,85,29,0.01,42,1.0
EVL,"Paraxial Mesoderm, Neural Keel",56,0.1275626423690205,439,272,0.01,42,1.0
EVL,Notochord,38,0.08656036446469248,439,272,0.01,42,1.0
Presumptive Mesoderm,Yolk Syncytial Layer,38,0.4935064935064935,77,47,0.01,42,1.0
Hypoblast,"Segmental Plate, Tail Bud",26,0.5531914893617021,47,24,0.01,42,1.0
"Presumptive Mesoderm, Presumptive Ectoderm",Notochord,23,0.116751269035533,197,100,0.01,42,1.0
"Presumptive Mesoderm, Presumptive Ectoderm",Yolk Syncytial Layer,23,0.116751269035533,197,100,0.01,42,1.0
Margin,Yolk Syncytial Layer,20,0.46511627906976744,43,22,0.01,42,1.0
Presumptive Mesoderm,"Segmental Plate, Tail Bud",19,0.24675324675324675,77,47,0.01,42,1.0
Margin,"Segmental Plate, Tail Bud",18,0.4186046511627907,43,22,0.01,42,1.0
"Presumptive Mesoderm, Presumptive Ectoderm","Paraxial Mesoderm, Neural Keel",16,0.08121827411167512,197,100,0.01,42,1.0
EVL,Yolk Syncytial Layer,15,0.03416856492027335,439,272,0.01,42,1.0
Proliferative Like Cell,"Paraxial Mesoderm, Neural Keel",14,0.1044776119402985,134,69,0.01,42,1.0
Presumptive Mesoderm,Periderm,11,0.14285714285714285,77,47,0.01,42,1.0
Proliferative Like Cell,Notochord,10,0.07462686567164178,134,69,0.01,42,1.0
Proliferative Like Cell,Periderm,7,0.05223880597014925,134,69,0.01,42,1.0
Hypoblast,"Paraxial Mesoderm, Neural Keel",7,0.14893617021276595,47,24,0.01,42,1.0
EVL,Anterior Neural Keel,5,0.011389521640091117,439,272,0.01,42,1.0
Hypoblast,Notochord,5,0.10638297872340426,47,24,0.01,42,1.0
"Presumptive Mesoderm, Presumptive Ectoderm",Periderm,5,0.025380710659898477,197,100,0.01,42,1.0
Proliferative Like Cell,Yolk Syncytial Layer,5,0.03731343283582089,134,69,0.01,42,1.0
Hypoblast,Periderm,5,0.10638297872340426,47,24,0.01,42,1.0
Presumptive Mesoderm,"Paraxial Mesoderm, Neural Keel",5,0.06493506493506493,77,47,0.01,42,1.0
Margin,Periderm,4,0.09302325581395349,43,22,0.01,42,1.0
Presumptive Mesoderm,Notochord,3,0.03896103896103896,77,47,0.01,42,1.0
Proliferative Like Cell,Anterior Neural Keel,3,0.022388059701492536,134,69,0.01,42,1.0
"Presumptive Mesoderm, Presumptive Ectoderm",Anterior Neural Keel,3,0.015228426395939087,197,100,0.01,42,1.0
Yolk Syncytial Layer,Polster,3,0.03529411764705882,85,29,0.01,42,1.0
Hypoblast,Anterior Neural Keel,2,0.0425531914893617,47,24,0.01,42,1.0
Hypoblast,Yolk Syncytial Layer,2,0.0425531914893617,47,24,0.01,42,1.0
"Presumptive Mesoderm, Presumptive Ectoderm",Neural Rod,2,0.01015228426395939,197,100,0.01,42,1.0
Presumptive Mesoderm,Anterior Neural Keel,1,0.012987012987012988,77,47,0.01,42,1.0
Margin,"Paraxial Mesoderm, Neural Keel",1,0.023255813953488372,43,22,0.01,42,1.0
EVL,"Segmental Plate, Tail Bud",282,0.4563106796116505,618,272,0.01,42,1.5
EVL,Periderm,182,0.29449838187702265,618,272,0.01,42,1.5
"Presumptive Mesoderm, Presumptive Ectoderm","Segmental Plate, Tail Bud",124,0.4217687074829932,294,100,0.01,42,1.5
Proliferative Like Cell,"Segmental Plate, Tail Bud",103,0.5364583333333334,192,69,0.01,42,1.5
Yolk Syncytial Layer,Yolk Syncytial Layer,74,0.5362318840579711,138,29,0.01,42,1.5
"Presumptive Mesoderm, Presumptive Ectoderm",Adaxial Cell,72,0.24489795918367346,294,100,0.01,42,1.5
EVL,Adaxial Cell,50,0.08090614886731391,618,272,0.01,42,1.5
EVL,Neural Rod,45,0.07281553398058252,618,272,0.01,42,1.5
"Presumptive Mesoderm, Presumptive Ectoderm",Yolk Syncytial Layer,39,0.1326530612244898,294,100,0.01,42,1.5
Yolk Syncytial Layer,"Yolk Syncytial Layer, Periderm",37,0.26811594202898553,138,29,0.01,42,1.5
Presumptive Mesoderm,Yolk Syncytial Layer,36,0.36,100,47,0.01,42,1.5
Proliferative Like Cell,Adaxial Cell,36,0.1875,192,69,0.01,42,1.5
Hypoblast,"Segmental Plate, Tail Bud",31,0.4492753623188406,69,24,0.01,42,1.5
Yolk Syncytial Layer,Polster,27,0.1956521739130435,138,29,0.01,42,1.5
Presumptive Mesoderm,Periderm,23,0.23,100,47,0.01,42,1.5
EVL,Yolk Syncytial Layer,23,0.0372168284789644,618,272,0.01,42,1.5
Margin,Yolk Syncytial Layer,22,0.34375,64,22,0.01,42,1.5
Proliferative Like Cell,Neural Rod,20,0.10416666666666667,192,69,0.01,42,1.5
Margin,Periderm,18,0.28125,64,22,0.01,42,1.5
Presumptive Mesoderm,"Segmental Plate, Tail Bud",17,0.17,100,47,0.01,42,1.5
"Presumptive Mesoderm, Presumptive Ectoderm",Somite,17,0.05782312925170068,294,100,0.01,42,1.5
Hypoblast,Neural Rod,17,0.2463768115942029,69,24,0.01,42,1.5
Margin,"Segmental Plate, Tail Bud",16,0.25,64,22,0.01,42,1.5
"Presumptive Mesoderm, Presumptive Ectoderm",Neural Rod,15,0.05102040816326531,294,100,0.01,42,1.5
EVL,Notochord,15,0.024271844660194174,618,272,0.01,42,1.5
"Presumptive Mesoderm, Presumptive Ectoderm",Notochord,15,0.05102040816326531,294,100,0.01,42,1.5
Hypoblast,Adaxial Cell,14,0.2028985507246377,69,24,0.01,42,1.5
Proliferative Like Cell,Periderm,13,0.06770833333333333,192,69,0.01,42,1.5
EVL,"Paraxial Mesoderm, Neural Keel",12,0.019417475728155338,618,272,0.01,42,1.5
"Presumptive Mesoderm, Presumptive Ectoderm",Periderm,11,0.03741496598639456,294,100,0.01,42,1.5
Presumptive Mesoderm,Adaxial Cell,10,0.1,100,47,0.01,42,1.5
Proliferative Like Cell,Yolk Syncytial Layer,9,0.046875,192,69,0.01,42,1.5
Proliferative Like Cell,Somite,8,0.041666666666666664,192,69,0.01,42,1.5
Presumptive Mesoderm,Polster,8,0.08,100,47,0.01,42,1.5
EVL,Somite,7,0.011326860841423949,618,272,0.01,42,1.5
Presumptive Mesoderm,Neural Rod,3,0.03,100,47,0.01,42,1.5
Hypoblast,Periderm,3,0.043478260869565216,69,24,0.01,42,1.5
Margin,Neural Rod,3,0.046875,64,22,0.01,42,1.5
EVL,Anterior Neural Keel,2,0.003236245954692557,618,272,0.01,42,1.5
Proliferative Like Cell,"Paraxial Mesoderm, Neural Keel",2,0.010416666666666666,192,69,0.01,42,1.5
Hypoblast,Yolk Syncytial Layer,2,0.028985507246376812,69,24,0.01,42,1.5
Hypoblast,Notochord,2,0.028985507246376812,69,24,0.01,42,1.5
Presumptive Mesoderm,"Paraxial Mesoderm, Neural Keel",2,0.02,100,47,0.01,42,1.5
Margin,Polster,2,0.03125,64,22,0.01,42,1.5
Margin,Optic Vesicle,1,0.015625,64,22,0.01,42,1.5
Margin,Adaxial Cell,1,0.015625,64,22,0.01,42,1.5
Presumptive Mesoderm,Somite,1,0.01,100,47,0.01,42,1.5
Margin,"Paraxial Mesoderm, Neural Keel",1,0.015625,64,22,0.01,42,1.5
Proliferative Like Cell,Notochord,1,0.005208333333333333,192,69,0.01,42,1.5
"Presumptive Mesoderm, Presumptive Ectoderm","Paraxial Mesoderm, Neural Keel",1,0.003401360544217687,294,100,0.01,42,1.5
EVL,Adaxial Cell,332,0.3947681331747919,841,272,0.01,42,2.0
EVL,Neural Rod,269,0.31985731272294887,841,272,0.01,42,2.0
"Presumptive Mesoderm, Presumptive Ectoderm",Adaxial Cell,211,0.5235732009925558,403,100,0.01,42,2.0
Proliferative Like Cell,Adaxial Cell,125,0.4807692307692308,260,69,0.01,42,2.0
Yolk Syncytial Layer,Polster,104,0.5,208,29,0.01,42,2.0
EVL,"Segmental Plate, Tail Bud",98,0.11652794292508918,841,272,0.01,42,2.0
Yolk Syncytial Layer,"Yolk Syncytial Layer, Periderm",81,0.3894230769230769,208,29,0.01,42,2.0
"Presumptive Mesoderm, Presumptive Ectoderm","Segmental Plate, Tail Bud",67,0.1662531017369727,403,100,0.01,42,2.0
EVL,Periderm,64,0.07609988109393578,841,272,0.01,42,2.0
"Presumptive Mesoderm, Presumptive Ectoderm",Neural Rod,60,0.1488833746898263,403,100,0.01,42,2.0
Hypoblast,Adaxial Cell,51,0.5604395604395604,91,24,0.01,42,2.0
Proliferative Like Cell,Neural Rod,48,0.18461538461538463,260,69,0.01,42,2.0
Presumptive Mesoderm,Periderm,44,0.2913907284768212,151,47,0.01,42,2.0
Proliferative Like Cell,"Segmental Plate, Tail Bud",44,0.16923076923076924,260,69,0.01,42,2.0
EVL,Somite,37,0.04399524375743163,841,272,0.01,42,2.0
"Presumptive Mesoderm, Presumptive Ectoderm",Somite,34,0.08436724565756824,403,100,0.01,42,2.0
Presumptive Mesoderm,Adaxial Cell,32,0.2119205298013245,151,47,0.01,42,2.0
Presumptive Mesoderm,Polster,29,0.19205298013245034,151,47,0.01,42,2.0
Margin,Periderm,27,0.313953488372093,86,22,0.01,42,2.0
Hypoblast,Neural Rod,24,0.26373626373626374,91,24,0.01,42,2.0
Presumptive Mesoderm,Neural Rod,24,0.15894039735099338,151,47,0.01,42,2.0
Margin,"Segmental Plate, Tail Bud",23,0.26744186046511625,86,22,0.01,42,2.0
"Presumptive Mesoderm, Presumptive Ectoderm",Notochord,22,0.05459057071960298,403,100,0.01,42,2.0
Proliferative Like Cell,Somite,21,0.08076923076923077,260,69,0.01,42,2.0
Yolk Syncytial Layer,Yolk Syncytial Layer,17,0.08173076923076923,208,29,0.01,42,2.0
Presumptive Mesoderm,"Segmental Plate, Tail Bud",16,0.10596026490066225,151,47,0.01,42,2.0
Margin,Neural Rod,15,0.1744186046511628,86,22,0.01,42,2.0
EVL,Optic Vesicle,12,0.014268727705112961,841,272,0.01,42,2.0
EVL,Notochord,10,0.011890606420927468,841,272,0.01,42,2.0
EVL,Polster,9,0.01070154577883472,841,272,0.01,42,2.0
EVL,Yolk Syncytial Layer,9,0.01070154577883472,841,272,0.01,42,2.0
"Presumptive Mesoderm, Presumptive Ectoderm",Periderm,9,0.022332506203473945,403,100,0.01,42,2.0
Proliferative Like Cell,Periderm,8,0.03076923076923077,260,69,0.01,42,2.0
Proliferative Like Cell,Notochord,7,0.026923076923076925,260,69,0.01,42,2.0
Margin,Yolk Syncytial Layer,7,0.08139534883720931,86,22,0.01,42,2.0
Yolk Syncytial Layer,Periderm,6,0.028846153846153848,208,29,0.01,42,2.0
Proliferative Like Cell,Neural Crest,6,0.023076923076923078,260,69,0.01,42,2.0
Margin,Polster,5,0.05813953488372093,86,22,0.01,42,2.0
Hypoblast,Somite,5,0.054945054945054944,91,24,0.01,42,2.0
Margin,Adaxial Cell,5,0.05813953488372093,86,22,0.01,42,2.0
Hypoblast,"Segmental Plate, Tail Bud",4,0.04395604395604396,91,24,0.01,42,2.0
Margin,Optic Vesicle,4,0.046511627906976744,86,22,0.01,42,2.0
Presumptive Mesoderm,Somite,4,0.026490066225165563,151,47,0.01,42,2.0
Hypoblast,Erythroid Lineage Cell,2,0.02197802197802198,91,24,0.01,42,2.0
Hypoblast,Polster,2,0.02197802197802198,91,24,0.01,42,2.0
Hypoblast,"Neural Crest, Otic Vesicle",2,0.02197802197802198,91,24,0.01,42,2.0
EVL,Forebrain,1,0.0011890606420927466,841,272,0.01,42,2.0
Hypoblast,Neural Crest,1,0.01098901098901099,91,24,0.01,42,2.0
Presumptive Mesoderm,Forebrain,1,0.006622516556291391,151,47,0.01,42,2.0
Presumptive Mesoderm,Optic Vesicle,1,0.006622516556291391,151,47,0.01,42,2.0
Proliferative Like Cell,Yolk Syncytial Layer,1,0.0038461538461538464,260,69,0.01,42,2.0
EVL,Neural Rod,313,0.30300096805421106,1033,272,0.01,42,2.5
EVL,Adaxial Cell,295,0.2855759922555663,1033,272,0.01,42,2.5
EVL,Somite,190,0.18393030009680542,1033,272,0.01,42,2.5
"Presumptive Mesoderm, Presumptive Ectoderm",Somite,166,0.3401639344262295,488,100,0.01,42,2.5
Yolk Syncytial Layer,"Yolk Syncytial Layer, Periderm",144,0.5255474452554745,274,29,0.01,42,2.5
"Presumptive Mesoderm, Presumptive Ectoderm",Adaxial Cell,99,0.2028688524590164,488,100,0.01,42,2.5
EVL,Notochord,93,0.09002904162633107,1033,272,0.01,42,2.5
"Presumptive Mesoderm, Presumptive Ectoderm",Notochord,83,0.17008196721311475,488,100,0.01,42,2.5
Proliferative Like Cell,Notochord,68,0.22006472491909385,309,69,0.01,42,2.5
Proliferative Like Cell,Adaxial Cell,62,0.20064724919093851,309,69,0.01,42,2.5
Proliferative Like Cell,Somite,57,0.18446601941747573,309,69,0.01,42,2.5
EVL,"Segmental Plate, Tail Bud",47,0.04549854791868345,1033,272,0.01,42,2.5
"Presumptive Mesoderm, Presumptive Ectoderm",Neural Crest,40,0.08196721311475409,488,100,0.01,42,2.5
EVL,Neural Crest,38,0.036786060019361085,1033,272,0.01,42,2.5
Yolk Syncytial Layer,Hatching Gland,35,0.12773722627737227,274,29,0.01,42,2.5
Proliferative Like Cell,"Segmental Plate, Tail Bud",32,0.10355987055016182,309,69,0.01,42,2.5
Yolk Syncytial Layer,Yolk Syncytial Layer,32,0.11678832116788321,274,29,0.01,42,2.5
Presumptive Mesoderm,Periderm,29,0.15508021390374332,187,47,0.01,42,2.5
Proliferative Like Cell,Neural Rod,29,0.09385113268608414,309,69,0.01,42,2.5
Yolk Syncytial Layer,Polster,28,0.10218978102189781,274,29,0.01,42,2.5
Presumptive Mesoderm,Forebrain,27,0.1443850267379679,187,47,0.01,42,2.5
Presumptive Mesoderm,Neural Crest,27,0.1443850267379679,187,47,0.01,42,2.5
"Presumptive Mesoderm, Presumptive Ectoderm",Erythroid Lineage Cell,26,0.05327868852459016,488,100,0.01,42,2.5
Presumptive Mesoderm,Neural Rod,26,0.13903743315508021,187,47,0.01,42,2.5
Hypoblast,Notochord,23,0.20909090909090908,110,24,0.01,42,2.5
Proliferative Like Cell,Neural Crest,22,0.07119741100323625,309,69,0.01,42,2.5
Hypoblast,Adaxial Cell,22,0.2,110,24,0.01,42,2.5
Presumptive Mesoderm,Somite,22,0.11764705882352941,187,47,0.01,42,2.5
Presumptive Mesoderm,Adaxial Cell,21,0.11229946524064172,187,47,0.01,42,2.5
"Presumptive Mesoderm, Presumptive Ectoderm",Forebrain,21,0.0430327868852459,488,100,0.01,42,2.5
"Presumptive Mesoderm, Presumptive Ectoderm","Segmental Plate, Tail Bud",20,0.040983606557377046,488,100,0.01,42,2.5
Proliferative Like Cell,Angioblastic Mesenchymal Cell,20,0.06472491909385113,309,69,0.01,42,2.5
Hypoblast,Neural Rod,19,0.17272727272727273,110,24,0.01,42,2.5
Margin,"Yolk Syncytial Layer, Periderm",18,0.16981132075471697,106,22,0.01,42,2.5
Margin,Erythroid Lineage Cell,18,0.16981132075471697,106,22,0.01,42,2.5
"Presumptive Mesoderm, Presumptive Ectoderm",Angioblastic Mesenchymal Cell,17,0.03483606557377049,488,100,0.01,42,2.5
Presumptive Mesoderm,"Segmental Plate, Tail Bud",16,0.0855614973262032,187,47,0.01,42,2.5
"Presumptive Mesoderm, Presumptive Ectoderm",Neural Rod,16,0.03278688524590164,488,100,0.01,42,2.5
Yolk Syncytial Layer,Periderm,16,0.058394160583941604,274,29,0.01,42,2.5
EVL,Forebrain,16,0.015488867376573089,1033,272,0.01,42,2.5
EVL,Optic Vesicle,15,0.01452081316553727,1033,272,0.01,42,2.5
Hypoblast,Somite,15,0.13636363636363635,110,24,0.01,42,2.5
Margin,Angioblastic Mesenchymal Cell,14,0.1320754716981132,106,22,0.01,42,2.5
Yolk Syncytial Layer,Forebrain,14,0.051094890510948905,274,29,0.01,42,2.5
Hypoblast,Erythroid Lineage Cell,12,0.10909090909090909,110,24,0.01,42,2.5
Proliferative Like Cell,Forebrain,12,0.038834951456310676,309,69,0.01,42,2.5
EVL,Periderm,11,0.010648596321393998,1033,272,0.01,42,2.5
Presumptive Mesoderm,Angioblastic Mesenchymal Cell,9,0.0481283422459893,187,47,0.01,42,2.5
Hypoblast,Neural Crest,9,0.08181818181818182,110,24,0.01,42,2.5
Margin,Periderm,9,0.08490566037735849,106,22,0.01,42,2.5
Margin,Forebrain,9,0.08490566037735849,106,22,0.01,42,2.5
Margin,Notochord,8,0.07547169811320754,106,22,0.01,42,2.5
Presumptive Mesoderm,Notochord,7,0.0374331550802139,187,47,0.01,42,2.5
Proliferative Like Cell,Erythroid Lineage Cell,7,0.022653721682847898,309,69,0.01,42,2.5
Margin,Adaxial Cell,7,0.0660377358490566,106,22,0.01,42,2.5
Margin,Hatching Gland,7,0.0660377358490566,106,22,0.01,42,2.5
EVL,Angioblastic Mesenchymal Cell,6,0.005808325266214908,1033,272,0.01,42,2.5
Margin,Neural Crest,6,0.05660377358490566,106,22,0.01,42,2.5
EVL,Erythroid Lineage Cell,5,0.00484027105517909,1033,272,0.01,42,2.5
Hypoblast,"Segmental Plate, Tail Bud",5,0.045454545454545456,110,24,0.01,42,2.5
Margin,Neural Rod,4,0.03773584905660377,106,22,0.01,42,2.5
Hypoblast,"Neural Crest, Otic Vesicle",4,0.03636363636363636,110,24,0.01,42,2.5
Margin,Yolk Syncytial Layer,3,0.02830188679245283,106,22,0.01,42,2.5
EVL,Nervous System,2,0.001936108422071636,1033,272,0.01,42,2.5
Yolk Syncytial Layer,"Segmental Plate, Tail Bud",2,0.0072992700729927005,274,29,0.01,42,2.5
Yolk Syncytial Layer,Angioblastic Mesenchymal Cell,2,0.0072992700729927005,274,29,0.01,42,2.5
EVL,Polster,2,0.001936108422071636,1033,272,0.01,42,2.5
Margin,"Segmental Plate, Tail Bud",2,0.018867924528301886,106,22,0.01,42,2.5
Presumptive Mesoderm,Polster,2,0.0106951871657754,187,47,0.01,42,2.5
Yolk Syncytial Layer,Erythroid Lineage Cell,1,0.0036496350364963502,274,29,0.01,42,2.5
Margin,Polster,1,0.009433962264150943,106,22,0.01,42,2.5
Presumptive Mesoderm,Erythroid Lineage Cell,1,0.0053475935828877,187,47,0.01,42,2.5
Hypoblast,Angioblastic Mesenchymal Cell,1,0.00909090909090909,110,24,0.01,42,2.5
EVL,Notochord,413,0.33935907970419066,1217,272,0.01,42,3.0
"Presumptive Mesoderm, Presumptive Ectoderm",Notochord,247,0.4200680272108844,588,100,0.01,42,3.0
EVL,Somite,217,0.17830731306491374,1217,272,0.01,42,3.0
EVL,Neural Crest,163,0.13393590797041907,1217,272,0.01,42,3.0
EVL,Nervous System,159,0.1306491372226787,1217,272,0.01,42,3.0
Proliferative Like Cell,Notochord,158,0.43646408839779005,362,69,0.01,42,3.0
EVL,Forebrain,134,0.11010682004930156,1217,272,0.01,42,3.0
"Presumptive Mesoderm, Presumptive Ectoderm",Somite,127,0.21598639455782312,588,100,0.01,42,3.0
Yolk Syncytial Layer,"Yolk Syncytial Layer, Periderm",107,0.33647798742138363,318,29,0.01,42,3.0
Yolk Syncytial Layer,Hatching Gland,74,0.23270440251572327,318,29,0.01,42,3.0
Proliferative Like Cell,Somite,70,0.19337016574585636,362,69,0.01,42,3.0
EVL,Angioblastic Mesenchymal Cell,68,0.05587510271158587,1217,272,0.01,42,3.0
Presumptive Mesoderm,Neural Crest,61,0.28773584905660377,212,47,0.01,42,3.0
Proliferative Like Cell,Neural Crest,59,0.16298342541436464,362,69,0.01,42,3.0
Presumptive Mesoderm,Forebrain,54,0.25471698113207547,212,47,0.01,42,3.0
"Presumptive Mesoderm, Presumptive Ectoderm",Erythroid Lineage Cell,52,0.08843537414965986,588,100,0.01,42,3.0
Yolk Syncytial Layer,Yolk Syncytial Layer,51,0.16037735849056603,318,29,0.01,42,3.0
Hypoblast,Notochord,50,0.35714285714285715,140,24,0.01,42,3.0
Margin,Erythroid Lineage Cell,48,0.41379310344827586,116,22,0.01,42,3.0
Presumptive Mesoderm,Notochord,41,0.19339622641509435,212,47,0.01,42,3.0
"Presumptive Mesoderm, Presumptive Ectoderm",Neural Crest,39,0.0663265306122449,588,100,0.01,42,3.0
"Presumptive Mesoderm, Presumptive Ectoderm",Nervous System,37,0.06292517006802721,588,100,0.01,42,3.0
"Presumptive Mesoderm, Presumptive Ectoderm",Angioblastic Mesenchymal Cell,37,0.06292517006802721,588,100,0.01,42,3.0
"Presumptive Mesoderm, Presumptive Ectoderm",Forebrain,36,0.061224489795918366,588,100,0.01,42,3.0
Proliferative Like Cell,Angioblastic Mesenchymal Cell,30,0.08287292817679558,362,69,0.01,42,3.0
Hypoblast,Neural Crest,30,0.21428571428571427,140,24,0.01,42,3.0
Yolk Syncytial Layer,Erythroid Lineage Cell,29,0.09119496855345911,318,29,0.01,42,3.0
EVL,Erythroid Lineage Cell,25,0.020542317173377157,1217,272,0.01,42,3.0
Yolk Syncytial Layer,Neural Crest,24,0.07547169811320754,318,29,0.01,42,3.0
Hypoblast,Erythroid Lineage Cell,22,0.15714285714285714,140,24,0.01,42,3.0
Proliferative Like Cell,Nervous System,21,0.058011049723756904,362,69,0.01,42,3.0
Presumptive Mesoderm,Somite,21,0.09905660377358491,212,47,0.01,42,3.0
EVL,Neural Rod,18,0.014790468364831553,1217,272,0.01,42,3.0
Yolk Syncytial Layer,Forebrain,16,0.050314465408805034,318,29,0.01,42,3.0
Margin,Neural Crest,16,0.13793103448275862,116,22,0.01,42,3.0
EVL,Adaxial Cell,15,0.012325390304026294,1217,272,0.01,42,3.0
Hypoblast,Somite,15,0.10714285714285714,140,24,0.01,42,3.0
Margin,Angioblastic Mesenchymal Cell,14,0.1206896551724138,116,22,0.01,42,3.0
Presumptive Mesoderm,Angioblastic Mesenchymal Cell,14,0.0660377358490566,212,47,0.01,42,3.0
Margin,Forebrain,12,0.10344827586206896,116,22,0.01,42,3.0
Proliferative Like Cell,Forebrain,12,0.03314917127071823,362,69,0.01,42,3.0
Presumptive Mesoderm,Hatching Gland,11,0.05188679245283019,212,47,0.01,42,3.0
Margin,Hatching Gland,11,0.09482758620689655,116,22,0.01,42,3.0
Yolk Syncytial Layer,Angioblastic Mesenchymal Cell,11,0.03459119496855346,318,29,0.01,42,3.0
Presumptive Mesoderm,Nervous System,10,0.04716981132075472,212,47,0.01,42,3.0
Hypoblast,Nervous System,8,0.05714285714285714,140,24,0.01,42,3.0
Hypoblast,Angioblastic Mesenchymal Cell,8,0.05714285714285714,140,24,0.01,42,3.0
Proliferative Like Cell,"Neural Crest, Otic Vesicle",8,0.022099447513812154,362,69,0.01,42,3.0
"Presumptive Mesoderm, Presumptive Ectoderm",Anterior Erythroid Lineage Cell,7,0.011904761904761904,588,100,0.01,42,3.0
Hypoblast,"Neural Crest, Otic Vesicle",7,0.05,140,24,0.01,42,3.0
Margin,Notochord,7,0.0603448275862069,116,22,0.01,42,3.0
Yolk Syncytial Layer,Pronephros,6,0.018867924528301886,318,29,0.01,42,3.0
Margin,Nervous System,4,0.034482758620689655,116,22,0.01,42,3.0
"Presumptive Mesoderm, Presumptive Ectoderm",Epidermis,4,0.006802721088435374,588,100,0.01,42,3.0
EVL,"Segmental Plate, Tail Bud",3,0.0024650780608052587,1217,272,0.01,42,3.0
Proliferative Like Cell,Epidermis,3,0.008287292817679558,362,69,0.01,42,3.0
Margin,Epidermis,2,0.017241379310344827,116,22,0.01,42,3.0
Margin,Anterior Erythroid Lineage Cell,2,0.017241379310344827,116,22,0.01,42,3.0
EVL,"Neural Crest, Otic Vesicle",1,0.0008216926869350862,1217,272,0.01,42,3.0
EVL,Anterior Erythroid Lineage Cell,1,0.0008216926869350862,1217,272,0.01,42,3.0
"Presumptive Mesoderm, Presumptive Ectoderm",Adaxial Cell,1,0.0017006802721088435,588,100,0.01,42,3.0
"Presumptive Mesoderm, Presumptive Ectoderm","Neural Crest, Otic Vesicle",1,0.0017006802721088435,588,100,0.01,42,3.0
Proliferative Like Cell,Erythroid Lineage Cell,1,0.0027624309392265192,362,69,0.01,42,3.0
EVL,Nervous System,687,0.449901768172888,1527,272,0.01,42,3.5
EVL,Notochord,495,0.3241650294695481,1527,272,0.01,42,3.5
"Presumptive Mesoderm, Presumptive Ectoderm",Notochord,311,0.3882646691635456,801,100,0.01,42,3.5
Proliferative Like Cell,Notochord,175,0.3787878787878788,462,69,0.01,42,3.5
"Presumptive Mesoderm, Presumptive Ectoderm",Nervous System,160,0.19975031210986266,801,100,0.01,42,3.5
Proliferative Like Cell,Nervous System,154,0.3333333333333333,462,69,0.01,42,3.5
EVL,Somite,125,0.08185985592665357,1527,272,0.01,42,3.5
Yolk Syncytial Layer,Anterior Erythroid Lineage Cell,94,0.2379746835443038,395,29,0.01,42,3.5
Presumptive Mesoderm,Nervous System,83,0.31086142322097376,267,47,0.01,42,3.5
Yolk Syncytial Layer,"Musculature System, Yolk Syncytial Layer",81,0.20506329113924052,395,29,0.01,42,3.5
Yolk Syncytial Layer,Hatching Gland,74,0.18734177215189873,395,29,0.01,42,3.5
Hypoblast,Notochord,70,0.3954802259887006,177,24,0.01,42,3.5
"Presumptive Mesoderm, Presumptive Ectoderm",Anterior Erythroid Lineage Cell,69,0.08614232209737828,801,100,0.01,42,3.5
"Presumptive Mesoderm, Presumptive Ectoderm",Somite,67,0.08364544319600499,801,100,0.01,42,3.5
"Presumptive Mesoderm, Presumptive Ectoderm",Pronephros,64,0.07990012484394507,801,100,0.01,42,3.5
Presumptive Mesoderm,Forebrain,62,0.23220973782771537,267,47,0.01,42,3.5
EVL,Spinal Cord Dorsal Region,58,0.03798297314996726,1527,272,0.01,42,3.5
Hypoblast,Nervous System,52,0.2937853107344633,177,24,0.01,42,3.5
Proliferative Like Cell,Somite,44,0.09523809523809523,462,69,0.01,42,3.5
Margin,Nervous System,43,0.2986111111111111,144,22,0.01,42,3.5
Yolk Syncytial Layer,"Yolk Syncytial Layer, Periderm",42,0.10632911392405063,395,29,0.01,42,3.5
EVL,Forebrain,36,0.023575638506876228,1527,272,0.01,42,3.5
Yolk Syncytial Layer,Pronephros,34,0.08607594936708861,395,29,0.01,42,3.5
Proliferative Like Cell,Spinal Cord Dorsal Region,31,0.0670995670995671,462,69,0.01,42,3.5
Presumptive Mesoderm,Notochord,30,0.11235955056179775,267,47,0.01,42,3.5
EVL,Epidermis,30,0.019646365422396856,1527,272,0.01,42,3.5
Margin,Anterior Erythroid Lineage Cell,29,0.2013888888888889,144,22,0.01,42,3.5
"Presumptive Mesoderm, Presumptive Ectoderm",Forebrain,27,0.033707865168539325,801,100,0.01,42,3.5
"Presumptive Mesoderm, Presumptive Ectoderm",Spinal Cord Ventral Region,26,0.03245942571785269,801,100,0.01,42,3.5
Margin,"Musculature System, Yolk Syncytial Layer",25,0.1736111111111111,144,22,0.01,42,3.5
"Presumptive Mesoderm, Presumptive Ectoderm",Epidermis,25,0.031210986267166042,801,100,0.01,42,3.5
Yolk Syncytial Layer,Yolk Syncytial Layer,23,0.05822784810126582,395,29,0.01,42,3.5
Proliferative Like Cell,Epidermis,23,0.049783549783549784,462,69,0.01,42,3.5
"Presumptive Mesoderm, Presumptive Ectoderm",Erythroid Lineage Cell,21,0.026217228464419477,801,100,0.01,42,3.5
Presumptive Mesoderm,Hatching Gland,19,0.07116104868913857,267,47,0.01,42,3.5
Yolk Syncytial Layer,Forebrain,18,0.04556962025316456,395,29,0.01,42,3.5
Presumptive Mesoderm,Anterior Erythroid Lineage Cell,17,0.06367041198501873,267,47,0.01,42,3.5
Presumptive Mesoderm,Epidermis,16,0.0599250936329588,267,47,0.01,42,3.5
EVL,Neural Crest,15,0.009823182711198428,1527,272,0.01,42,3.5
EVL,Pronephros,14,0.0091683038637852,1527,272,0.01,42,3.5
EVL,Angioblastic Mesenchymal Cell,14,0.0091683038637852,1527,272,0.01,42,3.5
"Presumptive Mesoderm, Presumptive Ectoderm",Fast Muscle Cell,14,0.017478152309612985,801,100,0.01,42,3.5
Margin,Epidermis,14,0.09722222222222222,144,22,0.01,42,3.5
Hypoblast,Neural Crest,14,0.07909604519774012,177,24,0.01,42,3.5
EVL,Fast Muscle Cell,13,0.008513425016371971,1527,272,0.01,42,3.5
Presumptive Mesoderm,Somite,12,0.0449438202247191,267,47,0.01,42,3.5
EVL,Erythroid Lineage Cell,12,0.007858546168958742,1527,272,0.01,42,3.5
Hypoblast,Anterior Erythroid Lineage Cell,10,0.05649717514124294,177,24,0.01,42,3.5
Margin,Pronephros,9,0.0625,144,22,0.01,42,3.5
Margin,Forebrain,9,0.0625,144,22,0.01,42,3.5
Hypoblast,Somite,9,0.05084745762711865,177,24,0.01,42,3.5
Proliferative Like Cell,Myotome,9,0.01948051948051948,462,69,0.01,42,3.5
Proliferative Like Cell,Fast Muscle Cell,8,0.017316017316017316,462,69,0.01,42,3.5
Hypoblast,Pronephros,8,0.04519774011299435,177,24,0.01,42,3.5
Presumptive Mesoderm,Spinal Cord Dorsal Region,7,0.026217228464419477,267,47,0.01,42,3.5
EVL,"Musculature System, Yolk Syncytial Layer",7,0.0045841519318926,1527,272,0.01,42,3.5
Yolk Syncytial Layer,Epidermis,7,0.017721518987341773,395,29,0.01,42,3.5
"Presumptive Mesoderm, Presumptive Ectoderm",Spinal Cord Dorsal Region,7,0.008739076154806492,801,100,0.01,42,3.5
Yolk Syncytial Layer,Neural Crest,6,0.015189873417721518,395,29,0.01,42,3.5
Presumptive Mesoderm,Neural Crest,6,0.02247191011235955,267,47,0.01,42,3.5
EVL,Eye,6,0.003929273084479371,1527,272,0.01,42,3.5
Yolk Syncytial Layer,Nervous System,6,0.015189873417721518,395,29,0.01,42,3.5
Hypoblast,Spinal Cord Dorsal Region,6,0.03389830508474576,177,24,0.01,42,3.5
"Presumptive Mesoderm, Presumptive Ectoderm",Myotome,6,0.00749063670411985,801,100,0.01,42,3.5
Margin,Hatching Gland,6,0.041666666666666664,144,22,0.01,42,3.5
Presumptive Mesoderm,"Musculature System, Yolk Syncytial Layer",5,0.018726591760299626,267,47,0.01,42,3.5
EVL,Anterior Erythroid Lineage Cell,5,0.0032743942370661427,1527,272,0.01,42,3.5
Yolk Syncytial Layer,Angioblastic Mesenchymal Cell,5,0.012658227848101266,395,29,0.01,42,3.5
EVL,Spinal Cord Ventral Region,4,0.0026195153896529143,1527,272,0.01,42,3.5
Hypoblast,"Musculature System, Yolk Syncytial Layer",4,0.022598870056497175,177,24,0.01,42,3.5
Presumptive Mesoderm,Pronephros,4,0.0149812734082397,267,47,0.01,42,3.5
Proliferative Like Cell,Neural Crest,4,0.008658008658008658,462,69,0.01,42,3.5
Proliferative Like Cell,Pronephros,4,0.008658008658008658,462,69,0.01,42,3.5
EVL,Spinal Cord Anterior Region,4,0.0026195153896529143,1527,272,0.01,42,3.5
Margin,Erythroid Lineage Cell,4,0.027777777777777776,144,22,0.01,42,3.5
"Presumptive Mesoderm, Presumptive Ectoderm","Musculature System, Yolk Syncytial Layer",3,0.003745318352059925,801,100,0.01,42,3.5
Yolk Syncytial Layer,Erythroid Lineage Cell,3,0.007594936708860759,395,29,0.01,42,3.5
Presumptive Mesoderm,Pigment Cell,3,0.011235955056179775,267,47,0.01,42,3.5
Proliferative Like Cell,Forebrain,3,0.006493506493506494,462,69,0.01,42,3.5
Proliferative Like Cell,Anterior Erythroid Lineage Cell,3,0.006493506493506494,462,69,0.01,42,3.5
Proliferative Like Cell,Angioblastic Mesenchymal Cell,3,0.006493506493506494,462,69,0.01,42,3.5
Hypoblast,Fast Muscle Cell,2,0.011299435028248588,177,24,0.01,42,3.5
Margin,Notochord,2,0.013888888888888888,144,22,0.01,42,3.5
Yolk Syncytial Layer,Eye,2,0.005063291139240506,395,29,0.01,42,3.5
Presumptive Mesoderm,Angioblastic Mesenchymal Cell,2,0.00749063670411985,267,47,0.01,42,3.5
Margin,Spinal Cord Dorsal Region,2,0.013888888888888888,144,22,0.01,42,3.5
EVL,Myotome,1,0.0006548788474132286,1527,272,0.01,42,3.5
Presumptive Mesoderm,Myotome,1,0.003745318352059925,267,47,0.01,42,3.5
"Presumptive Mesoderm, Presumptive Ectoderm",Angioblastic Mesenchymal Cell,1,0.0012484394506866417,801,100,0.01,42,3.5
Margin,Myotome,1,0.006944444444444444,144,22,0.01,42,3.5
Hypoblast,Eye,1,0.005649717514124294,177,24,0.01,42,3.5
Proliferative Like Cell,Erythroid Lineage Cell,1,0.0021645021645021645,462,69,0.01,42,3.5
EVL,Slow Muscle Cell,1,0.0006548788474132286,1527,272,0.01,42,3.5
Hypoblast,Erythroid Lineage Cell,1,0.005649717514124294,177,24,0.01,42,3.5
EVL,Nervous System,871,0.3997246443322625,2179,272,0.01,42,4.0
"Presumptive Mesoderm, Presumptive Ectoderm",Pronephros,361,0.3128249566724437,1154,100,0.01,42,4.0
Yolk Syncytial Layer,"Musculature System, Yolk Syncytial Layer",304,0.579047619047619,525,29,0.01,42,4.0
EVL,Spinal Cord Dorsal Region,257,0.1179440110142267,2179,272,0.01,42,4.0
"Presumptive Mesoderm, Presumptive Ectoderm","Musculature System, Yolk Syncytial Layer",242,0.2097053726169844,1154,100,0.01,42,4.0
EVL,Notochord,217,0.09958696649839376,2179,272,0.01,42,4.0
EVL,Pronephros,185,0.08490133088572739,2179,272,0.01,42,4.0
Proliferative Like Cell,Nervous System,183,0.28818897637795277,635,69,0.01,42,4.0
"Presumptive Mesoderm, Presumptive Ectoderm",Nervous System,168,0.14558058925476602,1154,100,0.01,42,4.0
EVL,Myotome,155,0.07113354749885269,2179,272,0.01,42,4.0
EVL,"Musculature System, Yolk Syncytial Layer",137,0.06287287746672786,2179,272,0.01,42,4.0
EVL,Fast Muscle Cell,126,0.0578246902248738,2179,272,0.01,42,4.0
Proliferative Like Cell,Pronephros,126,0.1984251968503937,635,69,0.01,42,4.0
Margin,"Musculature System, Yolk Syncytial Layer",109,0.5396039603960396,202,22,0.01,42,4.0
Presumptive Mesoderm,Nervous System,106,0.2774869109947644,382,47,0.01,42,4.0
EVL,Spinal Cord Ventral Region,91,0.041762276273519965,2179,272,0.01,42,4.0
Hypoblast,Nervous System,87,0.3210332103321033,271,24,0.01,42,4.0
"Presumptive Mesoderm, Presumptive Ectoderm",Spinal Cord Dorsal Region,85,0.07365684575389948,1154,100,0.01,42,4.0
"Presumptive Mesoderm, Presumptive Ectoderm",Fast Muscle Cell,84,0.07279029462738301,1154,100,0.01,42,4.0
Proliferative Like Cell,Fast Muscle Cell,83,0.13070866141732285,635,69,0.01,42,4.0
Yolk Syncytial Layer,Anterior Erythroid Lineage Cell,77,0.14666666666666667,525,29,0.01,42,4.0
Proliferative Like Cell,Myotome,71,0.11181102362204724,635,69,0.01,42,4.0
Proliferative Like Cell,Spinal Cord Dorsal Region,71,0.11181102362204724,635,69,0.01,42,4.0
Margin,Nervous System,70,0.3465346534653465,202,22,0.01,42,4.0
Presumptive Mesoderm,"Musculature System, Yolk Syncytial Layer",65,0.17015706806282724,382,47,0.01,42,4.0
Hypoblast,Fast Muscle Cell,65,0.23985239852398524,271,24,0.01,42,4.0
"Presumptive Mesoderm, Presumptive Ectoderm",Notochord,65,0.05632582322357019,1154,100,0.01,42,4.0
Hypoblast,"Musculature System, Yolk Syncytial Layer",59,0.2177121771217712,271,24,0.01,42,4.0
Proliferative Like Cell,Notochord,53,0.08346456692913386,635,69,0.01,42,4.0
Presumptive Mesoderm,Forebrain,49,0.12827225130890052,382,47,0.01,42,4.0
EVL,Spinal Cord Anterior Region,47,0.021569527306103717,2179,272,0.01,42,4.0
Presumptive Mesoderm,Pigment Cell,40,0.10471204188481675,382,47,0.01,42,4.0
Presumptive Mesoderm,Anterior Erythroid Lineage Cell,39,0.10209424083769633,382,47,0.01,42,4.0
Yolk Syncytial Layer,Eye,39,0.07428571428571429,525,29,0.01,42,4.0
Yolk Syncytial Layer,Pronephros,38,0.07238095238095238,525,29,0.01,42,4.0
"Presumptive Mesoderm, Presumptive Ectoderm",Anterior Erythroid Lineage Cell,37,0.032062391681109186,1154,100,0.01,42,4.0
"Presumptive Mesoderm, Presumptive Ectoderm",Myotome,37,0.032062391681109186,1154,100,0.01,42,4.0
"Presumptive Mesoderm, Presumptive Ectoderm",Forebrain,35,0.030329289428076257,1154,100,0.01,42,4.0
Hypoblast,Pronephros,28,0.1033210332103321,271,24,0.01,42,4.0
EVL,Anterior Erythroid Lineage Cell,28,0.012849931161083065,2179,272,0.01,42,4.0
Yolk Syncytial Layer,Hatching Gland,27,0.05142857142857143,525,29,0.01,42,4.0
"Presumptive Mesoderm, Presumptive Ectoderm",Spinal Cord Ventral Region,24,0.02079722703639515,1154,100,0.01,42,4.0
EVL,Forebrain,22,0.010096374483708122,2179,272,0.01,42,4.0
Yolk Syncytial Layer,Nervous System,21,0.04,525,29,0.01,42,4.0
Presumptive Mesoderm,Pronephros,19,0.049738219895287955,382,47,0.01,42,4.0
Yolk Syncytial Layer,Forebrain,18,0.03428571428571429,525,29,0.01,42,4.0
Proliferative Like Cell,"Musculature System, Yolk Syncytial Layer",17,0.026771653543307086,635,69,0.01,42,4.0
Presumptive Mesoderm,Hatching Gland,17,0.04450261780104712,382,47,0.01,42,4.0
Proliferative Like Cell,Spinal Cord Ventral Region,16,0.025196850393700787,635,69,0.01,42,4.0
EVL,Eye,16,0.0073428178063331805,2179,272,0.01,42,4.0
Presumptive Mesoderm,Notochord,14,0.03664921465968586,382,47,0.01,42,4.0
"Presumptive Mesoderm, Presumptive Ectoderm",Eye,13,0.011265164644714038,1154,100,0.01,42,4.0
Hypoblast,Notochord,13,0.04797047970479705,271,24,0.01,42,4.0
EVL,Epidermis,12,0.005507113354749885,2179,272,0.01,42,4.0
Hypoblast,Spinal Cord Dorsal Region,12,0.04428044280442804,271,24,0.01,42,4.0
Presumptive Mesoderm,Fast Muscle Cell,10,0.02617801047120419,382,47,0.01,42,4.0
Presumptive Mesoderm,Eye,10,0.02617801047120419,382,47,0.01,42,4.0
Proliferative Like Cell,Epidermis,9,0.014173228346456693,635,69,0.01,42,4.0
EVL,Somite,8,0.0036714089031665903,2179,272,0.01,42,4.0
Margin,Myotome,8,0.039603960396039604,202,22,0.01,42,4.0
Margin,Forebrain,7,0.034653465346534656,202,22,0.01,42,4.0
Presumptive Mesoderm,Spinal Cord Dorsal Region,6,0.015706806282722512,382,47,0.01,42,4.0
EVL,Pigment Cell,5,0.002294630564479119,2179,272,0.01,42,4.0
Hypoblast,Myotome,5,0.01845018450184502,271,24,0.01,42,4.0
Proliferative Like Cell,Spinal Cord Anterior Region,4,0.006299212598425197,635,69,0.01,42,4.0
Margin,Hatching Gland,4,0.019801980198019802,202,22,0.01,42,4.0
Presumptive Mesoderm,Myotome,3,0.007853403141361256,382,47,0.01,42,4.0
Presumptive Mesoderm,Somite,3,0.007853403141361256,382,47,0.01,42,4.0
Margin,Pronephros,2,0.009900990099009901,202,22,0.01,42,4.0
Margin,Anterior Erythroid Lineage Cell,2,0.009900990099009901,202,22,0.01,42,4.0
Hypoblast,Spinal Cord Ventral Region,2,0.007380073800738007,271,24,0.01,42,4.0
EVL,Hatching Gland,1,0.0004589261128958238,2179,272,0.01,42,4.0
Yolk Syncytial Layer,Yolk Syncytial Layer,1,0.0019047619047619048,525,29,0.01,42,4.0
"Presumptive Mesoderm, Presumptive Ectoderm",Pigment Cell,1,0.0008665511265164644,1154,100,0.01,42,4.0
Presumptive Mesoderm,Spinal Cord Ventral Region,1,0.002617801047120419,382,47,0.01,42,4.0
"Presumptive Mesoderm, Presumptive Ectoderm",Epidermis,1,0.0008665511265164644,1154,100,0.01,42,4.0
"Presumptive Mesoderm, Presumptive Ectoderm",Spinal Cord Anterior Region,1,0.0008665511265164644,1154,100,0.01,42,4.0
Proliferative Like Cell,Anterior Erythroid Lineage Cell,1,0.0015748031496062992,635,69,0.01,42,4.0
EVL,Slow Muscle Cell,1,0.0004589261128958238,2179,272,0.01,42,4.0
Proliferative Like Cell,Somite,1,0.0015748031496062992,635,69,0.01,42,4.0
EVL,EVL,272,1.0,272,272,0.03,42,0.0
"Presumptive Mesoderm, Presumptive Ectoderm","Presumptive Mesoderm, Presumptive Ectoderm",100,1.0,100,100,0.03,42,0.0
Proliferative Like Cell,Proliferative Like Cell,69,1.0,69,69,0.03,42,0.0
Presumptive Mesoderm,Presumptive Mesoderm,47,1.0,47,47,0.03,42,0.0
Yolk Syncytial Layer,Yolk Syncytial Layer,29,1.0,29,29,0.03,42,0.0
Hypoblast,Hypoblast,24,1.0,24,24,0.03,42,0.0
Margin,Margin,22,1.0,22,22,0.03,42,0.0
EVL,Notochord,72,0.21052631578947367,342,272,0.03,42,0.5
EVL,EVL,61,0.1783625730994152,342,272,0.03,42,0.5
EVL,"Paraxial Mesoderm, Neural Keel",58,0.1695906432748538,342,272,0.03,42,0.5
Yolk Syncytial Layer,Yolk Syncytial Layer,49,1.0,49,29,0.03,42,0.5
"Presumptive Mesoderm, Presumptive Ectoderm","Segmental Plate, Tail Bud",35,0.2755905511811024,127,100,0.03,42,0.5
EVL,Proliferative Like Cell,35,0.1023391812865497,342,272,0.03,42,0.5
"Presumptive Mesoderm, Presumptive Ectoderm","Presumptive Mesoderm, Presumptive Ectoderm",33,0.25984251968503935,127,100,0.03,42,0.5
EVL,Periderm,31,0.09064327485380116,342,272,0.03,42,0.5
EVL,"Segmental Plate, Tail Bud",27,0.07894736842105263,342,272,0.03,42,0.5
EVL,"Presumptive Mesoderm, Presumptive Ectoderm",26,0.07602339181286549,342,272,0.03,42,0.5
"Presumptive Mesoderm, Presumptive Ectoderm",Notochord,24,0.1889763779527559,127,100,0.03,42,0.5
EVL,Presumptive Mesoderm,24,0.07017543859649122,342,272,0.03,42,0.5
"Presumptive Mesoderm, Presumptive Ectoderm","Paraxial Mesoderm, Neural Keel",23,0.18110236220472442,127,100,0.03,42,0.5
Proliferative Like Cell,"Segmental Plate, Tail Bud",20,0.2222222222222222,90,69,0.03,42,0.5
Proliferative Like Cell,Notochord,19,0.2111111111111111,90,69,0.03,42,0.5
Presumptive Mesoderm,Yolk Syncytial Layer,19,0.3392857142857143,56,47,0.03,42,0.5
Proliferative Like Cell,"Presumptive Mesoderm, Presumptive Ectoderm",16,0.17777777777777778,90,69,0.03,42,0.5
Margin,Yolk Syncytial Layer,15,0.4838709677419355,31,22,0.03,42,0.5
Proliferative Like Cell,"Paraxial Mesoderm, Neural Keel",13,0.14444444444444443,90,69,0.03,42,0.5
Proliferative Like Cell,Proliferative Like Cell,12,0.13333333333333333,90,69,0.03,42,0.5
Hypoblast,Notochord,11,0.3142857142857143,35,24,0.03,42,0.5
Presumptive Mesoderm,"Paraxial Mesoderm, Neural Keel",9,0.16071428571428573,56,47,0.03,42,0.5
Hypoblast,"Presumptive Mesoderm, Presumptive Ectoderm",8,0.22857142857142856,35,24,0.03,42,0.5
Presumptive Mesoderm,"Segmental Plate, Tail Bud",8,0.14285714285714285,56,47,0.03,42,0.5
Presumptive Mesoderm,"Presumptive Mesoderm, Presumptive Ectoderm",6,0.10714285714285714,56,47,0.03,42,0.5
Hypoblast,"Segmental Plate, Tail Bud",6,0.17142857142857143,35,24,0.03,42,0.5
Margin,"Segmental Plate, Tail Bud",6,0.1935483870967742,31,22,0.03,42,0.5
Proliferative Like Cell,Anterior Neural Keel,5,0.05555555555555555,90,69,0.03,42,0.5
Hypoblast,"Paraxial Mesoderm, Neural Keel",5,0.14285714285714285,35,24,0.03,42,0.5
"Presumptive Mesoderm, Presumptive Ectoderm",Anterior Neural Keel,5,0.03937007874015748,127,100,0.03,42,0.5
Presumptive Mesoderm,Anterior Neural Keel,4,0.07142857142857142,56,47,0.03,42,0.5
"Presumptive Mesoderm, Presumptive Ectoderm",Presumptive Mesoderm,4,0.031496062992125984,127,100,0.03,42,0.5
Presumptive Mesoderm,Notochord,4,0.07142857142857142,56,47,0.03,42,0.5
EVL,Anterior Neural Keel,4,0.011695906432748537,342,272,0.03,42,0.5
Margin,Margin,3,0.0967741935483871,31,22,0.03,42,0.5
Margin,Presumptive Mesoderm,3,0.0967741935483871,31,22,0.03,42,0.5
"Presumptive Mesoderm, Presumptive Ectoderm",Yolk Syncytial Layer,3,0.023622047244094488,127,100,0.03,42,0.5
Proliferative Like Cell,Presumptive Mesoderm,3,0.03333333333333333,90,69,0.03,42,0.5
Presumptive Mesoderm,Periderm,3,0.05357142857142857,56,47,0.03,42,0.5
Presumptive Mesoderm,Presumptive Mesoderm,3,0.05357142857142857,56,47,0.03,42,0.5
EVL,Yolk Syncytial Layer,2,0.005847953216374269,342,272,0.03,42,0.5
Hypoblast,Anterior Neural Keel,2,0.05714285714285714,35,24,0.03,42,0.5
EVL,Hypoblast,2,0.005847953216374269,342,272,0.03,42,0.5
Hypoblast,Presumptive Mesoderm,1,0.02857142857142857,35,24,0.03,42,0.5
Margin,EVL,1,0.03225806451612903,31,22,0.03,42,0.5
Hypoblast,Proliferative Like Cell,1,0.02857142857142857,35,24,0.03,42,0.5
Hypoblast,Periderm,1,0.02857142857142857,35,24,0.03,42,0.5
Margin,"Paraxial Mesoderm, Neural Keel",1,0.03225806451612903,31,22,0.03,42,0.5
Margin,Notochord,1,0.03225806451612903,31,22,0.03,42,0.5
Margin,Periderm,1,0.03225806451612903,31,22,0.03,42,0.5
Proliferative Like Cell,Periderm,1,0.011111111111111112,90,69,0.03,42,0.5
Proliferative Like Cell,Yolk Syncytial Layer,1,0.011111111111111112,90,69,0.03,42,0.5
EVL,"Segmental Plate, Tail Bud",213,0.45905172413793105,464,272,0.03,42,1.0
"Presumptive Mesoderm, Presumptive Ectoderm","Segmental Plate, Tail Bud",117,0.6573033707865169,178,100,0.03,42,1.0
EVL,Periderm,115,0.2478448275862069,464,272,0.03,42,1.0
Proliferative Like Cell,"Segmental Plate, Tail Bud",85,0.6538461538461539,130,69,0.03,42,1.0
Yolk Syncytial Layer,Yolk Syncytial Layer,81,1.0,81,29,0.03,42,1.0
EVL,"Paraxial Mesoderm, Neural Keel",64,0.13793103448275862,464,272,0.03,42,1.0
EVL,Notochord,59,0.1271551724137931,464,272,0.03,42,1.0
Presumptive Mesoderm,Yolk Syncytial Layer,38,0.4691358024691358,81,47,0.03,42,1.0
"Presumptive Mesoderm, Presumptive Ectoderm",Notochord,28,0.15730337078651685,178,100,0.03,42,1.0
Margin,Yolk Syncytial Layer,23,0.5609756097560976,41,22,0.03,42,1.0
Presumptive Mesoderm,"Segmental Plate, Tail Bud",20,0.24691358024691357,81,47,0.03,42,1.0
Hypoblast,"Segmental Plate, Tail Bud",19,0.40425531914893614,47,24,0.03,42,1.0
"Presumptive Mesoderm, Presumptive Ectoderm","Paraxial Mesoderm, Neural Keel",16,0.0898876404494382,178,100,0.03,42,1.0
Hypoblast,Notochord,14,0.2978723404255319,47,24,0.03,42,1.0
Proliferative Like Cell,"Paraxial Mesoderm, Neural Keel",14,0.1076923076923077,130,69,0.03,42,1.0
Proliferative Like Cell,Notochord,13,0.1,130,69,0.03,42,1.0
Presumptive Mesoderm,Periderm,12,0.14814814814814814,81,47,0.03,42,1.0
Margin,"Segmental Plate, Tail Bud",11,0.2682926829268293,41,22,0.03,42,1.0
"Presumptive Mesoderm, Presumptive Ectoderm",Yolk Syncytial Layer,11,0.06179775280898876,178,100,0.03,42,1.0
EVL,Yolk Syncytial Layer,10,0.021551724137931036,464,272,0.03,42,1.0
Presumptive Mesoderm,"Paraxial Mesoderm, Neural Keel",9,0.1111111111111111,81,47,0.03,42,1.0
Proliferative Like Cell,Periderm,9,0.06923076923076923,130,69,0.03,42,1.0
Margin,Periderm,6,0.14634146341463414,41,22,0.03,42,1.0
Proliferative Like Cell,Yolk Syncytial Layer,6,0.046153846153846156,130,69,0.03,42,1.0
Hypoblast,"Paraxial Mesoderm, Neural Keel",6,0.1276595744680851,47,24,0.03,42,1.0
Hypoblast,Yolk Syncytial Layer,5,0.10638297872340426,47,24,0.03,42,1.0
EVL,Anterior Neural Keel,3,0.00646551724137931,464,272,0.03,42,1.0
Hypoblast,Anterior Neural Keel,3,0.06382978723404255,47,24,0.03,42,1.0
"Presumptive Mesoderm, Presumptive Ectoderm",Periderm,3,0.016853932584269662,178,100,0.03,42,1.0
Proliferative Like Cell,Anterior Neural Keel,2,0.015384615384615385,130,69,0.03,42,1.0
"Presumptive Mesoderm, Presumptive Ectoderm",Anterior Neural Keel,2,0.011235955056179775,178,100,0.03,42,1.0
Margin,"Paraxial Mesoderm, Neural Keel",1,0.024390243902439025,41,22,0.03,42,1.0
Presumptive Mesoderm,Notochord,1,0.012345679012345678,81,47,0.03,42,1.0
Presumptive Mesoderm,Anterior Neural Keel,1,0.012345679012345678,81,47,0.03,42,1.0
"Presumptive Mesoderm, Presumptive Ectoderm",Neural Rod,1,0.0056179775280898875,178,100,0.03,42,1.0
Proliferative Like Cell,Adaxial Cell,1,0.007692307692307693,130,69,0.03,42,1.0
EVL,"Segmental Plate, Tail Bud",274,0.42024539877300615,652,272,0.03,42,1.5
EVL,Periderm,170,0.2607361963190184,652,272,0.03,42,1.5
"Presumptive Mesoderm, Presumptive Ectoderm","Segmental Plate, Tail Bud",111,0.44223107569721115,251,100,0.03,42,1.5
Proliferative Like Cell,"Segmental Plate, Tail Bud",103,0.553763440860215,186,69,0.03,42,1.5
Yolk Syncytial Layer,Yolk Syncytial Layer,81,0.6183206106870229,131,29,0.03,42,1.5
EVL,Adaxial Cell,71,0.10889570552147239,652,272,0.03,42,1.5
"Presumptive Mesoderm, Presumptive Ectoderm",Adaxial Cell,56,0.22310756972111553,251,100,0.03,42,1.5
EVL,Neural Rod,52,0.07975460122699386,652,272,0.03,42,1.5
Presumptive Mesoderm,Yolk Syncytial Layer,46,0.39316239316239315,117,47,0.03,42,1.5
EVL,Notochord,36,0.05521472392638037,652,272,0.03,42,1.5
Yolk Syncytial Layer,Polster,28,0.21374045801526717,131,29,0.03,42,1.5
"Presumptive Mesoderm, Presumptive Ectoderm",Periderm,24,0.09561752988047809,251,100,0.03,42,1.5
Presumptive Mesoderm,Periderm,24,0.20512820512820512,117,47,0.03,42,1.5
Hypoblast,"Segmental Plate, Tail Bud",23,0.3108108108108108,74,24,0.03,42,1.5
EVL,"Paraxial Mesoderm, Neural Keel",23,0.0352760736196319,652,272,0.03,42,1.5
Margin,Yolk Syncytial Layer,23,0.3333333333333333,69,22,0.03,42,1.5
Yolk Syncytial Layer,"Yolk Syncytial Layer, Periderm",22,0.16793893129770993,131,29,0.03,42,1.5
Proliferative Like Cell,Adaxial Cell,21,0.11290322580645161,186,69,0.03,42,1.5
Margin,"Segmental Plate, Tail Bud",19,0.2753623188405797,69,22,0.03,42,1.5
Margin,Periderm,18,0.2608695652173913,69,22,0.03,42,1.5
"Presumptive Mesoderm, Presumptive Ectoderm",Yolk Syncytial Layer,17,0.06772908366533864,251,100,0.03,42,1.5
Proliferative Like Cell,Neural Rod,17,0.0913978494623656,186,69,0.03,42,1.5
Presumptive Mesoderm,"Segmental Plate, Tail Bud",16,0.13675213675213677,117,47,0.03,42,1.5
"Presumptive Mesoderm, Presumptive Ectoderm",Notochord,15,0.05976095617529881,251,100,0.03,42,1.5
Proliferative Like Cell,Periderm,14,0.07526881720430108,186,69,0.03,42,1.5
Hypoblast,Neural Rod,14,0.1891891891891892,74,24,0.03,42,1.5
EVL,Yolk Syncytial Layer,13,0.019938650306748466,652,272,0.03,42,1.5
"Presumptive Mesoderm, Presumptive Ectoderm",Somite,12,0.04780876494023904,251,100,0.03,42,1.5
Presumptive Mesoderm,Neural Rod,12,0.10256410256410256,117,47,0.03,42,1.5
Proliferative Like Cell,Yolk Syncytial Layer,12,0.06451612903225806,186,69,0.03,42,1.5
"Presumptive Mesoderm, Presumptive Ectoderm",Neural Rod,12,0.04780876494023904,251,100,0.03,42,1.5
Hypoblast,Notochord,12,0.16216216216216217,74,24,0.03,42,1.5
Proliferative Like Cell,Somite,12,0.06451612903225806,186,69,0.03,42,1.5
Hypoblast,Yolk Syncytial Layer,11,0.14864864864864866,74,24,0.03,42,1.5
EVL,Somite,10,0.015337423312883436,652,272,0.03,42,1.5
Hypoblast,Adaxial Cell,9,0.12162162162162163,74,24,0.03,42,1.5
Presumptive Mesoderm,Polster,8,0.06837606837606838,117,47,0.03,42,1.5
Presumptive Mesoderm,Adaxial Cell,7,0.05982905982905983,117,47,0.03,42,1.5
Margin,Polster,6,0.08695652173913043,69,22,0.03,42,1.5
Proliferative Like Cell,"Paraxial Mesoderm, Neural Keel",4,0.021505376344086023,186,69,0.03,42,1.5
Hypoblast,Periderm,4,0.05405405405405406,74,24,0.03,42,1.5
Proliferative Like Cell,Notochord,3,0.016129032258064516,186,69,0.03,42,1.5
EVL,Optic Vesicle,2,0.003067484662576687,652,272,0.03,42,1.5
Presumptive Mesoderm,"Paraxial Mesoderm, Neural Keel",2,0.017094017094017096,117,47,0.03,42,1.5
Margin,"Paraxial Mesoderm, Neural Keel",2,0.028985507246376812,69,22,0.03,42,1.5
"Presumptive Mesoderm, Presumptive Ectoderm","Paraxial Mesoderm, Neural Keel",2,0.00796812749003984,251,100,0.03,42,1.5
Margin,Neural Rod,1,0.014492753623188406,69,22,0.03,42,1.5
EVL,Polster,1,0.0015337423312883436,652,272,0.03,42,1.5
Hypoblast,Somite,1,0.013513513513513514,74,24,0.03,42,1.5
"Presumptive Mesoderm, Presumptive Ectoderm",Optic Vesicle,1,0.00398406374501992,251,100,0.03,42,1.5
Presumptive Mesoderm,Notochord,1,0.008547008547008548,117,47,0.03,42,1.5
Presumptive Mesoderm,Anterior Neural Keel,1,0.008547008547008548,117,47,0.03,42,1.5
"Presumptive Mesoderm, Presumptive Ectoderm",Polster,1,0.00398406374501992,251,100,0.03,42,1.5
EVL,Adaxial Cell,363,0.39846322722283206,911,272,0.03,42,2.0
EVL,Neural Rod,240,0.26344676180021953,911,272,0.03,42,2.0
"Presumptive Mesoderm, Presumptive Ectoderm",Adaxial Cell,149,0.4209039548022599,354,100,0.03,42,2.0
Proliferative Like Cell,Adaxial Cell,112,0.44621513944223107,251,69,0.03,42,2.0
EVL,"Segmental Plate, Tail Bud",104,0.1141602634467618,911,272,0.03,42,2.0
EVL,Periderm,80,0.08781558726673985,911,272,0.03,42,2.0
Yolk Syncytial Layer,"Yolk Syncytial Layer, Periderm",67,0.34536082474226804,194,29,0.03,42,2.0
Yolk Syncytial Layer,Polster,62,0.31958762886597936,194,29,0.03,42,2.0
"Presumptive Mesoderm, Presumptive Ectoderm",Neural Rod,60,0.1694915254237288,354,100,0.03,42,2.0
"Presumptive Mesoderm, Presumptive Ectoderm","Segmental Plate, Tail Bud",58,0.1638418079096045,354,100,0.03,42,2.0
EVL,Somite,57,0.06256860592755215,911,272,0.03,42,2.0
Proliferative Like Cell,"Segmental Plate, Tail Bud",49,0.1952191235059761,251,69,0.03,42,2.0
"Presumptive Mesoderm, Presumptive Ectoderm",Somite,45,0.1271186440677966,354,100,0.03,42,2.0
Hypoblast,Neural Rod,45,0.4326923076923077,104,24,0.03,42,2.0
Yolk Syncytial Layer,Yolk Syncytial Layer,44,0.2268041237113402,194,29,0.03,42,2.0
Hypoblast,Adaxial Cell,43,0.41346153846153844,104,24,0.03,42,2.0
Presumptive Mesoderm,Neural Rod,39,0.2468354430379747,158,47,0.03,42,2.0
Proliferative Like Cell,Neural Rod,36,0.14342629482071714,251,69,0.03,42,2.0
Presumptive Mesoderm,Polster,34,0.21518987341772153,158,47,0.03,42,2.0
EVL,Notochord,29,0.031833150384193196,911,272,0.03,42,2.0
Proliferative Like Cell,Somite,29,0.11553784860557768,251,69,0.03,42,2.0
Presumptive Mesoderm,Adaxial Cell,27,0.17088607594936708,158,47,0.03,42,2.0
Presumptive Mesoderm,Periderm,23,0.14556962025316456,158,47,0.03,42,2.0
Margin,Periderm,22,0.22916666666666666,96,22,0.03,42,2.0
Yolk Syncytial Layer,Periderm,21,0.10824742268041238,194,29,0.03,42,2.0
EVL,Optic Vesicle,20,0.021953896816684963,911,272,0.03,42,2.0
Margin,Polster,19,0.19791666666666666,96,22,0.03,42,2.0
"Presumptive Mesoderm, Presumptive Ectoderm",Periderm,18,0.05084745762711865,354,100,0.03,42,2.0
Margin,"Segmental Plate, Tail Bud",17,0.17708333333333334,96,22,0.03,42,2.0
"Presumptive Mesoderm, Presumptive Ectoderm",Notochord,17,0.0480225988700565,354,100,0.03,42,2.0
Presumptive Mesoderm,"Segmental Plate, Tail Bud",15,0.0949367088607595,158,47,0.03,42,2.0
Margin,Neural Rod,14,0.14583333333333334,96,22,0.03,42,2.0
EVL,Polster,12,0.013172338090010977,911,272,0.03,42,2.0
Proliferative Like Cell,Periderm,8,0.03187250996015936,251,69,0.03,42,2.0
Margin,Yolk Syncytial Layer,8,0.08333333333333333,96,22,0.03,42,2.0
Proliferative Like Cell,Notochord,8,0.03187250996015936,251,69,0.03,42,2.0
Margin,Adaxial Cell,8,0.08333333333333333,96,22,0.03,42,2.0
Proliferative Like Cell,Yolk Syncytial Layer,7,0.027888446215139442,251,69,0.03,42,2.0
Presumptive Mesoderm,Somite,7,0.04430379746835443,158,47,0.03,42,2.0
Presumptive Mesoderm,Notochord,6,0.0379746835443038,158,47,0.03,42,2.0
Margin,Optic Vesicle,6,0.0625,96,22,0.03,42,2.0
Presumptive Mesoderm,Yolk Syncytial Layer,6,0.0379746835443038,158,47,0.03,42,2.0
Hypoblast,Notochord,5,0.04807692307692308,104,24,0.03,42,2.0
Hypoblast,"Segmental Plate, Tail Bud",4,0.038461538461538464,104,24,0.03,42,2.0
"Presumptive Mesoderm, Presumptive Ectoderm",Neural Crest,3,0.00847457627118644,354,100,0.03,42,2.0
Hypoblast,Somite,3,0.028846153846153848,104,24,0.03,42,2.0
Hypoblast,Periderm,3,0.028846153846153848,104,24,0.03,42,2.0
EVL,Neural Crest,3,0.003293084522502744,911,272,0.03,42,2.0
EVL,"Paraxial Mesoderm, Neural Keel",2,0.0021953896816684962,911,272,0.03,42,2.0
"Presumptive Mesoderm, Presumptive Ectoderm",Erythroid Lineage Cell,2,0.005649717514124294,354,100,0.03,42,2.0
Proliferative Like Cell,Polster,2,0.00796812749003984,251,69,0.03,42,2.0
Margin,Forebrain,1,0.010416666666666666,96,22,0.03,42,2.0
Hypoblast,Erythroid Lineage Cell,1,0.009615384615384616,104,24,0.03,42,2.0
EVL,Erythroid Lineage Cell,1,0.0010976948408342481,911,272,0.03,42,2.0
Margin,Erythroid Lineage Cell,1,0.010416666666666666,96,22,0.03,42,2.0
Presumptive Mesoderm,Optic Vesicle,1,0.006329113924050633,158,47,0.03,42,2.0
"Presumptive Mesoderm, Presumptive Ectoderm",Polster,1,0.002824858757062147,354,100,0.03,42,2.0
"Presumptive Mesoderm, Presumptive Ectoderm",Yolk Syncytial Layer,1,0.002824858757062147,354,100,0.03,42,2.0
EVL,Adaxial Cell,308,0.27549194991055453,1118,272,0.03,42,2.5
EVL,Neural Rod,262,0.23434704830053668,1118,272,0.03,42,2.5
EVL,Somite,220,0.1967799642218247,1118,272,0.03,42,2.5
EVL,Notochord,129,0.11538461538461539,1118,272,0.03,42,2.5
"Presumptive Mesoderm, Presumptive Ectoderm",Somite,107,0.2465437788018433,434,100,0.03,42,2.5
Yolk Syncytial Layer,"Yolk Syncytial Layer, Periderm",97,0.40082644628099173,242,29,0.03,42,2.5
"Presumptive Mesoderm, Presumptive Ectoderm",Notochord,96,0.22119815668202766,434,100,0.03,42,2.5
Proliferative Like Cell,Adaxial Cell,91,0.2765957446808511,329,69,0.03,42,2.5
"Presumptive Mesoderm, Presumptive Ectoderm",Adaxial Cell,83,0.1912442396313364,434,100,0.03,42,2.5
Proliferative Like Cell,Somite,69,0.20972644376899696,329,69,0.03,42,2.5
Proliferative Like Cell,Notochord,68,0.2066869300911854,329,69,0.03,42,2.5
EVL,"Segmental Plate, Tail Bud",57,0.050983899821109124,1118,272,0.03,42,2.5
Yolk Syncytial Layer,Yolk Syncytial Layer,43,0.17768595041322313,242,29,0.03,42,2.5
EVL,Neural Crest,40,0.03577817531305903,1118,272,0.03,42,2.5
Proliferative Like Cell,Neural Rod,38,0.11550151975683891,329,69,0.03,42,2.5
"Presumptive Mesoderm, Presumptive Ectoderm","Segmental Plate, Tail Bud",35,0.08064516129032258,434,100,0.03,42,2.5
"Presumptive Mesoderm, Presumptive Ectoderm",Neural Rod,35,0.08064516129032258,434,100,0.03,42,2.5
EVL,Optic Vesicle,34,0.03041144901610018,1118,272,0.03,42,2.5
Hypoblast,Neural Rod,33,0.2619047619047619,126,24,0.03,42,2.5
Yolk Syncytial Layer,Polster,32,0.1322314049586777,242,29,0.03,42,2.5
Yolk Syncytial Layer,Periderm,30,0.12396694214876033,242,29,0.03,42,2.5
"Presumptive Mesoderm, Presumptive Ectoderm",Neural Crest,29,0.06682027649769585,434,100,0.03,42,2.5
Hypoblast,Notochord,28,0.2222222222222222,126,24,0.03,42,2.5
Presumptive Mesoderm,Notochord,27,0.13846153846153847,195,47,0.03,42,2.5
Presumptive Mesoderm,Forebrain,26,0.13333333333333333,195,47,0.03,42,2.5
Presumptive Mesoderm,Neural Rod,25,0.1282051282051282,195,47,0.03,42,2.5
EVL,Forebrain,24,0.02146690518783542,1118,272,0.03,42,2.5
Presumptive Mesoderm,"Segmental Plate, Tail Bud",23,0.11794871794871795,195,47,0.03,42,2.5
Hypoblast,Adaxial Cell,22,0.1746031746031746,126,24,0.03,42,2.5
"Presumptive Mesoderm, Presumptive Ectoderm",Erythroid Lineage Cell,21,0.04838709677419355,434,100,0.03,42,2.5
Margin,Forebrain,19,0.17272727272727273,110,22,0.03,42,2.5
Presumptive Mesoderm,Somite,19,0.09743589743589744,195,47,0.03,42,2.5
Presumptive Mesoderm,Neural Crest,19,0.09743589743589744,195,47,0.03,42,2.5
"Presumptive Mesoderm, Presumptive Ectoderm",Forebrain,19,0.04377880184331797,434,100,0.03,42,2.5
Proliferative Like Cell,Neural Crest,17,0.05167173252279635,329,69,0.03,42,2.5
Margin,Angioblastic Mesenchymal Cell,16,0.14545454545454545,110,22,0.03,42,2.5
Presumptive Mesoderm,Adaxial Cell,15,0.07692307692307693,195,47,0.03,42,2.5
Presumptive Mesoderm,Angioblastic Mesenchymal Cell,15,0.07692307692307693,195,47,0.03,42,2.5
Yolk Syncytial Layer,Erythroid Lineage Cell,14,0.05785123966942149,242,29,0.03,42,2.5
Hypoblast,Somite,14,0.1111111111111111,126,24,0.03,42,2.5
Margin,Periderm,14,0.12727272727272726,110,22,0.03,42,2.5
Proliferative Like Cell,"Segmental Plate, Tail Bud",13,0.03951367781155015,329,69,0.03,42,2.5
Hypoblast,Neural Crest,11,0.0873015873015873,126,24,0.03,42,2.5
EVL,Periderm,11,0.009838998211091235,1118,272,0.03,42,2.5
Proliferative Like Cell,Erythroid Lineage Cell,10,0.030395136778115502,329,69,0.03,42,2.5
Margin,Notochord,10,0.09090909090909091,110,22,0.03,42,2.5
Margin,Neural Rod,9,0.08181818181818182,110,22,0.03,42,2.5
Margin,Erythroid Lineage Cell,9,0.08181818181818182,110,22,0.03,42,2.5
EVL,Angioblastic Mesenchymal Cell,9,0.008050089445438283,1118,272,0.03,42,2.5
Yolk Syncytial Layer,Angioblastic Mesenchymal Cell,9,0.0371900826446281,242,29,0.03,42,2.5
Presumptive Mesoderm,Periderm,9,0.046153846153846156,195,47,0.03,42,2.5
"Presumptive Mesoderm, Presumptive Ectoderm",Angioblastic Mesenchymal Cell,9,0.020737327188940093,434,100,0.03,42,2.5
Proliferative Like Cell,Forebrain,9,0.02735562310030395,329,69,0.03,42,2.5
Proliferative Like Cell,Angioblastic Mesenchymal Cell,8,0.0243161094224924,329,69,0.03,42,2.5
EVL,Polster,8,0.007155635062611807,1118,272,0.03,42,2.5
EVL,Erythroid Lineage Cell,8,0.007155635062611807,1118,272,0.03,42,2.5
Presumptive Mesoderm,Polster,7,0.035897435897435895,195,47,0.03,42,2.5
Margin,Polster,7,0.06363636363636363,110,22,0.03,42,2.5
Margin,Yolk Syncytial Layer,7,0.06363636363636363,110,22,0.03,42,2.5
Margin,"Yolk Syncytial Layer, Periderm",6,0.05454545454545454,110,22,0.03,42,2.5
EVL,Nervous System,6,0.005366726296958855,1118,272,0.03,42,2.5
Yolk Syncytial Layer,Forebrain,6,0.024793388429752067,242,29,0.03,42,2.5
Yolk Syncytial Layer,Hatching Gland,5,0.02066115702479339,242,29,0.03,42,2.5
Yolk Syncytial Layer,Neural Crest,5,0.02066115702479339,242,29,0.03,42,2.5
Margin,Hatching Gland,5,0.045454545454545456,110,22,0.03,42,2.5
Hypoblast,"Segmental Plate, Tail Bud",5,0.03968253968253968,126,24,0.03,42,2.5
Hypoblast,Erythroid Lineage Cell,5,0.03968253968253968,126,24,0.03,42,2.5
Presumptive Mesoderm,Hatching Gland,5,0.02564102564102564,195,47,0.03,42,2.5
Hypoblast,"Neural Crest, Otic Vesicle",5,0.03968253968253968,126,24,0.03,42,2.5
Proliferative Like Cell,Periderm,4,0.0121580547112462,329,69,0.03,42,2.5
Presumptive Mesoderm,Erythroid Lineage Cell,3,0.015384615384615385,195,47,0.03,42,2.5
Hypoblast,Angioblastic Mesenchymal Cell,3,0.023809523809523808,126,24,0.03,42,2.5
Margin,Adaxial Cell,3,0.02727272727272727,110,22,0.03,42,2.5
EVL,"Immature Eye, Midbrain",2,0.0017889087656529517,1118,272,0.03,42,2.5
Proliferative Like Cell,Nervous System,2,0.0060790273556231,329,69,0.03,42,2.5
Margin,Neural Crest,2,0.01818181818181818,110,22,0.03,42,2.5
Margin,Optic Vesicle,2,0.01818181818181818,110,22,0.03,42,2.5
Margin,"Segmental Plate, Tail Bud",1,0.00909090909090909,110,22,0.03,42,2.5
Yolk Syncytial Layer,"Segmental Plate, Tail Bud",1,0.004132231404958678,242,29,0.03,42,2.5
Presumptive Mesoderm,Nervous System,1,0.005128205128205128,195,47,0.03,42,2.5
Presumptive Mesoderm,Optic Vesicle,1,0.005128205128205128,195,47,0.03,42,2.5
EVL,Notochord,399,0.30181543116490167,1322,272,0.03,42,3.0
EVL,Somite,302,0.22844175491679275,1322,272,0.03,42,3.0
"Presumptive Mesoderm, Presumptive Ectoderm",Notochord,194,0.37524177949709864,517,100,0.03,42,3.0
Proliferative Like Cell,Notochord,170,0.45454545454545453,374,69,0.03,42,3.0
EVL,Neural Crest,160,0.12102874432677761,1322,272,0.03,42,3.0
EVL,Nervous System,154,0.11649016641452345,1322,272,0.03,42,3.0
EVL,Forebrain,127,0.09606656580937972,1322,272,0.03,42,3.0
"Presumptive Mesoderm, Presumptive Ectoderm",Somite,102,0.19729206963249515,517,100,0.03,42,3.0
Proliferative Like Cell,Somite,76,0.20320855614973263,374,69,0.03,42,3.0
Yolk Syncytial Layer,Hatching Gland,75,0.2542372881355932,295,29,0.03,42,3.0
EVL,Angioblastic Mesenchymal Cell,73,0.05521936459909228,1322,272,0.03,42,3.0
Presumptive Mesoderm,Forebrain,68,0.28451882845188287,239,47,0.03,42,3.0
Yolk Syncytial Layer,"Yolk Syncytial Layer, Periderm",66,0.22372881355932203,295,29,0.03,42,3.0
"Presumptive Mesoderm, Presumptive Ectoderm",Erythroid Lineage Cell,59,0.11411992263056092,517,100,0.03,42,3.0
"Presumptive Mesoderm, Presumptive Ectoderm",Nervous System,55,0.10638297872340426,517,100,0.03,42,3.0
Hypoblast,Notochord,52,0.3561643835616438,146,24,0.03,42,3.0
Presumptive Mesoderm,Notochord,52,0.2175732217573222,239,47,0.03,42,3.0
Yolk Syncytial Layer,Yolk Syncytial Layer,46,0.15593220338983052,295,29,0.03,42,3.0
Yolk Syncytial Layer,Erythroid Lineage Cell,44,0.14915254237288136,295,29,0.03,42,3.0
Margin,Forebrain,42,0.3111111111111111,135,22,0.03,42,3.0
Yolk Syncytial Layer,Neural Crest,40,0.13559322033898305,295,29,0.03,42,3.0
"Presumptive Mesoderm, Presumptive Ectoderm",Neural Crest,38,0.0735009671179884,517,100,0.03,42,3.0
EVL,Neural Rod,38,0.028744326777609682,1322,272,0.03,42,3.0
Proliferative Like Cell,Neural Crest,33,0.08823529411764706,374,69,0.03,42,3.0
Hypoblast,Neural Crest,32,0.2191780821917808,146,24,0.03,42,3.0
"Presumptive Mesoderm, Presumptive Ectoderm",Forebrain,31,0.059961315280464215,517,100,0.03,42,3.0
Proliferative Like Cell,Nervous System,31,0.08288770053475936,374,69,0.03,42,3.0
EVL,Adaxial Cell,30,0.0226928895612708,1322,272,0.03,42,3.0
Presumptive Mesoderm,Angioblastic Mesenchymal Cell,29,0.12133891213389121,239,47,0.03,42,3.0
Presumptive Mesoderm,Neural Crest,26,0.1087866108786611,239,47,0.03,42,3.0
EVL,Erythroid Lineage Cell,25,0.018910741301059002,1322,272,0.03,42,3.0
Proliferative Like Cell,Forebrain,24,0.06417112299465241,374,69,0.03,42,3.0
Hypoblast,Somite,20,0.136986301369863,146,24,0.03,42,3.0
Margin,Angioblastic Mesenchymal Cell,19,0.14074074074074075,135,22,0.03,42,3.0
Presumptive Mesoderm,Nervous System,18,0.07531380753138076,239,47,0.03,42,3.0
Presumptive Mesoderm,Somite,17,0.07112970711297072,239,47,0.03,42,3.0
Margin,Hatching Gland,17,0.1259259259259259,135,22,0.03,42,3.0
Proliferative Like Cell,Angioblastic Mesenchymal Cell,16,0.0427807486631016,374,69,0.03,42,3.0
Margin,Notochord,15,0.1111111111111111,135,22,0.03,42,3.0
Proliferative Like Cell,Erythroid Lineage Cell,12,0.03208556149732621,374,69,0.03,42,3.0
Margin,Neural Crest,12,0.08888888888888889,135,22,0.03,42,3.0
Margin,Nervous System,11,0.08148148148148149,135,22,0.03,42,3.0
"Presumptive Mesoderm, Presumptive Ectoderm",Adaxial Cell,11,0.02127659574468085,517,100,0.03,42,3.0
Hypoblast,Nervous System,10,0.0684931506849315,146,24,0.03,42,3.0
Hypoblast,Erythroid Lineage Cell,10,0.0684931506849315,146,24,0.03,42,3.0
"Presumptive Mesoderm, Presumptive Ectoderm",Angioblastic Mesenchymal Cell,10,0.019342359767891684,517,100,0.03,42,3.0
Margin,Erythroid Lineage Cell,10,0.07407407407407407,135,22,0.03,42,3.0
Presumptive Mesoderm,Erythroid Lineage Cell,10,0.04184100418410042,239,47,0.03,42,3.0
Presumptive Mesoderm,Hatching Gland,8,0.03347280334728033,239,47,0.03,42,3.0
Hypoblast,"Neural Crest, Otic Vesicle",8,0.0547945205479452,146,24,0.03,42,3.0
EVL,"Segmental Plate, Tail Bud",8,0.006051437216338881,1322,272,0.03,42,3.0
Hypoblast,Forebrain,7,0.04794520547945205,146,24,0.03,42,3.0
Hypoblast,Angioblastic Mesenchymal Cell,7,0.04794520547945205,146,24,0.03,42,3.0
"Presumptive Mesoderm, Presumptive Ectoderm",Anterior Erythroid Lineage Cell,7,0.013539651837524178,517,100,0.03,42,3.0
Yolk Syncytial Layer,Forebrain,7,0.023728813559322035,295,29,0.03,42,3.0
Yolk Syncytial Layer,Angioblastic Mesenchymal Cell,6,0.020338983050847456,295,29,0.03,42,3.0
EVL,Optic Vesicle,5,0.0037821482602118004,1322,272,0.03,42,3.0
Proliferative Like Cell,"Segmental Plate, Tail Bud",5,0.013368983957219251,374,69,0.03,42,3.0
Yolk Syncytial Layer,"Musculature System, Yolk Syncytial Layer",4,0.013559322033898305,295,29,0.03,42,3.0
Yolk Syncytial Layer,Pronephros,4,0.013559322033898305,295,29,0.03,42,3.0
Proliferative Like Cell,Adaxial Cell,4,0.0106951871657754,374,69,0.03,42,3.0
"Presumptive Mesoderm, Presumptive Ectoderm",Neural Rod,3,0.005802707930367505,517,100,0.03,42,3.0
Presumptive Mesoderm,"Segmental Plate, Tail Bud",3,0.012552301255230125,239,47,0.03,42,3.0
Margin,Neural Rod,3,0.022222222222222223,135,22,0.03,42,3.0
"Presumptive Mesoderm, Presumptive Ectoderm",Fast Muscle Cell,2,0.0038684719535783366,517,100,0.03,42,3.0
"Presumptive Mesoderm, Presumptive Ectoderm",Hatching Gland,2,0.0038684719535783366,517,100,0.03,42,3.0
"Presumptive Mesoderm, Presumptive Ectoderm",Epidermis,2,0.0038684719535783366,517,100,0.03,42,3.0
Yolk Syncytial Layer,Anterior Erythroid Lineage Cell,2,0.006779661016949152,295,29,0.03,42,3.0
Presumptive Mesoderm,Adaxial Cell,2,0.008368200836820083,239,47,0.03,42,3.0
Proliferative Like Cell,Epidermis,2,0.0053475935828877,374,69,0.03,42,3.0
Presumptive Mesoderm,"Immature Eye, Midbrain",2,0.008368200836820083,239,47,0.03,42,3.0
Margin,Polster,2,0.014814814814814815,135,22,0.03,42,3.0
Margin,Periderm,2,0.014814814814814815,135,22,0.03,42,3.0
EVL,Myotome,1,0.0007564296520423601,1322,272,0.03,42,3.0
Yolk Syncytial Layer,Notochord,1,0.003389830508474576,295,29,0.03,42,3.0
Presumptive Mesoderm,Spinal Cord Dorsal Region,1,0.0041841004184100415,239,47,0.03,42,3.0
Presumptive Mesoderm,"Neural Crest, Otic Vesicle",1,0.0041841004184100415,239,47,0.03,42,3.0
"Presumptive Mesoderm, Presumptive Ectoderm",Pronephros,1,0.0019342359767891683,517,100,0.03,42,3.0
Presumptive Mesoderm,"Musculature System, Yolk Syncytial Layer",1,0.0041841004184100415,239,47,0.03,42,3.0
Margin,Epidermis,1,0.007407407407407408,135,22,0.03,42,3.0
Presumptive Mesoderm,Anterior Erythroid Lineage Cell,1,0.0041841004184100415,239,47,0.03,42,3.0
Margin,"Segmental Plate, Tail Bud",1,0.007407407407407408,135,22,0.03,42,3.0
Proliferative Like Cell,Pronephros,1,0.00267379679144385,374,69,0.03,42,3.0
EVL,Nervous System,574,0.3390431187241583,1693,272,0.03,42,3.5
EVL,Notochord,447,0.2640283520378027,1693,272,0.03,42,3.5
EVL,Somite,235,0.13880685174246898,1693,272,0.03,42,3.5
"Presumptive Mesoderm, Presumptive Ectoderm",Notochord,181,0.27341389728096677,662,100,0.03,42,3.5
Proliferative Like Cell,Notochord,161,0.3292433537832311,489,69,0.03,42,3.5
"Presumptive Mesoderm, Presumptive Ectoderm",Nervous System,137,0.20694864048338368,662,100,0.03,42,3.5
Proliferative Like Cell,Nervous System,126,0.25766871165644173,489,69,0.03,42,3.5
EVL,Forebrain,114,0.06733608978145304,1693,272,0.03,42,3.5
Yolk Syncytial Layer,"Musculature System, Yolk Syncytial Layer",95,0.2540106951871658,374,29,0.03,42,3.5
"Presumptive Mesoderm, Presumptive Ectoderm",Somite,82,0.12386706948640483,662,100,0.03,42,3.5
Hypoblast,Nervous System,77,0.41397849462365593,186,24,0.03,42,3.5
Presumptive Mesoderm,Forebrain,73,0.25435540069686413,287,47,0.03,42,3.5
Presumptive Mesoderm,Nervous System,69,0.24041811846689895,287,47,0.03,42,3.5
Hypoblast,Notochord,67,0.3602150537634409,186,24,0.03,42,3.5
Yolk Syncytial Layer,Hatching Gland,67,0.17914438502673796,374,29,0.03,42,3.5
EVL,Spinal Cord Dorsal Region,64,0.03780271707028943,1693,272,0.03,42,3.5
Proliferative Like Cell,Somite,62,0.12678936605316973,489,69,0.03,42,3.5
Margin,Nervous System,61,0.3465909090909091,176,22,0.03,42,3.5
Presumptive Mesoderm,Notochord,50,0.17421602787456447,287,47,0.03,42,3.5
"Presumptive Mesoderm, Presumptive Ectoderm",Pronephros,47,0.07099697885196375,662,100,0.03,42,3.5
"Presumptive Mesoderm, Presumptive Ectoderm","Musculature System, Yolk Syncytial Layer",45,0.06797583081570997,662,100,0.03,42,3.5
Yolk Syncytial Layer,Anterior Erythroid Lineage Cell,44,0.11764705882352941,374,29,0.03,42,3.5
Margin,Forebrain,41,0.23295454545454544,176,22,0.03,42,3.5
Proliferative Like Cell,Spinal Cord Dorsal Region,37,0.07566462167689161,489,69,0.03,42,3.5
EVL,Neural Crest,36,0.021264028352037802,1693,272,0.03,42,3.5
Yolk Syncytial Layer,Pronephros,36,0.0962566844919786,374,29,0.03,42,3.5
EVL,Angioblastic Mesenchymal Cell,35,0.02067336089781453,1693,272,0.03,42,3.5
"Presumptive Mesoderm, Presumptive Ectoderm",Anterior Erythroid Lineage Cell,34,0.0513595166163142,662,100,0.03,42,3.5
EVL,Pronephros,32,0.018901358535144713,1693,272,0.03,42,3.5
EVL,Fast Muscle Cell,30,0.01772002362669817,1693,272,0.03,42,3.5
Yolk Syncytial Layer,Erythroid Lineage Cell,28,0.0748663101604278,374,29,0.03,42,3.5
"Presumptive Mesoderm, Presumptive Ectoderm",Fast Muscle Cell,28,0.04229607250755287,662,100,0.03,42,3.5
Yolk Syncytial Layer,Neural Crest,27,0.07219251336898395,374,29,0.03,42,3.5
EVL,Myotome,26,0.01535735380980508,1693,272,0.03,42,3.5
"Presumptive Mesoderm, Presumptive Ectoderm",Myotome,26,0.03927492447129909,662,100,0.03,42,3.5
Proliferative Like Cell,Myotome,26,0.053169734151329244,489,69,0.03,42,3.5
EVL,Epidermis,24,0.014176018901358535,1693,272,0.03,42,3.5
EVL,Anterior Erythroid Lineage Cell,23,0.013585351447135264,1693,272,0.03,42,3.5
"Presumptive Mesoderm, Presumptive Ectoderm",Epidermis,20,0.030211480362537766,662,100,0.03,42,3.5
"Presumptive Mesoderm, Presumptive Ectoderm",Erythroid Lineage Cell,20,0.030211480362537766,662,100,0.03,42,3.5
EVL,Erythroid Lineage Cell,18,0.010632014176018901,1693,272,0.03,42,3.5
Yolk Syncytial Layer,Forebrain,18,0.0481283422459893,374,29,0.03,42,3.5
Presumptive Mesoderm,Pronephros,17,0.059233449477351915,287,47,0.03,42,3.5
Yolk Syncytial Layer,Yolk Syncytial Layer,16,0.0427807486631016,374,29,0.03,42,3.5
Yolk Syncytial Layer,"Yolk Syncytial Layer, Periderm",16,0.0427807486631016,374,29,0.03,42,3.5
Presumptive Mesoderm,Hatching Gland,15,0.05226480836236934,287,47,0.03,42,3.5
Presumptive Mesoderm,Anterior Erythroid Lineage Cell,15,0.05226480836236934,287,47,0.03,42,3.5
Proliferative Like Cell,Pronephros,15,0.03067484662576687,489,69,0.03,42,3.5
Hypoblast,Somite,14,0.07526881720430108,186,24,0.03,42,3.5
Proliferative Like Cell,Fast Muscle Cell,13,0.026584867075664622,489,69,0.03,42,3.5
"Presumptive Mesoderm, Presumptive Ectoderm",Forebrain,13,0.019637462235649546,662,100,0.03,42,3.5
Proliferative Like Cell,Anterior Erythroid Lineage Cell,13,0.026584867075664622,489,69,0.03,42,3.5
Yolk Syncytial Layer,Nervous System,13,0.034759358288770054,374,29,0.03,42,3.5
Margin,Hatching Gland,11,0.0625,176,22,0.03,42,3.5
Proliferative Like Cell,Epidermis,11,0.022494887525562373,489,69,0.03,42,3.5
EVL,Spinal Cord Anterior Region,10,0.005906674542232723,1693,272,0.03,42,3.5
Margin,Myotome,10,0.056818181818181816,176,22,0.03,42,3.5
Margin,"Musculature System, Yolk Syncytial Layer",9,0.05113636363636364,176,22,0.03,42,3.5
Presumptive Mesoderm,Neural Crest,9,0.0313588850174216,287,47,0.03,42,3.5
"Presumptive Mesoderm, Presumptive Ectoderm",Eye,8,0.012084592145015106,662,100,0.03,42,3.5
Margin,Anterior Erythroid Lineage Cell,8,0.045454545454545456,176,22,0.03,42,3.5
"Presumptive Mesoderm, Presumptive Ectoderm",Spinal Cord Dorsal Region,8,0.012084592145015106,662,100,0.03,42,3.5
Proliferative Like Cell,Forebrain,8,0.016359918200409,489,69,0.03,42,3.5
Proliferative Like Cell,Neural Crest,8,0.016359918200409,489,69,0.03,42,3.5
Margin,Eye,8,0.045454545454545456,176,22,0.03,42,3.5
Margin,Neural Crest,8,0.045454545454545456,176,22,0.03,42,3.5
Presumptive Mesoderm,Myotome,7,0.024390243902439025,287,47,0.03,42,3.5
"Presumptive Mesoderm, Presumptive Ectoderm",Spinal Cord Ventral Region,7,0.010574018126888218,662,100,0.03,42,3.5
Hypoblast,Fast Muscle Cell,7,0.03763440860215054,186,24,0.03,42,3.5
Presumptive Mesoderm,Angioblastic Mesenchymal Cell,6,0.020905923344947737,287,47,0.03,42,3.5
Yolk Syncytial Layer,Notochord,6,0.016042780748663103,374,29,0.03,42,3.5
Presumptive Mesoderm,"Musculature System, Yolk Syncytial Layer",6,0.020905923344947737,287,47,0.03,42,3.5
EVL,Spinal Cord Ventral Region,6,0.0035440047253396337,1693,272,0.03,42,3.5
EVL,Eye,5,0.0029533372711163615,1693,272,0.03,42,3.5
Presumptive Mesoderm,Spinal Cord Dorsal Region,5,0.017421602787456445,287,47,0.03,42,3.5
Presumptive Mesoderm,Epidermis,5,0.017421602787456445,287,47,0.03,42,3.5
Margin,Epidermis,5,0.028409090909090908,176,22,0.03,42,3.5
Hypoblast,Spinal Cord Dorsal Region,5,0.026881720430107527,186,24,0.03,42,3.5
EVL,Slow Muscle Cell,5,0.0029533372711163615,1693,272,0.03,42,3.5
Hypoblast,Erythroid Lineage Cell,5,0.026881720430107527,186,24,0.03,42,3.5
Presumptive Mesoderm,Erythroid Lineage Cell,4,0.013937282229965157,287,47,0.03,42,3.5
Proliferative Like Cell,Angioblastic Mesenchymal Cell,4,0.0081799591002045,489,69,0.03,42,3.5
Margin,Angioblastic Mesenchymal Cell,4,0.022727272727272728,176,22,0.03,42,3.5
Margin,Notochord,4,0.022727272727272728,176,22,0.03,42,3.5
Presumptive Mesoderm,Somite,4,0.013937282229965157,287,47,0.03,42,3.5
"Presumptive Mesoderm, Presumptive Ectoderm",Pigment Cell,4,0.006042296072507553,662,100,0.03,42,3.5
Yolk Syncytial Layer,Eye,3,0.008021390374331552,374,29,0.03,42,3.5
EVL,Adaxial Cell,3,0.0017720023626698169,1693,272,0.03,42,3.5
Hypoblast,Pronephros,3,0.016129032258064516,186,24,0.03,42,3.5
EVL,"Musculature System, Yolk Syncytial Layer",3,0.0017720023626698169,1693,272,0.03,42,3.5
Margin,Pronephros,3,0.017045454545454544,176,22,0.03,42,3.5
Yolk Syncytial Layer,Angioblastic Mesenchymal Cell,3,0.008021390374331552,374,29,0.03,42,3.5
Hypoblast,Angioblastic Mesenchymal Cell,3,0.016129032258064516,186,24,0.03,42,3.5
Proliferative Like Cell,Spinal Cord Ventral Region,3,0.006134969325153374,489,69,0.03,42,3.5
Hypoblast,Anterior Erythroid Lineage Cell,3,0.016129032258064516,186,24,0.03,42,3.5
Yolk Syncytial Layer,Epidermis,2,0.0053475935828877,374,29,0.03,42,3.5
Margin,Spinal Cord Dorsal Region,2,0.011363636363636364,176,22,0.03,42,3.5
EVL,Pigment Cell,2,0.0011813349084465446,1693,272,0.03,42,3.5
Margin,Erythroid Lineage Cell,2,0.011363636363636364,176,22,0.03,42,3.5
Presumptive Mesoderm,Pigment Cell,1,0.003484320557491289,287,47,0.03,42,3.5
"Presumptive Mesoderm, Presumptive Ectoderm",Angioblastic Mesenchymal Cell,1,0.0015105740181268882,662,100,0.03,42,3.5
Presumptive Mesoderm,Spinal Cord Ventral Region,1,0.003484320557491289,287,47,0.03,42,3.5
EVL,Hatching Gland,1,0.0005906674542232723,1693,272,0.03,42,3.5
"Presumptive Mesoderm, Presumptive Ectoderm",Slow Muscle Cell,1,0.0015105740181268882,662,100,0.03,42,3.5
Proliferative Like Cell,Erythroid Lineage Cell,1,0.002044989775051125,489,69,0.03,42,3.5
Hypoblast,Neural Crest,1,0.005376344086021506,186,24,0.03,42,3.5
Proliferative Like Cell,"Musculature System, Yolk Syncytial Layer",1,0.002044989775051125,489,69,0.03,42,3.5
Hypoblast,"Musculature System, Yolk Syncytial Layer",1,0.005376344086021506,186,24,0.03,42,3.5
EVL,Nervous System,795,0.3324968632371393,2391,272,0.03,42,4.0
EVL,Pronephros,309,0.12923462986198245,2391,272,0.03,42,4.0
Yolk Syncytial Layer,"Musculature System, Yolk Syncytial Layer",250,0.49407114624505927,506,29,0.03,42,4.0
"Presumptive Mesoderm, Presumptive Ectoderm","Musculature System, Yolk Syncytial Layer",241,0.25720384204909286,937,100,0.03,42,4.0
EVL,Notochord,230,0.09619406106231702,2391,272,0.03,42,4.0
"Presumptive Mesoderm, Presumptive Ectoderm",Pronephros,206,0.2198505869797225,937,100,0.03,42,4.0
EVL,Fast Muscle Cell,192,0.08030112923462986,2391,272,0.03,42,4.0
EVL,Spinal Cord Dorsal Region,186,0.07779171894604768,2391,272,0.03,42,4.0
"Presumptive Mesoderm, Presumptive Ectoderm",Nervous System,173,0.18463180362860193,937,100,0.03,42,4.0
EVL,Myotome,168,0.07026348808030113,2391,272,0.03,42,4.0
Proliferative Like Cell,Nervous System,151,0.20656634746922026,731,69,0.03,42,4.0
Proliferative Like Cell,Pronephros,118,0.16142270861833105,731,69,0.03,42,4.0
EVL,"Musculature System, Yolk Syncytial Layer",118,0.0493517356754496,2391,272,0.03,42,4.0
Margin,Nervous System,105,0.4268292682926829,246,22,0.03,42,4.0
Proliferative Like Cell,Spinal Cord Dorsal Region,93,0.12722298221614228,731,69,0.03,42,4.0
Presumptive Mesoderm,Nervous System,87,0.23138297872340424,376,47,0.03,42,4.0
"Presumptive Mesoderm, Presumptive Ectoderm",Fast Muscle Cell,86,0.09178228388473852,937,100,0.03,42,4.0
EVL,Forebrain,84,0.03513174404015056,2391,272,0.03,42,4.0
Hypoblast,Nervous System,84,0.32558139534883723,258,24,0.03,42,4.0
Proliferative Like Cell,"Musculature System, Yolk Syncytial Layer",82,0.1121751025991792,731,69,0.03,42,4.0
Yolk Syncytial Layer,Pronephros,81,0.1600790513833992,506,29,0.03,42,4.0
EVL,Spinal Cord Ventral Region,80,0.033458803847762446,2391,272,0.03,42,4.0
Proliferative Like Cell,Notochord,77,0.10533515731874145,731,69,0.03,42,4.0
Yolk Syncytial Layer,Anterior Erythroid Lineage Cell,69,0.13636363636363635,506,29,0.03,42,4.0
EVL,Somite,66,0.027603513174404015,2391,272,0.03,42,4.0
Presumptive Mesoderm,"Musculature System, Yolk Syncytial Layer",63,0.1675531914893617,376,47,0.03,42,4.0
Proliferative Like Cell,Fast Muscle Cell,61,0.08344733242134063,731,69,0.03,42,4.0
Proliferative Like Cell,Myotome,59,0.08071135430916553,731,69,0.03,42,4.0
Presumptive Mesoderm,Forebrain,58,0.15425531914893617,376,47,0.03,42,4.0
EVL,Anterior Erythroid Lineage Cell,55,0.02300292764533668,2391,272,0.03,42,4.0
"Presumptive Mesoderm, Presumptive Ectoderm",Notochord,54,0.0576307363927428,937,100,0.03,42,4.0
Margin,"Musculature System, Yolk Syncytial Layer",52,0.21138211382113822,246,22,0.03,42,4.0
Hypoblast,Fast Muscle Cell,51,0.19767441860465115,258,24,0.03,42,4.0
Hypoblast,Pronephros,47,0.1821705426356589,258,24,0.03,42,4.0
"Presumptive Mesoderm, Presumptive Ectoderm",Spinal Cord Dorsal Region,46,0.04909284951974386,937,100,0.03,42,4.0
Yolk Syncytial Layer,Hatching Gland,43,0.08498023715415019,506,29,0.03,42,4.0
Presumptive Mesoderm,Notochord,36,0.09574468085106383,376,47,0.03,42,4.0
"Presumptive Mesoderm, Presumptive Ectoderm",Myotome,36,0.0384204909284952,937,100,0.03,42,4.0
EVL,Spinal Cord Anterior Region,36,0.015056461731493099,2391,272,0.03,42,4.0
"Presumptive Mesoderm, Presumptive Ectoderm",Anterior Erythroid Lineage Cell,34,0.03628601921024546,937,100,0.03,42,4.0
Presumptive Mesoderm,Anterior Erythroid Lineage Cell,33,0.08776595744680851,376,47,0.03,42,4.0
Margin,Forebrain,33,0.13414634146341464,246,22,0.03,42,4.0
Proliferative Like Cell,Anterior Erythroid Lineage Cell,32,0.04377564979480164,731,69,0.03,42,4.0
Hypoblast,Notochord,32,0.12403100775193798,258,24,0.03,42,4.0
Hypoblast,"Musculature System, Yolk Syncytial Layer",31,0.12015503875968993,258,24,0.03,42,4.0
Yolk Syncytial Layer,Nervous System,28,0.05533596837944664,506,29,0.03,42,4.0
Proliferative Like Cell,Spinal Cord Ventral Region,27,0.036935704514363885,731,69,0.03,42,4.0
Presumptive Mesoderm,Pigment Cell,24,0.06382978723404255,376,47,0.03,42,4.0
Proliferative Like Cell,Somite,22,0.030095759233926128,731,69,0.03,42,4.0
Presumptive Mesoderm,Hatching Gland,22,0.05851063829787234,376,47,0.03,42,4.0
EVL,Eye,21,0.00878293601003764,2391,272,0.03,42,4.0
Presumptive Mesoderm,Pronephros,18,0.047872340425531915,376,47,0.03,42,4.0
EVL,Slow Muscle Cell,18,0.0075282308657465494,2391,272,0.03,42,4.0
"Presumptive Mesoderm, Presumptive Ectoderm",Eye,17,0.01814300960512273,937,100,0.03,42,4.0
Presumptive Mesoderm,Myotome,17,0.04521276595744681,376,47,0.03,42,4.0
EVL,Pigment Cell,16,0.006691760769552488,2391,272,0.03,42,4.0
Margin,Hatching Gland,13,0.052845528455284556,246,22,0.03,42,4.0
Yolk Syncytial Layer,Eye,12,0.023715415019762844,506,29,0.03,42,4.0
"Presumptive Mesoderm, Presumptive Ectoderm",Spinal Cord Ventral Region,12,0.012806830309498399,937,100,0.03,42,4.0
"Presumptive Mesoderm, Presumptive Ectoderm",Somite,12,0.012806830309498399,937,100,0.03,42,4.0
"Presumptive Mesoderm, Presumptive Ectoderm",Epidermis,12,0.012806830309498399,937,100,0.03,42,4.0
Yolk Syncytial Layer,Forebrain,12,0.023715415019762844,506,29,0.03,42,4.0
EVL,Epidermis,11,0.004600585529067336,2391,272,0.03,42,4.0
Hypoblast,Spinal Cord Dorsal Region,10,0.03875968992248062,258,24,0.03,42,4.0
Margin,Pigment Cell,10,0.04065040650406504,246,22,0.03,42,4.0
Margin,Eye,9,0.036585365853658534,246,22,0.03,42,4.0
Margin,Anterior Erythroid Lineage Cell,8,0.032520325203252036,246,22,0.03,42,4.0
Margin,Pronephros,7,0.028455284552845527,246,22,0.03,42,4.0
Presumptive Mesoderm,Spinal Cord Dorsal Region,7,0.018617021276595744,376,47,0.03,42,4.0
Margin,Myotome,7,0.028455284552845527,246,22,0.03,42,4.0
EVL,Hatching Gland,6,0.002509410288582183,2391,272,0.03,42,4.0
Proliferative Like Cell,Pigment Cell,5,0.006839945280437756,731,69,0.03,42,4.0
Presumptive Mesoderm,Epidermis,5,0.013297872340425532,376,47,0.03,42,4.0
"Presumptive Mesoderm, Presumptive Ectoderm",Forebrain,4,0.004268943436499467,937,100,0.03,42,4.0
Yolk Syncytial Layer,Pigment Cell,4,0.007905138339920948,506,29,0.03,42,4.0
Yolk Syncytial Layer,Notochord,4,0.007905138339920948,506,29,0.03,42,4.0
"Presumptive Mesoderm, Presumptive Ectoderm",Pigment Cell,4,0.004268943436499467,937,100,0.03,42,4.0
Presumptive Mesoderm,Eye,2,0.005319148936170213,376,47,0.03,42,4.0
Margin,Epidermis,2,0.008130081300813009,246,22,0.03,42,4.0
Hypoblast,Spinal Cord Ventral Region,2,0.007751937984496124,258,24,0.03,42,4.0
Presumptive Mesoderm,Spinal Cord Ventral Region,2,0.005319148936170213,376,47,0.03,42,4.0
Yolk Syncytial Layer,Yolk Syncytial Layer,2,0.003952569169960474,506,29,0.03,42,4.0
Proliferative Like Cell,Forebrain,2,0.0027359781121751026,731,69,0.03,42,4.0
Yolk Syncytial Layer,Spinal Cord Dorsal Region,1,0.001976284584980237,506,29,0.03,42,4.0
Presumptive Mesoderm,Neural Crest,1,0.0026595744680851063,376,47,0.03,42,4.0
Presumptive Mesoderm,Somite,1,0.0026595744680851063,376,47,0.03,42,4.0
Hypoblast,Anterior Erythroid Lineage Cell,1,0.003875968992248062,258,24,0.03,42,4.0
Proliferative Like Cell,Epidermis,1,0.0013679890560875513,731,69,0.03,42,4.0
Proliferative Like Cell,Eye,1,0.0013679890560875513,731,69,0.03,42,4.0
EVL,EVL,272,1.0,272,272,0.06,42,0.0
"Presumptive Mesoderm, Presumptive Ectoderm","Presumptive Mesoderm, Presumptive Ectoderm",100,1.0,100,100,0.06,42,0.0
Proliferative Like Cell,Proliferative Like Cell,69,1.0,69,69,0.06,42,0.0
Presumptive Mesoderm,Presumptive Mesoderm,47,1.0,47,47,0.06,42,0.0
Yolk Syncytial Layer,Yolk Syncytial Layer,29,1.0,29,29,0.06,42,0.0
Hypoblast,Hypoblast,24,1.0,24,24,0.06,42,0.0
Margin,Margin,22,1.0,22,22,0.06,42,0.0
EVL,Notochord,75,0.21676300578034682,346,272,0.06,42,0.5
EVL,"Paraxial Mesoderm, Neural Keel",53,0.1531791907514451,346,272,0.06,42,0.5
EVL,EVL,51,0.14739884393063585,346,272,0.06,42,0.5
Yolk Syncytial Layer,Yolk Syncytial Layer,47,1.0,47,29,0.06,42,0.5
EVL,"Segmental Plate, Tail Bud",39,0.11271676300578035,346,272,0.06,42,0.5
"Presumptive Mesoderm, Presumptive Ectoderm","Segmental Plate, Tail Bud",37,0.29133858267716534,127,100,0.06,42,0.5
"Presumptive Mesoderm, Presumptive Ectoderm","Presumptive Mesoderm, Presumptive Ectoderm",31,0.2440944881889764,127,100,0.06,42,0.5
EVL,Presumptive Mesoderm,30,0.08670520231213873,346,272,0.06,42,0.5
EVL,Periderm,30,0.08670520231213873,346,272,0.06,42,0.5
EVL,"Presumptive Mesoderm, Presumptive Ectoderm",28,0.08092485549132948,346,272,0.06,42,0.5
EVL,Proliferative Like Cell,27,0.07803468208092486,346,272,0.06,42,0.5
"Presumptive Mesoderm, Presumptive Ectoderm",Notochord,27,0.2125984251968504,127,100,0.06,42,0.5
"Presumptive Mesoderm, Presumptive Ectoderm","Paraxial Mesoderm, Neural Keel",20,0.15748031496062992,127,100,0.06,42,0.5
Presumptive Mesoderm,Yolk Syncytial Layer,19,0.3392857142857143,56,47,0.06,42,0.5
Proliferative Like Cell,"Segmental Plate, Tail Bud",18,0.2,90,69,0.06,42,0.5
Proliferative Like Cell,"Paraxial Mesoderm, Neural Keel",15,0.16666666666666666,90,69,0.06,42,0.5
Proliferative Like Cell,Notochord,15,0.16666666666666666,90,69,0.06,42,0.5
Proliferative Like Cell,Proliferative Like Cell,15,0.16666666666666666,90,69,0.06,42,0.5
Margin,Yolk Syncytial Layer,14,0.4666666666666667,30,22,0.06,42,0.5
Hypoblast,Notochord,12,0.36363636363636365,33,24,0.06,42,0.5
Proliferative Like Cell,"Presumptive Mesoderm, Presumptive Ectoderm",12,0.13333333333333333,90,69,0.06,42,0.5
Presumptive Mesoderm,"Segmental Plate, Tail Bud",8,0.14285714285714285,56,47,0.06,42,0.5
Presumptive Mesoderm,"Paraxial Mesoderm, Neural Keel",8,0.14285714285714285,56,47,0.06,42,0.5
Margin,"Segmental Plate, Tail Bud",7,0.23333333333333334,30,22,0.06,42,0.5
Hypoblast,"Segmental Plate, Tail Bud",7,0.21212121212121213,33,24,0.06,42,0.5
Presumptive Mesoderm,"Presumptive Mesoderm, Presumptive Ectoderm",6,0.10714285714285714,56,47,0.06,42,0.5
Hypoblast,"Paraxial Mesoderm, Neural Keel",6,0.18181818181818182,33,24,0.06,42,0.5
Hypoblast,"Presumptive Mesoderm, Presumptive Ectoderm",6,0.18181818181818182,33,24,0.06,42,0.5
"Presumptive Mesoderm, Presumptive Ectoderm",Anterior Neural Keel,6,0.047244094488188976,127,100,0.06,42,0.5
Presumptive Mesoderm,Periderm,5,0.08928571428571429,56,47,0.06,42,0.5
Proliferative Like Cell,Presumptive Mesoderm,5,0.05555555555555555,90,69,0.06,42,0.5
EVL,Anterior Neural Keel,5,0.014450867052023121,346,272,0.06,42,0.5
EVL,Yolk Syncytial Layer,5,0.014450867052023121,346,272,0.06,42,0.5
Presumptive Mesoderm,Notochord,4,0.07142857142857142,56,47,0.06,42,0.5
Proliferative Like Cell,Anterior Neural Keel,4,0.044444444444444446,90,69,0.06,42,0.5
"Presumptive Mesoderm, Presumptive Ectoderm",Presumptive Mesoderm,4,0.031496062992125984,127,100,0.06,42,0.5
Proliferative Like Cell,Periderm,3,0.03333333333333333,90,69,0.06,42,0.5
Presumptive Mesoderm,Presumptive Mesoderm,3,0.05357142857142857,56,47,0.06,42,0.5
Margin,Margin,3,0.1,30,22,0.06,42,0.5
Margin,Presumptive Mesoderm,3,0.1,30,22,0.06,42,0.5
Presumptive Mesoderm,Anterior Neural Keel,3,0.05357142857142857,56,47,0.06,42,0.5
EVL,Hypoblast,2,0.005780346820809248,346,272,0.06,42,0.5
"Presumptive Mesoderm, Presumptive Ectoderm",Yolk Syncytial Layer,2,0.015748031496062992,127,100,0.06,42,0.5
Proliferative Like Cell,Hypoblast,2,0.022222222222222223,90,69,0.06,42,0.5
Hypoblast,Proliferative Like Cell,1,0.030303030303030304,33,24,0.06,42,0.5
Hypoblast,Periderm,1,0.030303030303030304,33,24,0.06,42,0.5
EVL,Margin,1,0.002890173410404624,346,272,0.06,42,0.5
Margin,EVL,1,0.03333333333333333,30,22,0.06,42,0.5
Margin,"Paraxial Mesoderm, Neural Keel",1,0.03333333333333333,30,22,0.06,42,0.5
Margin,Periderm,1,0.03333333333333333,30,22,0.06,42,0.5
Proliferative Like Cell,Yolk Syncytial Layer,1,0.011111111111111112,90,69,0.06,42,0.5
EVL,"Segmental Plate, Tail Bud",188,0.4043010752688172,465,272,0.06,42,1.0
"Presumptive Mesoderm, Presumptive Ectoderm","Segmental Plate, Tail Bud",102,0.5454545454545454,187,100,0.06,42,1.0
EVL,Periderm,101,0.2172043010752688,465,272,0.06,42,1.0
EVL,Notochord,93,0.2,465,272,0.06,42,1.0
Yolk Syncytial Layer,Yolk Syncytial Layer,83,1.0,83,29,0.06,42,1.0
Proliferative Like Cell,"Segmental Plate, Tail Bud",61,0.48412698412698413,126,69,0.06,42,1.0
EVL,"Paraxial Mesoderm, Neural Keel",53,0.11397849462365592,465,272,0.06,42,1.0
Presumptive Mesoderm,Yolk Syncytial Layer,34,0.44155844155844154,77,47,0.06,42,1.0
"Presumptive Mesoderm, Presumptive Ectoderm",Notochord,30,0.16042780748663102,187,100,0.06,42,1.0
Margin,Yolk Syncytial Layer,26,0.6341463414634146,41,22,0.06,42,1.0
"Presumptive Mesoderm, Presumptive Ectoderm","Paraxial Mesoderm, Neural Keel",24,0.12834224598930483,187,100,0.06,42,1.0
Proliferative Like Cell,Notochord,22,0.1746031746031746,126,69,0.06,42,1.0
EVL,Yolk Syncytial Layer,21,0.04516129032258064,465,272,0.06,42,1.0
Hypoblast,"Segmental Plate, Tail Bud",20,0.4444444444444444,45,24,0.06,42,1.0
Presumptive Mesoderm,"Segmental Plate, Tail Bud",19,0.24675324675324675,77,47,0.06,42,1.0
"Presumptive Mesoderm, Presumptive Ectoderm",Yolk Syncytial Layer,17,0.09090909090909091,187,100,0.06,42,1.0
Hypoblast,Notochord,14,0.3111111111111111,45,24,0.06,42,1.0
Proliferative Like Cell,"Paraxial Mesoderm, Neural Keel",14,0.1111111111111111,126,69,0.06,42,1.0
Proliferative Like Cell,Periderm,12,0.09523809523809523,126,69,0.06,42,1.0
Proliferative Like Cell,Yolk Syncytial Layer,11,0.0873015873015873,126,69,0.06,42,1.0
Margin,"Segmental Plate, Tail Bud",11,0.2682926829268293,41,22,0.06,42,1.0
Presumptive Mesoderm,Periderm,10,0.12987012987012986,77,47,0.06,42,1.0
Presumptive Mesoderm,"Paraxial Mesoderm, Neural Keel",8,0.1038961038961039,77,47,0.06,42,1.0
EVL,Anterior Neural Keel,8,0.017204301075268817,465,272,0.06,42,1.0
"Presumptive Mesoderm, Presumptive Ectoderm",Periderm,6,0.03208556149732621,187,100,0.06,42,1.0
Hypoblast,"Paraxial Mesoderm, Neural Keel",5,0.1111111111111111,45,24,0.06,42,1.0
Hypoblast,Periderm,4,0.08888888888888889,45,24,0.06,42,1.0
Proliferative Like Cell,Anterior Neural Keel,4,0.031746031746031744,126,69,0.06,42,1.0
"Presumptive Mesoderm, Presumptive Ectoderm",Adaxial Cell,3,0.016042780748663103,187,100,0.06,42,1.0
Presumptive Mesoderm,Notochord,3,0.03896103896103896,77,47,0.06,42,1.0
Presumptive Mesoderm,Anterior Neural Keel,2,0.025974025974025976,77,47,0.06,42,1.0
"Presumptive Mesoderm, Presumptive Ectoderm",Somite,2,0.0106951871657754,187,100,0.06,42,1.0
"Presumptive Mesoderm, Presumptive Ectoderm",Anterior Neural Keel,2,0.0106951871657754,187,100,0.06,42,1.0
Margin,Periderm,2,0.04878048780487805,41,22,0.06,42,1.0
EVL,"Presumptive Mesoderm, Presumptive Ectoderm",1,0.002150537634408602,465,272,0.06,42,1.0
Hypoblast,Anterior Neural Keel,1,0.022222222222222223,45,24,0.06,42,1.0
Margin,"Paraxial Mesoderm, Neural Keel",1,0.024390243902439025,41,22,0.06,42,1.0
Hypoblast,Yolk Syncytial Layer,1,0.022222222222222223,45,24,0.06,42,1.0
Margin,Notochord,1,0.024390243902439025,41,22,0.06,42,1.0
Presumptive Mesoderm,Neural Rod,1,0.012987012987012988,77,47,0.06,42,1.0
"Presumptive Mesoderm, Presumptive Ectoderm",Neural Rod,1,0.0053475935828877,187,100,0.06,42,1.0
Proliferative Like Cell,Adaxial Cell,1,0.007936507936507936,126,69,0.06,42,1.0
Proliferative Like Cell,Neural Rod,1,0.007936507936507936,126,69,0.06,42,1.0
EVL,"Segmental Plate, Tail Bud",225,0.336322869955157,669,272,0.06,42,1.5
EVL,Periderm,154,0.23019431988041852,669,272,0.06,42,1.5
"Presumptive Mesoderm, Presumptive Ectoderm","Segmental Plate, Tail Bud",101,0.3713235294117647,272,100,0.06,42,1.5
EVL,Notochord,91,0.13602391629297458,669,272,0.06,42,1.5
Yolk Syncytial Layer,Yolk Syncytial Layer,79,0.6124031007751938,129,29,0.06,42,1.5
EVL,Adaxial Cell,79,0.11808669656203288,669,272,0.06,42,1.5
Proliferative Like Cell,"Segmental Plate, Tail Bud",67,0.38953488372093026,172,69,0.06,42,1.5
"Presumptive Mesoderm, Presumptive Ectoderm",Adaxial Cell,44,0.16176470588235295,272,100,0.06,42,1.5
"Presumptive Mesoderm, Presumptive Ectoderm",Notochord,39,0.14338235294117646,272,100,0.06,42,1.5
Presumptive Mesoderm,Yolk Syncytial Layer,39,0.37142857142857144,105,47,0.06,42,1.5
EVL,Neural Rod,37,0.05530642750373692,669,272,0.06,42,1.5
"Presumptive Mesoderm, Presumptive Ectoderm",Periderm,35,0.12867647058823528,272,100,0.06,42,1.5
EVL,Yolk Syncytial Layer,30,0.04484304932735426,669,272,0.06,42,1.5
Presumptive Mesoderm,Periderm,25,0.23809523809523808,105,47,0.06,42,1.5
Margin,Yolk Syncytial Layer,25,0.390625,64,22,0.06,42,1.5
Yolk Syncytial Layer,Polster,25,0.1937984496124031,129,29,0.06,42,1.5
Proliferative Like Cell,Notochord,25,0.14534883720930233,172,69,0.06,42,1.5
Yolk Syncytial Layer,"Yolk Syncytial Layer, Periderm",21,0.16279069767441862,129,29,0.06,42,1.5
Proliferative Like Cell,Adaxial Cell,20,0.11627906976744186,172,69,0.06,42,1.5
Hypoblast,"Segmental Plate, Tail Bud",20,0.2898550724637681,69,24,0.06,42,1.5
Margin,"Segmental Plate, Tail Bud",19,0.296875,64,22,0.06,42,1.5
"Presumptive Mesoderm, Presumptive Ectoderm",Somite,19,0.06985294117647059,272,100,0.06,42,1.5
Hypoblast,Notochord,18,0.2608695652173913,69,24,0.06,42,1.5
EVL,Somite,18,0.026905829596412557,669,272,0.06,42,1.5
Proliferative Like Cell,Periderm,17,0.09883720930232558,172,69,0.06,42,1.5
EVL,"Paraxial Mesoderm, Neural Keel",16,0.02391629297458894,669,272,0.06,42,1.5
Proliferative Like Cell,Yolk Syncytial Layer,16,0.09302325581395349,172,69,0.06,42,1.5
Proliferative Like Cell,Neural Rod,14,0.08139534883720931,172,69,0.06,42,1.5
Margin,Periderm,13,0.203125,64,22,0.06,42,1.5
"Presumptive Mesoderm, Presumptive Ectoderm",Neural Rod,11,0.04044117647058824,272,100,0.06,42,1.5
Presumptive Mesoderm,Adaxial Cell,11,0.10476190476190476,105,47,0.06,42,1.5
Hypoblast,Adaxial Cell,11,0.15942028985507245,69,24,0.06,42,1.5
"Presumptive Mesoderm, Presumptive Ectoderm","Paraxial Mesoderm, Neural Keel",10,0.03676470588235294,272,100,0.06,42,1.5
Presumptive Mesoderm,"Segmental Plate, Tail Bud",10,0.09523809523809523,105,47,0.06,42,1.5
EVL,Polster,9,0.013452914798206279,669,272,0.06,42,1.5
"Presumptive Mesoderm, Presumptive Ectoderm",Yolk Syncytial Layer,8,0.029411764705882353,272,100,0.06,42,1.5
Proliferative Like Cell,Somite,7,0.040697674418604654,172,69,0.06,42,1.5
Margin,Polster,6,0.09375,64,22,0.06,42,1.5
Hypoblast,Neural Rod,6,0.08695652173913043,69,24,0.06,42,1.5
Presumptive Mesoderm,Polster,6,0.05714285714285714,105,47,0.06,42,1.5
Hypoblast,Periderm,6,0.08695652173913043,69,24,0.06,42,1.5
EVL,Anterior Neural Keel,5,0.007473841554559043,669,272,0.06,42,1.5
Hypoblast,Yolk Syncytial Layer,5,0.07246376811594203,69,24,0.06,42,1.5
EVL,Optic Vesicle,5,0.007473841554559043,669,272,0.06,42,1.5
Presumptive Mesoderm,Somite,4,0.0380952380952381,105,47,0.06,42,1.5
"Presumptive Mesoderm, Presumptive Ectoderm",Polster,4,0.014705882352941176,272,100,0.06,42,1.5
Yolk Syncytial Layer,Periderm,4,0.031007751937984496,129,29,0.06,42,1.5
Proliferative Like Cell,"Paraxial Mesoderm, Neural Keel",4,0.023255813953488372,172,69,0.06,42,1.5
Presumptive Mesoderm,Notochord,3,0.02857142857142857,105,47,0.06,42,1.5
Presumptive Mesoderm,Anterior Neural Keel,3,0.02857142857142857,105,47,0.06,42,1.5
Presumptive Mesoderm,Neural Rod,2,0.01904761904761905,105,47,0.06,42,1.5
Presumptive Mesoderm,"Paraxial Mesoderm, Neural Keel",2,0.01904761904761905,105,47,0.06,42,1.5
Hypoblast,Somite,2,0.028985507246376812,69,24,0.06,42,1.5
Hypoblast,"Paraxial Mesoderm, Neural Keel",1,0.014492753623188406,69,24,0.06,42,1.5
Margin,"Paraxial Mesoderm, Neural Keel",1,0.015625,64,22,0.06,42,1.5
"Presumptive Mesoderm, Presumptive Ectoderm",Optic Vesicle,1,0.003676470588235294,272,100,0.06,42,1.5
Proliferative Like Cell,Optic Vesicle,1,0.005813953488372093,172,69,0.06,42,1.5
Proliferative Like Cell,Polster,1,0.005813953488372093,172,69,0.06,42,1.5
EVL,Adaxial Cell,241,0.26483516483516484,910,272,0.06,42,2.0
EVL,Neural Rod,157,0.17252747252747253,910,272,0.06,42,2.0
EVL,"Segmental Plate, Tail Bud",130,0.14285714285714285,910,272,0.06,42,2.0
"Presumptive Mesoderm, Presumptive Ectoderm",Adaxial Cell,128,0.31683168316831684,404,100,0.06,42,2.0
EVL,Notochord,119,0.13076923076923078,910,272,0.06,42,2.0
EVL,Periderm,106,0.11648351648351649,910,272,0.06,42,2.0
EVL,Somite,83,0.0912087912087912,910,272,0.06,42,2.0
"Presumptive Mesoderm, Presumptive Ectoderm","Segmental Plate, Tail Bud",74,0.18316831683168316,404,100,0.06,42,2.0
Yolk Syncytial Layer,Yolk Syncytial Layer,73,0.3686868686868687,198,29,0.06,42,2.0
"Presumptive Mesoderm, Presumptive Ectoderm",Somite,70,0.17326732673267325,404,100,0.06,42,2.0
Yolk Syncytial Layer,"Yolk Syncytial Layer, Periderm",66,0.3333333333333333,198,29,0.06,42,2.0
Proliferative Like Cell,Adaxial Cell,60,0.2542372881355932,236,69,0.06,42,2.0
"Presumptive Mesoderm, Presumptive Ectoderm",Notochord,49,0.12128712871287128,404,100,0.06,42,2.0
Proliferative Like Cell,"Segmental Plate, Tail Bud",48,0.2033898305084746,236,69,0.06,42,2.0
Proliferative Like Cell,Notochord,43,0.18220338983050846,236,69,0.06,42,2.0
Yolk Syncytial Layer,Polster,43,0.21717171717171718,198,29,0.06,42,2.0
"Presumptive Mesoderm, Presumptive Ectoderm",Neural Rod,40,0.09900990099009901,404,100,0.06,42,2.0
Hypoblast,Adaxial Cell,34,0.37362637362637363,91,24,0.06,42,2.0
EVL,Polster,33,0.03626373626373627,910,272,0.06,42,2.0
Proliferative Like Cell,Somite,31,0.13135593220338984,236,69,0.06,42,2.0
Presumptive Mesoderm,Polster,31,0.2108843537414966,147,47,0.06,42,2.0
EVL,Optic Vesicle,28,0.03076923076923077,910,272,0.06,42,2.0
Presumptive Mesoderm,Neural Rod,27,0.1836734693877551,147,47,0.06,42,2.0
Presumptive Mesoderm,Periderm,26,0.17687074829931973,147,47,0.06,42,2.0
Proliferative Like Cell,Neural Rod,26,0.11016949152542373,236,69,0.06,42,2.0
"Presumptive Mesoderm, Presumptive Ectoderm",Periderm,22,0.054455445544554455,404,100,0.06,42,2.0
Margin,"Segmental Plate, Tail Bud",22,0.25882352941176473,85,22,0.06,42,2.0
Margin,Polster,20,0.23529411764705882,85,22,0.06,42,2.0
Hypoblast,Notochord,20,0.21978021978021978,91,24,0.06,42,2.0
Hypoblast,Neural Rod,17,0.18681318681318682,91,24,0.06,42,2.0
Presumptive Mesoderm,Adaxial Cell,14,0.09523809523809523,147,47,0.06,42,2.0
Yolk Syncytial Layer,Periderm,13,0.06565656565656566,198,29,0.06,42,2.0
Margin,Neural Rod,13,0.15294117647058825,85,22,0.06,42,2.0
Presumptive Mesoderm,Notochord,13,0.08843537414965986,147,47,0.06,42,2.0
Margin,Periderm,12,0.1411764705882353,85,22,0.06,42,2.0
Presumptive Mesoderm,"Segmental Plate, Tail Bud",11,0.07482993197278912,147,47,0.06,42,2.0
"Presumptive Mesoderm, Presumptive Ectoderm",Polster,11,0.027227722772277228,404,100,0.06,42,2.0
Margin,Yolk Syncytial Layer,9,0.10588235294117647,85,22,0.06,42,2.0
Presumptive Mesoderm,Yolk Syncytial Layer,8,0.05442176870748299,147,47,0.06,42,2.0
Presumptive Mesoderm,Somite,8,0.05442176870748299,147,47,0.06,42,2.0
Hypoblast,"Segmental Plate, Tail Bud",8,0.08791208791208792,91,24,0.06,42,2.0
Proliferative Like Cell,Polster,8,0.03389830508474576,236,69,0.06,42,2.0
Proliferative Like Cell,Optic Vesicle,7,0.029661016949152543,236,69,0.06,42,2.0
Proliferative Like Cell,Yolk Syncytial Layer,7,0.029661016949152543,236,69,0.06,42,2.0
EVL,Neural Crest,6,0.006593406593406593,910,272,0.06,42,2.0
Presumptive Mesoderm,Optic Vesicle,6,0.04081632653061224,147,47,0.06,42,2.0
Proliferative Like Cell,Periderm,5,0.0211864406779661,236,69,0.06,42,2.0
Hypoblast,Periderm,4,0.04395604395604396,91,24,0.06,42,2.0
Hypoblast,Somite,4,0.04395604395604396,91,24,0.06,42,2.0
Margin,Notochord,4,0.047058823529411764,85,22,0.06,42,2.0
"Presumptive Mesoderm, Presumptive Ectoderm",Optic Vesicle,3,0.007425742574257425,404,100,0.06,42,2.0
EVL,Angioblastic Mesenchymal Cell,3,0.0032967032967032967,910,272,0.06,42,2.0
Yolk Syncytial Layer,"Segmental Plate, Tail Bud",2,0.010101010101010102,198,29,0.06,42,2.0
Hypoblast,Neural Crest,2,0.02197802197802198,91,24,0.06,42,2.0
Margin,Adaxial Cell,2,0.023529411764705882,85,22,0.06,42,2.0
Presumptive Mesoderm,Neural Crest,2,0.013605442176870748,147,47,0.06,42,2.0
"Presumptive Mesoderm, Presumptive Ectoderm",Erythroid Lineage Cell,2,0.0049504950495049506,404,100,0.06,42,2.0
Margin,Optic Vesicle,2,0.023529411764705882,85,22,0.06,42,2.0
EVL,Yolk Syncytial Layer,2,0.002197802197802198,910,272,0.06,42,2.0
EVL,"Neural Crest, Otic Vesicle",1,0.001098901098901099,910,272,0.06,42,2.0
Yolk Syncytial Layer,Lateral Plate Mesoderm,1,0.005050505050505051,198,29,0.06,42,2.0
EVL,"Paraxial Mesoderm, Neural Keel",1,0.001098901098901099,910,272,0.06,42,2.0
Presumptive Mesoderm,"Paraxial Mesoderm, Neural Keel",1,0.006802721088435374,147,47,0.06,42,2.0
Margin,"Paraxial Mesoderm, Neural Keel",1,0.011764705882352941,85,22,0.06,42,2.0
"Presumptive Mesoderm, Presumptive Ectoderm","Neural Crest, Otic Vesicle",1,0.0024752475247524753,404,100,0.06,42,2.0
"Presumptive Mesoderm, Presumptive Ectoderm",Neural Crest,1,0.0024752475247524753,404,100,0.06,42,2.0
"Presumptive Mesoderm, Presumptive Ectoderm","Immature Eye, Midbrain",1,0.0024752475247524753,404,100,0.06,42,2.0
Hypoblast,Optic Vesicle,1,0.01098901098901099,91,24,0.06,42,2.0
Hypoblast,Polster,1,0.01098901098901099,91,24,0.06,42,2.0
"Presumptive Mesoderm, Presumptive Ectoderm","Paraxial Mesoderm, Neural Keel",1,0.0024752475247524753,404,100,0.06,42,2.0
"Presumptive Mesoderm, Presumptive Ectoderm",Yolk Syncytial Layer,1,0.0024752475247524753,404,100,0.06,42,2.0
Proliferative Like Cell,Erythroid Lineage Cell,1,0.00423728813559322,236,69,0.06,42,2.0
EVL,Adaxial Cell,262,0.22259983007646558,1177,272,0.06,42,2.5
EVL,Notochord,232,0.19711129991503823,1177,272,0.06,42,2.5
EVL,Somite,194,0.16482582837723025,1177,272,0.06,42,2.5
EVL,Neural Rod,189,0.16057774001699235,1177,272,0.06,42,2.5
"Presumptive Mesoderm, Presumptive Ectoderm",Somite,137,0.26810176125244617,511,100,0.06,42,2.5
"Presumptive Mesoderm, Presumptive Ectoderm",Notochord,100,0.19569471624266144,511,100,0.06,42,2.5
"Presumptive Mesoderm, Presumptive Ectoderm",Adaxial Cell,93,0.18199608610567514,511,100,0.06,42,2.5
Yolk Syncytial Layer,"Yolk Syncytial Layer, Periderm",86,0.3453815261044177,249,29,0.06,42,2.5
EVL,"Segmental Plate, Tail Bud",77,0.06542056074766354,1177,272,0.06,42,2.5
Proliferative Like Cell,Notochord,71,0.24482758620689654,290,69,0.06,42,2.5
Yolk Syncytial Layer,Yolk Syncytial Layer,66,0.26506024096385544,249,29,0.06,42,2.5
Proliferative Like Cell,Somite,58,0.2,290,69,0.06,42,2.5
Proliferative Like Cell,Adaxial Cell,55,0.1896551724137931,290,69,0.06,42,2.5
"Presumptive Mesoderm, Presumptive Ectoderm","Segmental Plate, Tail Bud",46,0.09001956947162426,511,100,0.06,42,2.5
Hypoblast,Notochord,45,0.391304347826087,115,24,0.06,42,2.5
EVL,Optic Vesicle,41,0.034834324553950725,1177,272,0.06,42,2.5
EVL,Neural Crest,39,0.03313508920985556,1177,272,0.06,42,2.5
"Presumptive Mesoderm, Presumptive Ectoderm",Neural Rod,38,0.07436399217221135,511,100,0.06,42,2.5
Proliferative Like Cell,"Segmental Plate, Tail Bud",36,0.12413793103448276,290,69,0.06,42,2.5
EVL,Periderm,36,0.03058623619371283,1177,272,0.06,42,2.5
EVL,Polster,36,0.03058623619371283,1177,272,0.06,42,2.5
Yolk Syncytial Layer,Polster,36,0.14457831325301204,249,29,0.06,42,2.5
Presumptive Mesoderm,Neural Rod,33,0.16923076923076924,195,47,0.06,42,2.5
Presumptive Mesoderm,Notochord,33,0.16923076923076924,195,47,0.06,42,2.5
"Presumptive Mesoderm, Presumptive Ectoderm",Forebrain,26,0.050880626223091974,511,100,0.06,42,2.5
Hypoblast,Adaxial Cell,23,0.2,115,24,0.06,42,2.5
"Presumptive Mesoderm, Presumptive Ectoderm",Erythroid Lineage Cell,23,0.04500978473581213,511,100,0.06,42,2.5
Proliferative Like Cell,Neural Crest,22,0.07586206896551724,290,69,0.06,42,2.5
EVL,Forebrain,22,0.018691588785046728,1177,272,0.06,42,2.5
Margin,Neural Rod,20,0.19801980198019803,101,22,0.06,42,2.5
Presumptive Mesoderm,Polster,20,0.10256410256410256,195,47,0.06,42,2.5
EVL,Erythroid Lineage Cell,17,0.014443500424808835,1177,272,0.06,42,2.5
Presumptive Mesoderm,Angioblastic Mesenchymal Cell,17,0.08717948717948718,195,47,0.06,42,2.5
Hypoblast,Somite,17,0.14782608695652175,115,24,0.06,42,2.5
Margin,Polster,17,0.16831683168316833,101,22,0.06,42,2.5
Presumptive Mesoderm,Periderm,16,0.08205128205128205,195,47,0.06,42,2.5
Proliferative Like Cell,Neural Rod,16,0.05517241379310345,290,69,0.06,42,2.5
Presumptive Mesoderm,Forebrain,16,0.08205128205128205,195,47,0.06,42,2.5
Yolk Syncytial Layer,Erythroid Lineage Cell,16,0.0642570281124498,249,29,0.06,42,2.5
Presumptive Mesoderm,"Segmental Plate, Tail Bud",15,0.07692307692307693,195,47,0.06,42,2.5
Presumptive Mesoderm,Somite,13,0.06666666666666667,195,47,0.06,42,2.5
Margin,"Segmental Plate, Tail Bud",12,0.1188118811881188,101,22,0.06,42,2.5
"Presumptive Mesoderm, Presumptive Ectoderm",Neural Crest,11,0.021526418786692758,511,100,0.06,42,2.5
EVL,Angioblastic Mesenchymal Cell,11,0.009345794392523364,1177,272,0.06,42,2.5
Hypoblast,Neural Rod,10,0.08695652173913043,115,24,0.06,42,2.5
Yolk Syncytial Layer,Periderm,10,0.040160642570281124,249,29,0.06,42,2.5
EVL,Nervous System,10,0.008496176720475786,1177,272,0.06,42,2.5
Proliferative Like Cell,Angioblastic Mesenchymal Cell,10,0.034482758620689655,290,69,0.06,42,2.5
Margin,Angioblastic Mesenchymal Cell,9,0.0891089108910891,101,22,0.06,42,2.5
Yolk Syncytial Layer,Hatching Gland,8,0.0321285140562249,249,29,0.06,42,2.5
Yolk Syncytial Layer,Somite,8,0.0321285140562249,249,29,0.06,42,2.5
Presumptive Mesoderm,Optic Vesicle,8,0.041025641025641026,195,47,0.06,42,2.5
Presumptive Mesoderm,Adaxial Cell,8,0.041025641025641026,195,47,0.06,42,2.5
Margin,Yolk Syncytial Layer,7,0.06930693069306931,101,22,0.06,42,2.5
"Presumptive Mesoderm, Presumptive Ectoderm",Angioblastic Mesenchymal Cell,7,0.0136986301369863,511,100,0.06,42,2.5
"Presumptive Mesoderm, Presumptive Ectoderm",Hatching Gland,7,0.0136986301369863,511,100,0.06,42,2.5
Margin,Notochord,7,0.06930693069306931,101,22,0.06,42,2.5
Yolk Syncytial Layer,Forebrain,6,0.024096385542168676,249,29,0.06,42,2.5
Presumptive Mesoderm,Neural Crest,6,0.03076923076923077,195,47,0.06,42,2.5
Margin,Periderm,6,0.0594059405940594,101,22,0.06,42,2.5
Margin,Erythroid Lineage Cell,5,0.04950495049504951,101,22,0.06,42,2.5
Presumptive Mesoderm,Pronephros,5,0.02564102564102564,195,47,0.06,42,2.5
Yolk Syncytial Layer,"Segmental Plate, Tail Bud",5,0.020080321285140562,249,29,0.06,42,2.5
"Presumptive Mesoderm, Presumptive Ectoderm",Optic Vesicle,5,0.009784735812133072,511,100,0.06,42,2.5
"Presumptive Mesoderm, Presumptive Ectoderm",Polster,5,0.009784735812133072,511,100,0.06,42,2.5
Hypoblast,Erythroid Lineage Cell,5,0.043478260869565216,115,24,0.06,42,2.5
Proliferative Like Cell,Optic Vesicle,5,0.017241379310344827,290,69,0.06,42,2.5
Hypoblast,"Segmental Plate, Tail Bud",5,0.043478260869565216,115,24,0.06,42,2.5
Hypoblast,Neural Crest,5,0.043478260869565216,115,24,0.06,42,2.5
"Presumptive Mesoderm, Presumptive Ectoderm","Neural Crest, Otic Vesicle",4,0.007827788649706457,511,100,0.06,42,2.5
Yolk Syncytial Layer,Notochord,4,0.01606425702811245,249,29,0.06,42,2.5
Margin,Optic Vesicle,4,0.039603960396039604,101,22,0.06,42,2.5
Proliferative Like Cell,Erythroid Lineage Cell,4,0.013793103448275862,290,69,0.06,42,2.5
Proliferative Like Cell,Nervous System,4,0.013793103448275862,290,69,0.06,42,2.5
"Presumptive Mesoderm, Presumptive Ectoderm",Nervous System,4,0.007827788649706457,511,100,0.06,42,2.5
Margin,Forebrain,4,0.039603960396039604,101,22,0.06,42,2.5
Margin,Neural Crest,4,0.039603960396039604,101,22,0.06,42,2.5
Proliferative Like Cell,Polster,3,0.010344827586206896,290,69,0.06,42,2.5
"Presumptive Mesoderm, Presumptive Ectoderm",Periderm,3,0.005870841487279843,511,100,0.06,42,2.5
Margin,Adaxial Cell,3,0.0297029702970297,101,22,0.06,42,2.5
Proliferative Like Cell,Forebrain,3,0.010344827586206896,290,69,0.06,42,2.5
EVL,Hatching Gland,2,0.0016992353440951572,1177,272,0.06,42,2.5
EVL,"Immature Eye, Midbrain",2,0.0016992353440951572,1177,272,0.06,42,2.5
Proliferative Like Cell,Periderm,2,0.006896551724137931,290,69,0.06,42,2.5
Yolk Syncytial Layer,Angioblastic Mesenchymal Cell,2,0.008032128514056224,249,29,0.06,42,2.5
EVL,"Yolk Syncytial Layer, Periderm",2,0.0016992353440951572,1177,272,0.06,42,2.5
EVL,"Neural Crest, Otic Vesicle",2,0.0016992353440951572,1177,272,0.06,42,2.5
EVL,Pronephros,2,0.0016992353440951572,1177,272,0.06,42,2.5
Presumptive Mesoderm,"Neural Crest, Otic Vesicle",2,0.010256410256410256,195,47,0.06,42,2.5
Presumptive Mesoderm,"Yolk Syncytial Layer, Periderm",2,0.010256410256410256,195,47,0.06,42,2.5
Margin,Anterior Erythroid Lineage Cell,1,0.009900990099009901,101,22,0.06,42,2.5
Margin,"Yolk Syncytial Layer, Periderm",1,0.009900990099009901,101,22,0.06,42,2.5
Yolk Syncytial Layer,Neural Rod,1,0.004016064257028112,249,29,0.06,42,2.5
EVL,Fast Muscle Cell,1,0.0008496176720475786,1177,272,0.06,42,2.5
Presumptive Mesoderm,Nervous System,1,0.005128205128205128,195,47,0.06,42,2.5
Margin,Hatching Gland,1,0.009900990099009901,101,22,0.06,42,2.5
"Presumptive Mesoderm, Presumptive Ectoderm","Musculature System, Yolk Syncytial Layer",1,0.0019569471624266144,511,100,0.06,42,2.5
"Presumptive Mesoderm, Presumptive Ectoderm",Pronephros,1,0.0019569471624266144,511,100,0.06,42,2.5
Hypoblast,"Neural Crest, Otic Vesicle",1,0.008695652173913044,115,24,0.06,42,2.5
Hypoblast,Angioblastic Mesenchymal Cell,1,0.008695652173913044,115,24,0.06,42,2.5
Hypoblast,Forebrain,1,0.008695652173913044,115,24,0.06,42,2.5
Hypoblast,Optic Vesicle,1,0.008695652173913044,115,24,0.06,42,2.5
Hypoblast,Nervous System,1,0.008695652173913044,115,24,0.06,42,2.5
Proliferative Like Cell,Hatching Gland,1,0.0034482758620689655,290,69,0.06,42,2.5
Yolk Syncytial Layer,Lateral Plate Mesoderm,1,0.004016064257028112,249,29,0.06,42,2.5
EVL,Notochord,391,0.2711511789181692,1442,272,0.06,42,3.0
EVL,Somite,351,0.2434119278779473,1442,272,0.06,42,3.0
"Presumptive Mesoderm, Presumptive Ectoderm",Somite,198,0.3193548387096774,620,100,0.06,42,3.0
"Presumptive Mesoderm, Presumptive Ectoderm",Notochord,154,0.24838709677419354,620,100,0.06,42,3.0
EVL,Forebrain,119,0.0825242718446602,1442,272,0.06,42,3.0
Proliferative Like Cell,Notochord,115,0.323943661971831,355,69,0.06,42,3.0
EVL,Neural Crest,114,0.07905686546463246,1442,272,0.06,42,3.0
EVL,Nervous System,97,0.06726768377253814,1442,272,0.06,42,3.0
Proliferative Like Cell,Somite,93,0.2619718309859155,355,69,0.06,42,3.0
Yolk Syncytial Layer,Yolk Syncytial Layer,83,0.27483443708609273,302,29,0.06,42,3.0
Presumptive Mesoderm,Forebrain,76,0.31275720164609055,243,47,0.06,42,3.0
EVL,Adaxial Cell,72,0.049930651872399444,1442,272,0.06,42,3.0
Hypoblast,Notochord,66,0.4714285714285714,140,24,0.06,42,3.0
EVL,Neural Rod,59,0.040915395284327326,1442,272,0.06,42,3.0
Yolk Syncytial Layer,"Yolk Syncytial Layer, Periderm",54,0.17880794701986755,302,29,0.06,42,3.0
"Presumptive Mesoderm, Presumptive Ectoderm",Forebrain,54,0.08709677419354839,620,100,0.06,42,3.0
EVL,Erythroid Lineage Cell,51,0.03536754507628294,1442,272,0.06,42,3.0
"Presumptive Mesoderm, Presumptive Ectoderm",Erythroid Lineage Cell,50,0.08064516129032258,620,100,0.06,42,3.0
Presumptive Mesoderm,Notochord,49,0.20164609053497942,243,47,0.06,42,3.0
Yolk Syncytial Layer,Hatching Gland,48,0.15894039735099338,302,29,0.06,42,3.0
EVL,Angioblastic Mesenchymal Cell,37,0.02565880721220527,1442,272,0.06,42,3.0
EVL,"Segmental Plate, Tail Bud",37,0.02565880721220527,1442,272,0.06,42,3.0
"Presumptive Mesoderm, Presumptive Ectoderm",Nervous System,34,0.054838709677419356,620,100,0.06,42,3.0
Yolk Syncytial Layer,Erythroid Lineage Cell,33,0.10927152317880795,302,29,0.06,42,3.0
Proliferative Like Cell,Neural Crest,33,0.09295774647887324,355,69,0.06,42,3.0
"Presumptive Mesoderm, Presumptive Ectoderm",Neural Crest,28,0.04516129032258064,620,100,0.06,42,3.0
Presumptive Mesoderm,Angioblastic Mesenchymal Cell,26,0.10699588477366255,243,47,0.06,42,3.0
Margin,Forebrain,25,0.18796992481203006,133,22,0.06,42,3.0
EVL,Pronephros,25,0.017337031900138695,1442,272,0.06,42,3.0
Margin,Angioblastic Mesenchymal Cell,22,0.16541353383458646,133,22,0.06,42,3.0
Hypoblast,Somite,22,0.15714285714285714,140,24,0.06,42,3.0
Proliferative Like Cell,Nervous System,21,0.059154929577464786,355,69,0.06,42,3.0
"Presumptive Mesoderm, Presumptive Ectoderm",Adaxial Cell,20,0.03225806451612903,620,100,0.06,42,3.0
Proliferative Like Cell,Forebrain,19,0.05352112676056338,355,69,0.06,42,3.0
EVL,Polster,19,0.013176144244105409,1442,272,0.06,42,3.0
Margin,Hatching Gland,18,0.13533834586466165,133,22,0.06,42,3.0
"Presumptive Mesoderm, Presumptive Ectoderm",Pronephros,17,0.027419354838709678,620,100,0.06,42,3.0
Yolk Syncytial Layer,"Musculature System, Yolk Syncytial Layer",17,0.056291390728476824,302,29,0.06,42,3.0
EVL,Optic Vesicle,17,0.011789181692094313,1442,272,0.06,42,3.0
Margin,Notochord,16,0.12030075187969924,133,22,0.06,42,3.0
Presumptive Mesoderm,Nervous System,16,0.06584362139917696,243,47,0.06,42,3.0
Proliferative Like Cell,Angioblastic Mesenchymal Cell,15,0.04225352112676056,355,69,0.06,42,3.0
"Presumptive Mesoderm, Presumptive Ectoderm",Hatching Gland,14,0.02258064516129032,620,100,0.06,42,3.0
Yolk Syncytial Layer,Notochord,14,0.046357615894039736,302,29,0.06,42,3.0
"Presumptive Mesoderm, Presumptive Ectoderm",Angioblastic Mesenchymal Cell,14,0.02258064516129032,620,100,0.06,42,3.0
Presumptive Mesoderm,Somite,14,0.05761316872427984,243,47,0.06,42,3.0
Hypoblast,Erythroid Lineage Cell,13,0.09285714285714286,140,24,0.06,42,3.0
Yolk Syncytial Layer,Pronephros,13,0.04304635761589404,302,29,0.06,42,3.0
"Presumptive Mesoderm, Presumptive Ectoderm",Fast Muscle Cell,12,0.01935483870967742,620,100,0.06,42,3.0
EVL,Periderm,12,0.008321775312066574,1442,272,0.06,42,3.0
Proliferative Like Cell,"Segmental Plate, Tail Bud",12,0.03380281690140845,355,69,0.06,42,3.0
EVL,Hatching Gland,12,0.008321775312066574,1442,272,0.06,42,3.0
Proliferative Like Cell,Adaxial Cell,12,0.03380281690140845,355,69,0.06,42,3.0
Proliferative Like Cell,Erythroid Lineage Cell,11,0.030985915492957747,355,69,0.06,42,3.0
Presumptive Mesoderm,Neural Crest,11,0.04526748971193416,243,47,0.06,42,3.0
Margin,Neural Rod,10,0.07518796992481203,133,22,0.06,42,3.0
Yolk Syncytial Layer,Forebrain,10,0.033112582781456956,302,29,0.06,42,3.0
Presumptive Mesoderm,"Segmental Plate, Tail Bud",9,0.037037037037037035,243,47,0.06,42,3.0
Margin,Erythroid Lineage Cell,9,0.06766917293233082,133,22,0.06,42,3.0
Hypoblast,Neural Crest,9,0.06428571428571428,140,24,0.06,42,3.0
"Presumptive Mesoderm, Presumptive Ectoderm","Segmental Plate, Tail Bud",9,0.014516129032258065,620,100,0.06,42,3.0
Margin,Neural Crest,8,0.06015037593984962,133,22,0.06,42,3.0
Yolk Syncytial Layer,Somite,8,0.026490066225165563,302,29,0.06,42,3.0
Proliferative Like Cell,Fast Muscle Cell,7,0.01971830985915493,355,69,0.06,42,3.0
Margin,Nervous System,7,0.05263157894736842,133,22,0.06,42,3.0
Presumptive Mesoderm,Pronephros,7,0.02880658436213992,243,47,0.06,42,3.0
Hypoblast,Nervous System,7,0.05,140,24,0.06,42,3.0
Yolk Syncytial Layer,Neural Crest,6,0.019867549668874173,302,29,0.06,42,3.0
Presumptive Mesoderm,Periderm,6,0.024691358024691357,243,47,0.06,42,3.0
Presumptive Mesoderm,Neural Rod,6,0.024691358024691357,243,47,0.06,42,3.0
Yolk Syncytial Layer,Angioblastic Mesenchymal Cell,6,0.019867549668874173,302,29,0.06,42,3.0
Hypoblast,Adaxial Cell,6,0.04285714285714286,140,24,0.06,42,3.0
EVL,Fast Muscle Cell,6,0.004160887656033287,1442,272,0.06,42,3.0
EVL,"Musculature System, Yolk Syncytial Layer",6,0.004160887656033287,1442,272,0.06,42,3.0
Yolk Syncytial Layer,Polster,6,0.019867549668874173,302,29,0.06,42,3.0
Presumptive Mesoderm,Hatching Gland,6,0.024691358024691357,243,47,0.06,42,3.0
Hypoblast,Angioblastic Mesenchymal Cell,5,0.03571428571428571,140,24,0.06,42,3.0
EVL,Epidermis,5,0.0034674063800277394,1442,272,0.06,42,3.0
Hypoblast,Neural Rod,5,0.03571428571428571,140,24,0.06,42,3.0
"Presumptive Mesoderm, Presumptive Ectoderm",Neural Rod,5,0.008064516129032258,620,100,0.06,42,3.0
Margin,Pronephros,5,0.03759398496240601,133,22,0.06,42,3.0
EVL,"Immature Eye, Midbrain",4,0.0027739251040221915,1442,272,0.06,42,3.0
"Presumptive Mesoderm, Presumptive Ectoderm",Anterior Erythroid Lineage Cell,4,0.0064516129032258064,620,100,0.06,42,3.0
Proliferative Like Cell,Neural Rod,4,0.011267605633802818,355,69,0.06,42,3.0
Margin,"Segmental Plate, Tail Bud",4,0.03007518796992481,133,22,0.06,42,3.0
Presumptive Mesoderm,Erythroid Lineage Cell,4,0.01646090534979424,243,47,0.06,42,3.0
EVL,"Neural Crest, Otic Vesicle",4,0.0027739251040221915,1442,272,0.06,42,3.0
EVL,Myotome,3,0.0020804438280166435,1442,272,0.06,42,3.0
Presumptive Mesoderm,Polster,3,0.012345679012345678,243,47,0.06,42,3.0
Presumptive Mesoderm,Adaxial Cell,3,0.012345679012345678,243,47,0.06,42,3.0
Proliferative Like Cell,Optic Vesicle,3,0.008450704225352112,355,69,0.06,42,3.0
Proliferative Like Cell,Spinal Cord Dorsal Region,3,0.008450704225352112,355,69,0.06,42,3.0
Hypoblast,Pronephros,3,0.02142857142857143,140,24,0.06,42,3.0
Proliferative Like Cell,Hatching Gland,3,0.008450704225352112,355,69,0.06,42,3.0
"Presumptive Mesoderm, Presumptive Ectoderm","Musculature System, Yolk Syncytial Layer",3,0.004838709677419355,620,100,0.06,42,3.0
Margin,"Musculature System, Yolk Syncytial Layer",2,0.015037593984962405,133,22,0.06,42,3.0
Yolk Syncytial Layer,Periderm,2,0.006622516556291391,302,29,0.06,42,3.0
Presumptive Mesoderm,"Immature Eye, Midbrain",2,0.00823045267489712,243,47,0.06,42,3.0
Presumptive Mesoderm,"Neural Crest, Otic Vesicle",2,0.00823045267489712,243,47,0.06,42,3.0
Margin,"Immature Eye, Midbrain",2,0.015037593984962405,133,22,0.06,42,3.0
Margin,Optic Vesicle,2,0.015037593984962405,133,22,0.06,42,3.0
"Presumptive Mesoderm, Presumptive Ectoderm","Neural Crest, Otic Vesicle",2,0.0032258064516129032,620,100,0.06,42,3.0
Yolk Syncytial Layer,"Segmental Plate, Tail Bud",1,0.0033112582781456954,302,29,0.06,42,3.0
Yolk Syncytial Layer,Nervous System,1,0.0033112582781456954,302,29,0.06,42,3.0
Presumptive Mesoderm,Epidermis,1,0.00411522633744856,243,47,0.06,42,3.0
Presumptive Mesoderm,"Yolk Syncytial Layer, Periderm",1,0.00411522633744856,243,47,0.06,42,3.0
Proliferative Like Cell,Spinal Cord Ventral Region,1,0.0028169014084507044,355,69,0.06,42,3.0
Proliferative Like Cell,Anterior Erythroid Lineage Cell,1,0.0028169014084507044,355,69,0.06,42,3.0
Proliferative Like Cell,Epidermis,1,0.0028169014084507044,355,69,0.06,42,3.0
"Presumptive Mesoderm, Presumptive Ectoderm",Epidermis,1,0.0016129032258064516,620,100,0.06,42,3.0
Margin,Polster,1,0.007518796992481203,133,22,0.06,42,3.0
Hypoblast,Slow Muscle Cell,1,0.007142857142857143,140,24,0.06,42,3.0
"Presumptive Mesoderm, Presumptive Ectoderm",Pigment Cell,1,0.0016129032258064516,620,100,0.06,42,3.0
Proliferative Like Cell,Myotome,1,0.0028169014084507044,355,69,0.06,42,3.0
Presumptive Mesoderm,Anterior Erythroid Lineage Cell,1,0.00411522633744856,243,47,0.06,42,3.0
Margin,Somite,1,0.007518796992481203,133,22,0.06,42,3.0
Hypoblast,Hatching Gland,1,0.007142857142857143,140,24,0.06,42,3.0
Hypoblast,"Musculature System, Yolk Syncytial Layer",1,0.007142857142857143,140,24,0.06,42,3.0
Margin,Yolk Syncytial Layer,1,0.007518796992481203,133,22,0.06,42,3.0
Hypoblast,"Neural Crest, Otic Vesicle",1,0.007142857142857143,140,24,0.06,42,3.0
EVL,Slow Muscle Cell,1,0.0006934812760055479,1442,272,0.06,42,3.0
EVL,Notochord,429,0.2289220917822839,1874,272,0.06,42,3.5
EVL,Somite,343,0.1830309498399146,1874,272,0.06,42,3.5
EVL,Nervous System,333,0.17769477054429028,1874,272,0.06,42,3.5
"Presumptive Mesoderm, Presumptive Ectoderm",Notochord,167,0.204406364749082,817,100,0.06,42,3.5
EVL,Forebrain,162,0.0864461045891142,1874,272,0.06,42,3.5
"Presumptive Mesoderm, Presumptive Ectoderm",Somite,156,0.1909424724602203,817,100,0.06,42,3.5
Yolk Syncytial Layer,"Musculature System, Yolk Syncytial Layer",133,0.32439024390243903,410,29,0.06,42,3.5
Proliferative Like Cell,Notochord,130,0.28077753779697623,463,69,0.06,42,3.5
EVL,Pronephros,111,0.059231590181430094,1874,272,0.06,42,3.5
EVL,Fast Muscle Cell,110,0.05869797225186766,1874,272,0.06,42,3.5
"Presumptive Mesoderm, Presumptive Ectoderm",Pronephros,110,0.1346389228886169,817,100,0.06,42,3.5
Hypoblast,Notochord,86,0.455026455026455,189,24,0.06,42,3.5
Presumptive Mesoderm,Forebrain,83,0.2634920634920635,315,47,0.06,42,3.5
"Presumptive Mesoderm, Presumptive Ectoderm",Nervous System,79,0.0966952264381885,817,100,0.06,42,3.5
"Presumptive Mesoderm, Presumptive Ectoderm",Fast Muscle Cell,70,0.08567931456548347,817,100,0.06,42,3.5
Proliferative Like Cell,Somite,68,0.1468682505399568,463,69,0.06,42,3.5
Proliferative Like Cell,Nervous System,67,0.1447084233261339,463,69,0.06,42,3.5
Yolk Syncytial Layer,Pronephros,66,0.16097560975609757,410,29,0.06,42,3.5
Yolk Syncytial Layer,Hatching Gland,64,0.15609756097560976,410,29,0.06,42,3.5
EVL,Neural Crest,62,0.033084311632870865,1874,272,0.06,42,3.5
Yolk Syncytial Layer,Yolk Syncytial Layer,60,0.14634146341463414,410,29,0.06,42,3.5
Presumptive Mesoderm,Nervous System,58,0.18412698412698414,315,47,0.06,42,3.5
Proliferative Like Cell,Fast Muscle Cell,56,0.12095032397408208,463,69,0.06,42,3.5
EVL,Erythroid Lineage Cell,55,0.02934898612593383,1874,272,0.06,42,3.5
EVL,Angioblastic Mesenchymal Cell,51,0.027214514407684097,1874,272,0.06,42,3.5
"Presumptive Mesoderm, Presumptive Ectoderm",Forebrain,49,0.05997552019583843,817,100,0.06,42,3.5
"Presumptive Mesoderm, Presumptive Ectoderm","Musculature System, Yolk Syncytial Layer",48,0.0587515299877601,817,100,0.06,42,3.5
Presumptive Mesoderm,Notochord,42,0.13333333333333333,315,47,0.06,42,3.5
Margin,Nervous System,37,0.21022727272727273,176,22,0.06,42,3.5
"Presumptive Mesoderm, Presumptive Ectoderm",Erythroid Lineage Cell,37,0.04528763769889841,817,100,0.06,42,3.5
EVL,"Musculature System, Yolk Syncytial Layer",35,0.018676627534685165,1874,272,0.06,42,3.5
EVL,Myotome,33,0.017609391675560297,1874,272,0.06,42,3.5
Hypoblast,Somite,28,0.14814814814814814,189,24,0.06,42,3.5
EVL,Epidermis,28,0.014941302027748132,1874,272,0.06,42,3.5
Margin,Forebrain,28,0.1590909090909091,176,22,0.06,42,3.5
Proliferative Like Cell,Pronephros,27,0.058315334773218146,463,69,0.06,42,3.5
"Presumptive Mesoderm, Presumptive Ectoderm",Anterior Erythroid Lineage Cell,26,0.03182374541003672,817,100,0.06,42,3.5
Margin,Hatching Gland,24,0.13636363636363635,176,22,0.06,42,3.5
Proliferative Like Cell,Forebrain,24,0.05183585313174946,463,69,0.06,42,3.5
Presumptive Mesoderm,Pronephros,22,0.06984126984126984,315,47,0.06,42,3.5
Hypoblast,Nervous System,21,0.1111111111111111,189,24,0.06,42,3.5
"Presumptive Mesoderm, Presumptive Ectoderm",Hatching Gland,20,0.02447980416156671,817,100,0.06,42,3.5
EVL,Hatching Gland,19,0.010138740661686232,1874,272,0.06,42,3.5
Hypoblast,Pronephros,18,0.09523809523809523,189,24,0.06,42,3.5
Margin,Pronephros,18,0.10227272727272728,176,22,0.06,42,3.5
Yolk Syncytial Layer,Erythroid Lineage Cell,17,0.041463414634146344,410,29,0.06,42,3.5
Margin,Notochord,17,0.09659090909090909,176,22,0.06,42,3.5
Proliferative Like Cell,"Musculature System, Yolk Syncytial Layer",16,0.03455723542116631,463,69,0.06,42,3.5
Presumptive Mesoderm,Neural Crest,16,0.050793650793650794,315,47,0.06,42,3.5
Presumptive Mesoderm,Hatching Gland,15,0.047619047619047616,315,47,0.06,42,3.5
EVL,"Segmental Plate, Tail Bud",15,0.0080042689434365,1874,272,0.06,42,3.5
Yolk Syncytial Layer,Forebrain,14,0.03414634146341464,410,29,0.06,42,3.5
Proliferative Like Cell,Anterior Erythroid Lineage Cell,14,0.03023758099352052,463,69,0.06,42,3.5
"Presumptive Mesoderm, Presumptive Ectoderm",Epidermis,13,0.01591187270501836,817,100,0.06,42,3.5
Presumptive Mesoderm,Angioblastic Mesenchymal Cell,13,0.04126984126984127,315,47,0.06,42,3.5
EVL,Adaxial Cell,13,0.006937033084311633,1874,272,0.06,42,3.5
Yolk Syncytial Layer,"Yolk Syncytial Layer, Periderm",12,0.02926829268292683,410,29,0.06,42,3.5
Yolk Syncytial Layer,Notochord,12,0.02926829268292683,410,29,0.06,42,3.5
Margin,Angioblastic Mesenchymal Cell,12,0.06818181818181818,176,22,0.06,42,3.5
Presumptive Mesoderm,"Musculature System, Yolk Syncytial Layer",12,0.0380952380952381,315,47,0.06,42,3.5
Presumptive Mesoderm,Fast Muscle Cell,11,0.03492063492063492,315,47,0.06,42,3.5
"Presumptive Mesoderm, Presumptive Ectoderm",Angioblastic Mesenchymal Cell,11,0.01346389228886169,817,100,0.06,42,3.5
EVL,Polster,10,0.005336179295624333,1874,272,0.06,42,3.5
EVL,Pigment Cell,10,0.005336179295624333,1874,272,0.06,42,3.5
Proliferative Like Cell,Neural Crest,10,0.02159827213822894,463,69,0.06,42,3.5
"Presumptive Mesoderm, Presumptive Ectoderm",Neural Crest,10,0.012239902080783354,817,100,0.06,42,3.5
EVL,Spinal Cord Dorsal Region,10,0.005336179295624333,1874,272,0.06,42,3.5
EVL,Slow Muscle Cell,9,0.0048025613660619,1874,272,0.06,42,3.5
EVL,Anterior Erythroid Lineage Cell,9,0.0048025613660619,1874,272,0.06,42,3.5
Margin,"Musculature System, Yolk Syncytial Layer",9,0.05113636363636364,176,22,0.06,42,3.5
Margin,Anterior Erythroid Lineage Cell,9,0.05113636363636364,176,22,0.06,42,3.5
Proliferative Like Cell,Erythroid Lineage Cell,9,0.019438444924406047,463,69,0.06,42,3.5
Proliferative Like Cell,Hatching Gland,8,0.017278617710583154,463,69,0.06,42,3.5
Margin,Erythroid Lineage Cell,8,0.045454545454545456,176,22,0.06,42,3.5
Presumptive Mesoderm,Anterior Erythroid Lineage Cell,8,0.025396825396825397,315,47,0.06,42,3.5
Hypoblast,Fast Muscle Cell,8,0.042328042328042326,189,24,0.06,42,3.5
Yolk Syncytial Layer,Somite,8,0.01951219512195122,410,29,0.06,42,3.5
Proliferative Like Cell,Spinal Cord Ventral Region,8,0.017278617710583154,463,69,0.06,42,3.5
Margin,Neural Crest,8,0.045454545454545456,176,22,0.06,42,3.5
Yolk Syncytial Layer,Neural Crest,7,0.01707317073170732,410,29,0.06,42,3.5
Proliferative Like Cell,Angioblastic Mesenchymal Cell,7,0.01511879049676026,463,69,0.06,42,3.5
Yolk Syncytial Layer,Anterior Erythroid Lineage Cell,7,0.01707317073170732,410,29,0.06,42,3.5
Proliferative Like Cell,Spinal Cord Dorsal Region,7,0.01511879049676026,463,69,0.06,42,3.5
Presumptive Mesoderm,Spinal Cord Dorsal Region,7,0.022222222222222223,315,47,0.06,42,3.5
Presumptive Mesoderm,Somite,7,0.022222222222222223,315,47,0.06,42,3.5
EVL,"Immature Eye, Midbrain",6,0.0032017075773745998,1874,272,0.06,42,3.5
EVL,Eye,6,0.0032017075773745998,1874,272,0.06,42,3.5
"Presumptive Mesoderm, Presumptive Ectoderm",Spinal Cord Dorsal Region,6,0.0073439412484700125,817,100,0.06,42,3.5
Hypoblast,Erythroid Lineage Cell,5,0.026455026455026454,189,24,0.06,42,3.5
"Presumptive Mesoderm, Presumptive Ectoderm",Adaxial Cell,5,0.006119951040391677,817,100,0.06,42,3.5
EVL,Spinal Cord Ventral Region,5,0.0026680896478121665,1874,272,0.06,42,3.5
Presumptive Mesoderm,Myotome,4,0.012698412698412698,315,47,0.06,42,3.5
Presumptive Mesoderm,Periderm,4,0.012698412698412698,315,47,0.06,42,3.5
Hypoblast,Angioblastic Mesenchymal Cell,4,0.021164021164021163,189,24,0.06,42,3.5
Yolk Syncytial Layer,Eye,4,0.00975609756097561,410,29,0.06,42,3.5
Yolk Syncytial Layer,Angioblastic Mesenchymal Cell,4,0.00975609756097561,410,29,0.06,42,3.5
EVL,Neural Rod,3,0.0016008537886872999,1874,272,0.06,42,3.5
EVL,Spinal Cord Anterior Region,3,0.0016008537886872999,1874,272,0.06,42,3.5
Margin,Epidermis,3,0.017045454545454544,176,22,0.06,42,3.5
Presumptive Mesoderm,Erythroid Lineage Cell,3,0.009523809523809525,315,47,0.06,42,3.5
Proliferative Like Cell,Adaxial Cell,3,0.0064794816414686825,463,69,0.06,42,3.5
"Presumptive Mesoderm, Presumptive Ectoderm",Slow Muscle Cell,3,0.0036719706242350062,817,100,0.06,42,3.5
Hypoblast,Anterior Erythroid Lineage Cell,3,0.015873015873015872,189,24,0.06,42,3.5
Hypoblast,"Musculature System, Yolk Syncytial Layer",3,0.015873015873015872,189,24,0.06,42,3.5
Hypoblast,Forebrain,2,0.010582010582010581,189,24,0.06,42,3.5
Proliferative Like Cell,Slow Muscle Cell,2,0.004319654427645789,463,69,0.06,42,3.5
Presumptive Mesoderm,Epidermis,2,0.006349206349206349,315,47,0.06,42,3.5
Proliferative Like Cell,"Segmental Plate, Tail Bud",2,0.004319654427645789,463,69,0.06,42,3.5
Proliferative Like Cell,Pigment Cell,2,0.004319654427645789,463,69,0.06,42,3.5
Presumptive Mesoderm,Eye,2,0.006349206349206349,315,47,0.06,42,3.5
EVL,Optic Vesicle,2,0.0010672358591248667,1874,272,0.06,42,3.5
"Presumptive Mesoderm, Presumptive Ectoderm",Eye,2,0.0024479804161566705,817,100,0.06,42,3.5
"Presumptive Mesoderm, Presumptive Ectoderm",Pigment Cell,2,0.0024479804161566705,817,100,0.06,42,3.5
Presumptive Mesoderm,Spinal Cord Ventral Region,2,0.006349206349206349,315,47,0.06,42,3.5
Presumptive Mesoderm,"Neural Crest, Otic Vesicle",2,0.006349206349206349,315,47,0.06,42,3.5
"Presumptive Mesoderm, Presumptive Ectoderm",Myotome,2,0.0024479804161566705,817,100,0.06,42,3.5
Hypoblast,Spinal Cord Dorsal Region,2,0.010582010582010581,189,24,0.06,42,3.5
Hypoblast,Neural Crest,2,0.010582010582010581,189,24,0.06,42,3.5
Hypoblast,Myotome,2,0.010582010582010581,189,24,0.06,42,3.5
Yolk Syncytial Layer,"Segmental Plate, Tail Bud",1,0.0024390243902439024,410,29,0.06,42,3.5
Yolk Syncytial Layer,Nervous System,1,0.0024390243902439024,410,29,0.06,42,3.5
Hypoblast,Hatching Gland,1,0.005291005291005291,189,24,0.06,42,3.5
Margin,Somite,1,0.005681818181818182,176,22,0.06,42,3.5
Margin,Spinal Cord Dorsal Region,1,0.005681818181818182,176,22,0.06,42,3.5
EVL,"Neural Crest, Otic Vesicle",1,0.0005336179295624333,1874,272,0.06,42,3.5
Hypoblast,Neural Rod,1,0.005291005291005291,189,24,0.06,42,3.5
Presumptive Mesoderm,"Segmental Plate, Tail Bud",1,0.0031746031746031746,315,47,0.06,42,3.5
Presumptive Mesoderm,Pigment Cell,1,0.0031746031746031746,315,47,0.06,42,3.5
"Presumptive Mesoderm, Presumptive Ectoderm","Segmental Plate, Tail Bud",1,0.0012239902080783353,817,100,0.06,42,3.5
Hypoblast,Adaxial Cell,1,0.005291005291005291,189,24,0.06,42,3.5
Hypoblast,Slow Muscle Cell,1,0.005291005291005291,189,24,0.06,42,3.5
Hypoblast,Spinal Cord Anterior Region,1,0.005291005291005291,189,24,0.06,42,3.5
Proliferative Like Cell,Myotome,1,0.0021598272138228943,463,69,0.06,42,3.5
Proliferative Like Cell,Epidermis,1,0.0021598272138228943,463,69,0.06,42,3.5
Proliferative Like Cell,Eye,1,0.0021598272138228943,463,69,0.06,42,3.5
EVL,Periderm,1,0.0005336179295624333,1874,272,0.06,42,3.5
Margin,"Neural Crest, Otic Vesicle",1,0.005681818181818182,176,22,0.06,42,3.5
EVL,Pronephros,494,0.18571428571428572,2660,272,0.06,42,4.0
EVL,Nervous System,466,0.17518796992481203,2660,272,0.06,42,4.0
"Presumptive Mesoderm, Presumptive Ectoderm",Pronephros,373,0.30573770491803276,1220,100,0.06,42,4.0
Yolk Syncytial Layer,"Musculature System, Yolk Syncytial Layer",352,0.5956006768189509,591,29,0.06,42,4.0
EVL,Notochord,313,0.11766917293233083,2660,272,0.06,42,4.0
EVL,Fast Muscle Cell,289,0.10864661654135338,2660,272,0.06,42,4.0
"Presumptive Mesoderm, Presumptive Ectoderm","Musculature System, Yolk Syncytial Layer",243,0.19918032786885245,1220,100,0.06,42,4.0
EVL,"Musculature System, Yolk Syncytial Layer",200,0.07518796992481203,2660,272,0.06,42,4.0
EVL,Somite,195,0.07330827067669173,2660,272,0.06,42,4.0
EVL,Forebrain,152,0.05714285714285714,2660,272,0.06,42,4.0
"Presumptive Mesoderm, Presumptive Ectoderm",Fast Muscle Cell,145,0.11885245901639344,1220,100,0.06,42,4.0
Proliferative Like Cell,Pronephros,136,0.19883040935672514,684,69,0.06,42,4.0
Proliferative Like Cell,Fast Muscle Cell,115,0.16812865497076024,684,69,0.06,42,4.0
Yolk Syncytial Layer,Pronephros,98,0.1658206429780034,591,29,0.06,42,4.0
Proliferative Like Cell,Notochord,95,0.1388888888888889,684,69,0.06,42,4.0
EVL,Spinal Cord Dorsal Region,94,0.035338345864661655,2660,272,0.06,42,4.0
"Presumptive Mesoderm, Presumptive Ectoderm",Notochord,93,0.07622950819672131,1220,100,0.06,42,4.0
Proliferative Like Cell,Nervous System,92,0.13450292397660818,684,69,0.06,42,4.0
EVL,Myotome,91,0.034210526315789476,2660,272,0.06,42,4.0
Presumptive Mesoderm,Nervous System,87,0.19376391982182628,449,47,0.06,42,4.0
"Presumptive Mesoderm, Presumptive Ectoderm",Nervous System,83,0.0680327868852459,1220,100,0.06,42,4.0
Hypoblast,Pronephros,83,0.28620689655172415,290,24,0.06,42,4.0
Proliferative Like Cell,"Musculature System, Yolk Syncytial Layer",83,0.12134502923976608,684,69,0.06,42,4.0
Presumptive Mesoderm,Forebrain,81,0.18040089086859687,449,47,0.06,42,4.0
"Presumptive Mesoderm, Presumptive Ectoderm",Somite,76,0.06229508196721312,1220,100,0.06,42,4.0
Presumptive Mesoderm,"Musculature System, Yolk Syncytial Layer",75,0.16703786191536749,449,47,0.06,42,4.0
EVL,Anterior Erythroid Lineage Cell,74,0.027819548872180452,2660,272,0.06,42,4.0
Hypoblast,Notochord,74,0.25517241379310346,290,24,0.06,42,4.0
Margin,Nervous System,73,0.3093220338983051,236,22,0.06,42,4.0
"Presumptive Mesoderm, Presumptive Ectoderm",Anterior Erythroid Lineage Cell,60,0.04918032786885246,1220,100,0.06,42,4.0
EVL,Spinal Cord Ventral Region,53,0.01992481203007519,2660,272,0.06,42,4.0
Hypoblast,Fast Muscle Cell,47,0.16206896551724137,290,24,0.06,42,4.0
Margin,Pronephros,45,0.1906779661016949,236,22,0.06,42,4.0
Presumptive Mesoderm,Pronephros,45,0.10022271714922049,449,47,0.06,42,4.0
Proliferative Like Cell,Spinal Cord Dorsal Region,39,0.05701754385964912,684,69,0.06,42,4.0
EVL,Hatching Gland,39,0.014661654135338346,2660,272,0.06,42,4.0
Yolk Syncytial Layer,Hatching Gland,38,0.06429780033840947,591,29,0.06,42,4.0
Proliferative Like Cell,Somite,38,0.05555555555555555,684,69,0.06,42,4.0
EVL,Epidermis,35,0.013157894736842105,2660,272,0.06,42,4.0
EVL,Pigment Cell,33,0.012406015037593985,2660,272,0.06,42,4.0
Presumptive Mesoderm,Hatching Gland,33,0.07349665924276169,449,47,0.06,42,4.0
Yolk Syncytial Layer,Yolk Syncytial Layer,31,0.05245346869712352,591,29,0.06,42,4.0
"Presumptive Mesoderm, Presumptive Ectoderm",Forebrain,31,0.02540983606557377,1220,100,0.06,42,4.0
Hypoblast,"Musculature System, Yolk Syncytial Layer",29,0.1,290,24,0.06,42,4.0
EVL,Eye,29,0.010902255639097745,2660,272,0.06,42,4.0
Presumptive Mesoderm,Notochord,27,0.060133630289532294,449,47,0.06,42,4.0
EVL,Slow Muscle Cell,26,0.009774436090225564,2660,272,0.06,42,4.0
Proliferative Like Cell,Anterior Erythroid Lineage Cell,26,0.038011695906432746,684,69,0.06,42,4.0
"Presumptive Mesoderm, Presumptive Ectoderm",Hatching Gland,25,0.020491803278688523,1220,100,0.06,42,4.0
"Presumptive Mesoderm, Presumptive Ectoderm",Eye,24,0.019672131147540985,1220,100,0.06,42,4.0
Margin,Hatching Gland,24,0.1016949152542373,236,22,0.06,42,4.0
EVL,Angioblastic Mesenchymal Cell,23,0.008646616541353383,2660,272,0.06,42,4.0
Yolk Syncytial Layer,Anterior Erythroid Lineage Cell,23,0.038917089678511,591,29,0.06,42,4.0
Margin,"Musculature System, Yolk Syncytial Layer",22,0.09322033898305085,236,22,0.06,42,4.0
Hypoblast,Nervous System,21,0.07241379310344828,290,24,0.06,42,4.0
Presumptive Mesoderm,Anterior Erythroid Lineage Cell,21,0.0467706013363029,449,47,0.06,42,4.0
Margin,Forebrain,20,0.0847457627118644,236,22,0.06,42,4.0
"Presumptive Mesoderm, Presumptive Ectoderm",Epidermis,19,0.01557377049180328,1220,100,0.06,42,4.0
EVL,Erythroid Lineage Cell,19,0.007142857142857143,2660,272,0.06,42,4.0
Margin,Anterior Erythroid Lineage Cell,18,0.07627118644067797,236,22,0.06,42,4.0
EVL,Neural Crest,17,0.006390977443609023,2660,272,0.06,42,4.0
"Presumptive Mesoderm, Presumptive Ectoderm",Myotome,17,0.013934426229508197,1220,100,0.06,42,4.0
Proliferative Like Cell,Forebrain,16,0.023391812865497075,684,69,0.06,42,4.0
Proliferative Like Cell,Spinal Cord Ventral Region,15,0.021929824561403508,684,69,0.06,42,4.0
Presumptive Mesoderm,Fast Muscle Cell,14,0.031180400890868598,449,47,0.06,42,4.0
"Presumptive Mesoderm, Presumptive Ectoderm",Spinal Cord Dorsal Region,13,0.010655737704918032,1220,100,0.06,42,4.0
Yolk Syncytial Layer,Forebrain,13,0.021996615905245348,591,29,0.06,42,4.0
Presumptive Mesoderm,Eye,13,0.028953229398663696,449,47,0.06,42,4.0
Margin,Notochord,12,0.05084745762711865,236,22,0.06,42,4.0
Hypoblast,Anterior Erythroid Lineage Cell,11,0.03793103448275862,290,24,0.06,42,4.0
EVL,Spinal Cord Anterior Region,11,0.004135338345864661,2660,272,0.06,42,4.0
Proliferative Like Cell,Myotome,11,0.01608187134502924,684,69,0.06,42,4.0
Yolk Syncytial Layer,Notochord,10,0.01692047377326565,591,29,0.06,42,4.0
Presumptive Mesoderm,Somite,8,0.017817371937639197,449,47,0.06,42,4.0
Proliferative Like Cell,Hatching Gland,8,0.011695906432748537,684,69,0.06,42,4.0
Yolk Syncytial Layer,Nervous System,8,0.01353637901861252,591,29,0.06,42,4.0
Presumptive Mesoderm,Spinal Cord Dorsal Region,8,0.017817371937639197,449,47,0.06,42,4.0
Presumptive Mesoderm,Pigment Cell,7,0.015590200445434299,449,47,0.06,42,4.0
Yolk Syncytial Layer,Neural Crest,6,0.01015228426395939,591,29,0.06,42,4.0
Margin,Epidermis,6,0.025423728813559324,236,22,0.06,42,4.0
Presumptive Mesoderm,Myotome,6,0.013363028953229399,449,47,0.06,42,4.0
Margin,Myotome,6,0.025423728813559324,236,22,0.06,42,4.0
"Presumptive Mesoderm, Presumptive Ectoderm",Erythroid Lineage Cell,6,0.004918032786885246,1220,100,0.06,42,4.0
Yolk Syncytial Layer,Eye,6,0.01015228426395939,591,29,0.06,42,4.0
Hypoblast,Spinal Cord Anterior Region,5,0.017241379310344827,290,24,0.06,42,4.0
Hypoblast,Myotome,5,0.017241379310344827,290,24,0.06,42,4.0
Presumptive Mesoderm,Neural Crest,5,0.011135857461024499,449,47,0.06,42,4.0
Proliferative Like Cell,Pigment Cell,4,0.005847953216374269,684,69,0.06,42,4.0
Hypoblast,Spinal Cord Dorsal Region,4,0.013793103448275862,290,24,0.06,42,4.0
Presumptive Mesoderm,Spinal Cord Ventral Region,4,0.008908685968819599,449,47,0.06,42,4.0
"Presumptive Mesoderm, Presumptive Ectoderm",Slow Muscle Cell,4,0.003278688524590164,1220,100,0.06,42,4.0
Presumptive Mesoderm,Yolk Syncytial Layer,4,0.008908685968819599,449,47,0.06,42,4.0
EVL,"Immature Eye, Midbrain",4,0.0015037593984962407,2660,272,0.06,42,4.0
Hypoblast,Spinal Cord Ventral Region,3,0.010344827586206896,290,24,0.06,42,4.0
Presumptive Mesoderm,Angioblastic Mesenchymal Cell,3,0.0066815144766146995,449,47,0.06,42,4.0
"Presumptive Mesoderm, Presumptive Ectoderm",Neural Crest,3,0.002459016393442623,1220,100,0.06,42,4.0
Presumptive Mesoderm,Periderm,3,0.0066815144766146995,449,47,0.06,42,4.0
Margin,Angioblastic Mesenchymal Cell,3,0.012711864406779662,236,22,0.06,42,4.0
Hypoblast,Somite,3,0.010344827586206896,290,24,0.06,42,4.0
Presumptive Mesoderm,Epidermis,3,0.0066815144766146995,449,47,0.06,42,4.0
Yolk Syncytial Layer,Epidermis,2,0.00338409475465313,591,29,0.06,42,4.0
"Presumptive Mesoderm, Presumptive Ectoderm",Pigment Cell,2,0.001639344262295082,1220,100,0.06,42,4.0
Proliferative Like Cell,Erythroid Lineage Cell,2,0.0029239766081871343,684,69,0.06,42,4.0
Yolk Syncytial Layer,Erythroid Lineage Cell,2,0.00338409475465313,591,29,0.06,42,4.0
Margin,Eye,2,0.00847457627118644,236,22,0.06,42,4.0
Proliferative Like Cell,Eye,2,0.0029239766081871343,684,69,0.06,42,4.0
Hypoblast,Neural Crest,2,0.006896551724137931,290,24,0.06,42,4.0
Presumptive Mesoderm,Erythroid Lineage Cell,2,0.004454342984409799,449,47,0.06,42,4.0
Hypoblast,Eye,1,0.0034482758620689655,290,24,0.06,42,4.0
Hypoblast,Forebrain,1,0.0034482758620689655,290,24,0.06,42,4.0
Proliferative Like Cell,Angioblastic Mesenchymal Cell,1,0.0014619883040935672,684,69,0.06,42,4.0
"Presumptive Mesoderm, Presumptive Ectoderm",Spinal Cord Ventral Region,1,0.000819672131147541,1220,100,0.06,42,4.0
"Presumptive Mesoderm, Presumptive Ectoderm",Spinal Cord Anterior Region,1,0.000819672131147541,1220,100,0.06,42,4.0
Yolk Syncytial Layer,Angioblastic Mesenchymal Cell,1,0.001692047377326565,591,29,0.06,42,4.0
"Presumptive Mesoderm, Presumptive Ectoderm",Angioblastic Mesenchymal Cell,1,0.000819672131147541,1220,100,0.06,42,4.0
Yolk Syncytial Layer,Spinal Cord Dorsal Region,1,0.001692047377326565,591,29,0.06,42,4.0
Proliferative Like Cell,Epidermis,1,0.0014619883040935672,684,69,0.06,42,4.0
Hypoblast,Slow Muscle Cell,1,0.0034482758620689655,290,24,0.06,42,4.0
Margin,Spinal Cord Dorsal Region,1,0.00423728813559322,236,22,0.06,42,4.0
Margin,Pigment Cell,1,0.00423728813559322,236,22,0.06,42,4.0
EVL,"Segmental Plate, Tail Bud",1,0.00037593984962406017,2660,272,0.06,42,4.0
Margin,Spinal Cord Ventral Region,1,0.00423728813559322,236,22,0.06,42,4.0
Margin,Erythroid Lineage Cell,1,0.00423728813559322,236,22,0.06,42,4.0
Margin,Fast Muscle Cell,1,0.00423728813559322,236,22,0.06,42,4.0
EVL,Yolk Syncytial Layer,1,0.00037593984962406017,2660,272,0.06,42,4.0
EVL,Polster,1,0.00037593984962406017,2660,272,0.06,42,4.0
EVL,EVL,272,1.0,272,272,0.0,42,0.0
"Presumptive Mesoderm, Presumptive Ectoderm","Presumptive Mesoderm, Presumptive Ectoderm",100,1.0,100,100,0.0,42,0.0
Proliferative Like Cell,Proliferative Like Cell,69,1.0,69,69,0.0,42,0.0
Presumptive Mesoderm,Presumptive Mesoderm,47,1.0,47,47,0.0,42,0.0
Yolk Syncytial Layer,Yolk Syncytial Layer,29,1.0,29,29,0.0,42,0.0
Hypoblast,Hypoblast,24,1.0,24,24,0.0,42,0.0
Margin,Margin,22,1.0,22,22,0.0,42,0.0
EVL,Notochord,78,0.22941176470588234,340,272,0.0,42,0.5
EVL,EVL,56,0.16470588235294117,340,272,0.0,42,0.5
Yolk Syncytial Layer,Yolk Syncytial Layer,52,1.0,52,29,0.0,42,0.5
EVL,"Paraxial Mesoderm, Neural Keel",47,0.13823529411764707,340,272,0.0,42,0.5
EVL,Proliferative Like Cell,39,0.11470588235294117,340,272,0.0,42,0.5
"Presumptive Mesoderm, Presumptive Ectoderm","Segmental Plate, Tail Bud",38,0.3089430894308943,123,100,0.0,42,0.5
"Presumptive Mesoderm, Presumptive Ectoderm","Presumptive Mesoderm, Presumptive Ectoderm",36,0.2926829268292683,123,100,0.0,42,0.5
EVL,Periderm,32,0.09411764705882353,340,272,0.0,42,0.5
EVL,"Presumptive Mesoderm, Presumptive Ectoderm",29,0.08529411764705883,340,272,0.0,42,0.5
EVL,"Segmental Plate, Tail Bud",27,0.07941176470588235,340,272,0.0,42,0.5
"Presumptive Mesoderm, Presumptive Ectoderm","Paraxial Mesoderm, Neural Keel",24,0.1951219512195122,123,100,0.0,42,0.5
EVL,Presumptive Mesoderm,23,0.06764705882352941,340,272,0.0,42,0.5
Proliferative Like Cell,"Segmental Plate, Tail Bud",19,0.2159090909090909,88,69,0.0,42,0.5
Presumptive Mesoderm,Yolk Syncytial Layer,18,0.3333333333333333,54,47,0.0,42,0.5
Proliferative Like Cell,Notochord,18,0.20454545454545456,88,69,0.0,42,0.5
Margin,Yolk Syncytial Layer,15,0.5,30,22,0.0,42,0.5
Proliferative Like Cell,"Presumptive Mesoderm, Presumptive Ectoderm",15,0.17045454545454544,88,69,0.0,42,0.5
Proliferative Like Cell,Proliferative Like Cell,14,0.1590909090909091,88,69,0.0,42,0.5
Proliferative Like Cell,"Paraxial Mesoderm, Neural Keel",13,0.14772727272727273,88,69,0.0,42,0.5
"Presumptive Mesoderm, Presumptive Ectoderm",Notochord,12,0.0975609756097561,123,100,0.0,42,0.5
Presumptive Mesoderm,"Segmental Plate, Tail Bud",9,0.16666666666666666,54,47,0.0,42,0.5
Presumptive Mesoderm,"Paraxial Mesoderm, Neural Keel",8,0.14814814814814814,54,47,0.0,42,0.5
Hypoblast,"Presumptive Mesoderm, Presumptive Ectoderm",7,0.22580645161290322,31,24,0.0,42,0.5
Hypoblast,"Segmental Plate, Tail Bud",7,0.22580645161290322,31,24,0.0,42,0.5
Hypoblast,Notochord,7,0.22580645161290322,31,24,0.0,42,0.5
"Presumptive Mesoderm, Presumptive Ectoderm",Yolk Syncytial Layer,6,0.04878048780487805,123,100,0.0,42,0.5
Margin,"Segmental Plate, Tail Bud",6,0.2,30,22,0.0,42,0.5
EVL,Anterior Neural Keel,6,0.01764705882352941,340,272,0.0,42,0.5
Presumptive Mesoderm,Notochord,5,0.09259259259259259,54,47,0.0,42,0.5
"Presumptive Mesoderm, Presumptive Ectoderm",Anterior Neural Keel,5,0.04065040650406504,123,100,0.0,42,0.5
Hypoblast,"Paraxial Mesoderm, Neural Keel",4,0.12903225806451613,31,24,0.0,42,0.5
Proliferative Like Cell,Anterior Neural Keel,4,0.045454545454545456,88,69,0.0,42,0.5
Presumptive Mesoderm,"Presumptive Mesoderm, Presumptive Ectoderm",4,0.07407407407407407,54,47,0.0,42,0.5
Presumptive Mesoderm,Periderm,4,0.07407407407407407,54,47,0.0,42,0.5
Margin,Presumptive Mesoderm,3,0.1,30,22,0.0,42,0.5
Presumptive Mesoderm,Presumptive Mesoderm,3,0.05555555555555555,54,47,0.0,42,0.5
Presumptive Mesoderm,Anterior Neural Keel,3,0.05555555555555555,54,47,0.0,42,0.5
Margin,Margin,3,0.1,30,22,0.0,42,0.5
Proliferative Like Cell,Periderm,3,0.03409090909090909,88,69,0.0,42,0.5
Hypoblast,Anterior Neural Keel,2,0.06451612903225806,31,24,0.0,42,0.5
EVL,Yolk Syncytial Layer,2,0.0058823529411764705,340,272,0.0,42,0.5
"Presumptive Mesoderm, Presumptive Ectoderm",Presumptive Mesoderm,2,0.016260162601626018,123,100,0.0,42,0.5
Margin,Periderm,2,0.06666666666666667,30,22,0.0,42,0.5
Proliferative Like Cell,Presumptive Mesoderm,2,0.022727272727272728,88,69,0.0,42,0.5
Hypoblast,Proliferative Like Cell,2,0.06451612903225806,31,24,0.0,42,0.5
Hypoblast,Presumptive Mesoderm,1,0.03225806451612903,31,24,0.0,42,0.5
Hypoblast,Periderm,1,0.03225806451612903,31,24,0.0,42,0.5
EVL,Hypoblast,1,0.0029411764705882353,340,272,0.0,42,0.5
Margin,Notochord,1,0.03333333333333333,30,22,0.0,42,0.5
EVL,"Segmental Plate, Tail Bud",227,0.5,454,272,0.0,42,1.0
"Presumptive Mesoderm, Presumptive Ectoderm","Segmental Plate, Tail Bud",117,0.6647727272727273,176,100,0.0,42,1.0
EVL,Periderm,103,0.22687224669603523,454,272,0.0,42,1.0
Yolk Syncytial Layer,Yolk Syncytial Layer,90,0.9782608695652174,92,29,0.0,42,1.0
Proliferative Like Cell,"Segmental Plate, Tail Bud",88,0.7213114754098361,122,69,0.0,42,1.0
EVL,Notochord,51,0.11233480176211454,454,272,0.0,42,1.0
EVL,"Paraxial Mesoderm, Neural Keel",45,0.09911894273127753,454,272,0.0,42,1.0
Presumptive Mesoderm,Yolk Syncytial Layer,36,0.48,75,47,0.0,42,1.0
Hypoblast,"Segmental Plate, Tail Bud",27,0.54,50,24,0.0,42,1.0
Margin,Yolk Syncytial Layer,21,0.4883720930232558,43,22,0.0,42,1.0
Presumptive Mesoderm,"Segmental Plate, Tail Bud",20,0.26666666666666666,75,47,0.0,42,1.0
EVL,Yolk Syncytial Layer,20,0.04405286343612335,454,272,0.0,42,1.0
"Presumptive Mesoderm, Presumptive Ectoderm",Yolk Syncytial Layer,19,0.10795454545454546,176,100,0.0,42,1.0
Proliferative Like Cell,"Paraxial Mesoderm, Neural Keel",17,0.13934426229508196,122,69,0.0,42,1.0
"Presumptive Mesoderm, Presumptive Ectoderm",Notochord,16,0.09090909090909091,176,100,0.0,42,1.0
"Presumptive Mesoderm, Presumptive Ectoderm","Paraxial Mesoderm, Neural Keel",16,0.09090909090909091,176,100,0.0,42,1.0
Margin,"Segmental Plate, Tail Bud",15,0.3488372093023256,43,22,0.0,42,1.0
EVL,Anterior Neural Keel,8,0.01762114537444934,454,272,0.0,42,1.0
Presumptive Mesoderm,Periderm,8,0.10666666666666667,75,47,0.0,42,1.0
Hypoblast,Periderm,8,0.16,50,24,0.0,42,1.0
Hypoblast,Yolk Syncytial Layer,7,0.14,50,24,0.0,42,1.0
Proliferative Like Cell,Periderm,6,0.04918032786885246,122,69,0.0,42,1.0
Proliferative Like Cell,Notochord,6,0.04918032786885246,122,69,0.0,42,1.0
Margin,Periderm,6,0.13953488372093023,43,22,0.0,42,1.0
Presumptive Mesoderm,"Paraxial Mesoderm, Neural Keel",6,0.08,75,47,0.0,42,1.0
"Presumptive Mesoderm, Presumptive Ectoderm",Anterior Neural Keel,5,0.028409090909090908,176,100,0.0,42,1.0
Hypoblast,"Paraxial Mesoderm, Neural Keel",5,0.1,50,24,0.0,42,1.0
Presumptive Mesoderm,Notochord,4,0.05333333333333334,75,47,0.0,42,1.0
Proliferative Like Cell,Yolk Syncytial Layer,4,0.03278688524590164,122,69,0.0,42,1.0
Yolk Syncytial Layer,Polster,2,0.021739130434782608,92,29,0.0,42,1.0
"Presumptive Mesoderm, Presumptive Ectoderm",Neural Rod,2,0.011363636363636364,176,100,0.0,42,1.0
Hypoblast,Notochord,2,0.04,50,24,0.0,42,1.0
Hypoblast,Anterior Neural Keel,1,0.02,50,24,0.0,42,1.0
Presumptive Mesoderm,Anterior Neural Keel,1,0.013333333333333334,75,47,0.0,42,1.0
Margin,"Paraxial Mesoderm, Neural Keel",1,0.023255813953488372,43,22,0.0,42,1.0
"Presumptive Mesoderm, Presumptive Ectoderm",Periderm,1,0.005681818181818182,176,100,0.0,42,1.0
Proliferative Like Cell,Anterior Neural Keel,1,0.00819672131147541,122,69,0.0,42,1.0
EVL,"Segmental Plate, Tail Bud",302,0.4886731391585761,618,272,0.0,42,1.5
EVL,Periderm,161,0.2605177993527508,618,272,0.0,42,1.5
"Presumptive Mesoderm, Presumptive Ectoderm","Segmental Plate, Tail Bud",104,0.39097744360902253,266,100,0.0,42,1.5
Proliferative Like Cell,"Segmental Plate, Tail Bud",96,0.5517241379310345,174,69,0.0,42,1.5
"Presumptive Mesoderm, Presumptive Ectoderm",Adaxial Cell,76,0.2857142857142857,266,100,0.0,42,1.5
Yolk Syncytial Layer,Yolk Syncytial Layer,74,0.49333333333333335,150,29,0.0,42,1.5
EVL,Adaxial Cell,62,0.10032362459546926,618,272,0.0,42,1.5
EVL,Neural Rod,45,0.07281553398058252,618,272,0.0,42,1.5
Yolk Syncytial Layer,Polster,38,0.25333333333333335,150,29,0.0,42,1.5
Yolk Syncytial Layer,"Yolk Syncytial Layer, Periderm",38,0.25333333333333335,150,29,0.0,42,1.5
"Presumptive Mesoderm, Presumptive Ectoderm",Yolk Syncytial Layer,33,0.12406015037593984,266,100,0.0,42,1.5
Proliferative Like Cell,Adaxial Cell,30,0.1724137931034483,174,69,0.0,42,1.5
Presumptive Mesoderm,Yolk Syncytial Layer,28,0.26666666666666666,105,47,0.0,42,1.5
Presumptive Mesoderm,Periderm,24,0.22857142857142856,105,47,0.0,42,1.5
EVL,Yolk Syncytial Layer,23,0.0372168284789644,618,272,0.0,42,1.5
Hypoblast,"Segmental Plate, Tail Bud",21,0.29577464788732394,71,24,0.0,42,1.5
"Presumptive Mesoderm, Presumptive Ectoderm",Neural Rod,20,0.07518796992481203,266,100,0.0,42,1.5
Presumptive Mesoderm,"Segmental Plate, Tail Bud",19,0.18095238095238095,105,47,0.0,42,1.5
Hypoblast,Neural Rod,17,0.23943661971830985,71,24,0.0,42,1.5
Margin,"Segmental Plate, Tail Bud",17,0.32075471698113206,53,22,0.0,42,1.5
Presumptive Mesoderm,Adaxial Cell,17,0.1619047619047619,105,47,0.0,42,1.5
Proliferative Like Cell,Periderm,16,0.09195402298850575,174,69,0.0,42,1.5
Margin,Yolk Syncytial Layer,16,0.3018867924528302,53,22,0.0,42,1.5
Proliferative Like Cell,Neural Rod,15,0.08620689655172414,174,69,0.0,42,1.5
"Presumptive Mesoderm, Presumptive Ectoderm",Notochord,13,0.04887218045112782,266,100,0.0,42,1.5
Margin,Periderm,13,0.24528301886792453,53,22,0.0,42,1.5
Hypoblast,Adaxial Cell,12,0.16901408450704225,71,24,0.0,42,1.5
Hypoblast,Periderm,11,0.15492957746478872,71,24,0.0,42,1.5
EVL,"Paraxial Mesoderm, Neural Keel",10,0.016181229773462782,618,272,0.0,42,1.5
EVL,Notochord,10,0.016181229773462782,618,272,0.0,42,1.5
"Presumptive Mesoderm, Presumptive Ectoderm",Somite,10,0.03759398496240601,266,100,0.0,42,1.5
Proliferative Like Cell,Yolk Syncytial Layer,8,0.04597701149425287,174,69,0.0,42,1.5
Hypoblast,Yolk Syncytial Layer,8,0.11267605633802817,71,24,0.0,42,1.5
"Presumptive Mesoderm, Presumptive Ectoderm",Periderm,7,0.02631578947368421,266,100,0.0,42,1.5
Presumptive Mesoderm,"Paraxial Mesoderm, Neural Keel",6,0.05714285714285714,105,47,0.0,42,1.5
Presumptive Mesoderm,Polster,6,0.05714285714285714,105,47,0.0,42,1.5
Presumptive Mesoderm,Neural Rod,5,0.047619047619047616,105,47,0.0,42,1.5
Proliferative Like Cell,Somite,5,0.028735632183908046,174,69,0.0,42,1.5
EVL,Somite,4,0.006472491909385114,618,272,0.0,42,1.5
Margin,Polster,4,0.07547169811320754,53,22,0.0,42,1.5
"Presumptive Mesoderm, Presumptive Ectoderm",Anterior Neural Keel,3,0.011278195488721804,266,100,0.0,42,1.5
Proliferative Like Cell,Notochord,2,0.011494252873563218,174,69,0.0,42,1.5
Hypoblast,Notochord,2,0.028169014084507043,71,24,0.0,42,1.5
Proliferative Like Cell,"Paraxial Mesoderm, Neural Keel",2,0.011494252873563218,174,69,0.0,42,1.5
Margin,Neural Rod,2,0.03773584905660377,53,22,0.0,42,1.5
EVL,Anterior Neural Keel,1,0.0016181229773462784,618,272,0.0,42,1.5
Margin,"Paraxial Mesoderm, Neural Keel",1,0.018867924528301886,53,22,0.0,42,1.5
EVL,Adaxial Cell,377,0.43888242142025613,859,272,0.0,42,2.0
EVL,Neural Rod,248,0.28870779976717115,859,272,0.0,42,2.0
"Presumptive Mesoderm, Presumptive Ectoderm",Adaxial Cell,230,0.5927835051546392,388,100,0.0,42,2.0
Yolk Syncytial Layer,Polster,134,0.6118721461187214,219,29,0.0,42,2.0
EVL,"Segmental Plate, Tail Bud",110,0.1280558789289872,859,272,0.0,42,2.0
Proliferative Like Cell,Adaxial Cell,106,0.4649122807017544,228,69,0.0,42,2.0
"Presumptive Mesoderm, Presumptive Ectoderm",Neural Rod,65,0.16752577319587628,388,100,0.0,42,2.0
Yolk Syncytial Layer,"Yolk Syncytial Layer, Periderm",65,0.2968036529680365,219,29,0.0,42,2.0
EVL,Periderm,61,0.0710128055878929,859,272,0.0,42,2.0
Proliferative Like Cell,Neural Rod,46,0.20175438596491227,228,69,0.0,42,2.0
Hypoblast,Adaxial Cell,46,0.48936170212765956,94,24,0.0,42,2.0
Proliferative Like Cell,"Segmental Plate, Tail Bud",44,0.19298245614035087,228,69,0.0,42,2.0
"Presumptive Mesoderm, Presumptive Ectoderm","Segmental Plate, Tail Bud",38,0.0979381443298969,388,100,0.0,42,2.0
"Presumptive Mesoderm, Presumptive Ectoderm",Somite,35,0.09020618556701031,388,100,0.0,42,2.0
Presumptive Mesoderm,Polster,34,0.24113475177304963,141,47,0.0,42,2.0
EVL,Somite,32,0.037252619324796274,859,272,0.0,42,2.0
Presumptive Mesoderm,Adaxial Cell,32,0.22695035460992907,141,47,0.0,42,2.0
Hypoblast,Neural Rod,30,0.3191489361702128,94,24,0.0,42,2.0
Presumptive Mesoderm,Neural Rod,29,0.20567375886524822,141,47,0.0,42,2.0
Presumptive Mesoderm,"Segmental Plate, Tail Bud",24,0.1702127659574468,141,47,0.0,42,2.0
Margin,Periderm,24,0.34782608695652173,69,22,0.0,42,2.0
EVL,Optic Vesicle,20,0.023282887077997673,859,272,0.0,42,2.0
Presumptive Mesoderm,Periderm,20,0.14184397163120568,141,47,0.0,42,2.0
Margin,"Segmental Plate, Tail Bud",16,0.2318840579710145,69,22,0.0,42,2.0
Proliferative Like Cell,Periderm,15,0.06578947368421052,228,69,0.0,42,2.0
"Presumptive Mesoderm, Presumptive Ectoderm",Periderm,15,0.03865979381443299,388,100,0.0,42,2.0
Margin,Neural Rod,11,0.15942028985507245,69,22,0.0,42,2.0
Yolk Syncytial Layer,Yolk Syncytial Layer,11,0.0502283105022831,219,29,0.0,42,2.0
Yolk Syncytial Layer,Periderm,9,0.0410958904109589,219,29,0.0,42,2.0
Proliferative Like Cell,Somite,7,0.03070175438596491,228,69,0.0,42,2.0
Margin,Polster,6,0.08695652173913043,69,22,0.0,42,2.0
Margin,Adaxial Cell,6,0.08695652173913043,69,22,0.0,42,2.0
"Presumptive Mesoderm, Presumptive Ectoderm",Notochord,5,0.01288659793814433,388,100,0.0,42,2.0
Proliferative Like Cell,Notochord,5,0.021929824561403508,228,69,0.0,42,2.0
EVL,Notochord,5,0.005820721769499418,859,272,0.0,42,2.0
Hypoblast,Polster,5,0.05319148936170213,94,24,0.0,42,2.0
Hypoblast,"Segmental Plate, Tail Bud",5,0.05319148936170213,94,24,0.0,42,2.0
Hypoblast,Erythroid Lineage Cell,4,0.0425531914893617,94,24,0.0,42,2.0
Proliferative Like Cell,Yolk Syncytial Layer,4,0.017543859649122806,228,69,0.0,42,2.0
Margin,Optic Vesicle,4,0.057971014492753624,69,22,0.0,42,2.0
Hypoblast,Neural Crest,4,0.0425531914893617,94,24,0.0,42,2.0
EVL,Polster,3,0.0034924330616996507,859,272,0.0,42,2.0
EVL,Yolk Syncytial Layer,3,0.0034924330616996507,859,272,0.0,42,2.0
Margin,Yolk Syncytial Layer,2,0.028985507246376812,69,22,0.0,42,2.0
Presumptive Mesoderm,Somite,2,0.014184397163120567,141,47,0.0,42,2.0
Proliferative Like Cell,Neural Crest,1,0.0043859649122807015,228,69,0.0,42,2.0
EVL,Adaxial Cell,344,0.3254493850520341,1057,272,0.0,42,2.5
EVL,Neural Rod,291,0.2753074739829707,1057,272,0.0,42,2.5
EVL,Somite,171,0.16177861873226113,1057,272,0.0,42,2.5
"Presumptive Mesoderm, Presumptive Ectoderm",Somite,160,0.34408602150537637,465,100,0.0,42,2.5
"Presumptive Mesoderm, Presumptive Ectoderm",Adaxial Cell,102,0.21935483870967742,465,100,0.0,42,2.5
Yolk Syncytial Layer,"Yolk Syncytial Layer, Periderm",98,0.35766423357664234,274,29,0.0,42,2.5
EVL,Notochord,87,0.08230842005676443,1057,272,0.0,42,2.5
"Presumptive Mesoderm, Presumptive Ectoderm",Notochord,84,0.18064516129032257,465,100,0.0,42,2.5
Proliferative Like Cell,Adaxial Cell,75,0.26501766784452296,283,69,0.0,42,2.5
Yolk Syncytial Layer,Periderm,60,0.21897810218978103,274,29,0.0,42,2.5
Yolk Syncytial Layer,Polster,55,0.20072992700729927,274,29,0.0,42,2.5
Proliferative Like Cell,Somite,47,0.16607773851590105,283,69,0.0,42,2.5
EVL,"Segmental Plate, Tail Bud",47,0.04446546830652791,1057,272,0.0,42,2.5
Proliferative Like Cell,Notochord,37,0.13074204946996468,283,69,0.0,42,2.5
Proliferative Like Cell,"Segmental Plate, Tail Bud",34,0.12014134275618374,283,69,0.0,42,2.5
Proliferative Like Cell,Forebrain,32,0.11307420494699646,283,69,0.0,42,2.5
EVL,Neural Crest,31,0.0293282876064333,1057,272,0.0,42,2.5
"Presumptive Mesoderm, Presumptive Ectoderm",Neural Crest,30,0.06451612903225806,465,100,0.0,42,2.5
"Presumptive Mesoderm, Presumptive Ectoderm",Neural Rod,30,0.06451612903225806,465,100,0.0,42,2.5
Presumptive Mesoderm,Forebrain,28,0.15819209039548024,177,47,0.0,42,2.5
Hypoblast,Neural Rod,27,0.23684210526315788,114,24,0.0,42,2.5
Presumptive Mesoderm,Somite,26,0.14689265536723164,177,47,0.0,42,2.5
Presumptive Mesoderm,Neural Rod,25,0.14124293785310735,177,47,0.0,42,2.5
"Presumptive Mesoderm, Presumptive Ectoderm",Forebrain,24,0.05161290322580645,465,100,0.0,42,2.5
EVL,Forebrain,24,0.02270577105014191,1057,272,0.0,42,2.5
Yolk Syncytial Layer,Yolk Syncytial Layer,23,0.08394160583941605,274,29,0.0,42,2.5
Hypoblast,Somite,22,0.19298245614035087,114,24,0.0,42,2.5
Presumptive Mesoderm,Notochord,22,0.12429378531073447,177,47,0.0,42,2.5
EVL,Angioblastic Mesenchymal Cell,21,0.019867549668874173,1057,272,0.0,42,2.5
Yolk Syncytial Layer,Hatching Gland,20,0.072992700729927,274,29,0.0,42,2.5
Presumptive Mesoderm,Angioblastic Mesenchymal Cell,20,0.11299435028248588,177,47,0.0,42,2.5
Proliferative Like Cell,Neural Rod,20,0.0706713780918728,283,69,0.0,42,2.5
Proliferative Like Cell,Neural Crest,20,0.0706713780918728,283,69,0.0,42,2.5
EVL,Erythroid Lineage Cell,19,0.017975402081362345,1057,272,0.0,42,2.5
"Presumptive Mesoderm, Presumptive Ectoderm",Erythroid Lineage Cell,19,0.04086021505376344,465,100,0.0,42,2.5
Hypoblast,Adaxial Cell,17,0.14912280701754385,114,24,0.0,42,2.5
EVL,Optic Vesicle,16,0.015137180700094607,1057,272,0.0,42,2.5
Presumptive Mesoderm,Periderm,15,0.0847457627118644,177,47,0.0,42,2.5
Margin,Periderm,15,0.16853932584269662,89,22,0.0,42,2.5
Presumptive Mesoderm,"Segmental Plate, Tail Bud",14,0.07909604519774012,177,47,0.0,42,2.5
Margin,Forebrain,14,0.15730337078651685,89,22,0.0,42,2.5
Proliferative Like Cell,Erythroid Lineage Cell,12,0.04240282685512368,283,69,0.0,42,2.5
Hypoblast,Erythroid Lineage Cell,12,0.10526315789473684,114,24,0.0,42,2.5
"Presumptive Mesoderm, Presumptive Ectoderm",Angioblastic Mesenchymal Cell,12,0.025806451612903226,465,100,0.0,42,2.5
Hypoblast,Neural Crest,11,0.09649122807017543,114,24,0.0,42,2.5
Yolk Syncytial Layer,Forebrain,11,0.040145985401459854,274,29,0.0,42,2.5
Presumptive Mesoderm,Neural Crest,11,0.062146892655367235,177,47,0.0,42,2.5
Margin,Neural Crest,10,0.11235955056179775,89,22,0.0,42,2.5
Margin,"Yolk Syncytial Layer, Periderm",10,0.11235955056179775,89,22,0.0,42,2.5
Margin,Erythroid Lineage Cell,10,0.11235955056179775,89,22,0.0,42,2.5
Hypoblast,"Segmental Plate, Tail Bud",9,0.07894736842105263,114,24,0.0,42,2.5
Hypoblast,Notochord,8,0.07017543859649122,114,24,0.0,42,2.5
Yolk Syncytial Layer,Angioblastic Mesenchymal Cell,7,0.025547445255474453,274,29,0.0,42,2.5
Presumptive Mesoderm,Polster,7,0.03954802259887006,177,47,0.0,42,2.5
Proliferative Like Cell,Angioblastic Mesenchymal Cell,6,0.02120141342756184,283,69,0.0,42,2.5
Margin,Notochord,6,0.06741573033707865,89,22,0.0,42,2.5
Hypoblast,"Neural Crest, Otic Vesicle",6,0.05263157894736842,114,24,0.0,42,2.5
Presumptive Mesoderm,Adaxial Cell,6,0.03389830508474576,177,47,0.0,42,2.5
Margin,Neural Rod,5,0.056179775280898875,89,22,0.0,42,2.5
Margin,Angioblastic Mesenchymal Cell,5,0.056179775280898875,89,22,0.0,42,2.5
Margin,"Segmental Plate, Tail Bud",5,0.056179775280898875,89,22,0.0,42,2.5
"Presumptive Mesoderm, Presumptive Ectoderm","Segmental Plate, Tail Bud",4,0.008602150537634409,465,100,0.0,42,2.5
Margin,Adaxial Cell,4,0.0449438202247191,89,22,0.0,42,2.5
EVL,Nervous System,4,0.003784295175023652,1057,272,0.0,42,2.5
Margin,Optic Vesicle,3,0.033707865168539325,89,22,0.0,42,2.5
Presumptive Mesoderm,Erythroid Lineage Cell,3,0.01694915254237288,177,47,0.0,42,2.5
EVL,Polster,2,0.001892147587511826,1057,272,0.0,42,2.5
Margin,Hatching Gland,2,0.02247191011235955,89,22,0.0,42,2.5
Hypoblast,Angioblastic Mesenchymal Cell,2,0.017543859649122806,114,24,0.0,42,2.5
EVL,Notochord,486,0.3957654723127036,1228,272,0.0,42,3.0
"Presumptive Mesoderm, Presumptive Ectoderm",Notochord,238,0.4296028880866426,554,100,0.0,42,3.0
EVL,Somite,194,0.15798045602605862,1228,272,0.0,42,3.0
EVL,Neural Crest,181,0.1473941368078176,1228,272,0.0,42,3.0
EVL,Nervous System,152,0.1237785016286645,1228,272,0.0,42,3.0
Proliferative Like Cell,Notochord,140,0.43478260869565216,322,69,0.0,42,3.0
"Presumptive Mesoderm, Presumptive Ectoderm",Somite,115,0.2075812274368231,554,100,0.0,42,3.0
EVL,Forebrain,104,0.08469055374592833,1228,272,0.0,42,3.0
Yolk Syncytial Layer,Neural Crest,77,0.23547400611620795,327,29,0.0,42,3.0
Presumptive Mesoderm,Forebrain,74,0.34418604651162793,215,47,0.0,42,3.0
Yolk Syncytial Layer,Hatching Gland,67,0.20489296636085627,327,29,0.0,42,3.0
Yolk Syncytial Layer,"Yolk Syncytial Layer, Periderm",57,0.1743119266055046,327,29,0.0,42,3.0
"Presumptive Mesoderm, Presumptive Ectoderm",Erythroid Lineage Cell,55,0.09927797833935018,554,100,0.0,42,3.0
Yolk Syncytial Layer,Yolk Syncytial Layer,52,0.15902140672782875,327,29,0.0,42,3.0
EVL,Angioblastic Mesenchymal Cell,50,0.04071661237785016,1228,272,0.0,42,3.0
EVL,Erythroid Lineage Cell,49,0.039902280130293157,1228,272,0.0,42,3.0
Proliferative Like Cell,Somite,48,0.14906832298136646,322,69,0.0,42,3.0
Presumptive Mesoderm,Notochord,46,0.21395348837209302,215,47,0.0,42,3.0
"Presumptive Mesoderm, Presumptive Ectoderm",Neural Crest,44,0.07942238267148015,554,100,0.0,42,3.0
"Presumptive Mesoderm, Presumptive Ectoderm",Nervous System,40,0.07220216606498195,554,100,0.0,42,3.0
Proliferative Like Cell,Nervous System,38,0.11801242236024845,322,69,0.0,42,3.0
Proliferative Like Cell,Neural Crest,38,0.11801242236024845,322,69,0.0,42,3.0
"Presumptive Mesoderm, Presumptive Ectoderm",Forebrain,36,0.06498194945848375,554,100,0.0,42,3.0
Presumptive Mesoderm,Neural Crest,33,0.15348837209302327,215,47,0.0,42,3.0
Hypoblast,Notochord,32,0.2302158273381295,139,24,0.0,42,3.0
Proliferative Like Cell,Forebrain,31,0.09627329192546584,322,69,0.0,42,3.0
Hypoblast,Neural Crest,31,0.22302158273381295,139,24,0.0,42,3.0
Yolk Syncytial Layer,Erythroid Lineage Cell,29,0.08868501529051988,327,29,0.0,42,3.0
Hypoblast,Nervous System,26,0.18705035971223022,139,24,0.0,42,3.0
Margin,Forebrain,25,0.2604166666666667,96,22,0.0,42,3.0
Yolk Syncytial Layer,Angioblastic Mesenchymal Cell,24,0.07339449541284404,327,29,0.0,42,3.0
"Presumptive Mesoderm, Presumptive Ectoderm",Angioblastic Mesenchymal Cell,21,0.03790613718411552,554,100,0.0,42,3.0
Margin,Erythroid Lineage Cell,21,0.21875,96,22,0.0,42,3.0
Presumptive Mesoderm,Angioblastic Mesenchymal Cell,20,0.09302325581395349,215,47,0.0,42,3.0
Proliferative Like Cell,Angioblastic Mesenchymal Cell,19,0.059006211180124224,322,69,0.0,42,3.0
Yolk Syncytial Layer,Forebrain,19,0.0581039755351682,327,29,0.0,42,3.0
Presumptive Mesoderm,Nervous System,17,0.07906976744186046,215,47,0.0,42,3.0
Presumptive Mesoderm,Somite,16,0.07441860465116279,215,47,0.0,42,3.0
Hypoblast,Angioblastic Mesenchymal Cell,15,0.1079136690647482,139,24,0.0,42,3.0
Margin,Neural Crest,14,0.14583333333333334,96,22,0.0,42,3.0
Hypoblast,Erythroid Lineage Cell,14,0.10071942446043165,139,24,0.0,42,3.0
Hypoblast,"Neural Crest, Otic Vesicle",12,0.08633093525179857,139,24,0.0,42,3.0
Margin,Notochord,9,0.09375,96,22,0.0,42,3.0
Hypoblast,Somite,9,0.06474820143884892,139,24,0.0,42,3.0
EVL,Neural Rod,8,0.006514657980456026,1228,272,0.0,42,3.0
Margin,Angioblastic Mesenchymal Cell,8,0.08333333333333333,96,22,0.0,42,3.0
Proliferative Like Cell,Erythroid Lineage Cell,7,0.021739130434782608,322,69,0.0,42,3.0
Presumptive Mesoderm,Hatching Gland,6,0.027906976744186046,215,47,0.0,42,3.0
Margin,Pronephros,5,0.052083333333333336,96,22,0.0,42,3.0
Margin,Nervous System,5,0.052083333333333336,96,22,0.0,42,3.0
Margin,Hatching Gland,4,0.041666666666666664,96,22,0.0,42,3.0
EVL,"Segmental Plate, Tail Bud",3,0.0024429967426710096,1228,272,0.0,42,3.0
Presumptive Mesoderm,Erythroid Lineage Cell,3,0.013953488372093023,215,47,0.0,42,3.0
Margin,Epidermis,3,0.03125,96,22,0.0,42,3.0
"Presumptive Mesoderm, Presumptive Ectoderm",Epidermis,3,0.005415162454873646,554,100,0.0,42,3.0
Yolk Syncytial Layer,"Musculature System, Yolk Syncytial Layer",2,0.0061162079510703364,327,29,0.0,42,3.0
Margin,Anterior Erythroid Lineage Cell,2,0.020833333333333332,96,22,0.0,42,3.0
EVL,Adaxial Cell,1,0.0008143322475570033,1228,272,0.0,42,3.0
"Presumptive Mesoderm, Presumptive Ectoderm",Adaxial Cell,1,0.0018050541516245488,554,100,0.0,42,3.0
"Presumptive Mesoderm, Presumptive Ectoderm","Neural Crest, Otic Vesicle",1,0.0018050541516245488,554,100,0.0,42,3.0
Proliferative Like Cell,Adaxial Cell,1,0.003105590062111801,322,69,0.0,42,3.0
EVL,Nervous System,642,0.41048593350383633,1564,272,0.0,42,3.5
EVL,Notochord,553,0.35358056265984655,1564,272,0.0,42,3.5
"Presumptive Mesoderm, Presumptive Ectoderm",Notochord,329,0.44640434192673,737,100,0.0,42,3.5
Proliferative Like Cell,Notochord,153,0.3617021276595745,423,69,0.0,42,3.5
"Presumptive Mesoderm, Presumptive Ectoderm",Nervous System,153,0.20759837177747625,737,100,0.0,42,3.5
Proliferative Like Cell,Nervous System,120,0.28368794326241137,423,69,0.0,42,3.5
Yolk Syncytial Layer,Anterior Erythroid Lineage Cell,112,0.2814070351758794,398,29,0.0,42,3.5
EVL,Somite,111,0.07097186700767263,1564,272,0.0,42,3.5
Yolk Syncytial Layer,"Musculature System, Yolk Syncytial Layer",109,0.27386934673366836,398,29,0.0,42,3.5
Hypoblast,Nervous System,98,0.5632183908045977,174,24,0.0,42,3.5
Yolk Syncytial Layer,Hatching Gland,92,0.23115577889447236,398,29,0.0,42,3.5
Presumptive Mesoderm,Nervous System,91,0.337037037037037,270,47,0.0,42,3.5
EVL,Spinal Cord Dorsal Region,86,0.054987212276214836,1564,272,0.0,42,3.5
Presumptive Mesoderm,Forebrain,64,0.23703703703703705,270,47,0.0,42,3.5
"Presumptive Mesoderm, Presumptive Ectoderm",Pronephros,58,0.07869742198100407,737,100,0.0,42,3.5
"Presumptive Mesoderm, Presumptive Ectoderm",Somite,46,0.06241519674355495,737,100,0.0,42,3.5
Proliferative Like Cell,Somite,44,0.10401891252955082,423,69,0.0,42,3.5
EVL,Epidermis,44,0.028132992327365727,1564,272,0.0,42,3.5
Hypoblast,Notochord,40,0.22988505747126436,174,24,0.0,42,3.5
Proliferative Like Cell,Epidermis,35,0.08274231678486997,423,69,0.0,42,3.5
"Presumptive Mesoderm, Presumptive Ectoderm",Forebrain,35,0.04748982360922659,737,100,0.0,42,3.5
Proliferative Like Cell,Spinal Cord Dorsal Region,33,0.07801418439716312,423,69,0.0,42,3.5
Margin,Nervous System,31,0.26495726495726496,117,22,0.0,42,3.5
"Presumptive Mesoderm, Presumptive Ectoderm",Epidermis,31,0.04206241519674356,737,100,0.0,42,3.5
EVL,Forebrain,29,0.01854219948849105,1564,272,0.0,42,3.5
Margin,Forebrain,29,0.24786324786324787,117,22,0.0,42,3.5
"Presumptive Mesoderm, Presumptive Ectoderm",Fast Muscle Cell,29,0.03934871099050204,737,100,0.0,42,3.5
Presumptive Mesoderm,Notochord,28,0.1037037037037037,270,47,0.0,42,3.5
"Presumptive Mesoderm, Presumptive Ectoderm",Erythroid Lineage Cell,24,0.032564450474898234,737,100,0.0,42,3.5
Yolk Syncytial Layer,Forebrain,23,0.05778894472361809,398,29,0.0,42,3.5
Presumptive Mesoderm,Pronephros,19,0.07037037037037037,270,47,0.0,42,3.5
Yolk Syncytial Layer,"Yolk Syncytial Layer, Periderm",19,0.04773869346733668,398,29,0.0,42,3.5
EVL,Fast Muscle Cell,19,0.012148337595907928,1564,272,0.0,42,3.5
"Presumptive Mesoderm, Presumptive Ectoderm",Anterior Erythroid Lineage Cell,18,0.024423337856173677,737,100,0.0,42,3.5
EVL,Neural Crest,18,0.011508951406649617,1564,272,0.0,42,3.5
Proliferative Like Cell,Forebrain,18,0.0425531914893617,423,69,0.0,42,3.5
EVL,Anterior Erythroid Lineage Cell,17,0.010869565217391304,1564,272,0.0,42,3.5
Margin,"Musculature System, Yolk Syncytial Layer",16,0.13675213675213677,117,22,0.0,42,3.5
Yolk Syncytial Layer,Erythroid Lineage Cell,15,0.03768844221105527,398,29,0.0,42,3.5
EVL,Angioblastic Mesenchymal Cell,15,0.00959079283887468,1564,272,0.0,42,3.5
EVL,Spinal Cord Anterior Region,13,0.008312020460358057,1564,272,0.0,42,3.5
Presumptive Mesoderm,"Musculature System, Yolk Syncytial Layer",13,0.04814814814814815,270,47,0.0,42,3.5
Presumptive Mesoderm,Anterior Erythroid Lineage Cell,12,0.044444444444444446,270,47,0.0,42,3.5
Margin,Anterior Erythroid Lineage Cell,12,0.10256410256410256,117,22,0.0,42,3.5
Presumptive Mesoderm,Hatching Gland,11,0.040740740740740744,270,47,0.0,42,3.5
Margin,Epidermis,11,0.09401709401709402,117,22,0.0,42,3.5
Proliferative Like Cell,Anterior Erythroid Lineage Cell,10,0.02364066193853428,423,69,0.0,42,3.5
Presumptive Mesoderm,Neural Crest,10,0.037037037037037035,270,47,0.0,42,3.5
Yolk Syncytial Layer,Epidermis,10,0.02512562814070352,398,29,0.0,42,3.5
Hypoblast,Pronephros,9,0.05172413793103448,174,24,0.0,42,3.5
Hypoblast,Spinal Cord Dorsal Region,9,0.05172413793103448,174,24,0.0,42,3.5
Presumptive Mesoderm,Spinal Cord Dorsal Region,9,0.03333333333333333,270,47,0.0,42,3.5
Hypoblast,Neural Crest,9,0.05172413793103448,174,24,0.0,42,3.5
"Presumptive Mesoderm, Presumptive Ectoderm","Musculature System, Yolk Syncytial Layer",8,0.010854816824966078,737,100,0.0,42,3.5
EVL,Erythroid Lineage Cell,7,0.004475703324808184,1564,272,0.0,42,3.5
Margin,Pronephros,6,0.05128205128205128,117,22,0.0,42,3.5
Proliferative Like Cell,Fast Muscle Cell,6,0.014184397163120567,423,69,0.0,42,3.5
Yolk Syncytial Layer,Neural Crest,6,0.01507537688442211,398,29,0.0,42,3.5
Presumptive Mesoderm,Somite,5,0.018518518518518517,270,47,0.0,42,3.5
Yolk Syncytial Layer,Eye,5,0.01256281407035176,398,29,0.0,42,3.5
Margin,Myotome,4,0.03418803418803419,117,22,0.0,42,3.5
Margin,Spinal Cord Dorsal Region,4,0.03418803418803419,117,22,0.0,42,3.5
EVL,Myotome,4,0.0025575447570332483,1564,272,0.0,42,3.5
Hypoblast,Fast Muscle Cell,4,0.022988505747126436,174,24,0.0,42,3.5
"Presumptive Mesoderm, Presumptive Ectoderm",Spinal Cord Dorsal Region,3,0.004070556309362279,737,100,0.0,42,3.5
Presumptive Mesoderm,Angioblastic Mesenchymal Cell,3,0.011111111111111112,270,47,0.0,42,3.5
Presumptive Mesoderm,Pigment Cell,3,0.011111111111111112,270,47,0.0,42,3.5
Yolk Syncytial Layer,Yolk Syncytial Layer,3,0.007537688442211055,398,29,0.0,42,3.5
Proliferative Like Cell,Myotome,3,0.0070921985815602835,423,69,0.0,42,3.5
EVL,Pronephros,3,0.0019181585677749361,1564,272,0.0,42,3.5
"Presumptive Mesoderm, Presumptive Ectoderm",Myotome,3,0.004070556309362279,737,100,0.0,42,3.5
Hypoblast,Anterior Erythroid Lineage Cell,3,0.017241379310344827,174,24,0.0,42,3.5
Margin,Notochord,2,0.017094017094017096,117,22,0.0,42,3.5
Margin,Hatching Gland,2,0.017094017094017096,117,22,0.0,42,3.5
Presumptive Mesoderm,Epidermis,2,0.007407407407407408,270,47,0.0,42,3.5
Yolk Syncytial Layer,Angioblastic Mesenchymal Cell,2,0.005025125628140704,398,29,0.0,42,3.5
Yolk Syncytial Layer,Pronephros,2,0.005025125628140704,398,29,0.0,42,3.5
Hypoblast,Somite,1,0.005747126436781609,174,24,0.0,42,3.5
EVL,Eye,1,0.0006393861892583121,1564,272,0.0,42,3.5
EVL,"Musculature System, Yolk Syncytial Layer",1,0.0006393861892583121,1564,272,0.0,42,3.5
EVL,Spinal Cord Ventral Region,1,0.0006393861892583121,1564,272,0.0,42,3.5
Hypoblast,"Musculature System, Yolk Syncytial Layer",1,0.005747126436781609,174,24,0.0,42,3.5
Proliferative Like Cell,Pronephros,1,0.002364066193853428,423,69,0.0,42,3.5
EVL,Nervous System,858,0.39,2200,272,0.0,42,4.0
EVL,Spinal Cord Dorsal Region,320,0.14545454545454545,2200,272,0.0,42,4.0
"Presumptive Mesoderm, Presumptive Ectoderm","Musculature System, Yolk Syncytial Layer",298,0.27115559599636035,1099,100,0.0,42,4.0
"Presumptive Mesoderm, Presumptive Ectoderm",Pronephros,271,0.24658780709736125,1099,100,0.0,42,4.0
Yolk Syncytial Layer,"Musculature System, Yolk Syncytial Layer",257,0.47680890538033394,539,29,0.0,42,4.0
EVL,"Musculature System, Yolk Syncytial Layer",208,0.09454545454545454,2200,272,0.0,42,4.0
"Presumptive Mesoderm, Presumptive Ectoderm",Nervous System,180,0.1637852593266606,1099,100,0.0,42,4.0
EVL,Notochord,179,0.08136363636363636,2200,272,0.0,42,4.0
EVL,Myotome,156,0.07090909090909091,2200,272,0.0,42,4.0
EVL,Fast Muscle Cell,155,0.07045454545454545,2200,272,0.0,42,4.0
Proliferative Like Cell,Nervous System,155,0.26495726495726496,585,69,0.0,42,4.0
EVL,Pronephros,151,0.06863636363636363,2200,272,0.0,42,4.0
"Presumptive Mesoderm, Presumptive Ectoderm",Notochord,136,0.12374886260236578,1099,100,0.0,42,4.0
Presumptive Mesoderm,Nervous System,127,0.3518005540166205,361,47,0.0,42,4.0
Yolk Syncytial Layer,Anterior Erythroid Lineage Cell,104,0.19294990723562153,539,29,0.0,42,4.0
Proliferative Like Cell,Spinal Cord Dorsal Region,102,0.17435897435897435,585,69,0.0,42,4.0
Hypoblast,Nervous System,100,0.4166666666666667,240,24,0.0,42,4.0
Presumptive Mesoderm,"Musculature System, Yolk Syncytial Layer",81,0.22437673130193905,361,47,0.0,42,4.0
"Presumptive Mesoderm, Presumptive Ectoderm",Fast Muscle Cell,74,0.06733393994540492,1099,100,0.0,42,4.0
EVL,Spinal Cord Ventral Region,73,0.03318181818181818,2200,272,0.0,42,4.0
Proliferative Like Cell,Pronephros,71,0.12136752136752137,585,69,0.0,42,4.0
Proliferative Like Cell,Myotome,69,0.11794871794871795,585,69,0.0,42,4.0
Margin,"Musculature System, Yolk Syncytial Layer",69,0.45098039215686275,153,22,0.0,42,4.0
Proliferative Like Cell,Fast Muscle Cell,66,0.11282051282051282,585,69,0.0,42,4.0
Margin,Nervous System,60,0.39215686274509803,153,22,0.0,42,4.0
Yolk Syncytial Layer,Hatching Gland,55,0.10204081632653061,539,29,0.0,42,4.0
Presumptive Mesoderm,Forebrain,54,0.14958448753462603,361,47,0.0,42,4.0
Yolk Syncytial Layer,Eye,51,0.09461966604823747,539,29,0.0,42,4.0
Proliferative Like Cell,Notochord,50,0.08547008547008547,585,69,0.0,42,4.0
Hypoblast,Notochord,49,0.20416666666666666,240,24,0.0,42,4.0
"Presumptive Mesoderm, Presumptive Ectoderm",Spinal Cord Dorsal Region,38,0.034576888080072796,1099,100,0.0,42,4.0
EVL,Forebrain,34,0.015454545454545455,2200,272,0.0,42,4.0
Presumptive Mesoderm,Pigment Cell,33,0.09141274238227147,361,47,0.0,42,4.0
Proliferative Like Cell,"Musculature System, Yolk Syncytial Layer",32,0.0547008547008547,585,69,0.0,42,4.0
"Presumptive Mesoderm, Presumptive Ectoderm",Forebrain,31,0.028207461328480437,1099,100,0.0,42,4.0
Yolk Syncytial Layer,Pronephros,31,0.0575139146567718,539,29,0.0,42,4.0
EVL,Spinal Cord Anterior Region,27,0.012272727272727272,2200,272,0.0,42,4.0
Yolk Syncytial Layer,Forebrain,25,0.04638218923933209,539,29,0.0,42,4.0
"Presumptive Mesoderm, Presumptive Ectoderm",Spinal Cord Ventral Region,22,0.020018198362147407,1099,100,0.0,42,4.0
Proliferative Like Cell,Spinal Cord Ventral Region,21,0.035897435897435895,585,69,0.0,42,4.0
Hypoblast,Fast Muscle Cell,20,0.08333333333333333,240,24,0.0,42,4.0
EVL,Eye,19,0.008636363636363636,2200,272,0.0,42,4.0
Hypoblast,Spinal Cord Dorsal Region,19,0.07916666666666666,240,24,0.0,42,4.0
Hypoblast,"Musculature System, Yolk Syncytial Layer",18,0.075,240,24,0.0,42,4.0
"Presumptive Mesoderm, Presumptive Ectoderm",Eye,18,0.01637852593266606,1099,100,0.0,42,4.0
Presumptive Mesoderm,Notochord,17,0.04709141274238227,361,47,0.0,42,4.0
Hypoblast,Pronephros,17,0.07083333333333333,240,24,0.0,42,4.0
Yolk Syncytial Layer,Yolk Syncytial Layer,16,0.029684601113172542,539,29,0.0,42,4.0
Margin,Forebrain,16,0.10457516339869281,153,22,0.0,42,4.0
Presumptive Mesoderm,Anterior Erythroid Lineage Cell,16,0.0443213296398892,361,47,0.0,42,4.0
Proliferative Like Cell,Anterior Erythroid Lineage Cell,14,0.023931623931623933,585,69,0.0,42,4.0
Presumptive Mesoderm,Pronephros,14,0.038781163434903045,361,47,0.0,42,4.0
"Presumptive Mesoderm, Presumptive Ectoderm",Pigment Cell,11,0.010009099181073703,1099,100,0.0,42,4.0
Hypoblast,Spinal Cord Ventral Region,10,0.041666666666666664,240,24,0.0,42,4.0
"Presumptive Mesoderm, Presumptive Ectoderm",Anterior Erythroid Lineage Cell,8,0.007279344858962694,1099,100,0.0,42,4.0
EVL,Anterior Erythroid Lineage Cell,8,0.0036363636363636364,2200,272,0.0,42,4.0
EVL,Somite,8,0.0036363636363636364,2200,272,0.0,42,4.0
"Presumptive Mesoderm, Presumptive Ectoderm",Myotome,8,0.007279344858962694,1099,100,0.0,42,4.0
Presumptive Mesoderm,Spinal Cord Dorsal Region,7,0.019390581717451522,361,47,0.0,42,4.0
Margin,Myotome,5,0.032679738562091505,153,22,0.0,42,4.0
Proliferative Like Cell,Epidermis,5,0.008547008547008548,585,69,0.0,42,4.0
Presumptive Mesoderm,Somite,4,0.0110803324099723,361,47,0.0,42,4.0
EVL,Pigment Cell,4,0.0018181818181818182,2200,272,0.0,42,4.0
Hypoblast,Myotome,3,0.0125,240,24,0.0,42,4.0
Presumptive Mesoderm,Hatching Gland,3,0.008310249307479225,361,47,0.0,42,4.0
Presumptive Mesoderm,Myotome,3,0.008310249307479225,361,47,0.0,42,4.0
Hypoblast,Anterior Erythroid Lineage Cell,3,0.0125,240,24,0.0,42,4.0
"Presumptive Mesoderm, Presumptive Ectoderm",Spinal Cord Anterior Region,3,0.00272975432211101,1099,100,0.0,42,4.0
Margin,Anterior Erythroid Lineage Cell,2,0.013071895424836602,153,22,0.0,42,4.0
Margin,Pigment Cell,1,0.006535947712418301,153,22,0.0,42,4.0
Presumptive Mesoderm,Fast Muscle Cell,1,0.002770083102493075,361,47,0.0,42,4.0
Presumptive Mesoderm,Eye,1,0.002770083102493075,361,47,0.0,42,4.0
Hypoblast,Spinal Cord Anterior Region,1,0.004166666666666667,240,24,0.0,42,4.0
"Presumptive Mesoderm, Presumptive Ectoderm",Somite,1,0.0009099181073703367,1099,100,0.0,42,4.0
