stage,stage_label,sender_type,receiver_type,n_sender_cells_mean,n_sender_cells_std,n_sender_cells_min,n_sender_cells_max,n_receiver_cells_mean,n_receiver_cells_std,n_receiver_cells_min,n_receiver_cells_max,edge_count_mean,edge_count_std,edge_count_min,edge_count_max,G_AB_attention_mean_mean,G_AB_attention_mean_std,G_AB_attention_mean_min,G_AB_attention_mean_max,A_AB_mass_attention_mean,A_AB_mass_attention_std,A_AB_mass_attention_min,A_AB_mass_attention_max,edge_predictor_probability_mean_mean,edge_predictor_probability_mean_std,edge_predictor_probability_mean_min,edge_predictor_probability_mean_max,spatial_distance_mean_mean,spatial_distance_mean_std,spatial_distance_mean_min,spatial_distance_mean_max,D_AB_joint_mean,D_AB_joint_std,D_AB_joint_min,D_AB_joint_max,D_AB_spatial_mean,D_AB_spatial_std,D_AB_spatial_min,D_AB_spatial_max,D_AB_state_mean,D_AB_state_std,D_AB_state_min,D_AB_state_max,n_grouping_seeds
4.0,terminal_4,Anterior Erythroid Lineage Cell,Anterior Erythroid Lineage Cell,23.0,0.0,23,23,23.0,0.0,23,23,0.0,0.0,0,0,0.0,0.0,0.0,0.0,0.0,0.0,0.0,0.0,0.0,0.0,0.0,0.0,,,,,0.0,0.0,0.0,0.0,0.0,0.0,0.0,0.0,0.0,0.0,0.0,0.0,5
4.0,terminal_4,Anterior Erythroid Lineage Cell,Epidermis,23.0,0.0,23,23,47.0,0.0,47,47,0.0,0.0,0,0,0.0,0.0,0.0,0.0,0.0,0.0,0.0,0.0,0.0,0.0,0.0,0.0,,,,,0.0,0.0,0.0,0.0,0.0,0.0,0.0,0.0,0.0,0.0,0.0,0.0,5
4.0,terminal_4,Anterior Erythroid Lineage Cell,Eye,23.0,0.0,23,23,71.0,0.0,71,71,3.6,1.140175425099138,2,5,1.392633115053177,0.5911067741718867,0.6953338831663132,2.2004051208496094,0.007077922136447893,0.0014274441468907133,0.005388705641896888,0.008614320455518949,0.8169807821512223,0.08648275140394573,0.7336208671331406,0.941691517829895,0.057877363525331016,0.013543171570261093,0.04328681994229555,0.07978301122784615,0.031221819182679078,0.006301687974026378,0.022256284326859107,0.037724828301375836,0.002819690198628175,0.0005048139404911994,0.002006338733476525,0.0033551409869561405,0.03108893918772971,0.0062826044812900085,0.02215863557796164,0.037567125926002684,5
4.0,terminal_4,Anterior Erythroid Lineage Cell,Fast Muscle Cell,23.0,0.0,23,23,274.0,0.0,274,274,0.0,0.0,0,0,0.0,0.0,0.0,0.0,0.0,0.0,0.0,0.0,0.0,0.0,0.0,0.0,,,,,0.0,0.0,0.0,0.0,0.0,0.0,0.0,0.0,0.0,0.0,0.0,0.0,5
4.0,terminal_4,Anterior Erythroid Lineage Cell,Forebrain,23.0,0.0,23,23,47.0,0.0,47,47,7.2,0.8366600265340753,6,8,1.0236316403462773,0.17416536131186003,0.8545070042212805,1.2726666703820229,0.05034555285446583,0.024732665926388363,0.018650537659812415,0.08412961627638813,0.7832237107413156,0.05348631935323465,0.706291913986206,0.8373728479657855,0.06257628634394634,0.0029735378002068848,0.058535670240720115,0.0656382271554321,0.22392317830365424,0.11915788549850302,0.07185018053363326,0.3724887643865531,0.016439063233983586,0.012280298748652883,0.002810147653551605,0.027061472965586555,0.22311257895248562,0.11856274957110909,0.07175102055823716,0.3711741639995957,5
4.0,terminal_4,Anterior Erythroid Lineage Cell,Hatching Gland,23.0,0.0,23,23,22.0,0.0,22,22,0.0,0.0,0,0,0.0,0.0,0.0,0.0,0.0,0.0,0.0,0.0,0.0,0.0,0.0,0.0,,,,,0.0,0.0,0.0,0.0,0.0,0.0,0.0,0.0,0.0,0.0,0.0,0.0,5
4.0,terminal_4,Anterior Erythroid Lineage Cell,"Musculature System, Yolk Syncytial Layer",23.0,0.0,23,23,438.0,0.0,438,438,0.0,0.0,0,0,0.0,0.0,0.0,0.0,0.0,0.0,0.0,0.0,0.0,0.0,0.0,0.0,,,,,0.0,0.0,0.0,0.0,0.0,0.0,0.0,0.0,0.0,0.0,0.0,0.0,5
4.0,terminal_4,Anterior Erythroid Lineage Cell,Myotome,23.0,0.0,23,23,128.0,0.0,128,128,0.8,0.4472135954999579,0,1,1.0478456497192383,0.5857635256749125,0.0,1.3098070621490479,0.0014691474036252956,0.0009635942776668405,0.0,0.002558216918259859,0.6168683052062989,0.3448398659015929,0.0,0.7710853815078735,0.032032694667577744,0.0,0.032032694667577744,0.032032694667577744,0.0038251641250071295,0.0025088744459763803,0.0,0.006660733787554639,1.3846465266230097e-05,9.081712819607815e-06,0.0,2.4110761096110433e-05,0.0038251390639610985,0.0025088580087692393,0.0,0.006660690148916353,5
4.0,terminal_4,Anterior Erythroid Lineage Cell,Nervous System,23.0,0.0,23,23,824.0,0.0,824,824,9.0,2.449489742783178,6,12,1.1112212134401003,0.05530524821043761,1.0191573078433673,1.1672345797220867,0.001587458393690191,0.0005695871708422046,0.0009377516288960422,0.0020640549195261363,0.7753965977827708,0.011958710426662623,0.7595837612946829,0.7860855162143707,0.05545047182767164,0.003820560259823715,0.05049309985978263,0.05990244932472706,0.0066350249327507636,0.002296422957480946,0.003538658744852335,0.008750920300474942,0.0005253412359056686,0.00019932989440439458,0.00029992557249572854,0.0006953131835158603,0.006609098460666056,0.0022859455842274444,0.003524110846866268,0.008721898975826928,5
4.0,terminal_4,Anterior Erythroid Lineage Cell,Notochord,23.0,0.0,23,23,171.0,0.0,171,171,5.6,2.3021728866442674,3,9,1.2038898686567943,0.05582516459346796,1.151800960302353,1.291546920935313,0.006127309621951875,0.002451798159004822,0.0028514446104650247,0.009717622877545296,0.7083917535013622,0.012222008651472865,0.6993021567662557,0.7225864926973978,0.06865536928073399,0.005984541448781249,0.062443370503994323,0.07517526671290398,0.033166971966077596,0.01527000327858466,0.016060315971216096,0.056952346794445594,0.0011551079918506193,0.0004232834489579387,0.0005855531025542243,0.0017266415777421854,0.033137694833276096,0.0152629340220429,0.016041703624696833,0.05691311069721795,5
4.0,terminal_4,Anterior Erythroid Lineage Cell,Otic Vesicle,23.0,0.0,23,23,1.0,0.0,1,1,0.0,0.0,0,0,0.0,0.0,0.0,0.0,0.0,0.0,0.0,0.0,0.0,0.0,0.0,0.0,,,,,0.0,0.0,0.0,0.0,0.0,0.0,0.0,0.0,0.0,0.0,0.0,0.0,5
4.0,terminal_4,Anterior Erythroid Lineage Cell,Pigment Cell,23.0,0.0,23,23,103.0,0.0,103,103,2.8,1.4832396974191326,1,5,1.041699047088623,0.16871674871280867,0.8865631580352783,1.2831656336784363,0.006993594397905975,0.004187934803518951,0.0015968969611885142,0.0117735138825353,0.8229053767522176,0.053840533472248216,0.7803859710693359,0.9103468060493469,0.07038471326231957,0.012079657342826065,0.060874007642269135,0.09027206152677536,0.03362235340030326,0.015271029028876991,0.013476963335534798,0.055674066422877116,0.0011112870823053156,0.0007766865046425888,2.7568492448016045e-05,0.002151344590920268,0.033583933832865225,0.015246438058589969,0.013476935138434605,0.055599233294741104,5
4.0,terminal_4,Anterior Erythroid Lineage Cell,Posterior Erythroid Lineage Cell,23.0,0.0,23,23,5.0,0.0,5,5,0.0,0.0,0,0,0.0,0.0,0.0,0.0,0.0,0.0,0.0,0.0,0.0,0.0,0.0,0.0,,,,,0.0,0.0,0.0,0.0,0.0,0.0,0.0,0.0,0.0,0.0,0.0,0.0,5
4.0,terminal_4,Anterior Erythroid Lineage Cell,Pronephros,23.0,0.0,23,23,210.0,0.0,210,210,1.2,0.4472135954999579,1,2,1.9002498626708983,0.17209532941949118,1.7848048210144043,2.169621706008911,0.0012824273304423341,0.0006568055684461976,0.0007082558391395821,0.002066306417465518,0.7745957255363465,0.06472470797146303,0.6732855439186096,0.81801438331604,0.08922033980488778,0.0012200421312054174,0.08731067180633545,0.09003876894712448,0.00430295027384023,0.001719372185315101,0.0026915735134844486,0.006279793756272955,0.00028540718073645244,6.67351447616695e-05,0.00022065107107029338,0.00038444184598623074,0.004292006739943789,0.0017206810314349956,0.002680848836817734,0.006265846206600547,5
4.0,terminal_4,Anterior Erythroid Lineage Cell,Slow Muscle Cell,23.0,0.0,23,23,41.0,0.0,41,41,0.0,0.0,0,0,0.0,0.0,0.0,0.0,0.0,0.0,0.0,0.0,0.0,0.0,0.0,0.0,,,,,0.0,0.0,0.0,0.0,0.0,0.0,0.0,0.0,0.0,0.0,0.0,0.0,5
4.0,terminal_4,Anterior Erythroid Lineage Cell,Spinal Cord Anterior Region,23.0,0.0,23,23,64.0,0.0,64,64,0.0,0.0,0,0,0.0,0.0,0.0,0.0,0.0,0.0,0.0,0.0,0.0,0.0,0.0,0.0,,,,,0.0,0.0,0.0,0.0,0.0,0.0,0.0,0.0,0.0,0.0,0.0,0.0,5
4.0,terminal_4,Anterior Erythroid Lineage Cell,Spinal Cord Dorsal Region,23.0,0.0,23,23,272.0,0.0,272,272,0.8,0.8366600265340756,0,2,0.8734365105628967,0.8052804886852245,0.0,1.5478646755218506,0.0013142746714271958,0.0012652397574340138,0.0,0.0028453394770622253,0.4408162236213684,0.4026637912906738,0.0,0.7581131458282471,0.02897953645636638,0.012980990653999575,0.02148495800793171,0.04396869335323572,0.0037362196155823397,0.0036138052262515716,0.0,0.008165747224394442,3.858280380893663e-06,3.706819826968131e-06,0.0,8.316299456846111e-06,0.0037362176166448337,0.0036138033237902386,0.0,0.00816574298957963,5
4.0,terminal_4,Anterior Erythroid Lineage Cell,Spinal Cord Ventral Region,23.0,0.0,23,23,232.0,0.0,232,232,0.0,0.0,0,0,0.0,0.0,0.0,0.0,0.0,0.0,0.0,0.0,0.0,0.0,0.0,0.0,,,,,0.0,0.0,0.0,0.0,0.0,0.0,0.0,0.0,0.0,0.0,0.0,0.0,5
4.0,terminal_4,Anterior Erythroid Lineage Cell,Yolk Syncytial Layer,23.0,0.0,23,23,27.0,0.0,27,27,0.0,0.0,0,0,0.0,0.0,0.0,0.0,0.0,0.0,0.0,0.0,0.0,0.0,0.0,0.0,,,,,0.0,0.0,0.0,0.0,0.0,0.0,0.0,0.0,0.0,0.0,0.0,0.0,5
4.0,terminal_4,Epidermis,Anterior Erythroid Lineage Cell,47.0,0.0,47,47,23.0,0.0,23,23,0.0,0.0,0,0,0.0,0.0,0.0,0.0,0.0,0.0,0.0,0.0,0.0,0.0,0.0,0.0,,,,,0.0,0.0,0.0,0.0,0.0,0.0,0.0,0.0,0.0,0.0,0.0,0.0,5
4.0,terminal_4,Epidermis,Epidermis,47.0,0.0,47,47,47.0,0.0,47,47,83.8,6.260990336999411,76,92,0.7054992221447834,0.013324526214441185,0.6857769277534986,0.7183705506528296,0.2729094024036957,0.006995885644204721,0.26275916436512653,0.2823523829850602,0.7282933734981433,0.009126801672132737,0.7122888033804686,0.7347841919823126,0.061647466918269264,0.0012436922559286294,0.05993448335423388,0.06283631643689261,1.2067541637120984,0.022445774239320097,1.190507306263458,1.244356610682581,0.052466471548775005,0.001604616357585763,0.05060467614235988,0.054198699546791705,1.205384252697151,0.022440153987093068,1.1890999281644759,1.242981918392149,5
4.0,terminal_4,Epidermis,Eye,47.0,0.0,47,47,71.0,0.0,71,71,0.0,0.0,0,0,0.0,0.0,0.0,0.0,0.0,0.0,0.0,0.0,0.0,0.0,0.0,0.0,,,,,0.0,0.0,0.0,0.0,0.0,0.0,0.0,0.0,0.0,0.0,0.0,0.0,5
4.0,terminal_4,Epidermis,Fast Muscle Cell,47.0,0.0,47,47,274.0,0.0,274,274,0.0,0.0,0,0,0.0,0.0,0.0,0.0,0.0,0.0,0.0,0.0,0.0,0.0,0.0,0.0,,,,,0.0,0.0,0.0,0.0,0.0,0.0,0.0,0.0,0.0,0.0,0.0,0.0,5
4.0,terminal_4,Epidermis,Forebrain,47.0,0.0,47,47,47.0,0.0,47,47,0.0,0.0,0,0,0.0,0.0,0.0,0.0,0.0,0.0,0.0,0.0,0.0,0.0,0.0,0.0,,,,,0.0,0.0,0.0,0.0,0.0,0.0,0.0,0.0,0.0,0.0,0.0,0.0,5
4.0,terminal_4,Epidermis,Hatching Gland,47.0,0.0,47,47,22.0,0.0,22,22,0.0,0.0,0,0,0.0,0.0,0.0,0.0,0.0,0.0,0.0,0.0,0.0,0.0,0.0,0.0,,,,,0.0,0.0,0.0,0.0,0.0,0.0,0.0,0.0,0.0,0.0,0.0,0.0,5
4.0,terminal_4,Epidermis,"Musculature System, Yolk Syncytial Layer",47.0,0.0,47,47,438.0,0.0,438,438,6.8,2.949576240750525,4,11,1.4747109179566433,0.32526894654792915,0.9092981517314911,1.725425511598587,0.004516844534403946,0.001968534024770301,0.002106374230067059,0.006377970214743267,0.6937110152143937,0.014985444396426144,0.6704176664352417,0.7076236084103584,0.06799478477423454,0.00478530040660197,0.06224784813821316,0.07539734137909752,0.012905372419808537,0.005597935395824805,0.006079565263934839,0.018051687588051982,0.0003249626775566738,0.00016882161436406498,8.886165484391588e-05,0.0004981421767269756,0.012899136100822509,0.005596519385957631,0.006078811278449087,0.018049269700512877,5
4.0,terminal_4,Epidermis,Myotome,47.0,0.0,47,47,128.0,0.0,128,128,33.4,5.549774770204643,27,41,1.0018264660457576,0.0811563945625411,0.8714837637440912,1.0721613241405021,0.053106783396722056,0.009501890524339666,0.039110021243390886,0.0648719750463219,0.7538182198545049,0.017297862204983517,0.7317504693822163,0.7770066384611458,0.06533724175955549,0.00199493335291219,0.06288502975527582,0.06794831098190375,0.17131319401907766,0.03248754437198148,0.1207894453638721,0.20860350964271898,0.006096740632145676,0.0013517495646256704,0.003909533513463469,0.007356840380416119,0.1711735558205616,0.032451073475118795,0.12071426115945513,0.20843791658199756,5
4.0,terminal_4,Epidermis,Nervous System,47.0,0.0,47,47,824.0,0.0,824,824,0.0,0.0,0,0,0.0,0.0,0.0,0.0,0.0,0.0,0.0,0.0,0.0,0.0,0.0,0.0,,,,,0.0,0.0,0.0,0.0,0.0,0.0,0.0,0.0,0.0,0.0,0.0,0.0,5
4.0,terminal_4,Epidermis,Notochord,47.0,0.0,47,47,171.0,0.0,171,171,0.0,0.0,0,0,0.0,0.0,0.0,0.0,0.0,0.0,0.0,0.0,0.0,0.0,0.0,0.0,,,,,0.0,0.0,0.0,0.0,0.0,0.0,0.0,0.0,0.0,0.0,0.0,0.0,5
4.0,terminal_4,Epidermis,Otic Vesicle,47.0,0.0,47,47,1.0,0.0,1,1,0.0,0.0,0,0,0.0,0.0,0.0,0.0,0.0,0.0,0.0,0.0,0.0,0.0,0.0,0.0,,,,,0.0,0.0,0.0,0.0,0.0,0.0,0.0,0.0,0.0,0.0,0.0,0.0,5
4.0,terminal_4,Epidermis,Pigment Cell,47.0,0.0,47,47,103.0,0.0,103,103,0.0,0.0,0,0,0.0,0.0,0.0,0.0,0.0,0.0,0.0,0.0,0.0,0.0,0.0,0.0,,,,,0.0,0.0,0.0,0.0,0.0,0.0,0.0,0.0,0.0,0.0,0.0,0.0,5
4.0,terminal_4,Epidermis,Posterior Erythroid Lineage Cell,47.0,0.0,47,47,5.0,0.0,5,5,0.0,0.0,0,0,0.0,0.0,0.0,0.0,0.0,0.0,0.0,0.0,0.0,0.0,0.0,0.0,,,,,0.0,0.0,0.0,0.0,0.0,0.0,0.0,0.0,0.0,0.0,0.0,0.0,5
4.0,terminal_4,Epidermis,Pronephros,47.0,0.0,47,47,210.0,0.0,210,210,0.0,0.0,0,0,0.0,0.0,0.0,0.0,0.0,0.0,0.0,0.0,0.0,0.0,0.0,0.0,,,,,0.0,0.0,0.0,0.0,0.0,0.0,0.0,0.0,0.0,0.0,0.0,0.0,5
4.0,terminal_4,Epidermis,Slow Muscle Cell,47.0,0.0,47,47,41.0,0.0,41,41,0.4,0.5477225575051661,0,1,0.39015989303588866,0.5342484361238992,0.0,0.9753997921943665,0.009516094952094845,0.013030449661558514,0.0,0.023790238834008937,0.26345369815826414,0.36074883334859625,0.0,0.6586342453956604,0.04656055569648743,0.0,0.04656055569648743,0.04656055569648743,0.034294024447067785,0.04695902694323378,0.0,0.08573508114330515,0.002060040676379852,0.0028208268695788224,0.0,0.005150103230901582,0.03423209524974689,0.04687422689738165,0.0,0.08558025809355903,5
4.0,terminal_4,Epidermis,Spinal Cord Anterior Region,47.0,0.0,47,47,64.0,0.0,64,64,0.0,0.0,0,0,0.0,0.0,0.0,0.0,0.0,0.0,0.0,0.0,0.0,0.0,0.0,0.0,,,,,0.0,0.0,0.0,0.0,0.0,0.0,0.0,0.0,0.0,0.0,0.0,0.0,5
4.0,terminal_4,Epidermis,Spinal Cord Dorsal Region,47.0,0.0,47,47,272.0,0.0,272,272,0.0,0.0,0,0,0.0,0.0,0.0,0.0,0.0,0.0,0.0,0.0,0.0,0.0,0.0,0.0,,,,,0.0,0.0,0.0,0.0,0.0,0.0,0.0,0.0,0.0,0.0,0.0,0.0,5
4.0,terminal_4,Epidermis,Spinal Cord Ventral Region,47.0,0.0,47,47,232.0,0.0,232,232,0.0,0.0,0,0,0.0,0.0,0.0,0.0,0.0,0.0,0.0,0.0,0.0,0.0,0.0,0.0,,,,,0.0,0.0,0.0,0.0,0.0,0.0,0.0,0.0,0.0,0.0,0.0,0.0,5
4.0,terminal_4,Epidermis,Yolk Syncytial Layer,47.0,0.0,47,47,27.0,0.0,27,27,0.0,0.0,0,0,0.0,0.0,0.0,0.0,0.0,0.0,0.0,0.0,0.0,0.0,0.0,0.0,,,,,0.0,0.0,0.0,0.0,0.0,0.0,0.0,0.0,0.0,0.0,0.0,0.0,5
4.0,terminal_4,Eye,Anterior Erythroid Lineage Cell,71.0,0.0,71,71,23.0,0.0,23,23,2.2,1.4832396974191326,0,4,1.6192040264606475,0.9072304761970104,0.0,2.118682384490967,0.020897885356166213,0.011837874093283978,0.0,0.028253388555794415,0.609241732954979,0.34076786847667784,0.0,0.7744826078414917,0.08469607913866639,0.004358143250867416,0.07978301122784615,0.09027758985757828,0.0902209162080957,0.05078607182163862,0.0,0.11888270875052401,0.0029771402376903787,0.0016979624039307477,0.0,0.004133517857925108,0.09017119989775818,0.05075897307656381,0.0,0.1188108264005437,5
4.0,terminal_4,Eye,Epidermis,71.0,0.0,71,71,47.0,0.0,47,47,0.0,0.0,0,0,0.0,0.0,0.0,0.0,0.0,0.0,0.0,0.0,0.0,0.0,0.0,0.0,,,,,0.0,0.0,0.0,0.0,0.0,0.0,0.0,0.0,0.0,0.0,0.0,0.0,5
4.0,terminal_4,Eye,Eye,71.0,0.0,71,71,71.0,0.0,71,71,150.2,12.13260071048248,139,167,1.9757352452320347,0.05434059824160517,1.9111539550170213,2.060618724463121,0.7557197371259463,0.024966313345073994,0.734511766400917,0.7968638730202655,0.7765442733471677,0.0072816274438715686,0.7688366146144753,0.7859798753178203,0.0628218094316778,0.0018806083718291404,0.060689003401094205,0.06581305433715974,4.238003100518954,0.15466757244093218,4.104789810848377,4.498383047321116,0.26065248379683803,0.024867687120537857,0.2227952997229532,0.2895554314605505,4.227496076113276,0.1559625641281214,4.09365236889716,4.490734781232271,5
4.0,terminal_4,Eye,Fast Muscle Cell,71.0,0.0,71,71,274.0,0.0,274,274,0.0,0.0,0,0,0.0,0.0,0.0,0.0,0.0,0.0,0.0,0.0,0.0,0.0,0.0,0.0,,,,,0.0,0.0,0.0,0.0,0.0,0.0,0.0,0.0,0.0,0.0,0.0,0.0,5
4.0,terminal_4,Eye,Forebrain,71.0,0.0,71,71,47.0,0.0,47,47,50.8,0.8366600265340757,50,52,1.9768916446096398,0.030829039544043476,1.94912941198723,2.0294024554582744,0.3422344532822725,0.024541678595729418,0.31697980262609093,0.3675650157635616,0.7656042371204357,0.008250849390989348,0.758667341634339,0.7755818128585815,0.06588332243773631,0.001117567000183457,0.06453945970747109,0.06738088975660503,1.8864137919268198,0.12140557798938252,1.7452296440784838,2.014927105265117,0.12016315553187307,0.020275334158671336,0.09739366937690244,0.14292350492196443,1.8813495948129204,0.12049996110853103,1.7407210855926776,2.008760119073512,5
4.0,terminal_4,Eye,Hatching Gland,71.0,0.0,71,71,22.0,0.0,22,22,0.6,0.5477225575051661,0,1,0.5218275547027588,0.4763612047307701,0.0,0.8697125911712646,0.0072476046122519925,0.006751440641636923,0.0,0.013177462717156889,0.37506866455078125,0.34238928031300186,0.0,0.6251144409179688,0.061413198709487915,0.0,0.061413198709487915,0.061413198709487915,0.053926216325132593,0.05023448015529787,0.0,0.09804766531169946,0.00012831038636834956,0.00011952638127597366,0.0,0.0002332916049305867,0.053926063676016135,0.05023433795639387,0.0,0.0980473877678651,5
4.0,terminal_4,Eye,"Musculature System, Yolk Syncytial Layer",71.0,0.0,71,71,438.0,0.0,438,438,0.0,0.0,0,0,0.0,0.0,0.0,0.0,0.0,0.0,0.0,0.0,0.0,0.0,0.0,0.0,,,,,0.0,0.0,0.0,0.0,0.0,0.0,0.0,0.0,0.0,0.0,0.0,0.0,5
4.0,terminal_4,Eye,Myotome,71.0,0.0,71,71,128.0,0.0,128,128,0.0,0.0,0,0,0.0,0.0,0.0,0.0,0.0,0.0,0.0,0.0,0.0,0.0,0.0,0.0,,,,,0.0,0.0,0.0,0.0,0.0,0.0,0.0,0.0,0.0,0.0,0.0,0.0,5
4.0,terminal_4,Eye,Nervous System,71.0,0.0,71,71,824.0,0.0,824,824,44.8,3.1144823004794886,41,48,1.836419569348923,0.08553641259746482,1.7337947338819504,1.9448476041235574,0.018528328553798542,0.0012745345779982707,0.01732538371426521,0.020331013561519742,0.7708178029474301,0.0039000058134804933,0.7664381498875825,0.776097032285872,0.06907606582361145,0.0017619105293681756,0.0664155435089658,0.0710883879281105,0.10638557458547429,0.006214607865135055,0.10011947531113853,0.11537863798559873,0.009607440949129277,0.0011997178022538325,0.007923332789709348,0.010891259696117027,0.10589859872353413,0.006140323853545224,0.09974985690927651,0.114807563537302,5
4.0,terminal_4,Eye,Notochord,71.0,0.0,71,71,171.0,0.0,171,171,0.0,0.0,0,0,0.0,0.0,0.0,0.0,0.0,0.0,0.0,0.0,0.0,0.0,0.0,0.0,,,,,0.0,0.0,0.0,0.0,0.0,0.0,0.0,0.0,0.0,0.0,0.0,0.0,5
4.0,terminal_4,Eye,Otic Vesicle,71.0,0.0,71,71,1.0,0.0,1,1,0.0,0.0,0,0,0.0,0.0,0.0,0.0,0.0,0.0,0.0,0.0,0.0,0.0,0.0,0.0,,,,,0.0,0.0,0.0,0.0,0.0,0.0,0.0,0.0,0.0,0.0,0.0,0.0,5
4.0,terminal_4,Eye,Pigment Cell,71.0,0.0,71,71,103.0,0.0,103,103,16.6,4.827007354458868,11,23,1.954564288601731,0.17437658035630413,1.6713389483365146,2.1198596954345703,0.053437266423722915,0.014857253599503828,0.02817785354229604,0.06624626548332808,0.7905575436882082,0.016481914701479132,0.7719958066940308,0.812504838342252,0.07251115071711897,0.004050700836987123,0.0682654071599245,0.077303420885333,0.3031141540272832,0.07884026757283663,0.16840202138075921,0.370432266776051,0.0156949201927169,0.0048414371719237926,0.007426555889061865,0.019150852961897724,0.3025408590810412,0.07867318045758595,0.16810997416516354,0.3697167212271258,5
4.0,terminal_4,Eye,Posterior Erythroid Lineage Cell,71.0,0.0,71,71,5.0,0.0,5,5,0.0,0.0,0,0,0.0,0.0,0.0,0.0,0.0,0.0,0.0,0.0,0.0,0.0,0.0,0.0,,,,,0.0,0.0,0.0,0.0,0.0,0.0,0.0,0.0,0.0,0.0,0.0,0.0,5
4.0,terminal_4,Eye,Pronephros,71.0,0.0,71,71,210.0,0.0,210,210,0.0,0.0,0,0,0.0,0.0,0.0,0.0,0.0,0.0,0.0,0.0,0.0,0.0,0.0,0.0,,,,,0.0,0.0,0.0,0.0,0.0,0.0,0.0,0.0,0.0,0.0,0.0,0.0,5
4.0,terminal_4,Eye,Slow Muscle Cell,71.0,0.0,71,71,41.0,0.0,41,41,0.0,0.0,0,0,0.0,0.0,0.0,0.0,0.0,0.0,0.0,0.0,0.0,0.0,0.0,0.0,,,,,0.0,0.0,0.0,0.0,0.0,0.0,0.0,0.0,0.0,0.0,0.0,0.0,5
4.0,terminal_4,Eye,Spinal Cord Anterior Region,71.0,0.0,71,71,64.0,0.0,64,64,5.6,1.140175425099138,4,7,2.191813535122644,0.06725050868611325,2.119487738609314,2.2870000203450522,0.019743637350732472,0.0035868605099536512,0.013950807142209531,0.023058028568598288,0.9039715848934083,0.02148454691567363,0.871020625034968,0.9266141802072525,0.06501424871385098,0.002446290810322308,0.06146771398683389,0.06696638899544875,0.11235456951359576,0.022454979818696413,0.07644846863583893,0.13516037307519047,0.007991873657322467,0.002889961958918139,0.0048356282662456946,0.010526784583163567,0.11204031650331428,0.02232797449521115,0.07629538030598927,0.13472054011609763,5
4.0,terminal_4,Eye,Spinal Cord Dorsal Region,71.0,0.0,71,71,272.0,0.0,272,272,0.0,0.0,0,0,0.0,0.0,0.0,0.0,0.0,0.0,0.0,0.0,0.0,0.0,0.0,0.0,,,,,0.0,0.0,0.0,0.0,0.0,0.0,0.0,0.0,0.0,0.0,0.0,0.0,5
4.0,terminal_4,Eye,Spinal Cord Ventral Region,71.0,0.0,71,71,232.0,0.0,232,232,0.0,0.0,0,0,0.0,0.0,0.0,0.0,0.0,0.0,0.0,0.0,0.0,0.0,0.0,0.0,,,,,0.0,0.0,0.0,0.0,0.0,0.0,0.0,0.0,0.0,0.0,0.0,0.0,5
4.0,terminal_4,Eye,Yolk Syncytial Layer,71.0,0.0,71,71,27.0,0.0,27,27,0.0,0.0,0,0,0.0,0.0,0.0,0.0,0.0,0.0,0.0,0.0,0.0,0.0,0.0,0.0,,,,,0.0,0.0,0.0,0.0,0.0,0.0,0.0,0.0,0.0,0.0,0.0,0.0,5
4.0,terminal_4,Fast Muscle Cell,Anterior Erythroid Lineage Cell,274.0,0.0,274,274,23.0,0.0,23,23,0.0,0.0,0,0,0.0,0.0,0.0,0.0,0.0,0.0,0.0,0.0,0.0,0.0,0.0,0.0,,,,,0.0,0.0,0.0,0.0,0.0,0.0,0.0,0.0,0.0,0.0,0.0,0.0,5
4.0,terminal_4,Fast Muscle Cell,Epidermis,274.0,0.0,274,274,47.0,0.0,47,47,0.8,0.4472135954999579,0,1,1.0316144227981567,0.5766899939864926,0.0,1.289518117904663,0.003797765098161616,0.003349292840740962,0.0,0.009145516302889492,0.6090714931488037,0.3404813154595056,0.0,0.7613393664360046,0.078724205493927,0.0,0.078724205493927,0.078724205493927,0.010532048839382874,0.009288335561100277,0.0,0.025362554900150228,4.683151297360493e-05,4.130127227577992e-05,0.0,0.00011277647216431617,0.01053194471902216,0.009288243736062723,0.0,0.025362304164457544,5
4.0,terminal_4,Fast Muscle Cell,Eye,274.0,0.0,274,274,71.0,0.0,71,71,0.0,0.0,0,0,0.0,0.0,0.0,0.0,0.0,0.0,0.0,0.0,0.0,0.0,0.0,0.0,,,,,0.0,0.0,0.0,0.0,0.0,0.0,0.0,0.0,0.0,0.0,0.0,0.0,5
4.0,terminal_4,Fast Muscle Cell,Fast Muscle Cell,274.0,0.0,274,274,274.0,0.0,274,274,476.6,35.80921669067895,427,521,5.559298363824302,0.019988296937539313,5.530837597930094,5.586181338131428,1.8827709474020775,0.08774486445085614,1.790261791293153,2.0101899037529454,0.759188550020485,0.0027732752809638424,0.7543781475474437,0.7615601779712785,0.06206307051077996,0.0007601784982039188,0.061492355651959464,0.0633577341401517,11.111923082093677,0.5541454887897074,10.551549303264913,11.965648592348957,0.06444017942973372,0.004362065205516787,0.05969223947094168,0.07117431970022318,11.111647614258768,0.5541203533236216,10.551297956970076,11.965339488601797,5
4.0,terminal_4,Fast Muscle Cell,Forebrain,274.0,0.0,274,274,47.0,0.0,47,47,0.0,0.0,0,0,0.0,0.0,0.0,0.0,0.0,0.0,0.0,0.0,0.0,0.0,0.0,0.0,,,,,0.0,0.0,0.0,0.0,0.0,0.0,0.0,0.0,0.0,0.0,0.0,0.0,5
4.0,terminal_4,Fast Muscle Cell,Hatching Gland,274.0,0.0,274,274,22.0,0.0,22,22,0.0,0.0,0,0,0.0,0.0,0.0,0.0,0.0,0.0,0.0,0.0,0.0,0.0,0.0,0.0,,,,,0.0,0.0,0.0,0.0,0.0,0.0,0.0,0.0,0.0,0.0,0.0,0.0,5
4.0,terminal_4,Fast Muscle Cell,"Musculature System, Yolk Syncytial Layer",274.0,0.0,274,274,438.0,0.0,438,438,29.2,2.7748873851023217,26,33,5.144185932016656,0.08763830342827238,5.025025468884093,5.2270683800732645,0.05490254696475209,0.010704538737457858,0.04173367303111527,0.06637145333413849,0.8321065973074626,0.013609512130229868,0.8197799415299387,0.8553749263286591,0.07027999679443403,0.0038735218285750475,0.06530719579985508,0.0737427376486637,0.2827497688812137,0.05734765014249904,0.2113434436840931,0.3442573560530252,0.003795381912477653,0.0008767436632762212,0.002651375370246787,0.0047570166607895335,0.28272146135857934,0.05734136567402564,0.2113244288536931,0.34422508392674545,5
4.0,terminal_4,Fast Muscle Cell,Myotome,274.0,0.0,274,274,128.0,0.0,128,128,5.4,2.3021728866442674,3,8,2.218677106925419,0.2954780391155164,1.9538009762763977,2.5887496868769326,0.01842494691520048,0.005825325410970226,0.009250623932786306,0.02385575742974165,0.7102241704861323,0.014336362982215231,0.6976726055145264,0.732441782951355,0.08124488398344035,0.007469991137470628,0.07458660503228505,0.09343864768743515,0.07202674666838768,0.022987465886731173,0.03682366809486616,0.09666149777929717,0.00023019351339119494,8.974148620735085e-05,0.00015518749151375834,0.0003669968561894166,0.07202612544547748,0.022987455958282475,0.03682310177720457,0.09666117858789555,5
4.0,terminal_4,Fast Muscle Cell,Nervous System,274.0,0.0,274,274,824.0,0.0,824,824,0.2,0.447213595499958,0,1,0.35998399257659913,0.8049486782130553,0.0,1.7999199628829956,4.854152792878656e-05,0.00010854215618047131,0.0,0.00024270763964393278,0.14593398571014404,0.326318312275365,0.0,0.7296699285507202,0.08180435001850128,,0.08180435001850128,0.08180435001850128,0.00019710732862644517,0.0004407453856721216,0.0,0.0009855366431322258,1.8340185793534218e-05,4.100990215431843e-05,0.0,9.170092896767109e-05,0.0001962522269512173,0.0004388333201986382,0.0,0.0009812611347560865,5
4.0,terminal_4,Fast Muscle Cell,Notochord,274.0,0.0,274,274,171.0,0.0,171,171,110.6,10.502380682492898,100,121,2.381150359773199,0.09996949297139955,2.268500804901123,2.4916543219540572,0.23370733848267516,0.020233230924227505,0.2152142200592623,0.26704376461630364,0.814009143940203,0.006845523124240901,0.8070782911777497,0.8248725705895542,0.06839332010904312,0.0011097413602423772,0.06701998323325284,0.06979390151798726,1.5742793670200128,0.16170392213681103,1.4270091177857755,1.8344417160354838,0.0047997039462766514,0.0015715878064641187,0.003517525002261019,0.0069101323189261635,1.57426422224678,0.16169564420278243,1.4270008306466613,1.8344144751043732,5
4.0,terminal_4,Fast Muscle Cell,Otic Vesicle,274.0,0.0,274,274,1.0,0.0,1,1,0.0,0.0,0,0,0.0,0.0,0.0,0.0,0.0,0.0,0.0,0.0,0.0,0.0,0.0,0.0,,,,,0.0,0.0,0.0,0.0,0.0,0.0,0.0,0.0,0.0,0.0,0.0,0.0,5
4.0,terminal_4,Fast Muscle Cell,Pigment Cell,274.0,0.0,274,274,103.0,0.0,103,103,0.0,0.0,0,0,0.0,0.0,0.0,0.0,0.0,0.0,0.0,0.0,0.0,0.0,0.0,0.0,,,,,0.0,0.0,0.0,0.0,0.0,0.0,0.0,0.0,0.0,0.0,0.0,0.0,5
4.0,terminal_4,Fast Muscle Cell,Posterior Erythroid Lineage Cell,274.0,0.0,274,274,5.0,0.0,5,5,0.0,0.0,0,0,0.0,0.0,0.0,0.0,0.0,0.0,0.0,0.0,0.0,0.0,0.0,0.0,,,,,0.0,0.0,0.0,0.0,0.0,0.0,0.0,0.0,0.0,0.0,0.0,0.0,5
4.0,terminal_4,Fast Muscle Cell,Pronephros,274.0,0.0,274,274,210.0,0.0,210,210,90.2,8.5848704125339,81,101,5.769059767241979,0.10822126742299903,5.64539612117021,5.9155079641459904,0.4101164442729884,0.08105281856186121,0.28755408638214075,0.48411759705144747,0.7959073667821295,0.013840736188228476,0.7734459865352382,0.8071723674473009,0.06917162236748188,0.0006625624542355016,0.06862265402046235,0.07027141676272874,2.3353675077809735,0.4578233141606977,1.619239327960419,2.7491044590053173,0.01760283595671695,0.004361968541022904,0.010980385565827352,0.02198887632268464,2.335280473938847,0.45779672297953566,1.6191907377300079,2.7489894375105797,5
4.0,terminal_4,Fast Muscle Cell,Slow Muscle Cell,274.0,0.0,274,274,41.0,0.0,41,41,4.8,1.6431676725154984,3,7,4.041084174315135,0.16331209463583563,3.840947687625885,4.211579203605652,0.08169212898116292,0.021926529453962226,0.04854244491556878,0.1063595097645374,0.6923546608005251,0.005940191374651716,0.6871322095394135,0.7019742727279663,0.07920361028185913,0.0019131343077912553,0.07731075336535771,0.08211775682866573,0.4322856817942594,0.1172909600057601,0.2484031151798112,0.5458593854530652,0.005454823285622661,0.002018043195567911,0.0030661179073435707,0.007385463018080334,0.43224952123655935,0.11727840900883012,0.24837828994967395,0.5458082632513221,5
4.0,terminal_4,Fast Muscle Cell,Spinal Cord Anterior Region,274.0,0.0,274,274,64.0,0.0,64,64,0.0,0.0,0,0,0.0,0.0,0.0,0.0,0.0,0.0,0.0,0.0,0.0,0.0,0.0,0.0,,,,,0.0,0.0,0.0,0.0,0.0,0.0,0.0,0.0,0.0,0.0,0.0,0.0,5
4.0,terminal_4,Fast Muscle Cell,Spinal Cord Dorsal Region,274.0,0.0,274,274,272.0,0.0,272,272,0.6,0.5477225575051662,0,1,1.3981707572937012,1.2763494383564016,0.0,2.330284595489502,0.0005174948411200971,0.00047636570457584886,0.0,0.0009519135852098515,0.37459827661514283,0.34195987684112283,0.0,0.624330461025238,0.09019908308982849,0.0,0.09019908308982849,0.09019908308982849,0.0034685796360803115,0.0031929059772131665,0.0,0.006380330203410355,8.557577730485998e-08,7.877442737612511e-08,0.0,1.5741346703473548e-07,0.0034685796350246616,0.003192905976241417,0.0,0.0063803302014685285,5
4.0,terminal_4,Fast Muscle Cell,Spinal Cord Ventral Region,274.0,0.0,274,274,232.0,0.0,232,232,179.6,7.733045971672478,171,191,3.8875710109665604,0.04500567598826122,3.819404869051705,3.942718920413028,0.4195332802734149,0.018696802491284366,0.4033021717425881,0.4442668940429934,0.8126625291913033,0.006125940722880299,0.805260304381086,0.8221583924974714,0.06999722100772059,0.001194350258065974,0.06912936032697391,0.07206924646352118,1.96059093331831,0.10100753385811947,1.858297615629721,2.0790173686608253,0.036942705851547096,0.002977612691891834,0.03335732273419376,0.041212849106552596,1.9600264314952063,0.100970088148181,1.857725474901537,2.0783867863396304,5
4.0,terminal_4,Fast Muscle Cell,Yolk Syncytial Layer,274.0,0.0,274,274,27.0,0.0,27,27,0.0,0.0,0,0,0.0,0.0,0.0,0.0,0.0,0.0,0.0,0.0,0.0,0.0,0.0,0.0,,,,,0.0,0.0,0.0,0.0,0.0,0.0,0.0,0.0,0.0,0.0,0.0,0.0,5
4.0,terminal_4,Forebrain,Anterior Erythroid Lineage Cell,47.0,0.0,47,47,23.0,0.0,23,23,4.0,1.8708286933869707,2,6,1.3735305531819662,0.16600229451378315,1.1667692363262177,1.5777243971824646,0.04762034180239062,0.023000463999060066,0.017149177208073504,0.08014571696861857,0.7849384383360545,0.07333165943060181,0.6737050116062164,0.8767618238925934,0.07023402707030377,0.004743566379475144,0.06594569273293019,0.07648756727576256,0.2553517191065144,0.11963860836548547,0.06967981200391173,0.3986678948383763,0.0028995718597531277,0.0020422753611530732,0.000793404157239588,0.005737529380064236,0.25530822106797985,0.11962466436836659,0.06967529483786743,0.39860384388510417,5
4.0,terminal_4,Forebrain,Epidermis,47.0,0.0,47,47,47.0,0.0,47,47,0.0,0.0,0,0,0.0,0.0,0.0,0.0,0.0,0.0,0.0,0.0,0.0,0.0,0.0,0.0,,,,,0.0,0.0,0.0,0.0,0.0,0.0,0.0,0.0,0.0,0.0,0.0,0.0,5
4.0,terminal_4,Forebrain,Eye,47.0,0.0,47,47,71.0,0.0,71,71,52.6,2.7018512172212583,48,55,2.0358330564779847,0.042435561204474934,1.9626387481419545,2.073006858980214,0.21474820775477593,0.02608622157940133,0.17624608054863747,0.23985066876811606,0.8051408905662549,0.010107213925427789,0.7943837091607867,0.8202719837427139,0.06390436961531637,0.002668683501563431,0.05998617648341072,0.06625344497942419,1.1839524454743104,0.13915171964412013,0.9749245872283154,1.3240663000688289,0.0781990945020545,0.020083897747486004,0.049551484509933956,0.10019555458639708,1.1807444819582096,0.13834322041719943,0.9730350989549008,1.319875614398722,5
4.0,terminal_4,Forebrain,Fast Muscle Cell,47.0,0.0,47,47,274.0,0.0,274,274,0.0,0.0,0,0,0.0,0.0,0.0,0.0,0.0,0.0,0.0,0.0,0.0,0.0,0.0,0.0,,,,,0.0,0.0,0.0,0.0,0.0,0.0,0.0,0.0,0.0,0.0,0.0,0.0,5
4.0,terminal_4,Forebrain,Forebrain,47.0,0.0,47,47,47.0,0.0,47,47,75.4,10.237187113655782,67,93,1.160111892103493,0.030600612980421178,1.1337223966275491,1.2102403667435717,0.31201048855217806,0.022513568435710625,0.2892204118715159,0.34415719402610534,0.8110192905967519,0.00724787554094652,0.8044262133853536,0.820006822472188,0.06367230113063613,0.0013481544172111914,0.06164568442274147,0.06521983077721809,1.7048382268519862,0.11097764081220973,1.5856911466880699,1.8589481739370302,0.07560396360159408,0.004586791658410716,0.06862608346684967,0.08074682466268311,1.701789220508232,0.11087074248671736,1.5827990442080366,1.855496560905157,5
4.0,terminal_4,Forebrain,Hatching Gland,47.0,0.0,47,47,22.0,0.0,22,22,2.0,0.7071067811865476,1,3,0.6262705822785695,0.015071158866489971,0.6016141772270203,0.64298877120018,0.023183016742083108,0.0044777103923342495,0.019053828303061883,0.028580744158137928,0.726266489426295,0.019149659642838348,0.6994990408420563,0.7407216429710388,0.047037213171521826,0.007321987988496778,0.041760947555303574,0.05740691162645817,0.12047632543210048,0.017637964458453597,0.09525266573866116,0.14287899795381195,0.002871780893202506,0.0009232594418417588,0.0018358586127258485,0.004337296463856701,0.1204397297905138,0.01763397494552123,0.09520876735364756,0.14281315035972708,5
4.0,terminal_4,Forebrain,"Musculature System, Yolk Syncytial Layer",47.0,0.0,47,47,438.0,0.0,438,438,0.0,0.0,0,0,0.0,0.0,0.0,0.0,0.0,0.0,0.0,0.0,0.0,0.0,0.0,0.0,,,,,0.0,0.0,0.0,0.0,0.0,0.0,0.0,0.0,0.0,0.0,0.0,0.0,5
4.0,terminal_4,Forebrain,Myotome,47.0,0.0,47,47,128.0,0.0,128,128,0.0,0.0,0,0,0.0,0.0,0.0,0.0,0.0,0.0,0.0,0.0,0.0,0.0,0.0,0.0,,,,,0.0,0.0,0.0,0.0,0.0,0.0,0.0,0.0,0.0,0.0,0.0,0.0,5
4.0,terminal_4,Forebrain,Nervous System,47.0,0.0,47,47,824.0,0.0,824,824,37.6,5.89915248150105,28,42,1.7969413214590815,0.05354290675209294,1.7160821242464914,1.8487715565022969,0.013484330953809015,0.0026096734459650356,0.009233165509744247,0.016193617653097417,0.7746612646702735,0.00912209265880789,0.7678952046803066,0.7887375028360457,0.06974306358763623,0.0011164445314401528,0.06823256777392493,0.07119867092530642,0.07802109273891637,0.014142291808839816,0.05401806450267412,0.09093582805114606,0.006768738240847935,0.0012339847466048693,0.004652429166536252,0.007662065571204831,0.07768848870995529,0.014079526756158658,0.053794473520787804,0.09055423521552286,5
4.0,terminal_4,Forebrain,Notochord,47.0,0.0,47,47,171.0,0.0,171,171,0.0,0.0,0,0,0.0,0.0,0.0,0.0,0.0,0.0,0.0,0.0,0.0,0.0,0.0,0.0,,,,,0.0,0.0,0.0,0.0,0.0,0.0,0.0,0.0,0.0,0.0,0.0,0.0,5
4.0,terminal_4,Forebrain,Otic Vesicle,47.0,0.0,47,47,1.0,0.0,1,1,0.0,0.0,0,0,0.0,0.0,0.0,0.0,0.0,0.0,0.0,0.0,0.0,0.0,0.0,0.0,,,,,0.0,0.0,0.0,0.0,0.0,0.0,0.0,0.0,0.0,0.0,0.0,0.0,5
4.0,terminal_4,Forebrain,Pigment Cell,47.0,0.0,47,47,103.0,0.0,103,103,68.6,5.983310120660635,60,76,0.8376447372912897,0.06004722830632804,0.7773903876543045,0.9178010279933612,0.0898470719395622,0.005069047747451089,0.08403646078501886,0.097991648473549,0.7946574917566047,0.005228985014527017,0.7899516560661961,0.8035273517881121,0.06497547744926731,0.000892471018720613,0.06356199994417173,0.06596127319031618,0.5622851651083183,0.04125919064101699,0.5044258556140561,0.6175709727159994,0.011973538862232559,0.0024110348047014277,0.009937306482052408,0.01498161683406333,0.561888740054369,0.041196960555590495,0.5040890540052538,0.6170110353772248,5
4.0,terminal_4,Forebrain,Posterior Erythroid Lineage Cell,47.0,0.0,47,47,5.0,0.0,5,5,0.0,0.0,0,0,0.0,0.0,0.0,0.0,0.0,0.0,0.0,0.0,0.0,0.0,0.0,0.0,,,,,0.0,0.0,0.0,0.0,0.0,0.0,0.0,0.0,0.0,0.0,0.0,0.0,5
4.0,terminal_4,Forebrain,Pronephros,47.0,0.0,47,47,210.0,0.0,210,210,0.0,0.0,0,0,0.0,0.0,0.0,0.0,0.0,0.0,0.0,0.0,0.0,0.0,0.0,0.0,,,,,0.0,0.0,0.0,0.0,0.0,0.0,0.0,0.0,0.0,0.0,0.0,0.0,5
4.0,terminal_4,Forebrain,Slow Muscle Cell,47.0,0.0,47,47,41.0,0.0,41,41,0.0,0.0,0,0,0.0,0.0,0.0,0.0,0.0,0.0,0.0,0.0,0.0,0.0,0.0,0.0,,,,,0.0,0.0,0.0,0.0,0.0,0.0,0.0,0.0,0.0,0.0,0.0,0.0,5
4.0,terminal_4,Forebrain,Spinal Cord Anterior Region,47.0,0.0,47,47,64.0,0.0,64,64,1.0,0.0,1,1,2.1361212730407715,0.0,2.1361212730407715,2.1361212730407715,0.003289841301384988,0.0005852658472502838,0.002567453300141853,0.004172111612730511,0.9147902131080627,0.0,0.9147902131080627,0.9147902131080627,0.07135831564664841,0.0,0.07135831564664841,0.07135831564664841,0.01792734258249279,0.003189290707662718,0.01399083039568046,0.02273509894393166,0.0019812290201462195,0.0003524625025461566,0.0015461879320287674,0.002512555428090314,0.01781752911151795,0.003169754785828503,0.013905129918110971,0.02259583566082778,5
4.0,terminal_4,Forebrain,Spinal Cord Dorsal Region,47.0,0.0,47,47,272.0,0.0,272,272,0.0,0.0,0,0,0.0,0.0,0.0,0.0,0.0,0.0,0.0,0.0,0.0,0.0,0.0,0.0,,,,,0.0,0.0,0.0,0.0,0.0,0.0,0.0,0.0,0.0,0.0,0.0,0.0,5
4.0,terminal_4,Forebrain,Spinal Cord Ventral Region,47.0,0.0,47,47,232.0,0.0,232,232,0.0,0.0,0,0,0.0,0.0,0.0,0.0,0.0,0.0,0.0,0.0,0.0,0.0,0.0,0.0,,,,,0.0,0.0,0.0,0.0,0.0,0.0,0.0,0.0,0.0,0.0,0.0,0.0,5
4.0,terminal_4,Forebrain,Yolk Syncytial Layer,47.0,0.0,47,47,27.0,0.0,27,27,0.0,0.0,0,0,0.0,0.0,0.0,0.0,0.0,0.0,0.0,0.0,0.0,0.0,0.0,0.0,,,,,0.0,0.0,0.0,0.0,0.0,0.0,0.0,0.0,0.0,0.0,0.0,0.0,5
4.0,terminal_4,Hatching Gland,Anterior Erythroid Lineage Cell,22.0,0.0,22,22,23.0,0.0,23,23,0.0,0.0,0,0,0.0,0.0,0.0,0.0,0.0,0.0,0.0,0.0,0.0,0.0,0.0,0.0,,,,,0.0,0.0,0.0,0.0,0.0,0.0,0.0,0.0,0.0,0.0,0.0,0.0,5
4.0,terminal_4,Hatching Gland,Epidermis,22.0,0.0,22,22,47.0,0.0,47,47,0.0,0.0,0,0,0.0,0.0,0.0,0.0,0.0,0.0,0.0,0.0,0.0,0.0,0.0,0.0,,,,,0.0,0.0,0.0,0.0,0.0,0.0,0.0,0.0,0.0,0.0,0.0,0.0,5
4.0,terminal_4,Hatching Gland,Eye,22.0,0.0,22,22,71.0,0.0,71,71,0.0,0.0,0,0,0.0,0.0,0.0,0.0,0.0,0.0,0.0,0.0,0.0,0.0,0.0,0.0,,,,,0.0,0.0,0.0,0.0,0.0,0.0,0.0,0.0,0.0,0.0,0.0,0.0,5
4.0,terminal_4,Hatching Gland,Fast Muscle Cell,22.0,0.0,22,22,274.0,0.0,274,274,0.0,0.0,0,0,0.0,0.0,0.0,0.0,0.0,0.0,0.0,0.0,0.0,0.0,0.0,0.0,,,,,0.0,0.0,0.0,0.0,0.0,0.0,0.0,0.0,0.0,0.0,0.0,0.0,5
4.0,terminal_4,Hatching Gland,Forebrain,22.0,0.0,22,22,47.0,0.0,47,47,6.0,1.5811388300841898,4,8,0.6542887118174916,0.06504465586426439,0.5649700239300728,0.7212453961372376,0.015612211985052419,0.006663793661487363,0.005014399597925603,0.022763380391455666,0.7317282538470768,0.009859070893407252,0.7171506136655807,0.7430203159650167,0.05929126886207433,0.001643378263583204,0.05758085325360298,0.061898541636765,0.09500611128221145,0.03119697471970344,0.0434763366503439,0.11953824172450629,0.0005651510761437828,0.00025968263765274166,0.00012433268962837554,0.0007838768253948279,0.09500246762304451,0.031195191177771024,0.04347614057554944,0.11953555669895247,5
4.0,terminal_4,Hatching Gland,Hatching Gland,22.0,0.0,22,22,22.0,0.0,22,22,0.4,0.5477225575051662,0,1,0.2809450149536133,0.38469980527180053,0.0,0.7023625373840332,0.006385113976218483,0.00874317739254092,0.0,0.015962784940546208,0.25074310302734376,0.3433441341672952,0.0,0.6268577575683594,0.06117353215813637,0.0,0.06117353215813637,0.06117353215813637,0.07684306623523665,0.10522170191225673,0.0,0.19210766558809161,0.00018478531245177282,0.0002530277098136906,0.0,0.00046196328112943204,0.07684284405734387,0.1052213976826476,0.0,0.19210711014335968,5
4.0,terminal_4,Hatching Gland,"Musculature System, Yolk Syncytial Layer",22.0,0.0,22,22,438.0,0.0,438,438,0.0,0.0,0,0,0.0,0.0,0.0,0.0,0.0,0.0,0.0,0.0,0.0,0.0,0.0,0.0,,,,,0.0,0.0,0.0,0.0,0.0,0.0,0.0,0.0,0.0,0.0,0.0,0.0,5
4.0,terminal_4,Hatching Gland,Myotome,22.0,0.0,22,22,128.0,0.0,128,128,0.0,0.0,0,0,0.0,0.0,0.0,0.0,0.0,0.0,0.0,0.0,0.0,0.0,0.0,0.0,,,,,0.0,0.0,0.0,0.0,0.0,0.0,0.0,0.0,0.0,0.0,0.0,0.0,5
4.0,terminal_4,Hatching Gland,Nervous System,22.0,0.0,22,22,824.0,0.0,824,824,3.2,1.3038404810405297,1,4,0.3349381034572919,0.045165853982281,0.2570589780807495,0.36135032773017883,0.00020698783699485702,0.00010504937542598978,4.456639437566582e-05,0.0003162227302697878,0.7394273579120636,0.04542462654595061,0.6617847084999084,0.7665738165378571,0.04578304071910679,0.006096394315379901,0.03781147766858339,0.05498175323009491,0.00259683412869943,0.0012969515995753507,0.0007208081383140929,0.004157490969429393,1.8475416840472135e-05,9.22820251375931e-06,2.2801376072239705e-06,2.3943091267469752e-05,0.0025967444246789715,0.0012969313517884207,0.0007208045319171631,0.004157402415354191,5
4.0,terminal_4,Hatching Gland,Notochord,22.0,0.0,22,22,171.0,0.0,171,171,0.0,0.0,0,0,0.0,0.0,0.0,0.0,0.0,0.0,0.0,0.0,0.0,0.0,0.0,0.0,,,,,0.0,0.0,0.0,0.0,0.0,0.0,0.0,0.0,0.0,0.0,0.0,0.0,5
4.0,terminal_4,Hatching Gland,Otic Vesicle,22.0,0.0,22,22,1.0,0.0,1,1,0.0,0.0,0,0,0.0,0.0,0.0,0.0,0.0,0.0,0.0,0.0,0.0,0.0,0.0,0.0,,,,,0.0,0.0,0.0,0.0,0.0,0.0,0.0,0.0,0.0,0.0,0.0,0.0,5
4.0,terminal_4,Hatching Gland,Pigment Cell,22.0,0.0,22,22,103.0,0.0,103,103,13.8,2.7748873851023217,11,18,0.9131527817550331,0.08460518291629518,0.7704839327118613,0.9721770584583282,0.016250261492006757,0.003728235614346752,0.011126538533524181,0.01979695035729963,0.7889972431555957,0.02674043600776938,0.7607279578844707,0.824864910199092,0.05882089538805089,0.00830830372529008,0.045953006060286,0.06723521334620622,0.12555629004360225,0.03461438359814885,0.08303663492132088,0.1593739660136909,0.00041221225543034963,0.0001702936890920474,0.00013198213359269097,0.0005725445375155651,0.1255518896705282,0.03461280617834523,0.08303651566608629,0.15936902101070588,5
4.0,terminal_4,Hatching Gland,Posterior Erythroid Lineage Cell,22.0,0.0,22,22,5.0,0.0,5,5,0.0,0.0,0,0,0.0,0.0,0.0,0.0,0.0,0.0,0.0,0.0,0.0,0.0,0.0,0.0,,,,,0.0,0.0,0.0,0.0,0.0,0.0,0.0,0.0,0.0,0.0,0.0,0.0,5
4.0,terminal_4,Hatching Gland,Pronephros,22.0,0.0,22,22,210.0,0.0,210,210,0.0,0.0,0,0,0.0,0.0,0.0,0.0,0.0,0.0,0.0,0.0,0.0,0.0,0.0,0.0,,,,,0.0,0.0,0.0,0.0,0.0,0.0,0.0,0.0,0.0,0.0,0.0,0.0,5
4.0,terminal_4,Hatching Gland,Slow Muscle Cell,22.0,0.0,22,22,41.0,0.0,41,41,0.0,0.0,0,0,0.0,0.0,0.0,0.0,0.0,0.0,0.0,0.0,0.0,0.0,0.0,0.0,,,,,0.0,0.0,0.0,0.0,0.0,0.0,0.0,0.0,0.0,0.0,0.0,0.0,5
4.0,terminal_4,Hatching Gland,Spinal Cord Anterior Region,22.0,0.0,22,22,64.0,0.0,64,64,0.0,0.0,0,0,0.0,0.0,0.0,0.0,0.0,0.0,0.0,0.0,0.0,0.0,0.0,0.0,,,,,0.0,0.0,0.0,0.0,0.0,0.0,0.0,0.0,0.0,0.0,0.0,0.0,5
4.0,terminal_4,Hatching Gland,Spinal Cord Dorsal Region,22.0,0.0,22,22,272.0,0.0,272,272,0.0,0.0,0,0,0.0,0.0,0.0,0.0,0.0,0.0,0.0,0.0,0.0,0.0,0.0,0.0,,,,,0.0,0.0,0.0,0.0,0.0,0.0,0.0,0.0,0.0,0.0,0.0,0.0,5
4.0,terminal_4,Hatching Gland,Spinal Cord Ventral Region,22.0,0.0,22,22,232.0,0.0,232,232,0.0,0.0,0,0,0.0,0.0,0.0,0.0,0.0,0.0,0.0,0.0,0.0,0.0,0.0,0.0,,,,,0.0,0.0,0.0,0.0,0.0,0.0,0.0,0.0,0.0,0.0,0.0,0.0,5
4.0,terminal_4,Hatching Gland,Yolk Syncytial Layer,22.0,0.0,22,22,27.0,0.0,27,27,0.0,0.0,0,0,0.0,0.0,0.0,0.0,0.0,0.0,0.0,0.0,0.0,0.0,0.0,0.0,,,,,0.0,0.0,0.0,0.0,0.0,0.0,0.0,0.0,0.0,0.0,0.0,0.0,5
4.0,terminal_4,"Musculature System, Yolk Syncytial Layer",Anterior Erythroid Lineage Cell,438.0,0.0,438,438,23.0,0.0,23,23,0.0,0.0,0,0,0.0,0.0,0.0,0.0,0.0,0.0,0.0,0.0,0.0,0.0,0.0,0.0,,,,,0.0,0.0,0.0,0.0,0.0,0.0,0.0,0.0,0.0,0.0,0.0,0.0,5
4.0,terminal_4,"Musculature System, Yolk Syncytial Layer",Epidermis,438.0,0.0,438,438,47.0,0.0,47,47,5.2,2.7748873851023217,2,9,1.2989055765999686,0.07064102398907893,1.2137984832127888,1.410610145992703,0.043830103225904214,0.013188877240298923,0.027414326972149787,0.05697627368606318,0.6900038633081648,0.026024815479461363,0.6585449775060018,0.7306336462497711,0.06647322159260512,0.010746732602955587,0.051984467543661594,0.07476078222195308,0.12880199255557767,0.03662606705412567,0.08899225043143306,0.1662213931942419,0.0022521179974528006,0.0011408754094760195,0.00037085998944078063,0.00323106285491638,0.12877629265535964,0.0366151313323405,0.08899147768027639,0.16618520899531222,5
4.0,terminal_4,"Musculature System, Yolk Syncytial Layer",Eye,438.0,0.0,438,438,71.0,0.0,71,71,0.0,0.0,0,0,0.0,0.0,0.0,0.0,0.0,0.0,0.0,0.0,0.0,0.0,0.0,0.0,,,,,0.0,0.0,0.0,0.0,0.0,0.0,0.0,0.0,0.0,0.0,0.0,0.0,5
4.0,terminal_4,"Musculature System, Yolk Syncytial Layer",Fast Muscle Cell,438.0,0.0,438,438,274.0,0.0,274,274,38.6,4.560701700396551,31,43,5.757967571692898,0.12429630717274204,5.620781825138972,5.931466371782364,0.1848513479858262,0.030345580438843518,0.14423655021937778,0.22596423846428346,0.7554461311489299,0.01656533082546306,0.7375718034230746,0.7738963808768835,0.07086385960225525,0.001558528252979812,0.06937582958943961,0.07339544696432929,0.9528283896940675,0.15735693181329866,0.7486629748681612,1.13942582451117,0.010904022715578655,0.0019457512366758624,0.008013310847899517,0.013280112469523535,0.9527604439963235,0.15734487811134515,0.7486145016949716,1.13934117797525,5
4.0,terminal_4,"Musculature System, Yolk Syncytial Layer",Forebrain,438.0,0.0,438,438,47.0,0.0,47,47,0.0,0.0,0,0,0.0,0.0,0.0,0.0,0.0,0.0,0.0,0.0,0.0,0.0,0.0,0.0,,,,,0.0,0.0,0.0,0.0,0.0,0.0,0.0,0.0,0.0,0.0,0.0,0.0,5
4.0,terminal_4,"Musculature System, Yolk Syncytial Layer",Hatching Gland,438.0,0.0,438,438,22.0,0.0,22,22,0.0,0.0,0,0,0.0,0.0,0.0,0.0,0.0,0.0,0.0,0.0,0.0,0.0,0.0,0.0,,,,,0.0,0.0,0.0,0.0,0.0,0.0,0.0,0.0,0.0,0.0,0.0,0.0,5
4.0,terminal_4,"Musculature System, Yolk Syncytial Layer","Musculature System, Yolk Syncytial Layer",438.0,0.0,438,438,438.0,0.0,438,438,1316.6,36.76003264416398,1266,1351,8.243628212346467,0.05790978100851289,8.141006131061715,8.281762631534207,4.1895391001376705,0.05581516050646077,4.104232403845687,4.261081471656938,0.7627007340612817,0.003335395022778149,0.7594346480346968,0.7681762706695179,0.06488884735071562,0.0005275903365350034,0.06435270345288713,0.06574098730970418,25.65574070802657,0.2279641667903023,25.319250874529622,25.951362536283252,0.12014655624067108,0.004072916759278928,0.11798561548351408,0.12740769762225732,25.655318038450854,0.22796934411833872,25.318827794738887,25.950946131766614,5
4.0,terminal_4,"Musculature System, Yolk Syncytial Layer",Myotome,438.0,0.0,438,438,128.0,0.0,128,128,15.8,2.3874672772626644,13,19,3.7381570002549593,0.47646918752014217,3.060859906046014,4.30888382345438,0.13766109879643845,0.016183043123742732,0.11806038278293171,0.15996705506817543,0.7491730115505973,0.01587750354301203,0.7281445860862732,0.7662076291285063,0.06295119092135096,0.003322352982282321,0.05783595990103025,0.06585900339164905,0.4498087180030802,0.05802913324959408,0.36883897848088826,0.510910258210238,0.004867288382575662,0.0011847630059284014,0.003144795741226931,0.006119712247596349,0.44977705181374744,0.05802099767340574,0.3688188496204783,0.5108705853171873,5
4.0,terminal_4,"Musculature System, Yolk Syncytial Layer",Nervous System,438.0,0.0,438,438,824.0,0.0,824,824,0.0,0.0,0,0,0.0,0.0,0.0,0.0,0.0,0.0,0.0,0.0,0.0,0.0,0.0,0.0,,,,,0.0,0.0,0.0,0.0,0.0,0.0,0.0,0.0,0.0,0.0,0.0,0.0,5
4.0,terminal_4,"Musculature System, Yolk Syncytial Layer",Notochord,438.0,0.0,438,438,171.0,0.0,171,171,9.4,1.5165750888103104,8,12,2.8597979227701824,0.26245860983183966,2.573330283164978,3.2444265948401556,0.027962795011788905,0.007326673715090898,0.018429169870997433,0.03589795536019179,0.7743231319718891,0.03072302019003216,0.7415868904855516,0.8237898945808411,0.07046592868864536,0.0034854301810256657,0.06508328951895237,0.07446783801747693,0.11765825027753869,0.03263132888218236,0.07864061662360851,0.1567687875473935,0.0007243694355860295,0.00027888449494294933,0.00046112604125464506,0.0011866752879285923,0.11765468965473944,0.03263052778886609,0.07863697873547822,0.1567657323862802,5
4.0,terminal_4,"Musculature System, Yolk Syncytial Layer",Otic Vesicle,438.0,0.0,438,438,1.0,0.0,1,1,0.0,0.0,0,0,0.0,0.0,0.0,0.0,0.0,0.0,0.0,0.0,0.0,0.0,0.0,0.0,,,,,0.0,0.0,0.0,0.0,0.0,0.0,0.0,0.0,0.0,0.0,0.0,0.0,5
4.0,terminal_4,"Musculature System, Yolk Syncytial Layer",Pigment Cell,438.0,0.0,438,438,103.0,0.0,103,103,0.0,0.0,0,0,0.0,0.0,0.0,0.0,0.0,0.0,0.0,0.0,0.0,0.0,0.0,0.0,,,,,0.0,0.0,0.0,0.0,0.0,0.0,0.0,0.0,0.0,0.0,0.0,0.0,5
4.0,terminal_4,"Musculature System, Yolk Syncytial Layer",Posterior Erythroid Lineage Cell,438.0,0.0,438,438,5.0,0.0,5,5,2.4,0.8944271909999159,1,3,2.5248522043228148,1.1776608411812106,1.4790565967559814,4.312260627746582,0.7072206370142528,0.4564726509137056,0.2218584895133972,1.168377161026001,0.6528460443019867,0.015246989483663051,0.628291130065918,0.6701332628726959,0.08075155764818191,0.006187787625906818,0.07516868164141972,0.09015590697526932,2.9916312474686086,2.0920799118155493,0.7342813576345575,4.946845640595003,0.04008107572599335,0.026256305322030726,0.011922046968254784,0.06539775497138135,2.9913607760395466,2.0919169077351265,0.73418456600894,4.946411863714219,5
4.0,terminal_4,"Musculature System, Yolk Syncytial Layer",Pronephros,438.0,0.0,438,438,210.0,0.0,210,210,52.6,3.7815340802378064,49,58,7.89033698249595,0.19418089425187482,7.60293301414041,8.133284228188652,0.37282495060495846,0.04092946035609497,0.3146272558221055,0.42106050787006105,0.7955052950411752,0.01392716539049966,0.7835138475193697,0.8159054708480835,0.06861045804750224,0.002366955151615215,0.06524233194914732,0.07183040332581316,1.8391077457334575,0.23178122313819963,1.4745865334971027,2.079163114680299,0.011264475082679734,0.002880124117042771,0.0073455350577647715,0.015086577112740354,1.839058343384632,0.2317681215436107,1.4745576106805478,2.0791052585565906,5
4.0,terminal_4,"Musculature System, Yolk Syncytial Layer",Slow Muscle Cell,438.0,0.0,438,438,41.0,0.0,41,41,3.0,0.0,3,3,5.843598302205403,0.2650194804338296,5.531736850738525,6.127091725667317,0.1210071996405458,0.019096185989595792,0.10119030824521692,0.1458769067793064,0.66645321448644,0.02714987094305571,0.638333241144816,0.6998781561851501,0.06784403423468272,0.006067146055305265,0.0597304068505764,0.07553426176309586,0.5476600695467368,0.09220661119458244,0.46528822237145734,0.6809596090934975,0.00625952385152576,0.0017271105736500222,0.0036393265159342884,0.008398861395130257,0.5476226762326546,0.09220246473466782,0.4652376281327043,0.6809078119276016,5
4.0,terminal_4,"Musculature System, Yolk Syncytial Layer",Spinal Cord Anterior Region,438.0,0.0,438,438,64.0,0.0,64,64,0.0,0.0,0,0,0.0,0.0,0.0,0.0,0.0,0.0,0.0,0.0,0.0,0.0,0.0,0.0,,,,,0.0,0.0,0.0,0.0,0.0,0.0,0.0,0.0,0.0,0.0,0.0,0.0,5
4.0,terminal_4,"Musculature System, Yolk Syncytial Layer",Spinal Cord Dorsal Region,438.0,0.0,438,438,272.0,0.0,272,272,0.0,0.0,0,0,0.0,0.0,0.0,0.0,0.0,0.0,0.0,0.0,0.0,0.0,0.0,0.0,,,,,0.0,0.0,0.0,0.0,0.0,0.0,0.0,0.0,0.0,0.0,0.0,0.0,5
4.0,terminal_4,"Musculature System, Yolk Syncytial Layer",Spinal Cord Ventral Region,438.0,0.0,438,438,232.0,0.0,232,232,0.0,0.0,0,0,0.0,0.0,0.0,0.0,0.0,0.0,0.0,0.0,0.0,0.0,0.0,0.0,,,,,0.0,0.0,0.0,0.0,0.0,0.0,0.0,0.0,0.0,0.0,0.0,0.0,5
4.0,terminal_4,"Musculature System, Yolk Syncytial Layer",Yolk Syncytial Layer,438.0,0.0,438,438,27.0,0.0,27,27,10.4,3.361547262794322,5,14,8.688712956028066,0.0789529399923951,8.5923470583829,8.78466765085856,0.6077541931381428,0.05605898763960196,0.5334932443976128,0.6662421527494671,0.7056841503335284,0.022468172708627592,0.6693516135215759,0.7272143255580555,0.061066982403994254,0.0023821295684893105,0.05797368365650376,0.0644850678741932,4.874834688003489,0.4733882678931178,4.244858712781081,5.3794108815183,0.01914185658394177,0.006944611811759835,0.009639645179699738,0.028866451569943514,4.874788396236175,0.4734056354697566,4.244758053300203,5.379378606068328,5
4.0,terminal_4,Myotome,Anterior Erythroid Lineage Cell,128.0,0.0,128,128,23.0,0.0,23,23,0.0,0.0,0,0,0.0,0.0,0.0,0.0,0.0,0.0,0.0,0.0,0.0,0.0,0.0,0.0,,,,,0.0,0.0,0.0,0.0,0.0,0.0,0.0,0.0,0.0,0.0,0.0,0.0,5
4.0,terminal_4,Myotome,Epidermis,128.0,0.0,128,128,47.0,0.0,47,47,41.8,5.761944116355174,34,50,1.0589375078270418,0.052625046098990255,0.9741894541417851,1.103874159604311,0.16157207340230798,0.021335535876701495,0.1302221032942792,0.18171491263463446,0.7239384160327038,0.008617585488705809,0.7122191330965828,0.7339008713877478,0.068144774476177,0.0016115033052785015,0.06554574242164922,0.06944146621972322,0.5168265748566941,0.07169999021764596,0.40570155359133087,0.5869145522387276,0.013283068099703293,0.0017181808431272567,0.010314059380662597,0.014523031477588745,0.5165580195602553,0.07165994115712077,0.40551233514097645,0.586629745947742,5
4.0,terminal_4,Myotome,Eye,128.0,0.0,128,128,71.0,0.0,71,71,0.0,0.0,0,0,0.0,0.0,0.0,0.0,0.0,0.0,0.0,0.0,0.0,0.0,0.0,0.0,,,,,0.0,0.0,0.0,0.0,0.0,0.0,0.0,0.0,0.0,0.0,0.0,0.0,5
4.0,terminal_4,Myotome,Fast Muscle Cell,128.0,0.0,128,128,274.0,0.0,274,274,8.8,2.8635642126552705,5,12,3.196713710245804,0.10299152610178912,3.091888361506992,3.3263216699872697,0.02080059187062433,0.00572252513860547,0.011429716641935971,0.025525362031295875,0.7490949880208115,0.011256898497574675,0.7369053959846497,0.766281321644783,0.07145331813291275,0.0034166827719338145,0.06658331382398804,0.07496540841053832,0.08468047652257432,0.023892022833716043,0.0470610999200909,0.10667981910113039,0.00159610258612851,0.00046966285870144716,0.0008625829098476853,0.0020598161294053453,0.08466517566511396,0.023887431444142477,0.04705318236559035,0.10665982453413521,5
4.0,terminal_4,Myotome,Forebrain,128.0,0.0,128,128,47.0,0.0,47,47,0.0,0.0,0,0,0.0,0.0,0.0,0.0,0.0,0.0,0.0,0.0,0.0,0.0,0.0,0.0,,,,,0.0,0.0,0.0,0.0,0.0,0.0,0.0,0.0,0.0,0.0,0.0,0.0,5
4.0,terminal_4,Myotome,Hatching Gland,128.0,0.0,128,128,22.0,0.0,22,22,0.0,0.0,0,0,0.0,0.0,0.0,0.0,0.0,0.0,0.0,0.0,0.0,0.0,0.0,0.0,,,,,0.0,0.0,0.0,0.0,0.0,0.0,0.0,0.0,0.0,0.0,0.0,0.0,5
4.0,terminal_4,Myotome,"Musculature System, Yolk Syncytial Layer",128.0,0.0,128,128,438.0,0.0,438,438,34.6,4.8270073544588685,29,41,3.725950406214287,0.20287055168962237,3.432171468327685,3.908817085352811,0.04491452597435058,0.01384345001382495,0.032833770709687043,0.06744989459019739,0.7474786045538533,0.014635009542010484,0.7316433496591521,0.767727085228624,0.0632650807995994,0.0009238157276033911,0.06267790874522744,0.06490716710686684,0.1543023402089963,0.05249106024321388,0.11502850020315106,0.24219252986056383,0.0017991303914728929,0.0006863321338209363,0.0013124000756825148,0.002948957339873834,0.1542909383598726,0.05248646849527005,0.11502055783746004,0.2421735538348079,5
4.0,terminal_4,Myotome,Myotome,128.0,0.0,128,128,128.0,0.0,128,128,176.8,19.21457779916072,151,197,1.9499195436415273,0.050800281714461736,1.8659051167830993,1.9996741601658352,0.7088298669639694,0.048537376108722684,0.6541973464991625,0.7740102158478561,0.7396717828962295,0.003176818377305321,0.7365790684491593,0.7437240141661056,0.06312034847105724,0.0015277240936528492,0.061380628485944166,0.06548856215720827,2.2064015362178564,0.17213799715568998,1.9921709134661985,2.434423857403984,0.01837315989831422,0.0014412855502498917,0.016256340627565705,0.01982822181854954,2.206229730283922,0.17214473362938562,1.9919986377387247,2.434263439565359,5
4.0,terminal_4,Myotome,Nervous System,128.0,0.0,128,128,824.0,0.0,824,824,0.0,0.0,0,0,0.0,0.0,0.0,0.0,0.0,0.0,0.0,0.0,0.0,0.0,0.0,0.0,,,,,0.0,0.0,0.0,0.0,0.0,0.0,0.0,0.0,0.0,0.0,0.0,0.0,5
4.0,terminal_4,Myotome,Notochord,128.0,0.0,128,128,171.0,0.0,171,171,0.0,0.0,0,0,0.0,0.0,0.0,0.0,0.0,0.0,0.0,0.0,0.0,0.0,0.0,0.0,,,,,0.0,0.0,0.0,0.0,0.0,0.0,0.0,0.0,0.0,0.0,0.0,0.0,5
4.0,terminal_4,Myotome,Otic Vesicle,128.0,0.0,128,128,1.0,0.0,1,1,0.0,0.0,0,0,0.0,0.0,0.0,0.0,0.0,0.0,0.0,0.0,0.0,0.0,0.0,0.0,,,,,0.0,0.0,0.0,0.0,0.0,0.0,0.0,0.0,0.0,0.0,0.0,0.0,5
4.0,terminal_4,Myotome,Pigment Cell,128.0,0.0,128,128,103.0,0.0,103,103,0.0,0.0,0,0,0.0,0.0,0.0,0.0,0.0,0.0,0.0,0.0,0.0,0.0,0.0,0.0,,,,,0.0,0.0,0.0,0.0,0.0,0.0,0.0,0.0,0.0,0.0,0.0,0.0,5
4.0,terminal_4,Myotome,Posterior Erythroid Lineage Cell,128.0,0.0,128,128,5.0,0.0,5,5,0.0,0.0,0,0,0.0,0.0,0.0,0.0,0.0,0.0,0.0,0.0,0.0,0.0,0.0,0.0,,,,,0.0,0.0,0.0,0.0,0.0,0.0,0.0,0.0,0.0,0.0,0.0,0.0,5
4.0,terminal_4,Myotome,Pronephros,128.0,0.0,128,128,210.0,0.0,210,210,0.4,0.5477225575051662,0,1,1.204554843902588,1.6494046493939127,0.0,3.011387348175049,0.0007942119524418396,0.0012538199359701887,0.0,0.002867987539248621,0.3431868553161621,0.4699279552398093,0.0,0.8579671382904053,0.06556767970323563,0.0,0.06556767970323563,0.06556767970323563,0.0031861179621915925,0.005029914386288205,0.0,0.011505425370310532,1.249769135256629e-05,1.9730068959586162e-05,0.0,4.513055827847681e-05,0.0031860934507184128,0.005029875690090949,0.0,0.011505336856628525,5
4.0,terminal_4,Myotome,Slow Muscle Cell,128.0,0.0,128,128,41.0,0.0,41,41,0.8,0.4472135954999579,0,1,2.387849521636963,1.3348484626051669,0.0,2.9848122596740723,0.05824023223504787,0.03255727957573578,0.0,0.07280029901644079,0.517395305633545,0.2892327686589716,0.0,0.6467441320419312,0.08886232227087021,0.0,0.08886232227087021,0.08886232227087021,0.1850128960994143,0.10342535309809968,0.0,0.23126614057393555,0.002009093799620571,0.0011231175772812483,0.0,0.002511367554260343,0.18500198719256233,0.10341925483377938,0.0,0.23125250443826703,5
4.0,terminal_4,Myotome,Spinal Cord Anterior Region,128.0,0.0,128,128,64.0,0.0,64,64,0.0,0.0,0,0,0.0,0.0,0.0,0.0,0.0,0.0,0.0,0.0,0.0,0.0,0.0,0.0,,,,,0.0,0.0,0.0,0.0,0.0,0.0,0.0,0.0,0.0,0.0,0.0,0.0,5
4.0,terminal_4,Myotome,Spinal Cord Dorsal Region,128.0,0.0,128,128,272.0,0.0,272,272,22.2,3.7013511046643495,18,27,2.2391128028534824,0.07662383299661478,2.1439128849241467,2.3055860788925835,0.03369583444189141,0.002253023819405381,0.030761295136001468,0.03645953624216118,0.7681258515003415,0.010369384222100566,0.7592714304725329,0.7807266116142273,0.06695477855876444,0.003956722104259631,0.06337599932319588,0.0735649554745147,0.1549264311737694,0.003431726180988556,0.1521419033482554,0.16076355186468055,0.0001909527205222909,1.5145306983559683e-05,0.0001763266323503804,0.00020713438109388706,0.1549262699146598,0.0034317185140207464,0.15214175583993206,0.16076338960741984,5
4.0,terminal_4,Myotome,Spinal Cord Ventral Region,128.0,0.0,128,128,232.0,0.0,232,232,4.0,0.7071067811865476,3,5,1.9077171762784324,0.32249075574075536,1.4334829250971477,2.2992299497127533,0.005421081513148638,0.0024673640937807,0.001986703656377638,0.008848264388622762,0.7654526420434316,0.023558776632772595,0.7369325558344523,0.8010553568601608,0.0776357745875915,0.010194697848362494,0.06126328557729721,0.08915891746679942,0.02175482156093322,0.010703930497374056,0.007872050442155797,0.03759211727813252,0.0003252935227106209,0.00017093916681593444,7.58668485794913e-05,0.0005171881480940007,0.02174927892971525,0.01070181612052847,0.007870062954464583,0.0375846107912341,5
4.0,terminal_4,Myotome,Yolk Syncytial Layer,128.0,0.0,128,128,27.0,0.0,27,27,0.0,0.0,0,0,0.0,0.0,0.0,0.0,0.0,0.0,0.0,0.0,0.0,0.0,0.0,0.0,,,,,0.0,0.0,0.0,0.0,0.0,0.0,0.0,0.0,0.0,0.0,0.0,0.0,5
4.0,terminal_4,Nervous System,Anterior Erythroid Lineage Cell,824.0,0.0,824,824,23.0,0.0,23,23,4.6,0.5477225575051662,4,5,1.231404002904892,0.19592743317423156,0.9003398060798645,1.363344633579254,0.06475910989017168,0.010348508691010104,0.053314962654980654,0.07906451683146558,0.7475654119253159,0.021830829969811876,0.709570300579071,0.7624203562736511,0.053385090790689,0.006423033124303263,0.04484360013157129,0.05913902968168259,0.26596321470026896,0.06876765393899195,0.18649048637003665,0.3531025539326933,0.011851798390972078,0.005733225842680642,0.005594696436104468,0.01861246514556439,0.2656682428986572,0.06859161881824238,0.18640482699314997,0.3526466108801465,5
4.0,terminal_4,Nervous System,Epidermis,824.0,0.0,824,824,47.0,0.0,47,47,0.0,0.0,0,0,0.0,0.0,0.0,0.0,0.0,0.0,0.0,0.0,0.0,0.0,0.0,0.0,,,,,0.0,0.0,0.0,0.0,0.0,0.0,0.0,0.0,0.0,0.0,0.0,0.0,5
4.0,terminal_4,Nervous System,Eye,824.0,0.0,824,824,71.0,0.0,71,71,49.4,4.615192303685731,45,57,1.7967533786579257,0.12488701763269239,1.6876021743866436,1.9854238775041368,0.19708989318955444,0.02351158906974715,0.16890166696836628,0.23253908300787754,0.7932516125331615,0.006635258894753179,0.7837765303750833,0.7990601241588593,0.06747943387864999,0.0013497262726136943,0.06585221465017337,0.06935592881403864,1.0515478534791411,0.11578040596326179,0.9176821764259856,1.2301622823232832,0.09130296753430509,0.014704531877401405,0.0756369385763389,0.11489242147024485,1.0470566156509045,0.11484491717797105,0.9142004513547332,1.2241390969171677,5
4.0,terminal_4,Nervous System,Fast Muscle Cell,824.0,0.0,824,824,274.0,0.0,274,274,0.0,0.0,0,0,0.0,0.0,0.0,0.0,0.0,0.0,0.0,0.0,0.0,0.0,0.0,0.0,,,,,0.0,0.0,0.0,0.0,0.0,0.0,0.0,0.0,0.0,0.0,0.0,0.0,5
4.0,terminal_4,Nervous System,Forebrain,824.0,0.0,824,824,47.0,0.0,47,47,44.2,4.147288270665544,38,48,1.8527275884191632,0.06649912043706213,1.7621646578374661,1.924540175691895,0.23196650317298725,0.02055772875164371,0.2085270649362956,0.26201457257471034,0.7625230172945866,0.02518547579275135,0.7213439031651145,0.7887417986279442,0.06858846664250692,0.001728625452960492,0.06594132997193619,0.07047933861169786,1.3356103284780372,0.1030541019594537,1.2274862360775496,1.490073079482465,0.07421885879580423,0.010648889222604992,0.062466387894424144,0.09048249386051603,1.3329147099085088,0.10271118015676793,1.2251152499324598,1.486523347595191,5
4.0,terminal_4,Nervous System,Hatching Gland,824.0,0.0,824,824,22.0,0.0,22,22,0.0,0.0,0,0,0.0,0.0,0.0,0.0,0.0,0.0,0.0,0.0,0.0,0.0,0.0,0.0,,,,,0.0,0.0,0.0,0.0,0.0,0.0,0.0,0.0,0.0,0.0,0.0,0.0,5
4.0,terminal_4,Nervous System,"Musculature System, Yolk Syncytial Layer",824.0,0.0,824,824,438.0,0.0,438,438,0.0,0.0,0,0,0.0,0.0,0.0,0.0,0.0,0.0,0.0,0.0,0.0,0.0,0.0,0.0,,,,,0.0,0.0,0.0,0.0,0.0,0.0,0.0,0.0,0.0,0.0,0.0,0.0,5
4.0,terminal_4,Nervous System,Myotome,824.0,0.0,824,824,128.0,0.0,128,128,0.0,0.0,0,0,0.0,0.0,0.0,0.0,0.0,0.0,0.0,0.0,0.0,0.0,0.0,0.0,,,,,0.0,0.0,0.0,0.0,0.0,0.0,0.0,0.0,0.0,0.0,0.0,0.0,5
4.0,terminal_4,Nervous System,Nervous System,824.0,0.0,824,824,824.0,0.0,824,824,2285.4,74.65788638851221,2200,2380,1.7173615847205366,0.017591299714343762,1.6977218266034668,1.7429420332306407,0.7844930245972792,0.0029438746766634856,0.7817104486512995,0.7879679261331093,0.7923213468884077,0.002058769046271458,0.7894082066958601,0.7944915887938828,0.06481022848127145,0.00042098110899133035,0.06418286223126984,0.06513580362148144,4.581384642788002,0.01434852986771716,4.562312730038567,4.594936713390606,0.2241030629868776,0.005443802452611602,0.21855344380282996,0.23244469990086417,4.573369105930528,0.014265936822817099,4.554343143511042,4.586669774923237,5
4.0,terminal_4,Nervous System,Notochord,824.0,0.0,824,824,171.0,0.0,171,171,19.2,5.449770637375485,11,26,1.0969610512420538,0.0848038688172117,0.9868466420607134,1.1950491553261167,0.028494264716458335,0.0030189561535077826,0.02373046179071892,0.03130322380539731,0.6910750867382564,0.006390333672750241,0.681982858614488,0.697926538331168,0.0641419848498031,0.0071837398962125,0.051869298416105186,0.07033705763104889,0.1461545778186148,0.009823154662530274,0.1326400027899595,0.15599322726822323,0.0057528047991637675,0.0007982604600148976,0.004855022460120325,0.006603990284973159,0.14592062024662392,0.009812973667156874,0.13235809263177475,0.15570625953354267,5
4.0,terminal_4,Nervous System,Otic Vesicle,824.0,0.0,824,824,1.0,0.0,1,1,0.0,0.0,0,0,0.0,0.0,0.0,0.0,0.0,0.0,0.0,0.0,0.0,0.0,0.0,0.0,,,,,0.0,0.0,0.0,0.0,0.0,0.0,0.0,0.0,0.0,0.0,0.0,0.0,5
4.0,terminal_4,Nervous System,Pigment Cell,824.0,0.0,824,824,103.0,0.0,103,103,82.6,17.06751299984857,62,100,1.1529294893337703,0.10191515356039824,0.9732379263906337,1.2194672991191187,0.13704386020055415,0.022162207812861018,0.10066008032042857,0.156549701371243,0.7626386700616961,0.0076255137495950705,0.755546941872566,0.7712103523565143,0.06836975549664245,0.0028818721671405034,0.06429417860964613,0.07162193408235908,1.019993682558464,0.1829747958551233,0.7389003760066772,1.2106877969999725,0.012151805960326884,0.003513829748105455,0.00624245375926505,0.015275409129698884,1.0197092799406644,0.18289982313903663,0.7387579529500157,1.2103873887797862,5
4.0,terminal_4,Nervous System,Posterior Erythroid Lineage Cell,824.0,0.0,824,824,5.0,0.0,5,5,0.0,0.0,0,0,0.0,0.0,0.0,0.0,0.0,0.0,0.0,0.0,0.0,0.0,0.0,0.0,,,,,0.0,0.0,0.0,0.0,0.0,0.0,0.0,0.0,0.0,0.0,0.0,0.0,5
4.0,terminal_4,Nervous System,Pronephros,824.0,0.0,824,824,210.0,0.0,210,210,2.8,1.3038404810405297,1,4,2.001386960347493,0.12486088947804486,1.844422161579132,2.1910414695739746,0.00638009252944694,0.006529351403095082,0.0009485027512130984,0.013705325556656938,0.6932835002740224,0.02657656945375239,0.674706757068634,0.7384874820709229,0.06979267535110315,0.0070564003767401105,0.05778931453824043,0.07473503425717354,0.028652696991703606,0.031114176626123907,0.003891773516890611,0.06339525575231279,0.0005052777111761678,0.0002442230999704771,0.0002628944830278603,0.0007926343176683037,0.028638883150206757,0.031108645723634445,0.0038828839279026394,0.0633743527523976,5
4.0,terminal_4,Nervous System,Slow Muscle Cell,824.0,0.0,824,824,41.0,0.0,41,41,0.0,0.0,0,0,0.0,0.0,0.0,0.0,0.0,0.0,0.0,0.0,0.0,0.0,0.0,0.0,,,,,0.0,0.0,0.0,0.0,0.0,0.0,0.0,0.0,0.0,0.0,0.0,0.0,5
4.0,terminal_4,Nervous System,Spinal Cord Anterior Region,824.0,0.0,824,824,64.0,0.0,64,64,152.4,7.436396977031284,142,163,1.7055928314917783,0.03591540331737331,1.6651701154677492,1.759884774684906,0.6263143955424033,0.06960922391245944,0.5417326638488584,0.6900840931904426,0.7800919592432226,0.005737164763410989,0.7718347609043121,0.7874308989091885,0.06866018332902193,0.0011331467844078649,0.0674301846976098,0.07040744869064697,3.616437504377546,0.41669350907911096,3.125354659461064,4.018423058618573,0.24169671283167976,0.0350624498826071,0.20001654168465305,0.2727921488687061,3.606901687028482,0.4149217517072014,3.1175956167433903,4.007382698778444,5
4.0,terminal_4,Nervous System,Spinal Cord Dorsal Region,824.0,0.0,824,824,272.0,0.0,272,272,21.8,3.2710854467592254,18,26,0.7515214250377384,0.03441320621548941,0.6950295533125217,0.7798962859730971,0.01314706958050951,0.002567109385911709,0.009769049348506883,0.016104591350421443,0.7754929787610799,0.00529990139868969,0.7684148458334116,0.7804051015688025,0.06550831446325692,0.004116162147342345,0.06204382965908102,0.072472941958242,0.09080797028658341,0.01970137607719056,0.0638779698004962,0.11304875199975968,0.00023883986945432692,5.740585702753441e-05,0.00017674361408829238,0.00030846766739717267,0.09080762229529785,0.019701292613315997,0.06387769831523495,0.11304829424177691,5
4.0,terminal_4,Nervous System,Spinal Cord Ventral Region,824.0,0.0,824,824,232.0,0.0,232,232,61.2,3.898717737923586,57,67,1.9501261840040922,0.06031103665069538,1.8662539337998005,2.024664007780845,0.0861696422859759,0.01665657723953372,0.07276834349173988,0.10580869161264693,0.7737112963088262,0.009366911877016841,0.7651362210985214,0.7890945913498861,0.06799216352334184,0.0007989518438511551,0.06671343060305059,0.0687565575840313,0.4853545723208481,0.09691458261598153,0.4056949328187289,0.5982593075176555,0.033585392533799344,0.010154342624545521,0.02410292710245032,0.047801393596449464,0.48399498778320266,0.09642877751073303,0.404695283365965,0.59610479685916,5
4.0,terminal_4,Nervous System,Yolk Syncytial Layer,824.0,0.0,824,824,27.0,0.0,27,27,0.0,0.0,0,0,0.0,0.0,0.0,0.0,0.0,0.0,0.0,0.0,0.0,0.0,0.0,0.0,,,,,0.0,0.0,0.0,0.0,0.0,0.0,0.0,0.0,0.0,0.0,0.0,0.0,5
4.0,terminal_4,Notochord,Anterior Erythroid Lineage Cell,171.0,0.0,171,171,23.0,0.0,23,23,4.8,2.2803508501982757,2,8,1.2855981041987739,0.18913542037460165,1.070998564362526,1.5427516847848892,0.11113487464116296,0.02978019844706872,0.06707616020803867,0.14599723530852277,0.7144083127379417,0.02335509421903292,0.6905747354030609,0.7487049698829651,0.07074969202900926,0.0037993451292522304,0.06398175843060017,0.07294124861558278,0.5400139065788243,0.15137246310937738,0.30117485529947824,0.6645247317761759,0.019500511760588944,0.011118928348972414,0.0037297700697657486,0.034295499106481935,0.5394856962545623,0.15104715060999663,0.3011517595497133,0.6635703766171342,5
4.0,terminal_4,Notochord,Epidermis,171.0,0.0,171,171,47.0,0.0,47,47,0.0,0.0,0,0,0.0,0.0,0.0,0.0,0.0,0.0,0.0,0.0,0.0,0.0,0.0,0.0,,,,,0.0,0.0,0.0,0.0,0.0,0.0,0.0,0.0,0.0,0.0,0.0,0.0,5
4.0,terminal_4,Notochord,Eye,171.0,0.0,171,171,71.0,0.0,71,71,0.0,0.0,0,0,0.0,0.0,0.0,0.0,0.0,0.0,0.0,0.0,0.0,0.0,0.0,0.0,,,,,0.0,0.0,0.0,0.0,0.0,0.0,0.0,0.0,0.0,0.0,0.0,0.0,5
4.0,terminal_4,Notochord,Fast Muscle Cell,171.0,0.0,171,171,274.0,0.0,274,274,83.8,10.894952959971878,73,98,3.8868169544676805,0.08902739798158235,3.8015930639372932,4.012584771195503,0.22624393932057768,0.008091880960288697,0.21780118479209365,0.23660114832896337,0.7771506701089187,0.007682825980159005,0.7664967219034831,0.788150691986084,0.06786043372956356,0.0014887039002800665,0.06629057448091251,0.07005660693888387,1.1965404704870524,0.04950572164525202,1.1318420730717131,1.259503429691628,0.0026364966500189097,0.00029076637503764946,0.0023211795082035388,0.0030140782283089606,1.196534471304881,0.04950564360148944,1.1318371353392531,1.259496950491682,5
4.0,terminal_4,Notochord,Forebrain,171.0,0.0,171,171,47.0,0.0,47,47,0.0,0.0,0,0,0.0,0.0,0.0,0.0,0.0,0.0,0.0,0.0,0.0,0.0,0.0,0.0,,,,,0.0,0.0,0.0,0.0,0.0,0.0,0.0,0.0,0.0,0.0,0.0,0.0,5
4.0,terminal_4,Notochord,Hatching Gland,171.0,0.0,171,171,22.0,0.0,22,22,0.0,0.0,0,0,0.0,0.0,0.0,0.0,0.0,0.0,0.0,0.0,0.0,0.0,0.0,0.0,,,,,0.0,0.0,0.0,0.0,0.0,0.0,0.0,0.0,0.0,0.0,0.0,0.0,5
4.0,terminal_4,Notochord,"Musculature System, Yolk Syncytial Layer",171.0,0.0,171,171,438.0,0.0,438,438,4.6,1.51657508881031,3,7,3.637751992997669,0.3427800556020586,3.276296555995941,4.142341661453247,0.009099990589306984,0.0027267554932352664,0.006494310525747889,0.012272258698420602,0.7772704963740849,0.02664132534593983,0.747946730681828,0.8168624490499496,0.07651904310144128,0.011709472976197496,0.05807104210058848,0.08900440484285355,0.03843882902046901,0.0097653402738137,0.028467498962613507,0.05228338150549333,0.000321110315268425,0.0001055313942489854,0.00021351565190097543,0.0004428146331570859,0.03843637140756684,0.009765077516821014,0.0284657553800236,0.052280042462647225,5
4.0,terminal_4,Notochord,Myotome,171.0,0.0,171,171,128.0,0.0,128,128,0.0,0.0,0,0,0.0,0.0,0.0,0.0,0.0,0.0,0.0,0.0,0.0,0.0,0.0,0.0,,,,,0.0,0.0,0.0,0.0,0.0,0.0,0.0,0.0,0.0,0.0,0.0,0.0,5
4.0,terminal_4,Notochord,Nervous System,171.0,0.0,171,171,824.0,0.0,824,824,24.0,4.301162633521313,18,30,1.4043847456224587,0.03485104763279151,1.3754634050031502,1.4554981569449106,0.00890220077035061,0.0009933875078654176,0.008035975242812854,0.010474163339190571,0.7648653482077779,0.009028048239626782,0.7516473035017649,0.7736833190917969,0.06790565469664869,0.00221967125607086,0.06450964127563769,0.07020368163163464,0.0336243480936536,0.004825546594002677,0.029308896649588835,0.04119391649285517,0.0019017040750119812,0.00032622421367660924,0.0016386321677604302,0.0023165185938419245,0.03354380130821182,0.004814945308330845,0.029244457078910983,0.041099792012449295,5
4.0,terminal_4,Notochord,Notochord,171.0,0.0,171,171,171.0,0.0,171,171,130.8,8.526429498916885,122,140,1.7257058244619174,0.08339728263855903,1.6007993663732822,1.826095115847704,0.29852904941258906,0.03886991803432644,0.2663151026554057,0.34869548443915993,0.7754919874004059,0.00663036932973448,0.7692262090169466,0.7855274192686004,0.05712374137935078,0.0011237472042037251,0.05574203477945269,0.05810509484743686,2.083562987238719,0.27194973853588034,1.7842019895660517,2.4539446850226074,0.025186653657625995,0.006060071505200007,0.01896795806961392,0.03181989572364552,2.082976091980208,0.2717726860397804,1.78377381162519,2.4530998310906886,5
4.0,terminal_4,Notochord,Otic Vesicle,171.0,0.0,171,171,1.0,0.0,1,1,0.0,0.0,0,0,0.0,0.0,0.0,0.0,0.0,0.0,0.0,0.0,0.0,0.0,0.0,0.0,,,,,0.0,0.0,0.0,0.0,0.0,0.0,0.0,0.0,0.0,0.0,0.0,0.0,5
4.0,terminal_4,Notochord,Pigment Cell,171.0,0.0,171,171,103.0,0.0,103,103,0.0,0.0,0,0,0.0,0.0,0.0,0.0,0.0,0.0,0.0,0.0,0.0,0.0,0.0,0.0,,,,,0.0,0.0,0.0,0.0,0.0,0.0,0.0,0.0,0.0,0.0,0.0,0.0,5
4.0,terminal_4,Notochord,Posterior Erythroid Lineage Cell,171.0,0.0,171,171,5.0,0.0,5,5,0.0,0.0,0,0,0.0,0.0,0.0,0.0,0.0,0.0,0.0,0.0,0.0,0.0,0.0,0.0,,,,,0.0,0.0,0.0,0.0,0.0,0.0,0.0,0.0,0.0,0.0,0.0,0.0,5
4.0,terminal_4,Notochord,Pronephros,171.0,0.0,171,171,210.0,0.0,210,210,16.8,3.5637059362410923,13,21,2.5052749613795307,0.1035277103612849,2.346388246331896,2.6102240809372494,0.039574068923716635,0.01306685462057748,0.022461643455414564,0.05324075964851068,0.7899363443817629,0.015476895175777057,0.7674203231221154,0.8054503835737705,0.06892736171786724,0.003245704064815715,0.06356089974620513,0.07199186887592077,0.13394874610504054,0.04324380360121532,0.07766053735287679,0.18604579387924608,0.0020784990185558835,0.001498078427034553,0.0011062989696965166,0.0047202697666353845,0.13390154882952301,0.04326331043282451,0.07764962988303452,0.1860369416102263,5
4.0,terminal_4,Notochord,Slow Muscle Cell,171.0,0.0,171,171,41.0,0.0,41,41,0.0,0.0,0,0,0.0,0.0,0.0,0.0,0.0,0.0,0.0,0.0,0.0,0.0,0.0,0.0,,,,,0.0,0.0,0.0,0.0,0.0,0.0,0.0,0.0,0.0,0.0,0.0,0.0,5
4.0,terminal_4,Notochord,Spinal Cord Anterior Region,171.0,0.0,171,171,64.0,0.0,64,64,0.0,0.0,0,0,0.0,0.0,0.0,0.0,0.0,0.0,0.0,0.0,0.0,0.0,0.0,0.0,,,,,0.0,0.0,0.0,0.0,0.0,0.0,0.0,0.0,0.0,0.0,0.0,0.0,5
4.0,terminal_4,Notochord,Spinal Cord Dorsal Region,171.0,0.0,171,171,272.0,0.0,272,272,3.6,1.140175425099138,2,5,0.7601770948370298,0.0783405946094357,0.6827917769551277,0.8617602288722992,0.0034006890406845965,0.00212745963880118,0.0009541926739834221,0.005285168166604237,0.719621615409851,0.01662551654611031,0.6913059055805206,0.7326542437076569,0.05802004446585973,0.01211042948189165,0.04265795461833477,0.07642138004302979,0.013267380241903359,0.00621095394848224,0.0060336268233774,0.02061188811197459,4.3388813510276353e-05,2.343531248731761e-05,1.7956418398195578e-05,7.325272029926904e-05,0.013267274034925485,0.006210890595749584,0.006033559405703122,0.020611681029428824,5
4.0,terminal_4,Notochord,Spinal Cord Ventral Region,171.0,0.0,171,171,232.0,0.0,232,232,49.2,1.6431676725154978,47,51,2.2041537898465724,0.06130312011613471,2.096823326512879,2.2449989032745363,0.05944929259310204,0.006039259809051541,0.04916630616209964,0.06444929574247896,0.8509741177306381,0.009832541369373187,0.8412339246273041,0.8672665801702761,0.0717372681115885,0.001075362480734342,0.07003649847304567,0.07299621433019637,0.2703737608106075,0.02941505478978903,0.22095546274563818,0.294625776933916,0.0039756270094370725,0.00041934577803782254,0.0032719848390254814,0.004375283797098478,0.27028807287512724,0.029409316825976934,0.22088413738224413,0.29453961789731625,5
4.0,terminal_4,Notochord,Yolk Syncytial Layer,171.0,0.0,171,171,27.0,0.0,27,27,0.0,0.0,0,0,0.0,0.0,0.0,0.0,0.0,0.0,0.0,0.0,0.0,0.0,0.0,0.0,,,,,0.0,0.0,0.0,0.0,0.0,0.0,0.0,0.0,0.0,0.0,0.0,0.0,5
4.0,terminal_4,Otic Vesicle,Anterior Erythroid Lineage Cell,1.0,0.0,1,1,23.0,0.0,23,23,0.0,0.0,0,0,0.0,0.0,0.0,0.0,0.0,0.0,0.0,0.0,0.0,0.0,0.0,0.0,,,,,0.0,0.0,0.0,0.0,0.0,0.0,0.0,0.0,0.0,0.0,0.0,0.0,5
4.0,terminal_4,Otic Vesicle,Epidermis,1.0,0.0,1,1,47.0,0.0,47,47,0.0,0.0,0,0,0.0,0.0,0.0,0.0,0.0,0.0,0.0,0.0,0.0,0.0,0.0,0.0,,,,,0.0,0.0,0.0,0.0,0.0,0.0,0.0,0.0,0.0,0.0,0.0,0.0,5
4.0,terminal_4,Otic Vesicle,Eye,1.0,0.0,1,1,71.0,0.0,71,71,0.0,0.0,0,0,0.0,0.0,0.0,0.0,0.0,0.0,0.0,0.0,0.0,0.0,0.0,0.0,,,,,0.0,0.0,0.0,0.0,0.0,0.0,0.0,0.0,0.0,0.0,0.0,0.0,5
4.0,terminal_4,Otic Vesicle,Fast Muscle Cell,1.0,0.0,1,1,274.0,0.0,274,274,0.0,0.0,0,0,0.0,0.0,0.0,0.0,0.0,0.0,0.0,0.0,0.0,0.0,0.0,0.0,,,,,0.0,0.0,0.0,0.0,0.0,0.0,0.0,0.0,0.0,0.0,0.0,0.0,5
4.0,terminal_4,Otic Vesicle,Forebrain,1.0,0.0,1,1,47.0,0.0,47,47,1.4,1.1401754250991378,0,3,0.39044913053512575,0.21830321655029364,0.0,0.49185049533843994,0.003387482173054069,0.0026481196762456125,0.0,0.006738751905650948,0.5808153072992961,0.32833981090433095,0.0,0.7918267846107483,0.06413852718348305,0.016214602626860142,0.045221490785479546,0.07765069603919983,0.015281008184967701,0.012885364218271106,0.0,0.0341901778412647,6.809413948231775e-05,6.394066268413299e-05,0.0,0.00016665701650886205,0.015280850881398791,0.012885208677959871,0.0,0.034189763912510655,5
4.0,terminal_4,Otic Vesicle,Hatching Gland,1.0,0.0,1,1,22.0,0.0,22,22,0.0,0.0,0,0,0.0,0.0,0.0,0.0,0.0,0.0,0.0,0.0,0.0,0.0,0.0,0.0,,,,,0.0,0.0,0.0,0.0,0.0,0.0,0.0,0.0,0.0,0.0,0.0,0.0,5
4.0,terminal_4,Otic Vesicle,"Musculature System, Yolk Syncytial Layer",1.0,0.0,1,1,438.0,0.0,438,438,0.0,0.0,0,0,0.0,0.0,0.0,0.0,0.0,0.0,0.0,0.0,0.0,0.0,0.0,0.0,,,,,0.0,0.0,0.0,0.0,0.0,0.0,0.0,0.0,0.0,0.0,0.0,0.0,5
4.0,terminal_4,Otic Vesicle,Myotome,1.0,0.0,1,1,128.0,0.0,128,128,0.0,0.0,0,0,0.0,0.0,0.0,0.0,0.0,0.0,0.0,0.0,0.0,0.0,0.0,0.0,,,,,0.0,0.0,0.0,0.0,0.0,0.0,0.0,0.0,0.0,0.0,0.0,0.0,5
4.0,terminal_4,Otic Vesicle,Nervous System,1.0,0.0,1,1,824.0,0.0,824,824,0.0,0.0,0,0,0.0,0.0,0.0,0.0,0.0,0.0,0.0,0.0,0.0,0.0,0.0,0.0,,,,,0.0,0.0,0.0,0.0,0.0,0.0,0.0,0.0,0.0,0.0,0.0,0.0,5
4.0,terminal_4,Otic Vesicle,Notochord,1.0,0.0,1,1,171.0,0.0,171,171,0.0,0.0,0,0,0.0,0.0,0.0,0.0,0.0,0.0,0.0,0.0,0.0,0.0,0.0,0.0,,,,,0.0,0.0,0.0,0.0,0.0,0.0,0.0,0.0,0.0,0.0,0.0,0.0,5
4.0,terminal_4,Otic Vesicle,Otic Vesicle,1.0,0.0,1,1,1.0,0.0,1,1,0.0,0.0,0,0,0.0,0.0,0.0,0.0,0.0,0.0,0.0,0.0,0.0,0.0,0.0,0.0,,,,,0.0,0.0,0.0,0.0,0.0,0.0,0.0,0.0,0.0,0.0,0.0,0.0,5
4.0,terminal_4,Otic Vesicle,Pigment Cell,1.0,0.0,1,1,103.0,0.0,103,103,1.4,1.140175425099138,0,3,0.385641806324323,0.22904450983926627,0.0,0.5786887208620707,0.0010627302445946223,0.0006761493170754958,0.0,0.0016190277906541236,0.7008668661117554,0.3931874954105928,0.0,0.9224358797073364,0.053468019856760904,0.009297073257583647,0.04425547830760479,0.06392773861686389,0.0064071497658294025,0.0041384811244924114,0.0,0.011513089400192985,5.229172252970244e-05,3.362270221587302e-05,0.0,7.597820031604528e-05,0.006406915515211967,0.004138373737365236,0.0,0.011512834091308202,5
4.0,terminal_4,Otic Vesicle,Posterior Erythroid Lineage Cell,1.0,0.0,1,1,5.0,0.0,5,5,0.0,0.0,0,0,0.0,0.0,0.0,0.0,0.0,0.0,0.0,0.0,0.0,0.0,0.0,0.0,,,,,0.0,0.0,0.0,0.0,0.0,0.0,0.0,0.0,0.0,0.0,0.0,0.0,5
4.0,terminal_4,Otic Vesicle,Pronephros,1.0,0.0,1,1,210.0,0.0,210,210,0.0,0.0,0,0,0.0,0.0,0.0,0.0,0.0,0.0,0.0,0.0,0.0,0.0,0.0,0.0,,,,,0.0,0.0,0.0,0.0,0.0,0.0,0.0,0.0,0.0,0.0,0.0,0.0,5
4.0,terminal_4,Otic Vesicle,Slow Muscle Cell,1.0,0.0,1,1,41.0,0.0,41,41,0.0,0.0,0,0,0.0,0.0,0.0,0.0,0.0,0.0,0.0,0.0,0.0,0.0,0.0,0.0,,,,,0.0,0.0,0.0,0.0,0.0,0.0,0.0,0.0,0.0,0.0,0.0,0.0,5
4.0,terminal_4,Otic Vesicle,Spinal Cord Anterior Region,1.0,0.0,1,1,64.0,0.0,64,64,0.0,0.0,0,0,0.0,0.0,0.0,0.0,0.0,0.0,0.0,0.0,0.0,0.0,0.0,0.0,,,,,0.0,0.0,0.0,0.0,0.0,0.0,0.0,0.0,0.0,0.0,0.0,0.0,5
4.0,terminal_4,Otic Vesicle,Spinal Cord Dorsal Region,1.0,0.0,1,1,272.0,0.0,272,272,0.0,0.0,0,0,0.0,0.0,0.0,0.0,0.0,0.0,0.0,0.0,0.0,0.0,0.0,0.0,,,,,0.0,0.0,0.0,0.0,0.0,0.0,0.0,0.0,0.0,0.0,0.0,0.0,5
4.0,terminal_4,Otic Vesicle,Spinal Cord Ventral Region,1.0,0.0,1,1,232.0,0.0,232,232,0.0,0.0,0,0,0.0,0.0,0.0,0.0,0.0,0.0,0.0,0.0,0.0,0.0,0.0,0.0,,,,,0.0,0.0,0.0,0.0,0.0,0.0,0.0,0.0,0.0,0.0,0.0,0.0,5
4.0,terminal_4,Otic Vesicle,Yolk Syncytial Layer,1.0,0.0,1,1,27.0,0.0,27,27,0.0,0.0,0,0,0.0,0.0,0.0,0.0,0.0,0.0,0.0,0.0,0.0,0.0,0.0,0.0,,,,,0.0,0.0,0.0,0.0,0.0,0.0,0.0,0.0,0.0,0.0,0.0,0.0,5
4.0,terminal_4,Pigment Cell,Anterior Erythroid Lineage Cell,103.0,0.0,103,103,23.0,0.0,23,23,3.2,1.3038404810405297,1,4,1.45613081852595,0.2931638325647833,1.1535761952400208,1.7951746881008148,0.05423656132201077,0.011477721862390428,0.03902553437174055,0.06884491963339108,0.6672232309977214,0.02308777865407757,0.6437088449796041,0.705354705452919,0.069085177530845,0.013213767100909069,0.0538489930331707,0.09027206152677536,0.2758506759863597,0.09917352067659618,0.15906635952111678,0.4008135397181955,0.0016829161852524456,0.0006678236486601203,0.0006669291124030676,0.002360604151489863,0.27583944956159223,0.09917507678722079,0.15904884243320086,0.4007996536073691,5
4.0,terminal_4,Pigment Cell,Epidermis,103.0,0.0,103,103,47.0,0.0,47,47,0.0,0.0,0,0,0.0,0.0,0.0,0.0,0.0,0.0,0.0,0.0,0.0,0.0,0.0,0.0,,,,,0.0,0.0,0.0,0.0,0.0,0.0,0.0,0.0,0.0,0.0,0.0,0.0,5
4.0,terminal_4,Pigment Cell,Eye,103.0,0.0,103,103,71.0,0.0,71,71,22.8,5.540758070878027,16,29,2.0314806344586445,0.12360735101562216,1.842283956706524,2.1436179670794258,0.07122777099352075,0.015328544779544869,0.04705719179078792,0.08552108044736144,0.8368396018964219,0.00848743229763014,0.8285750952260248,0.8507530235108876,0.07263884183587521,0.0030451135003972556,0.06797642854508013,0.07585914002667213,0.36501648733249636,0.08935729617489625,0.22260405289222931,0.45121242693048463,0.0266150223882916,0.006980161967397218,0.016322239648788345,0.034370207645800704,0.36393939402725806,0.08907477682153156,0.22193301025056894,0.4499485072916293,5
4.0,terminal_4,Pigment Cell,Fast Muscle Cell,103.0,0.0,103,103,274.0,0.0,274,274,0.0,0.0,0,0,0.0,0.0,0.0,0.0,0.0,0.0,0.0,0.0,0.0,0.0,0.0,0.0,,,,,0.0,0.0,0.0,0.0,0.0,0.0,0.0,0.0,0.0,0.0,0.0,0.0,5
4.0,terminal_4,Pigment Cell,Forebrain,103.0,0.0,103,103,47.0,0.0,47,47,61.0,5.1478150704935,55,68,0.8932020030777613,0.07354197446441935,0.7835734502835707,0.9662862723333794,0.15727986224163634,0.012154897408855572,0.14400824055959813,0.16937899811089627,0.7803291425498177,0.004256905897315095,0.7753806027499113,0.7867961450228615,0.06583650298768622,0.001179733253973537,0.0647026562834518,0.06749933217501929,0.9372005261335496,0.07458343413623739,0.8359992125084125,1.0091965855902816,0.020985725246069085,0.0027390903931579277,0.01759823450561639,0.024456349734169908,0.936492454388063,0.07445982307954506,0.8355240566966164,1.0083190399960196,5
4.0,terminal_4,Pigment Cell,Hatching Gland,103.0,0.0,103,103,22.0,0.0,22,22,0.8,0.4472135954999579,0,1,0.6391341328620911,0.3572868419550128,0.0,0.7989177107810974,0.021788663213903253,0.015191418809346761,0.0,0.03631444139914079,0.49111281633377074,0.2745404104859213,0.0,0.613891065120697,0.023690668866038322,0.0,0.023690668866038322,0.023690668866038322,0.17610967948077166,0.12278658987764277,0.0,0.29351619174291915,0.0002446376801359805,0.00017056542956774042,0.0,0.0004077296132324253,0.17610950956500213,0.12278647140957623,0.0,0.29351590854982385,5
4.0,terminal_4,Pigment Cell,"Musculature System, Yolk Syncytial Layer",103.0,0.0,103,103,438.0,0.0,438,438,0.0,0.0,0,0,0.0,0.0,0.0,0.0,0.0,0.0,0.0,0.0,0.0,0.0,0.0,0.0,,,,,0.0,0.0,0.0,0.0,0.0,0.0,0.0,0.0,0.0,0.0,0.0,0.0,5
4.0,terminal_4,Pigment Cell,Myotome,103.0,0.0,103,103,128.0,0.0,128,128,0.0,0.0,0,0,0.0,0.0,0.0,0.0,0.0,0.0,0.0,0.0,0.0,0.0,0.0,0.0,,,,,0.0,0.0,0.0,0.0,0.0,0.0,0.0,0.0,0.0,0.0,0.0,0.0,5
4.0,terminal_4,Pigment Cell,Nervous System,103.0,0.0,103,103,824.0,0.0,824,824,93.4,14.825653442597396,76,108,1.2684918801073535,0.04040487637330378,1.2143549479936298,1.308436910311381,0.030389463576769006,0.0036077256725585635,0.025358035846506338,0.034419715072145175,0.7643117395239047,0.005382574686490998,0.758199586891211,0.7709896721337971,0.06821640485090237,0.0022051883364517097,0.06636061330325901,0.07104252754269462,0.16104239323207417,0.023982305298932537,0.12121394828327986,0.18337927258833786,0.007167309816990648,0.0010849838704277256,0.006138942281105989,0.008618047444510672,0.1607031894813278,0.023962954084181785,0.1208767335321605,0.18299883467721229,5
4.0,terminal_4,Pigment Cell,Notochord,103.0,0.0,103,103,171.0,0.0,171,171,0.0,0.0,0,0,0.0,0.0,0.0,0.0,0.0,0.0,0.0,0.0,0.0,0.0,0.0,0.0,,,,,0.0,0.0,0.0,0.0,0.0,0.0,0.0,0.0,0.0,0.0,0.0,0.0,5
4.0,terminal_4,Pigment Cell,Otic Vesicle,103.0,0.0,103,103,1.0,0.0,1,1,0.0,0.0,0,0,0.0,0.0,0.0,0.0,0.0,0.0,0.0,0.0,0.0,0.0,0.0,0.0,,,,,0.0,0.0,0.0,0.0,0.0,0.0,0.0,0.0,0.0,0.0,0.0,0.0,5
4.0,terminal_4,Pigment Cell,Pigment Cell,103.0,0.0,103,103,103.0,0.0,103,103,448.4,17.854971296532522,433,479,1.2317855878192916,0.020254695382267665,1.2039536733180285,1.2538456971813368,0.7783260593070471,0.02847664347496469,0.749798017575758,0.8201558853458385,0.7980401840592379,0.0015912729205216436,0.7954123183981651,0.7994195004170906,0.0621858614611203,0.0006596554903161699,0.061411690911144776,0.06299701846850107,7.395559882210023,0.2559481068282124,7.089042588308338,7.78941610017795,0.010723343246570061,0.0003508356522066014,0.01018320107864683,0.01105833180195423,7.39554273981035,0.2559478612110243,7.089022813689793,7.789397337526905,5
4.0,terminal_4,Pigment Cell,Posterior Erythroid Lineage Cell,103.0,0.0,103,103,5.0,0.0,5,5,0.0,0.0,0,0,0.0,0.0,0.0,0.0,0.0,0.0,0.0,0.0,0.0,0.0,0.0,0.0,,,,,0.0,0.0,0.0,0.0,0.0,0.0,0.0,0.0,0.0,0.0,0.0,0.0,5
4.0,terminal_4,Pigment Cell,Pronephros,103.0,0.0,103,103,210.0,0.0,210,210,0.0,0.0,0,0,0.0,0.0,0.0,0.0,0.0,0.0,0.0,0.0,0.0,0.0,0.0,0.0,,,,,0.0,0.0,0.0,0.0,0.0,0.0,0.0,0.0,0.0,0.0,0.0,0.0,5
4.0,terminal_4,Pigment Cell,Slow Muscle Cell,103.0,0.0,103,103,41.0,0.0,41,41,0.0,0.0,0,0,0.0,0.0,0.0,0.0,0.0,0.0,0.0,0.0,0.0,0.0,0.0,0.0,,,,,0.0,0.0,0.0,0.0,0.0,0.0,0.0,0.0,0.0,0.0,0.0,0.0,5
4.0,terminal_4,Pigment Cell,Spinal Cord Anterior Region,103.0,0.0,103,103,64.0,0.0,64,64,4.2,1.3038404810405297,3,6,0.7968025222420693,0.04915721789861053,0.7295705874760946,0.8564985990524292,0.0071449239663797775,0.0015584785358682361,0.005004743719776349,0.008745852658754535,0.79231019059817,0.02108773001736264,0.7621659835179647,0.8116660416126251,0.0879328361650308,0.002078739792246072,0.08524349828561147,0.09105716397364934,0.03353938458599527,0.008191797671880887,0.020811820566318712,0.04154432246261611,0.0015042060434652177,0.0007419959947739734,0.0008459797068475622,0.0023771440858592536,0.03348080081728913,0.008166760314501644,0.020777705700892896,0.04145726395689557,5
4.0,terminal_4,Pigment Cell,Spinal Cord Dorsal Region,103.0,0.0,103,103,272.0,0.0,272,272,1.0,0.0,1,1,1.1961891889572143,5.3312015006309955e-08,1.1961891651153564,1.196189284324646,0.000626505461714314,0.00010905386130922619,0.0004886393357095287,0.0007329591421408485,0.6259431838989258,0.0,0.6259431838989258,0.6259431838989258,0.04826150834560394,0.0,0.04826150834560394,0.04826150834560394,0.0042328902133853315,0.0007368063329972739,0.0033014181431288555,0.004952129393769617,6.240148300677643e-06,1.0862047819987405e-06,4.8669667402889435e-06,7.30045904305882e-06,0.004232885613753637,0.000736805532351693,0.003301414555673845,0.004952124012576301,5
4.0,terminal_4,Pigment Cell,Spinal Cord Ventral Region,103.0,0.0,103,103,232.0,0.0,232,232,0.0,0.0,0,0,0.0,0.0,0.0,0.0,0.0,0.0,0.0,0.0,0.0,0.0,0.0,0.0,,,,,0.0,0.0,0.0,0.0,0.0,0.0,0.0,0.0,0.0,0.0,0.0,0.0,5
4.0,terminal_4,Pigment Cell,Yolk Syncytial Layer,103.0,0.0,103,103,27.0,0.0,27,27,0.0,0.0,0,0,0.0,0.0,0.0,0.0,0.0,0.0,0.0,0.0,0.0,0.0,0.0,0.0,,,,,0.0,0.0,0.0,0.0,0.0,0.0,0.0,0.0,0.0,0.0,0.0,0.0,5
4.0,terminal_4,Posterior Erythroid Lineage Cell,Anterior Erythroid Lineage Cell,5.0,0.0,5,5,23.0,0.0,23,23,0.0,0.0,0,0,0.0,0.0,0.0,0.0,0.0,0.0,0.0,0.0,0.0,0.0,0.0,0.0,,,,,0.0,0.0,0.0,0.0,0.0,0.0,0.0,0.0,0.0,0.0,0.0,0.0,5
4.0,terminal_4,Posterior Erythroid Lineage Cell,Epidermis,5.0,0.0,5,5,47.0,0.0,47,47,0.0,0.0,0,0,0.0,0.0,0.0,0.0,0.0,0.0,0.0,0.0,0.0,0.0,0.0,0.0,,,,,0.0,0.0,0.0,0.0,0.0,0.0,0.0,0.0,0.0,0.0,0.0,0.0,5
4.0,terminal_4,Posterior Erythroid Lineage Cell,Eye,5.0,0.0,5,5,71.0,0.0,71,71,0.0,0.0,0,0,0.0,0.0,0.0,0.0,0.0,0.0,0.0,0.0,0.0,0.0,0.0,0.0,,,,,0.0,0.0,0.0,0.0,0.0,0.0,0.0,0.0,0.0,0.0,0.0,0.0,5
4.0,terminal_4,Posterior Erythroid Lineage Cell,Fast Muscle Cell,5.0,0.0,5,5,274.0,0.0,274,274,0.0,0.0,0,0,0.0,0.0,0.0,0.0,0.0,0.0,0.0,0.0,0.0,0.0,0.0,0.0,,,,,0.0,0.0,0.0,0.0,0.0,0.0,0.0,0.0,0.0,0.0,0.0,0.0,5
4.0,terminal_4,Posterior Erythroid Lineage Cell,Forebrain,5.0,0.0,5,5,47.0,0.0,47,47,0.0,0.0,0,0,0.0,0.0,0.0,0.0,0.0,0.0,0.0,0.0,0.0,0.0,0.0,0.0,,,,,0.0,0.0,0.0,0.0,0.0,0.0,0.0,0.0,0.0,0.0,0.0,0.0,5
4.0,terminal_4,Posterior Erythroid Lineage Cell,Hatching Gland,5.0,0.0,5,5,22.0,0.0,22,22,0.0,0.0,0,0,0.0,0.0,0.0,0.0,0.0,0.0,0.0,0.0,0.0,0.0,0.0,0.0,,,,,0.0,0.0,0.0,0.0,0.0,0.0,0.0,0.0,0.0,0.0,0.0,0.0,5
4.0,terminal_4,Posterior Erythroid Lineage Cell,"Musculature System, Yolk Syncytial Layer",5.0,0.0,5,5,438.0,0.0,438,438,5.2,3.271085446759225,2,10,2.584963609377543,0.2055536099817376,2.2784415086110434,2.794008731842041,0.00801584560339754,0.005124642126635991,0.0026288086471632295,0.014428468335501148,0.691739866052355,0.031881563954391914,0.6430718004703522,0.7236537337303162,0.06896944487201316,0.007542915675650193,0.06180623359978199,0.08023238927125931,0.028482318935302557,0.020183391468335518,0.008124468251127665,0.05250927838632906,0.0003904670076229811,0.00026886944431758617,0.00012340657821342753,0.0006996438505350629,0.028479610387791156,0.020181577813859732,0.008123530876808253,0.05250452046677,5
4.0,terminal_4,Posterior Erythroid Lineage Cell,Myotome,5.0,0.0,5,5,128.0,0.0,128,128,0.0,0.0,0,0,0.0,0.0,0.0,0.0,0.0,0.0,0.0,0.0,0.0,0.0,0.0,0.0,,,,,0.0,0.0,0.0,0.0,0.0,0.0,0.0,0.0,0.0,0.0,0.0,0.0,5
4.0,terminal_4,Posterior Erythroid Lineage Cell,Nervous System,5.0,0.0,5,5,824.0,0.0,824,824,0.0,0.0,0,0,0.0,0.0,0.0,0.0,0.0,0.0,0.0,0.0,0.0,0.0,0.0,0.0,,,,,0.0,0.0,0.0,0.0,0.0,0.0,0.0,0.0,0.0,0.0,0.0,0.0,5
4.0,terminal_4,Posterior Erythroid Lineage Cell,Notochord,5.0,0.0,5,5,171.0,0.0,171,171,0.0,0.0,0,0,0.0,0.0,0.0,0.0,0.0,0.0,0.0,0.0,0.0,0.0,0.0,0.0,,,,,0.0,0.0,0.0,0.0,0.0,0.0,0.0,0.0,0.0,0.0,0.0,0.0,5
4.0,terminal_4,Posterior Erythroid Lineage Cell,Otic Vesicle,5.0,0.0,5,5,1.0,0.0,1,1,0.0,0.0,0,0,0.0,0.0,0.0,0.0,0.0,0.0,0.0,0.0,0.0,0.0,0.0,0.0,,,,,0.0,0.0,0.0,0.0,0.0,0.0,0.0,0.0,0.0,0.0,0.0,0.0,5
4.0,terminal_4,Posterior Erythroid Lineage Cell,Pigment Cell,5.0,0.0,5,5,103.0,0.0,103,103,0.0,0.0,0,0,0.0,0.0,0.0,0.0,0.0,0.0,0.0,0.0,0.0,0.0,0.0,0.0,,,,,0.0,0.0,0.0,0.0,0.0,0.0,0.0,0.0,0.0,0.0,0.0,0.0,5
4.0,terminal_4,Posterior Erythroid Lineage Cell,Posterior Erythroid Lineage Cell,5.0,0.0,5,5,5.0,0.0,5,5,0.6,0.5477225575051662,0,1,0.9521643400192261,0.8692031458009206,0.0,1.5869406461715698,0.05289801789367943,0.04948156498099743,0.0,0.10579603677216909,0.4086595416069031,0.37305341546303633,0.0,0.6810992360115051,0.08741047978401184,0.0,0.08741047978401184,0.08741047978401184,0.16343643688140158,0.15288078765143726,0.0,0.3268728724165829,0.0022401427460947837,0.002095461745891987,0.0,0.004480286109962882,0.1634210838936197,0.15286642624525293,0.0,0.3268421664324243,5
4.0,terminal_4,Posterior Erythroid Lineage Cell,Pronephros,5.0,0.0,5,5,210.0,0.0,210,210,0.0,0.0,0,0,0.0,0.0,0.0,0.0,0.0,0.0,0.0,0.0,0.0,0.0,0.0,0.0,,,,,0.0,0.0,0.0,0.0,0.0,0.0,0.0,0.0,0.0,0.0,0.0,0.0,5
4.0,terminal_4,Posterior Erythroid Lineage Cell,Slow Muscle Cell,5.0,0.0,5,5,41.0,0.0,41,41,0.0,0.0,0,0,0.0,0.0,0.0,0.0,0.0,0.0,0.0,0.0,0.0,0.0,0.0,0.0,,,,,0.0,0.0,0.0,0.0,0.0,0.0,0.0,0.0,0.0,0.0,0.0,0.0,5
4.0,terminal_4,Posterior Erythroid Lineage Cell,Spinal Cord Anterior Region,5.0,0.0,5,5,64.0,0.0,64,64,0.0,0.0,0,0,0.0,0.0,0.0,0.0,0.0,0.0,0.0,0.0,0.0,0.0,0.0,0.0,,,,,0.0,0.0,0.0,0.0,0.0,0.0,0.0,0.0,0.0,0.0,0.0,0.0,5
4.0,terminal_4,Posterior Erythroid Lineage Cell,Spinal Cord Dorsal Region,5.0,0.0,5,5,272.0,0.0,272,272,0.0,0.0,0,0,0.0,0.0,0.0,0.0,0.0,0.0,0.0,0.0,0.0,0.0,0.0,0.0,,,,,0.0,0.0,0.0,0.0,0.0,0.0,0.0,0.0,0.0,0.0,0.0,0.0,5
4.0,terminal_4,Posterior Erythroid Lineage Cell,Spinal Cord Ventral Region,5.0,0.0,5,5,232.0,0.0,232,232,0.0,0.0,0,0,0.0,0.0,0.0,0.0,0.0,0.0,0.0,0.0,0.0,0.0,0.0,0.0,,,,,0.0,0.0,0.0,0.0,0.0,0.0,0.0,0.0,0.0,0.0,0.0,0.0,5
4.0,terminal_4,Posterior Erythroid Lineage Cell,Yolk Syncytial Layer,5.0,0.0,5,5,27.0,0.0,27,27,0.0,0.0,0,0,0.0,0.0,0.0,0.0,0.0,0.0,0.0,0.0,0.0,0.0,0.0,0.0,,,,,0.0,0.0,0.0,0.0,0.0,0.0,0.0,0.0,0.0,0.0,0.0,0.0,5
4.0,terminal_4,Pronephros,Anterior Erythroid Lineage Cell,210.0,0.0,210,210,23.0,0.0,23,23,0.0,0.0,0,0,0.0,0.0,0.0,0.0,0.0,0.0,0.0,0.0,0.0,0.0,0.0,0.0,,,,,0.0,0.0,0.0,0.0,0.0,0.0,0.0,0.0,0.0,0.0,0.0,0.0,5
4.0,terminal_4,Pronephros,Epidermis,210.0,0.0,210,210,47.0,0.0,47,47,0.0,0.0,0,0,0.0,0.0,0.0,0.0,0.0,0.0,0.0,0.0,0.0,0.0,0.0,0.0,,,,,0.0,0.0,0.0,0.0,0.0,0.0,0.0,0.0,0.0,0.0,0.0,0.0,5
4.0,terminal_4,Pronephros,Eye,210.0,0.0,210,210,71.0,0.0,71,71,0.0,0.0,0,0,0.0,0.0,0.0,0.0,0.0,0.0,0.0,0.0,0.0,0.0,0.0,0.0,,,,,0.0,0.0,0.0,0.0,0.0,0.0,0.0,0.0,0.0,0.0,0.0,0.0,5
4.0,terminal_4,Pronephros,Fast Muscle Cell,210.0,0.0,210,210,274.0,0.0,274,274,66.2,5.403702434442518,60,72,5.742383854565693,0.16677748402418607,5.5521199116941355,5.94594419002533,0.2788267304629547,0.02792686734071393,0.24141017368150394,0.3169594145276238,0.7893302123444071,0.01596240633601911,0.7673426806926728,0.809120107869633,0.06793603593532008,0.001549131113406774,0.06536475427980934,0.06952527162359386,1.648354796216695,0.17939206041154052,1.4327150168500609,1.8939954175313627,0.012616463032125042,0.000681295388031794,0.011642383944560745,0.013385362195377943,1.6482963480778245,0.17939069632294383,1.432661450037227,1.8939328291557525,5
4.0,terminal_4,Pronephros,Forebrain,210.0,0.0,210,210,47.0,0.0,47,47,0.0,0.0,0,0,0.0,0.0,0.0,0.0,0.0,0.0,0.0,0.0,0.0,0.0,0.0,0.0,,,,,0.0,0.0,0.0,0.0,0.0,0.0,0.0,0.0,0.0,0.0,0.0,0.0,5
4.0,terminal_4,Pronephros,Hatching Gland,210.0,0.0,210,210,22.0,0.0,22,22,0.0,0.0,0,0,0.0,0.0,0.0,0.0,0.0,0.0,0.0,0.0,0.0,0.0,0.0,0.0,,,,,0.0,0.0,0.0,0.0,0.0,0.0,0.0,0.0,0.0,0.0,0.0,0.0,5
4.0,terminal_4,Pronephros,"Musculature System, Yolk Syncytial Layer",210.0,0.0,210,210,438.0,0.0,438,438,47.6,5.504543577809153,40,53,7.9492175363214415,0.1528813863358306,7.72282691185291,8.108317087281424,0.21361116332393806,0.037543538829982015,0.15968463522563256,0.2563308366956685,0.7708939572243061,0.01110184184017529,0.7545612735568352,0.7858280069552935,0.06912535643902765,0.0014212125554025625,0.06794541468843818,0.07149901863117263,1.1553071439543536,0.21989858848169028,0.8537724057093822,1.4272959568415513,0.010378282964289626,0.0017401543992307158,0.008379833868737146,0.012549208429058474,1.155254737304637,0.21989172943469873,0.8537270394708797,1.427234986992923,5
4.0,terminal_4,Pronephros,Myotome,210.0,0.0,210,210,128.0,0.0,128,128,0.0,0.0,0,0,0.0,0.0,0.0,0.0,0.0,0.0,0.0,0.0,0.0,0.0,0.0,0.0,,,,,0.0,0.0,0.0,0.0,0.0,0.0,0.0,0.0,0.0,0.0,0.0,0.0,5
4.0,terminal_4,Pronephros,Nervous System,210.0,0.0,210,210,824.0,0.0,824,824,2.0,1.0,1,3,1.9236007293065387,0.020172490253026813,1.901933193206787,1.9445158243179321,0.0038006670846609408,0.0017144919696851927,0.0023081713509791107,0.005838449574211269,0.7014101922512055,0.04157182370904675,0.6596299409866333,0.7562727630138397,0.07590817660093307,0.008850348797696528,0.06626264750957489,0.0830681324005127,0.01704835893238272,0.008514638324101868,0.009595461047176512,0.027190884482653357,0.0011844724559884898,0.0003086974641216403,0.0008629001466901932,0.0015544782174018665,0.01699238027166234,0.00850031037999505,0.009556582849825662,0.027115360504543315,5
4.0,terminal_4,Pronephros,Notochord,210.0,0.0,210,210,171.0,0.0,171,171,20.2,2.8635642126552705,16,24,2.0067610947858716,0.07670117245301071,1.8932754218578338,2.102490022068932,0.06342480622713474,0.013153043605605977,0.05181637046433506,0.08581080324829096,0.8000514382265862,0.008366149128028548,0.7908341810107231,0.8131063864344642,0.06692814850847104,0.0032033766285251945,0.06372994603589177,0.07194717608702679,0.2633615243611595,0.0671384472162673,0.22021050356083557,0.3773268663519778,0.006066935004758978,0.0014678627408293574,0.004204965055779072,0.0076826205953105225,0.2632203468559599,0.06712891812029176,0.2200098547208248,0.37715531596090596,5
4.0,terminal_4,Pronephros,Otic Vesicle,210.0,0.0,210,210,1.0,0.0,1,1,0.0,0.0,0,0,0.0,0.0,0.0,0.0,0.0,0.0,0.0,0.0,0.0,0.0,0.0,0.0,,,,,0.0,0.0,0.0,0.0,0.0,0.0,0.0,0.0,0.0,0.0,0.0,0.0,5
4.0,terminal_4,Pronephros,Pigment Cell,210.0,0.0,210,210,103.0,0.0,103,103,0.0,0.0,0,0,0.0,0.0,0.0,0.0,0.0,0.0,0.0,0.0,0.0,0.0,0.0,0.0,,,,,0.0,0.0,0.0,0.0,0.0,0.0,0.0,0.0,0.0,0.0,0.0,0.0,5
4.0,terminal_4,Pronephros,Posterior Erythroid Lineage Cell,210.0,0.0,210,210,5.0,0.0,5,5,0.0,0.0,0,0,0.0,0.0,0.0,0.0,0.0,0.0,0.0,0.0,0.0,0.0,0.0,0.0,,,,,0.0,0.0,0.0,0.0,0.0,0.0,0.0,0.0,0.0,0.0,0.0,0.0,5
4.0,terminal_4,Pronephros,Pronephros,210.0,0.0,210,210,210.0,0.0,210,210,455.0,51.112620750652184,410,543,5.756664527428457,0.1281724410464976,5.647693239188776,5.961186119864659,2.067950139838017,0.07839138238809129,2.0023697577047934,2.194261057122655,0.8068019656389677,0.0035278284210846834,0.8017774397280159,0.8103632841320986,0.062130694629703075,0.0006183823723315254,0.06120993829721906,0.06291535742165084,9.170628098702093,0.39698243754554136,8.870063614256509,9.826100350990739,0.0496714454463831,0.003883773932041993,0.046612909773801,0.05625802765514993,9.170429068230543,0.3969548359023104,8.869879289916668,9.825853998724613,5
4.0,terminal_4,Pronephros,Slow Muscle Cell,210.0,0.0,210,210,41.0,0.0,41,41,0.0,0.0,0,0,0.0,0.0,0.0,0.0,0.0,0.0,0.0,0.0,0.0,0.0,0.0,0.0,,,,,0.0,0.0,0.0,0.0,0.0,0.0,0.0,0.0,0.0,0.0,0.0,0.0,5
4.0,terminal_4,Pronephros,Spinal Cord Anterior Region,210.0,0.0,210,210,64.0,0.0,64,64,0.0,0.0,0,0,0.0,0.0,0.0,0.0,0.0,0.0,0.0,0.0,0.0,0.0,0.0,0.0,,,,,0.0,0.0,0.0,0.0,0.0,0.0,0.0,0.0,0.0,0.0,0.0,0.0,5
4.0,terminal_4,Pronephros,Spinal Cord Dorsal Region,210.0,0.0,210,210,272.0,0.0,272,272,0.0,0.0,0,0,0.0,0.0,0.0,0.0,0.0,0.0,0.0,0.0,0.0,0.0,0.0,0.0,,,,,0.0,0.0,0.0,0.0,0.0,0.0,0.0,0.0,0.0,0.0,0.0,0.0,5
4.0,terminal_4,Pronephros,Spinal Cord Ventral Region,210.0,0.0,210,210,232.0,0.0,232,232,0.0,0.0,0,0,0.0,0.0,0.0,0.0,0.0,0.0,0.0,0.0,0.0,0.0,0.0,0.0,,,,,0.0,0.0,0.0,0.0,0.0,0.0,0.0,0.0,0.0,0.0,0.0,0.0,5
4.0,terminal_4,Pronephros,Yolk Syncytial Layer,210.0,0.0,210,210,27.0,0.0,27,27,0.6,0.5477225575051661,0,1,5.5121664047241214,5.031896467649253,0.0,9.186944007873535,0.04990438625682124,0.04917733134044338,0.0,0.11341905506529631,0.3912505030632019,0.35716121027159964,0.0,0.6520841717720032,0.07913163304328918,0.0,0.07913163304328918,0.07913163304328918,0.40183068003080297,0.3959764354473531,0.0,0.913251550856221,0.002930118170909255,0.002887429422177536,0.0,0.0066593592969975465,0.4018199967915012,0.3959659078518298,0.0,0.9132272707683703,5
4.0,terminal_4,Slow Muscle Cell,Anterior Erythroid Lineage Cell,41.0,0.0,41,41,23.0,0.0,23,23,0.0,0.0,0,0,0.0,0.0,0.0,0.0,0.0,0.0,0.0,0.0,0.0,0.0,0.0,0.0,,,,,0.0,0.0,0.0,0.0,0.0,0.0,0.0,0.0,0.0,0.0,0.0,0.0,5
4.0,terminal_4,Slow Muscle Cell,Epidermis,41.0,0.0,41,41,47.0,0.0,47,47,7.2,0.8366600265340756,6,8,1.2080126089709147,0.1235818644906674,1.1009496599435806,1.4130381792783737,0.03193834875343536,0.005324793018633865,0.025173848623473438,0.03965587096348893,0.6913221972329275,0.011031922595765097,0.6784727573394775,0.7048829879079547,0.07420807879063344,0.007009614687422706,0.06321889255195856,0.08139503747224808,0.09455695733116114,0.011878118175189262,0.0785699281286837,0.1108058939454838,0.0023814599570316478,0.0005056551952557818,0.0016648216266714935,0.0030077513849771473,0.09451851697661263,0.011876236670514477,0.07852907524855594,0.11075809468107196,5
4.0,terminal_4,Slow Muscle Cell,Eye,41.0,0.0,41,41,71.0,0.0,71,71,0.0,0.0,0,0,0.0,0.0,0.0,0.0,0.0,0.0,0.0,0.0,0.0,0.0,0.0,0.0,,,,,0.0,0.0,0.0,0.0,0.0,0.0,0.0,0.0,0.0,0.0,0.0,0.0,5
4.0,terminal_4,Slow Muscle Cell,Fast Muscle Cell,41.0,0.0,41,41,274.0,0.0,274,274,11.2,2.4899799195977463,9,15,4.816367120501971,0.09226968076025117,4.736256811353895,4.935139338175456,0.06074186277601645,0.009195901280426001,0.04695253149922849,0.06747212758472682,0.6693198277613129,0.018173594581300103,0.6393264863226149,0.6813056906064351,0.08049017722633753,0.005835495621081109,0.0732639916241169,0.08845500068532096,0.31738554029408056,0.04529082780297157,0.24900105925416513,0.3551298824978198,0.004389291303789327,0.0006833497440276032,0.003319626237655575,0.005093590434461235,0.3173539941804663,0.045286741633431146,0.24897693711803626,0.35509900002457034,5
4.0,terminal_4,Slow Muscle Cell,Forebrain,41.0,0.0,41,41,47.0,0.0,47,47,0.0,0.0,0,0,0.0,0.0,0.0,0.0,0.0,0.0,0.0,0.0,0.0,0.0,0.0,0.0,,,,,0.0,0.0,0.0,0.0,0.0,0.0,0.0,0.0,0.0,0.0,0.0,0.0,5
4.0,terminal_4,Slow Muscle Cell,Hatching Gland,41.0,0.0,41,41,22.0,0.0,22,22,0.0,0.0,0,0,0.0,0.0,0.0,0.0,0.0,0.0,0.0,0.0,0.0,0.0,0.0,0.0,,,,,0.0,0.0,0.0,0.0,0.0,0.0,0.0,0.0,0.0,0.0,0.0,0.0,5
4.0,terminal_4,Slow Muscle Cell,"Musculature System, Yolk Syncytial Layer",41.0,0.0,41,41,438.0,0.0,438,438,1.8,0.8366600265340756,1,3,5.054701368014017,0.5464186124591036,4.528779625892639,5.680034637451172,0.006177328427438714,0.0030027124440030997,0.0022072054264329053,0.009754901631512533,0.7878370801607768,0.10495110912324113,0.7039539813995361,0.9628748297691345,0.07013562222321829,0.010237301136082996,0.05535626783967018,0.08342788368463516,0.02943255537026554,0.013118361489613267,0.009604335097406195,0.04313551100921024,0.0004652861411390529,0.0001928418790133283,0.00018055538332745915,0.0006789273627185973,0.029428854092913702,0.013116957118984507,0.009602637784318429,0.04313011579423738,5
4.0,terminal_4,Slow Muscle Cell,Myotome,41.0,0.0,41,41,128.0,0.0,128,128,4.0,1.224744871391589,3,6,2.089975368976593,0.24353278162456138,1.89735746383667,2.512214422225952,0.01683427422277526,0.006716911314614339,0.005746236251802761,0.022424076767555784,0.6682136078675588,0.030488330729800655,0.6272609631220499,0.697511225938797,0.07254470201830068,0.002359506861349419,0.07023522754510243,0.07620442286133766,0.05337542239894161,0.02002782804108139,0.020024817266522655,0.06904063846938842,0.000757596688055245,0.0003747065860049244,0.00016338031482705646,0.00110371838722598,0.053369048342463185,0.0200242654037545,0.020024064314786892,0.06903136989551185,5
4.0,terminal_4,Slow Muscle Cell,Nervous System,41.0,0.0,41,41,824.0,0.0,824,824,0.0,0.0,0,0,0.0,0.0,0.0,0.0,0.0,0.0,0.0,0.0,0.0,0.0,0.0,0.0,,,,,0.0,0.0,0.0,0.0,0.0,0.0,0.0,0.0,0.0,0.0,0.0,0.0,5
4.0,terminal_4,Slow Muscle Cell,Notochord,41.0,0.0,41,41,171.0,0.0,171,171,0.0,0.0,0,0,0.0,0.0,0.0,0.0,0.0,0.0,0.0,0.0,0.0,0.0,0.0,0.0,,,,,0.0,0.0,0.0,0.0,0.0,0.0,0.0,0.0,0.0,0.0,0.0,0.0,5
4.0,terminal_4,Slow Muscle Cell,Otic Vesicle,41.0,0.0,41,41,1.0,0.0,1,1,0.0,0.0,0,0,0.0,0.0,0.0,0.0,0.0,0.0,0.0,0.0,0.0,0.0,0.0,0.0,,,,,0.0,0.0,0.0,0.0,0.0,0.0,0.0,0.0,0.0,0.0,0.0,0.0,5
4.0,terminal_4,Slow Muscle Cell,Pigment Cell,41.0,0.0,41,41,103.0,0.0,103,103,0.0,0.0,0,0,0.0,0.0,0.0,0.0,0.0,0.0,0.0,0.0,0.0,0.0,0.0,0.0,,,,,0.0,0.0,0.0,0.0,0.0,0.0,0.0,0.0,0.0,0.0,0.0,0.0,5
4.0,terminal_4,Slow Muscle Cell,Posterior Erythroid Lineage Cell,41.0,0.0,41,41,5.0,0.0,5,5,0.0,0.0,0,0,0.0,0.0,0.0,0.0,0.0,0.0,0.0,0.0,0.0,0.0,0.0,0.0,,,,,0.0,0.0,0.0,0.0,0.0,0.0,0.0,0.0,0.0,0.0,0.0,0.0,5
4.0,terminal_4,Slow Muscle Cell,Pronephros,41.0,0.0,41,41,210.0,0.0,210,210,0.0,0.0,0,0,0.0,0.0,0.0,0.0,0.0,0.0,0.0,0.0,0.0,0.0,0.0,0.0,,,,,0.0,0.0,0.0,0.0,0.0,0.0,0.0,0.0,0.0,0.0,0.0,0.0,5
4.0,terminal_4,Slow Muscle Cell,Slow Muscle Cell,41.0,0.0,41,41,41.0,0.0,41,41,11.6,1.9493588689617927,9,14,3.007873300958757,0.12849947909814494,2.8308315447398593,3.184170855416192,0.15296678042749032,0.03505848885294898,0.10441046965921326,0.19170293038857025,0.774290121898414,0.019570180167617773,0.7554040822115812,0.8018071559759287,0.060071169608724884,0.004577330033682145,0.05377431565688716,0.06476229429244995,0.633524322139249,0.15427301420375306,0.4713844673531266,0.8269159922553949,0.005252626466390966,0.002887746584090933,0.0014977424984756152,0.009549853715179106,0.6334937229401613,0.15426113863454627,0.4713813747974765,0.8268838263366615,5
4.0,terminal_4,Slow Muscle Cell,Spinal Cord Anterior Region,41.0,0.0,41,41,64.0,0.0,64,64,0.0,0.0,0,0,0.0,0.0,0.0,0.0,0.0,0.0,0.0,0.0,0.0,0.0,0.0,0.0,,,,,0.0,0.0,0.0,0.0,0.0,0.0,0.0,0.0,0.0,0.0,0.0,0.0,5
4.0,terminal_4,Slow Muscle Cell,Spinal Cord Dorsal Region,41.0,0.0,41,41,272.0,0.0,272,272,0.0,0.0,0,0,0.0,0.0,0.0,0.0,0.0,0.0,0.0,0.0,0.0,0.0,0.0,0.0,,,,,0.0,0.0,0.0,0.0,0.0,0.0,0.0,0.0,0.0,0.0,0.0,0.0,5
4.0,terminal_4,Slow Muscle Cell,Spinal Cord Ventral Region,41.0,0.0,41,41,232.0,0.0,232,232,0.0,0.0,0,0,0.0,0.0,0.0,0.0,0.0,0.0,0.0,0.0,0.0,0.0,0.0,0.0,,,,,0.0,0.0,0.0,0.0,0.0,0.0,0.0,0.0,0.0,0.0,0.0,0.0,5
4.0,terminal_4,Slow Muscle Cell,Yolk Syncytial Layer,41.0,0.0,41,41,27.0,0.0,27,27,0.0,0.0,0,0,0.0,0.0,0.0,0.0,0.0,0.0,0.0,0.0,0.0,0.0,0.0,0.0,,,,,0.0,0.0,0.0,0.0,0.0,0.0,0.0,0.0,0.0,0.0,0.0,0.0,5
4.0,terminal_4,Spinal Cord Anterior Region,Anterior Erythroid Lineage Cell,64.0,0.0,64,64,23.0,0.0,23,23,0.0,0.0,0,0,0.0,0.0,0.0,0.0,0.0,0.0,0.0,0.0,0.0,0.0,0.0,0.0,,,,,0.0,0.0,0.0,0.0,0.0,0.0,0.0,0.0,0.0,0.0,0.0,0.0,5
4.0,terminal_4,Spinal Cord Anterior Region,Epidermis,64.0,0.0,64,64,47.0,0.0,47,47,0.0,0.0,0,0,0.0,0.0,0.0,0.0,0.0,0.0,0.0,0.0,0.0,0.0,0.0,0.0,,,,,0.0,0.0,0.0,0.0,0.0,0.0,0.0,0.0,0.0,0.0,0.0,0.0,5
4.0,terminal_4,Spinal Cord Anterior Region,Eye,64.0,0.0,64,64,71.0,0.0,71,71,4.8,1.0954451150103321,4,6,2.038915548721949,0.049583442533645834,1.9862593710422516,2.1176089445749917,0.01441229729551086,0.0033725805268181555,0.01063384534006978,0.017980247283903315,0.8527563114960989,0.019701793497894915,0.834529846906662,0.8848033398389816,0.06128042389949162,0.003947520403271911,0.057350882329046726,0.06691930629312992,0.08136195381914918,0.018646385100595225,0.0617004274878507,0.1023886728113269,0.008657849697361355,0.0019863179688273426,0.006435438667109075,0.01086491532994672,0.08089893331835132,0.018540356612617024,0.06136298781682625,0.10180942433649938,5
4.0,terminal_4,Spinal Cord Anterior Region,Fast Muscle Cell,64.0,0.0,64,64,274.0,0.0,274,274,0.0,0.0,0,0,0.0,0.0,0.0,0.0,0.0,0.0,0.0,0.0,0.0,0.0,0.0,0.0,,,,,0.0,0.0,0.0,0.0,0.0,0.0,0.0,0.0,0.0,0.0,0.0,0.0,5
4.0,terminal_4,Spinal Cord Anterior Region,Forebrain,64.0,0.0,64,64,47.0,0.0,47,47,1.0,0.0,1,1,1.6457765102386475,0.0,1.6457765102386475,1.6457765102386475,0.003851817134802118,0.0004794834391172811,0.0035016519407291983,0.004377064925911498,0.7907273769378662,0.0,0.7907273769378662,0.7907273769378662,0.07135831564664841,0.0,0.07135831564664841,0.07135831564664841,0.02225145562495046,0.0027699183750412746,0.020228593256339578,0.02528574917786678,0.002715390160242025,0.00033801818456336344,0.0024685365808656268,0.0030856705293066224,0.022085151883263106,0.0027492165268119743,0.020077408006995204,0.025096767697664953,5
4.0,terminal_4,Spinal Cord Anterior Region,Hatching Gland,64.0,0.0,64,64,22.0,0.0,22,22,0.0,0.0,0,0,0.0,0.0,0.0,0.0,0.0,0.0,0.0,0.0,0.0,0.0,0.0,0.0,,,,,0.0,0.0,0.0,0.0,0.0,0.0,0.0,0.0,0.0,0.0,0.0,0.0,5
4.0,terminal_4,Spinal Cord Anterior Region,"Musculature System, Yolk Syncytial Layer",64.0,0.0,64,64,438.0,0.0,438,438,0.0,0.0,0,0,0.0,0.0,0.0,0.0,0.0,0.0,0.0,0.0,0.0,0.0,0.0,0.0,,,,,0.0,0.0,0.0,0.0,0.0,0.0,0.0,0.0,0.0,0.0,0.0,0.0,5
4.0,terminal_4,Spinal Cord Anterior Region,Myotome,64.0,0.0,64,64,128.0,0.0,128,128,0.0,0.0,0,0,0.0,0.0,0.0,0.0,0.0,0.0,0.0,0.0,0.0,0.0,0.0,0.0,,,,,0.0,0.0,0.0,0.0,0.0,0.0,0.0,0.0,0.0,0.0,0.0,0.0,5
4.0,terminal_4,Spinal Cord Anterior Region,Nervous System,64.0,0.0,64,64,824.0,0.0,824,824,124.4,6.730527468185537,118,134,1.7660875250148185,0.03516321779243879,1.723548730134964,1.798327778608112,0.04592751300055558,0.001698228682743174,0.04371317238624784,0.04810667755575207,0.7640607452044448,0.0022176283819556977,0.7602428307533264,0.7660457426208561,0.06840972451068832,0.00135574109361477,0.06690308420360089,0.06961737288189913,0.28865798487287575,0.010383231646897237,0.2774983389760257,0.30206279368351147,0.02406183556263373,0.0012632277506732118,0.022485114035033508,0.025703834492087803,0.2874966879600246,0.010336531071551804,0.27641262625464186,0.30085473892326453,5
4.0,terminal_4,Spinal Cord Anterior Region,Notochord,64.0,0.0,64,64,171.0,0.0,171,171,0.0,0.0,0,0,0.0,0.0,0.0,0.0,0.0,0.0,0.0,0.0,0.0,0.0,0.0,0.0,,,,,0.0,0.0,0.0,0.0,0.0,0.0,0.0,0.0,0.0,0.0,0.0,0.0,5
4.0,terminal_4,Spinal Cord Anterior Region,Otic Vesicle,64.0,0.0,64,64,1.0,0.0,1,1,0.0,0.0,0,0,0.0,0.0,0.0,0.0,0.0,0.0,0.0,0.0,0.0,0.0,0.0,0.0,,,,,0.0,0.0,0.0,0.0,0.0,0.0,0.0,0.0,0.0,0.0,0.0,0.0,5
4.0,terminal_4,Spinal Cord Anterior Region,Pigment Cell,64.0,0.0,64,64,103.0,0.0,103,103,3.4,1.3416407864998738,2,5,0.6817496579885483,0.04908322672771219,0.5988075792789459,0.7184742838144302,0.00430733321510684,0.000840364873443552,0.0029815928134616482,0.0050529490883170596,0.7290933620929718,0.051892259530892076,0.6804203152656555,0.8073986172676086,0.08794236794114113,0.0031017294292941095,0.08383909612894058,0.09255959466099739,0.03277646291994991,0.0067527439409401585,0.022534216608516892,0.040197266611749806,0.000832587739900958,0.001436549512081013,4.592826126674696e-05,0.0033752291778887766,0.032727125678199145,0.006763068004286592,0.022534160666438353,0.040197128429794914,5
4.0,terminal_4,Spinal Cord Anterior Region,Posterior Erythroid Lineage Cell,64.0,0.0,64,64,5.0,0.0,5,5,0.0,0.0,0,0,0.0,0.0,0.0,0.0,0.0,0.0,0.0,0.0,0.0,0.0,0.0,0.0,,,,,0.0,0.0,0.0,0.0,0.0,0.0,0.0,0.0,0.0,0.0,0.0,0.0,5
4.0,terminal_4,Spinal Cord Anterior Region,Pronephros,64.0,0.0,64,64,210.0,0.0,210,210,0.0,0.0,0,0,0.0,0.0,0.0,0.0,0.0,0.0,0.0,0.0,0.0,0.0,0.0,0.0,,,,,0.0,0.0,0.0,0.0,0.0,0.0,0.0,0.0,0.0,0.0,0.0,0.0,5
4.0,terminal_4,Spinal Cord Anterior Region,Slow Muscle Cell,64.0,0.0,64,64,41.0,0.0,41,41,0.0,0.0,0,0,0.0,0.0,0.0,0.0,0.0,0.0,0.0,0.0,0.0,0.0,0.0,0.0,,,,,0.0,0.0,0.0,0.0,0.0,0.0,0.0,0.0,0.0,0.0,0.0,0.0,5
4.0,terminal_4,Spinal Cord Anterior Region,Spinal Cord Anterior Region,64.0,0.0,64,64,64.0,0.0,64,64,131.0,13.37908816025965,119,154,2.0472559822738505,0.059805980566536895,1.9780416304156894,2.1046752382021445,0.8059591931409029,0.04855592919025878,0.7274533793833857,0.8470153153204996,0.76527499452473,0.006835088422888639,0.7602361035533249,0.7769373152163122,0.06270040088969585,0.0006565022170545137,0.06200395690393634,0.06343612519382429,5.0471322440732065,0.3020251898091081,4.530776426748341,5.297191284199431,0.33687044485398115,0.03345780997808891,0.28798212625167263,0.3771933420228172,5.032918044846177,0.30081572388571587,4.518349730818658,5.281158204335283,5
4.0,terminal_4,Spinal Cord Anterior Region,Spinal Cord Dorsal Region,64.0,0.0,64,64,272.0,0.0,272,272,1.4,0.8944271909999159,0,2,0.4684936046600342,0.26285570025044314,0.0,0.6244884729385376,0.0004089327022464114,0.00031324784321037615,0.0,0.0008421469386154218,0.7026902973651886,0.3928739791304046,0.0,0.882265716791153,0.0676711704581976,0.009747710078954698,0.06279731541872025,0.08229273557662964,0.0019934881900233953,0.0015358446291961502,0.0,0.004118397954301079,2.1715584966111795e-06,1.6461597965251647e-06,0.0,4.445931391656316e-06,0.001993487006566731,0.0015358437481140983,0.0,0.004118395554543707,5
4.0,terminal_4,Spinal Cord Anterior Region,Spinal Cord Ventral Region,64.0,0.0,64,64,232.0,0.0,232,232,3.4,1.51657508881031,1,5,2.5178875438372295,0.2980729727427661,2.026660203933716,2.75913937886556,0.006183539585370915,0.0031830271346646477,0.0014559340979402992,0.009381129709995044,0.6784784601132074,0.017140814481073338,0.653457522392273,0.6940067559480667,0.08259121529757976,0.007471698026849372,0.07359483540058136,0.09162192791700363,0.03905022497131215,0.021255856369990028,0.00703902348282621,0.061147177444559116,0.0038038090094004015,0.0019525375446969421,0.0007450423721883403,0.005767531258229412,0.038863890214825045,0.021166450259562614,0.006999483084872967,0.0608736612701019,5
4.0,terminal_4,Spinal Cord Anterior Region,Yolk Syncytial Layer,64.0,0.0,64,64,27.0,0.0,27,27,0.0,0.0,0,0,0.0,0.0,0.0,0.0,0.0,0.0,0.0,0.0,0.0,0.0,0.0,0.0,,,,,0.0,0.0,0.0,0.0,0.0,0.0,0.0,0.0,0.0,0.0,0.0,0.0,5
4.0,terminal_4,Spinal Cord Dorsal Region,Anterior Erythroid Lineage Cell,272.0,0.0,272,272,23.0,0.0,23,23,0.0,0.0,0,0,0.0,0.0,0.0,0.0,0.0,0.0,0.0,0.0,0.0,0.0,0.0,0.0,,,,,0.0,0.0,0.0,0.0,0.0,0.0,0.0,0.0,0.0,0.0,0.0,0.0,5
4.0,terminal_4,Spinal Cord Dorsal Region,Epidermis,272.0,0.0,272,272,47.0,0.0,47,47,0.0,0.0,0,0,0.0,0.0,0.0,0.0,0.0,0.0,0.0,0.0,0.0,0.0,0.0,0.0,,,,,0.0,0.0,0.0,0.0,0.0,0.0,0.0,0.0,0.0,0.0,0.0,0.0,5
4.0,terminal_4,Spinal Cord Dorsal Region,Eye,272.0,0.0,272,272,71.0,0.0,71,71,0.0,0.0,0,0,0.0,0.0,0.0,0.0,0.0,0.0,0.0,0.0,0.0,0.0,0.0,0.0,,,,,0.0,0.0,0.0,0.0,0.0,0.0,0.0,0.0,0.0,0.0,0.0,0.0,5
4.0,terminal_4,Spinal Cord Dorsal Region,Fast Muscle Cell,272.0,0.0,272,272,274.0,0.0,274,274,1.4,0.5477225575051661,1,2,2.6273215770721436,0.07535753602200733,2.5740435123443604,2.755402088165283,0.0031402278402849772,0.002128630036814845,0.0011742898535216293,0.0066794682873213785,0.6437098026275635,0.04762924448827092,0.6150400042533875,0.7284473478794098,0.09129538163542747,0.00450847696463517,0.08501261472702026,0.09542304277420044,0.01424619760517844,0.009577626249870935,0.005405655278082374,0.030205898963139986,0.00046344698376243627,0.00030778666006009946,0.000177079457836219,0.0009758258737592062,0.01423865367415234,0.009572681610931518,0.005402754098704868,0.030190131186214234,5
4.0,terminal_4,Spinal Cord Dorsal Region,Forebrain,272.0,0.0,272,272,47.0,0.0,47,47,0.0,0.0,0,0,0.0,0.0,0.0,0.0,0.0,0.0,0.0,0.0,0.0,0.0,0.0,0.0,,,,,0.0,0.0,0.0,0.0,0.0,0.0,0.0,0.0,0.0,0.0,0.0,0.0,5
4.0,terminal_4,Spinal Cord Dorsal Region,Hatching Gland,272.0,0.0,272,272,22.0,0.0,22,22,0.0,0.0,0,0,0.0,0.0,0.0,0.0,0.0,0.0,0.0,0.0,0.0,0.0,0.0,0.0,,,,,0.0,0.0,0.0,0.0,0.0,0.0,0.0,0.0,0.0,0.0,0.0,0.0,5
4.0,terminal_4,Spinal Cord Dorsal Region,"Musculature System, Yolk Syncytial Layer",272.0,0.0,272,272,438.0,0.0,438,438,0.0,0.0,0,0,0.0,0.0,0.0,0.0,0.0,0.0,0.0,0.0,0.0,0.0,0.0,0.0,,,,,0.0,0.0,0.0,0.0,0.0,0.0,0.0,0.0,0.0,0.0,0.0,0.0,5
4.0,terminal_4,Spinal Cord Dorsal Region,Myotome,272.0,0.0,272,272,128.0,0.0,128,128,34.4,4.979959839195494,30,42,2.3104105722392196,0.08301724912194122,2.2045629587438373,2.406185221104395,0.1571756843269106,0.017409185114166694,0.13438723291008364,0.17642565222814177,0.7779120973990856,0.014476894893531617,0.7631833728621987,0.802123502890269,0.06370376623914786,0.0025180883383117674,0.060100438021537333,0.06710867087046306,0.6094307391253486,0.09228763478473756,0.47465048007947797,0.7120676053175738,0.0006009028319719864,0.00016637718826667647,0.00033869052533162125,0.0007188197518806817,0.6094302592101195,0.09228753013266926,0.4746502512338261,0.7120671198542726,5
4.0,terminal_4,Spinal Cord Dorsal Region,Nervous System,272.0,0.0,272,272,824.0,0.0,824,824,23.4,5.029910535983716,16,29,0.8635618599022605,0.022256222782241833,0.8309934911904512,0.8870976957781561,0.005839714578637791,0.0004969554450420471,0.005334292562755464,0.006556651579702294,0.7934689131858156,0.01661872989035259,0.7674178443849087,0.8115317534517359,0.05900415313762588,0.0024442079703125503,0.05630351114086807,0.06274442326534412,0.04006305291240653,0.0028515984658951054,0.03728939010158093,0.04414400446191035,8.649698167893705e-05,1.1848920679767253e-05,6.770123998044094e-05,9.994535157172303e-05,0.04006290605188346,0.0028515976935916303,0.03728921205248812,0.04414383962378461,5
4.0,terminal_4,Spinal Cord Dorsal Region,Notochord,272.0,0.0,272,272,171.0,0.0,171,171,2.6,1.6733200530681511,1,5,0.7485631179809571,0.07034442113205688,0.6287719011306763,0.8133780360221863,0.0035592984239913505,0.0011449246398908548,0.0018385143307914512,0.00475659670188413,0.6809158849716186,0.03367650081037841,0.6526894569396973,0.732765793800354,0.07029314125577608,0.013524682180694605,0.05377177149057388,0.08923797309398651,0.009663388143373686,0.0034296187650606274,0.004678938023920887,0.013862400807762543,7.365833899452006e-05,1.7802722069164362e-05,4.4406580412835064e-05,8.907290844618421e-05,0.009663053667841393,0.0034297618394727955,0.004678230045062069,0.013862148483570808,5
4.0,terminal_4,Spinal Cord Dorsal Region,Otic Vesicle,272.0,0.0,272,272,1.0,0.0,1,1,0.0,0.0,0,0,0.0,0.0,0.0,0.0,0.0,0.0,0.0,0.0,0.0,0.0,0.0,0.0,,,,,0.0,0.0,0.0,0.0,0.0,0.0,0.0,0.0,0.0,0.0,0.0,0.0,5
4.0,terminal_4,Spinal Cord Dorsal Region,Pigment Cell,272.0,0.0,272,272,103.0,0.0,103,103,0.0,0.0,0,0,0.0,0.0,0.0,0.0,0.0,0.0,0.0,0.0,0.0,0.0,0.0,0.0,,,,,0.0,0.0,0.0,0.0,0.0,0.0,0.0,0.0,0.0,0.0,0.0,0.0,5
4.0,terminal_4,Spinal Cord Dorsal Region,Posterior Erythroid Lineage Cell,272.0,0.0,272,272,5.0,0.0,5,5,0.0,0.0,0,0,0.0,0.0,0.0,0.0,0.0,0.0,0.0,0.0,0.0,0.0,0.0,0.0,,,,,0.0,0.0,0.0,0.0,0.0,0.0,0.0,0.0,0.0,0.0,0.0,0.0,5
4.0,terminal_4,Spinal Cord Dorsal Region,Pronephros,272.0,0.0,272,272,210.0,0.0,210,210,0.4,0.5477225575051661,0,1,1.4574288845062255,1.99566669000913,0.0,3.6435723304748535,0.002891723927172932,0.004089515273149729,0.0,0.008675172215416319,0.29362279176712036,0.40205956612123556,0.0,0.7340570092201233,0.06568801403045654,0.0,0.06568801403045654,0.06568801403045654,0.01073966371652707,0.015188178607533555,0.0,0.032218994115439326,5.4637297606056476e-05,7.726881330226933e-05,0.0,0.0001639119268518733,0.01073952473388829,0.015187982056377032,0.0,0.03221857716738822,5
4.0,terminal_4,Spinal Cord Dorsal Region,Slow Muscle Cell,272.0,0.0,272,272,41.0,0.0,41,41,0.0,0.0,0,0,0.0,0.0,0.0,0.0,0.0,0.0,0.0,0.0,0.0,0.0,0.0,0.0,,,,,0.0,0.0,0.0,0.0,0.0,0.0,0.0,0.0,0.0,0.0,0.0,0.0,5
4.0,terminal_4,Spinal Cord Dorsal Region,Spinal Cord Anterior Region,272.0,0.0,272,272,64.0,0.0,64,64,1.8,1.3038404810405297,0,3,1.0321708639462788,0.5819571700916235,0.0,1.3571579058965046,0.0048933207530494184,0.0032294577985799793,0.0,0.0076882568262066076,0.5384686092535654,0.3032882880637464,0.0,0.7041995326677958,0.07296954033275446,0.007974052816218371,0.06279731541872025,0.08229273557662964,0.017019852449044838,0.010989705226194402,0.0,0.026463948349358155,0.001357035094475662,0.0008701066771229229,0.0,0.0023690275695446143,0.01695663082616839,0.010954164112523134,0.0,0.026387962524944283,5
4.0,terminal_4,Spinal Cord Dorsal Region,Spinal Cord Dorsal Region,272.0,0.0,272,272,272.0,0.0,272,272,641.4,43.70125856311233,586,699,1.8659413583667674,0.026407338040649434,1.8401524829535396,1.8960695221922756,0.9712353354687551,0.027770311920793985,0.9405951276364095,1.0023878322024624,0.7742160871160289,0.0024236016925625273,0.7708725564105519,0.7769073282648449,0.062442774661201864,0.0010315231559836554,0.0609282479770863,0.06344100648881199,6.032803010691014,0.18745246448545444,5.7838468528103295,6.239896443248968,0.005477684089644636,0.0003736219983613425,0.004978834532515157,0.005979308607125743,6.032798061164467,0.18745100622519248,5.783843321951017,6.239888120590943,5
4.0,terminal_4,Spinal Cord Dorsal Region,Spinal Cord Ventral Region,272.0,0.0,272,272,232.0,0.0,232,232,226.0,4.472135954999581,219,231,1.6933555426491282,0.012968988280732457,1.675949060122172,1.7104770622841299,0.22294225357335878,0.013575183585668615,0.2050822594640351,0.23442075950766042,0.8294055147970575,0.01047946392904304,0.8184392581254373,0.8416878972284594,0.07127298959168274,0.0006443880540669783,0.07051892838800293,0.07216863306962192,1.1210673285642259,0.07891784974142695,1.0389586713042744,1.215614672471348,0.02223949241220012,0.0012011516823828012,0.02085022664931301,0.023445108897347695,1.1204620236132226,0.07891601700409337,1.0383173609006988,1.2149629794754215,5
4.0,terminal_4,Spinal Cord Dorsal Region,Yolk Syncytial Layer,272.0,0.0,272,272,27.0,0.0,27,27,0.0,0.0,0,0,0.0,0.0,0.0,0.0,0.0,0.0,0.0,0.0,0.0,0.0,0.0,0.0,,,,,0.0,0.0,0.0,0.0,0.0,0.0,0.0,0.0,0.0,0.0,0.0,0.0,5
4.0,terminal_4,Spinal Cord Ventral Region,Anterior Erythroid Lineage Cell,232.0,0.0,232,232,23.0,0.0,23,23,0.0,0.0,0,0,0.0,0.0,0.0,0.0,0.0,0.0,0.0,0.0,0.0,0.0,0.0,0.0,,,,,0.0,0.0,0.0,0.0,0.0,0.0,0.0,0.0,0.0,0.0,0.0,0.0,5
4.0,terminal_4,Spinal Cord Ventral Region,Epidermis,232.0,0.0,232,232,47.0,0.0,47,47,0.0,0.0,0,0,0.0,0.0,0.0,0.0,0.0,0.0,0.0,0.0,0.0,0.0,0.0,0.0,,,,,0.0,0.0,0.0,0.0,0.0,0.0,0.0,0.0,0.0,0.0,0.0,0.0,5
4.0,terminal_4,Spinal Cord Ventral Region,Eye,232.0,0.0,232,232,71.0,0.0,71,71,0.0,0.0,0,0,0.0,0.0,0.0,0.0,0.0,0.0,0.0,0.0,0.0,0.0,0.0,0.0,,,,,0.0,0.0,0.0,0.0,0.0,0.0,0.0,0.0,0.0,0.0,0.0,0.0,5
4.0,terminal_4,Spinal Cord Ventral Region,Fast Muscle Cell,232.0,0.0,232,232,274.0,0.0,274,274,158.6,5.5946402922797445,151,166,4.247884048471395,0.06624944503090036,4.155069902157172,4.314613326540533,0.4907916854184132,0.019679556884416298,0.4690956598461292,0.5167967032593744,0.7690056254708503,0.002832503227117631,0.7656750023759753,0.7725019784843397,0.069069485236616,0.0009509500554895916,0.06818936282546266,0.07060684366987492,2.693063533306437,0.1263733721746931,2.563773970875667,2.851916583098845,0.07728023268530632,0.005007189875428578,0.07276585301635334,0.08462627727129424,2.6916208717637664,0.1262592823488864,2.5624080222129195,2.850267892745966,5
4.0,terminal_4,Spinal Cord Ventral Region,Forebrain,232.0,0.0,232,232,47.0,0.0,47,47,0.0,0.0,0,0,0.0,0.0,0.0,0.0,0.0,0.0,0.0,0.0,0.0,0.0,0.0,0.0,,,,,0.0,0.0,0.0,0.0,0.0,0.0,0.0,0.0,0.0,0.0,0.0,0.0,5
4.0,terminal_4,Spinal Cord Ventral Region,Hatching Gland,232.0,0.0,232,232,22.0,0.0,22,22,0.0,0.0,0,0,0.0,0.0,0.0,0.0,0.0,0.0,0.0,0.0,0.0,0.0,0.0,0.0,,,,,0.0,0.0,0.0,0.0,0.0,0.0,0.0,0.0,0.0,0.0,0.0,0.0,5
4.0,terminal_4,Spinal Cord Ventral Region,"Musculature System, Yolk Syncytial Layer",232.0,0.0,232,232,438.0,0.0,438,438,0.0,0.0,0,0,0.0,0.0,0.0,0.0,0.0,0.0,0.0,0.0,0.0,0.0,0.0,0.0,,,,,0.0,0.0,0.0,0.0,0.0,0.0,0.0,0.0,0.0,0.0,0.0,0.0,5
4.0,terminal_4,Spinal Cord Ventral Region,Myotome,232.0,0.0,232,232,128.0,0.0,128,128,9.4,1.6733200530681511,8,12,2.330679843491978,0.1970662899047527,2.1086450815200806,2.556891083717346,0.034771336894648064,0.005848638524464518,0.03050475784749368,0.045079942268769324,0.8157379214631186,0.010147424840711685,0.8012967854738235,0.8299283906817436,0.07319103689036435,0.004831418985352269,0.06705253617838025,0.07728053215477201,0.20385194091573222,0.03425502622578906,0.18420662286617684,0.26444847027442,0.00012087750380714263,3.0510687792346352e-05,9.761032015628382e-05,0.00017433815488188874,0.20385190097197842,0.03425501546222132,0.18420659169064912,0.26444841081482306,5
4.0,terminal_4,Spinal Cord Ventral Region,Nervous System,232.0,0.0,232,232,824.0,0.0,824,824,55.6,3.646916505762094,51,61,1.8833235543305076,0.08058016593649078,1.755051548574485,1.9651770382015794,0.019544501031585608,0.0027333903514010507,0.01580460419953453,0.02234164238453136,0.8219822258413012,0.012087384626416313,0.811285420187882,0.8415254078529499,0.06811609780690131,0.001699650325943243,0.06547406709952545,0.06987256199742357,0.11609604687470416,0.014716161548162554,0.09494482879884424,0.13111926885091174,0.007633157490365128,0.0014307043840551413,0.0061188238003031335,0.009192033768402795,0.1157629560200401,0.014659131900053796,0.094658256018426,0.13070218730494249,5
4.0,terminal_4,Spinal Cord Ventral Region,Notochord,232.0,0.0,232,232,171.0,0.0,171,171,39.8,5.761944116355173,32,48,1.4523941715365172,0.03183891303119724,1.4010401057700317,1.4873456343224174,0.04635090862105256,0.004703207966292277,0.041799976890601956,0.05179244866341717,0.8093259788227096,0.007208785696887378,0.8012336194515228,0.8202297789294545,0.07326509239625108,0.0012806983092443392,0.07147919025737792,0.07451194688314344,0.5953876829260224,0.06661326438337699,0.5144513753406931,0.694527783705837,0.0064239776565832764,0.0012795237208761097,0.005686644995549348,0.00869679767961858,0.5953452696657766,0.06660684590672122,0.5144073960491591,0.6944677712670178,5
4.0,terminal_4,Spinal Cord Ventral Region,Otic Vesicle,232.0,0.0,232,232,1.0,0.0,1,1,0.0,0.0,0,0,0.0,0.0,0.0,0.0,0.0,0.0,0.0,0.0,0.0,0.0,0.0,0.0,,,,,0.0,0.0,0.0,0.0,0.0,0.0,0.0,0.0,0.0,0.0,0.0,0.0,5
4.0,terminal_4,Spinal Cord Ventral Region,Pigment Cell,232.0,0.0,232,232,103.0,0.0,103,103,0.0,0.0,0,0,0.0,0.0,0.0,0.0,0.0,0.0,0.0,0.0,0.0,0.0,0.0,0.0,,,,,0.0,0.0,0.0,0.0,0.0,0.0,0.0,0.0,0.0,0.0,0.0,0.0,5
4.0,terminal_4,Spinal Cord Ventral Region,Posterior Erythroid Lineage Cell,232.0,0.0,232,232,5.0,0.0,5,5,0.0,0.0,0,0,0.0,0.0,0.0,0.0,0.0,0.0,0.0,0.0,0.0,0.0,0.0,0.0,,,,,0.0,0.0,0.0,0.0,0.0,0.0,0.0,0.0,0.0,0.0,0.0,0.0,5
4.0,terminal_4,Spinal Cord Ventral Region,Pronephros,232.0,0.0,232,232,210.0,0.0,210,210,0.0,0.0,0,0,0.0,0.0,0.0,0.0,0.0,0.0,0.0,0.0,0.0,0.0,0.0,0.0,,,,,0.0,0.0,0.0,0.0,0.0,0.0,0.0,0.0,0.0,0.0,0.0,0.0,5
4.0,terminal_4,Spinal Cord Ventral Region,Slow Muscle Cell,232.0,0.0,232,232,41.0,0.0,41,41,0.6,0.5477225575051661,0,1,2.207330322265625,2.015007682283394,0.0,3.6788840293884277,0.02602137256946337,0.037050525646303026,0.0,0.08972886713539682,0.3890650510787964,0.3551661746879282,0.0,0.6484417915344238,0.0941469818353653,0.0,0.0941469818353653,0.0941469818353653,0.12601723280215665,0.17942961843179017,0.0,0.4345421819328187,0.002586675214180811,0.003683037837618718,0.0,0.008919571251928373,0.12599068249060835,0.1793918147599396,0.0,0.4344506291025675,5
4.0,terminal_4,Spinal Cord Ventral Region,Spinal Cord Anterior Region,232.0,0.0,232,232,64.0,0.0,64,64,2.4,1.140175425099138,1,4,2.229097080230713,0.2575367095104738,1.8413259983062744,2.566842794418335,0.010979679528064746,0.0057380233853045436,0.005754143830450531,0.018242146661108544,0.7458010147015254,0.045985590033345826,0.6862483620643616,0.8154972394307455,0.07769595372180144,0.010232954733294377,0.06848924793303013,0.09162192791700363,0.06706167946024068,0.03819251956786839,0.025541332070461012,0.11747679368938285,0.006725708096102498,0.0039049531519224864,0.0020673928157178318,0.011897163487697305,0.06672074053031254,0.03799370081816827,0.025457524052410883,0.11687015065640975,5
4.0,terminal_4,Spinal Cord Ventral Region,Spinal Cord Dorsal Region,232.0,0.0,232,232,272.0,0.0,272,272,202.8,7.9183331579316665,194,213,1.4749148213064338,0.02590548942532314,1.4411377772688865,1.506840682089931,0.16546332712969045,0.008393470496774894,0.15461184817168344,0.1772468746932347,0.8026387962451512,0.009763196255728414,0.7950411021094961,0.8172748664021492,0.07062154620486652,0.0009484295388184917,0.06937728854760741,0.07174510363903311,1.6408321703810835,0.07859633225043283,1.5495899981499521,1.7117843975778744,0.0030270459470034985,0.00024444602693726866,0.002612015183723269,0.003211109959567939,1.6408155387204721,0.07859998263550627,1.5495711964784231,1.7117767095346925,5
4.0,terminal_4,Spinal Cord Ventral Region,Spinal Cord Ventral Region,232.0,0.0,232,232,232.0,0.0,232,232,1121.2,25.820534463871986,1088,1143,2.8289222088570654,0.016393034540071967,2.8065011657754892,2.8444636767398324,1.7692089753657059,0.024280863852822066,1.7444606478943185,1.7942445214129632,0.8134598704720304,0.003032841452671715,0.8085134576080711,0.8159835421507127,0.06269665333744757,0.0006536441083071727,0.06183885304923351,0.06343430349862403,10.097215445954108,0.14203614896798678,9.920781885736178,10.276968180749044,0.3872317737465592,0.007046830754787529,0.3748613354714908,0.3916487576493926,10.087236824382805,0.1419750638680611,9.911141182319875,10.267062525616302,5
4.0,terminal_4,Spinal Cord Ventral Region,Yolk Syncytial Layer,232.0,0.0,232,232,27.0,0.0,27,27,0.0,0.0,0,0,0.0,0.0,0.0,0.0,0.0,0.0,0.0,0.0,0.0,0.0,0.0,0.0,,,,,0.0,0.0,0.0,0.0,0.0,0.0,0.0,0.0,0.0,0.0,0.0,0.0,5
4.0,terminal_4,Yolk Syncytial Layer,Anterior Erythroid Lineage Cell,27.0,0.0,27,27,23.0,0.0,23,23,0.0,0.0,0,0,0.0,0.0,0.0,0.0,0.0,0.0,0.0,0.0,0.0,0.0,0.0,0.0,,,,,0.0,0.0,0.0,0.0,0.0,0.0,0.0,0.0,0.0,0.0,0.0,0.0,5
4.0,terminal_4,Yolk Syncytial Layer,Epidermis,27.0,0.0,27,27,47.0,0.0,47,47,0.0,0.0,0,0,0.0,0.0,0.0,0.0,0.0,0.0,0.0,0.0,0.0,0.0,0.0,0.0,,,,,0.0,0.0,0.0,0.0,0.0,0.0,0.0,0.0,0.0,0.0,0.0,0.0,5
4.0,terminal_4,Yolk Syncytial Layer,Eye,27.0,0.0,27,27,71.0,0.0,71,71,0.0,0.0,0,0,0.0,0.0,0.0,0.0,0.0,0.0,0.0,0.0,0.0,0.0,0.0,0.0,,,,,0.0,0.0,0.0,0.0,0.0,0.0,0.0,0.0,0.0,0.0,0.0,0.0,5
4.0,terminal_4,Yolk Syncytial Layer,Fast Muscle Cell,27.0,0.0,27,27,274.0,0.0,274,274,0.0,0.0,0,0,0.0,0.0,0.0,0.0,0.0,0.0,0.0,0.0,0.0,0.0,0.0,0.0,,,,,0.0,0.0,0.0,0.0,0.0,0.0,0.0,0.0,0.0,0.0,0.0,0.0,5
4.0,terminal_4,Yolk Syncytial Layer,Forebrain,27.0,0.0,27,27,47.0,0.0,47,47,0.0,0.0,0,0,0.0,0.0,0.0,0.0,0.0,0.0,0.0,0.0,0.0,0.0,0.0,0.0,,,,,0.0,0.0,0.0,0.0,0.0,0.0,0.0,0.0,0.0,0.0,0.0,0.0,5
4.0,terminal_4,Yolk Syncytial Layer,Hatching Gland,27.0,0.0,27,27,22.0,0.0,22,22,0.0,0.0,0,0,0.0,0.0,0.0,0.0,0.0,0.0,0.0,0.0,0.0,0.0,0.0,0.0,,,,,0.0,0.0,0.0,0.0,0.0,0.0,0.0,0.0,0.0,0.0,0.0,0.0,5
4.0,terminal_4,Yolk Syncytial Layer,"Musculature System, Yolk Syncytial Layer",27.0,0.0,27,27,438.0,0.0,438,438,6.4,2.0736441353327724,3,8,8.56498491650536,0.15662997710611223,8.348909497261047,8.787365277608236,0.018254769668300315,0.004354375865831746,0.013968097397366559,0.02464474194454815,0.7688347341758864,0.00898897724332788,0.7548934022585551,0.7765991985797882,0.05781247076090603,0.006377178818449547,0.051025924139789174,0.06729731832941373,0.1369391275779221,0.028028260840923015,0.10629549369896146,0.17659524253557218,0.000991754468776189,0.00015365203171101784,0.0007802282074781458,0.0011794970561744837,0.13693535991253397,0.028027817982527348,0.10629250570708293,0.1765909942692686,5
4.0,terminal_4,Yolk Syncytial Layer,Myotome,27.0,0.0,27,27,128.0,0.0,128,128,0.0,0.0,0,0,0.0,0.0,0.0,0.0,0.0,0.0,0.0,0.0,0.0,0.0,0.0,0.0,,,,,0.0,0.0,0.0,0.0,0.0,0.0,0.0,0.0,0.0,0.0,0.0,0.0,5
4.0,terminal_4,Yolk Syncytial Layer,Nervous System,27.0,0.0,27,27,824.0,0.0,824,824,0.0,0.0,0,0,0.0,0.0,0.0,0.0,0.0,0.0,0.0,0.0,0.0,0.0,0.0,0.0,,,,,0.0,0.0,0.0,0.0,0.0,0.0,0.0,0.0,0.0,0.0,0.0,0.0,5
4.0,terminal_4,Yolk Syncytial Layer,Notochord,27.0,0.0,27,27,171.0,0.0,171,171,0.0,0.0,0,0,0.0,0.0,0.0,0.0,0.0,0.0,0.0,0.0,0.0,0.0,0.0,0.0,,,,,0.0,0.0,0.0,0.0,0.0,0.0,0.0,0.0,0.0,0.0,0.0,0.0,5
4.0,terminal_4,Yolk Syncytial Layer,Otic Vesicle,27.0,0.0,27,27,1.0,0.0,1,1,0.0,0.0,0,0,0.0,0.0,0.0,0.0,0.0,0.0,0.0,0.0,0.0,0.0,0.0,0.0,,,,,0.0,0.0,0.0,0.0,0.0,0.0,0.0,0.0,0.0,0.0,0.0,0.0,5
4.0,terminal_4,Yolk Syncytial Layer,Pigment Cell,27.0,0.0,27,27,103.0,0.0,103,103,0.0,0.0,0,0,0.0,0.0,0.0,0.0,0.0,0.0,0.0,0.0,0.0,0.0,0.0,0.0,,,,,0.0,0.0,0.0,0.0,0.0,0.0,0.0,0.0,0.0,0.0,0.0,0.0,5
4.0,terminal_4,Yolk Syncytial Layer,Posterior Erythroid Lineage Cell,27.0,0.0,27,27,5.0,0.0,5,5,0.0,0.0,0,0,0.0,0.0,0.0,0.0,0.0,0.0,0.0,0.0,0.0,0.0,0.0,0.0,,,,,0.0,0.0,0.0,0.0,0.0,0.0,0.0,0.0,0.0,0.0,0.0,0.0,5
4.0,terminal_4,Yolk Syncytial Layer,Pronephros,27.0,0.0,27,27,210.0,0.0,210,210,0.0,0.0,0,0,0.0,0.0,0.0,0.0,0.0,0.0,0.0,0.0,0.0,0.0,0.0,0.0,,,,,0.0,0.0,0.0,0.0,0.0,0.0,0.0,0.0,0.0,0.0,0.0,0.0,5
4.0,terminal_4,Yolk Syncytial Layer,Slow Muscle Cell,27.0,0.0,27,27,41.0,0.0,41,41,0.0,0.0,0,0,0.0,0.0,0.0,0.0,0.0,0.0,0.0,0.0,0.0,0.0,0.0,0.0,,,,,0.0,0.0,0.0,0.0,0.0,0.0,0.0,0.0,0.0,0.0,0.0,0.0,5
4.0,terminal_4,Yolk Syncytial Layer,Spinal Cord Anterior Region,27.0,0.0,27,27,64.0,0.0,64,64,0.0,0.0,0,0,0.0,0.0,0.0,0.0,0.0,0.0,0.0,0.0,0.0,0.0,0.0,0.0,,,,,0.0,0.0,0.0,0.0,0.0,0.0,0.0,0.0,0.0,0.0,0.0,0.0,5
4.0,terminal_4,Yolk Syncytial Layer,Spinal Cord Dorsal Region,27.0,0.0,27,27,272.0,0.0,272,272,0.0,0.0,0,0,0.0,0.0,0.0,0.0,0.0,0.0,0.0,0.0,0.0,0.0,0.0,0.0,,,,,0.0,0.0,0.0,0.0,0.0,0.0,0.0,0.0,0.0,0.0,0.0,0.0,5
4.0,terminal_4,Yolk Syncytial Layer,Spinal Cord Ventral Region,27.0,0.0,27,27,232.0,0.0,232,232,0.0,0.0,0,0,0.0,0.0,0.0,0.0,0.0,0.0,0.0,0.0,0.0,0.0,0.0,0.0,,,,,0.0,0.0,0.0,0.0,0.0,0.0,0.0,0.0,0.0,0.0,0.0,0.0,5
4.0,terminal_4,Yolk Syncytial Layer,Yolk Syncytial Layer,27.0,0.0,27,27,27.0,0.0,27,27,4.8,0.8366600265340756,4,6,8.70131635983785,0.07304699547412832,8.637472867965698,8.803347110748291,1.2890493922763402,0.22022016093533275,0.9822368092007108,1.604595007719817,0.6679576349258423,0.011417595512948893,0.6529780328273773,0.6821114122867584,0.0565234956300507,0.008867736919508633,0.043873116932809354,0.06746513396501541,11.720916827640647,1.9777447739380938,9.092809979494227,14.663664519592261,0.08964983135882928,0.016680387490799007,0.06852607903541193,0.11437685940422544,11.720566500226155,1.9776796024496297,9.092541204414585,14.663214471469539,5
