pair_id,pearson,rmsd
"[""Adcyap1"",""Adcyap1r1""]",0.9960591823126422,0.03452965991858402
"[""Adgre5"",""Cd55b""]",0.9998055663763623,0.007997761060231957
"[""Adipoq"",""Adipor1""]",0.9996215913251291,0.011494790280304226
"[""Adipoq"",""Adipor2""]",0.9997352347457155,0.00795706495956407
"[""Adm"",""Calcr""]",0.9965681009388202,0.03196522870922128
"[""Adm"",""Calcrl""]",0.9976526242291287,0.02599961542413471
"[""Agrn"",""Dag1""]",0.9986349808702089,0.020008430703024337
"[""Agt"",""Agtr1a""]",0.9744755369150357,0.12875880004172977
"[""Agt"",""Agtr1b""]",0.9781848885033805,0.07593328313761889
"[""Agt"",""Mas1""]",0.9928419053241339,0.0560085862954303
"[""Alcam"",""Cd6""]",0.9997165790974086,0.00984630347885686
"[""Amh"",""Amhr2_Acvr1""]",0.9997398253658095,0.00868007095140832
"[""Amh"",""Amhr2_Bmpr1a""]",0.9997398253658095,0.00868007095140832
"[""Angpt1"",""Tek""]",0.9979549002848089,0.024409173700037957
"[""Angpt2"",""Itga5_Itgb1""]",0.9993985571997706,0.013471350765837425
"[""Angpt2"",""Tek""]",0.9988278358627923,0.01873012940588957
"[""Angptl1"",""Itga1_Itgb1""]",0.9994074544046414,0.013613189152889199
"[""Angptl1"",""Pirb""]",0.9996265237646693,0.010665587727047322
"[""Angptl2"",""Itga5_Itgb1""]",0.999112971616664,0.016020382071499622
"[""Angptl2"",""Pirb""]",0.9991283543072031,0.014922866750646685
"[""Angptl2"",""Tlr4""]",0.9985772670830237,0.020306905104753376
"[""Angptl3"",""Itgav_Itgb3""]",0.99236625361882,0.05547468772690409
"[""Angptl4"",""Cdh11""]",0.9997547404867739,0.007934039983294191
"[""Angptl4"",""Cdh5""]",0.9992881274040922,0.014138364209548738
"[""Angptl4"",""Itga5_Itgb1""]",0.999367478185038,0.013327503848590732
"[""Angptl4"",""Itgav_Itgb3""]",0.9992621461781932,0.013549797229857947
"[""Angptl4"",""Sdc1""]",0.9994737257812846,0.011976539834243204
"[""Angptl4"",""Sdc2""]",0.9996440754644654,0.009833298784543571
"[""Angptl4"",""Sdc3""]",0.9980836704343811,0.02565836804400895
"[""Angptl4"",""Sdc4""]",0.9982303531061117,0.022249069642366323
"[""Angptl7"",""Pirb""]",0.9972900956223764,0.025467761689319184
"[""Anxa1"",""Fpr1""]",0.99113958426459,0.05918702027350096
"[""Anxa1"",""Fpr2""]",0.9690191918089692,0.10840768771836913
"[""Anxa1"",""Fpr2_Fpr3""]",0.9690191918089692,0.10840768771836913
"[""Apela"",""Aplnr""]",0.9991260705779597,0.01620369989741273
"[""Apln"",""Aplnr""]",0.9994782126712493,0.012841555006039585
"[""App"",""Cd74""]",0.9984377366620294,0.023952821365107284
"[""Areg"",""Egfr""]",0.9990437625475775,0.0190644549236208
"[""Areg"",""Egfr_Erbb2""]",0.9981505891461429,0.02952370699805802
"[""Artn"",""Gfra1_Ret""]",0.998000638006103,0.025400100721829966
"[""Artn"",""Gfra3_Ret""]",0.9996293649799585,0.011331616935507317
"[""Avp"",""Avpr1a""]",0.9973988323305808,0.02885703573288702
"[""Bdnf"",""Ntrk2""]",0.9997677128808976,0.008826124100566957
"[""Bmp10"",""Acvrl1_Acvr2a""]",0.9858572868063662,0.06262783921329516
"[""Bmp10"",""Acvrl1_Bmpr2""]",0.9858572868063662,0.06262783921329516
"[""Bmp2"",""Bmpr1a_Acvr2a""]",0.9991398636237196,0.01587300717351259
"[""Bmp2"",""Bmpr1a_Acvr2b""]",0.9993872444151987,0.013339407691036349
"[""Bmp2"",""Bmpr1a_Bmpr2""]",0.9990916157805854,0.016097093067238007
"[""Bmp2"",""Bmpr1b_Acvr2a""]",0.9993655153900687,0.014054223171635483
"[""Bmp2"",""Bmpr1b_Acvr2b""]",0.9993742406833954,0.013547024996904302
"[""Bmp2"",""Bmpr1b_Bmpr2""]",0.9995212584089279,0.01180860916792877
"[""Bmp4"",""Bmpr1a_Acvr2a""]",0.9997410352913835,0.008712440182582132
"[""Bmp4"",""Bmpr1a_Acvr2b""]",0.9998155821754132,0.00730785560774423
"[""Bmp4"",""Bmpr1a_Bmpr2""]",0.9996895481051074,0.009371852170850136
"[""Bmp4"",""Bmpr1b_Acvr2a""]",0.999777110885474,0.008130821047037088
"[""Bmp4"",""Bmpr1b_Acvr2b""]",0.999806685256028,0.007502022641079992
"[""Bmp4"",""Bmpr1b_Bmpr2""]",0.9997958212132638,0.007614672925708609
"[""Bmp5"",""Acvr1_Acvr2a""]",0.99961440130704,0.010545505803236486
"[""Bmp5"",""Acvr1_Acvr2b""]",0.9997250532342405,0.009061360967723649
"[""Bmp5"",""Acvr1_Bmpr2""]",0.9996274366948137,0.010335966805571061
"[""Bmp5"",""Bmpr1a_Acvr2a""]",0.999657705741846,0.010195204103765832
"[""Bmp5"",""Bmpr1a_Acvr2b""]",0.9997500540320446,0.008623046493498075
"[""Bmp5"",""Bmpr1a_Bmpr2""]",0.9996104999311535,0.010631346332851123
"[""Bmp5"",""Bmpr1b_Acvr2a""]",0.999697737955606,0.0096844100136203
"[""Bmp5"",""Bmpr1b_Acvr2b""]",0.9997401081498057,0.008813890769998979
"[""Bmp5"",""Bmpr1b_Bmpr2""]",0.9997175309983919,0.00910843087481372
"[""Bmp6"",""Acvr1_Acvr2a""]",0.999653118382693,0.009799456384862286
"[""Bmp6"",""Acvr1_Acvr2b""]",0.9998111644684423,0.007240594674640937
"[""Bmp6"",""Acvr1_Bmpr2""]",0.9996539340033135,0.009764427947124635
"[""Bmp6"",""Bmpr1a_Acvr2a""]",0.9997428456443065,0.008337612507379999
"[""Bmp6"",""Bmpr1a_Acvr2b""]",0.9998630633562604,0.006028696614804642
"[""Bmp6"",""Bmpr1a_Bmpr2""]",0.9996614127215345,0.009704390679740962
"[""Bmp6"",""Bmpr1b_Acvr2a""]",0.9998176450197342,0.007470159780966331
"[""Bmp6"",""Bmpr1b_Acvr2b""]",0.9998508865475659,0.006445693540868977
"[""Bmp6"",""Bmpr1b_Bmpr2""]",0.9997618890617476,0.008364837706766156
"[""Bmp7"",""Acvr1_Acvr2a""]",0.9993176148920119,0.013888253263189883
"[""Bmp7"",""Acvr1_Acvr2b""]",0.9995847544562804,0.01092435180257361
"[""Bmp7"",""Acvr1_Bmpr2""]",0.9993047538359511,0.013994109216723907
"[""Bmp7"",""Bmpr1a_Acvr2a""]",0.9994624530927226,0.01234949456065398
"[""Bmp7"",""Bmpr1a_Acvr2b""]",0.9996691690983328,0.009651209074238488
"[""Bmp7"",""Bmpr1a_Bmpr2""]",0.9993172634477601,0.01394881951680965
"[""Bmp7"",""Bmpr1b_Acvr2a""]",0.9996249547162789,0.010754499482498936
"[""Bmp7"",""Bmpr1b_Acvr2b""]",0.9996437299769467,0.010130016340351124
"[""Bmp7"",""Bmpr1b_Bmpr2""]",0.9996675922614111,0.009860795498102867
"[""Bmp8a"",""Acvr1_Acvr2a""]",0.9995934684782941,0.010696015386422427
"[""Bmp8a"",""Acvr1_Acvr2b""]",0.9997909589212279,0.010038988440092161
"[""Bmp8a"",""Acvr1_Bmpr2""]",0.9995881468323425,0.01074258304771551
"[""Bmp8a"",""Bmpr1a_Acvr2a""]",0.9997196584604454,0.010920547126899369
"[""Bmp8a"",""Bmpr1a_Acvr2b""]",0.9998714775516676,0.008571528834827145
"[""Bmp8a"",""Bmpr1a_Bmpr2""]",0.9996057801462032,0.011164584240911617
"[""Bmp8a"",""Bmpr1b_Acvr2a""]",0.9998004997577689,0.008823178626340593
"[""Bmp8a"",""Bmpr1b_Acvr2b""]",0.9998491242333132,0.008498049807917999
"[""Bmp8a"",""Bmpr1b_Bmpr2""]",0.9997788332819325,0.008657314544784578
"[""Bmp8b"",""Acvr1_Acvr2a""]",0.9995231058939197,0.012040843806831715
"[""Bmp8b"",""Acvr1_Acvr2b""]",0.9997670063559103,0.008196234699296107
"[""Bmp8b"",""Acvr1_Bmpr2""]",0.9995252545396445,0.011955771925390301
"[""Bmp8b"",""Bmpr1a_Acvr2a""]",0.9996169841607703,0.0102196540985782
"[""Bmp8b"",""Bmpr1a_Acvr2b""]",0.9998381060077054,0.006300937000296067
"[""Bmp8b"",""Bmpr1a_Bmpr2""]",0.9995569502075305,0.011654533936953612
"[""Bmp8b"",""Bmpr1b_Acvr2a""]",0.9997935820412291,0.008585096115328681
"[""Bmp8b"",""Bmpr1b_Acvr2b""]",0.9998460759756534,0.006468504775584136
"[""Bmp8b"",""Bmpr1b_Bmpr2""]",0.999711076725441,0.009817381806361483
"[""Btc"",""Egfr""]",0.999164109648057,0.016010592211471615
"[""Btc"",""Egfr_Erbb2""]",0.9985148902868699,0.02248245864708312
"[""Btc"",""Erbb2_Erbb4""]",0.9968155123271771,0.03129305190662056
"[""Btc"",""Erbb4""]",0.9979979232213537,0.024523053024968197
"[""Btla"",""Tnfrsf14""]",0.9995557614976737,0.01021365223652194
"[""C3"",""C3ar1""]",0.9558106311546425,0.10712310788164534
"[""C3"",""Cr2""]",0.9908928358409202,0.05677018633803548
"[""C3"",""Itgam_Itgb2""]",0.9308181593811216,0.16902350283239592
"[""C3"",""Itgax_Itgb2""]",0.9422141220615137,0.17789334418579753
"[""C4b"",""Cr2""]",0.9982376369388203,0.02324038918628744
"[""Cadm1"",""Cadm1""]",0.9999468395789778,0.006050933086364851
"[""Cadm3"",""Cadm3""]",0.9914287490519453,0.05128352987011848
"[""Calca"",""Calcr""]",0.9995971299878015,0.009986389703430843
"[""Calca"",""Calcrl""]",0.9996180489696516,0.010736877169235505
"[""Calcb"",""Calcr""]",0.9950642956192577,0.03378543465273262
"[""Calcb"",""Calcrl""]",0.9996010907063219,0.011051437434872465
"[""Cck"",""Cckar""]",0.9970306669450064,0.028893188245487294
"[""Cck"",""Cckbr""]",0.9972697654510481,0.028113782844013953
"[""Ccl1"",""Ackr1""]",0.9850131334498274,0.06059329619920519
"[""Ccl1"",""Ackr4""]",0.9989695164813207,0.017528100460513858
"[""Ccl11"",""Ackr1""]",0.9872962449407171,0.05745658105048616
"[""Ccl11"",""Ackr2""]",0.9986158984969836,0.020004251608855505
"[""Ccl12"",""Ccr2""]",0.9985123110156083,0.01891195207808154
"[""Ccl17"",""Ackr1""]",0.9813826963530465,0.07093808740525055
"[""Ccl17"",""Ackr2""]",0.9961322236332872,0.0344187724694699
"[""Ccl17"",""Ccr4""]",0.9991995138756804,0.01478892942590626
"[""Ccl2"",""Ackr1""]",0.9982021286968663,0.02282442837012831
"[""Ccl2"",""Ackr2""]",0.9990670056849837,0.017955749086377124
"[""Ccl2"",""Ccr2""]",0.9995782443968843,0.010377826749761742
"[""Ccl20"",""Ccr6""]",0.9985228990489832,0.020616756231213083
"[""Ccl22"",""Ackr2""]",0.9974487681196401,0.02607844514672449
"[""Ccl22"",""Ccr4""]",0.9994869410846116,0.012077900862726473
"[""Ccl24"",""Ackr2""]",0.9979883923995807,0.021899257660372557
"[""Ccl25"",""Ackr4""]",0.9994992841361348,0.011896464025906543
"[""Ccl25"",""Ccr9""]",0.9997852216068716,0.00790470226413819
"[""Ccl27a"",""Ccr10""]",0.9981848771875508,0.021675417928153078
"[""Ccl27a"",""Ccr2""]",0.9973714876010787,0.025583806475476385
"[""Ccl28"",""Ccr10""]",0.9994167259357155,0.012123471990569394
"[""Ccl3"",""Ackr2""]",0.9986371347121435,0.019671928304719442
"[""Ccl3"",""Ccr1""]",0.9981035997870024,0.021217386538652554
"[""Ccl3"",""Ccr5""]",0.9983529582844264,0.02002971409720615
"[""Ccl4"",""Ackr2""]",0.9970427589553943,0.03186891447068462
"[""Ccl4"",""Ccr5""]",0.9968833374885298,0.029351540118516723
"[""Ccl5"",""Ackr1""]",0.9915376506437619,0.044465096229979545
"[""Ccl5"",""Ackr2""]",0.9982515734837022,0.023435982017596564
"[""Ccl5"",""Ccr1""]",0.9973000162651101,0.02737471102601109
"[""Ccl5"",""Ccr4""]",0.999638980671247,0.009818149249173642
"[""Ccl5"",""Ccr5""]",0.997883272358583,0.024194342985703277
"[""Ccl6"",""Ccr1""]",0.9959257376287763,0.032036379068808137
"[""Ccl6"",""Ccr2""]",0.9930710142410145,0.06003436004162923
"[""Ccl7"",""Ackr1""]",0.998229495031914,0.021720972472122055
"[""Ccl7"",""Ccr1""]",0.9992867871022109,0.014470663671390277
"[""Ccl7"",""Ccr2""]",0.999602168665903,0.010265808619802924
"[""Ccl9"",""Ccr1""]",0.9887657938858968,0.05548024081668433
"[""Cd1d1"",""Ceacam5""]",0.9994028086401852,0.012495033939514856
"[""Cd200"",""Cd200r1""]",0.9959636768106219,0.032705243307492624
"[""Cd200"",""Cd200r2""]",0.9966511080131163,0.03588592248238949
"[""Cd200"",""Cd200r3""]",0.9952610207336029,0.03298205219178033
"[""Cd200"",""Cd200r4""]",0.9946804050373954,0.03355118180769306
"[""Cd22"",""Ptprc""]",0.9988026537568018,0.01905700428094259
"[""Cd226"",""Nectin2""]",0.9988969430940304,0.022432986793893068
"[""Cd226"",""Pvr""]",0.9983847922722255,0.027977178444538973
"[""Cd274"",""Pdcd1""]",0.9895758436090034,0.056220484334666386
"[""Cd34"",""Selp""]",0.999078418930758,0.01555464767238907
"[""Cd46"",""Jag1""]",0.9996583235395627,0.00980401848670529
"[""Cd52"",""Siglecg""]",0.9992282230172472,0.01395093179216942
"[""Cd6"",""Alcam""]",0.9997093731952893,0.009952974287972663
"[""Cd70"",""Cd27""]",0.9989690845387758,0.016436985581093334
"[""Cd80"",""Cd274""]",0.9986869265903127,0.018813389037468424
"[""Cd80"",""Cd28""]",0.9992991340547557,0.013628648806534343
"[""Cd80"",""Ctla4""]",0.9995225360057605,0.011314954406586336
"[""Cd86"",""Cd28""]",0.9986332972777329,0.01846087298702691
"[""Cd86"",""Ctla4""]",0.9991255819622614,0.014683066579501827
"[""Cd8a"",""Ceacam5""]",0.9998639487003761,0.009497946403435775
"[""Cd96"",""Nectin1""]",0.9995119226210224,0.012040113094785058
"[""Cd96"",""Pvr""]",0.999350116196508,0.013477228338262136
"[""Cdh1"",""Cdh1""]",0.9936515442885007,0.04145585674655718
"[""Cdh1"",""Itga2_Itgb1""]",0.9991937471209743,0.015965953883195484
"[""Cdh1"",""Itgae_Itgb7""]",0.9973458084714418,0.02573834217486371
"[""Cdh1"",""Klrg1""]",0.998526436580005,0.020874151629994214
"[""Cdh15"",""Cdh15""]",0.9999719145802954,0.0033395412701411596
"[""Cdh2"",""Cdh2""]",0.9990829529432492,0.016326820453574704
"[""Cdh4"",""Cdh4""]",0.9998858997407919,0.006146034474602521
"[""Cdh5"",""Cdh5""]",0.9983983336750978,0.021741985765839175
"[""Ceacam1"",""Ceacam5""]",0.9995180227800257,0.018823968795278295
"[""Cga"",""Fshr""]",0.9996627236756396,0.01300546801346509
"[""Cga"",""Lhcgr""]",0.9998554527790715,0.0061987111902999095
"[""Cga"",""Tshr""]",0.9997491427333539,0.011478628950432843
"[""Chad"",""Itga2_Itgb1""]",0.9987042055542884,0.020382069589464973
"[""Clcf1"",""Cntfr_Lifr_Il6st""]",0.9998296065545884,0.00708688038744757
"[""Cldn11"",""Cldn11""]",0.9995943003431572,0.017882555257133878
"[""Clec2g"",""Klrb1""]",0.9998469243760426,0.009199452654360896
"[""Clec2g"",""Klrb1f""]",0.999922950296358,0.004217569507921498
"[""Clec2h"",""Klrb1""]",0.9995957769117951,0.0108723268188978
"[""Clec2i"",""Klrb1""]",0.9997266198183414,0.00831092087730284
"[""Clec2i"",""Klrb1f""]",0.9999329913588374,0.0039003204901201637
"[""Cntf"",""Cntfr_Lifr_Il6st""]",0.9999262564131169,0.00432581390639753
"[""Cntn1"",""Nrcam""]",0.9858464072861763,0.06646724104278498
"[""Cntn2"",""Cntn2""]",0.9928875830093813,0.046024469881870526
"[""Cntn2"",""Cntn2_Cntnap2""]",0.9928875830093813,0.046024469881870526
"[""Cntn2"",""L1cam""]",0.98397184869553,0.08729446325532317
"[""Col1a1"",""Cd44""]",0.9807336630878638,0.06817241494103195
"[""Col1a1"",""Gp6""]",0.9956482058516037,0.03220105521075407
"[""Col1a1"",""Itga10_Itgb1""]",0.991213432462124,0.05288844426343989
"[""Col1a1"",""Itga11_Itgb1""]",0.9985793795468871,0.019953637058791
"[""Col1a1"",""Itga1_Itgb1""]",0.9964150472607524,0.031125176711916218
"[""Col1a1"",""Itga2_Itgb1""]",0.9987387623757521,0.01836843202689864
"[""Col1a1"",""Itga3_Itgb1""]",0.9976936841788157,0.024897576264702855
"[""Col1a1"",""Itga9_Itgb1""]",0.9991222355153173,0.015368067449897427
"[""Col1a1"",""Itgav_Itgb8""]",0.9992305533110302,0.014442465297986963
"[""Col1a1"",""Sdc1""]",0.9985206217627923,0.020089197307280673
"[""Col1a1"",""Sdc4""]",0.983679063689894,0.0827317934838731
"[""Col1a2"",""Cd44""]",0.926939615469317,0.140946393871631
"[""Col1a2"",""Gp6""]",0.9985386930913492,0.021325158367215106
"[""Col1a2"",""Itga10_Itgb1""]",0.9974296132814221,0.027835996591717538
"[""Col1a2"",""Itga11_Itgb1""]",0.9993392013121776,0.01323787793082083
"[""Col1a2"",""Itga1_Itgb1""]",0.9986085895678364,0.01884935983810355
"[""Col1a2"",""Itga2_Itgb1""]",0.999468350182496,0.011720195526413046
"[""Col1a2"",""Itga3_Itgb1""]",0.9990536885100665,0.015591422844928936
"[""Col1a2"",""Itga9_Itgb1""]",0.9995384712166973,0.011012181777097839
"[""Col1a2"",""Itgav_Itgb8""]",0.9996045921525626,0.010096687555985829
"[""Col1a2"",""Sdc1""]",0.999268248386231,0.01382019878240045
"[""Col1a2"",""Sdc4""]",0.9958832433360676,0.0341426383509088
"[""Col2a1"",""Cd44""]",0.9907148001856454,0.0498616488981978
"[""Col2a1"",""Gp6""]",0.9981697590698214,0.025968355770577416
"[""Col2a1"",""Itga10_Itgb1""]",0.9980002169511352,0.026694017183622153
"[""Col2a1"",""Itga11_Itgb1""]",0.9986613896303199,0.02110904426526203
"[""Col2a1"",""Itga1_Itgb1""]",0.9981314107424979,0.025606672161080722
"[""Col2a1"",""Itga2_Itgb1""]",0.9985105468812071,0.02263643040188874
"[""Col2a1"",""Itga3_Itgb1""]",0.9985252534091718,0.022419638051255412
"[""Col2a1"",""Itga9_Itgb1""]",0.9988871036515731,0.01910050432130868
"[""Col2a1"",""Itgav_Itgb8""]",0.9989876145085119,0.017844615563268187
"[""Col2a1"",""Sdc1""]",0.9987715546522117,0.020003069533587572
"[""Col2a1"",""Sdc4""]",0.9978104262464789,0.02776335909970408
"[""Col4a1"",""Cd44""]",0.9722850897942914,0.08575453905635702
"[""Col4a1"",""Gp6""]",0.9992955229870364,0.013266340762805615
"[""Col4a1"",""Itga10_Itgb1""]",0.9982231565722682,0.02448241089856391
"[""Col4a1"",""Itga11_Itgb1""]",0.9994948240172641,0.01221465115976588
"[""Col4a1"",""Itga1_Itgb1""]",0.998722475928389,0.01929050249641455
"[""Col4a1"",""Itga2_Itgb1""]",0.9996141741731189,0.0107423189012041
"[""Col4a1"",""Itga3_Itgb1""]",0.9992928837137292,0.014205573194989251
"[""Col4a1"",""Itga9_Itgb1""]",0.9995795087782104,0.011204531467228093
"[""Col4a1"",""Itgav_Itgb8""]",0.9997070379403731,0.009048265277408379
"[""Col4a1"",""Sdc1""]",0.9994861302393205,0.01216446295169521
"[""Col4a1"",""Sdc4""]",0.9976763248341649,0.026395302074576122
"[""Col4a2"",""Cd44""]",0.9817426946554796,0.06942914799212611
"[""Col4a2"",""Gp6""]",0.9993062678283322,0.013212566174631724
"[""Col4a2"",""Itga10_Itgb1""]",0.998389503269495,0.023082225957335115
"[""Col4a2"",""Itga11_Itgb1""]",0.9994629867752322,0.012555786772268993
"[""Col4a2"",""Itga1_Itgb1""]",0.9986792978280553,0.019627819805811606
"[""Col4a2"",""Itga2_Itgb1""]",0.9995891112806546,0.011063692482777355
"[""Col4a2"",""Itga3_Itgb1""]",0.9993130254820835,0.013977447992910027
"[""Col4a2"",""Itga9_Itgb1""]",0.9995825971334776,0.011089892770416318
"[""Col4a2"",""Itgav_Itgb8""]",0.9997074344320545,0.00898967896304767
"[""Col4a2"",""Sdc1""]",0.9994857598807412,0.012122547148762923
"[""Col4a2"",""Sdc4""]",0.9980063969772575,0.024271794111841175
"[""Col4a3"",""Cd44""]",0.8895558302418399,0.16896719638193208
"[""Col4a3"",""Gp6""]",0.999348163835962,0.012771166019699918
"[""Col4a3"",""Itga10_Itgb1""]",0.9982366814982195,0.022940149717837113
"[""Col4a3"",""Itga11_Itgb1""]",0.999398465686952,0.012991704074655636
"[""Col4a3"",""Itga1_Itgb1""]",0.9985808999187585,0.01976509162625615
"[""Col4a3"",""Itga2_Itgb1""]",0.9996123597518122,0.010671521506625333
"[""Col4a3"",""Itga3_Itgb1""]",0.9994502352212158,0.013048109926618355
"[""Col4a3"",""Itga9_Itgb1""]",0.9996281985548054,0.010123314256163392
"[""Col4a3"",""Itgav_Itgb8""]",0.9997690214946825,0.007642444155826293
"[""Col4a3"",""Sdc1""]",0.999518185203307,0.011333719054584633
"[""Col4a3"",""Sdc4""]",0.9980723486887071,0.023143678504757785
"[""Col4a4"",""Cd44""]",0.8325028334329186,0.1857767418169332
"[""Col4a4"",""Gp6""]",0.9993937176698046,0.012099272951540301
"[""Col4a4"",""Itga10_Itgb1""]",0.9981447208732664,0.024890744618494696
"[""Col4a4"",""Itga11_Itgb1""]",0.9994088000508426,0.013211001741390449
"[""Col4a4"",""Itga1_Itgb1""]",0.9988597335938283,0.018220942574973163
"[""Col4a4"",""Itga2_Itgb1""]",0.9996461833389966,0.010224375572485919
"[""Col4a4"",""Itga3_Itgb1""]",0.9995240173266022,0.011442883504738348
"[""Col4a4"",""Itga9_Itgb1""]",0.9996418861185487,0.010307144330244275
"[""Col4a4"",""Itgav_Itgb8""]",0.999774447579241,0.0076803585356984725
"[""Col4a4"",""Sdc1""]",0.9995189287396113,0.011770309250240193
"[""Col4a4"",""Sdc4""]",0.9980494385745752,0.0238302410001835
"[""Col4a5"",""Cd44""]",0.9894473156458843,0.055381359755815485
"[""Col4a5"",""Gp6""]",0.9984589100064293,0.019874212072121304
"[""Col4a5"",""Itga10_Itgb1""]",0.9979930416460243,0.02434442970736713
"[""Col4a5"",""Itga11_Itgb1""]",0.9991995158412587,0.01477522773309798
"[""Col4a5"",""Itga1_Itgb1""]",0.9973658967227641,0.027341099329569605
"[""Col4a5"",""Itga2_Itgb1""]",0.9992538200334523,0.014414706673467401
"[""Col4a5"",""Itga3_Itgb1""]",0.9987846824175193,0.01838448325910198
"[""Col4a5"",""Itga9_Itgb1""]",0.9993372106523214,0.013518859688920906
"[""Col4a5"",""Itgav_Itgb8""]",0.9995701507870316,0.010683119293347186
"[""Col4a5"",""Sdc1""]",0.9992826224221765,0.013898710994099684
"[""Col4a5"",""Sdc4""]",0.997311523467572,0.02758550790865024
"[""Col4a6"",""Cd44""]",0.9036660817468468,0.16657008102702797
"[""Col4a6"",""Gp6""]",0.9985232813600061,0.019398757909246254
"[""Col4a6"",""Itga10_Itgb1""]",0.9972304391657926,0.028793121971553082
"[""Col4a6"",""Itga11_Itgb1""]",0.999126667819748,0.015354869882690742
"[""Col4a6"",""Itga1_Itgb1""]",0.9974070943946847,0.02694273549081421
"[""Col4a6"",""Itga2_Itgb1""]",0.9992587148466618,0.014248404591403422
"[""Col4a6"",""Itga3_Itgb1""]",0.9987562004463268,0.018480940572238577
"[""Col4a6"",""Itga9_Itgb1""]",0.9993219607448541,0.013620862532893113
"[""Col4a6"",""Itgav_Itgb8""]",0.9995342126340138,0.011009535045823828
"[""Col4a6"",""Sdc1""]",0.9991895682693119,0.014715041800298215
"[""Col4a6"",""Sdc4""]",0.9963820653132409,0.0320103700457612
"[""Col6a1"",""Cd44""]",0.9776712875300981,0.08668419555301173
"[""Col6a1"",""Gp6""]",0.99692088880228,0.03017524769481294
"[""Col6a1"",""Itga10_Itgb1""]",0.9954299815721118,0.04289113513230438
"[""Col6a1"",""Itga11_Itgb1""]",0.9988413608594178,0.01860674209058288
"[""Col6a1"",""Itga1_Itgb1""]",0.9975991525349392,0.025814168443447794
"[""Col6a1"",""Itga2_Itgb1""]",0.9990765545345434,0.0163108167434819
"[""Col6a1"",""Itga3_Itgb1""]",0.9985908672788807,0.01952636987867743
"[""Col6a1"",""Itga9_Itgb1""]",0.999341795816746,0.013804365904147999
"[""Col6a1"",""Itgav_Itgb8""]",0.9994247582346604,0.01263958267768308
"[""Col6a1"",""Sdc1""]",0.9989379913255415,0.017406876080625584
"[""Col6a1"",""Sdc4""]",0.9933445664828783,0.043555958336325515
"[""Col6a2"",""Cd44""]",0.9730646481998282,0.09710983035419768
"[""Col6a2"",""Gp6""]",0.9971636196939517,0.029195710828129322
"[""Col6a2"",""Itga10_Itgb1""]",0.9956402203801576,0.03988922524162435
"[""Col6a2"",""Itga11_Itgb1""]",0.998871636727196,0.0179469845342099
"[""Col6a2"",""Itga1_Itgb1""]",0.9976713971431695,0.02517522343972157
"[""Col6a2"",""Itga2_Itgb1""]",0.9991081335980542,0.015747526077969205
"[""Col6a2"",""Itga3_Itgb1""]",0.9986200246029171,0.01920443102884484
"[""Col6a2"",""Itga9_Itgb1""]",0.9993458982359362,0.01351668727226311
"[""Col6a2"",""Itgav_Itgb8""]",0.9994250594238816,0.012435141909137058
"[""Col6a2"",""Sdc1""]",0.9989434962413721,0.017069632834990175
"[""Col6a2"",""Sdc4""]",0.9936459098454334,0.04464835479246732
"[""Col6a3"",""Cd44""]",0.9679081285614134,0.09018989355901594
"[""Col6a3"",""Gp6""]",0.9988580640947058,0.017683311641781538
"[""Col6a3"",""Itga10_Itgb1""]",0.9980803596496706,0.02486197038838126
"[""Col6a3"",""Itga11_Itgb1""]",0.9993530610267417,0.013525359260946859
"[""Col6a3"",""Itga1_Itgb1""]",0.9989960106995326,0.016253412468380368
"[""Col6a3"",""Itga2_Itgb1""]",0.9995226919374854,0.011644845999772736
"[""Col6a3"",""Itga3_Itgb1""]",0.9993309607336899,0.013130327170387247
"[""Col6a3"",""Itga9_Itgb1""]",0.9996054219773941,0.010526810446517815
"[""Col6a3"",""Itgav_Itgb8""]",0.9996572284941925,0.009595135271041425
"[""Col6a3"",""Sdc1""]",0.9993730969985948,0.01305093775802156
"[""Col6a3"",""Sdc4""]",0.9975250261996328,0.02593597616629254
"[""Col6a4"",""Cd44""]",0.9665494380048577,0.08192784926980297
"[""Col6a4"",""Gp6""]",0.9976342397939248,0.02564951917362919
"[""Col6a4"",""Itga10_Itgb1""]",0.9959180365099826,0.0355651698928184
"[""Col6a4"",""Itga11_Itgb1""]",0.999205071394546,0.0145850037927241
"[""Col6a4"",""Itga1_Itgb1""]",0.9989365315554568,0.01626991958088584
"[""Col6a4"",""Itga2_Itgb1""]",0.9995939447731208,0.0099503777431248
"[""Col6a4"",""Itga3_Itgb1""]",0.9994612733113393,0.011458036396678079
"[""Col6a4"",""Itga9_Itgb1""]",0.9996986706023642,0.008778324586727946
"[""Col6a4"",""Itgav_Itgb8""]",0.9997236094814725,0.008134756124876207
"[""Col6a4"",""Sdc1""]",0.9994639179756737,0.011703914790005097
"[""Col6a4"",""Sdc4""]",0.9961366945466983,0.0327418841296842
"[""Col6a5"",""Cd44""]",0.9801126449105432,0.06312796131197002
"[""Col6a5"",""Gp6""]",0.9992067969319258,0.015253607188459844
"[""Col6a5"",""Itga10_Itgb1""]",0.998416467352464,0.024462209803808463
"[""Col6a5"",""Itga11_Itgb1""]",0.9994810017607914,0.012846361561003676
"[""Col6a5"",""Itga1_Itgb1""]",0.999174169590579,0.01529144602439266
"[""Col6a5"",""Itga2_Itgb1""]",0.9996523448018579,0.010489984315003587
"[""Col6a5"",""Itga3_Itgb1""]",0.9995711888955104,0.01074478533756042
"[""Col6a5"",""Itga9_Itgb1""]",0.9997143211467501,0.009436690624262266
"[""Col6a5"",""Itgav_Itgb8""]",0.9997688714635861,0.008155826667890685
"[""Col6a5"",""Sdc1""]",0.9995746633944589,0.011377115019840464
"[""Col6a5"",""Sdc4""]",0.9983372937202805,0.02194427700804565
"[""Col6a6"",""Cd44""]",0.965412196647158,0.0813739139533109
"[""Col6a6"",""Gp6""]",0.9992907028904866,0.013554275039103877
"[""Col6a6"",""Itga10_Itgb1""]",0.9985195307899688,0.02271295815838331
"[""Col6a6"",""Itga11_Itgb1""]",0.9995113195910995,0.01212924969786835
"[""Col6a6"",""Itga1_Itgb1""]",0.999025067556327,0.01653694234055529
"[""Col6a6"",""Itga2_Itgb1""]",0.9996446362480992,0.01030148576953722
"[""Col6a6"",""Itga3_Itgb1""]",0.9994950855133781,0.011681625383852378
"[""Col6a6"",""Itga9_Itgb1""]",0.9997112598349244,0.00927481538564817
"[""Col6a6"",""Itgav_Itgb8""]",0.9997680167637311,0.007999683566364274
"[""Col6a6"",""Sdc1""]",0.9995766488671912,0.011089307081486843
"[""Col6a6"",""Sdc4""]",0.9982564441571089,0.022218108673963097
"[""Col9a1"",""Cd44""]",0.9917559483462933,0.059714273747735615
"[""Col9a1"",""Gp6""]",0.9989463514351407,0.017593613778805903
"[""Col9a1"",""Itga10_Itgb1""]",0.9981510712432187,0.024901991586901664
"[""Col9a1"",""Itga11_Itgb1""]",0.9988964764460904,0.018501752785243686
"[""Col9a1"",""Itga1_Itgb1""]",0.9984067956280825,0.022712373496367056
"[""Col9a1"",""Itga2_Itgb1""]",0.9989158747293315,0.018705411760543456
"[""Col9a1"",""Itga3_Itgb1""]",0.9989221280346309,0.018244221230698368
"[""Col9a1"",""Itga9_Itgb1""]",0.9991262599587442,0.016415587947524977
"[""Col9a1"",""Itgav_Itgb8""]",0.9992616113549805,0.014778829367153879
"[""Col9a1"",""Sdc1""]",0.9989977790878711,0.01734700124456516
"[""Col9a1"",""Sdc4""]",0.9980373511269914,0.024983870075721257
"[""Col9a2"",""Cd44""]",0.9734477657843531,0.09939651447776754
"[""Col9a2"",""Gp6""]",0.9973275476633193,0.028554209225420946
"[""Col9a2"",""Itga10_Itgb1""]",0.9967977483260654,0.03395376883360083
"[""Col9a2"",""Itga11_Itgb1""]",0.9983235515592964,0.023377309566645077
"[""Col9a2"",""Itga1_Itgb1""]",0.9971318764205259,0.03118717326900021
"[""Col9a2"",""Itga2_Itgb1""]",0.9983398913644713,0.023787967748139755
"[""Col9a2"",""Itga3_Itgb1""]",0.9981529083694775,0.024546249276810664
"[""Col9a2"",""Itga9_Itgb1""]",0.9987211590747964,0.020320128671047377
"[""Col9a2"",""Itgav_Itgb8""]",0.9989500604279948,0.01796796709464886
"[""Col9a2"",""Sdc1""]",0.9984697809844366,0.021973617365347517
"[""Col9a2"",""Sdc4""]",0.9960515066498841,0.0367643586860156
"[""Col9a3"",""Cd44""]",0.9779512723531607,0.07859914655293283
"[""Col9a3"",""Gp6""]",0.997790920028854,0.026101938618128533
"[""Col9a3"",""Itga10_Itgb1""]",0.9973342965766098,0.030480871410094926
"[""Col9a3"",""Itga11_Itgb1""]",0.9984641249587071,0.0221693945293152
"[""Col9a3"",""Itga1_Itgb1""]",0.9974868938771646,0.029119332421072352
"[""Col9a3"",""Itga2_Itgb1""]",0.9984128091489206,0.023084731468285852
"[""Col9a3"",""Itga3_Itgb1""]",0.998313001574064,0.02329273353800916
"[""Col9a3"",""Itga9_Itgb1""]",0.9987709315248585,0.0197723177739612
"[""Col9a3"",""Itgav_Itgb8""]",0.9989878625667408,0.017514567124918397
"[""Col9a3"",""Sdc1""]",0.998579235317578,0.02096247866716932
"[""Col9a3"",""Sdc4""]",0.996824016224027,0.032415867780355344
"[""Comp"",""Cd36""]",0.9920089342395242,0.04537381002596892
"[""Comp"",""Cd47""]",0.9964186683323054,0.03316127665145095
"[""Comp"",""Itga3_Itgb1""]",0.9971904758673139,0.03035609074116923
"[""Comp"",""Itgav_Itgb3""]",0.9947722345987459,0.041420182072842905
"[""Comp"",""Sdc1""]",0.9980262507506366,0.02495219073859665
"[""Comp"",""Sdc4""]",0.9941555686858398,0.044827527828284364
"[""Cort"",""Sstr1""]",0.9991630840602156,0.018091498794575295
"[""Cort"",""Sstr2""]",0.9991250218528448,0.01781381926449702
"[""Cort"",""Sstr3""]",0.9986379836557586,0.01830570835641218
"[""Cort"",""Sstr4""]",0.9997299066058694,0.008987979236174453
"[""Cort"",""Sstr5""]",0.9983431756652317,0.023271614938572317
"[""Crh"",""Crhr1""]",0.9956997419487436,0.032135862473186304
"[""Crh"",""Crhr2""]",0.9889307099808724,0.05985284246401369
"[""Csf1"",""Csf1r""]",0.9987791102525536,0.01794128821144749
"[""Cspg4"",""Itga3_Itgb1""]",0.9978865786216545,0.02578612705418739
"[""Ctf1"",""Lifr_Il6st""]",0.9997742414765092,0.008070702217883016
"[""Cx3cl1"",""Cx3cr1""]",0.9978168470093239,0.0262998210243466
"[""Cxcl1"",""Ackr1""]",0.889645722391814,0.1644527046954168
"[""Cxcl1"",""Cxcr2""]",0.9912127177478678,0.05857607707405795
"[""Cxcl10"",""Ackr1""]",0.9562268332159269,0.10552940436514599
"[""Cxcl12"",""Ackr3""]",0.9994640756473492,0.012404832187170345
"[""Cxcl12"",""Cxcr4""]",0.9997007859186688,0.009501381033022054
"[""Cxcl13"",""Ackr1""]",0.9939465455106659,0.036449400390253475
"[""Cxcl13"",""Cxcr5""]",0.9991294715344919,0.016403282776010577
"[""Cxcl16"",""Cxcr6""]",0.9982180252424253,0.02331390195935737
"[""Cxcl2"",""Ackr1""]",0.9759216146801287,0.0727076359567678
"[""Cxcl2"",""Cxcr2""]",0.9988124036784282,0.018504916015587146
"[""Cxcl3"",""Ackr1""]",0.9991854747979517,0.016270324802496457
"[""Cxcl3"",""Cxcr2""]",0.9997152546919341,0.008737106694031254
"[""Cxcl5"",""Ackr1""]",0.996749574648706,0.03128660908664448
"[""Cxcl5"",""Cxcr2""]",0.9993660914804322,0.012603733099717464
"[""Dhh"",""Ptch1_Smo""]",0.999563562802663,0.011644984856994528
"[""Dhh"",""Ptch2_Smo""]",0.9996184109467967,0.010708814441959315
"[""Dlk1"",""Notch1""]",0.9997195306772899,0.00804614694346365
"[""Dlk1"",""Notch2""]",0.9999280844422028,0.004349062838466577
"[""Dlk1"",""Notch3""]",0.999927973224247,0.0044019644987659074
"[""Dlk1"",""Notch4""]",0.9997388040741201,0.007684442812606894
"[""Dll1"",""Notch1""]",0.9997161936397998,0.009852196621311248
"[""Dll1"",""Notch2""]",0.9999665774909926,0.0028392917639779125
"[""Dll1"",""Notch3""]",0.9999703032849061,0.0026529031800075747
"[""Dll1"",""Notch4""]",0.9998229496080359,0.007426942364526809
"[""Dll3"",""Notch1""]",0.9993488293390715,0.015412731113755284
"[""Dll3"",""Notch2""]",0.9999577356858235,0.003214888687046948
"[""Dll3"",""Notch3""]",0.999918565153048,0.004688558993984009
"[""Dll3"",""Notch4""]",0.9995610871429974,0.012422017261670264
"[""Dll4"",""Notch1""]",0.9992159648528355,0.014641798079898221
"[""Dll4"",""Notch2""]",0.9996374893233162,0.010401517561128738
"[""Dll4"",""Notch3""]",0.9996249464451604,0.010833801458438203
"[""Dll4"",""Notch4""]",0.9992168534242994,0.01572050107847595
"[""Dmp1"",""Itgav_Itgb3""]",0.9981822059281578,0.02201995433061457
"[""Dsc2"",""Dsg1c""]",0.9907252619089782,0.056386453856633295
"[""Dsc2"",""Dsg2""]",0.9820737820572831,0.07207772089801946
"[""Dsg1c"",""Dsc3""]",0.9961269223997677,0.0390298025061252
"[""Dsg2"",""Dsc3""]",0.9907256271038625,0.053914038747639836
"[""Dspp"",""Itgav_Itgb1""]",0.9988095185722824,0.01866184265641423
"[""Dspp"",""Itgav_Itgb6""]",0.9996744830796424,0.010109690380325817
"[""Eda"",""Eda2r""]",0.9997880614830239,0.007681537651104938
"[""Eda"",""Edar""]",0.9996649624893169,0.011420919547086078
"[""Edn1"",""Ednra""]",0.9980791038852243,0.02392139146688827
"[""Edn1"",""Ednrb""]",0.9959165450173926,0.03530941602763036
"[""Edn2"",""Ednra""]",0.998478788454267,0.021161367115722095
"[""Edn2"",""Ednrb""]",0.9960066309157876,0.03413632325671415
"[""Edn3"",""Ednra""]",0.9998728984871196,0.006219580528548972
"[""Edn3"",""Ednrb""]",0.9999171360079592,0.005005216570147252
"[""Efna1"",""Epha1""]",0.998610157735298,0.0200452450681973
"[""Efna1"",""Epha2""]",0.9976539614474469,0.026611234366873453
"[""Efna1"",""Epha3""]",0.9996132235916532,0.010858756080222333
"[""Efna1"",""Epha4""]",0.9994045988906917,0.013028378330075713
"[""Efna1"",""Epha5""]",0.9989189180725679,0.018487360926371887
"[""Efna1"",""Epha7""]",0.9994967127302895,0.01209487122107104
"[""Efna1"",""Epha8""]",0.9903024153244082,0.05747125024247116
"[""Efna2"",""Epha1""]",0.9996682572913352,0.009687471361153038
"[""Efna2"",""Epha2""]",0.9996159776844592,0.010498342518365698
"[""Efna2"",""Epha3""]",0.9998508188986348,0.006681584750430503
"[""Efna2"",""Epha4""]",0.999811437190353,0.007187514006777696
"[""Efna2"",""Epha5""]",0.9998725288617367,0.005435590002951112
"[""Efna2"",""Epha7""]",0.9998381958165896,0.006764780305109379
"[""Efna2"",""Epha8""]",0.9992943692952546,0.013915855711986226
"[""Efna3"",""Epha1""]",0.9992857528192509,0.0153382492125843
"[""Efna3"",""Epha2""]",0.998972627303929,0.018751593191964375
"[""Efna3"",""Epha3""]",0.9997171846293955,0.010146514403520405
"[""Efna3"",""Epha4""]",0.99962318095305,0.01104604879114132
"[""Efna3"",""Epha5""]",0.999325751437671,0.013418868519951933
"[""Efna3"",""Epha7""]",0.9996986181815484,0.009974215915737862
"[""Efna3"",""Epha8""]",0.9903796799030917,0.04464610402983414
"[""Efna4"",""Epha1""]",0.9996024428023842,0.010632133363112627
"[""Efna4"",""Epha2""]",0.999505731933322,0.01201458861207422
"[""Efna4"",""Epha3""]",0.9998253239130184,0.00720777347626593
"[""Efna4"",""Epha4""]",0.9997599340948252,0.008157434305904276
"[""Efna4"",""Epha5""]",0.9998188652493886,0.007165318218708223
"[""Efna4"",""Epha7""]",0.9998048689752823,0.007442078892934112
"[""Efna4"",""Epha8""]",0.999278549627046,0.014320214794173374
"[""Efna5"",""Epha1""]",0.9997167309863351,0.008738041795635537
"[""Efna5"",""Epha2""]",0.9996616951417624,0.009706581618640837
"[""Efna5"",""Epha3""]",0.999846499057449,0.006543474175183398
"[""Efna5"",""Epha4""]",0.999803796538572,0.007211650596163794
"[""Efna5"",""Epha5""]",0.9998330477867138,0.006941165853539719
"[""Efna5"",""Epha7""]",0.9998458588490801,0.006529142107707155
"[""Efna5"",""Epha8""]",0.9997908764165059,0.01197199251337437
"[""Efna5"",""Ephb2""]",0.9998128308409461,0.0071739829474543135
"[""Efnb1"",""Epha4""]",0.9997432048632224,0.008340056485342891
"[""Efnb1"",""Ephb1""]",0.9996553529939703,0.00904116654916262
"[""Efnb1"",""Ephb2""]",0.999748262640843,0.00809079718944058
"[""Efnb1"",""Ephb3""]",0.999517711923651,0.01150260340891083
"[""Efnb1"",""Ephb4""]",0.9995853414402692,0.010772426324747633
"[""Efnb2"",""Epha4""]",0.9997305491315731,0.008608157832984499
"[""Efnb2"",""Ephb1""]",0.9997224024013712,0.008178769184545572
"[""Efnb2"",""Ephb2""]",0.9997495292700407,0.008249304236080075
"[""Efnb2"",""Ephb3""]",0.9995007032725097,0.011851160666969611
"[""Efnb2"",""Ephb4""]",0.9995606647900537,0.011211895132189292
"[""Efnb3"",""Epha4""]",0.9996383775334329,0.0098914772966651
"[""Efnb3"",""Ephb1""]",0.9995415466465023,0.010673937805765567
"[""Efnb3"",""Ephb2""]",0.9996456256999918,0.009690886185029552
"[""Efnb3"",""Ephb3""]",0.9992195466952939,0.014876327888076609
"[""Efnb3"",""Ephb4""]",0.9992869172200993,0.014295792325051293
"[""Efnb3"",""Ephb6""]",0.9994112578900153,0.012754340363789134
"[""Egf"",""Egfr""]",0.9997757488071007,0.008255512949940626
"[""Egf"",""Egfr_Erbb2""]",0.9995965823112303,0.011361951826870767
"[""Enho"",""Gpr19""]",0.9993523163690256,0.015017773206684243
"[""Entpd1"",""Adora1""]",0.9996247011502059,0.010728710717710335
"[""Entpd1"",""Adora2a""]",0.9991871754959275,0.015325820525940385
"[""Entpd1"",""Adora2b""]",0.9995172335329925,0.011445748491297496
"[""Entpd1"",""Tmigd3""]",0.9995208632196654,0.01139464524967308
"[""Epgn"",""Egfr""]",0.9996693055576034,0.010022485908844879
"[""Epo"",""Epor""]",0.9996762800249634,0.008976363437915682
"[""Ereg"",""Egfr""]",0.9990177150921463,0.017920364562782672
"[""Ereg"",""Egfr_Erbb2""]",0.9981577092708699,0.02662504411379894
"[""Ereg"",""Erbb2_Erbb4""]",0.9949447551986303,0.0417370797973334
"[""Ereg"",""Erbb4""]",0.9966325796129493,0.033001728177612835
"[""Esam"",""Esam""]",0.9972671731980475,0.028455037977432197
"[""F11r"",""F11r""]",0.9968647651495031,0.030154214148901085
"[""F11r"",""Itgal_Itgb2""]",0.998546505714322,0.019138780212218473
"[""F11r"",""Jam2""]",0.9994739162035233,0.012199743519044598
"[""F11r"",""Jam3""]",0.9996340719880631,0.010447026861072527
"[""F2"",""F2r""]",0.9923834854523155,0.06491809159353701
"[""F2"",""F2rl1""]",0.8976258410812119,0.19074816959218843
"[""F2"",""F2rl2""]",0.9748074254841631,0.10531470329769203
"[""F2"",""F2rl3""]",0.9704419252864876,0.11970712553451582
"[""F2"",""Pard3""]",0.9990653932103467,0.016793787482161593
"[""Fasl"",""Fas""]",0.9883724441895415,0.05631715157414918
"[""Fcer2a"",""Cr2""]",0.9998003296374522,0.008224962934628651
"[""Fcer2a"",""Itgam_Itgb2""]",0.9993505193377783,0.01291192019985624
"[""Fcer2a"",""Itgav_Itgb3""]",0.9990930297587499,0.01537592050615817
"[""Fcer2a"",""Itgax_Itgb2""]",0.9990707529812681,0.01583521321311585
"[""Fgf1"",""Fgfr1""]",0.9995571082532774,0.011263566186245206
"[""Fgf1"",""Fgfr2""]",0.9977189218343155,0.030401772576261647
"[""Fgf1"",""Fgfr3""]",0.9970298970101585,0.03009766741234143
"[""Fgf1"",""Fgfr4""]",0.9996661864337746,0.009542600195915154
"[""Fgf10"",""Fgfr1""]",0.9997596766265633,0.00808107752536029
"[""Fgf10"",""Fgfr2""]",0.9995188935384424,0.011369154307684894
"[""Fgf15"",""Fgfr1""]",0.999950799972133,0.0034451104983298534
"[""Fgf15"",""Fgfr2""]",0.9996746410556633,0.010282737984332362
"[""Fgf15"",""Fgfr3""]",0.9994176373223789,0.014709900398388057
"[""Fgf15"",""Fgfr4""]",0.9999679709189951,0.0027246293813523153
"[""Fgf16"",""Fgfr1""]",0.9996760236223617,0.009637510241581514
"[""Fgf16"",""Fgfr2""]",0.9990477264230949,0.016570617306183737
"[""Fgf16"",""Fgfr3""]",0.9987661614372979,0.019946773817893636
"[""Fgf16"",""Fgfr4""]",0.9998808734610819,0.006265637716126997
"[""Fgf17"",""Fgfr1""]",0.9999463287745592,0.0036941220375708325
"[""Fgf17"",""Fgfr2""]",0.9998686263376084,0.006974907055236407
"[""Fgf17"",""Fgfr3""]",0.9997006787982627,0.010445382502372362
"[""Fgf17"",""Fgfr4""]",0.9999793804986026,0.002239460381147933
"[""Fgf18"",""Fgfr1""]",0.9997368270064664,0.008876478513748573
"[""Fgf18"",""Fgfr2""]",0.9995386731701749,0.012071506082771523
"[""Fgf18"",""Fgfr3""]",0.9993470872311689,0.014807255900288441
"[""Fgf18"",""Fgfr4""]",0.9999215820359154,0.005264661528659823
"[""Fgf2"",""Fgfr1""]",0.9995413329867556,0.011254613851215007
"[""Fgf2"",""Fgfr2""]",0.9987884783834453,0.018424962668049594
"[""Fgf2"",""Fgfr3""]",0.9987040682061603,0.01938528423007127
"[""Fgf2"",""Fgfr4""]",0.9998016425217754,0.007595739837001795
"[""Fgf20"",""Fgfr1""]",0.9997311148996917,0.00882023616771605
"[""Fgf20"",""Fgfr2""]",0.9991897247229017,0.014668002325919331
"[""Fgf20"",""Fgfr3""]",0.9994978308871755,0.011262138151426317
"[""Fgf20"",""Fgfr4""]",0.9998954195902349,0.006019675869590689
"[""Fgf22"",""Fgfr2""]",0.9989380888437872,0.018078981413818366
"[""Fgf23"",""Fgfr1""]",0.9994217573988076,0.012969474715977846
"[""Fgf23"",""Fgfr3""]",0.997715407733301,0.02651488909337474
"[""Fgf23"",""Fgfr4""]",0.9995704751256507,0.011218651534584846
"[""Fgf3"",""Fgfr1""]",0.9995200495384667,0.013060529891418584
"[""Fgf3"",""Fgfr2""]",0.9969402056703178,0.029172115520373323
"[""Fgf4"",""Fgfr1""]",0.9998606315602089,0.0063806164662607795
"[""Fgf4"",""Fgfr2""]",0.9996065109069661,0.011134556200358267
"[""Fgf4"",""Fgfr3""]",0.9995149106472483,0.011934551454980348
"[""Fgf4"",""Fgfr4""]",0.999946588185538,0.00423942598481633
"[""Fgf5"",""Fgfr1""]",0.9999269358368,0.004981924277650153
"[""Fgf5"",""Fgfr2""]",0.9998699750700272,0.0068840027331253184
"[""Fgf5"",""Fgfr3""]",0.9998440226345113,0.007350722510829592
"[""Fgf5"",""Fgfr4""]",0.9999722418201195,0.003356419246010339
"[""Fgf7"",""Fgfr1""]",0.9998514022420159,0.006740259313878606
"[""Fgf7"",""Fgfr2""]",0.9996310721911521,0.010853833682794824
"[""Fgf8"",""Fgfr1""]",0.9998523864118429,0.006315686991326573
"[""Fgf8"",""Fgfr2""]",0.9997647174100146,0.008787569885811732
"[""Fgf8"",""Fgfr3""]",0.9998843200332235,0.005644877781813827
"[""Fgf8"",""Fgfr4""]",0.9999354035158791,0.0042242420861688815
"[""Fgf9"",""Fgfr1""]",0.999785549456345,0.007897966095422464
"[""Fgf9"",""Fgfr2""]",0.9993716068585408,0.013576961822211814
"[""Fgf9"",""Fgfr3""]",0.9993624582908872,0.013558501570776765
"[""Fgf9"",""Fgfr4""]",0.9999111944042658,0.005388446528410858
"[""Flt3l"",""Flt3""]",0.9988280874721853,0.01867773636219207
"[""Fn1"",""Cd44""]",0.9956198793153167,0.03663772152435466
"[""Fn1"",""Itga2b_Itgb3""]",0.9988928421100122,0.017073570038456387
"[""Fn1"",""Itga3_Itgb1""]",0.9991162171990068,0.015866741402267726
"[""Fn1"",""Itga4_Itgb1""]",0.9998027990355257,0.007169023898424647
"[""Fn1"",""Itga4_Itgb7""]",0.9993263399783019,0.013365354525282211
"[""Fn1"",""Itga5_Itgb1""]",0.9992237462682102,0.014950052519997729
"[""Fn1"",""Itga8_Itgb1""]",0.9995265777000163,0.011389200461316142
"[""Fn1"",""Itgav_Itgb1""]",0.9992725743190962,0.014398891849485531
"[""Fn1"",""Itgav_Itgb3""]",0.9988995487650038,0.017011758928624245
"[""Fn1"",""Itgav_Itgb6""]",0.9998060370677231,0.00761469720447539
"[""Fn1"",""Itgav_Itgb8""]",0.9995825282816945,0.010912759174547171
"[""Fn1"",""Sdc1""]",0.9994336146718993,0.01269062313628393
"[""Fn1"",""Sdc4""]",0.9982604824976768,0.02236774713065973
"[""Gal"",""Galr1""]",0.9900914210407753,0.05773946818885212
"[""Gal"",""Galr2""]",0.9990346701584222,0.017278996739693388
"[""Gal"",""Galr3""]",0.9994823577415067,0.011215162268261107
"[""Galp"",""Galr1""]",0.9996810067735448,0.016271168360169237
"[""Galp"",""Galr2""]",0.9999274611605781,0.006385635639584159
"[""Gas6"",""Axl""]",0.9979866685796049,0.02404822218314965
"[""Gas6"",""Mertk""]",0.9991377234953152,0.01573576468747674
"[""Gas6"",""Tyro3""]",0.998893785253781,0.01805386732893675
"[""Gcg"",""Gcgr""]",0.9944402350863085,0.055638925267799275
"[""Gcg"",""Gipr""]",0.9954147415297563,0.037825884607485004
"[""Gcg"",""Glp1r""]",0.9996191540394415,0.009342706647736045
"[""Gcg"",""Glp2r""]",0.9975371931093872,0.032593205852007895
"[""Gdf10"",""Acvr1b_Acvr2a""]",0.9989431298150256,0.018252799256064243
"[""Gdf11"",""Acvr1b_Acvr2b""]",0.9997093717882382,0.009667271540624812
"[""Gdf11"",""Tgfbr1_Acvr2a""]",0.9997862594926048,0.008169296385792993
"[""Gdf11"",""Tgfbr1_Acvr2b""]",0.9998917370094501,0.005675303014243654
"[""Gdf15"",""Tgfbr2""]",0.999004412237239,0.01580440393377861
"[""Gdf2"",""Acvrl1_Acvr2a""]",0.9868093496650361,0.0832233675998925
"[""Gdf2"",""Acvrl1_Bmpr2""]",0.9868093496650361,0.0832233675998925
"[""Gdf3"",""Acvr1b_Acvr2a_Cfc1""]",0.9880135203340291,0.05848148508134747
"[""Gdf3"",""Acvr1b_Acvr2b_Cfc1""]",0.9880135203340291,0.05848148508134747
"[""Gdf3"",""Acvr1c_Acvr2a_Cfc1""]",0.9880135203340291,0.05848148508134747
"[""Gdf3"",""Acvr1c_Acvr2b_Cfc1""]",0.9880135203340291,0.05848148508134747
"[""Gdf5"",""Bmpr1a_Acvr2a""]",0.9994420741251747,0.013363353742479232
"[""Gdf5"",""Bmpr1a_Acvr2b""]",0.9996133485319358,0.010920164578779014
"[""Gdf5"",""Bmpr1a_Bmpr2""]",0.9994012117916065,0.013426081968282887
"[""Gdf5"",""Bmpr1b_Acvr2a""]",0.9995024522742743,0.012799973438262934
"[""Gdf5"",""Bmpr1b_Acvr2b""]",0.9995902649462725,0.011285318943757323
"[""Gdf5"",""Bmpr1b_Bmpr2""]",0.999550258069202,0.011688769377739387
"[""Gdf6"",""Bmpr1a_Acvr2a""]",0.9996913945232916,0.009543964199495296
"[""Gdf6"",""Bmpr1a_Acvr2b""]",0.9997833334301478,0.007961534029290809
"[""Gdf6"",""Bmpr1a_Bmpr2""]",0.9996279395966413,0.010300117717953711
"[""Gdf6"",""Bmpr1b_Acvr2a""]",0.9997511648260222,0.008704219140247393
"[""Gdf6"",""Bmpr1b_Acvr2b""]",0.9997726260721704,0.008178799815207534
"[""Gdf6"",""Bmpr1b_Bmpr2""]",0.9997794536894133,0.007989132387247733
"[""Gdf7"",""Bmpr1a_Acvr2a""]",0.999833966343552,0.006985078481245926
"[""Gdf7"",""Bmpr1a_Acvr2b""]",0.9999208205291372,0.004627389403385258
"[""Gdf7"",""Bmpr1a_Bmpr2""]",0.9997673380497134,0.008257248110748112
"[""Gdf7"",""Bmpr1b_Acvr2a""]",0.9998408010987566,0.00715765111727517
"[""Gdf7"",""Bmpr1b_Acvr2b""]",0.9999043998227548,0.005300589844660423
"[""Gdf7"",""Bmpr1b_Bmpr2""]",0.9997757094218817,0.008250823890197299
"[""Gdf9"",""Acvr1b_Bmpr2""]",0.9994242687107833,0.012415228154719425
"[""Gdnf"",""Gfra1_Ret""]",0.9997342166881051,0.009047419505791673
"[""Ghrh"",""Vipr1""]",0.9995824696617465,0.009941496401551739
"[""Ghrh"",""Vipr2""]",0.9996839949634165,0.009206565812358517
"[""Gip"",""Gipr""]",0.9927386871882949,0.04530380957825418
"[""Gm7030"",""Cd8a""]",0.9998109550382505,0.0072982148370395045
"[""Gm7030"",""Cd8b1""]",0.9997036711978854,0.014753202965091805
"[""Gm8909"",""Cd8a""]",0.999922276763239,0.005368672808623586
"[""Gm8909"",""Cd8b1""]",0.9997553022869042,0.007592343606345775
"[""Gp1ba"",""Itgam_Itgb2""]",0.9984144038036523,0.023702355401664186
"[""Grn"",""Sort1""]",0.9983571193652935,0.022413581400426423
"[""Grp"",""Grpr""]",0.9991475252043237,0.019533262222982874
"[""Guca2a"",""Gucy2c""]",0.9987866761527965,0.017600051880344515
"[""Guca2b"",""Gucy2c""]",0.9960095024374026,0.03364990347014008
"[""Gzma"",""F2r""]",0.9893483363292482,0.06070116354758678
"[""Gzma"",""F2rl1""]",0.9839743227252779,0.07903042043668193
"[""Gzma"",""F2rl2""]",0.9930065647657172,0.04502572462377056
"[""Gzma"",""F2rl3""]",0.9852031414798232,0.07230979570526197
"[""Gzma"",""Pard3""]",0.9973732404735819,0.02927118441716135
"[""H2-Aa"",""Cd4""]",0.9970582789354874,0.02894656460564623
"[""H2-Ab1"",""Cd4""]",0.9963567753690248,0.032131017631082226
"[""H2-D1"",""Cd8a""]",0.999699049187567,0.008568915908198445
"[""H2-D1"",""Cd8b1""]",0.9981159231256205,0.02235234260746202
"[""H2-DMa"",""Cd4""]",0.9993696177896368,0.012806606186993388
"[""H2-DMb1"",""Cd4""]",0.9990426283418288,0.015644664632937698
"[""H2-DMb2"",""Cd4""]",0.9993684513723199,0.012774820733565216
"[""H2-Eb1"",""Cd4""]",0.9990655546386407,0.01593513386971407
"[""H2-K1"",""Cd8a""]",0.9994194788196845,0.013983556331837583
"[""H2-K1"",""Cd8b1""]",0.9961760254657587,0.04162335802141092
"[""H2-M3"",""Cd8a""]",0.999823767295443,0.006853683963933959
"[""H2-M3"",""Cd8b1""]",0.999483694058824,0.01136741396631666
"[""H2-M5"",""Cd8a""]",0.9997709979999645,0.008272724650861873
"[""H2-M5"",""Cd8b1""]",0.9995602533877334,0.01868625074491443
"[""H2-Oa"",""Cd4""]",0.999583009076317,0.010354554506543961
"[""H2-Q1"",""Cd8a""]",0.9998799095604335,0.005520645811713026
"[""H2-Q1"",""Cd8b1""]",0.9990557294838112,0.015262899084305283
"[""H2-Q10"",""Cd8a""]",0.9906533186560768,0.06761922651283113
"[""H2-Q10"",""Cd8b1""]",0.8899389670380644,0.2089297343432518
"[""H2-Q2"",""Cd8a""]",0.999670491884501,0.00915870185434333
"[""H2-Q2"",""Cd8b1""]",0.9980087299757388,0.022435967153525357
"[""H2-Q4"",""Cd8a""]",0.9998677422748352,0.0058906912911736746
"[""H2-Q4"",""Cd8b1""]",0.9996081896588175,0.015746264678050022
"[""H2-Q6"",""Cd8a""]",0.9997875763114062,0.009037941646490227
"[""H2-Q6"",""Cd8b1""]",0.9987561973557664,0.02268718097647459
"[""H2-Q7"",""Cd8a""]",0.9998949715891772,0.005059594541387518
"[""H2-Q7"",""Cd8b1""]",0.999678050899409,0.015169568644742221
"[""H2-T22"",""Cd8a""]",0.9997901779113932,0.007765236175485978
"[""H2-T22"",""Cd8b1""]",0.9996102062851191,0.010779683415067035
"[""H2-T23"",""Cd8a""]",0.999537137563321,0.010718536037638105
"[""H2-T23"",""Cd8b1""]",0.9981628963748224,0.022135072553581353
"[""H2-T24"",""Cd8a""]",0.9998827547239502,0.005717476195389926
"[""H2-T24"",""Cd8b1""]",0.9998075173896979,0.012376874300085022
"[""H2-T3"",""Cd8a""]",0.9997564529207766,0.012639533696625745
"[""H2-T3"",""Cd8b1""]",0.9986999084973428,0.02485149341761965
"[""Hbegf"",""Egfr""]",0.9996103424421083,0.011212321694663808
"[""Hbegf"",""Egfr_Erbb2""]",0.9991791975354493,0.017040697953975288
"[""Hbegf"",""Erbb2_Erbb4""]",0.9976797179944196,0.02705169735259666
"[""Hbegf"",""Erbb4""]",0.9985646360975499,0.020911960479945063
"[""Hc"",""C5ar1""]",0.9746127697128627,0.1134396019866292
"[""Hcrt"",""Hcrtr1""]",0.9853864904027786,0.07214054484409907
"[""Hcrt"",""Hcrtr2""]",0.9956698483000845,0.03326606028992195
"[""Hgf"",""Met""]",0.9998739911145486,0.005783712898853083
"[""Hspg2"",""Dag1""]",0.9957373239919952,0.03655051390427683
"[""Iapp"",""Calcr""]",0.9949687151643194,0.03929097523734906
"[""Iapp"",""Calcrl""]",0.9995992829193112,0.00948315009978102
"[""Ibsp"",""Itgav_Itgb3""]",0.9961399463846649,0.03126074525752696
"[""Ibsp"",""Itgav_Itgb5""]",0.9978390442036169,0.024380142557936003
"[""Icam1"",""Itgal""]",0.9962790738223055,0.03373799261823611
"[""Icam1"",""Itgal_Itgb2""]",0.9988486036828618,0.017673105061081305
"[""Icam1"",""Itgam_Itgb2""]",0.9987857447532372,0.01802200041732642
"[""Icam1"",""Itgax_Itgb2""]",0.998225411901298,0.021616879088608112
"[""Icam1"",""Spn""]",0.977321568643983,0.11772070605086164
"[""Icam2"",""Itgal_Itgb2""]",0.9982648819111094,0.021103172274634555
"[""Icam2"",""Itgam_Itgb2""]",0.9981682456141197,0.021793593555700434
"[""Icosl"",""Cd28""]",0.9994801137436906,0.011210377749106317
"[""Icosl"",""Ctla4""]",0.9996177526496552,0.009784165023363843
"[""Icosl"",""Icos""]",0.9995321117630377,0.010615286172310943
"[""Ifnk"",""Ifnar1_Ifnar2""]",0.9997959701178957,0.007312468415875844
"[""Igf1"",""Igf1r""]",0.9997282384624067,0.00917998007859024
"[""Igf1"",""Itga6_Itgb4""]",0.9991115121828528,0.01593304637784061
"[""Igf1"",""Itgav_Itgb3""]",0.9989296146241842,0.016182268607468943
"[""Igf2"",""Igf1r""]",0.9992117724762548,0.015725715260649004
"[""Igf2"",""Igf2r""]",0.9965978323602959,0.03201933231065944
"[""Igf2"",""Itga6_Itgb4""]",0.9967091923007321,0.03222166381429948
"[""Igf2"",""Itgav_Itgb3""]",0.9956372969589216,0.034780432037857995
"[""Ihh"",""Ptch1_Smo""]",0.9994980735921851,0.01176864132241872
"[""Ihh"",""Ptch2_Smo""]",0.9993344536623511,0.013232023071885266
"[""Il10"",""Il10ra_Il10rb""]",0.9995042995207004,0.01105298546903851
"[""Il11"",""Il11ra1_Il6st""]",0.9994633113546664,0.012589869520678388
"[""Il15"",""Il15ra_Il2rb_Il2rg""]",0.9988206007842516,0.017280089032714073
"[""Il16"",""Cd4""]",0.9990432527411012,0.016022554985199874
"[""Il17b"",""Il17rb""]",0.9996292663231251,0.010342701876923682
"[""Il17f"",""Il17ra_Il17rc""]",0.998949570002176,0.022853838938009137
"[""Il18"",""Il18r1_Il18rap""]",0.9951666659992972,0.034778395999465174
"[""Il19"",""Il20ra_Il20rb""]",0.9996721090707781,0.010849204081830684
"[""Il1a"",""Il1r1_Il1rap""]",0.9994945452346999,0.011820075582106059
"[""Il1b"",""Il1r1_Il1rap""]",0.9993722101355414,0.012685166334303229
"[""Il2"",""Il2ra_Il2rb_Il2rg""]",0.9991500832200265,0.015441325690060204
"[""Il2"",""Il2rb_Il2rg""]",0.9992551689229169,0.01407212143058665
"[""Il22"",""Il22ra1_Il10rb""]",0.999187793752762,0.01732321096510716
"[""Il25"",""Il17ra_Il17rb""]",0.999258167957552,0.013055776890947174
"[""Il27_Ebi3"",""Il27ra_Il6st""]",0.9963838330100031,0.034114366239231246
"[""Il31"",""Il31ra_Osmr""]",0.9943756285535859,0.04225123910973408
"[""Il33"",""Il1rl1_Il1rap""]",0.9997028306072482,0.008449032578066281
"[""Il34"",""Csf1r""]",0.9990337731894882,0.01605678972079683
"[""Il4"",""Il4ra""]",0.9943032680099606,0.03801534114796361
"[""Il4"",""Il4ra_Il13ra1""]",0.9949382455543644,0.040322334286315056
"[""Il4"",""Il4ra_Il13ra2""]",0.9984513098784732,0.021545231140348186
"[""Il4"",""Il4ra_Il2rg""]",0.9972553791332025,0.027365767248069724
"[""Il5"",""Il5ra_Csf2rb""]",0.9997489493428134,0.012441123159744496
"[""Il6"",""Il6ra_Il6st""]",0.9988183677630402,0.024319564797543304
"[""Il7"",""Il7r_Il2rg""]",0.9970777513653667,0.02967823494287212
"[""Inha_Inhba"",""Acvr2a""]",0.9992822216557141,0.015133292048941595
"[""Inha_Inhbb"",""Acvr2b""]",0.9998282677750433,0.006594819155199934
"[""Inhba"",""Acvr1b_Acvr2a""]",0.9990121618149549,0.016989189905603146
"[""Inhba"",""Acvr1b_Acvr2b""]",0.9991772843522033,0.015871682947889196
"[""Inhba_Inhbb"",""Acvr1b_Acvr2a""]",0.9985623456159568,0.01961359155666042
"[""Inhba_Inhbb"",""Acvr1b_Acvr2b""]",0.9990939779991367,0.01598796634257791
"[""Inhba_Inhbb"",""Acvr1c_Acvr2a""]",0.9960522543492548,0.034535798575827246
"[""Inhba_Inhbb"",""Acvr1c_Acvr2b""]",0.9960522543492548,0.034535798575827246
"[""Inhbb"",""Acvr1b_Acvr2a""]",0.9991544718178302,0.014417676968014666
"[""Inhbb"",""Acvr1b_Acvr2b""]",0.9994774281841812,0.011441421795332923
"[""Inhbb"",""Acvr1c_Acvr2a""]",0.9974950528327973,0.026306620984147145
"[""Inhbb"",""Acvr1c_Acvr2b""]",0.9974950528327973,0.026306620984147145
"[""Inhbc"",""Acvr1b_Acvr2a""]",0.9794632500853548,0.10705400142135958
"[""Inhbc"",""Acvr1b_Acvr2b""]",0.9900107202094506,0.07077337886948336
"[""Inhbc"",""Acvr1c_Acvr2a""]",0.9796724038134147,0.0722066554224489
"[""Inhbc"",""Acvr1c_Acvr2b""]",0.9796724038134147,0.0722066554224489
"[""Inhbe"",""Acvr1b_Acvr2a""]",0.9992602412679481,0.016204987150447773
"[""Inhbe"",""Acvr1b_Acvr2b""]",0.9995522197873331,0.01234309211945827
"[""Inhbe"",""Acvr1c_Acvr2a""]",0.9984656288829664,0.019390355725605168
"[""Inhbe"",""Acvr1c_Acvr2b""]",0.9984656288829664,0.019390355725605168
"[""Ins2"",""Insr""]",0.9992537512657101,0.013321550744740729
"[""Insl5"",""Rxfp1""]",0.9979388055680577,0.023854363775545204
"[""Insl5"",""Rxfp2""]",0.9999140146376451,0.005102268158358866
"[""Insl5"",""Rxfp3""]",0.9998987756083703,0.005295569911911635
"[""Itga4_Itgb1"",""Vcam1""]",0.9998720863824637,0.006134282479481151
"[""Itga4_Itgb7"",""Vcam1""]",0.9994127727663777,0.012447630893679975
"[""Itga9_Itgb1"",""Vcam1""]",0.9996422671168694,0.009728465441476349
"[""Itgal_Itgb2"",""Cd226""]",0.9986672085502332,0.018995650792428785
"[""Itgal_Itgb2"",""Icam1""]",0.9988305732793811,0.01780027037950017
"[""Itgal_Itgb2"",""Icam2""]",0.9982438678273369,0.021258367518472408
"[""Jag1"",""Notch1""]",0.9995370503964891,0.01105512402561836
"[""Jag1"",""Notch2""]",0.999740441949065,0.008583539187317456
"[""Jag1"",""Notch3""]",0.9997472820676654,0.008699886626832408
"[""Jag1"",""Notch4""]",0.9995396109086444,0.011782865081229076
"[""Jag2"",""Notch1""]",0.9988589693236446,0.017246162132215803
"[""Jag2"",""Notch2""]",0.9996106316181971,0.010698556054850884
"[""Jag2"",""Notch3""]",0.9996062367457762,0.010985962414188684
"[""Jag2"",""Notch4""]",0.9989433416818132,0.018018168151862433
"[""Jam2"",""F11r""]",0.9994616444041422,0.012326935065859648
"[""Jam2"",""Itga3_Itgb1""]",0.9998492841940729,0.0061049348220445785
"[""Jam2"",""Itgav_Itgb1""]",0.9997603782061596,0.008078128004538172
"[""Jam2"",""Jam2""]",0.9999427828040732,0.0041782750695710715
"[""Jam2"",""Jam3""]",0.999980708184825,0.002219213052547627
"[""Jam3"",""F11r""]",0.9996350352998667,0.010427762458947843
"[""Jam3"",""Itgam_Itgb2""]",0.9998459880779079,0.0062535047091587205
"[""Jam3"",""Jam2""]",0.9999813261720688,0.0021872873989472576
"[""Jam3"",""Jam3""]",0.999957335327113,0.0036295276797948524
"[""Kitl"",""Kit""]",0.9992541217459667,0.013361852878010456
"[""Kng1"",""Bdkrb1""]",0.8680504359118724,0.20933732621281112
"[""Kng1"",""Bdkrb2""]",0.6488134177816974,0.2934500849715999
"[""Kng2"",""Bdkrb1""]",0.9991749375767424,0.014773347985459259
"[""Kng2"",""Bdkrb2""]",0.9989060573804883,0.01879409570788902
"[""L1cam"",""Itga4_Itgb7""]",0.9907240888030154,0.04593993630651983
"[""L1cam"",""Itgav_Itgb3""]",0.9873110329272405,0.05227595839506506
"[""L1cam"",""L1cam""]",0.9790753666668454,0.0695001295236959
"[""Lama1"",""Cd44""]",0.9947066080022856,0.03933135768408667
"[""Lama1"",""Dag1""]",0.9997619840342081,0.007951032695940179
"[""Lama1"",""Itga1_Itgb1""]",0.9996190194685299,0.010291096337024087
"[""Lama1"",""Itga2_Itgb1""]",0.9999072676015744,0.004971414932399601
"[""Lama1"",""Itga3_Itgb1""]",0.9998648495150437,0.0058310214175169356
"[""Lama1"",""Itga6_Itgb1""]",0.9996785873077391,0.009322665979860685
"[""Lama1"",""Itga6_Itgb4""]",0.9997557308767528,0.008702109284576265
"[""Lama1"",""Itga7_Itgb1""]",0.9997894381940363,0.007261539432046016
"[""Lama1"",""Itga9_Itgb1""]",0.9998608318152516,0.006165940674745839
"[""Lama1"",""Itgav_Itgb8""]",0.9999458090347644,0.0036114440066656495
"[""Lama1"",""Sv2a""]",0.9991967549717622,0.015348260971890345
"[""Lama1"",""Sv2b""]",0.9998159470734591,0.006859774511335201
"[""Lama1"",""Sv2c""]",0.9997322085090352,0.008507175516704896
"[""Lama2"",""Cd44""]",0.9991330911911918,0.01642343050560369
"[""Lama2"",""Dag1""]",0.9996944639157025,0.00927872729292958
"[""Lama2"",""Itga1_Itgb1""]",0.9995067306942903,0.01193186719989423
"[""Lama2"",""Itga2_Itgb1""]",0.9998147954616013,0.007355082049916059
"[""Lama2"",""Itga3_Itgb1""]",0.9997384549557684,0.008576581852339471
"[""Lama2"",""Itga6_Itgb1""]",0.9996006157045412,0.01057228265760199
"[""Lama2"",""Itga6_Itgb4""]",0.999722213992235,0.009022048433432062
"[""Lama2"",""Itga7_Itgb1""]",0.9999120937337316,0.005025929396393959
"[""Lama2"",""Itga9_Itgb1""]",0.999819210060321,0.007166615164956047
"[""Lama2"",""Itgav_Itgb8""]",0.9998661121688606,0.006035876803692843
"[""Lama2"",""Sv2a""]",0.999180205119256,0.019455820401973748
"[""Lama2"",""Sv2b""]",0.9998308210334386,0.007404930768014372
"[""Lama2"",""Sv2c""]",0.9998355760442941,0.007693432333250827
"[""Lama3"",""Cd44""]",0.8277232215340439,0.1866368853471537
"[""Lama3"",""Dag1""]",0.9987323068793572,0.01909917316210498
"[""Lama3"",""Itga1_Itgb1""]",0.9981224702183504,0.023489627300064184
"[""Lama3"",""Itga2_Itgb1""]",0.999341606065161,0.013945980572611455
"[""Lama3"",""Itga3_Itgb1""]",0.9991380148585403,0.015715936462178566
"[""Lama3"",""Itga6_Itgb1""]",0.9985890795360344,0.020112104491249963
"[""Lama3"",""Itga6_Itgb4""]",0.9987259002499773,0.02126779839646526
"[""Lama3"",""Itga7_Itgb1""]",0.9989693660750412,0.0171932070478061
"[""Lama3"",""Itga9_Itgb1""]",0.9993912446441047,0.013323783052762035
"[""Lama3"",""Itgav_Itgb8""]",0.9995566546516963,0.010972080329180872
"[""Lama3"",""Sv2a""]",0.9904861443559988,0.053026545462683386
"[""Lama3"",""Sv2b""]",0.9988030892145878,0.020054790796924318
"[""Lama3"",""Sv2c""]",0.9987333056014585,0.021804388194927242
"[""Lama4"",""Cd44""]",0.9765087425243867,0.08593680840461107
"[""Lama4"",""Dag1""]",0.9985165966749174,0.020667610964989983
"[""Lama4"",""Itga1_Itgb1""]",0.9976870797038336,0.025972708345764168
"[""Lama4"",""Itga2_Itgb1""]",0.9992334928291187,0.015067480472099624
"[""Lama4"",""Itga3_Itgb1""]",0.9987477284529462,0.018999871963186
"[""Lama4"",""Itga6_Itgb1""]",0.9981581011385866,0.023015880133553844
"[""Lama4"",""Itga6_Itgb4""]",0.9987281334100434,0.018903632919104102
"[""Lama4"",""Itga7_Itgb1""]",0.9992550080392356,0.014193563970961274
"[""Lama4"",""Itga9_Itgb1""]",0.9993479998170146,0.013809468287024567
"[""Lama4"",""Itgav_Itgb8""]",0.9994792416875578,0.012116449125544932
"[""Lama4"",""Sv2a""]",0.9934526602335865,0.0511661673018448
"[""Lama4"",""Sv2b""]",0.9990473767292872,0.017911687941521384
"[""Lama4"",""Sv2c""]",0.9990331586360125,0.019289231163321627
"[""Lama5"",""Cd44""]",0.9106066120583656,0.16197833175990797
"[""Lama5"",""Dag1""]",0.9972468157417523,0.02807153850666113
"[""Lama5"",""Itga1_Itgb1""]",0.9953902417561891,0.03684348602899671
"[""Lama5"",""Itga2_Itgb1""]",0.9986660931601875,0.019537909479081555
"[""Lama5"",""Itga3_Itgb1""]",0.9981492909845122,0.02304378981976963
"[""Lama5"",""Itga6_Itgb1""]",0.9968582551386097,0.030125557782972677
"[""Lama5"",""Itga6_Itgb4""]",0.9975216485194119,0.02698604335948702
"[""Lama5"",""Itga7_Itgb1""]",0.9978173204051327,0.02364747223363721
"[""Lama5"",""Itga9_Itgb1""]",0.9989742097031994,0.01711378994542121
"[""Lama5"",""Itgav_Itgb8""]",0.9992786759192981,0.0139179088288298
"[""Lama5"",""Sv2a""]",0.9769625242061318,0.08226745734069514
"[""Lama5"",""Sv2b""]",0.9972807325302544,0.029349279338408737
"[""Lama5"",""Sv2c""]",0.9968229889198217,0.033229157728345275
"[""Lamb1"",""Cd44""]",0.9920337660177778,0.04768401535285504
"[""Lamb1"",""Dag1""]",0.9990577420534235,0.01637587306742586
"[""Lamb1"",""Itga1_Itgb1""]",0.9984920308823118,0.020963721698384726
"[""Lamb1"",""Itga2_Itgb1""]",0.9995541232250948,0.011495334570172907
"[""Lamb1"",""Itga3_Itgb1""]",0.9992951883139249,0.014232235536600149
"[""Lamb1"",""Itga6_Itgb1""]",0.9988259718370739,0.01833357439026391
"[""Lamb1"",""Itga6_Itgb4""]",0.9992914601194903,0.014020174925151504
"[""Lamb1"",""Itga7_Itgb1""]",0.9995859591616768,0.010572917962067056
"[""Lamb1"",""Itga9_Itgb1""]",0.9996098424356917,0.01062376343587155
"[""Lamb1"",""Itgav_Itgb8""]",0.9997001952729677,0.009104030126860122
"[""Lamb1"",""Sv2a""]",0.9962700354266847,0.034569859022681684
"[""Lamb1"",""Sv2b""]",0.9995067934318315,0.012463670228907205
"[""Lamb1"",""Sv2c""]",0.9995464565770776,0.012504966544782347
"[""Lamb2"",""Cd44""]",0.9375295310461141,0.134764958311404
"[""Lamb2"",""Dag1""]",0.9983274951006886,0.021926478769918663
"[""Lamb2"",""Itga1_Itgb1""]",0.9973741586512093,0.02769093742430916
"[""Lamb2"",""Itga2_Itgb1""]",0.9991255659999806,0.015948062925123078
"[""Lamb2"",""Itga3_Itgb1""]",0.9986668784234803,0.01940938784423839
"[""Lamb2"",""Itga6_Itgb1""]",0.9979511385912114,0.024284976046092786
"[""Lamb2"",""Itga6_Itgb4""]",0.9982927222194068,0.021935891779600994
"[""Lamb2"",""Itga7_Itgb1""]",0.9986252109110787,0.019206136518084692
"[""Lamb2"",""Itga9_Itgb1""]",0.9992242462526797,0.015014159116851973
"[""Lamb2"",""Itgav_Itgb8""]",0.9994737948953609,0.011982057797770533
"[""Lamb2"",""Sv2a""]",0.9918288370693528,0.04955187204551229
"[""Lamb2"",""Sv2b""]",0.9985516969183248,0.022094761502466618
"[""Lamb2"",""Sv2c""]",0.9983505336325786,0.02545427580257327
"[""Lamb3"",""Cd44""]",0.8578824332578137,0.17756645225493806
"[""Lamb3"",""Dag1""]",0.998502721294899,0.02025795739023247
"[""Lamb3"",""Itga1_Itgb1""]",0.9972809849031875,0.027698900907845703
"[""Lamb3"",""Itga2_Itgb1""]",0.9992349973173694,0.014489573478814027
"[""Lamb3"",""Itga3_Itgb1""]",0.9989083020102619,0.017292350350515278
"[""Lamb3"",""Itga6_Itgb1""]",0.9981898620669913,0.022377735576158884
"[""Lamb3"",""Itga6_Itgb4""]",0.9986641344166411,0.021402429281974243
"[""Lamb3"",""Itga7_Itgb1""]",0.9991935415380735,0.014753330828499759
"[""Lamb3"",""Itga9_Itgb1""]",0.9993853799896125,0.012939232586279582
"[""Lamb3"",""Itgav_Itgb8""]",0.9995872928563636,0.01032853350922642
"[""Lamb3"",""Sv2a""]",0.9893790488493438,0.06298785427870525
"[""Lamb3"",""Sv2b""]",0.9989115332863432,0.0176868950805353
"[""Lamb3"",""Sv2c""]",0.9988138795181674,0.019065873119383344
"[""Lamc1"",""Cd44""]",0.9840110225563355,0.07085438758547659
"[""Lamc1"",""Dag1""]",0.9987207719151663,0.019014774046667897
"[""Lamc1"",""Itga1_Itgb1""]",0.9979708917685763,0.02418866606909411
"[""Lamc1"",""Itga2_Itgb1""]",0.9994248064857385,0.012897854956337
"[""Lamc1"",""Itga3_Itgb1""]",0.9990885049506755,0.016060951084724363
"[""Lamc1"",""Itga6_Itgb1""]",0.9984425736742945,0.021045168495202816
"[""Lamc1"",""Itga6_Itgb4""]",0.9990811228488603,0.015914996633656923
"[""Lamc1"",""Itga7_Itgb1""]",0.9993380626148406,0.013241392548366397
"[""Lamc1"",""Itga9_Itgb1""]",0.9994851696655642,0.012132258534865008
"[""Lamc1"",""Itgav_Itgb8""]",0.9996413127261946,0.00988849366286135
"[""Lamc1"",""Sv2a""]",0.9949815606774508,0.039790401859829516
"[""Lamc1"",""Sv2b""]",0.9993630981610298,0.01386713077435594
"[""Lamc1"",""Sv2c""]",0.9994446061304622,0.013187424363977305
"[""Lamc2"",""Cd44""]",0.9778042640477507,0.0926102269052537
"[""Lamc2"",""Dag1""]",0.9957145258497074,0.03561211229240303
"[""Lamc2"",""Itga1_Itgb1""]",0.9928814788187496,0.046753155287451345
"[""Lamc2"",""Itga2_Itgb1""]",0.9977960431980117,0.025329124575084027
"[""Lamc2"",""Itga3_Itgb1""]",0.997165382891035,0.028755678840600735
"[""Lamc2"",""Itga6_Itgb1""]",0.9954878197134375,0.03650603234052278
"[""Lamc2"",""Itga6_Itgb4""]",0.9950927977905014,0.038315976928474736
"[""Lamc2"",""Itga7_Itgb1""]",0.993218801556747,0.04245626236881639
"[""Lamc2"",""Itga9_Itgb1""]",0.9983815375996005,0.02171733937037768
"[""Lamc2"",""Itgav_Itgb8""]",0.9988586458565744,0.01748140271145535
"[""Lamc2"",""Sv2a""]",0.9744127468731565,0.0910991893605805
"[""Lamc2"",""Sv2b""]",0.9924386001631819,0.05066577934110439
"[""Lamc2"",""Sv2c""]",0.9902208498259673,0.046596900595488586
"[""Lamc3"",""Cd44""]",0.891447231644052,0.17576645790996284
"[""Lamc3"",""Dag1""]",0.9995518222147375,0.011205806231472553
"[""Lamc3"",""Itga1_Itgb1""]",0.9994092564299064,0.012697910121213418
"[""Lamc3"",""Itga2_Itgb1""]",0.9998266599004801,0.00679438007702952
"[""Lamc3"",""Itga3_Itgb1""]",0.9996941816285263,0.009265324295475335
"[""Lamc3"",""Itga6_Itgb1""]",0.9994179229404199,0.012612769151190075
"[""Lamc3"",""Itga6_Itgb4""]",0.9994788223808019,0.017929872941707413
"[""Lamc3"",""Itga7_Itgb1""]",0.9993671331780074,0.01701212866242419
"[""Lamc3"",""Itga9_Itgb1""]",0.999770661374585,0.007994824694792974
"[""Lamc3"",""Itgav_Itgb8""]",0.9998735920233152,0.005584802384262492
"[""Lamc3"",""Sv2a""]",0.9970631252713904,0.031732076282341024
"[""Lamc3"",""Sv2b""]",0.9994776859635266,0.012268991671503414
"[""Lamc3"",""Sv2c""]",0.9992853330801194,0.015237414651951605
"[""Lck"",""Cd8a_Cd8b1""]",0.9997845247764616,0.0078092940578839
"[""Lgals9"",""Cd44""]",0.9626917074302332,0.10787143880720673
"[""Lgals9"",""Havcr2""]",0.999684421951521,0.00930800269713706
"[""Lgals9"",""Ighm""]",0.9976839786953553,0.024764155744062474
"[""Lgals9"",""Ptprc""]",0.9977627086619136,0.028651776873897316
"[""Lhb"",""Lhcgr""]",0.9997635511312315,0.007758292025426265
"[""Lif"",""Lifr_Il6st""]",0.9996749156404137,0.009611648920996911
"[""Lrrc4"",""Ntng2""]",0.9995729058947632,0.011357586843568255
"[""Lrrc4b"",""Ptprf""]",0.9981446196834535,0.02253514131219628
"[""Lrrc4c"",""Ntng1""]",0.9995607408289421,0.01146649421810183
"[""Lta"",""Tnfrsf14""]",0.9868012980624066,0.06606730634394802
"[""Lta"",""Tnfrsf1a""]",0.9985473924807355,0.020903752365691416
"[""Lta"",""Tnfrsf1b""]",0.9942874766880261,0.03531777257669374
"[""Lta_Ltb"",""Ltbr""]",0.998916664052559,0.017483743790970754
"[""Madcam1"",""Itga4_Itgb7""]",0.9992882734909553,0.013300010167034087
"[""Mag"",""Mag""]",0.9852961456770724,0.05412280136020125
"[""Mdk"",""Alk""]",0.99978645795916,0.008351607764803454
"[""Mdk"",""Itga4_Itgb1""]",0.9999147783656034,0.00491954114588409
"[""Mdk"",""Itga6_Itgb1""]",0.9995673669878495,0.011281326792491872
"[""Mdk"",""Lrp1""]",0.9997511455295011,0.008669636453555066
"[""Mdk"",""Ncl""]",0.999888456808852,0.005916906066408214
"[""Mdk"",""Ptprz1""]",0.9999169332866849,0.004574405492027334
"[""Mdk"",""Sdc1""]",0.9996765435183477,0.009836914543314734
"[""Mdk"",""Sdc2""]",0.9997499957615658,0.008624946558240672
"[""Mdk"",""Sdc4""]",0.9993068306791062,0.014597795482913525
"[""Mif"",""Ackr3""]",0.9994285012272154,0.012612546528455225
"[""Mif"",""Cd74_Cd44""]",0.9984516751220108,0.022351313053518822
"[""Mif"",""Cd74_Cxcr2""]",0.9995781266188182,0.010358566457933155
"[""Mif"",""Cd74_Cxcr4""]",0.998330966092025,0.023641756820467714
"[""Mpz"",""Mpz""]",0.9998560892672301,0.006435201022685196
"[""Mpz"",""Mpzl1""]",0.9995701015765697,0.012098952524257106
"[""Mpzl1"",""Mpzl1""]",0.9993058774517317,0.014484835480683177
"[""Mstn"",""Acvr1b_Acvr2a""]",0.9998593075540074,0.007341101177026854
"[""Mstn"",""Acvr1b_Acvr2b""]",0.9998801318063812,0.006932148507298494
"[""Mstn"",""Tgfbr1_Acvr2a""]",0.9999329176019681,0.00521193968928474
"[""Mstn"",""Tgfbr1_Acvr2b""]",0.999950830606669,0.004370201970161557
"[""Nampt"",""Insr""]",0.9997124053772845,0.008871589235403075
"[""Nampt"",""Itga5_Itgb1""]",0.9995109914873895,0.011879716778761606
"[""Ncam1"",""Fgfr1""]",0.9996043927706575,0.011136479371882951
"[""Ncam1"",""L1cam""]",0.9903478017183879,0.05184055583471812
"[""Ncam1"",""Ncam1""]",0.9988997993460648,0.02058477877889292
"[""Ncam1"",""Ncam2""]",0.9992542072719051,0.015335648140424523
"[""Ncam2"",""L1cam""]",0.9868065219562362,0.05458408441511229
"[""Nectin1"",""Cadm3""]",0.9963692324967137,0.027079851365525653
"[""Nectin1"",""Cd96""]",0.9995058240033323,0.01214724137649164
"[""Nectin1"",""Nectin3""]",0.9998586105212258,0.006248231339335881
"[""Nectin1"",""Nectin4""]",0.9951387685796693,0.04426325883485562
"[""Nectin2"",""Cd226""]",0.9988970046269241,0.022439859499900506
"[""Nectin2"",""Tigit""]",0.9993796359901993,0.013483202350789893
"[""Nectin3"",""Nectin1""]",0.9998574605671202,0.006265487264940859
"[""Nectin3"",""Nectin2""]",0.9997416126431496,0.008620136986208183
"[""Nectin3"",""Pvr""]",0.9996745690161529,0.00956344382040975
"[""Nectin3"",""Tigit""]",0.9998024192735098,0.007716715510248324
"[""Negr1"",""Negr1""]",0.9995707183614193,0.01065527384727731
"[""Nfasc"",""Cntn1_Cntnap1""]",0.9912891880817163,0.043417815453544624
"[""Ngf"",""Ngfr""]",0.9999050719327733,0.005542612928242391
"[""Ngf"",""Ntrk1""]",0.9997764400215592,0.011028532893282995
"[""Nmb"",""Nmbr""]",0.9999286456196101,0.004335718938112519
"[""Nms"",""Nmur1""]",0.9988340827147258,0.02377106141708411
"[""Nms"",""Nmur2""]",0.9963486004859552,0.033166941389192725
"[""Nmu"",""Nmur1""]",0.999708833034996,0.009421031950252736
"[""Nmu"",""Nmur2""]",0.9985358172629746,0.017945771563337234
"[""Nodal"",""Acvr1b_Acvr2a_Cfc1""]",0.9963553292862807,0.03305540149936479
"[""Nodal"",""Acvr1b_Acvr2b_Cfc1""]",0.9963553292862807,0.03305540149936479
"[""Nodal"",""Acvr1c_Acvr2a_Cfc1""]",0.9963553292862807,0.03305540149936479
"[""Nodal"",""Acvr1c_Acvr2b_Cfc1""]",0.9963553292862807,0.03305540149936479
"[""Npb"",""Npbwr1""]",0.9945543852925894,0.03768245662622908
"[""Npff"",""Npffr1""]",0.9949142813421408,0.040129577905897475
"[""Npff"",""Npffr2""]",0.9990519517170225,0.021327862873603
"[""Npnt_Fras1_Frem1"",""Itga8_Itgb1""]",0.9996884214788212,0.009062572413929664
"[""Npnt_Fras1_Frem2"",""Itga8_Itgb1""]",0.9997659039896658,0.008005130516485734
"[""Nppa"",""Npr1""]",0.9847588612763815,0.06525243458292591
"[""Nppb"",""Npr1""]",0.9855704623223688,0.0633550889474025
"[""Nppc"",""Npr2""]",0.9996660107641754,0.009575723716145438
"[""Nps"",""Npsr1""]",0.9992899911669416,0.021628972510915452
"[""Npvf"",""Npffr1""]",0.9971798469971805,0.030100774291957663
"[""Npvf"",""Npffr2""]",0.9991768715868146,0.015701729195194657
"[""Npw"",""Npbwr1""]",0.9989081764458122,0.016845069914586775
"[""Npy"",""Gpr83""]",0.998026329953746,0.0201832463963278
"[""Npy"",""Npy1r""]",0.9925028642338855,0.05596989747283362
"[""Npy"",""Npy2r""]",0.9983714748484904,0.01792263178924645
"[""Npy"",""Npy5r""]",0.9974147127922669,0.026858656889252173
"[""Nrg1"",""Erbb2_Erbb3""]",0.999875749176253,0.0065283580377356
"[""Nrg1"",""Erbb2_Erbb4""]",0.9991114869745662,0.016536078870151464
"[""Nrg1"",""Erbb3""]",0.9998990494682204,0.005804306976432721
"[""Nrg1"",""Erbb4""]",0.9997480523213834,0.008438152303359186
"[""Nrg1"",""Itgav_Itgb3""]",0.9994374259297188,0.011784117924728499
"[""Nrg2"",""Erbb2_Erbb3""]",0.9997728589372495,0.008548933386567183
"[""Nrg2"",""Erbb2_Erbb4""]",0.9986729404007244,0.020060579059847546
"[""Nrg2"",""Erbb3""]",0.999806301029806,0.007803700179691239
"[""Nrg2"",""Erbb4""]",0.9992798856783073,0.014593673699515175
"[""Nrg3"",""Erbb2_Erbb4""]",0.9940386108807382,0.046368261160800034
"[""Nrg3"",""Erbb4""]",0.998799992480956,0.020245020358120133
"[""Nrg4"",""Erbb2_Erbb4""]",0.9988185982486681,0.018429727891224188
"[""Nrg4"",""Erbb4""]",0.9993271256555154,0.013888559619497386
"[""Nrtn"",""Gfra2_Ret""]",0.9978628466289015,0.024640457161520704
"[""Nrxn1"",""Nlgn1""]",0.9986369546343483,0.02162563158478739
"[""Nrxn1"",""Nlgn2""]",0.9987026521600882,0.018869045275913394
"[""Nrxn1"",""Nlgn3""]",0.9955040798332451,0.03137947219596207
"[""Nrxn2"",""Nlgn1""]",0.9977049722719986,0.022395027980367063
"[""Nrxn2"",""Nlgn2""]",0.9977883248445474,0.021931822389820374
"[""Nrxn2"",""Nlgn3""]",0.9935086427424802,0.03906733499669133
"[""Nrxn3"",""Nlgn1""]",0.9984190919002432,0.019814875074492866
"[""Nrxn3"",""Nlgn2""]",0.9984719822473548,0.018929448783396745
"[""Nrxn3"",""Nlgn3""]",0.9952141263380556,0.03204899906718296
"[""Ntf3"",""Ntrk1""]",0.9999389416075898,0.005612367102122075
"[""Ntf3"",""Ntrk2""]",0.9997260848868869,0.009311594201847705
"[""Ntf3"",""Ntrk3""]",0.9997356065517402,0.009738456033409162
"[""Ntf5"",""Ntrk2""]",0.9993087971040077,0.01408720702977388
"[""Nts"",""Ntsr1""]",0.9974734478337774,0.0290122327260652
"[""Ocln"",""Ocln""]",0.9970358292942999,0.02720963932507206
"[""Osm"",""Lifr_Il6st""]",0.9992861067964123,0.016474469335533766
"[""Osm"",""Osmr_Il6st""]",0.9896010849903573,0.054337861954451186
"[""Ostn"",""Npr3""]",0.9992033014628149,0.014710295006395667
"[""Oxt"",""Oxtr""]",0.9959729423848591,0.03506436504497101
"[""Pdcd1lg2"",""Pdcd1""]",0.9943760302629551,0.04473309837522873
"[""Pdgfa"",""Pdgfra""]",0.9997837416157245,0.007950889604134558
"[""Pdgfa"",""Pdgfrb""]",0.9995900948777668,0.010825068036775255
"[""Pdgfb"",""Pdgfra""]",0.9996644767738444,0.010294169765376117
"[""Pdgfb"",""Pdgfrb""]",0.9994642201235,0.012654625775178981
"[""Pdgfc"",""Pdgfra""]",0.9998412955523862,0.006758108630206747
"[""Pdgfd"",""Pdgfrb""]",0.9996985134785888,0.009284262288070402
"[""Pdyn"",""Oprd1""]",0.995079816141776,0.040314074845936604
"[""Pdyn"",""Oprk1""]",0.9870142468508986,0.06026454531581054
"[""Pdyn"",""Oprl1""]",0.9950104981938298,0.034182032296237834
"[""Pdyn"",""Oprm1""]",0.9911883253830427,0.055915815068289104
"[""Pecam1"",""Pecam1""]",0.9978715422908263,0.02551081920319202
"[""Penk"",""Oprd1""]",0.9992571204185053,0.014483441872637866
"[""Penk"",""Oprk1""]",0.9985945346997792,0.021637584402889095
"[""Penk"",""Oprl1""]",0.9978759346170614,0.02308227488899359
"[""Penk"",""Oprm1""]",0.9987455649104806,0.02321243221569798
"[""Pgf"",""Flt1""]",0.9992727269123199,0.014831365915506819
"[""Plg"",""F2rl3""]",0.9599289492649443,0.13929315733181466
"[""Plg"",""Pard3""]",0.9980864241756098,0.02397022230531859
"[""Pmch"",""Mchr1""]",0.9994305877184131,0.011121165962060831
"[""Pmch"",""Mertk""]",0.9996921983233422,0.008689816184785993
"[""Pomc"",""Mc1r""]",0.9993220916005148,0.013086771184210965
"[""Pomc"",""Mc2r""]",0.9998305664741136,0.006467385373512087
"[""Pomc"",""Mc4r""]",0.9993064947048141,0.01303508143034422
"[""Pomc"",""Oprd1""]",0.9991356460967219,0.015514763277805675
"[""Pomc"",""Oprk1""]",0.9981482031082322,0.022699211840314638
"[""Pomc"",""Oprl1""]",0.9967420285861736,0.026297392047222225
"[""Pomc"",""Oprm1""]",0.9990671813728683,0.015546948234646144
"[""Postn"",""Itgav_Itgb3""]",0.9956741606713457,0.033251594567951466
"[""Postn"",""Itgav_Itgb5""]",0.9981134763531014,0.023035535381903303
"[""Ppbp"",""Cxcr2""]",0.9973613296186612,0.03647042380168334
"[""Ppy"",""Gpr83""]",0.9989683707661818,0.015962525683653618
"[""Ppy"",""Npy1r""]",0.9944235600768326,0.04297229462239076
"[""Ppy"",""Npy2r""]",0.9992222281431282,0.01330478088969603
"[""Ppy"",""Npy5r""]",0.9934841217244572,0.03764663916123937
"[""Prok1"",""Prokr1""]",0.9995084247613348,0.01220633457940383
"[""Prok1"",""Prokr2""]",0.9994551116509215,0.012485852494809328
"[""Prok2"",""Prokr1""]",0.9996438814268942,0.009830605691602986
"[""Prok2"",""Prokr2""]",0.9995690781705062,0.010578197240424792
"[""Pros1"",""Axl""]",0.9993416106128808,0.013722984118444765
"[""Pros1"",""Tyro3""]",0.9996070209545087,0.010634465393731909
"[""Psap"",""Gpr37""]",0.999500948017182,0.012272162602011727
"[""Psap"",""Gpr37l1""]",0.999313327082529,0.012715962967894944
"[""Pspn"",""Gfra4_Ret""]",0.9988353428711648,0.017495647483873694
"[""Pth2"",""Pth1r""]",0.9980351903264735,0.022268247937948727
"[""Pth2"",""Pth2r""]",0.9984387456924814,0.01959213881832138
"[""Pthlh"",""Pth1r""]",0.9991777060830859,0.014740078863464469
"[""Ptn"",""Alk""]",0.9997463472071592,0.008147963656510254
"[""Ptn"",""Itgav_Itgb3""]",0.9992493313013124,0.013657716080648004
"[""Ptn"",""Ncl""]",0.9998662340306088,0.00583989736982292
"[""Ptn"",""Ptprz1""]",0.9995413341665561,0.01129041300500387
"[""Ptn"",""Sdc1""]",0.9995152518392127,0.011111774180075052
"[""Ptn"",""Sdc2""]",0.9996597296999022,0.00923659314824029
"[""Ptn"",""Sdc3""]",0.9982343603741887,0.022579639671927686
"[""Ptn"",""Sdc4""]",0.9984559284970135,0.020147987378687043
"[""Ptprc"",""Cd22""]",0.9988026008843869,0.01909801057036497
"[""Ptprc"",""Mrc1""]",0.9989369841325277,0.017257170308461942
"[""Ptprm"",""Ptprm""]",0.9997716221504038,0.008249266352076602
"[""Pvr"",""Cd226""]",0.9983690383116084,0.028065601689907124
"[""Pvr"",""Tigit""]",0.999203471152224,0.015113761418481239
"[""Pyy"",""Gpr83""]",0.9990020194766728,0.014592217670390784
"[""Pyy"",""Npy1r""]",0.9954778803270419,0.031944770235554636
"[""Pyy"",""Npy2r""]",0.9991195061950278,0.014519473159109168
"[""Pyy"",""Npy5r""]",0.9953827423758733,0.0389646256913984
"[""Qrfp"",""Qrfpr""]",0.998232083389139,0.022472862189505175
"[""Rarres2"",""Cmklr1""]",0.9992553962898261,0.01351950196205472
"[""Rarres2"",""Gpr1""]",0.9991370960080032,0.01475465306775455
"[""Reln"",""Itga3_Itgb1""]",0.9990633829411076,0.015987110486716652
"[""Retn"",""Cap1""]",0.9999089890510446,0.004589827015081044
"[""Retn"",""Tlr4""]",0.9995649289584343,0.010421857867269799
"[""Rln1"",""Rxfp1""]",0.9946042057576922,0.04141583171072635
"[""Rln1"",""Rxfp2""]",0.9999341929098833,0.004907427859420287
"[""Rln1"",""Rxfp3""]",0.9999373142153529,0.0038392929297328755
"[""Rln3"",""Rxfp1""]",0.9957735902623902,0.03484764731183803
"[""Rln3"",""Rxfp2""]",0.9999240793722174,0.004988993398068484
"[""Rln3"",""Rxfp3""]",0.9999144867516758,0.004698169527026726
"[""Saa2"",""Fpr2""]",0.9997519880382231,0.008604372783205071
"[""Scgb3a2"",""Marco""]",0.41852909635187163,0.4022857208310022
"[""Sct"",""Sctr""]",0.9999099575493825,0.004905052879501791
"[""Sell"",""Cd34""]",0.9863052386984527,0.06350198335547713
"[""Sell"",""Madcam1""]",0.9889413580532144,0.05814452604815804
"[""Sell"",""Podxl""]",0.9903651992434436,0.055029381420412846
"[""Selplg"",""Sell""]",0.9680966333950124,0.0930872827831834
"[""Selplg"",""Selp""]",0.9985920926371515,0.02221158805371112
"[""Sema3a"",""Nrp1_Plxna1""]",0.9997288564613213,0.009047380913725252
"[""Sema3a"",""Nrp1_Plxna2""]",0.9997461847124128,0.008937813069442677
"[""Sema3a"",""Nrp1_Plxna3""]",0.9994351863516922,0.01359921840078961
"[""Sema3a"",""Nrp1_Plxna4""]",0.9995416538353528,0.01189827262659222
"[""Sema3b"",""Nrp1_Plxna1""]",0.999280896407844,0.014357383049672169
"[""Sema3b"",""Nrp1_Plxna2""]",0.9994719493565504,0.012926885641139646
"[""Sema3b"",""Nrp1_Plxna3""]",0.9971833114368936,0.030621956831785303
"[""Sema3b"",""Nrp1_Plxna4""]",0.9981535510151385,0.024156122670333676
"[""Sema3b"",""Nrp2_Plxna1""]",0.9992141559926896,0.014721110349452568
"[""Sema3b"",""Nrp2_Plxna2""]",0.9994931278026205,0.012743944821686705
"[""Sema3b"",""Nrp2_Plxna3""]",0.9972582318287179,0.02994776419175175
"[""Sema3b"",""Nrp2_Plxna4""]",0.9983075825340597,0.023246727269010156
"[""Sema3c"",""Nrp1_Nrp2_Plxnd1""]",0.9993814868506675,0.01530519536749181
"[""Sema3c"",""Nrp1_Plxna1""]",0.9995493155009819,0.011926382608392676
"[""Sema3c"",""Nrp1_Plxna2""]",0.9995959719893146,0.011689178966720424
"[""Sema3c"",""Nrp1_Plxna3""]",0.998857378333743,0.020138085084794765
"[""Sema3c"",""Nrp1_Plxna4""]",0.9991770947335342,0.01626483528435849
"[""Sema3c"",""Nrp2_Plxna1""]",0.9995124303477991,0.012103422061504398
"[""Sema3c"",""Nrp2_Plxna2""]",0.9995908096292867,0.011799757391527643
"[""Sema3c"",""Nrp2_Plxna3""]",0.9988806731944272,0.019866409619028916
"[""Sema3c"",""Nrp2_Plxna4""]",0.9992135661630069,0.015955806875077087
"[""Sema3c"",""Plxnd1""]",0.9986458083641039,0.020779144637916976
"[""Sema3d"",""Nrp1_Plxna1""]",0.9996316609106788,0.010352377470443253
"[""Sema3d"",""Nrp1_Plxna2""]",0.9996701589782885,0.010073037959836105
"[""Sema3d"",""Nrp1_Plxna3""]",0.9991035174080762,0.01685771689765806
"[""Sema3d"",""Nrp1_Plxna4""]",0.999330019368459,0.014158966286458049
"[""Sema3d"",""Nrp2_Plxna1""]",0.9995870287346481,0.010737729975220593
"[""Sema3d"",""Nrp2_Plxna2""]",0.9996626381547834,0.010210515331093843
"[""Sema3d"",""Nrp2_Plxna3""]",0.9991234628148167,0.016617509360415353
"[""Sema3d"",""Nrp2_Plxna4""]",0.9993678864509657,0.013768414520954366
"[""Sema3e"",""Plxnd1""]",0.9987835883947698,0.019340279189116117
"[""Sema3f"",""Nrp2_Plxna1""]",0.999396481152954,0.013235558730996175
"[""Sema3f"",""Nrp2_Plxna2""]",0.9995540223073724,0.012279027376631281
"[""Sema3f"",""Nrp2_Plxna3""]",0.9984224437745927,0.0235922707797713
"[""Sema3f"",""Nrp2_Plxna4""]",0.9991664924200571,0.01625052211246654
"[""Sema3g"",""Nrp2_Plxna1""]",0.9993957562149771,0.013818065055270154
"[""Sema3g"",""Nrp2_Plxna2""]",0.9995462755357137,0.013073205730522444
"[""Sema3g"",""Nrp2_Plxna3""]",0.9981546860070156,0.026297108607901288
"[""Sema3g"",""Nrp2_Plxna4""]",0.9988959571968672,0.01964473838915945
"[""Sema4a"",""Nrp1_Plxna1""]",0.9985360946311597,0.02209556989012403
"[""Sema4a"",""Nrp1_Plxna2""]",0.9991003688807182,0.018409686407262548
"[""Sema4a"",""Nrp1_Plxna3""]",0.9928054485058313,0.04075063135327983
"[""Sema4a"",""Nrp1_Plxna4""]",0.9976643459591588,0.02905546866418028
"[""Sema4a"",""Plxnb1""]",0.9974465092642449,0.027653085843620064
"[""Sema4a"",""Plxnb2""]",0.9984097264042598,0.021663905418141692
"[""Sema4a"",""Plxnb3""]",0.998165588064078,0.024338520083495237
"[""Sema4a"",""Timd2""]",0.7857074128111728,0.24572350099430704
"[""Sema4c"",""Plxnb2""]",0.9995626792021365,0.01136233424968194
"[""Sema4d"",""Cd72""]",0.9991513252675784,0.015335365536397073
"[""Sema4d"",""Plxnb1""]",0.9992503684975282,0.014204064217029745
"[""Sema4d"",""Plxnb2""]",0.9992515013172801,0.01451526859947476
"[""Sema4d"",""Plxnb3""]",0.9993158414097814,0.013861255346122169
"[""Sema4g"",""Plxnb2""]",0.9977726602893515,0.03013556219262469
"[""Sema5a"",""Plxna1""]",0.9996622429474474,0.00995208766351825
"[""Sema5a"",""Plxna3""]",0.9992963890085587,0.015386830977744634
"[""Sema5a"",""Plxnb3""]",0.9997349578656478,0.009093721081231082
"[""Sema5b"",""Plxna1""]",0.9998388973328161,0.006211942777920855
"[""Sema5b"",""Plxna3""]",0.9994530650624293,0.011924701137090312
"[""Sema6a"",""Plxna2""]",0.99984028043826,0.0071664433684870705
"[""Sema6a"",""Plxna4""]",0.9996770978943315,0.010052403839654401
"[""Sema6b"",""Plxna2""]",0.9995471394962645,0.011738769864627565
"[""Sema6b"",""Plxna4""]",0.9980396496269358,0.026177600585719725
"[""Sema6d"",""Plxna1""]",0.9994323444853813,0.012897956032073218
"[""Sema6d"",""Plxna1_Kdr""]",0.9991968513670283,0.015496565502203841
"[""Sema6d"",""Plxna1_Trem2_Tyrobp""]",0.9966340981874243,0.03676517706647349
"[""Sema7a"",""Itgb1_Itga1""]",0.9968032420603097,0.03537808831035099
"[""Sema7a"",""Plxnc1""]",0.9973972954773752,0.025509395957914727
"[""Shh"",""Ptch1_Smo""]",0.9999272081399332,0.004266218307971311
"[""Shh"",""Ptch2_Smo""]",0.9999235763873732,0.004966773079201408
"[""Siglec1"",""Spn""]",0.9636261232683764,0.1570370430795428
"[""Slurp1"",""Chrna1""]",0.9972478413622474,0.030416786365667837
"[""Slurp1"",""Chrna2""]",0.9362820377061432,0.12229535851193082
"[""Slurp1"",""Chrna3""]",0.9739764590451769,0.08390217423285189
"[""Slurp1"",""Chrna4""]",0.9606992640263851,0.09613360846236411
"[""Slurp1"",""Chrna5""]",0.9889244268932218,0.06330666200951755
"[""Slurp1"",""Chrna6""]",0.9595936932026577,0.12476906059433054
"[""Slurp1"",""Chrna7""]",0.9955590114549542,0.039069339914040366
"[""Slurp1"",""Chrna9""]",0.9915878128434831,0.05924883575143181
"[""Slurp1"",""Chrnb1""]",0.9969824380424228,0.03171558506075362
"[""Slurp1"",""Chrnb2""]",0.9756783725363779,0.0767962484147218
"[""Slurp1"",""Chrnb3""]",0.953126354767118,0.11979457361791573
"[""Slurp1"",""Chrnb4""]",0.9940292835875382,0.04694746105765117
"[""Slurp1"",""Chrnd""]",0.9962716397730055,0.03466462555057014
"[""Slurp1"",""Chrne""]",0.986527191700395,0.06778518952662822
"[""Slurp1"",""Chrng""]",0.9965038784203571,0.03367293091542814
"[""Slurp2"",""Chrna1""]",0.9998688252161267,0.006900276344906772
"[""Slurp2"",""Chrna2""]",0.9969322264463486,0.025508311811722608
"[""Slurp2"",""Chrna3""]",0.9980264762941573,0.022905913140965673
"[""Slurp2"",""Chrna4""]",0.9960703374746652,0.028013013102354035
"[""Slurp2"",""Chrna5""]",0.9992328890209239,0.01463502815745015
"[""Slurp2"",""Chrna6""]",0.9985691203494726,0.020596119432880013
"[""Slurp2"",""Chrna7""]",0.9998014813817457,0.007051590574974302
"[""Slurp2"",""Chrna9""]",0.9995999128059426,0.010147763562537208
"[""Slurp2"",""Chrnb1""]",0.9998734144389757,0.00667515619300877
"[""Slurp2"",""Chrnb2""]",0.9961969916713277,0.028068019325182318
"[""Slurp2"",""Chrnb3""]",0.9978941044777367,0.024818401707102526
"[""Slurp2"",""Chrnb4""]",0.999471105093146,0.011935884864959013
"[""Slurp2"",""Chrnd""]",0.9998449334232259,0.00707424264339634
"[""Slurp2"",""Chrne""]",0.9991132287845783,0.014752078916210571
"[""Slurp2"",""Chrng""]",0.9998542569568908,0.006947326096271719
"[""Spp1"",""Cd44""]",0.9821376122855796,0.06571337876311528
"[""Spp1"",""Itga4_Itgb1""]",0.9995261949654081,0.012772293389786695
"[""Spp1"",""Itga5_Itgb1""]",0.9987523302421416,0.018654403601102102
"[""Spp1"",""Itga8_Itgb1""]",0.9992298650849799,0.013698248090197847
"[""Spp1"",""Itga9_Itgb1""]",0.9993490235044377,0.013136430320163074
"[""Spp1"",""Itgav_Itgb1""]",0.998677156710884,0.01867708494434787
"[""Spp1"",""Itgav_Itgb3""]",0.9975851848102628,0.025444871086057877
"[""Spp1"",""Itgav_Itgb5""]",0.9986583077379514,0.018823489480183843
"[""Spp1"",""Itgav_Itgb6""]",0.9996942906927146,0.009172495080816856
"[""Sst"",""Sstr1""]",0.9962523460483278,0.04028588074390592
"[""Sst"",""Sstr2""]",0.9962243075635311,0.044596221722534315
"[""Sst"",""Sstr3""]",0.9957526463126007,0.037516849692909054
"[""Sst"",""Sstr4""]",0.9996186559094794,0.010099057246325432
"[""Sst"",""Sstr5""]",0.9970417665460574,0.025484786810254123
"[""Tac1"",""Tacr1""]",0.9969922400078218,0.02476330511270851
"[""Tac1"",""Tacr2""]",0.9977710006986309,0.0242388220143073
"[""Tac2"",""Tacr3""]",0.9884058922536113,0.06412483263477493
"[""Tac4"",""Tacr1""]",0.999693638901572,0.009901932003275797
"[""Tgfa"",""Egfr""]",0.9985277364299827,0.02516141789356209
"[""Tgfa"",""Egfr_Erbb2""]",0.9976520795228143,0.03379042155501735
"[""Tgfb1"",""Acvr1_Tgfbr1_Tgfbr2""]",0.999465279388122,0.012043880653977199
"[""Tgfb1"",""Acvr1b_Tgfbr2""]",0.9990090990051606,0.016421917278415205
"[""Tgfb1"",""Acvr1c_Tgfbr2""]",0.9972905203869414,0.0277871564239696
"[""Tgfb1"",""Tgfbr1_Tgfbr2""]",0.999534933558371,0.011177650287837725
"[""Tgfb2"",""Acvr1_Tgfbr1_Tgfbr2""]",0.9996324218991967,0.010180986860874864
"[""Tgfb2"",""Acvr1b_Tgfbr2""]",0.999370178741441,0.013752374158729404
"[""Tgfb2"",""Acvr1c_Tgfbr2""]",0.9986296964619382,0.020261248072134027
"[""Tgfb2"",""Tgfbr1_Tgfbr2""]",0.9996443417707555,0.010164143062072648
"[""Tgfb3"",""Acvr1_Tgfbr1_Tgfbr2""]",0.9995963832727148,0.010793705910141392
"[""Tgfb3"",""Acvr1b_Tgfbr2""]",0.9992663973065797,0.015078849563006633
"[""Tgfb3"",""Acvr1c_Tgfbr2""]",0.9984963070977279,0.02138594147309642
"[""Tgfb3"",""Tgfbr1_Tgfbr2""]",0.9996003248408744,0.010952117287975564
"[""Thbs1"",""Cd36""]",0.9971380007961881,0.02872791601321938
"[""Thbs1"",""Cd47""]",0.9991675784010913,0.014599156497614165
"[""Thbs1"",""Itga3_Itgb1""]",0.9991071475395533,0.015872852497330146
"[""Thbs1"",""Itgav_Itgb3""]",0.9988268322633848,0.017588659939805084
"[""Thbs1"",""Sdc1""]",0.999188936944924,0.015070005823653252
"[""Thbs1"",""Sdc4""]",0.9979947962537659,0.024052531374685073
"[""Thbs2"",""Cd36""]",0.997629078650924,0.024589876590977798
"[""Thbs2"",""Cd47""]",0.99875325447901,0.017595709703487655
"[""Thbs2"",""Itga3_Itgb1""]",0.9990135357640176,0.01641599857930621
"[""Thbs2"",""Itgav_Itgb3""]",0.9985680266631176,0.01869975270580352
"[""Thbs2"",""Sdc1""]",0.99921164741016,0.014914052939007539
"[""Thbs2"",""Sdc4""]",0.9969686919181483,0.029965226011940148
"[""Thbs3"",""Cd36""]",0.9969198762453797,0.029346022605309333
"[""Thbs3"",""Cd47""]",0.9988358245377713,0.018440144833118278
"[""Thbs3"",""Itga3_Itgb1""]",0.9992895250074593,0.013632408047007542
"[""Thbs3"",""Itgav_Itgb3""]",0.9984581303725055,0.019893275320004677
"[""Thbs3"",""Sdc1""]",0.9992701221992023,0.014455812655223705
"[""Thbs3"",""Sdc4""]",0.9970266074422043,0.030472169188158097
"[""Thbs4"",""Cd36""]",0.9977883950096283,0.024400375399508296
"[""Thbs4"",""Cd47""]",0.9988694397945006,0.01701029252699847
"[""Thbs4"",""Itga3_Itgb1""]",0.998863893397107,0.018013929026938727
"[""Thbs4"",""Itgav_Itgb3""]",0.9980656822398262,0.02259983845015743
"[""Thbs4"",""Sdc1""]",0.999394743744675,0.013121516920559425
"[""Thbs4"",""Sdc4""]",0.997496378188881,0.027162406875007306
"[""Thpo"",""Mpl""]",0.9988458757831018,0.01739740384066293
"[""Thy1"",""Itgam_Itgb2""]",0.9968154378184977,0.02869416403360902
"[""Thy1"",""Itgav_Itgb3""]",0.9953034048703061,0.03464732037113552
"[""Thy1"",""Itgax_Itgb2""]",0.9956653836543407,0.03372730159100684
"[""Tigit"",""Nectin2""]",0.9993761161534339,0.013505347661902926
"[""Tigit"",""Pvr""]",0.9992066605715993,0.015075363402377329
"[""Tnc"",""Itga2b_Itgb3""]",0.9984026785505954,0.02055141911071049
"[""Tnc"",""Itga8_Itgb1""]",0.9992715727363116,0.013774781974830853
"[""Tnc"",""Itga9_Itgb1""]",0.9993207775065531,0.013861014894344893
"[""Tnc"",""Itgav_Itgb3""]",0.9984151431560987,0.020448593332520852
"[""Tnc"",""Itgav_Itgb6""]",0.9997712040413261,0.008213183893505279
"[""Tnc"",""Sdc1""]",0.9991196481241057,0.01557676308683462
"[""Tnc"",""Sdc4""]",0.9975655350257969,0.026531436562842643
"[""Tnfsf10"",""Tnfrsf10b""]",0.9991836177408384,0.014994838968356102
"[""Tnfsf11"",""Tnfrsf11a""]",0.9993296132598282,0.013767456006097809
"[""Tnfsf11"",""Tnfrsf11b""]",0.9995107557070163,0.011469498633553624
"[""Tnfsf12"",""Tnfrsf12a""]",0.9952099061484637,0.03715593844722147
"[""Tnfsf13b"",""Tnfrsf13b""]",0.999685990767485,0.008874638126445981
"[""Tnfsf13b"",""Tnfrsf13c""]",0.9998052648561241,0.0069551373542462045
"[""Tnfsf13b"",""Tnfrsf17""]",0.9998238386891286,0.0069628967770712065
"[""Tnfsf14"",""Ltbr""]",0.9990034500033359,0.015776120110370995
"[""Tnfsf14"",""Tnfrsf14""]",0.9928828798803222,0.05247959032645283
"[""Tnfsf15"",""Tnfrsf25""]",0.9988057461297168,0.025531449787110583
"[""Tnfsf18"",""Tnfrsf18""]",0.9993882441775764,0.013033871270523212
"[""Tnfsf4"",""Tnfrsf4""]",0.9987450023409327,0.01931571534594529
"[""Tnfsf8"",""Tnfrsf8""]",0.9977640499567677,0.030681533864557547
"[""Tnfsf9"",""Tnfrsf9""]",0.9997251705109789,0.008619031193943407
"[""Tnn"",""Itga2b_Itgb3""]",0.9986663342593001,0.018641031619017173
"[""Tnn"",""Itga8_Itgb1""]",0.9993699629238731,0.012751975475383329
"[""Tnn"",""Itga9_Itgb1""]",0.9993773603207379,0.013297528104656805
"[""Tnn"",""Itgav_Itgb3""]",0.9986790926882555,0.018546153432196993
"[""Tnn"",""Itgav_Itgb6""]",0.9997987546070097,0.007790554182973677
"[""Tnn"",""Sdc1""]",0.9990846567978371,0.015963583551680177
"[""Tnn"",""Sdc4""]",0.9972536697819167,0.028349917808085094
"[""Tnr"",""Itga2b_Itgb3""]",0.9938113731784295,0.044042168721305376
"[""Tnr"",""Itga8_Itgb1""]",0.9987509402558936,0.020905508052602852
"[""Tnr"",""Itga9_Itgb1""]",0.9991201207413608,0.019219337709208216
"[""Tnr"",""Itgav_Itgb3""]",0.9938281216030789,0.04415805009098635
"[""Tnr"",""Itgav_Itgb6""]",0.9996504110737362,0.012895994162110984
"[""Tnr"",""Sdc1""]",0.998622524323541,0.02133177248513695
"[""Tnr"",""Sdc4""]",0.9881281436255984,0.05558179041061503
"[""Tnxb"",""Itga2b_Itgb3""]",0.9968130543791279,0.02781908266091784
"[""Tnxb"",""Itga8_Itgb1""]",0.9991262117010598,0.014787771834210086
"[""Tnxb"",""Itga9_Itgb1""]",0.9992442035041317,0.014456049136360238
"[""Tnxb"",""Itgav_Itgb3""]",0.9968371861786394,0.02770708373029803
"[""Tnxb"",""Itgav_Itgb6""]",0.9996863288278633,0.009561704893266758
"[""Tnxb"",""Sdc1""]",0.9990111028239183,0.016209286342337714
"[""Tnxb"",""Sdc4""]",0.9927833222606207,0.045566876864131106
"[""Trh"",""Trhr""]",0.9997370415893834,0.008593783854982466
"[""Try10"",""F2r""]",0.9993556123492154,0.012769102933854531
"[""Try10"",""F2rl1""]",0.9977910580940639,0.023716751538033605
"[""Try10"",""F2rl2""]",0.9995185801239441,0.01114229129173178
"[""Try10"",""F2rl3""]",0.9988917429669585,0.01696798773805578
"[""Try10"",""Pard3""]",0.9998574143469309,0.006263838759716517
"[""Try5"",""F2r""]",0.9997856470311327,0.007120244603814648
"[""Try5"",""F2rl1""]",0.999436414099298,0.01129304206580065
"[""Try5"",""F2rl2""]",0.9997505773369754,0.011085250592929696
"[""Try5"",""F2rl3""]",0.9996456593328066,0.009398868567478066
"[""Try5"",""Pard3""]",0.9999476642320657,0.0038403651763464822
"[""Tshb"",""Tshr""]",0.9996528890411988,0.015900615626564304
"[""Tslp"",""Il7r_Crlf2""]",0.9992595273178827,0.014894418216783058
"[""Ucn"",""Crhr1""]",0.9948957331539735,0.034842218925231115
"[""Ucn"",""Crhr2""]",0.9881452521823788,0.05778673074771512
"[""Ucn2"",""Crhr1""]",0.9805337507346101,0.06958702031951242
"[""Ucn2"",""Crhr2""]",0.9804967132908032,0.0754207405642825
"[""Uts2b"",""Sstr5""]",0.9930540759699894,0.04325236358757979
"[""Uts2b"",""Uts2r""]",0.998069424597228,0.026617135467290814
"[""Vegfa"",""Flt1""]",0.9986938291361035,0.01950348615812175
"[""Vegfa"",""Flt1_Kdr""]",0.9986938291361035,0.01950348615812175
"[""Vegfa"",""Kdr""]",0.9986062906547706,0.020106625923609938
"[""Vegfb"",""Flt1""]",0.9978479498747841,0.025615462791925104
"[""Vegfc"",""Flt4""]",0.9993877908248371,0.013288391108852878
"[""Vegfc"",""Flt4_Kdr""]",0.9993877908248371,0.013288391108852878
"[""Vegfc"",""Kdr""]",0.9992967250887801,0.014491591924831054
"[""Vegfd"",""Flt4""]",0.9990338553083531,0.01587147740734174
"[""Vegfd"",""Flt4_Kdr""]",0.9990338553083531,0.01587147740734174
"[""Vegfd"",""Kdr""]",0.9987611201003173,0.018190463475169755
"[""Vsir"",""Igsf11""]",0.9990730874505216,0.01516529785448603
"[""Vtn"",""Itga2b_Itgb3""]",0.9916048509884888,0.05466040863901213
"[""Vtn"",""Itga8_Itgb1""]",0.9986537844605567,0.020622029334666014
"[""Vtn"",""Itgav_Itgb1""]",0.9980721448322194,0.023795799784591478
"[""Vtn"",""Itgav_Itgb3""]",0.9916020169101328,0.05449511805025032
"[""Vtn"",""Itgav_Itgb5""]",0.9980574590990375,0.023992407296055444
"[""Vtn"",""Itgav_Itgb8""]",0.9990393290861731,0.02100478227115793
"[""Vwf"",""Gp1ba_Gp1bb_Gp5_Gp9""]",0.9971822924208967,0.02718656346822334
"[""Vwf"",""Itga2b_Itgb3""]",0.9980551577898096,0.022336111809142356
"[""Vwf"",""Itgav_Itgb3""]",0.998062134111775,0.022289911675305644
"[""Wnt1"",""Fzd10_Lrp5""]",0.9999378126777975,0.004259475736185025
"[""Wnt1"",""Fzd10_Lrp6""]",0.9999444728948533,0.0037164850390807554
"[""Wnt1"",""Fzd1_Lrp5""]",0.9998304977807203,0.006835890391770498
"[""Wnt1"",""Fzd1_Lrp6""]",0.9997231616078921,0.008477061275035192
"[""Wnt1"",""Fzd2_Lrp5""]",0.9998355989977483,0.00671758092174417
"[""Wnt1"",""Fzd2_Lrp6""]",0.9997821403982081,0.007756197836308121
"[""Wnt1"",""Fzd3_Lrp5""]",0.9998355989977483,0.00671758092174417
"[""Wnt1"",""Fzd3_Lrp6""]",0.9998529805401384,0.006246983876625352
"[""Wnt1"",""Fzd4_Lrp5""]",0.9995037699978155,0.01190338203718956
"[""Wnt1"",""Fzd4_Lrp6""]",0.99949726244543,0.011955175298971334
"[""Wnt1"",""Fzd5_Lrp5""]",0.9997067601537724,0.008727804354251922
"[""Wnt1"",""Fzd5_Lrp6""]",0.9997067601537724,0.008727804354251922
"[""Wnt1"",""Fzd6_Lrp5""]",0.9993482056810216,0.014355913699159116
"[""Wnt1"",""Fzd6_Lrp6""]",0.9992809147187302,0.01395884202523425
"[""Wnt1"",""Fzd7_Lrp5""]",0.9998250690346318,0.006955863021616398
"[""Wnt1"",""Fzd7_Lrp6""]",0.9998009658153167,0.007267614603565064
"[""Wnt1"",""Fzd8_Lrp5""]",0.9996961843624774,0.009273844471995404
"[""Wnt1"",""Fzd8_Lrp6""]",0.999693496725298,0.009338526231456527
"[""Wnt1"",""Fzd9_Lrp5""]",0.9996138498851106,0.010184670117854443
"[""Wnt1"",""Fzd9_Lrp6""]",0.9995916293246706,0.010337923999361127
"[""Wnt10a"",""Fzd10_Lrp5""]",0.9994367888142249,0.012713162074880376
"[""Wnt10a"",""Fzd10_Lrp6""]",0.9994615802095318,0.012075643496649238
"[""Wnt10a"",""Fzd1_Lrp5""]",0.9994851389376102,0.01202564658519148
"[""Wnt10a"",""Fzd1_Lrp6""]",0.9991039447737486,0.015753503513954974
"[""Wnt10a"",""Fzd2_Lrp5""]",0.9994870984124216,0.01199822345079917
"[""Wnt10a"",""Fzd2_Lrp6""]",0.9994029694119175,0.013141964216999385
"[""Wnt10a"",""Fzd3_Lrp5""]",0.9994870984124216,0.01199822345079917
"[""Wnt10a"",""Fzd3_Lrp6""]",0.9993011165861402,0.014765152746070145
"[""Wnt10a"",""Fzd4_Lrp5""]",0.9991267925559876,0.01604678316780256
"[""Wnt10a"",""Fzd4_Lrp6""]",0.9990847931613005,0.016314298443609786
"[""Wnt10a"",""Fzd5_Lrp5""]",0.998381965979982,0.020495395331569233
"[""Wnt10a"",""Fzd5_Lrp6""]",0.998381965979982,0.020495395331569233
"[""Wnt10a"",""Fzd6_Lrp5""]",0.9979651059787337,0.0256522967272313
"[""Wnt10a"",""Fzd6_Lrp6""]",0.9974788722081592,0.027433776096243322
"[""Wnt10a"",""Fzd7_Lrp5""]",0.9994824923225877,0.012059250912518082
"[""Wnt10a"",""Fzd7_Lrp6""]",0.999390661351143,0.013190238191693087
"[""Wnt10a"",""Fzd8_Lrp5""]",0.9993256500194756,0.014249387845311672
"[""Wnt10a"",""Fzd8_Lrp6""]",0.9993008768811833,0.014472985513152252
"[""Wnt10a"",""Fzd9_Lrp5""]",0.9984263816618011,0.02174403780559399
"[""Wnt10a"",""Fzd9_Lrp6""]",0.9983299774568652,0.022068371514739317
"[""Wnt10b"",""Fzd10_Lrp5""]",0.9987570688717957,0.024065483944648285
"[""Wnt10b"",""Fzd10_Lrp6""]",0.9987037664502719,0.023332105825488995
"[""Wnt10b"",""Fzd1_Lrp5""]",0.9990429769637085,0.018162457328795272
"[""Wnt10b"",""Fzd1_Lrp6""]",0.9980370343757625,0.024315776248943755
"[""Wnt10b"",""Fzd2_Lrp5""]",0.9990480260731824,0.0181010649158898
"[""Wnt10b"",""Fzd2_Lrp6""]",0.9989283903387838,0.01840150800143968
"[""Wnt10b"",""Fzd3_Lrp5""]",0.9990480260731824,0.0181010649158898
"[""Wnt10b"",""Fzd3_Lrp6""]",0.9985062682755412,0.023447220790072776
"[""Wnt10b"",""Fzd4_Lrp5""]",0.9981726740346538,0.024181162297254512
"[""Wnt10b"",""Fzd4_Lrp6""]",0.9980385581925597,0.024775333191106304
"[""Wnt10b"",""Fzd5_Lrp5""]",0.9949891526818001,0.04387925959432222
"[""Wnt10b"",""Fzd5_Lrp6""]",0.9949891526818001,0.04387925959432222
"[""Wnt10b"",""Fzd6_Lrp5""]",0.9945642639283416,0.05134800554508617
"[""Wnt10b"",""Fzd6_Lrp6""]",0.9923117619581309,0.053243950066259316
"[""Wnt10b"",""Fzd7_Lrp5""]",0.9990366302515191,0.018230029989795345
"[""Wnt10b"",""Fzd7_Lrp6""]",0.9988074013377739,0.019693476173004706
"[""Wnt10b"",""Fzd8_Lrp5""]",0.9986950748077308,0.02087284016083947
"[""Wnt10b"",""Fzd8_Lrp6""]",0.9986162409949779,0.021287720419047067
"[""Wnt10b"",""Fzd9_Lrp5""]",0.9962960489292818,0.03682004135910978
"[""Wnt10b"",""Fzd9_Lrp6""]",0.995999575653315,0.03749568220689802
"[""Wnt11"",""Fzd1""]",0.9995289496446221,0.011703628283447504
"[""Wnt11"",""Fzd10""]",0.9996725347418265,0.009495549656038453
"[""Wnt11"",""Fzd2""]",0.9995006319878966,0.012089553875726421
"[""Wnt11"",""Fzd3""]",0.999566675945326,0.011547495678432648
"[""Wnt11"",""Fzd4""]",0.9995608715140244,0.011549160958992449
"[""Wnt11"",""Fzd5""]",0.9994547820492172,0.012016917633801865
"[""Wnt11"",""Fzd6""]",0.9989436605493476,0.01788122437130377
"[""Wnt11"",""Fzd7""]",0.9996555373728302,0.01005325794323731
"[""Wnt11"",""Fzd8""]",0.9996178503154821,0.010876122853519684
"[""Wnt11"",""Fzd9""]",0.9991805621728842,0.01592452046438732
"[""Wnt16"",""Fzd10_Lrp5""]",0.9998211297143957,0.007024039023475004
"[""Wnt16"",""Fzd10_Lrp6""]",0.9998229248667698,0.0069854299384893735
"[""Wnt16"",""Fzd1_Lrp5""]",0.9998036271007321,0.0075434427314275505
"[""Wnt16"",""Fzd1_Lrp6""]",0.9997487640728471,0.008595503698374965
"[""Wnt16"",""Fzd2_Lrp5""]",0.9998043691172804,0.007528237956856619
"[""Wnt16"",""Fzd2_Lrp6""]",0.9997683955787668,0.008227035202010163
"[""Wnt16"",""Fzd3_Lrp5""]",0.9998043691172804,0.007528237956856619
"[""Wnt16"",""Fzd3_Lrp6""]",0.9997292274341634,0.009243313118656048
"[""Wnt16"",""Fzd4_Lrp5""]",0.9997616475622677,0.0085954121126959
"[""Wnt16"",""Fzd4_Lrp6""]",0.9997611614452688,0.008599383677760529
"[""Wnt16"",""Fzd5_Lrp5""]",0.9997861123502433,0.00760479004138603
"[""Wnt16"",""Fzd5_Lrp6""]",0.9997861123502433,0.00760479004138603
"[""Wnt16"",""Fzd6_Lrp5""]",0.9995541135342476,0.011841256468161952
"[""Wnt16"",""Fzd6_Lrp6""]",0.9995457820031719,0.011741477715566991
"[""Wnt16"",""Fzd7_Lrp5""]",0.9998027516034321,0.00756068064224594
"[""Wnt16"",""Fzd7_Lrp6""]",0.9997953401048129,0.007778549816541647
"[""Wnt16"",""Fzd8_Lrp5""]",0.9997637544159051,0.00851998109777834
"[""Wnt16"",""Fzd8_Lrp6""]",0.9997631393848513,0.008590475594323667
"[""Wnt16"",""Fzd9_Lrp5""]",0.9995288160285458,0.012058211395054603
"[""Wnt16"",""Fzd9_Lrp6""]",0.9995264274926566,0.012081496777648124
"[""Wnt2"",""Fzd10_Lrp5""]",0.9996909942229071,0.008921114495865839
"[""Wnt2"",""Fzd10_Lrp6""]",0.9996932855835565,0.008888205744956154
"[""Wnt2"",""Fzd1_Lrp5""]",0.9996589066091567,0.009719364874029674
"[""Wnt2"",""Fzd1_Lrp6""]",0.9994023163218277,0.012819910132504967
"[""Wnt2"",""Fzd2_Lrp5""]",0.9996626930049526,0.009658274782278684
"[""Wnt2"",""Fzd2_Lrp6""]",0.9996390088865414,0.01011852126963475
"[""Wnt2"",""Fzd3_Lrp5""]",0.9996626930049526,0.009658274782278684
"[""Wnt2"",""Fzd3_Lrp6""]",0.9994329216187768,0.01320286364827661
"[""Wnt2"",""Fzd4_Lrp5""]",0.99936198537161,0.013445984041969746
"[""Wnt2"",""Fzd4_Lrp6""]",0.9993435701769323,0.013590946906303832
"[""Wnt2"",""Fzd5_Lrp5""]",0.999213273111013,0.014024381395231442
"[""Wnt2"",""Fzd5_Lrp6""]",0.999213273111013,0.014024381395231442
"[""Wnt2"",""Fzd6_Lrp5""]",0.9983924741817385,0.021965325662180308
"[""Wnt2"",""Fzd6_Lrp6""]",0.9982096379143068,0.022500973105624086
"[""Wnt2"",""Fzd7_Lrp5""]",0.9996547704635415,0.009782567952462072
"[""Wnt2"",""Fzd7_Lrp6""]",0.9996326542109234,0.010130741651136697
"[""Wnt2"",""Fzd8_Lrp5""]",0.9995196985081368,0.01171835570813022
"[""Wnt2"",""Fzd8_Lrp6""]",0.9995082172630598,0.011895346889295643
"[""Wnt2"",""Fzd9_Lrp5""]",0.998678403660379,0.019464172809817173
"[""Wnt2"",""Fzd9_Lrp6""]",0.9986381506011227,0.019653290534453333
"[""Wnt2b"",""Fzd10_Lrp5""]",0.9998492987420482,0.00621083268387925
"[""Wnt2b"",""Fzd10_Lrp6""]",0.9998667895480613,0.005778787731394396
"[""Wnt2b"",""Fzd1_Lrp5""]",0.9998069705252993,0.007347613628075363
"[""Wnt2b"",""Fzd1_Lrp6""]",0.9997290679556262,0.008651686948565634
"[""Wnt2b"",""Fzd2_Lrp5""]",0.9998083636436191,0.007318281731521682
"[""Wnt2b"",""Fzd2_Lrp6""]",0.9997686238772192,0.008139318650236689
"[""Wnt2b"",""Fzd3_Lrp5""]",0.9998083636436191,0.007318281731521682
"[""Wnt2b"",""Fzd3_Lrp6""]",0.9997516383353722,0.008692324104729915
"[""Wnt2b"",""Fzd4_Lrp5""]",0.9997156436060947,0.009179648771110552
"[""Wnt2b"",""Fzd4_Lrp6""]",0.999711712529029,0.009225297968353988
"[""Wnt2b"",""Fzd5_Lrp5""]",0.9997118561413383,0.008476302010307704
"[""Wnt2b"",""Fzd5_Lrp6""]",0.9997118561413383,0.008476302010307704
"[""Wnt2b"",""Fzd6_Lrp5""]",0.9994447805068437,0.012824591373269457
"[""Wnt2b"",""Fzd6_Lrp6""]",0.9993892207887793,0.013075482402816203
"[""Wnt2b"",""Fzd7_Lrp5""]",0.9998053740129532,0.007379716221344405
"[""Wnt2b"",""Fzd7_Lrp6""]",0.9997965856140772,0.007601406042638536
"[""Wnt2b"",""Fzd8_Lrp5""]",0.9997485383531689,0.008655980891804598
"[""Wnt2b"",""Fzd8_Lrp6""]",0.9997460753618299,0.008760584847529097
"[""Wnt2b"",""Fzd9_Lrp5""]",0.9994745807286335,0.012375521611027422
"[""Wnt2b"",""Fzd9_Lrp6""]",0.9994607752002068,0.01247125483789926
"[""Wnt3"",""Fzd10_Lrp5""]",0.9998678591423071,0.00563869940174754
"[""Wnt3"",""Fzd10_Lrp6""]",0.9998787238533838,0.006264443460757394
"[""Wnt3"",""Fzd1_Lrp5""]",0.9998365047793447,0.006555606961911095
"[""Wnt3"",""Fzd1_Lrp6""]",0.999741216837918,0.008019895172545774
"[""Wnt3"",""Fzd2_Lrp5""]",0.9998376935869522,0.006527814873118647
"[""Wnt3"",""Fzd2_Lrp6""]",0.999773065688884,0.00789030960322893
"[""Wnt3"",""Fzd3_Lrp5""]",0.9998376935869522,0.006527814873118647
"[""Wnt3"",""Fzd3_Lrp6""]",0.9998404561806309,0.0064261989770315504
"[""Wnt3"",""Fzd4_Lrp5""]",0.9996573981314163,0.009967259655343496
"[""Wnt3"",""Fzd4_Lrp6""]",0.9996424366066197,0.01012472246397306
"[""Wnt3"",""Fzd5_Lrp5""]",0.9995082562022161,0.01115128867719156
"[""Wnt3"",""Fzd5_Lrp6""]",0.9995082562022161,0.01115128867719156
"[""Wnt3"",""Fzd6_Lrp5""]",0.9994637845132591,0.012238027057681749
"[""Wnt3"",""Fzd6_Lrp6""]",0.9992873702757356,0.01392738830787055
"[""Wnt3"",""Fzd7_Lrp5""]",0.9998350161347365,0.006588593885265374
"[""Wnt3"",""Fzd7_Lrp6""]",0.9998031903072913,0.007226435629937325
"[""Wnt3"",""Fzd8_Lrp5""]",0.9997728024436905,0.00804483124045919
"[""Wnt3"",""Fzd8_Lrp6""]",0.999766580329254,0.008164741298009226
"[""Wnt3"",""Fzd9_Lrp5""]",0.999627978365744,0.009877063732421984
"[""Wnt3"",""Fzd9_Lrp6""]",0.9995865076416509,0.010240758156373797
"[""Wnt3a"",""Fzd10_Lrp5""]",0.9999134508446273,0.004820069297487798
"[""Wnt3a"",""Fzd10_Lrp6""]",0.9999321349199233,0.004180708380651442
"[""Wnt3a"",""Fzd1_Lrp5""]",0.9998352073736171,0.006651122994098171
"[""Wnt3a"",""Fzd1_Lrp6""]",0.9997430732120866,0.008141750285568254
"[""Wnt3a"",""Fzd2_Lrp5""]",0.9998389046553172,0.006564310978072515
"[""Wnt3a"",""Fzd2_Lrp6""]",0.999776941622725,0.007834932300421597
"[""Wnt3a"",""Fzd3_Lrp5""]",0.9998389046553172,0.006564310978072515
"[""Wnt3a"",""Fzd3_Lrp6""]",0.9998514891817231,0.006256692384122903
"[""Wnt3a"",""Fzd4_Lrp5""]",0.9996000910702965,0.010726708738615304
"[""Wnt3a"",""Fzd4_Lrp6""]",0.9995921910974783,0.010797689748622323
"[""Wnt3a"",""Fzd5_Lrp5""]",0.9996828708749061,0.008962915087752122
"[""Wnt3a"",""Fzd5_Lrp6""]",0.9996828708749061,0.008962915087752122
"[""Wnt3a"",""Fzd6_Lrp5""]",0.9994408793730913,0.013157541364451112
"[""Wnt3a"",""Fzd6_Lrp6""]",0.9993645327983363,0.013135138296584744
"[""Wnt3a"",""Fzd7_Lrp5""]",0.9998311649165689,0.006741622702151148
"[""Wnt3a"",""Fzd7_Lrp6""]",0.999804778485179,0.007215236882634743
"[""Wnt3a"",""Fzd8_Lrp5""]",0.9997303801786381,0.008759244677589989
"[""Wnt3a"",""Fzd8_Lrp6""]",0.9997270812060007,0.00883212545715606
"[""Wnt3a"",""Fzd9_Lrp5""]",0.9996218070136669,0.010029324001857267
"[""Wnt3a"",""Fzd9_Lrp6""]",0.9995978929290662,0.01020464019178557
"[""Wnt4"",""Fzd10_Lrp5""]",0.9997275864132955,0.011601633095941599
"[""Wnt4"",""Fzd10_Lrp6""]",0.9997395802160806,0.009459518216322002
"[""Wnt4"",""Fzd1_Lrp5""]",0.9996789068606942,0.010043237176061261
"[""Wnt4"",""Fzd1_Lrp6""]",0.9994159681076815,0.012679637675693436
"[""Wnt4"",""Fzd2_Lrp5""]",0.9996817519979307,0.009990589202128234
"[""Wnt4"",""Fzd2_Lrp6""]",0.9996265567685441,0.010511253688986998
"[""Wnt4"",""Fzd3_Lrp5""]",0.9996817519979307,0.009990589202128234
"[""Wnt4"",""Fzd3_Lrp6""]",0.999610081588888,0.010988112469684966
"[""Wnt4"",""Fzd4_Lrp5""]",0.9993653467494127,0.013820317337447348
"[""Wnt4"",""Fzd4_Lrp6""]",0.9993304956411388,0.014081304494731878
"[""Wnt4"",""Fzd5_Lrp5""]",0.9988576181801787,0.017795798355217805
"[""Wnt4"",""Fzd5_Lrp6""]",0.9988576181801787,0.017795798355217805
"[""Wnt4"",""Fzd6_Lrp5""]",0.9987010802316539,0.02243953133662115
"[""Wnt4"",""Fzd6_Lrp6""]",0.9983371817413701,0.021953024007643537
"[""Wnt4"",""Fzd7_Lrp5""]",0.9996755647452014,0.010100494663181777
"[""Wnt4"",""Fzd7_Lrp6""]",0.9996292394860758,0.010310640048939515
"[""Wnt4"",""Fzd8_Lrp5""]",0.9995042094823545,0.01232114994099569
"[""Wnt4"",""Fzd8_Lrp6""]",0.9994825782635907,0.01258292375244989
"[""Wnt4"",""Fzd9_Lrp5""]",0.998686817960444,0.020296136539602255
"[""Wnt4"",""Fzd9_Lrp6""]",0.9985813600120937,0.020708090239994502
"[""Wnt5a"",""Fzd1""]",0.9994343497913015,0.011896331722291492
"[""Wnt5a"",""Fzd10""]",0.9995293934991059,0.010853689562882247
"[""Wnt5a"",""Fzd2""]",0.9993709001779639,0.01264143958747729
"[""Wnt5a"",""Fzd3""]",0.9995072695306381,0.011104914272930585
"[""Wnt5a"",""Fzd4""]",0.9994935026077256,0.011524473473100696
"[""Wnt5a"",""Fzd5""]",0.9993036440318905,0.013150449216350986
"[""Wnt5a"",""Fzd6""]",0.998826087714296,0.017641838117890933
"[""Wnt5a"",""Fzd7""]",0.9995709521533306,0.01046933682122061
"[""Wnt5a"",""Fzd8""]",0.999541417904201,0.01104258105522855
"[""Wnt5a"",""Fzd9""]",0.9990911920982509,0.015138423673659225
"[""Wnt5a"",""Mcam""]",0.9983697946842779,0.021020837630325192
"[""Wnt5b"",""Fzd1""]",0.9997179604531556,0.009052539018303222
"[""Wnt5b"",""Fzd10""]",0.9998653765488975,0.005939250882554258
"[""Wnt5b"",""Fzd2""]",0.9996582796778585,0.010021202894201633
"[""Wnt5b"",""Fzd3""]",0.9998437612398957,0.006678055599863294
"[""Wnt5b"",""Fzd4""]",0.9996985201363736,0.009627019764963513
"[""Wnt5b"",""Fzd5""]",0.9997536110850818,0.007901078669114691
"[""Wnt5b"",""Fzd6""]",0.9994313694743292,0.013010844124037465
"[""Wnt5b"",""Fzd7""]",0.9997758846069197,0.0081202446934486
"[""Wnt5b"",""Fzd8""]",0.9997270654082088,0.009230928751505012
"[""Wnt5b"",""Fzd9""]",0.9994770431600863,0.012645154972574107
"[""Wnt6"",""Fzd10_Lrp5""]",0.9996759030308704,0.012582760134512828
"[""Wnt6"",""Fzd10_Lrp6""]",0.9996658941333595,0.011052713137493595
"[""Wnt6"",""Fzd1_Lrp5""]",0.9996207521143459,0.011079763693724747
"[""Wnt6"",""Fzd1_Lrp6""]",0.9993187088473297,0.013703955894669505
"[""Wnt6"",""Fzd2_Lrp5""]",0.9996236184163134,0.011030605082163199
"[""Wnt6"",""Fzd2_Lrp6""]",0.9995612397951398,0.011362427488368876
"[""Wnt6"",""Fzd3_Lrp5""]",0.9996236184163134,0.011030605082163199
"[""Wnt6"",""Fzd3_Lrp6""]",0.9995407530679115,0.011940241797120442
"[""Wnt6"",""Fzd4_Lrp5""]",0.9992949015740892,0.0144299243406017
"[""Wnt6"",""Fzd4_Lrp6""]",0.9992560529550278,0.014704782258229004
"[""Wnt6"",""Fzd5_Lrp5""]",0.9986123423039612,0.02117929495616969
"[""Wnt6"",""Fzd5_Lrp6""]",0.9986123423039612,0.02117929495616969
"[""Wnt6"",""Fzd6_Lrp5""]",0.9986238576307003,0.02391390320033986
"[""Wnt6"",""Fzd6_Lrp6""]",0.9982585825452529,0.02279911089618326
"[""Wnt6"",""Fzd7_Lrp5""]",0.9996172849439339,0.01113440549032605
"[""Wnt6"",""Fzd7_Lrp6""]",0.9995550266106835,0.011450474178975541
"[""Wnt6"",""Fzd8_Lrp5""]",0.9994160355236913,0.013344621430426744
"[""Wnt6"",""Fzd8_Lrp6""]",0.9993918273788683,0.013595102738316683
"[""Wnt6"",""Fzd9_Lrp5""]",0.9985439249617553,0.02135930788820128
"[""Wnt6"",""Fzd9_Lrp6""]",0.99843826278306,0.021731527110873117
"[""Wnt7a"",""Fzd10_Lrp5""]",0.9997181440424463,0.009449251796492527
"[""Wnt7a"",""Fzd10_Lrp6""]",0.9996738326771084,0.010957835005867115
"[""Wnt7a"",""Fzd1_Lrp5""]",0.9997264829712165,0.008651364679780314
"[""Wnt7a"",""Fzd1_Lrp6""]",0.999428465465982,0.012142673413366141
"[""Wnt7a"",""Fzd2_Lrp5""]",0.9997294260463806,0.008595058490404163
"[""Wnt7a"",""Fzd2_Lrp6""]",0.9996545821986316,0.010031939171442265
"[""Wnt7a"",""Fzd3_Lrp5""]",0.9997294260463806,0.008595058490404163
"[""Wnt7a"",""Fzd3_Lrp6""]",0.999691389937766,0.009300659081865854
"[""Wnt7a"",""Fzd4_Lrp5""]",0.9991730807324651,0.016291042527917583
"[""Wnt7a"",""Fzd4_Lrp6""]",0.9991061391197512,0.016765577227674976
"[""Wnt7a"",""Fzd5_Lrp5""]",0.9982957833839196,0.025134647832826717
"[""Wnt7a"",""Fzd5_Lrp6""]",0.9982957833839196,0.025134647832826717
"[""Wnt7a"",""Fzd6_Lrp5""]",0.9986163966325137,0.020939649470868682
"[""Wnt7a"",""Fzd6_Lrp6""]",0.9978162184376045,0.025331376598540737
"[""Wnt7a"",""Fzd7_Lrp5""]",0.9997229617731869,0.008714038587353458
"[""Wnt7a"",""Fzd7_Lrp6""]",0.999639259437979,0.009924250055046291
"[""Wnt7a"",""Fzd8_Lrp5""]",0.9995834934465492,0.011079651527923215
"[""Wnt7a"",""Fzd8_Lrp6""]",0.9995572048579353,0.01134720589125981
"[""Wnt7a"",""Fzd9_Lrp5""]",0.9991917458182583,0.015261822453989491
"[""Wnt7a"",""Fzd9_Lrp6""]",0.9990655635218414,0.016024561019751363
"[""Wnt7b"",""Fzd10_Lrp5""]",0.9997846558143625,0.008295176214746508
"[""Wnt7b"",""Fzd10_Lrp6""]",0.999729773448164,0.009981431247294961
"[""Wnt7b"",""Fzd1_Lrp5""]",0.9997996363937041,0.007265087677995656
"[""Wnt7b"",""Fzd1_Lrp6""]",0.9996007629546714,0.009967987294548099
"[""Wnt7b"",""Fzd2_Lrp5""]",0.9998016734897466,0.007221169433860252
"[""Wnt7b"",""Fzd2_Lrp6""]",0.999740095977587,0.008512749333942235
"[""Wnt7b"",""Fzd3_Lrp5""]",0.9998016734897466,0.007221169433860252
"[""Wnt7b"",""Fzd3_Lrp6""]",0.9997755731939865,0.007777108639535267
"[""Wnt7b"",""Fzd4_Lrp5""]",0.9993460560940778,0.01422038393986549
"[""Wnt7b"",""Fzd4_Lrp6""]",0.9992978057209487,0.014603305295715165
"[""Wnt7b"",""Fzd5_Lrp5""]",0.9989160737478697,0.019520135896775145
"[""Wnt7b"",""Fzd5_Lrp6""]",0.9989160737478697,0.019520135896775145
"[""Wnt7b"",""Fzd6_Lrp5""]",0.9990162836594737,0.017065800100740495
"[""Wnt7b"",""Fzd6_Lrp6""]",0.9985362016761116,0.02015236856970288
"[""Wnt7b"",""Fzd7_Lrp5""]",0.9997972011509855,0.0073145567289210536
"[""Wnt7b"",""Fzd7_Lrp6""]",0.9997391082622189,0.008286959952245855
"[""Wnt7b"",""Fzd8_Lrp5""]",0.9996943055816283,0.009255125732674079
"[""Wnt7b"",""Fzd8_Lrp6""]",0.9996742241680032,0.00951223803407723
"[""Wnt7b"",""Fzd9_Lrp5""]",0.9994303885982827,0.012513307067690828
"[""Wnt7b"",""Fzd9_Lrp6""]",0.9993463249189383,0.013130372549603343
"[""Wnt8a"",""Fzd10_Lrp5""]",0.9998901052748979,0.006033542000753551
"[""Wnt8a"",""Fzd10_Lrp6""]",0.9999202994859355,0.004746771297664858
"[""Wnt8a"",""Fzd1_Lrp5""]",0.9998152671096434,0.007290241790189374
"[""Wnt8a"",""Fzd1_Lrp6""]",0.9997225154361535,0.008497825655235117
"[""Wnt8a"",""Fzd2_Lrp5""]",0.9998185013217147,0.007220108263826634
"[""Wnt8a"",""Fzd2_Lrp6""]",0.9997610471400081,0.007986926855521699
"[""Wnt8a"",""Fzd3_Lrp5""]",0.9998185013217147,0.007220108263826634
"[""Wnt8a"",""Fzd3_Lrp6""]",0.9997875601293047,0.0075561545480533005
"[""Wnt8a"",""Fzd4_Lrp5""]",0.9996423377608731,0.009889220742379029
"[""Wnt8a"",""Fzd4_Lrp6""]",0.9996400581638497,0.009909857979252793
"[""Wnt8a"",""Fzd5_Lrp5""]",0.9998043612833987,0.006935226116281628
"[""Wnt8a"",""Fzd5_Lrp6""]",0.9998043612833987,0.006935226116281628
"[""Wnt8a"",""Fzd6_Lrp5""]",0.999380644638439,0.014610522585944509
"[""Wnt8a"",""Fzd6_Lrp6""]",0.9993494723746914,0.0140666125987283
"[""Wnt8a"",""Fzd7_Lrp5""]",0.9998118284475938,0.007361878893674216
"[""Wnt8a"",""Fzd7_Lrp6""]",0.9997898873834785,0.007698476702952626
"[""Wnt8a"",""Fzd8_Lrp5""]",0.999730663796821,0.008575907611561866
"[""Wnt8a"",""Fzd8_Lrp6""]",0.9997299511536413,0.00861557787438751
"[""Wnt8a"",""Fzd9_Lrp5""]",0.9995747659239976,0.010613288799077091
"[""Wnt8a"",""Fzd9_Lrp6""]",0.9995669828162532,0.010656976558088227
"[""Wnt8b"",""Fzd10_Lrp5""]",0.9999636713240418,0.003100425273789003
"[""Wnt8b"",""Fzd10_Lrp6""]",0.9999092111422913,0.005592353938026242
"[""Wnt8b"",""Fzd1_Lrp5""]",0.999973714679485,0.0028369345986771263
"[""Wnt8b"",""Fzd1_Lrp6""]",0.9999662495679881,0.0028134723400041316
"[""Wnt8b"",""Fzd2_Lrp5""]",0.9999743840099062,0.0027962091108538526
"[""Wnt8b"",""Fzd2_Lrp6""]",0.9999507507351144,0.003701217029169065
"[""Wnt8b"",""Fzd3_Lrp5""]",0.9999743840099062,0.0027962091108538526
"[""Wnt8b"",""Fzd3_Lrp6""]",0.999980328475816,0.002223509363887127
"[""Wnt8b"",""Fzd4_Lrp5""]",0.9999069099539964,0.005310345548978479
"[""Wnt8b"",""Fzd4_Lrp6""]",0.9999055008713373,0.005336819550323679
"[""Wnt8b"",""Fzd5_Lrp5""]",0.9998704622487163,0.0060563704866260755
"[""Wnt8b"",""Fzd5_Lrp6""]",0.9998704622487163,0.0060563704866260755
"[""Wnt8b"",""Fzd6_Lrp5""]",0.9999323250010077,0.004737597886324244
"[""Wnt8b"",""Fzd6_Lrp6""]",0.9999083210462644,0.004773196979204541
"[""Wnt8b"",""Fzd7_Lrp5""]",0.9999729618099484,0.002880587245500011
"[""Wnt8b"",""Fzd7_Lrp6""]",0.9999694753182335,0.002835797679037146
"[""Wnt8b"",""Fzd8_Lrp5""]",0.999948147880159,0.003880759257986059
"[""Wnt8b"",""Fzd8_Lrp6""]",0.9999474112554884,0.003947299217630495
"[""Wnt8b"",""Fzd9_Lrp5""]",0.9999507518662836,0.0034548179452213498
"[""Wnt8b"",""Fzd9_Lrp6""]",0.9999430251207835,0.0036773773336333036
"[""Wnt9a"",""Fzd10_Lrp5""]",0.9998905422473774,0.005362092987113863
"[""Wnt9a"",""Fzd10_Lrp6""]",0.9999061122768284,0.004895855272987125
"[""Wnt9a"",""Fzd1_Lrp5""]",0.9998237011688133,0.007156484799126067
"[""Wnt9a"",""Fzd1_Lrp6""]",0.999765034727311,0.008235486868593461
"[""Wnt9a"",""Fzd2_Lrp5""]",0.9998248021249884,0.0071320995790616504
"[""Wnt9a"",""Fzd2_Lrp6""]",0.9997938513819924,0.007830605137804389
"[""Wnt9a"",""Fzd3_Lrp5""]",0.9998248021249884,0.0071320995790616504
"[""Wnt9a"",""Fzd3_Lrp6""]",0.9997958131223941,0.008078054262359807
"[""Wnt9a"",""Fzd4_Lrp5""]",0.9997415143145703,0.008950912596943661
"[""Wnt9a"",""Fzd4_Lrp6""]",0.9997385789866724,0.008987580501674409
"[""Wnt9a"",""Fzd5_Lrp5""]",0.9997511061774275,0.00785747556957332
"[""Wnt9a"",""Fzd5_Lrp6""]",0.9997511061774275,0.00785747556957332
"[""Wnt9a"",""Fzd6_Lrp5""]",0.9995586633779876,0.011691050502047802
"[""Wnt9a"",""Fzd6_Lrp6""]",0.9995227688166103,0.011788857949475484
"[""Wnt9a"",""Fzd7_Lrp5""]",0.9998224156698792,0.007183648905556197
"[""Wnt9a"",""Fzd7_Lrp6""]",0.9998170245102428,0.007356109895026811
"[""Wnt9a"",""Fzd8_Lrp5""]",0.9997701506567529,0.00844478272323393
"[""Wnt9a"",""Fzd8_Lrp6""]",0.9997679478502879,0.00855622132112154
"[""Wnt9a"",""Fzd9_Lrp5""]",0.9995428279218486,0.011884169737588712
"[""Wnt9a"",""Fzd9_Lrp6""]",0.9995323410942705,0.011973357116325817
"[""Wnt9b"",""Fzd10_Lrp5""]",0.9995828741289389,0.011177488963324555
"[""Wnt9b"",""Fzd10_Lrp6""]",0.999616044877057,0.010252873019865407
"[""Wnt9b"",""Fzd1_Lrp5""]",0.9995712585797645,0.010927011324520074
"[""Wnt9b"",""Fzd1_Lrp6""]",0.9993165472880541,0.013614342166650152
"[""Wnt9b"",""Fzd2_Lrp5""]",0.9995739101628963,0.010888238096011004
"[""Wnt9b"",""Fzd2_Lrp6""]",0.9994956560756072,0.011797475050330634
"[""Wnt9b"",""Fzd3_Lrp5""]",0.9995739101628963,0.010888238096011004
"[""Wnt9b"",""Fzd3_Lrp6""]",0.99939847231968,0.01326691384877576
"[""Wnt9b"",""Fzd4_Lrp5""]",0.9992846066956386,0.014304716745554471
"[""Wnt9b"",""Fzd4_Lrp6""]",0.9992725540134627,0.014381709314512546
"[""Wnt9b"",""Fzd5_Lrp5""]",0.9992004494243687,0.014946707891318934
"[""Wnt9b"",""Fzd5_Lrp6""]",0.9992004494243687,0.014946707891318934
"[""Wnt9b"",""Fzd6_Lrp5""]",0.9984680840566439,0.02246271879432473
"[""Wnt9b"",""Fzd6_Lrp6""]",0.9983108503736243,0.022162640463498806
"[""Wnt9b"",""Fzd7_Lrp5""]",0.999568223680966,0.010968823657794205
"[""Wnt9b"",""Fzd7_Lrp6""]",0.999510976144432,0.011595973405929163
"[""Wnt9b"",""Fzd8_Lrp5""]",0.9994367770627034,0.012714041803225516
"[""Wnt9b"",""Fzd8_Lrp6""]",0.9994298530403256,0.012811995299815008
"[""Wnt9b"",""Fzd9_Lrp5""]",0.9988897358363217,0.01765617688970243
"[""Wnt9b"",""Fzd9_Lrp6""]",0.9988575669431953,0.017768117802298703
