pair_id,pearson,rmsd
"[""Adcyap1"",""Adcyap1r1""]",0.9996115948288327,0.008903801971723666
"[""Adgre5"",""Cd55b""]",0.9999781141868204,0.0031400743115422222
"[""Adipoq"",""Adipor1""]",0.9999312536310684,0.004120820267687135
"[""Adipoq"",""Adipor2""]",0.9999647559847119,0.0031714191259921663
"[""Adm"",""Calcr""]",0.99777566852478,0.028714543734812817
"[""Adm"",""Calcrl""]",0.9982971912869185,0.02248171014514184
"[""Agrn"",""Dag1""]",0.9993524315909291,0.014118052352043145
"[""Agt"",""Agtr1a""]",0.9959127312373877,0.03563608434283866
"[""Agt"",""Agtr1b""]",0.9938214286461761,0.044002208849121996
"[""Agt"",""Mas1""]",0.9969807809496518,0.029220432773811585
"[""Alcam"",""Cd6""]",0.9997465268393038,0.00845061080612381
"[""Amh"",""Amhr2_Acvr1""]",0.9998959994018508,0.005283559023602504
"[""Amh"",""Amhr2_Bmpr1a""]",0.9998959994018508,0.005283559023602504
"[""Angpt1"",""Tek""]",0.9984597242967415,0.021436348497821056
"[""Angpt2"",""Itga5_Itgb1""]",0.9997266628652147,0.008830546199042106
"[""Angpt2"",""Tek""]",0.9987686936106193,0.01939381006817119
"[""Angptl1"",""Itga1_Itgb1""]",0.9999857664789931,0.0018417980674084147
"[""Angptl1"",""Pirb""]",0.9999179352658623,0.00583333372560873
"[""Angptl2"",""Itga5_Itgb1""]",0.9997553770034456,0.00811510387624471
"[""Angptl2"",""Pirb""]",0.9995517519218517,0.011184809985559723
"[""Angptl2"",""Tlr4""]",0.9991280169678882,0.01608194988111537
"[""Angptl3"",""Itgav_Itgb3""]",0.9985079566532746,0.024841115576907814
"[""Angptl4"",""Cdh11""]",0.9995594688953647,0.010790077235429636
"[""Angptl4"",""Cdh5""]",0.9988527406189216,0.018393434933241956
"[""Angptl4"",""Itga5_Itgb1""]",0.9996027960930619,0.010498565618902654
"[""Angptl4"",""Itgav_Itgb3""]",0.9989021906683839,0.017595443029343488
"[""Angptl4"",""Sdc1""]",0.9995211523962206,0.011594889113871503
"[""Angptl4"",""Sdc2""]",0.9995625241770353,0.01096223903482147
"[""Angptl4"",""Sdc3""]",0.9991583002087705,0.018435944934538796
"[""Angptl4"",""Sdc4""]",0.9986100262792748,0.02116404085034937
"[""Angptl7"",""Pirb""]",0.9993103764756616,0.013236452110553484
"[""Anxa1"",""Fpr1""]",0.9971583359241265,0.046697248617082805
"[""Anxa1"",""Fpr2""]",0.9879922712654094,0.08938502224930109
"[""Anxa1"",""Fpr2_Fpr3""]",0.9879922712654094,0.08938502224930109
"[""Apela"",""Aplnr""]",0.9995223938238731,0.0117903625961424
"[""Apln"",""Aplnr""]",0.9996903959793001,0.00960187370487925
"[""App"",""Cd74""]",0.9995197721324675,0.012803797523088668
"[""Areg"",""Egfr""]",0.999949840828261,0.0035384963349958274
"[""Areg"",""Egfr_Erbb2""]",0.9996764106172992,0.010823426350057045
"[""Artn"",""Gfra1_Ret""]",0.9979318657410652,0.03707263856063895
"[""Artn"",""Gfra3_Ret""]",0.9997433634677358,0.009123243766792567
"[""Avp"",""Avpr1a""]",0.9987222500734075,0.020068849077746708
"[""Bdnf"",""Ntrk2""]",0.9999845886225354,0.003432635621164748
"[""Bmp10"",""Acvrl1_Acvr2a""]",0.9875587043216699,0.06189215830071732
"[""Bmp10"",""Acvrl1_Bmpr2""]",0.9875587043216699,0.06189215830071732
"[""Bmp2"",""Bmpr1a_Acvr2a""]",0.9997629432636785,0.008030800323218923
"[""Bmp2"",""Bmpr1a_Acvr2b""]",0.9997769191974363,0.007794027057046305
"[""Bmp2"",""Bmpr1a_Bmpr2""]",0.9996045986563057,0.010400640706357775
"[""Bmp2"",""Bmpr1b_Acvr2a""]",0.9998526055166456,0.006404634026456013
"[""Bmp2"",""Bmpr1b_Acvr2b""]",0.999779760947401,0.0077873516192822605
"[""Bmp2"",""Bmpr1b_Bmpr2""]",0.9999421428955996,0.003837281003302427
"[""Bmp4"",""Bmpr1a_Acvr2a""]",0.9999482113758296,0.003675284972700757
"[""Bmp4"",""Bmpr1a_Acvr2b""]",0.9999449271671889,0.0037609946007788097
"[""Bmp4"",""Bmpr1a_Bmpr2""]",0.9998836892138987,0.005477569715848176
"[""Bmp4"",""Bmpr1b_Acvr2a""]",0.9999652604032034,0.0029835118733958343
"[""Bmp4"",""Bmpr1b_Acvr2b""]",0.9999465511891208,0.0037026868969595107
"[""Bmp4"",""Bmpr1b_Bmpr2""]",0.9999871309629937,0.0017863204401184795
"[""Bmp5"",""Acvr1_Acvr2a""]",0.9999399308621456,0.003910845538633256
"[""Bmp5"",""Acvr1_Acvr2b""]",0.999984051769058,0.002034535729259025
"[""Bmp5"",""Acvr1_Bmpr2""]",0.999936603362468,0.004015102763356432
"[""Bmp5"",""Bmpr1a_Acvr2a""]",0.9999849916176635,0.002030415390597207
"[""Bmp5"",""Bmpr1a_Acvr2b""]",0.9999803681308201,0.0022575708954014444
"[""Bmp5"",""Bmpr1a_Bmpr2""]",0.9999368476975894,0.0040241417791041295
"[""Bmp5"",""Bmpr1b_Acvr2a""]",0.9999907191869882,0.0015812639591435515
"[""Bmp5"",""Bmpr1b_Acvr2b""]",0.9999811185901476,0.0021949456996963566
"[""Bmp5"",""Bmpr1b_Bmpr2""]",0.9999955408990691,0.0010698884367342006
"[""Bmp6"",""Acvr1_Acvr2a""]",0.9995064495565704,0.011726517070100008
"[""Bmp6"",""Acvr1_Acvr2b""]",0.9996195403603041,0.010307117758676277
"[""Bmp6"",""Acvr1_Bmpr2""]",0.9995073668269769,0.01167153741767632
"[""Bmp6"",""Bmpr1a_Acvr2a""]",0.9995516538890985,0.011160549291371192
"[""Bmp6"",""Bmpr1a_Acvr2b""]",0.9995710692033751,0.010942909183532088
"[""Bmp6"",""Bmpr1a_Bmpr2""]",0.999489990245107,0.011974885198098908
"[""Bmp6"",""Bmpr1b_Acvr2a""]",0.9997202125325813,0.009088561401543904
"[""Bmp6"",""Bmpr1b_Acvr2b""]",0.9995825018616876,0.010930905929270656
"[""Bmp6"",""Bmpr1b_Bmpr2""]",0.9998957197104753,0.005305218010292498
"[""Bmp7"",""Acvr1_Acvr2a""]",0.9994873620534913,0.01193289703105539
"[""Bmp7"",""Acvr1_Acvr2b""]",0.9996705353917509,0.009550184569710714
"[""Bmp7"",""Acvr1_Bmpr2""]",0.9994663031722185,0.012146086590159704
"[""Bmp7"",""Bmpr1a_Acvr2a""]",0.9996162896193899,0.010288393599062423
"[""Bmp7"",""Bmpr1a_Acvr2b""]",0.9996449065719711,0.00991375081517379
"[""Bmp7"",""Bmpr1a_Bmpr2""]",0.9994657418182092,0.012246011180612096
"[""Bmp7"",""Bmpr1b_Acvr2a""]",0.9997695560561768,0.008166569127705726
"[""Bmp7"",""Bmpr1b_Acvr2b""]",0.9996479575427937,0.00997099203598408
"[""Bmp7"",""Bmpr1b_Bmpr2""]",0.9999325532103311,0.00419881218870917
"[""Bmp8a"",""Acvr1_Acvr2a""]",0.9997669035053034,0.008098295215537045
"[""Bmp8a"",""Acvr1_Acvr2b""]",0.9999010396417308,0.006001502500768386
"[""Bmp8a"",""Acvr1_Bmpr2""]",0.9997520643183102,0.008315164682026756
"[""Bmp8a"",""Bmpr1a_Acvr2a""]",0.9998923677604771,0.0057189949682099304
"[""Bmp8a"",""Bmpr1a_Acvr2b""]",0.9998957663222321,0.006575816417326815
"[""Bmp8a"",""Bmpr1a_Bmpr2""]",0.9997549240061355,0.008366485136753277
"[""Bmp8a"",""Bmpr1b_Acvr2a""]",0.9999373994997652,0.00429474720846979
"[""Bmp8a"",""Bmpr1b_Acvr2b""]",0.9998895434521935,0.006272872600415192
"[""Bmp8a"",""Bmpr1b_Bmpr2""]",0.9999888274384789,0.0017100966014780207
"[""Bmp8b"",""Acvr1_Acvr2a""]",0.9999241382144626,0.0050674784626631025
"[""Bmp8b"",""Acvr1_Acvr2b""]",0.9999719087662007,0.004659330686108509
"[""Bmp8b"",""Acvr1_Bmpr2""]",0.9999177022388587,0.005154652681156517
"[""Bmp8b"",""Bmpr1a_Acvr2a""]",0.9999463248041901,0.006672426121515474
"[""Bmp8b"",""Bmpr1a_Acvr2b""]",0.9999716580889321,0.004567258477929197
"[""Bmp8b"",""Bmpr1a_Bmpr2""]",0.9999220175984617,0.005039939161293023
"[""Bmp8b"",""Bmpr1b_Acvr2a""]",0.9999800036386324,0.003254543839178565
"[""Bmp8b"",""Bmpr1b_Acvr2b""]",0.9999801294614347,0.0034442184319316872
"[""Bmp8b"",""Bmpr1b_Bmpr2""]",0.9999782827302963,0.0032913468425865844
"[""Btc"",""Egfr""]",0.9999309522112185,0.004315528139649928
"[""Btc"",""Egfr_Erbb2""]",0.9996604833445055,0.010380182368648893
"[""Btc"",""Erbb2_Erbb4""]",0.9988849805100566,0.018624867028459585
"[""Btc"",""Erbb4""]",0.9993875596442594,0.013275573478857073
"[""Btla"",""Tnfrsf14""]",0.999628771721583,0.010422021886811631
"[""C3"",""C3ar1""]",0.9908271372586065,0.07082211137887189
"[""C3"",""Cr2""]",0.9978986548574953,0.027750931641812394
"[""C3"",""Itgam_Itgb2""]",0.9943848985971018,0.05219624397972238
"[""C3"",""Itgax_Itgb2""]",0.9922090664472552,0.06947366452121624
"[""C4b"",""Cr2""]",0.9993009613551253,0.01624965278344225
"[""Cadm1"",""Cadm1""]",0.999965054119177,0.0031949755431638777
"[""Cadm3"",""Cadm3""]",0.9976277636409462,0.030870876712497414
"[""Calca"",""Calcr""]",0.9995776733167219,0.011814583203646381
"[""Calca"",""Calcrl""]",0.999693076129856,0.009368582624881822
"[""Calcb"",""Calcr""]",0.9988614230403632,0.015062380373096632
"[""Calcb"",""Calcrl""]",0.9998987776956619,0.0049084090171578176
"[""Cck"",""Cckar""]",0.9995377925918042,0.012389069447472544
"[""Cck"",""Cckbr""]",0.9995069423406299,0.01703984261293726
"[""Ccl1"",""Ackr1""]",0.9974600379564739,0.026122819435884726
"[""Ccl1"",""Ackr4""]",0.999909242111094,0.0075323435764633444
"[""Ccl11"",""Ackr1""]",0.9983230867778866,0.02050538654452401
"[""Ccl11"",""Ackr2""]",0.9997107590339819,0.008557701756520679
"[""Ccl12"",""Ccr2""]",0.9991974513730048,0.014426140611682287
"[""Ccl17"",""Ackr1""]",0.9927470818454056,0.06350999649730239
"[""Ccl17"",""Ackr2""]",0.9955613960097138,0.03954329918829369
"[""Ccl17"",""Ccr4""]",0.999035782458502,0.016942368249976726
"[""Ccl2"",""Ackr1""]",0.9996703359886242,0.011931695922153122
"[""Ccl2"",""Ackr2""]",0.9996966157046727,0.009590849309729583
"[""Ccl2"",""Ccr2""]",0.9999343579623612,0.004358513231642114
"[""Ccl20"",""Ccr6""]",0.9998219110876105,0.010169969999235041
"[""Ccl22"",""Ackr2""]",0.9965542664657013,0.030910283507465233
"[""Ccl22"",""Ccr4""]",0.9992181055030966,0.014429629548992648
"[""Ccl24"",""Ackr2""]",0.9951804002728658,0.04147339395791153
"[""Ccl25"",""Ackr4""]",0.9999630485689887,0.004600791628661262
"[""Ccl25"",""Ccr9""]",0.999983791728554,0.0021994665100116143
"[""Ccl27a"",""Ccr10""]",0.9986598544858093,0.022947409648878144
"[""Ccl27a"",""Ccr2""]",0.999028479512004,0.025070435458994976
"[""Ccl28"",""Ccr10""]",0.9996838898359267,0.009764367807244104
"[""Ccl3"",""Ackr2""]",0.997747824815808,0.028523485632116364
"[""Ccl3"",""Ccr1""]",0.9973508563859708,0.0297823663085779
"[""Ccl3"",""Ccr5""]",0.9981987384043467,0.02412190156015577
"[""Ccl4"",""Ackr2""]",0.9969343049967923,0.03509427943371675
"[""Ccl4"",""Ccr5""]",0.9975333070747725,0.02931671706415395
"[""Ccl5"",""Ackr1""]",0.9978818918631873,0.03209926371289496
"[""Ccl5"",""Ackr2""]",0.9985502311231678,0.02247176057991404
"[""Ccl5"",""Ccr1""]",0.9978586417335379,0.02731955309480179
"[""Ccl5"",""Ccr4""]",0.999775176216994,0.00792847432228081
"[""Ccl5"",""Ccr5""]",0.9987269643062554,0.020135477275794796
"[""Ccl6"",""Ccr1""]",0.9949367788458581,0.04201738374173356
"[""Ccl6"",""Ccr2""]",0.9978903955844695,0.02671264971117575
"[""Ccl7"",""Ackr1""]",0.9997592538236942,0.009676162731827394
"[""Ccl7"",""Ccr1""]",0.9997479655875519,0.00830328322753354
"[""Ccl7"",""Ccr2""]",0.9999393850871877,0.004740243687310637
"[""Ccl9"",""Ccr1""]",0.9938603640972853,0.06425056046247966
"[""Cd1d1"",""Ceacam5""]",0.9994630190665073,0.013070261026060317
"[""Cd200"",""Cd200r1""]",0.9956558584846439,0.05008568138114229
"[""Cd200"",""Cd200r2""]",0.9974854176245415,0.034894364467035706
"[""Cd200"",""Cd200r3""]",0.9983984319655064,0.028582978119620083
"[""Cd200"",""Cd200r4""]",0.9976169494939829,0.03383095484663032
"[""Cd22"",""Ptprc""]",0.9991599618875738,0.015761043862617976
"[""Cd226"",""Nectin2""]",0.9993171787188143,0.015175977941324454
"[""Cd226"",""Pvr""]",0.9993310974908306,0.015613949952241123
"[""Cd274"",""Pdcd1""]",0.993048424515502,0.04863562899946181
"[""Cd34"",""Selp""]",0.9987707474036317,0.01912315817028567
"[""Cd46"",""Jag1""]",0.9998589964725931,0.0061412846809474385
"[""Cd52"",""Siglecg""]",0.9996360480279214,0.009957806588992384
"[""Cd6"",""Alcam""]",0.9997448930936917,0.008479917100260314
"[""Cd70"",""Cd27""]",0.9997865037979663,0.009694981551020665
"[""Cd80"",""Cd274""]",0.9990878030109012,0.01712219974821948
"[""Cd80"",""Cd28""]",0.9995178443174482,0.012050902590506495
"[""Cd80"",""Ctla4""]",0.9997328597218746,0.008798684146515324
"[""Cd86"",""Cd28""]",0.9979915625819943,0.02558162732865448
"[""Cd86"",""Ctla4""]",0.9987672234156222,0.019909505856351387
"[""Cd8a"",""Ceacam5""]",0.9998845661148978,0.006506208963258604
"[""Cd96"",""Nectin1""]",0.9999522445922783,0.004671071379062646
"[""Cd96"",""Pvr""]",0.9998618786340294,0.006122916712421549
"[""Cdh1"",""Cdh1""]",0.9965721474295152,0.03559985471176794
"[""Cdh1"",""Itga2_Itgb1""]",0.9995823808056533,0.011555283208095481
"[""Cdh1"",""Itgae_Itgb7""]",0.9990733394865678,0.01910646500114581
"[""Cdh1"",""Klrg1""]",0.9987960086498926,0.021363321438194752
"[""Cdh15"",""Cdh15""]",0.9994764145495876,0.012470580999191766
"[""Cdh2"",""Cdh2""]",0.9992142432563488,0.015077233218673089
"[""Cdh4"",""Cdh4""]",0.9998929229590536,0.00649416316111926
"[""Cdh5"",""Cdh5""]",0.997975611901182,0.024901981942239058
"[""Ceacam1"",""Ceacam5""]",0.999740621395603,0.00944498707003008
"[""Cga"",""Fshr""]",0.9999274205152917,0.0054483305948938195
"[""Cga"",""Lhcgr""]",0.999860888646738,0.006298576171046783
"[""Cga"",""Tshr""]",0.9999548173150976,0.004343056614104282
"[""Chad"",""Itga2_Itgb1""]",0.9998278663856678,0.00705191357048682
"[""Clcf1"",""Cntfr_Lifr_Il6st""]",0.9999840514072557,0.002506487485302488
"[""Cldn11"",""Cldn11""]",0.9977245585405087,0.029836910536732764
"[""Clec2g"",""Klrb1""]",0.9999329872085215,0.004365191284659833
"[""Clec2g"",""Klrb1f""]",0.9997137887419363,0.008929871648261709
"[""Clec2h"",""Klrb1""]",0.9999275236307873,0.004648686091095152
"[""Clec2i"",""Klrb1""]",0.9997375728289319,0.00847996691059898
"[""Clec2i"",""Klrb1f""]",0.9992663646684175,0.014407072111849363
"[""Cntf"",""Cntfr_Lifr_Il6st""]",0.9999857143833791,0.0028190748820926073
"[""Cntn1"",""Nrcam""]",0.9970011159191681,0.030331044301743226
"[""Cntn2"",""Cntn2""]",0.9995910421601308,0.00905650417425147
"[""Cntn2"",""Cntn2_Cntnap2""]",0.9995910421601308,0.00905650417425147
"[""Cntn2"",""L1cam""]",0.9983133236952612,0.024203101515080195
"[""Col1a1"",""Cd44""]",0.9897925043088986,0.07547134944032999
"[""Col1a1"",""Gp6""]",0.9950816051257617,0.039755044884414094
"[""Col1a1"",""Itga10_Itgb1""]",0.9965005174473173,0.03444080657932999
"[""Col1a1"",""Itga11_Itgb1""]",0.998459986974794,0.022932809870344295
"[""Col1a1"",""Itga1_Itgb1""]",0.9959030468750739,0.03660629567255528
"[""Col1a1"",""Itga2_Itgb1""]",0.9986125091231057,0.021310664311049953
"[""Col1a1"",""Itga3_Itgb1""]",0.9974355499863949,0.029693694922780966
"[""Col1a1"",""Itga9_Itgb1""]",0.9992857762431968,0.014975408504163594
"[""Col1a1"",""Itgav_Itgb8""]",0.9990562895776929,0.01733223857654495
"[""Col1a1"",""Sdc1""]",0.9987575440671984,0.02035213526795602
"[""Col1a1"",""Sdc4""]",0.9926090375170059,0.06442288085683433
"[""Col1a2"",""Cd44""]",0.9402026383269946,0.12328399423328619
"[""Col1a2"",""Gp6""]",0.997603775607906,0.026563842679582762
"[""Col1a2"",""Itga10_Itgb1""]",0.998567234054999,0.022745916554889407
"[""Col1a2"",""Itga11_Itgb1""]",0.9991104935130022,0.01636080218563345
"[""Col1a2"",""Itga1_Itgb1""]",0.9980917097868116,0.02396166065357387
"[""Col1a2"",""Itga2_Itgb1""]",0.9992884920169517,0.014528951395982792
"[""Col1a2"",""Itga3_Itgb1""]",0.9987022675780827,0.01984673325795733
"[""Col1a2"",""Itga9_Itgb1""]",0.99960630232658,0.010584181737787274
"[""Col1a2"",""Itgav_Itgb8""]",0.9994425322565378,0.012613372994915327
"[""Col1a2"",""Sdc1""]",0.9992597280790098,0.014759047479996667
"[""Col1a2"",""Sdc4""]",0.9973584230122897,0.03077324964941577
"[""Col2a1"",""Cd44""]",0.999734145345914,0.013666003230749641
"[""Col2a1"",""Gp6""]",0.9999662285495687,0.004320616165706276
"[""Col2a1"",""Itga10_Itgb1""]",0.9998604720214901,0.007360546157440859
"[""Col2a1"",""Itga11_Itgb1""]",0.9999061722106706,0.0055687879567974255
"[""Col2a1"",""Itga1_Itgb1""]",0.9999491401353132,0.004883388848540557
"[""Col2a1"",""Itga2_Itgb1""]",0.9999700744059119,0.003648598601432744
"[""Col2a1"",""Itga3_Itgb1""]",0.9999702816705731,0.0032851252342647875
"[""Col2a1"",""Itga9_Itgb1""]",0.9999803705759809,0.002741875511595035
"[""Col2a1"",""Itgav_Itgb8""]",0.9999655683875539,0.0031496082964452003
"[""Col2a1"",""Sdc1""]",0.9999245861711811,0.004787040284805874
"[""Col2a1"",""Sdc4""]",0.9998313418055329,0.007708618179012798
"[""Col4a1"",""Cd44""]",0.9866691277440954,0.08013133395975969
"[""Col4a1"",""Gp6""]",0.9986674975731478,0.019473235708532183
"[""Col4a1"",""Itga10_Itgb1""]",0.9990573057163741,0.017867655502139347
"[""Col4a1"",""Itga11_Itgb1""]",0.9994489740942211,0.012693852673296785
"[""Col4a1"",""Itga1_Itgb1""]",0.9986391608967018,0.02020970543931328
"[""Col4a1"",""Itga2_Itgb1""]",0.9996042495785953,0.010831254286424166
"[""Col4a1"",""Itga3_Itgb1""]",0.9992934537228517,0.014303339063917465
"[""Col4a1"",""Itga9_Itgb1""]",0.999780388866572,0.007869971512406308
"[""Col4a1"",""Itgav_Itgb8""]",0.9996812585889228,0.00932433755423857
"[""Col4a1"",""Sdc1""]",0.9996384825071654,0.010093138095692422
"[""Col4a1"",""Sdc4""]",0.998507502951671,0.021978646591030705
"[""Col4a2"",""Cd44""]",0.993678278072662,0.05181883318183696
"[""Col4a2"",""Gp6""]",0.9988467806572955,0.018044462915567574
"[""Col4a2"",""Itga10_Itgb1""]",0.999408110700563,0.013838330304029131
"[""Col4a2"",""Itga11_Itgb1""]",0.9996252671556638,0.010335807482100612
"[""Col4a2"",""Itga1_Itgb1""]",0.998914702734723,0.017940175766134686
"[""Col4a2"",""Itga2_Itgb1""]",0.9997437468054571,0.008589774203492807
"[""Col4a2"",""Itga3_Itgb1""]",0.9994718298529862,0.01224026043327396
"[""Col4a2"",""Itga9_Itgb1""]",0.999871499896849,0.005892940660149859
"[""Col4a2"",""Itgav_Itgb8""]",0.9998017736685321,0.007257148215623083
"[""Col4a2"",""Sdc1""]",0.9997570131593065,0.008168019895143623
"[""Col4a2"",""Sdc4""]",0.9989567874945181,0.018040913508737794
"[""Col4a3"",""Cd44""]",0.9771023552020458,0.12098091666052213
"[""Col4a3"",""Gp6""]",0.998989028445505,0.01668115943290324
"[""Col4a3"",""Itga10_Itgb1""]",0.9993800872370935,0.014078124917589493
"[""Col4a3"",""Itga11_Itgb1""]",0.9996388681141922,0.010136787767388276
"[""Col4a3"",""Itga1_Itgb1""]",0.9989536869219795,0.017483483785587946
"[""Col4a3"",""Itga2_Itgb1""]",0.9997971761406832,0.007548082264317486
"[""Col4a3"",""Itga3_Itgb1""]",0.9995307663897535,0.011492578686650832
"[""Col4a3"",""Itga9_Itgb1""]",0.9998894708234711,0.0054134077994557874
"[""Col4a3"",""Itgav_Itgb8""]",0.999802256903728,0.007268401982547747
"[""Col4a3"",""Sdc1""]",0.999771754089234,0.007943570407520775
"[""Col4a3"",""Sdc4""]",0.9989475156846885,0.018045624164974853
"[""Col4a4"",""Cd44""]",0.972676341570636,0.08917630245207712
"[""Col4a4"",""Gp6""]",0.9992340152489018,0.014718833177847255
"[""Col4a4"",""Itga10_Itgb1""]",0.9996365018212906,0.010928664030211395
"[""Col4a4"",""Itga11_Itgb1""]",0.9997776256907712,0.00799360283239064
"[""Col4a4"",""Itga1_Itgb1""]",0.9993615773719677,0.013779358137918455
"[""Col4a4"",""Itga2_Itgb1""]",0.9999115296198449,0.0050024181950222785
"[""Col4a4"",""Itga3_Itgb1""]",0.9997474192343372,0.008443280592686005
"[""Col4a4"",""Itga9_Itgb1""]",0.9999614515796765,0.003186624977382352
"[""Col4a4"",""Itgav_Itgb8""]",0.9998937773391501,0.005400305696124449
"[""Col4a4"",""Sdc1""]",0.9998808372744029,0.005781649064104726
"[""Col4a4"",""Sdc4""]",0.9993553082637836,0.014230328069537643
"[""Col4a5"",""Cd44""]",0.9930182754794004,0.051050488679984594
"[""Col4a5"",""Gp6""]",0.9976919860396279,0.025712792910599722
"[""Col4a5"",""Itga10_Itgb1""]",0.9986162461644537,0.020916341190825662
"[""Col4a5"",""Itga11_Itgb1""]",0.999206618659917,0.014996764446124073
"[""Col4a5"",""Itga1_Itgb1""]",0.9977034337557402,0.025967629652479774
"[""Col4a5"",""Itga2_Itgb1""]",0.9993118870550176,0.014011286842433251
"[""Col4a5"",""Itga3_Itgb1""]",0.9987391503371269,0.019014985748154797
"[""Col4a5"",""Itga9_Itgb1""]",0.9995586516802001,0.011013050634784437
"[""Col4a5"",""Itgav_Itgb8""]",0.9994528326173762,0.012188876372195089
"[""Col4a5"",""Sdc1""]",0.9993948727826496,0.012927742385492125
"[""Col4a5"",""Sdc4""]",0.9977369138615608,0.026409519014077426
"[""Col4a6"",""Cd44""]",0.9542665089822282,0.14636857198527478
"[""Col4a6"",""Gp6""]",0.9974381568474977,0.027054383867235784
"[""Col4a6"",""Itga10_Itgb1""]",0.997836004058504,0.027290036966245657
"[""Col4a6"",""Itga11_Itgb1""]",0.9988792228987688,0.018113176850419927
"[""Col4a6"",""Itga1_Itgb1""]",0.9973075846952665,0.0282769192765923
"[""Col4a6"",""Itga2_Itgb1""]",0.999117492628981,0.01600612611145018
"[""Col4a6"",""Itga3_Itgb1""]",0.9984708805456121,0.021107774781333157
"[""Col4a6"",""Itga9_Itgb1""]",0.9994069184832477,0.012910140870288049
"[""Col4a6"",""Itgav_Itgb8""]",0.9992177946858044,0.01472394037356257
"[""Col4a6"",""Sdc1""]",0.9991506628019667,0.0155680104131947
"[""Col4a6"",""Sdc4""]",0.9967780664651494,0.032415317254295896
"[""Col6a1"",""Cd44""]",0.993056688319898,0.040725019910024
"[""Col6a1"",""Gp6""]",0.9983317837705823,0.021688925798947534
"[""Col6a1"",""Itga10_Itgb1""]",0.9996119281301176,0.01122911221501162
"[""Col6a1"",""Itga11_Itgb1""]",0.9998207149536738,0.0074430908740385745
"[""Col6a1"",""Itga1_Itgb1""]",0.9990172166557144,0.01675399964382343
"[""Col6a1"",""Itga2_Itgb1""]",0.9998916084341579,0.005396125744147172
"[""Col6a1"",""Itga3_Itgb1""]",0.9996520085322967,0.010143365487314392
"[""Col6a1"",""Itga9_Itgb1""]",0.9999649967040809,0.00376023205330564
"[""Col6a1"",""Itgav_Itgb8""]",0.9999316375150721,0.005873032662913121
"[""Col6a1"",""Sdc1""]",0.9998955215060257,0.0062369528402837025
"[""Col6a1"",""Sdc4""]",0.9988758276122944,0.01919642018693877
"[""Col6a2"",""Cd44""]",0.9905548202868384,0.04677859648328344
"[""Col6a2"",""Gp6""]",0.9982105599418489,0.022639742092602153
"[""Col6a2"",""Itga10_Itgb1""]",0.9994303291240428,0.014052849929931981
"[""Col6a2"",""Itga11_Itgb1""]",0.9996931892332204,0.009651981722752551
"[""Col6a2"",""Itga1_Itgb1""]",0.9988548743155496,0.018226852971772612
"[""Col6a2"",""Itga2_Itgb1""]",0.9998283120573421,0.00689731370882416
"[""Col6a2"",""Itga3_Itgb1""]",0.9995238382506679,0.011875895196753418
"[""Col6a2"",""Itga9_Itgb1""]",0.9999388683209732,0.004357141499414319
"[""Col6a2"",""Itgav_Itgb8""]",0.9998815925035874,0.006573441168301188
"[""Col6a2"",""Sdc1""]",0.9998020638160806,0.00793519299493786
"[""Col6a2"",""Sdc4""]",0.9986151400689623,0.021641497861594437
"[""Col6a3"",""Cd44""]",0.9901472481258492,0.05850716145897195
"[""Col6a3"",""Gp6""]",0.9993059926796992,0.013530899198085084
"[""Col6a3"",""Itga10_Itgb1""]",0.9998451648560481,0.006927672467802507
"[""Col6a3"",""Itga11_Itgb1""]",0.9998806075824764,0.00583767932977282
"[""Col6a3"",""Itga1_Itgb1""]",0.9996570722927807,0.009481138735675876
"[""Col6a3"",""Itga2_Itgb1""]",0.9999586469113534,0.0034563356327975392
"[""Col6a3"",""Itga3_Itgb1""]",0.9998440075042143,0.00677950109399525
"[""Col6a3"",""Itga9_Itgb1""]",0.999985601912501,0.0027417454771492943
"[""Col6a3"",""Itgav_Itgb8""]",0.9999645591130549,0.004168712312359147
"[""Col6a3"",""Sdc1""]",0.9999203010457346,0.005164336203665402
"[""Col6a3"",""Sdc4""]",0.9995867893077713,0.011368622510795345
"[""Col6a4"",""Cd44""]",0.9932810092872816,0.06261301938086279
"[""Col6a4"",""Gp6""]",0.9996313004361288,0.013367428868412452
"[""Col6a4"",""Itga10_Itgb1""]",0.9994883193850995,0.013282631270488782
"[""Col6a4"",""Itga11_Itgb1""]",0.9998223914964524,0.007599022941572253
"[""Col6a4"",""Itga1_Itgb1""]",0.9997529520923907,0.008230062189488106
"[""Col6a4"",""Itga2_Itgb1""]",0.9999578571258807,0.004436388973068385
"[""Col6a4"",""Itga3_Itgb1""]",0.9999164221660254,0.007087357789108241
"[""Col6a4"",""Itga9_Itgb1""]",0.99996458343043,0.004416893225882466
"[""Col6a4"",""Itgav_Itgb8""]",0.9999329364779099,0.005835536493760838
"[""Col6a4"",""Sdc1""]",0.9999356857939125,0.005637855528238488
"[""Col6a4"",""Sdc4""]",0.9994435898437153,0.01519266544426263
"[""Col6a5"",""Cd44""]",0.9950413739796449,0.029874359800672646
"[""Col6a5"",""Gp6""]",0.9996832413979768,0.009004922977824525
"[""Col6a5"",""Itga10_Itgb1""]",0.9999029969520387,0.00589316014133204
"[""Col6a5"",""Itga11_Itgb1""]",0.9999782836951825,0.003231941409060649
"[""Col6a5"",""Itga1_Itgb1""]",0.9998773578236745,0.005431095962490003
"[""Col6a5"",""Itga2_Itgb1""]",0.9999484903463678,0.0042349048782290176
"[""Col6a5"",""Itga3_Itgb1""]",0.9999520823149364,0.004392429139074763
"[""Col6a5"",""Itga9_Itgb1""]",0.9999164103141941,0.005560985300381216
"[""Col6a5"",""Itgav_Itgb8""]",0.9999222530429656,0.006249991617459737
"[""Col6a5"",""Sdc1""]",0.9999556361727647,0.004638734550081447
"[""Col6a5"",""Sdc4""]",0.9998399233200581,0.007432794489632462
"[""Col6a6"",""Cd44""]",0.9929916885299883,0.036093126963512016
"[""Col6a6"",""Gp6""]",0.9995404654538612,0.01082578300498623
"[""Col6a6"",""Itga10_Itgb1""]",0.9999296871340729,0.004835095941871385
"[""Col6a6"",""Itga11_Itgb1""]",0.9999854492624314,0.002524236659753303
"[""Col6a6"",""Itga1_Itgb1""]",0.9997786208037006,0.007649782841691821
"[""Col6a6"",""Itga2_Itgb1""]",0.9999747294803828,0.0027357948916133072
"[""Col6a6"",""Itga3_Itgb1""]",0.999941634019494,0.003974366609041208
"[""Col6a6"",""Itga9_Itgb1""]",0.9999521504423455,0.004188010093952388
"[""Col6a6"",""Itgav_Itgb8""]",0.9999546358782859,0.004918875068266848
"[""Col6a6"",""Sdc1""]",0.9999760163814717,0.0034950306191051618
"[""Col6a6"",""Sdc4""]",0.9998416565281023,0.006542935135787173
"[""Col9a1"",""Cd44""]",0.9994802759588527,0.01898619790143928
"[""Col9a1"",""Gp6""]",0.9996528470600892,0.010177907457704709
"[""Col9a1"",""Itga10_Itgb1""]",0.9996837219019907,0.009782977408866543
"[""Col9a1"",""Itga11_Itgb1""]",0.9997623275967775,0.00813784492926428
"[""Col9a1"",""Itga1_Itgb1""]",0.9997633588370518,0.008521409231420939
"[""Col9a1"",""Itga2_Itgb1""]",0.9998903601000451,0.005644308609074947
"[""Col9a1"",""Itga3_Itgb1""]",0.9998028046834602,0.007469905660329599
"[""Col9a1"",""Itga9_Itgb1""]",0.9999199095057968,0.0046567881884812794
"[""Col9a1"",""Itgav_Itgb8""]",0.9998768214494299,0.005689650601578615
"[""Col9a1"",""Sdc1""]",0.9997797767930469,0.00769127146547452
"[""Col9a1"",""Sdc4""]",0.9995315256300714,0.011713826113486375
"[""Col9a2"",""Cd44""]",0.9960653385228432,0.04678807743027009
"[""Col9a2"",""Gp6""]",0.9989701153610958,0.018202370387676803
"[""Col9a2"",""Itga10_Itgb1""]",0.99952491988688,0.012255530940184372
"[""Col9a2"",""Itga11_Itgb1""]",0.9996571790673605,0.009952635511474328
"[""Col9a2"",""Itga1_Itgb1""]",0.9994490081598949,0.013157513812308386
"[""Col9a2"",""Itga2_Itgb1""]",0.9998282407312467,0.007162268056734157
"[""Col9a2"",""Itga3_Itgb1""]",0.999632907549417,0.01061989701326004
"[""Col9a2"",""Itga9_Itgb1""]",0.9998921705141172,0.005444962919579326
"[""Col9a2"",""Itgav_Itgb8""]",0.9998265423833546,0.006927131825797643
"[""Col9a2"",""Sdc1""]",0.999696334604398,0.009262470035764438
"[""Col9a2"",""Sdc4""]",0.9991815154828461,0.01610929678567589
"[""Col9a3"",""Cd44""]",0.9984549186411813,0.031022235122717623
"[""Col9a3"",""Gp6""]",0.9992411146794383,0.01551618578105332
"[""Col9a3"",""Itga10_Itgb1""]",0.9995278511470006,0.01207674503840911
"[""Col9a3"",""Itga11_Itgb1""]",0.9996454919517798,0.010041150337026787
"[""Col9a3"",""Itga1_Itgb1""]",0.9995626610149407,0.01171316963733847
"[""Col9a3"",""Itga2_Itgb1""]",0.9998112616064685,0.007500708696797663
"[""Col9a3"",""Itga3_Itgb1""]",0.9996456944735507,0.010279301926006715
"[""Col9a3"",""Itga9_Itgb1""]",0.9998698808274775,0.005996087597203185
"[""Col9a3"",""Itgav_Itgb8""]",0.9998029620096253,0.007282753704427915
"[""Col9a3"",""Sdc1""]",0.9996641970841335,0.009631236225767052
"[""Col9a3"",""Sdc4""]",0.9992346933905409,0.015262046015542426
"[""Comp"",""Cd36""]",0.9988950590286205,0.01866799222784218
"[""Comp"",""Cd47""]",0.9992848110758438,0.014310952636916997
"[""Comp"",""Itga3_Itgb1""]",0.9992265092403642,0.01568429098718021
"[""Comp"",""Itgav_Itgb3""]",0.9986466588892234,0.020851022661991788
"[""Comp"",""Sdc1""]",0.999487331529771,0.012153915873558246
"[""Comp"",""Sdc4""]",0.9985532239460791,0.021617200834878433
"[""Cort"",""Sstr1""]",0.9997275060964332,0.011518227838314816
"[""Cort"",""Sstr2""]",0.999676998980769,0.01227047582516713
"[""Cort"",""Sstr3""]",0.999735125701424,0.013054114188189974
"[""Cort"",""Sstr4""]",0.9997838798653927,0.007743699612876023
"[""Cort"",""Sstr5""]",0.99942361291282,0.014312676836357889
"[""Crh"",""Crhr1""]",0.9989224917769253,0.016796672672401505
"[""Crh"",""Crhr2""]",0.9931602745991708,0.047740742266568104
"[""Csf1"",""Csf1r""]",0.9989093135483067,0.01855952929409459
"[""Cspg4"",""Itga3_Itgb1""]",0.9994074244687647,0.01332424123968762
"[""Ctf1"",""Lifr_Il6st""]",0.999987632423804,0.002419607682329356
"[""Cx3cl1"",""Cx3cr1""]",0.9973641072348652,0.03298913873817086
"[""Cxcl1"",""Ackr1""]",0.9872205471651101,0.08945449754403849
"[""Cxcl1"",""Cxcr2""]",0.998367122416746,0.026558848913906384
"[""Cxcl10"",""Ackr1""]",0.9952840244948095,0.048409778050166635
"[""Cxcl12"",""Ackr3""]",0.9997033611837591,0.009032163187892217
"[""Cxcl12"",""Cxcr4""]",0.9997918163501265,0.007880627671880008
"[""Cxcl13"",""Ackr1""]",0.9985309059282859,0.020411585081076062
"[""Cxcl13"",""Cxcr5""]",0.9999041887646819,0.004826981017647726
"[""Cxcl16"",""Cxcr6""]",0.9983442365353731,0.023033555873965574
"[""Cxcl2"",""Ackr1""]",0.9945156518746563,0.062224779890710506
"[""Cxcl2"",""Cxcr2""]",0.9990126631971616,0.017656899001635938
"[""Cxcl3"",""Ackr1""]",0.9997126668911245,0.014532520402101371
"[""Cxcl3"",""Cxcr2""]",0.9997587980290812,0.008136742774145115
"[""Cxcl5"",""Ackr1""]",0.9985816690720436,0.030585059449286685
"[""Cxcl5"",""Cxcr2""]",0.9992643437036589,0.014358571449229708
"[""Dhh"",""Ptch1_Smo""]",0.9999223141595385,0.004670609510499212
"[""Dhh"",""Ptch2_Smo""]",0.999970225395789,0.0028696420144947513
"[""Dlk1"",""Notch1""]",0.9997395068036543,0.009625834316816986
"[""Dlk1"",""Notch2""]",0.9998222001989494,0.00757408616120227
"[""Dlk1"",""Notch3""]",0.9996336136602091,0.010811203072673982
"[""Dlk1"",""Notch4""]",0.9996484518984022,0.011242761458492364
"[""Dll1"",""Notch1""]",0.9999235518878515,0.004648338799030932
"[""Dll1"",""Notch2""]",0.99996620338244,0.0030327753632201863
"[""Dll1"",""Notch3""]",0.9999939651274946,0.001975204599640514
"[""Dll1"",""Notch4""]",0.9999535857897134,0.0035799440420378912
"[""Dll3"",""Notch1""]",0.999897410812927,0.005938703654663565
"[""Dll3"",""Notch2""]",0.9999697256120578,0.0030900008415660437
"[""Dll3"",""Notch3""]",0.9999897373501507,0.0022071379962297845
"[""Dll3"",""Notch4""]",0.9999309417054706,0.004768955184931148
"[""Dll4"",""Notch1""]",0.9993219453197834,0.014346232919004817
"[""Dll4"",""Notch2""]",0.9998011988224393,0.0074522935844035096
"[""Dll4"",""Notch3""]",0.9999176272016795,0.0047378284190388925
"[""Dll4"",""Notch4""]",0.9994551565105217,0.01302696474821497
"[""Dmp1"",""Itgav_Itgb3""]",0.9980093773256828,0.025107285948157185
"[""Dsc2"",""Dsg1c""]",0.9928584291826649,0.049757467564005564
"[""Dsc2"",""Dsg2""]",0.9863600341573857,0.06505533261797686
"[""Dsg1c"",""Dsc3""]",0.9968168966907344,0.036188164895197966
"[""Dsg2"",""Dsc3""]",0.9929560144440808,0.04911652966679619
"[""Dspp"",""Itgav_Itgb1""]",0.9994774806439183,0.012304074870436001
"[""Dspp"",""Itgav_Itgb6""]",0.9998999675824319,0.006079747924213227
"[""Eda"",""Eda2r""]",0.9999862250057578,0.0026058489473175057
"[""Eda"",""Edar""]",0.9998591004128057,0.006555738326339319
"[""Edn1"",""Ednra""]",0.9986907590171125,0.019712352706437182
"[""Edn1"",""Ednrb""]",0.9966742570923974,0.032635074548209825
"[""Edn2"",""Ednra""]",0.9991882905934788,0.015716525599945734
"[""Edn2"",""Ednrb""]",0.9982719063874474,0.024435620860085296
"[""Edn3"",""Ednra""]",0.9999930891184057,0.0014082342901676293
"[""Edn3"",""Ednrb""]",0.9999931354334493,0.001776138392460926
"[""Efna1"",""Epha1""]",0.9993621837455884,0.01353169283789102
"[""Efna1"",""Epha2""]",0.9987312919027744,0.019964504788362668
"[""Efna1"",""Epha3""]",0.9999737916451285,0.0028004892178505737
"[""Efna1"",""Epha4""]",0.9997889893559367,0.0075565914067406825
"[""Efna1"",""Epha5""]",0.9991971341660278,0.016947744400753317
"[""Efna1"",""Epha7""]",0.9997040854514385,0.009014964510716074
"[""Efna1"",""Epha8""]",0.9935025227486282,0.06159747993454237
"[""Efna2"",""Epha1""]",0.9998791628483468,0.005687027811592473
"[""Efna2"",""Epha2""]",0.9998278342427817,0.006993061839323652
"[""Efna2"",""Epha3""]",0.9999943454815917,0.0018875004723590098
"[""Efna2"",""Epha4""]",0.9999398019917966,0.004013116790701486
"[""Efna2"",""Epha5""]",0.9998137620836126,0.007684675782430668
"[""Efna2"",""Epha7""]",0.9999080892691393,0.00486038010853579
"[""Efna2"",""Epha8""]",0.9989093030802203,0.02256010784563395
"[""Efna3"",""Epha1""]",0.9999085846583007,0.005841948033449122
"[""Efna3"",""Epha2""]",0.9998435605086591,0.007482945192210868
"[""Efna3"",""Epha3""]",0.999954192317209,0.004958897997308718
"[""Efna3"",""Epha4""]",0.999963235550666,0.0044380474971534144
"[""Efna3"",""Epha5""]",0.9997683069679815,0.010467604755477283
"[""Efna3"",""Epha7""]",0.9999397550691791,0.004332839874513077
"[""Efna3"",""Epha8""]",0.9966063081731323,0.04345527877928244
"[""Efna4"",""Epha1""]",0.9998593323423871,0.006107284546230116
"[""Efna4"",""Epha2""]",0.9997927579804673,0.00763660550409262
"[""Efna4"",""Epha3""]",0.9999939819384762,0.001747325277200959
"[""Efna4"",""Epha4""]",0.9999260447159426,0.004376188619861599
"[""Efna4"",""Epha5""]",0.9997727409905609,0.008430734999963644
"[""Efna4"",""Epha7""]",0.9998994182821564,0.005082895220718684
"[""Efna4"",""Epha8""]",0.9989218714518832,0.021963115012459174
"[""Efna5"",""Epha1""]",0.9998309634393161,0.006595487809148736
"[""Efna5"",""Epha2""]",0.9997852486651253,0.00759278463146269
"[""Efna5"",""Epha3""]",0.9999795677173592,0.0022356821345920976
"[""Efna5"",""Epha4""]",0.9998853061806505,0.005348828570693038
"[""Efna5"",""Epha5""]",0.999727405328617,0.008750560172479643
"[""Efna5"",""Epha7""]",0.999876815047734,0.005638136897113773
"[""Efna5"",""Epha8""]",0.9992121664549788,0.017849872868448594
"[""Efna5"",""Ephb2""]",0.9999043746559201,0.004969700497689329
"[""Efnb1"",""Epha4""]",0.9998653066254238,0.005967626719668528
"[""Efnb1"",""Ephb1""]",0.9996775446479688,0.010111054703698255
"[""Efnb1"",""Ephb2""]",0.9998559593531575,0.006443100715851596
"[""Efnb1"",""Ephb3""]",0.9998155426576294,0.007113263108027651
"[""Efnb1"",""Ephb4""]",0.9998556493405015,0.0062128766265056035
"[""Efnb2"",""Epha4""]",0.9998346236350006,0.0065738337309300295
"[""Efnb2"",""Ephb1""]",0.9996453182688556,0.010591375503763139
"[""Efnb2"",""Ephb2""]",0.9998224285385608,0.007113684804269332
"[""Efnb2"",""Ephb3""]",0.99976679850974,0.007969871969849692
"[""Efnb2"",""Ephb4""]",0.999811919855983,0.007087902534046811
"[""Efnb3"",""Epha4""]",0.9997181293792377,0.008745771210761321
"[""Efnb3"",""Ephb1""]",0.9993502669490019,0.01476889842934213
"[""Efnb3"",""Ephb2""]",0.9996640983177053,0.01004982528707044
"[""Efnb3"",""Ephb3""]",0.9995396226847961,0.011480810953649865
"[""Efnb3"",""Ephb4""]",0.9995978854598446,0.010605830460103164
"[""Efnb3"",""Ephb6""]",0.9994253044955143,0.013274810484589974
"[""Egf"",""Egfr""]",0.9999895116454006,0.00222126710863883
"[""Egf"",""Egfr_Erbb2""]",0.9999783254033889,0.002613415584829071
"[""Enho"",""Gpr19""]",0.9998315945705413,0.007842383148046314
"[""Entpd1"",""Adora1""]",0.9996227213671856,0.011496174008869407
"[""Entpd1"",""Adora2a""]",0.9993006952470718,0.014433360559126977
"[""Entpd1"",""Adora2b""]",0.99974516524445,0.008472988578588681
"[""Entpd1"",""Tmigd3""]",0.999741110829322,0.008428594499607478
"[""Epgn"",""Egfr""]",0.9999938628238445,0.001592742426650639
"[""Epo"",""Epor""]",0.9995757919041888,0.0107169492576152
"[""Ereg"",""Egfr""]",0.9997062418245053,0.00951892452505091
"[""Ereg"",""Egfr_Erbb2""]",0.9990668666820751,0.01914324586184841
"[""Ereg"",""Erbb2_Erbb4""]",0.9970907000086318,0.03309612364808246
"[""Ereg"",""Erbb4""]",0.9979111400839001,0.02605212814745176
"[""Esam"",""Esam""]",0.9973981320770458,0.028668789891851443
"[""F11r"",""F11r""]",0.9979006565758969,0.02532613522624036
"[""F11r"",""Itgal_Itgb2""]",0.9984444654739596,0.021279319359554242
"[""F11r"",""Jam2""]",0.9997183538647223,0.008869754139634691
"[""F11r"",""Jam3""]",0.9999588354819924,0.00326873707122309
"[""F2"",""F2r""]",0.9976386973954039,0.026549045187905167
"[""F2"",""F2rl1""]",0.9792394740170319,0.10000434216201452
"[""F2"",""F2rl2""]",0.9975542752513619,0.032659051672735855
"[""F2"",""F2rl3""]",0.9957160738092292,0.03959231268019341
"[""F2"",""Pard3""]",0.9995783060491007,0.011412684567089116
"[""Fasl"",""Fas""]",0.996896900219955,0.03887382733365723
"[""Fcer2a"",""Cr2""]",0.9999866657759411,0.002812273795874553
"[""Fcer2a"",""Itgam_Itgb2""]",0.9996485864557167,0.010118827466457552
"[""Fcer2a"",""Itgav_Itgb3""]",0.9994762609582502,0.01230601091828105
"[""Fcer2a"",""Itgax_Itgb2""]",0.9995637356621138,0.011606384804413478
"[""Fgf1"",""Fgfr1""]",0.999934163961863,0.004088514756331487
"[""Fgf1"",""Fgfr2""]",0.9990243072652057,0.017510218056426555
"[""Fgf1"",""Fgfr3""]",0.9982692762837223,0.024702921989420475
"[""Fgf1"",""Fgfr4""]",0.9997980921347821,0.007713506998777042
"[""Fgf10"",""Fgfr1""]",0.9999542403843094,0.0034072947702191835
"[""Fgf10"",""Fgfr2""]",0.9998751825359283,0.00599546104714091
"[""Fgf15"",""Fgfr1""]",0.9999096548263295,0.0049581475580513365
"[""Fgf15"",""Fgfr2""]",0.9996332019285671,0.011074080240513305
"[""Fgf15"",""Fgfr3""]",0.9996347266071042,0.01103425119087523
"[""Fgf15"",""Fgfr4""]",0.9997231512257351,0.010101557115718278
"[""Fgf16"",""Fgfr1""]",0.9999853905528097,0.0032107025243393577
"[""Fgf16"",""Fgfr2""]",0.9999320835065646,0.005960116074707114
"[""Fgf16"",""Fgfr3""]",0.9998172452010923,0.007944250050615612
"[""Fgf16"",""Fgfr4""]",0.9993869126680667,0.013883104160479233
"[""Fgf17"",""Fgfr1""]",0.9998319068636726,0.006759766089450772
"[""Fgf17"",""Fgfr2""]",0.9994625171485061,0.01383760548974455
"[""Fgf17"",""Fgfr3""]",0.9994276255629725,0.013553832237567303
"[""Fgf17"",""Fgfr4""]",0.9999184289709669,0.005741790356434781
"[""Fgf18"",""Fgfr1""]",0.999992492022258,0.0015406263982415572
"[""Fgf18"",""Fgfr2""]",0.9999654144779587,0.003087195209467933
"[""Fgf18"",""Fgfr3""]",0.9999063208976517,0.0052412918130423465
"[""Fgf18"",""Fgfr4""]",0.999538916746974,0.01180660080783444
"[""Fgf2"",""Fgfr1""]",0.9998609194394802,0.005974623772226737
"[""Fgf2"",""Fgfr2""]",0.9994930588387677,0.012363511895364583
"[""Fgf2"",""Fgfr3""]",0.9992779668928422,0.015053613274389293
"[""Fgf2"",""Fgfr4""]",0.999719722238625,0.009734785149632318
"[""Fgf20"",""Fgfr1""]",0.9999288789761365,0.004594015087768853
"[""Fgf20"",""Fgfr2""]",0.9997223154409277,0.011407271963058213
"[""Fgf20"",""Fgfr3""]",0.9996342557222018,0.011328285785098638
"[""Fgf20"",""Fgfr4""]",0.9993816510988791,0.014806845301379865
"[""Fgf22"",""Fgfr2""]",0.9995884128068798,0.012732732294058472
"[""Fgf23"",""Fgfr1""]",0.9998038268726145,0.007428667911242003
"[""Fgf23"",""Fgfr3""]",0.998388666013054,0.02496314287821857
"[""Fgf23"",""Fgfr4""]",0.9998070721026221,0.00850118190015544
"[""Fgf3"",""Fgfr1""]",0.9998995281091663,0.006085855535325348
"[""Fgf3"",""Fgfr2""]",0.9988230312142733,0.02861343000773428
"[""Fgf4"",""Fgfr1""]",0.9999381169610837,0.004874960090426894
"[""Fgf4"",""Fgfr2""]",0.9999476972416063,0.00529781852611912
"[""Fgf4"",""Fgfr3""]",0.9999780306138297,0.003364348373403387
"[""Fgf4"",""Fgfr4""]",0.99953634937694,0.011816743492935785
"[""Fgf5"",""Fgfr1""]",0.9998938421565111,0.005737155384088958
"[""Fgf5"",""Fgfr2""]",0.9998653375501995,0.006738925345653482
"[""Fgf5"",""Fgfr3""]",0.9999377613683701,0.004503488343214076
"[""Fgf5"",""Fgfr4""]",0.9995178947591632,0.011914465144556446
"[""Fgf7"",""Fgfr1""]",0.9998843132266747,0.006272208181628886
"[""Fgf7"",""Fgfr2""]",0.9998461057193092,0.007712735113479059
"[""Fgf8"",""Fgfr1""]",0.9998892049407874,0.005377905451315998
"[""Fgf8"",""Fgfr2""]",0.9995709449400789,0.011478879978149916
"[""Fgf8"",""Fgfr3""]",0.9994385033003627,0.013225302133365863
"[""Fgf8"",""Fgfr4""]",0.9999136314216376,0.005690647123549877
"[""Fgf9"",""Fgfr1""]",0.9999861920498917,0.0028519565477822927
"[""Fgf9"",""Fgfr2""]",0.9999556316050144,0.004773669425516429
"[""Fgf9"",""Fgfr3""]",0.9998902353549858,0.005847771503722641
"[""Fgf9"",""Fgfr4""]",0.9995884491868234,0.011407142164645482
"[""Flt3l"",""Flt3""]",0.9986457745645981,0.020610757677084125
"[""Fn1"",""Cd44""]",0.9989561728480306,0.017444575787701436
"[""Fn1"",""Itga2b_Itgb3""]",0.999203547624046,0.01463361553394056
"[""Fn1"",""Itga3_Itgb1""]",0.9995849652228445,0.010500496068935597
"[""Fn1"",""Itga4_Itgb1""]",0.9999676666840683,0.003894095637316523
"[""Fn1"",""Itga4_Itgb7""]",0.9997999106025303,0.007147286623804229
"[""Fn1"",""Itga5_Itgb1""]",0.9998491550184884,0.006234958974671005
"[""Fn1"",""Itga8_Itgb1""]",0.9998274584949247,0.006569822518003463
"[""Fn1"",""Itgav_Itgb1""]",0.9998339866922766,0.006508070843999948
"[""Fn1"",""Itgav_Itgb3""]",0.9992055050312378,0.014613210773721158
"[""Fn1"",""Itgav_Itgb6""]",0.9998871434436112,0.0060637639351672785
"[""Fn1"",""Itgav_Itgb8""]",0.9999095684287583,0.004747865457031287
"[""Fn1"",""Sdc1""]",0.9998741198132598,0.005635655827318198
"[""Fn1"",""Sdc4""]",0.9993825554370653,0.01296083910489169
"[""Gal"",""Galr1""]",0.9832621112181965,0.06630974679200345
"[""Gal"",""Galr2""]",0.9967770600958761,0.03142385265325476
"[""Gal"",""Galr3""]",0.999256385742683,0.01600891910475539
"[""Galp"",""Galr1""]",0.9998321829363656,0.008170628799752269
"[""Galp"",""Galr2""]",0.9999761566637321,0.0033418086549119826
"[""Gas6"",""Axl""]",0.99920915235354,0.014985653815812934
"[""Gas6"",""Mertk""]",0.9995539984422507,0.011245532856268572
"[""Gas6"",""Tyro3""]",0.9995648775930942,0.011108354407649257
"[""Gcg"",""Gcgr""]",0.9990225121147693,0.016214439990230325
"[""Gcg"",""Gipr""]",0.9951042209304852,0.04093147874456239
"[""Gcg"",""Glp1r""]",0.9999123059835651,0.00488992897849703
"[""Gcg"",""Glp2r""]",0.998691308791828,0.018566054494491384
"[""Gdf10"",""Acvr1b_Acvr2a""]",0.9998716294990674,0.0061648546342147805
"[""Gdf11"",""Acvr1b_Acvr2b""]",0.9999634109447398,0.0038572408614794664
"[""Gdf11"",""Tgfbr1_Acvr2a""]",0.9999828353100557,0.003595127807778701
"[""Gdf11"",""Tgfbr1_Acvr2b""]",0.9999920692901069,0.002508258006396137
"[""Gdf15"",""Tgfbr2""]",0.999385842795154,0.012715255246663077
"[""Gdf2"",""Acvrl1_Acvr2a""]",0.9963043184112778,0.03423768896260586
"[""Gdf2"",""Acvrl1_Bmpr2""]",0.9963043184112778,0.03423768896260586
"[""Gdf3"",""Acvr1b_Acvr2a_Cfc1""]",0.9897333242102739,0.06082956120832616
"[""Gdf3"",""Acvr1b_Acvr2b_Cfc1""]",0.9897333242102739,0.06082956120832616
"[""Gdf3"",""Acvr1c_Acvr2a_Cfc1""]",0.9897333242102739,0.06082956120832616
"[""Gdf3"",""Acvr1c_Acvr2b_Cfc1""]",0.9897333242102739,0.06082956120832616
"[""Gdf5"",""Bmpr1a_Acvr2a""]",0.999982581844413,0.00238295385314839
"[""Gdf5"",""Bmpr1a_Acvr2b""]",0.9999753509577942,0.002621028702621296
"[""Gdf5"",""Bmpr1a_Bmpr2""]",0.9999223621352498,0.004473662623770718
"[""Gdf5"",""Bmpr1b_Acvr2a""]",0.9999883520947406,0.0018596362668575042
"[""Gdf5"",""Bmpr1b_Acvr2b""]",0.9999749370946487,0.002582394842985256
"[""Gdf5"",""Bmpr1b_Bmpr2""]",0.9999927607422301,0.0013494928691507803
"[""Gdf6"",""Bmpr1a_Acvr2a""]",0.9999733094797382,0.0026881257573608363
"[""Gdf6"",""Bmpr1a_Acvr2b""]",0.9999732819704876,0.002639349589067265
"[""Gdf6"",""Bmpr1a_Bmpr2""]",0.9999113557619226,0.004775722621305328
"[""Gdf6"",""Bmpr1b_Acvr2a""]",0.9999851928684371,0.0019936766083970396
"[""Gdf6"",""Bmpr1b_Acvr2b""]",0.9999735926157001,0.0025993896392752895
"[""Gdf6"",""Bmpr1b_Bmpr2""]",0.9999957434551286,0.0011819704774759289
"[""Gdf7"",""Bmpr1a_Acvr2a""]",0.9999776411359012,0.0033008048692844327
"[""Gdf7"",""Bmpr1a_Acvr2b""]",0.9999738548349153,0.0030121681279949505
"[""Gdf7"",""Bmpr1a_Bmpr2""]",0.9999267136817699,0.004419447997104953
"[""Gdf7"",""Bmpr1b_Acvr2a""]",0.9999828000282903,0.0023354159597766405
"[""Gdf7"",""Bmpr1b_Acvr2b""]",0.9999712115358259,0.0029090615646856807
"[""Gdf7"",""Bmpr1b_Bmpr2""]",0.9999934592292171,0.0015268514004144209
"[""Gdf9"",""Acvr1b_Bmpr2""]",0.9997993734505902,0.00814726807172149
"[""Gdnf"",""Gfra1_Ret""]",0.9991020565606321,0.019254031432613925
"[""Ghrh"",""Vipr1""]",0.9997536689528296,0.011907401520789401
"[""Ghrh"",""Vipr2""]",0.9999650146008783,0.0049342243386553885
"[""Gip"",""Gipr""]",0.9936127754373855,0.04462994261423347
"[""Gm7030"",""Cd8a""]",0.99988715153804,0.005541669120140459
"[""Gm7030"",""Cd8b1""]",0.9999089563637154,0.006806379987180175
"[""Gm8909"",""Cd8a""]",0.9999897630153639,0.0020567135787516017
"[""Gm8909"",""Cd8b1""]",0.9999699585302918,0.004098523066273127
"[""Gp1ba"",""Itgam_Itgb2""]",0.9980547360319416,0.02362881491531193
"[""Grn"",""Sort1""]",0.9990740371970813,0.016825380093398828
"[""Grp"",""Grpr""]",0.9999859196447781,0.0027191146398698037
"[""Guca2a"",""Gucy2c""]",0.9997973348184488,0.010135718998298448
"[""Guca2b"",""Gucy2c""]",0.9987020978255468,0.022032343240577314
"[""Gzma"",""F2r""]",0.9922240977474935,0.052753727483530834
"[""Gzma"",""F2rl1""]",0.9954604402096232,0.05159742680895803
"[""Gzma"",""F2rl2""]",0.9930192799417836,0.04730412780177845
"[""Gzma"",""F2rl3""]",0.988547580981558,0.06631831799564657
"[""Gzma"",""Pard3""]",0.9984138832952104,0.0227181596241297
"[""H2-Aa"",""Cd4""]",0.9986309233889265,0.021404653233584058
"[""H2-Ab1"",""Cd4""]",0.9963159139010695,0.034742241486037766
"[""H2-D1"",""Cd8a""]",0.9997911415462819,0.008708969175988113
"[""H2-D1"",""Cd8b1""]",0.9990751092438487,0.018818593602481982
"[""H2-DMa"",""Cd4""]",0.9995824509554584,0.011239693081136442
"[""H2-DMb1"",""Cd4""]",0.9990863151341408,0.016684383297385853
"[""H2-DMb2"",""Cd4""]",0.9995972068123397,0.010907367117605059
"[""H2-Eb1"",""Cd4""]",0.9995675391652881,0.011411623390411109
"[""H2-K1"",""Cd8a""]",0.9995911424958466,0.011616680286312353
"[""H2-K1"",""Cd8b1""]",0.9984363080584272,0.023189462276561587
"[""H2-M3"",""Cd8a""]",0.999937277547338,0.00440168879800262
"[""H2-M3"",""Cd8b1""]",0.9998740078340385,0.006201665380121878
"[""H2-M5"",""Cd8a""]",0.9999716772146966,0.0040588993619905716
"[""H2-M5"",""Cd8b1""]",0.99995255184097,0.005348359493287645
"[""H2-Oa"",""Cd4""]",0.9997206997532676,0.008833187676356824
"[""H2-Q1"",""Cd8a""]",0.9997094774579833,0.00913625939008882
"[""H2-Q1"",""Cd8b1""]",0.9991903006336558,0.015506516790288772
"[""H2-Q10"",""Cd8a""]",0.9972033964002803,0.030308300857705597
"[""H2-Q10"",""Cd8b1""]",0.9697368682355695,0.10071721569073283
"[""H2-Q2"",""Cd8a""]",0.9998325575620204,0.00734590496593103
"[""H2-Q2"",""Cd8b1""]",0.9990163379818994,0.01731574921495791
"[""H2-Q4"",""Cd8a""]",0.9999347717776607,0.004264248802271806
"[""H2-Q4"",""Cd8b1""]",0.9998453977997392,0.007965475209843621
"[""H2-Q6"",""Cd8a""]",0.9998531963133668,0.006708808200285092
"[""H2-Q6"",""Cd8b1""]",0.99964242801496,0.009913321147977668
"[""H2-Q7"",""Cd8a""]",0.9999200835882509,0.004879629606385838
"[""H2-Q7"",""Cd8b1""]",0.9998798533572035,0.00639940733331744
"[""H2-T22"",""Cd8a""]",0.9999396613021497,0.004153769841350601
"[""H2-T22"",""Cd8b1""]",0.9999294053447034,0.00469912382791264
"[""H2-T23"",""Cd8a""]",0.999490252635261,0.01236641142003986
"[""H2-T23"",""Cd8b1""]",0.9989421652905993,0.019012797104192476
"[""H2-T24"",""Cd8a""]",0.9999645012166558,0.003541124635718739
"[""H2-T24"",""Cd8b1""]",0.999977906031016,0.0033296087202347733
"[""H2-T3"",""Cd8a""]",0.9999704235890972,0.00275310299769383
"[""H2-T3"",""Cd8b1""]",0.9998415456594847,0.010262557028633105
"[""Hbegf"",""Egfr""]",0.9999898080284876,0.0022989259999030612
"[""Hbegf"",""Egfr_Erbb2""]",0.999948758197901,0.003805590228011534
"[""Hbegf"",""Erbb2_Erbb4""]",0.9994241010773021,0.012808918437644645
"[""Hbegf"",""Erbb4""]",0.9997445353584912,0.008232067839414006
"[""Hc"",""C5ar1""]",0.9965135404393265,0.0345973252286988
"[""Hcrt"",""Hcrtr1""]",0.995289169738566,0.045649566634037825
"[""Hcrt"",""Hcrtr2""]",0.9977316070613824,0.03268658453421534
"[""Hgf"",""Met""]",0.999983668345123,0.0027614889711770974
"[""Hspg2"",""Dag1""]",0.9983173278577913,0.023215765770822884
"[""Iapp"",""Calcr""]",0.9991063139291082,0.014328737032282348
"[""Iapp"",""Calcrl""]",0.9999216757979235,0.004697807255111582
"[""Ibsp"",""Itgav_Itgb3""]",0.9956865302244863,0.03838640048857733
"[""Ibsp"",""Itgav_Itgb5""]",0.998084257579847,0.02595688301666259
"[""Icam1"",""Itgal""]",0.9975868258147912,0.028176234621919993
"[""Icam1"",""Itgal_Itgb2""]",0.9988724217688637,0.018015107529946763
"[""Icam1"",""Itgam_Itgb2""]",0.9988482232565897,0.018226209325122734
"[""Icam1"",""Itgax_Itgb2""]",0.9985416474855018,0.021100130497576582
"[""Icam1"",""Spn""]",0.9954067685646827,0.037661952265067765
"[""Icam2"",""Itgal_Itgb2""]",0.9980705751909664,0.023941631422225922
"[""Icam2"",""Itgam_Itgb2""]",0.9980376928280283,0.024163303737248856
"[""Icosl"",""Cd28""]",0.9998868186657835,0.0058506288741378394
"[""Icosl"",""Ctla4""]",0.9999432878952883,0.004540641023505463
"[""Icosl"",""Icos""]",0.9998328238011861,0.007158599645933102
"[""Ifnk"",""Ifnar1_Ifnar2""]",0.9998085907078863,0.0070763804132539755
"[""Igf1"",""Igf1r""]",0.9999562723655329,0.003989686596226586
"[""Igf1"",""Itga6_Itgb4""]",0.9999329744827536,0.004405847880299356
"[""Igf1"",""Itgav_Itgb3""]",0.9995843396175094,0.010311798871981295
"[""Igf2"",""Igf1r""]",0.9999880675363794,0.0018481900096618037
"[""Igf2"",""Igf2r""]",0.9990523691196906,0.01680589649569435
"[""Igf2"",""Itga6_Itgb4""]",0.999527801880047,0.011681769133558619
"[""Igf2"",""Itgav_Itgb3""]",0.997967361605431,0.0246535877533969
"[""Ihh"",""Ptch1_Smo""]",0.9999358095034764,0.004414288815360646
"[""Ihh"",""Ptch2_Smo""]",0.9999527576425505,0.005275027703699373
"[""Il10"",""Il10ra_Il10rb""]",0.9998354333352472,0.007449613544946209
"[""Il11"",""Il11ra1_Il6st""]",0.9999070924254879,0.005330234661526972
"[""Il15"",""Il15ra_Il2rb_Il2rg""]",0.9994234464174986,0.012581812110702115
"[""Il16"",""Cd4""]",0.9991893111691307,0.015437941729767911
"[""Il17b"",""Il17rb""]",0.9991724434076639,0.017548668172685453
"[""Il17f"",""Il17ra_Il17rc""]",0.9995458682116659,0.012408636547652655
"[""Il18"",""Il18r1_Il18rap""]",0.99625025216607,0.045051305573782674
"[""Il19"",""Il20ra_Il20rb""]",0.9999891210071643,0.0025303315666300266
"[""Il1a"",""Il1r1_Il1rap""]",0.9998021149162907,0.007466849261587684
"[""Il1b"",""Il1r1_Il1rap""]",0.9997903521222589,0.007477936938484377
"[""Il2"",""Il2ra_Il2rb_Il2rg""]",0.9998575359307931,0.008256877983486614
"[""Il2"",""Il2rb_Il2rg""]",0.9998806211275253,0.007392112526977477
"[""Il22"",""Il22ra1_Il10rb""]",0.9984977199718428,0.021853369459131536
"[""Il25"",""Il17ra_Il17rb""]",0.9998053676307785,0.007497330729237956
"[""Il27_Ebi3"",""Il27ra_Il6st""]",0.997292070349804,0.03034454004401592
"[""Il31"",""Il31ra_Osmr""]",0.9963783679656565,0.03443699214889286
"[""Il33"",""Il1rl1_Il1rap""]",0.9999130247442923,0.00470893497006721
"[""Il34"",""Csf1r""]",0.9984893272882052,0.022430776072464523
"[""Il4"",""Il4ra""]",0.9986457026773312,0.026434078858217
"[""Il4"",""Il4ra_Il13ra1""]",0.9985120826762333,0.029809459504454103
"[""Il4"",""Il4ra_Il13ra2""]",0.9997476095898136,0.009890578374299961
"[""Il4"",""Il4ra_Il2rg""]",0.9991377582561639,0.016725949364901842
"[""Il5"",""Il5ra_Csf2rb""]",0.9999753764597881,0.0024998549099952173
"[""Il6"",""Il6ra_Il6st""]",0.9980037004157543,0.026359167746470444
"[""Il7"",""Il7r_Il2rg""]",0.9990868874123001,0.017067942222466256
"[""Inha_Inhba"",""Acvr2a""]",0.99995183185064,0.004573037032021632
"[""Inha_Inhbb"",""Acvr2b""]",0.9998180337032587,0.007429092803798781
"[""Inhba"",""Acvr1b_Acvr2a""]",0.9997017097766178,0.00918150848292491
"[""Inhba"",""Acvr1b_Acvr2b""]",0.9997647661914487,0.00821828075382633
"[""Inhba_Inhbb"",""Acvr1b_Acvr2a""]",0.9992232648138463,0.016462799747317913
"[""Inhba_Inhbb"",""Acvr1b_Acvr2b""]",0.9994609154987796,0.014278586209062354
"[""Inhba_Inhbb"",""Acvr1c_Acvr2a""]",0.9966499199568949,0.03533649473054577
"[""Inhba_Inhbb"",""Acvr1c_Acvr2b""]",0.9966499199568949,0.03533649473054577
"[""Inhbb"",""Acvr1b_Acvr2a""]",0.9992992533629663,0.0154271296666099
"[""Inhbb"",""Acvr1b_Acvr2b""]",0.9994857612820325,0.013592109670042632
"[""Inhbb"",""Acvr1c_Acvr2a""]",0.9971304201446418,0.03240222941679515
"[""Inhbb"",""Acvr1c_Acvr2b""]",0.9971304201446418,0.03240222941679515
"[""Inhbc"",""Acvr1b_Acvr2a""]",0.9945966364581404,0.04507573739086098
"[""Inhbc"",""Acvr1b_Acvr2b""]",0.9973884256052649,0.03241023048147311
"[""Inhbc"",""Acvr1c_Acvr2a""]",0.9880899135251993,0.06736851199924916
"[""Inhbc"",""Acvr1c_Acvr2b""]",0.9880899135251993,0.06736851199924916
"[""Inhbe"",""Acvr1b_Acvr2a""]",0.9996171853038195,0.011536534036492992
"[""Inhbe"",""Acvr1b_Acvr2b""]",0.9997180107805246,0.009997409065004024
"[""Inhbe"",""Acvr1c_Acvr2a""]",0.9988214760831523,0.01902960918277414
"[""Inhbe"",""Acvr1c_Acvr2b""]",0.9988214760831523,0.01902960918277414
"[""Ins2"",""Insr""]",0.9990871782610385,0.016617303602757438
"[""Insl5"",""Rxfp1""]",0.9985858739325262,0.01994413309351968
"[""Insl5"",""Rxfp2""]",0.9999957607509551,0.0013355551110155039
"[""Insl5"",""Rxfp3""]",0.9999345863280337,0.0040919501512298
"[""Itga4_Itgb1"",""Vcam1""]",0.9999370486927813,0.00589243719249013
"[""Itga4_Itgb7"",""Vcam1""]",0.9996858466818777,0.009488294349555082
"[""Itga9_Itgb1"",""Vcam1""]",0.999893956655739,0.005255469980716008
"[""Itgal_Itgb2"",""Cd226""]",0.9987496498828653,0.019583407610126786
"[""Itgal_Itgb2"",""Icam1""]",0.9988663710054344,0.018061011558643366
"[""Itgal_Itgb2"",""Icam2""]",0.9980936682369862,0.023792153744617597
"[""Jag1"",""Notch1""]",0.9995694618915599,0.011179879956321774
"[""Jag1"",""Notch2""]",0.9998348500489418,0.006668947493195568
"[""Jag1"",""Notch3""]",0.9999443888911264,0.00385197226592081
"[""Jag1"",""Notch4""]",0.999686886594747,0.00958219425814921
"[""Jag2"",""Notch1""]",0.9996762234462134,0.010651903941080273
"[""Jag2"",""Notch2""]",0.9999313606302551,0.004981619781655291
"[""Jag2"",""Notch3""]",0.9999643487060469,0.005217674683972608
"[""Jag2"",""Notch4""]",0.9997771446171358,0.009063552307938748
"[""Jam2"",""F11r""]",0.9997274973471715,0.008724487351075208
"[""Jam2"",""Itga3_Itgb1""]",0.9998626025301999,0.006089242541531846
"[""Jam2"",""Itgav_Itgb1""]",0.9999617014471552,0.0034403751309778946
"[""Jam2"",""Jam2""]",0.999992496470352,0.001867776525375057
"[""Jam2"",""Jam3""]",0.9999550202874764,0.004207676097395236
"[""Jam3"",""F11r""]",0.9999613072443373,0.0031713493086049445
"[""Jam3"",""Itgam_Itgb2""]",0.9999669351456337,0.00305141743918185
"[""Jam3"",""Jam2""]",0.9999557651450371,0.004173860777838538
"[""Jam3"",""Jam3""]",0.9999104654341018,0.005487096823668798
"[""Kitl"",""Kit""]",0.9996416047469238,0.010185644058636319
"[""Kng1"",""Bdkrb1""]",0.9373293612147551,0.19639860791184122
"[""Kng1"",""Bdkrb2""]",0.9162653260171179,0.1458854835535345
"[""Kng2"",""Bdkrb1""]",0.9996277423615739,0.010528031453284887
"[""Kng2"",""Bdkrb2""]",0.9997468319961499,0.012010808046195275
"[""L1cam"",""Itga4_Itgb7""]",0.9990703768842828,0.02022973391149059
"[""L1cam"",""Itgav_Itgb3""]",0.9974949251773811,0.032200271253934466
"[""L1cam"",""L1cam""]",0.9946699940954732,0.03388297640542763
"[""Lama1"",""Cd44""]",0.9944149485733269,0.05068944000235139
"[""Lama1"",""Dag1""]",0.9994942723457436,0.011925562969485557
"[""Lama1"",""Itga1_Itgb1""]",0.999248777945047,0.014697772192835691
"[""Lama1"",""Itga2_Itgb1""]",0.9997077390467337,0.009064494332350438
"[""Lama1"",""Itga3_Itgb1""]",0.9995508694595254,0.011204752149546193
"[""Lama1"",""Itga6_Itgb1""]",0.9994089086072547,0.01294044959008997
"[""Lama1"",""Itga6_Itgb4""]",0.999400430469999,0.013240730200430182
"[""Lama1"",""Itga7_Itgb1""]",0.999927194221588,0.005881164613772098
"[""Lama1"",""Itga9_Itgb1""]",0.9998006199685366,0.007350324794463807
"[""Lama1"",""Itgav_Itgb8""]",0.9997017272816301,0.008958105625900898
"[""Lama1"",""Sv2a""]",0.998130843729598,0.03040215038453089
"[""Lama1"",""Sv2b""]",0.999818451813492,0.007925278551159352
"[""Lama1"",""Sv2c""]",0.9999186043570181,0.006391262200921665
"[""Lama2"",""Cd44""]",0.9997995778316657,0.008351773321218827
"[""Lama2"",""Dag1""]",0.9999454540292952,0.003765556434927018
"[""Lama2"",""Itga1_Itgb1""]",0.999776305478632,0.007942585742948365
"[""Lama2"",""Itga2_Itgb1""]",0.9999669978008134,0.002947154961578002
"[""Lama2"",""Itga3_Itgb1""]",0.9998873595187945,0.00545777470460683
"[""Lama2"",""Itga6_Itgb1""]",0.9998656572757578,0.0060162512315531415
"[""Lama2"",""Itga6_Itgb4""]",0.9999194583750332,0.0046280390862660295
"[""Lama2"",""Itga7_Itgb1""]",0.9997279870848692,0.009069913788514326
"[""Lama2"",""Itga9_Itgb1""]",0.999989541616496,0.001625910159866734
"[""Lama2"",""Itgav_Itgb8""]",0.9999706749947215,0.0027180427717770146
"[""Lama2"",""Sv2a""]",0.9996659731583636,0.012359882089112982
"[""Lama2"",""Sv2b""]",0.999974070112783,0.0034783032232761787
"[""Lama2"",""Sv2c""]",0.999939884952963,0.004879389806838836
"[""Lama3"",""Cd44""]",0.9783879206359818,0.0956053100949138
"[""Lama3"",""Dag1""]",0.9994020403228508,0.013179020564324488
"[""Lama3"",""Itga1_Itgb1""]",0.9989368786595815,0.01781133171062022
"[""Lama3"",""Itga2_Itgb1""]",0.9997673138609054,0.00814636321857401
"[""Lama3"",""Itga3_Itgb1""]",0.9994800831825464,0.012279481982846306
"[""Lama3"",""Itga6_Itgb1""]",0.9992171518299588,0.015086948473953449
"[""Lama3"",""Itga6_Itgb4""]",0.9993721805820122,0.013956947197277365
"[""Lama3"",""Itga7_Itgb1""]",0.9996903492815843,0.010077085293238704
"[""Lama3"",""Itga9_Itgb1""]",0.9998387985915427,0.006618033493555422
"[""Lama3"",""Itgav_Itgb8""]",0.9997249232869063,0.008669798802486129
"[""Lama3"",""Sv2a""]",0.9969794527560786,0.04068778339780785
"[""Lama3"",""Sv2b""]",0.9999027953738439,0.006479792995774068
"[""Lama3"",""Sv2c""]",0.9997453601876158,0.01076894162009029
"[""Lama4"",""Cd44""]",0.9949351611568491,0.051312346199981096
"[""Lama4"",""Dag1""]",0.9994110100590574,0.013004270093004028
"[""Lama4"",""Itga1_Itgb1""]",0.9986038462928267,0.020438178158746555
"[""Lama4"",""Itga2_Itgb1""]",0.9997366167218513,0.008731626109072872
"[""Lama4"",""Itga3_Itgb1""]",0.999337788411083,0.013778044680944545
"[""Lama4"",""Itga6_Itgb1""]",0.9990967927294918,0.01623216971637248
"[""Lama4"",""Itga6_Itgb4""]",0.9995350092460602,0.011517754184819635
"[""Lama4"",""Itga7_Itgb1""]",0.9997797535938318,0.007995681682536603
"[""Lama4"",""Itga9_Itgb1""]",0.9998787817371607,0.0056944298454490935
"[""Lama4"",""Itgav_Itgb8""]",0.9998403291451751,0.00645328011957323
"[""Lama4"",""Sv2a""]",0.9973315847159783,0.03797876147400153
"[""Lama4"",""Sv2b""]",0.9999368336435686,0.004328258123336304
"[""Lama4"",""Sv2c""]",0.9998412369367741,0.007334754615918188
"[""Lama5"",""Cd44""]",0.9602823851138955,0.09168186040022927
"[""Lama5"",""Dag1""]",0.9985377844183129,0.020746262555684493
"[""Lama5"",""Itga1_Itgb1""]",0.9971085051323283,0.029796797666429807
"[""Lama5"",""Itga2_Itgb1""]",0.9994415562486239,0.01282270723784811
"[""Lama5"",""Itga3_Itgb1""]",0.9988535704740764,0.018447629595177456
"[""Lama5"",""Itga6_Itgb1""]",0.998122005172924,0.02366096749371234
"[""Lama5"",""Itga6_Itgb4""]",0.998872152292326,0.018968916160453674
"[""Lama5"",""Itga7_Itgb1""]",0.9997986165911448,0.007651074324142668
"[""Lama5"",""Itga9_Itgb1""]",0.9996889612919273,0.009362894769169865
"[""Lama5"",""Itgav_Itgb8""]",0.9995488069579043,0.011313457035033626
"[""Lama5"",""Sv2a""]",0.9909991928403876,0.0650906248873085
"[""Lama5"",""Sv2b""]",0.9996519039477196,0.012063950009431284
"[""Lama5"",""Sv2c""]",0.9995705227400165,0.015967063448357157
"[""Lamb1"",""Cd44""]",0.9981464607602119,0.02321790351886717
"[""Lamb1"",""Dag1""]",0.9996595265559751,0.00970636263997658
"[""Lamb1"",""Itga1_Itgb1""]",0.9991389754588675,0.015857222585250245
"[""Lamb1"",""Itga2_Itgb1""]",0.9998787548486432,0.00577953492276195
"[""Lamb1"",""Itga3_Itgb1""]",0.9996639361929921,0.009626230279672703
"[""Lamb1"",""Itga6_Itgb1""]",0.9994579120207059,0.012406579310868549
"[""Lamb1"",""Itga6_Itgb4""]",0.9997749847785273,0.007807142901741497
"[""Lamb1"",""Itga7_Itgb1""]",0.9998000045780535,0.007796527636449416
"[""Lamb1"",""Itga9_Itgb1""]",0.9999481243073354,0.0036197740263627107
"[""Lamb1"",""Itgav_Itgb8""]",0.9999116785903543,0.004733245462621838
"[""Lamb1"",""Sv2a""]",0.9984047030432175,0.023344569259376228
"[""Lamb1"",""Sv2b""]",0.9999580640576843,0.003968461364365566
"[""Lamb1"",""Sv2c""]",0.9998727722104792,0.006976805569082455
"[""Lamb2"",""Cd44""]",0.9771367153724347,0.10520994583673705
"[""Lamb2"",""Dag1""]",0.9989704546004503,0.017478201584364344
"[""Lamb2"",""Itga1_Itgb1""]",0.9980028336667282,0.024691365014912408
"[""Lamb2"",""Itga2_Itgb1""]",0.999474093254864,0.012462967876371517
"[""Lamb2"",""Itga3_Itgb1""]",0.9989027631919227,0.018100182569230336
"[""Lamb2"",""Itga6_Itgb1""]",0.998597968149014,0.020463542159241604
"[""Lamb2"",""Itga6_Itgb4""]",0.9989397807055297,0.018173051504246557
"[""Lamb2"",""Itga7_Itgb1""]",0.9997665687865711,0.008770037668151334
"[""Lamb2"",""Itga9_Itgb1""]",0.9997088689638877,0.00901972983104415
"[""Lamb2"",""Itgav_Itgb8""]",0.999603018280102,0.0104962331385001
"[""Lamb2"",""Sv2a""]",0.9957529814493706,0.04565966249738758
"[""Lamb2"",""Sv2b""]",0.9997796746563248,0.008774988351471055
"[""Lamb2"",""Sv2c""]",0.999818936342254,0.008431266268909414
"[""Lamb3"",""Cd44""]",0.9771969738413546,0.10114146794603066
"[""Lamb3"",""Dag1""]",0.9993581181864953,0.01333380952175277
"[""Lamb3"",""Itga1_Itgb1""]",0.9984599849820531,0.021192698931863277
"[""Lamb3"",""Itga2_Itgb1""]",0.9997410893873866,0.008450319649663503
"[""Lamb3"",""Itga3_Itgb1""]",0.9993580902378913,0.013413945499101758
"[""Lamb3"",""Itga6_Itgb1""]",0.9990402549193861,0.016480412825774476
"[""Lamb3"",""Itga6_Itgb4""]",0.999431191433547,0.012894834750324135
"[""Lamb3"",""Itga7_Itgb1""]",0.9998232055487387,0.007587344353438711
"[""Lamb3"",""Itga9_Itgb1""]",0.9998674731608002,0.005916432713012543
"[""Lamb3"",""Itgav_Itgb8""]",0.9997954837833203,0.007411298978872195
"[""Lamb3"",""Sv2a""]",0.995703552496655,0.04841935236482186
"[""Lamb3"",""Sv2b""]",0.9999094971175223,0.0070510883743593
"[""Lamb3"",""Sv2c""]",0.9998191647108362,0.010594715687350544
"[""Lamc1"",""Cd44""]",0.9952839132639906,0.04105415158768798
"[""Lamc1"",""Dag1""]",0.9993661953832225,0.01346238001600507
"[""Lamc1"",""Itga1_Itgb1""]",0.9986755017939174,0.019809814032119618
"[""Lamc1"",""Itga2_Itgb1""]",0.9997542778645278,0.008394497676185646
"[""Lamc1"",""Itga3_Itgb1""]",0.9994237251040543,0.012793974242602566
"[""Lamc1"",""Itga6_Itgb1""]",0.9991160139662768,0.016019414496404195
"[""Lamc1"",""Itga6_Itgb4""]",0.9995702017625445,0.011038541308955452
"[""Lamc1"",""Itga7_Itgb1""]",0.9998805705969697,0.00583173690004889
"[""Lamc1"",""Itga9_Itgb1""]",0.9998741333146978,0.005799318637663448
"[""Lamc1"",""Itgav_Itgb8""]",0.9998194427312683,0.006874254473349596
"[""Lamc1"",""Sv2a""]",0.997142267786089,0.031062781260171268
"[""Lamc1"",""Sv2b""]",0.9999362297213747,0.004282001894394338
"[""Lamc1"",""Sv2c""]",0.9998794038914702,0.006353351208148533
"[""Lamc2"",""Cd44""]",0.9918619030995058,0.045024139969216816
"[""Lamc2"",""Dag1""]",0.9973365302627858,0.02907153419048328
"[""Lamc2"",""Itga1_Itgb1""]",0.9953134970544074,0.039248056819111636
"[""Lamc2"",""Itga2_Itgb1""]",0.9988697245412053,0.018995293403133866
"[""Lamc2"",""Itga3_Itgb1""]",0.9979760560444637,0.02550931574404471
"[""Lamc2"",""Itga6_Itgb1""]",0.9969534117816854,0.030992603871013748
"[""Lamc2"",""Itga6_Itgb4""]",0.9973565054323186,0.03084086837034196
"[""Lamc2"",""Itga7_Itgb1""]",0.9993880172801356,0.012674921203438331
"[""Lamc2"",""Itga9_Itgb1""]",0.9992958407641975,0.01469344113398714
"[""Lamc2"",""Itgav_Itgb8""]",0.999002813827603,0.01750499672277903
"[""Lamc2"",""Sv2a""]",0.9893202387949303,0.08221078394696815
"[""Lamc2"",""Sv2b""]",0.9986635272437923,0.03101771126454584
"[""Lamc2"",""Sv2c""]",0.9985284461108074,0.02537672965421166
"[""Lamc3"",""Cd44""]",0.9372499707635285,0.1394059034148749
"[""Lamc3"",""Dag1""]",0.9990015945074462,0.017091710531907396
"[""Lamc3"",""Itga1_Itgb1""]",0.9986712550454325,0.019777597404899948
"[""Lamc3"",""Itga2_Itgb1""]",0.9994072621225224,0.013147642846573207
"[""Lamc3"",""Itga3_Itgb1""]",0.9990984344381975,0.016207215046314075
"[""Lamc3"",""Itga6_Itgb1""]",0.9988921514811943,0.018023677296511036
"[""Lamc3"",""Itga6_Itgb4""]",0.9987555885678455,0.021392953980436648
"[""Lamc3"",""Itga7_Itgb1""]",0.9998922454049821,0.0062770855636867535
"[""Lamc3"",""Itga9_Itgb1""]",0.9995888947574424,0.010836899691363791
"[""Lamc3"",""Itgav_Itgb8""]",0.999386073916117,0.013157329845802432
"[""Lamc3"",""Sv2a""]",0.9946071198032269,0.04707270591657255
"[""Lamc3"",""Sv2b""]",0.9993725553504015,0.01549546851263893
"[""Lamc3"",""Sv2c""]",0.999678004848542,0.012812388768912808
"[""Lck"",""Cd8a_Cd8b1""]",0.9999391439374481,0.00456405950153098
"[""Lgals9"",""Cd44""]",0.9878868733257623,0.06756147986221285
"[""Lgals9"",""Havcr2""]",0.9997472602567017,0.008203037369373348
"[""Lgals9"",""Ighm""]",0.9981439473044754,0.023962316701870014
"[""Lgals9"",""Ptprc""]",0.9985439596148589,0.01995760884231925
"[""Lhb"",""Lhcgr""]",0.9987304052599469,0.019491096710561994
"[""Lif"",""Lifr_Il6st""]",0.9999520250022179,0.0036060882312052476
"[""Lrrc4"",""Ntng2""]",0.9996756108711894,0.011019651682335296
"[""Lrrc4b"",""Ptprf""]",0.9988451131981998,0.026302124587586427
"[""Lrrc4c"",""Ntng1""]",0.9998684930146418,0.00725582078802562
"[""Lta"",""Tnfrsf14""]",0.9966567401863361,0.04883401584675898
"[""Lta"",""Tnfrsf1a""]",0.9998073023580533,0.00950722247180386
"[""Lta"",""Tnfrsf1b""]",0.9985140488202423,0.024837559129932928
"[""Lta_Ltb"",""Ltbr""]",0.9998305410322549,0.008493096305457274
"[""Madcam1"",""Itga4_Itgb7""]",0.9998343023422556,0.007064808527637158
"[""Mag"",""Mag""]",0.9975703740965237,0.024311811916354488
"[""Mdk"",""Alk""]",0.9999904588017889,0.0020180772452615837
"[""Mdk"",""Itga4_Itgb1""]",0.9999138060921368,0.005429657175817611
"[""Mdk"",""Itga6_Itgb1""]",0.9999050668202786,0.00501226534003468
"[""Mdk"",""Lrp1""]",0.999970149446031,0.0027408277886248715
"[""Mdk"",""Ncl""]",0.999997755839958,0.0010750256341799766
"[""Mdk"",""Ptprz1""]",0.9999058760654758,0.005070027640627191
"[""Mdk"",""Sdc1""]",0.9999710235090107,0.0027231894563732105
"[""Mdk"",""Sdc2""]",0.9999690862013718,0.002772765457985657
"[""Mdk"",""Sdc4""]",0.9998705365711672,0.00592327183518851
"[""Mif"",""Ackr3""]",0.9994991536835091,0.011780791138365316
"[""Mif"",""Cd74_Cd44""]",0.9992439467303776,0.015644988143585996
"[""Mif"",""Cd74_Cxcr2""]",0.9994562623424679,0.01211963566770833
"[""Mif"",""Cd74_Cxcr4""]",0.9992475167172156,0.015731483657853273
"[""Mpz"",""Mpz""]",0.9992437255458585,0.014609876709123474
"[""Mpz"",""Mpzl1""]",0.9999485059214004,0.003843300116814331
"[""Mpzl1"",""Mpzl1""]",0.9998472413695443,0.0067020119256263255
"[""Mstn"",""Acvr1b_Acvr2a""]",0.9995106525025982,0.012572976439855348
"[""Mstn"",""Acvr1b_Acvr2b""]",0.9994933618404492,0.012799198936591235
"[""Mstn"",""Tgfbr1_Acvr2a""]",0.999440732174203,0.013173673567007002
"[""Mstn"",""Tgfbr1_Acvr2b""]",0.9995603466832893,0.011612126808123936
"[""Nampt"",""Insr""]",0.9998826175584796,0.005624449038810803
"[""Nampt"",""Itga5_Itgb1""]",0.9998869446295723,0.005436226118353429
"[""Ncam1"",""Fgfr1""]",0.999973606080074,0.0040445189888051805
"[""Ncam1"",""L1cam""]",0.9989323931844151,0.01611207248676918
"[""Ncam1"",""Ncam1""]",0.9992137907082304,0.02613359252368763
"[""Ncam1"",""Ncam2""]",0.9995390583288616,0.018825609959655033
"[""Ncam2"",""L1cam""]",0.997906965995201,0.020822613963380185
"[""Nectin1"",""Cadm3""]",0.9993475405667789,0.019265106865110595
"[""Nectin1"",""Cd96""]",0.9999532599510841,0.00458649466147045
"[""Nectin1"",""Nectin3""]",0.999944361654844,0.005657638798761348
"[""Nectin1"",""Nectin4""]",0.9977159734004124,0.03520271286507321
"[""Nectin2"",""Cd226""]",0.9993237215544768,0.015114001260035773
"[""Nectin2"",""Tigit""]",0.9997858258950792,0.0077040133438280416
"[""Nectin3"",""Nectin1""]",0.9999452826170558,0.005630824390017588
"[""Nectin3"",""Nectin2""]",0.9999844097544737,0.0022792911686564635
"[""Nectin3"",""Pvr""]",0.9999907563563275,0.0021230823615763805
"[""Nectin3"",""Tigit""]",0.999994313296223,0.0014638431245160698
"[""Negr1"",""Negr1""]",0.9996314140102666,0.01057556437951441
"[""Nfasc"",""Cntn1_Cntnap1""]",0.9987321262136145,0.02502648866953923
"[""Ngf"",""Ngfr""]",0.9999565442670125,0.004087016022803999
"[""Ngf"",""Ntrk1""]",0.9998060761391075,0.010471416596005013
"[""Nmb"",""Nmbr""]",0.9999702227943815,0.0028536885552056857
"[""Nms"",""Nmur1""]",0.9998933102664554,0.007863183689839215
"[""Nms"",""Nmur2""]",0.999847413144978,0.006517778352784515
"[""Nmu"",""Nmur1""]",0.9999745877435907,0.0048601382171029675
"[""Nmu"",""Nmur2""]",0.9997903737163403,0.008252075565995633
"[""Nodal"",""Acvr1b_Acvr2a_Cfc1""]",0.9980835549173445,0.024385031901080104
"[""Nodal"",""Acvr1b_Acvr2b_Cfc1""]",0.9980835549173445,0.024385031901080104
"[""Nodal"",""Acvr1c_Acvr2a_Cfc1""]",0.9980835549173445,0.024385031901080104
"[""Nodal"",""Acvr1c_Acvr2b_Cfc1""]",0.9980835549173445,0.024385031901080104
"[""Npb"",""Npbwr1""]",0.994934753050455,0.04090645659467817
"[""Npff"",""Npffr1""]",0.9984637981717708,0.03174173761766961
"[""Npff"",""Npffr2""]",0.9998831066035384,0.006711710031360342
"[""Npnt_Fras1_Frem1"",""Itga8_Itgb1""]",0.9998408057793031,0.006502025117916087
"[""Npnt_Fras1_Frem2"",""Itga8_Itgb1""]",0.9999781633266811,0.0026201109907249545
"[""Nppa"",""Npr1""]",0.9878461519871171,0.060012491793847045
"[""Nppb"",""Npr1""]",0.9882114719965057,0.059190515320637675
"[""Nppc"",""Npr2""]",0.999823941665743,0.0073744625406738235
"[""Nps"",""Npsr1""]",0.9996345263231818,0.013058813665549071
"[""Npvf"",""Npffr1""]",0.9988564803609883,0.019130688175383354
"[""Npvf"",""Npffr2""]",0.9998743363972803,0.005847209586487214
"[""Npw"",""Npbwr1""]",0.9994039233995002,0.014642936475944281
"[""Npy"",""Gpr83""]",0.9968283375223018,0.032771422379087804
"[""Npy"",""Npy1r""]",0.9966721872803678,0.05094401431637009
"[""Npy"",""Npy2r""]",0.9997840582780205,0.00772812141148048
"[""Npy"",""Npy5r""]",0.9988058925363724,0.017697648600776692
"[""Nrg1"",""Erbb2_Erbb3""]",0.9997543101184703,0.009284960588555062
"[""Nrg1"",""Erbb2_Erbb4""]",0.9999175517523463,0.006154481781401695
"[""Nrg1"",""Erbb3""]",0.9997302929839503,0.009630300871025997
"[""Nrg1"",""Erbb4""]",0.9999730920246394,0.00488369060881348
"[""Nrg1"",""Itgav_Itgb3""]",0.9998273148740898,0.007142466160942118
"[""Nrg2"",""Erbb2_Erbb3""]",0.9999721137240588,0.003402239380068321
"[""Nrg2"",""Erbb2_Erbb4""]",0.999478741646192,0.012426212250871607
"[""Nrg2"",""Erbb3""]",0.9999590057687104,0.004042929053745473
"[""Nrg2"",""Erbb4""]",0.9997375170085436,0.00848519738956065
"[""Nrg3"",""Erbb2_Erbb4""]",0.9977020089479879,0.03905914448930341
"[""Nrg3"",""Erbb4""]",0.9989904476569003,0.01954304280620991
"[""Nrg4"",""Erbb2_Erbb4""]",0.9995166643019093,0.011819033513012054
"[""Nrg4"",""Erbb4""]",0.9997692246975314,0.007868298263576037
"[""Nrtn"",""Gfra2_Ret""]",0.9997694407342153,0.012834526984554277
"[""Nrxn1"",""Nlgn1""]",0.9993287704077941,0.019095487395653584
"[""Nrxn1"",""Nlgn2""]",0.999700423966549,0.014861718353345335
"[""Nrxn1"",""Nlgn3""]",0.9987335481121327,0.024942777431713675
"[""Nrxn2"",""Nlgn1""]",0.9984223001803596,0.026383940725629187
"[""Nrxn2"",""Nlgn2""]",0.9992912590691622,0.017127981655410268
"[""Nrxn2"",""Nlgn3""]",0.9972247655667025,0.03339281426300927
"[""Nrxn3"",""Nlgn1""]",0.9987154155079996,0.026464354507289786
"[""Nrxn3"",""Nlgn2""]",0.9992863400137816,0.019015027059478013
"[""Nrxn3"",""Nlgn3""]",0.9969216120105546,0.03345550658845942
"[""Ntf3"",""Ntrk1""]",0.9996881705886149,0.0123674055444084
"[""Ntf3"",""Ntrk2""]",0.9999836477436717,0.0025405451180610973
"[""Ntf3"",""Ntrk3""]",0.999975823424925,0.003445320349317932
"[""Ntf5"",""Ntrk2""]",0.9997908758130842,0.007985616838178522
"[""Nts"",""Ntsr1""]",0.9985209938589859,0.0233269403903772
"[""Ocln"",""Ocln""]",0.9986441370381333,0.02210365202037501
"[""Osm"",""Lifr_Il6st""]",0.9996156829529561,0.010738089204936116
"[""Osm"",""Osmr_Il6st""]",0.9936758970860544,0.046286486520865214
"[""Ostn"",""Npr3""]",0.9999012226794215,0.004923740428241986
"[""Oxt"",""Oxtr""]",0.9988062217479228,0.026873012527408667
"[""Pdcd1lg2"",""Pdcd1""]",0.9964732739311487,0.03726352816069884
"[""Pdgfa"",""Pdgfra""]",0.9999747901534776,0.0033887648263894636
"[""Pdgfa"",""Pdgfrb""]",0.999984296448362,0.0027581176811745313
"[""Pdgfb"",""Pdgfra""]",0.9999737212229562,0.0026612171454088326
"[""Pdgfb"",""Pdgfrb""]",0.9998255881045487,0.0069099430055538725
"[""Pdgfc"",""Pdgfra""]",0.9999961490095897,0.0013064113357477416
"[""Pdgfd"",""Pdgfrb""]",0.9999048374154562,0.004972141112875053
"[""Pdyn"",""Oprd1""]",0.9979251537332935,0.03182193271885704
"[""Pdyn"",""Oprk1""]",0.9946823550296835,0.041322875939102964
"[""Pdyn"",""Oprl1""]",0.9980022541425173,0.024731231604756435
"[""Pdyn"",""Oprm1""]",0.9977595247942287,0.02684257355677019
"[""Pecam1"",""Pecam1""]",0.9987145718310414,0.019897684307192437
"[""Penk"",""Oprd1""]",0.9997656209706571,0.007986027142417414
"[""Penk"",""Oprk1""]",0.9995702758651032,0.012533913895862421
"[""Penk"",""Oprl1""]",0.9996159923528404,0.015553002840255223
"[""Penk"",""Oprm1""]",0.9999440204516764,0.004905660854890464
"[""Pgf"",""Flt1""]",0.999702695494091,0.009230429052382477
"[""Plg"",""F2rl3""]",0.9944691172709438,0.045094351481022206
"[""Plg"",""Pard3""]",0.9989560188982566,0.017389828101336713
"[""Pmch"",""Mchr1""]",0.9997168321638842,0.012428187253137912
"[""Pmch"",""Mertk""]",0.9996615846043949,0.00968502960727596
"[""Pomc"",""Mc1r""]",0.9995446921598886,0.012628805999071681
"[""Pomc"",""Mc2r""]",0.9999697359358284,0.0033483226379742207
"[""Pomc"",""Mc4r""]",0.9993315310287614,0.015827291408717994
"[""Pomc"",""Oprd1""]",0.9994189975685532,0.013144101857909943
"[""Pomc"",""Oprk1""]",0.9986601242670546,0.02243386253481779
"[""Pomc"",""Oprl1""]",0.9982988613611716,0.023186430110317575
"[""Pomc"",""Oprm1""]",0.99982541769786,0.008965355772780905
"[""Postn"",""Itgav_Itgb3""]",0.9979893080058412,0.023542800092327718
"[""Postn"",""Itgav_Itgb5""]",0.9997272752127278,0.00842838600781778
"[""Ppbp"",""Cxcr2""]",0.9983457906753133,0.021474817860420513
"[""Ppy"",""Gpr83""]",0.9996883135581642,0.00976048336341114
"[""Ppy"",""Npy1r""]",0.9948837346212428,0.04167366970244769
"[""Ppy"",""Npy2r""]",0.9997417934968945,0.008044340811871874
"[""Ppy"",""Npy5r""]",0.998290283634849,0.02479001732840847
"[""Prok1"",""Prokr1""]",0.9999655617372303,0.003512138510455903
"[""Prok1"",""Prokr2""]",0.9999418827813344,0.005203451350769567
"[""Prok2"",""Prokr1""]",0.9999556446858009,0.004344544777339751
"[""Prok2"",""Prokr2""]",0.9999290405643627,0.005977226518030796
"[""Pros1"",""Axl""]",0.9999043207165145,0.005191169369381829
"[""Pros1"",""Tyro3""]",0.9999116467061978,0.00514180065347383
"[""Psap"",""Gpr37""]",0.9999741340175765,0.0029665379736028455
"[""Psap"",""Gpr37l1""]",0.9998699802825931,0.006039672068624493
"[""Pspn"",""Gfra4_Ret""]",0.9997700986663358,0.011548262323408899
"[""Pth2"",""Pth1r""]",0.9980936041749786,0.023743761500385877
"[""Pth2"",""Pth2r""]",0.9979375005947,0.02460933078600265
"[""Pthlh"",""Pth1r""]",0.9991379589212616,0.015325503138076362
"[""Ptn"",""Alk""]",0.9998277484562176,0.006807339798448543
"[""Ptn"",""Itgav_Itgb3""]",0.9988188901699878,0.018261878090110966
"[""Ptn"",""Ncl""]",0.9998356569126792,0.006605749550065618
"[""Ptn"",""Ptprz1""]",0.9991990620569512,0.015638968331353115
"[""Ptn"",""Sdc1""]",0.9994687748692425,0.012216963012569585
"[""Ptn"",""Sdc2""]",0.9995202358506153,0.011458497322182463
"[""Ptn"",""Sdc3""]",0.9992096279589902,0.01714394358335792
"[""Ptn"",""Sdc4""]",0.9986183386966438,0.021009322508581688
"[""Ptprc"",""Cd22""]",0.999169114751312,0.01567989940573489
"[""Ptprc"",""Mrc1""]",0.9981295400783852,0.02359950045486522
"[""Ptprm"",""Ptprm""]",0.9999959801340124,0.001065076457776596
"[""Pvr"",""Cd226""]",0.9993332179809954,0.015582847897394411
"[""Pvr"",""Tigit""]",0.9998233499552998,0.0069113560013649815
"[""Pyy"",""Gpr83""]",0.999354608215848,0.015892055846741162
"[""Pyy"",""Npy1r""]",0.997467000708788,0.036958597005028404
"[""Pyy"",""Npy2r""]",0.9997993627156679,0.007977203533194628
"[""Pyy"",""Npy5r""]",0.9991158565444415,0.018636083359223468
"[""Qrfp"",""Qrfpr""]",0.9993742669076079,0.01592491288869632
"[""Rarres2"",""Cmklr1""]",0.9996839601867759,0.008838819048988915
"[""Rarres2"",""Gpr1""]",0.9997398067257242,0.007928754555461485
"[""Reln"",""Itga3_Itgb1""]",0.9991967779744579,0.017017783386640385
"[""Retn"",""Cap1""]",0.9999623825056798,0.0034146488156112423
"[""Retn"",""Tlr4""]",0.9996194578946428,0.010660086574138873
"[""Rln1"",""Rxfp1""]",0.9968516051022711,0.0314703141210194
"[""Rln1"",""Rxfp2""]",0.999892708539571,0.006762697554022464
"[""Rln1"",""Rxfp3""]",0.9999626982862619,0.004052493389098331
"[""Rln3"",""Rxfp1""]",0.9970115452886994,0.030570628212546982
"[""Rln3"",""Rxfp2""]",0.9999751010004794,0.0032944936399731035
"[""Rln3"",""Rxfp3""]",0.9998315022535258,0.007040326548238041
"[""Saa2"",""Fpr2""]",0.9998797357697844,0.0060480542569779985
"[""Scgb3a2"",""Marco""]",0.6752836203702929,0.38235610070727427
"[""Sct"",""Sctr""]",0.9994336829367,0.01345497176204271
"[""Sell"",""Cd34""]",0.989326307529835,0.06591274627048165
"[""Sell"",""Madcam1""]",0.9944691815177048,0.05741458271318125
"[""Sell"",""Podxl""]",0.9904909169198701,0.06174421742353879
"[""Selplg"",""Sell""]",0.9922594796131315,0.0634772589742591
"[""Selplg"",""Selp""]",0.9981955924743005,0.02390962900017886
"[""Sema3a"",""Nrp1_Plxna1""]",0.9999703703488227,0.002835771843349691
"[""Sema3a"",""Nrp1_Plxna2""]",0.9999909241163539,0.0017672022983575627
"[""Sema3a"",""Nrp1_Plxna3""]",0.999896594662229,0.0058280711707885775
"[""Sema3a"",""Nrp1_Plxna4""]",0.9998630437505084,0.006011420126713318
"[""Sema3b"",""Nrp1_Plxna1""]",0.9999470703602656,0.0045430249681170315
"[""Sema3b"",""Nrp1_Plxna2""]",0.9999655164925574,0.004153604379584359
"[""Sema3b"",""Nrp1_Plxna3""]",0.9996461131016644,0.01158424073099324
"[""Sema3b"",""Nrp1_Plxna4""]",0.9994348992645709,0.012990507962734675
"[""Sema3b"",""Nrp2_Plxna1""]",0.9999260425186965,0.005648631452628595
"[""Sema3b"",""Nrp2_Plxna2""]",0.9999478814752573,0.005525012297159914
"[""Sema3b"",""Nrp2_Plxna3""]",0.9996344563608913,0.011724168572946099
"[""Sema3b"",""Nrp2_Plxna4""]",0.9995171927135432,0.011957634479244536
"[""Sema3c"",""Nrp1_Nrp2_Plxnd1""]",0.9999288306121025,0.0046647448524432585
"[""Sema3c"",""Nrp1_Plxna1""]",0.9999871069512019,0.0020790757476966833
"[""Sema3c"",""Nrp1_Plxna2""]",0.9999948188402505,0.0017590743919483594
"[""Sema3c"",""Nrp1_Plxna3""]",0.9999221433855734,0.0054581555899846
"[""Sema3c"",""Nrp1_Plxna4""]",0.9998544040347949,0.006328131411095666
"[""Sema3c"",""Nrp2_Plxna1""]",0.999961829830276,0.0034717570733399103
"[""Sema3c"",""Nrp2_Plxna2""]",0.9999902124805045,0.0025580419081788863
"[""Sema3c"",""Nrp2_Plxna3""]",0.9999180559820263,0.005603130436078746
"[""Sema3c"",""Nrp2_Plxna4""]",0.999856714949559,0.006290953288724732
"[""Sema3c"",""Plxnd1""]",0.9996551333310161,0.01031942963365968
"[""Sema3d"",""Nrp1_Plxna1""]",0.9999125931318876,0.004823505289206578
"[""Sema3d"",""Nrp1_Plxna2""]",0.9999625980294642,0.0031219158117406225
"[""Sema3d"",""Nrp1_Plxna3""]",0.9997284450930357,0.009395487444240253
"[""Sema3d"",""Nrp1_Plxna4""]",0.9996852589307984,0.00940916476928326
"[""Sema3d"",""Nrp2_Plxna1""]",0.9998451439289553,0.006459629631398666
"[""Sema3d"",""Nrp2_Plxna2""]",0.9999659477526422,0.003083186405734435
"[""Sema3d"",""Nrp2_Plxna3""]",0.999723834499667,0.00946562165868091
"[""Sema3d"",""Nrp2_Plxna4""]",0.9996869176489463,0.009369762259484904
"[""Sema3e"",""Plxnd1""]",0.999644994094541,0.010415637028878646
"[""Sema3f"",""Nrp2_Plxna1""]",0.9998678897264123,0.006990838222843523
"[""Sema3f"",""Nrp2_Plxna2""]",0.9999768322162343,0.004355936572601248
"[""Sema3f"",""Nrp2_Plxna3""]",0.9997139209171158,0.01230770212851613
"[""Sema3f"",""Nrp2_Plxna4""]",0.9997311003918798,0.009355474241516424
"[""Sema3g"",""Nrp2_Plxna1""]",0.9999557020283363,0.004465003148605927
"[""Sema3g"",""Nrp2_Plxna2""]",0.9999565831062157,0.004829735666518069
"[""Sema3g"",""Nrp2_Plxna3""]",0.9997892180223514,0.00877109524923572
"[""Sema3g"",""Nrp2_Plxna4""]",0.9997471248440799,0.008657964163209523
"[""Sema4a"",""Nrp1_Plxna1""]",0.9997229646216431,0.013379576413807784
"[""Sema4a"",""Nrp1_Plxna2""]",0.9998606993828736,0.010762735697598882
"[""Sema4a"",""Nrp1_Plxna3""]",0.9984666181067187,0.028974268762793447
"[""Sema4a"",""Nrp1_Plxna4""]",0.9993441254254791,0.022961315605872543
"[""Sema4a"",""Plxnb1""]",0.9992260925313005,0.024218507726256444
"[""Sema4a"",""Plxnb2""]",0.9996197196743859,0.013643328729033066
"[""Sema4a"",""Plxnb3""]",0.9997054026592113,0.014006827399764348
"[""Sema4a"",""Timd2""]",0.9760768362141901,0.11364757464886346
"[""Sema4c"",""Plxnb2""]",0.999913019574412,0.0050830551898910295
"[""Sema4d"",""Cd72""]",0.9997696215359811,0.009020064684429074
"[""Sema4d"",""Plxnb1""]",0.9995761579048861,0.011618334214103736
"[""Sema4d"",""Plxnb2""]",0.999716106052687,0.009057792326393331
"[""Sema4d"",""Plxnb3""]",0.9999191748776626,0.00449876415225278
"[""Sema4g"",""Plxnb2""]",0.9995722548431761,0.018534178283363192
"[""Sema5a"",""Plxna1""]",0.9999654863036598,0.003352056978797689
"[""Sema5a"",""Plxna3""]",0.9999429331672306,0.00512492009109268
"[""Sema5a"",""Plxnb3""]",0.9999661927646026,0.003635442767274122
"[""Sema5b"",""Plxna1""]",0.999916546343637,0.005105801122005982
"[""Sema5b"",""Plxna3""]",0.9997924707784293,0.008715342879427967
"[""Sema6a"",""Plxna2""]",0.9999627763780018,0.004377777693270754
"[""Sema6a"",""Plxna4""]",0.9999621158226314,0.003224801266351794
"[""Sema6b"",""Plxna2""]",0.9992425277481655,0.022005610430407
"[""Sema6b"",""Plxna4""]",0.9996557058146671,0.015150118350049984
"[""Sema6d"",""Plxna1""]",0.9999085121357634,0.006122851989253147
"[""Sema6d"",""Plxna1_Kdr""]",0.999735715578458,0.00863569430785585
"[""Sema6d"",""Plxna1_Trem2_Tyrobp""]",0.9983370305413615,0.026590248489665198
"[""Sema7a"",""Itgb1_Itga1""]",0.9977996142841823,0.030572936533871026
"[""Sema7a"",""Plxnc1""]",0.9981064984934047,0.031633092005349625
"[""Shh"",""Ptch1_Smo""]",0.9999688684659894,0.002944469767111446
"[""Shh"",""Ptch2_Smo""]",0.99998848871612,0.0027335915670821296
"[""Siglec1"",""Spn""]",0.9955682623004197,0.042792842366659124
"[""Slurp1"",""Chrna1""]",0.9998314503501233,0.006770143983200054
"[""Slurp1"",""Chrna2""]",0.9511431337844922,0.1092214059363071
"[""Slurp1"",""Chrna3""]",0.9896191890338041,0.06656776993878202
"[""Slurp1"",""Chrna4""]",0.9840451333502976,0.08145163797285672
"[""Slurp1"",""Chrna5""]",0.996485323347106,0.044051812998291404
"[""Slurp1"",""Chrna6""]",0.9808683429061251,0.09875524070564586
"[""Slurp1"",""Chrna7""]",0.9970057116386173,0.032570779142790926
"[""Slurp1"",""Chrna9""]",0.9945801577731553,0.044966387997152656
"[""Slurp1"",""Chrnb1""]",0.9995722847807584,0.011848555782412892
"[""Slurp1"",""Chrnb2""]",0.98957060740445,0.07348625214368276
"[""Slurp1"",""Chrnb3""]",0.9665216500541691,0.10870540968423072
"[""Slurp1"",""Chrnb4""]",0.9962472657099293,0.038330165956856406
"[""Slurp1"",""Chrnd""]",0.9997505897723462,0.008373666505052101
"[""Slurp1"",""Chrne""]",0.9902644945238522,0.061163631498447606
"[""Slurp1"",""Chrng""]",0.9997337080389312,0.008843136246148289
"[""Slurp2"",""Chrna1""]",0.9987837777227793,0.02039641859379399
"[""Slurp2"",""Chrna2""]",0.9992375008234926,0.019043534198477874
"[""Slurp2"",""Chrna3""]",0.9992179431154392,0.013182321583045914
"[""Slurp2"",""Chrna4""]",0.999194480444601,0.01429505185142972
"[""Slurp2"",""Chrna5""]",0.9991730531849755,0.02462098667379584
"[""Slurp2"",""Chrna6""]",0.9996519846058988,0.017430488891116164
"[""Slurp2"",""Chrna7""]",0.9998621709816777,0.009358207877454705
"[""Slurp2"",""Chrna9""]",0.9998826694770675,0.008987695646026542
"[""Slurp2"",""Chrnb1""]",0.9991834838617177,0.01687145269930156
"[""Slurp2"",""Chrnb2""]",0.9993808477190805,0.013485354654675855
"[""Slurp2"",""Chrnb3""]",0.9994414832616307,0.01818660724536953
"[""Slurp2"",""Chrnb4""]",0.999517654235575,0.015288099246560204
"[""Slurp2"",""Chrnd""]",0.9986148792642215,0.021768492545793466
"[""Slurp2"",""Chrne""]",0.9997935069787806,0.010032609918957793
"[""Slurp2"",""Chrng""]",0.9987009950054158,0.020997988347943718
"[""Spp1"",""Cd44""]",0.9930094107153271,0.046720782271132535
"[""Spp1"",""Itga4_Itgb1""]",0.9998871160913634,0.00654943660014956
"[""Spp1"",""Itga5_Itgb1""]",0.9991632724241837,0.01614335214754403
"[""Spp1"",""Itga8_Itgb1""]",0.9992362657690387,0.015138452078994214
"[""Spp1"",""Itga9_Itgb1""]",0.9995450976792745,0.011693711726252656
"[""Spp1"",""Itgav_Itgb1""]",0.9990158660580486,0.017741674433698736
"[""Spp1"",""Itgav_Itgb3""]",0.9975891336269002,0.02774932411545476
"[""Spp1"",""Itgav_Itgb5""]",0.9989867164466117,0.018029470940456867
"[""Spp1"",""Itgav_Itgb6""]",0.9999651831346766,0.0037576132677267834
"[""Sst"",""Sstr1""]",0.9974845533047102,0.029746440846972883
"[""Sst"",""Sstr2""]",0.9976891196209045,0.023353026581926048
"[""Sst"",""Sstr3""]",0.9975174905598418,0.028743950594986512
"[""Sst"",""Sstr4""]",0.9990730663720754,0.019022717191940094
"[""Sst"",""Sstr5""]",0.9986811765424598,0.02698077745649916
"[""Tac1"",""Tacr1""]",0.9991747908313728,0.022354320409426136
"[""Tac1"",""Tacr2""]",0.9982878908153957,0.03447022998722674
"[""Tac2"",""Tacr3""]",0.9924208166764474,0.06982431868288141
"[""Tac4"",""Tacr1""]",0.9999759771734905,0.0032959138120113086
"[""Tgfa"",""Egfr""]",0.9998800332844586,0.006566997473303688
"[""Tgfa"",""Egfr_Erbb2""]",0.9994731502726886,0.019878909049201327
"[""Tgfb1"",""Acvr1_Tgfbr1_Tgfbr2""]",0.999591367100526,0.010591949321040607
"[""Tgfb1"",""Acvr1b_Tgfbr2""]",0.9991792723495826,0.015520801983567221
"[""Tgfb1"",""Acvr1c_Tgfbr2""]",0.9972025619556965,0.029503147242744995
"[""Tgfb1"",""Tgfbr1_Tgfbr2""]",0.9996375634556538,0.009986653987199265
"[""Tgfb2"",""Acvr1_Tgfbr1_Tgfbr2""]",0.9999562235922987,0.0033091288217519475
"[""Tgfb2"",""Acvr1b_Tgfbr2""]",0.9999166216679463,0.004732022161437121
"[""Tgfb2"",""Acvr1c_Tgfbr2""]",0.999384774748148,0.013383249065360545
"[""Tgfb2"",""Tgfbr1_Tgfbr2""]",0.9999759679812518,0.002476184385286059
"[""Tgfb3"",""Acvr1_Tgfbr1_Tgfbr2""]",0.9999745236602232,0.0026204751704377205
"[""Tgfb3"",""Acvr1b_Tgfbr2""]",0.9999490105915733,0.003932910790992019
"[""Tgfb3"",""Acvr1c_Tgfbr2""]",0.9994730235486388,0.012512924838876739
"[""Tgfb3"",""Tgfbr1_Tgfbr2""]",0.9999882311286795,0.001847754124948185
"[""Thbs1"",""Cd36""]",0.9989393628367509,0.01775871913471246
"[""Thbs1"",""Cd47""]",0.9994153161901926,0.01273098943075607
"[""Thbs1"",""Itga3_Itgb1""]",0.9993820551543158,0.01330207585829181
"[""Thbs1"",""Itgav_Itgb3""]",0.9990651237638001,0.01642749358071581
"[""Thbs1"",""Sdc1""]",0.9995660283044138,0.010871072896756661
"[""Thbs1"",""Sdc4""]",0.9989186917915978,0.018052945483277832
"[""Thbs2"",""Cd36""]",0.9992191617284505,0.01421547220112133
"[""Thbs2"",""Cd47""]",0.999458409363349,0.012186968932734202
"[""Thbs2"",""Itga3_Itgb1""]",0.9994409500876119,0.012652505254914998
"[""Thbs2"",""Itgav_Itgb3""]",0.9989103303011162,0.01740356442310555
"[""Thbs2"",""Sdc1""]",0.9997583667967034,0.008178829873139382
"[""Thbs2"",""Sdc4""]",0.999001058402921,0.01770715963550914
"[""Thbs3"",""Cd36""]",0.9990958604986927,0.015732677481288006
"[""Thbs3"",""Cd47""]",0.9995214495786716,0.012103742175479493
"[""Thbs3"",""Itga3_Itgb1""]",0.9995195265747902,0.012128593056562774
"[""Thbs3"",""Itgav_Itgb3""]",0.998965866918652,0.01759602622753303
"[""Thbs3"",""Sdc1""]",0.9997604930564757,0.00853460356825695
"[""Thbs3"",""Sdc4""]",0.9989820533093596,0.019177892259774974
"[""Thbs4"",""Cd36""]",0.9996995152957376,0.008480617964393141
"[""Thbs4"",""Cd47""]",0.9998776939294183,0.0060751229591437545
"[""Thbs4"",""Itga3_Itgb1""]",0.9998683113456608,0.005693763488810974
"[""Thbs4"",""Itgav_Itgb3""]",0.9994576547443391,0.011785655087291517
"[""Thbs4"",""Sdc1""]",0.9999700548215823,0.003780694237321983
"[""Thbs4"",""Sdc4""]",0.9997539411982154,0.007750785829302608
"[""Thpo"",""Mpl""]",0.9996409701452277,0.012487238817145583
"[""Thy1"",""Itgam_Itgb2""]",0.9984938253870781,0.021067285628119183
"[""Thy1"",""Itgav_Itgb3""]",0.9976391910206118,0.026284495569043213
"[""Thy1"",""Itgax_Itgb2""]",0.9979882347172425,0.02576454916605901
"[""Tigit"",""Nectin2""]",0.9997876566858469,0.007665043486968808
"[""Tigit"",""Pvr""]",0.9998263223203823,0.0068495684456819925
"[""Tnc"",""Itga2b_Itgb3""]",0.9990734430874232,0.016070965460968232
"[""Tnc"",""Itga8_Itgb1""]",0.9996412141272443,0.009650550221227577
"[""Tnc"",""Itga9_Itgb1""]",0.9998602887208441,0.00599524471926619
"[""Tnc"",""Itgav_Itgb3""]",0.9990757575504216,0.016045524282577474
"[""Tnc"",""Itgav_Itgb6""]",0.9998301607798027,0.007676990530997528
"[""Tnc"",""Sdc1""]",0.9996741308192637,0.009341155856706921
"[""Tnc"",""Sdc4""]",0.9990366555894201,0.016857699420949005
"[""Tnfsf10"",""Tnfrsf10b""]",0.9996293304619064,0.01033716662021538
"[""Tnfsf11"",""Tnfrsf11a""]",0.999814696226492,0.0071539700134068095
"[""Tnfsf11"",""Tnfrsf11b""]",0.9998055356220155,0.007207980541909764
"[""Tnfsf12"",""Tnfrsf12a""]",0.9973048083043649,0.028230266918085223
"[""Tnfsf13b"",""Tnfrsf13b""]",0.9998708137313048,0.005853458078036259
"[""Tnfsf13b"",""Tnfrsf13c""]",0.9999183033354747,0.0062093499921114376
"[""Tnfsf13b"",""Tnfrsf17""]",0.9999457433926087,0.003878098641777438
"[""Tnfsf14"",""Ltbr""]",0.9989872340668562,0.01696899613808064
"[""Tnfsf14"",""Tnfrsf14""]",0.998401200276642,0.023314535472707405
"[""Tnfsf15"",""Tnfrsf25""]",0.9992171946751539,0.017537158125259047
"[""Tnfsf18"",""Tnfrsf18""]",0.9997735100416554,0.007822673204044044
"[""Tnfsf4"",""Tnfrsf4""]",0.9993708903082326,0.014343633892659465
"[""Tnfsf8"",""Tnfrsf8""]",0.9982180405084287,0.026096782354107458
"[""Tnfsf9"",""Tnfrsf9""]",0.9998514760355952,0.006427560484422357
"[""Tnn"",""Itga2b_Itgb3""]",0.998992269301581,0.01738475858216548
"[""Tnn"",""Itga8_Itgb1""]",0.9994855523874172,0.011952640867056285
"[""Tnn"",""Itga9_Itgb1""]",0.9997447446441,0.008384071966269903
"[""Tnn"",""Itgav_Itgb3""]",0.9989939379328032,0.017359707498944072
"[""Tnn"",""Itgav_Itgb6""]",0.999882895377423,0.006605721342292659
"[""Tnn"",""Sdc1""]",0.9994151975905765,0.012984414468085816
"[""Tnn"",""Sdc4""]",0.9986317922879321,0.02143223877788907
"[""Tnr"",""Itga2b_Itgb3""]",0.9979475495519621,0.03662672834305896
"[""Tnr"",""Itga8_Itgb1""]",0.9997267704896429,0.011533560775284899
"[""Tnr"",""Itga9_Itgb1""]",0.9999181707259827,0.00694515969986027
"[""Tnr"",""Itgav_Itgb3""]",0.9979642102076502,0.036558247384365375
"[""Tnr"",""Itgav_Itgb6""]",0.9991906067567821,0.02211531615533205
"[""Tnr"",""Sdc1""]",0.9997332743970558,0.013160486989768159
"[""Tnr"",""Sdc4""]",0.9977400137495708,0.035805673475053874
"[""Tnxb"",""Itga2b_Itgb3""]",0.9973620834974968,0.027212770363906534
"[""Tnxb"",""Itga8_Itgb1""]",0.9996348203855951,0.009792321753160804
"[""Tnxb"",""Itga9_Itgb1""]",0.9998671700342315,0.005838909056553991
"[""Tnxb"",""Itgav_Itgb3""]",0.9973707777994074,0.02716072096870146
"[""Tnxb"",""Itgav_Itgb6""]",0.9998049881234716,0.007515308509604503
"[""Tnxb"",""Sdc1""]",0.9997915406277468,0.007257635671168526
"[""Tnxb"",""Sdc4""]",0.9972830284039499,0.028979411278309528
"[""Trh"",""Trhr""]",0.9999413975149247,0.004966519572709424
"[""Try10"",""F2r""]",0.9996976137486077,0.009232835765158792
"[""Try10"",""F2rl1""]",0.9995896747901324,0.013359757334155092
"[""Try10"",""F2rl2""]",0.9995866984392846,0.010731546075457944
"[""Try10"",""F2rl3""]",0.9993233244967344,0.014206096115125992
"[""Try10"",""Pard3""]",0.9999738941091255,0.0027257522433576944
"[""Try5"",""F2r""]",0.9999402015412914,0.004074728344299694
"[""Try5"",""F2rl1""]",0.9995881801966522,0.012648092479103862
"[""Try5"",""F2rl2""]",0.9998468621236011,0.006472594479904369
"[""Try5"",""F2rl3""]",0.9997873022695708,0.007529566756929246
"[""Try5"",""Pard3""]",0.9999931607358725,0.002023971049231743
"[""Tshb"",""Tshr""]",0.9999648827468534,0.004271926274964877
"[""Tslp"",""Il7r_Crlf2""]",0.999925358822202,0.004480687764844632
"[""Ucn"",""Crhr1""]",0.9956826552879359,0.04321219636806968
"[""Ucn"",""Crhr2""]",0.9905024891751265,0.05346729944261188
"[""Ucn2"",""Crhr1""]",0.9896464104463869,0.07049904771309619
"[""Ucn2"",""Crhr2""]",0.9867736217996939,0.06610669565216712
"[""Uts2b"",""Sstr5""]",0.9968306420288007,0.030622462963481114
"[""Uts2b"",""Uts2r""]",0.999831631223561,0.007530708581334533
"[""Vegfa"",""Flt1""]",0.9992650192827331,0.014583378059187711
"[""Vegfa"",""Flt1_Kdr""]",0.9992650192827331,0.014583378059187711
"[""Vegfa"",""Kdr""]",0.9991064219510761,0.01616602548498435
"[""Vegfb"",""Flt1""]",0.9987157175804593,0.019670565683134137
"[""Vegfc"",""Flt4""]",0.9996629616111524,0.009719049771899637
"[""Vegfc"",""Flt4_Kdr""]",0.9996629616111524,0.009719049771899637
"[""Vegfc"",""Kdr""]",0.9994957198188968,0.012094634944111131
"[""Vegfd"",""Flt4""]",0.9995475170483973,0.011316252577433619
"[""Vegfd"",""Flt4_Kdr""]",0.9995475170483973,0.011316252577433619
"[""Vegfd"",""Kdr""]",0.9992278711402475,0.015091285080740988
"[""Vsir"",""Igsf11""]",0.9995083903655195,0.01239674317148136
"[""Vtn"",""Itga2b_Itgb3""]",0.9973014298028866,0.029732168405511038
"[""Vtn"",""Itga8_Itgb1""]",0.9982891070776355,0.02271785842902116
"[""Vtn"",""Itgav_Itgb1""]",0.997746063391792,0.027197659944667982
"[""Vtn"",""Itgav_Itgb3""]",0.9973063488915641,0.029711781571585404
"[""Vtn"",""Itgav_Itgb5""]",0.99767622355952,0.027601704686875107
"[""Vtn"",""Itgav_Itgb8""]",0.9984346827510633,0.0222355344454185
"[""Vwf"",""Gp1ba_Gp1bb_Gp5_Gp9""]",0.9965030761355371,0.032166003081864694
"[""Vwf"",""Itga2b_Itgb3""]",0.9975954578236808,0.0265028088529071
"[""Vwf"",""Itgav_Itgb3""]",0.9976001946022011,0.026473418523413665
"[""Wnt1"",""Fzd10_Lrp5""]",0.9991038751413502,0.016614899150701773
"[""Wnt1"",""Fzd10_Lrp6""]",0.9990998873671781,0.016131831931834262
"[""Wnt1"",""Fzd1_Lrp5""]",0.9995385075469674,0.011412703121037865
"[""Wnt1"",""Fzd1_Lrp6""]",0.999190991496959,0.015302509004740509
"[""Wnt1"",""Fzd2_Lrp5""]",0.9995392129708567,0.011400121187063407
"[""Wnt1"",""Fzd2_Lrp6""]",0.9994782427780988,0.012288577773425203
"[""Wnt1"",""Fzd3_Lrp5""]",0.9995392129708567,0.011400121187063407
"[""Wnt1"",""Fzd3_Lrp6""]",0.9991679248643421,0.016186992561880026
"[""Wnt1"",""Fzd4_Lrp5""]",0.9994879958071727,0.0121733907831193
"[""Wnt1"",""Fzd4_Lrp6""]",0.9994850181913258,0.012191671509645579
"[""Wnt1"",""Fzd5_Lrp5""]",0.9991203126073279,0.015872333506005965
"[""Wnt1"",""Fzd5_Lrp6""]",0.9991203126073279,0.015872333506005965
"[""Wnt1"",""Fzd6_Lrp5""]",0.9980035952583292,0.02496806004559019
"[""Wnt1"",""Fzd6_Lrp6""]",0.9978698199505676,0.02525461527516703
"[""Wnt1"",""Fzd7_Lrp5""]",0.9995365578423645,0.011436415581577822
"[""Wnt1"",""Fzd7_Lrp6""]",0.9994605702617918,0.01237703275119228
"[""Wnt1"",""Fzd8_Lrp5""]",0.999695637697163,0.009365133581719325
"[""Wnt1"",""Fzd8_Lrp6""]",0.9996964667519137,0.009333491309887008
"[""Wnt1"",""Fzd9_Lrp5""]",0.9991469240690776,0.01658890537837881
"[""Wnt1"",""Fzd9_Lrp6""]",0.9991266997771392,0.016588196205390354
"[""Wnt10a"",""Fzd10_Lrp5""]",0.9983340830508672,0.023267278149377877
"[""Wnt10a"",""Fzd10_Lrp6""]",0.9981651284176294,0.024154660121886065
"[""Wnt10a"",""Fzd1_Lrp5""]",0.9994871127395859,0.012442434336438275
"[""Wnt10a"",""Fzd1_Lrp6""]",0.9990148238996966,0.017697754781412275
"[""Wnt10a"",""Fzd2_Lrp5""]",0.9994869604901929,0.012442827825531784
"[""Wnt10a"",""Fzd2_Lrp6""]",0.9993750699541609,0.013987842030405519
"[""Wnt10a"",""Fzd3_Lrp5""]",0.9994869604901929,0.012442827825531784
"[""Wnt10a"",""Fzd3_Lrp6""]",0.9990599642266502,0.018730127950545995
"[""Wnt10a"",""Fzd4_Lrp5""]",0.9996971507467238,0.009633758212083546
"[""Wnt10a"",""Fzd4_Lrp6""]",0.9996900608084042,0.009693900421364378
"[""Wnt10a"",""Fzd5_Lrp5""]",0.9987365084078252,0.020654750431631484
"[""Wnt10a"",""Fzd5_Lrp6""]",0.9987365084078252,0.020654750431631484
"[""Wnt10a"",""Fzd6_Lrp5""]",0.9972602416775239,0.031885875944233165
"[""Wnt10a"",""Fzd6_Lrp6""]",0.9967240948232163,0.033987784272665564
"[""Wnt10a"",""Fzd7_Lrp5""]",0.9994863507097976,0.012450559903098936
"[""Wnt10a"",""Fzd7_Lrp6""]",0.999401898378778,0.013578213343530921
"[""Wnt10a"",""Fzd8_Lrp5""]",0.9998103568254911,0.007840769134432721
"[""Wnt10a"",""Fzd8_Lrp6""]",0.9998105960622202,0.007731204975929343
"[""Wnt10a"",""Fzd9_Lrp5""]",0.9990261713825894,0.019248870727004205
"[""Wnt10a"",""Fzd9_Lrp6""]",0.9989828896479632,0.019275625263719752
"[""Wnt10b"",""Fzd10_Lrp5""]",0.9974527540152858,0.031972279013091735
"[""Wnt10b"",""Fzd10_Lrp6""]",0.9971411319333944,0.03263644240849069
"[""Wnt10b"",""Fzd1_Lrp5""]",0.9991547890469354,0.01695824416916779
"[""Wnt10b"",""Fzd1_Lrp6""]",0.9982598968775985,0.02528773562016345
"[""Wnt10b"",""Fzd2_Lrp5""]",0.999154450017039,0.01695704511112892
"[""Wnt10b"",""Fzd2_Lrp6""]",0.9990159874514232,0.018828095168894003
"[""Wnt10b"",""Fzd3_Lrp5""]",0.999154450017039,0.01695704511112892
"[""Wnt10b"",""Fzd3_Lrp6""]",0.9985826358091696,0.025841406499823926
"[""Wnt10b"",""Fzd4_Lrp5""]",0.9993462961076484,0.015261444577437916
"[""Wnt10b"",""Fzd4_Lrp6""]",0.9993187367857155,0.0154276742431183
"[""Wnt10b"",""Fzd5_Lrp5""]",0.9970877563851569,0.03388143965717038
"[""Wnt10b"",""Fzd5_Lrp6""]",0.9970877563851569,0.03388143965717038
"[""Wnt10b"",""Fzd6_Lrp5""]",0.9948171317095222,0.049185215328525975
"[""Wnt10b"",""Fzd6_Lrp6""]",0.9931008663857392,0.05511491001782596
"[""Wnt10b"",""Fzd7_Lrp5""]",0.9991531688161124,0.016972576178132377
"[""Wnt10b"",""Fzd7_Lrp6""]",0.9989755231125573,0.018997823688603973
"[""Wnt10b"",""Fzd8_Lrp5""]",0.9996172261629404,0.011978878544657299
"[""Wnt10b"",""Fzd8_Lrp6""]",0.9996096953203574,0.011859867934203098
"[""Wnt10b"",""Fzd9_Lrp5""]",0.9983410972219079,0.028847908203941796
"[""Wnt10b"",""Fzd9_Lrp6""]",0.9982325486437523,0.02885503136484107
"[""Wnt11"",""Fzd1""]",0.9998737130089216,0.005713226468181171
"[""Wnt11"",""Fzd10""]",0.999664457806686,0.009526452947091205
"[""Wnt11"",""Fzd2""]",0.9999219176971272,0.004478272206867714
"[""Wnt11"",""Fzd3""]",0.9998893834844911,0.005534713870898249
"[""Wnt11"",""Fzd4""]",0.9999892361811923,0.0016635604508845026
"[""Wnt11"",""Fzd5""]",0.9998568200706898,0.006036888812367118
"[""Wnt11"",""Fzd6""]",0.9994665006125764,0.012394549926705979
"[""Wnt11"",""Fzd7""]",0.9999512260734577,0.003513720044967096
"[""Wnt11"",""Fzd8""]",0.9999922329870602,0.0018271958529240725
"[""Wnt11"",""Fzd9""]",0.9999473879617257,0.0037749821757996085
"[""Wnt16"",""Fzd10_Lrp5""]",0.9997888776881867,0.0075519115752156986
"[""Wnt16"",""Fzd10_Lrp6""]",0.9997521330272531,0.008169453731496952
"[""Wnt16"",""Fzd1_Lrp5""]",0.9999851678986751,0.0019271309847795602
"[""Wnt16"",""Fzd1_Lrp6""]",0.9999485972102709,0.003628930938517916
"[""Wnt16"",""Fzd2_Lrp5""]",0.9999851292513163,0.0019294649544931665
"[""Wnt16"",""Fzd2_Lrp6""]",0.9999779815123672,0.0023542369301953526
"[""Wnt16"",""Fzd3_Lrp5""]",0.9999851292513163,0.0019294649544931665
"[""Wnt16"",""Fzd3_Lrp6""]",0.9999649750845686,0.0030822878867044746
"[""Wnt16"",""Fzd4_Lrp5""]",0.9999950123082526,0.0014143371168746784
"[""Wnt16"",""Fzd4_Lrp6""]",0.9999949153581795,0.0014183142863125537
"[""Wnt16"",""Fzd5_Lrp5""]",0.9999646925760659,0.003040175224301966
"[""Wnt16"",""Fzd5_Lrp6""]",0.9999646925760659,0.003040175224301966
"[""Wnt16"",""Fzd6_Lrp5""]",0.9997686350999917,0.00819332257273075
"[""Wnt16"",""Fzd6_Lrp6""]",0.9997586358203482,0.008270692095967641
"[""Wnt16"",""Fzd7_Lrp5""]",0.9999851346569976,0.001929232311149355
"[""Wnt16"",""Fzd7_Lrp6""]",0.9999819957001701,0.0021313342542135945
"[""Wnt16"",""Fzd8_Lrp5""]",0.9999880170395229,0.0021616921586471182
"[""Wnt16"",""Fzd8_Lrp6""]",0.9999871408954373,0.002207824813009288
"[""Wnt16"",""Fzd9_Lrp5""]",0.9999837268413759,0.0021654912691363376
"[""Wnt16"",""Fzd9_Lrp6""]",0.9999835691394843,0.002170697996217799
"[""Wnt2"",""Fzd10_Lrp5""]",0.9994793866377036,0.012112547641580772
"[""Wnt2"",""Fzd10_Lrp6""]",0.9994341593392356,0.012563620482585759
"[""Wnt2"",""Fzd1_Lrp5""]",0.9998331404685564,0.006709223564854417
"[""Wnt2"",""Fzd1_Lrp6""]",0.9995790565617064,0.010794225690096432
"[""Wnt2"",""Fzd2_Lrp5""]",0.9998330581064149,0.006710515524853763
"[""Wnt2"",""Fzd2_Lrp6""]",0.9998182115175742,0.0070182486540783275
"[""Wnt2"",""Fzd3_Lrp5""]",0.9998330581064149,0.006710515524853763
"[""Wnt2"",""Fzd3_Lrp6""]",0.9996416228391023,0.010457247374268909
"[""Wnt2"",""Fzd4_Lrp5""]",0.9998054561962826,0.007359395680478651
"[""Wnt2"",""Fzd4_Lrp6""]",0.9997971574644117,0.007477611498930646
"[""Wnt2"",""Fzd5_Lrp5""]",0.9994499938769102,0.01216517328415043
"[""Wnt2"",""Fzd5_Lrp6""]",0.9994499938769102,0.01216517328415043
"[""Wnt2"",""Fzd6_Lrp5""]",0.9986073925195912,0.020879488845668093
"[""Wnt2"",""Fzd6_Lrp6""]",0.9984826519182711,0.021327862628373096
"[""Wnt2"",""Fzd7_Lrp5""]",0.9998326656731175,0.006717912799076978
"[""Wnt2"",""Fzd7_Lrp6""]",0.9998012800423103,0.007364084220201557
"[""Wnt2"",""Fzd8_Lrp5""]",0.9999157196119665,0.004716601604079771
"[""Wnt2"",""Fzd8_Lrp6""]",0.9999141424845857,0.00473571889745196
"[""Wnt2"",""Fzd9_Lrp5""]",0.9995248459101866,0.01173317335141283
"[""Wnt2"",""Fzd9_Lrp6""]",0.9995127344562278,0.011786699082285076
"[""Wnt2b"",""Fzd10_Lrp5""]",0.9996683563013654,0.009557240812908567
"[""Wnt2b"",""Fzd10_Lrp6""]",0.9996249808452733,0.010128438852475462
"[""Wnt2b"",""Fzd1_Lrp5""]",0.9999598892280015,0.0031895403310305093
"[""Wnt2b"",""Fzd1_Lrp6""]",0.9998835025182614,0.005501440844377179
"[""Wnt2b"",""Fzd2_Lrp5""]",0.999959790990853,0.0031932431282994814
"[""Wnt2b"",""Fzd2_Lrp6""]",0.9999477429329966,0.0036597631284211443
"[""Wnt2b"",""Fzd3_Lrp5""]",0.999959790990853,0.0031932431282994814
"[""Wnt2b"",""Fzd3_Lrp6""]",0.9999063336549384,0.005139095722447625
"[""Wnt2b"",""Fzd4_Lrp5""]",0.9999923646605918,0.0015049136013117208
"[""Wnt2b"",""Fzd4_Lrp6""]",0.9999914607913997,0.0015680177659272469
"[""Wnt2b"",""Fzd5_Lrp5""]",0.9998851643745974,0.005532745634800474
"[""Wnt2b"",""Fzd5_Lrp6""]",0.9998851643745974,0.005532745634800474
"[""Wnt2b"",""Fzd6_Lrp5""]",0.9995082427389014,0.012105662017228864
"[""Wnt2b"",""Fzd6_Lrp6""]",0.999464923653854,0.012408494318961356
"[""Wnt2b"",""Fzd7_Lrp5""]",0.9999597815236052,0.0031936318138934975
"[""Wnt2b"",""Fzd7_Lrp6""]",0.999951166787715,0.0035379455654774533
"[""Wnt2b"",""Fzd8_Lrp5""]",0.9999931336602237,0.0018287641577025265
"[""Wnt2b"",""Fzd8_Lrp6""]",0.9999925654969416,0.0018542934237668835
"[""Wnt2b"",""Fzd9_Lrp5""]",0.9999384399368855,0.004150689852767995
"[""Wnt2b"",""Fzd9_Lrp6""]",0.9999356797299613,0.004216337516075341
"[""Wnt3"",""Fzd10_Lrp5""]",0.998976127931444,0.017857382406742964
"[""Wnt3"",""Fzd10_Lrp6""]",0.9989701535347834,0.01759016005027372
"[""Wnt3"",""Fzd1_Lrp5""]",0.9997293345622454,0.00886669826507914
"[""Wnt3"",""Fzd1_Lrp6""]",0.99951133018169,0.012190741533020556
"[""Wnt3"",""Fzd2_Lrp5""]",0.9997291275411988,0.008868798641822356
"[""Wnt3"",""Fzd2_Lrp6""]",0.999661555168406,0.010097012686935879
"[""Wnt3"",""Fzd3_Lrp5""]",0.9997291275411988,0.008868798641822356
"[""Wnt3"",""Fzd3_Lrp6""]",0.9994690242953965,0.013520341216355763
"[""Wnt3"",""Fzd4_Lrp5""]",0.999904393044078,0.005484244695663651
"[""Wnt3"",""Fzd4_Lrp6""]",0.9999030638311865,0.005498912418069042
"[""Wnt3"",""Fzd5_Lrp5""]",0.9994988780681989,0.012765400344636937
"[""Wnt3"",""Fzd5_Lrp6""]",0.9994988780681989,0.012765400344636937
"[""Wnt3"",""Fzd6_Lrp5""]",0.9984944951552263,0.02316608021867768
"[""Wnt3"",""Fzd6_Lrp6""]",0.9982202412081046,0.024625135578344278
"[""Wnt3"",""Fzd7_Lrp5""]",0.999728900587454,0.00887336787316505
"[""Wnt3"",""Fzd7_Lrp6""]",0.999680443916381,0.009735618953910799
"[""Wnt3"",""Fzd8_Lrp5""]",0.999942964285905,0.004430045865807817
"[""Wnt3"",""Fzd8_Lrp6""]",0.9999444601879517,0.004327048324325813
"[""Wnt3"",""Fzd9_Lrp5""]",0.9996098911399492,0.011681580282256954
"[""Wnt3"",""Fzd9_Lrp6""]",0.9995908931361724,0.011707507373220809
"[""Wnt3a"",""Fzd10_Lrp5""]",0.9989099881751111,0.018297130370520946
"[""Wnt3a"",""Fzd10_Lrp6""]",0.9988613092495329,0.01819982466473865
"[""Wnt3a"",""Fzd1_Lrp5""]",0.9995663880085419,0.011079341194730875
"[""Wnt3a"",""Fzd1_Lrp6""]",0.9992520142122787,0.014778618631677468
"[""Wnt3a"",""Fzd2_Lrp5""]",0.9995665173855676,0.011074323368580387
"[""Wnt3a"",""Fzd2_Lrp6""]",0.999484159650376,0.012269668150963156
"[""Wnt3a"",""Fzd3_Lrp5""]",0.9995665173855676,0.011074323368580387
"[""Wnt3a"",""Fzd3_Lrp6""]",0.999161629205343,0.01642061581212778
"[""Wnt3a"",""Fzd4_Lrp5""]",0.9996579703453369,0.009924106217406132
"[""Wnt3a"",""Fzd4_Lrp6""]",0.9996561685051641,0.00993463173521414
"[""Wnt3a"",""Fzd5_Lrp5""]",0.9992248037113832,0.015089869857880349
"[""Wnt3a"",""Fzd5_Lrp6""]",0.9992248037113832,0.015089869857880349
"[""Wnt3a"",""Fzd6_Lrp5""]",0.9980447700445813,0.02499108429512568
"[""Wnt3a"",""Fzd6_Lrp6""]",0.997875434086506,0.02549292100584763
"[""Wnt3a"",""Fzd7_Lrp5""]",0.999565025844437,0.011096451598438492
"[""Wnt3a"",""Fzd7_Lrp6""]",0.9994981438563045,0.011975687518320437
"[""Wnt3a"",""Fzd8_Lrp5""]",0.9997780748006186,0.008004730130660576
"[""Wnt3a"",""Fzd8_Lrp6""]",0.9997792489148014,0.007951897335981565
"[""Wnt3a"",""Fzd9_Lrp5""]",0.9991948915270895,0.016203090905146662
"[""Wnt3a"",""Fzd9_Lrp6""]",0.9991750549653551,0.016185869385481003
"[""Wnt4"",""Fzd10_Lrp5""]",0.9986619903315914,0.021800682750865406
"[""Wnt4"",""Fzd10_Lrp6""]",0.9984203035011339,0.022640602895738354
"[""Wnt4"",""Fzd1_Lrp5""]",0.9996538139626292,0.0101822335380317
"[""Wnt4"",""Fzd1_Lrp6""]",0.9992647079215538,0.01507116605143139
"[""Wnt4"",""Fzd2_Lrp5""]",0.9996536091857335,0.010183226861393365
"[""Wnt4"",""Fzd2_Lrp6""]",0.9995861046651437,0.011292893784287076
"[""Wnt4"",""Fzd3_Lrp5""]",0.9996536091857335,0.010183226861393365
"[""Wnt4"",""Fzd3_Lrp6""]",0.9992422894186379,0.016612627271312932
"[""Wnt4"",""Fzd4_Lrp5""]",0.999777829961834,0.008189162120233755
"[""Wnt4"",""Fzd4_Lrp6""]",0.9997694031165235,0.008292977172869847
"[""Wnt4"",""Fzd5_Lrp5""]",0.999032770509251,0.017664175494579253
"[""Wnt4"",""Fzd5_Lrp6""]",0.999032770509251,0.017664175494579253
"[""Wnt4"",""Fzd6_Lrp5""]",0.9975686789939037,0.029527794838832236
"[""Wnt4"",""Fzd6_Lrp6""]",0.9971061936618553,0.031125974170902567
"[""Wnt4"",""Fzd7_Lrp5""]",0.9996530768143914,0.010192185314139918
"[""Wnt4"",""Fzd7_Lrp6""]",0.9995938125720931,0.011090807893784633
"[""Wnt4"",""Fzd8_Lrp5""]",0.9998804296365548,0.006066477099449787
"[""Wnt4"",""Fzd8_Lrp6""]",0.999880629863619,0.005984745800780334
"[""Wnt4"",""Fzd9_Lrp5""]",0.9991167451785731,0.018492975429745564
"[""Wnt4"",""Fzd9_Lrp6""]",0.9990712969917727,0.018522621893644654
"[""Wnt5a"",""Fzd1""]",0.9993415434909021,0.013199603916846629
"[""Wnt5a"",""Fzd10""]",0.9987872715520838,0.018322846018062597
"[""Wnt5a"",""Fzd2""]",0.9994000589041366,0.012602112543368372
"[""Wnt5a"",""Fzd3""]",0.9992189218843569,0.014869597880665731
"[""Wnt5a"",""Fzd4""]",0.999775987419,0.007594081978068413
"[""Wnt5a"",""Fzd5""]",0.9993071732902462,0.01370523612868904
"[""Wnt5a"",""Fzd6""]",0.998445107322038,0.021336552823583117
"[""Wnt5a"",""Fzd7""]",0.9995645423549282,0.01067625431034279
"[""Wnt5a"",""Fzd8""]",0.9998269987189407,0.006682592146696739
"[""Wnt5a"",""Fzd9""]",0.999296928738561,0.01381175113299579
"[""Wnt5a"",""Mcam""]",0.9989458188519721,0.01712753173317601
"[""Wnt5b"",""Fzd1""]",0.9999379166336692,0.004005753555148992
"[""Wnt5b"",""Fzd10""]",0.9997502832683419,0.00823103399511118
"[""Wnt5b"",""Fzd2""]",0.9999628580665653,0.0031083440332288674
"[""Wnt5b"",""Fzd3""]",0.9999328137797595,0.004375715426284805
"[""Wnt5b"",""Fzd4""]",0.9999946311001587,0.0015127213921867877
"[""Wnt5b"",""Fzd5""]",0.9999449805898155,0.003887825187036984
"[""Wnt5b"",""Fzd6""]",0.9996727552416484,0.009694897006990564
"[""Wnt5b"",""Fzd7""]",0.9999785953319127,0.002345670027030217
"[""Wnt5b"",""Fzd8""]",0.9999854560212542,0.0024253931460633846
"[""Wnt5b"",""Fzd9""]",0.999975342292768,0.0026701375862062185
"[""Wnt6"",""Fzd10_Lrp5""]",0.9983289699588624,0.024258906677342675
"[""Wnt6"",""Fzd10_Lrp6""]",0.9980475818009423,0.025176239445938737
"[""Wnt6"",""Fzd1_Lrp5""]",0.9994556374954198,0.012816431786502328
"[""Wnt6"",""Fzd1_Lrp6""]",0.998928919083803,0.018276064079113356
"[""Wnt6"",""Fzd2_Lrp5""]",0.9994555062095163,0.012815606521150925
"[""Wnt6"",""Fzd2_Lrp6""]",0.9993443054713443,0.014303821484187036
"[""Wnt6"",""Fzd3_Lrp5""]",0.9994555062095163,0.012815606521150925
"[""Wnt6"",""Fzd3_Lrp6""]",0.9989350678640739,0.019660539870954844
"[""Wnt6"",""Fzd4_Lrp5""]",0.9996107099076147,0.01091154057231143
"[""Wnt6"",""Fzd4_Lrp6""]",0.9996017856312069,0.010982675671634115
"[""Wnt6"",""Fzd5_Lrp5""]",0.9985574152138537,0.02192256764614338
"[""Wnt6"",""Fzd5_Lrp6""]",0.9985574152138537,0.02192256764614338
"[""Wnt6"",""Fzd6_Lrp5""]",0.9970674043685319,0.032482145437489375
"[""Wnt6"",""Fzd6_Lrp6""]",0.9965063285987061,0.034096625281879206
"[""Wnt6"",""Fzd7_Lrp5""]",0.9994545728795975,0.012827887589598682
"[""Wnt6"",""Fzd7_Lrp6""]",0.9993565411883832,0.014017645915399262
"[""Wnt6"",""Fzd8_Lrp5""]",0.9997548150669424,0.008777654444343573
"[""Wnt6"",""Fzd8_Lrp6""]",0.999754371433428,0.008687096385520954
"[""Wnt6"",""Fzd9_Lrp5""]",0.9987749219404476,0.0217134084495032
"[""Wnt6"",""Fzd9_Lrp6""]",0.998717798655348,0.021721907554731176
"[""Wnt7a"",""Fzd10_Lrp5""]",0.9985920113528738,0.022385230034870543
"[""Wnt7a"",""Fzd10_Lrp6""]",0.9986702650527951,0.0211818009176519
"[""Wnt7a"",""Fzd1_Lrp5""]",0.9995469932087381,0.012452432625482611
"[""Wnt7a"",""Fzd1_Lrp6""]",0.9991294745894669,0.01801949942959103
"[""Wnt7a"",""Fzd2_Lrp5""]",0.9995466145252102,0.012450763542154996
"[""Wnt7a"",""Fzd2_Lrp6""]",0.9994932432845749,0.013742782154238777
"[""Wnt7a"",""Fzd3_Lrp5""]",0.9995466145252102,0.012450763542154996
"[""Wnt7a"",""Fzd3_Lrp6""]",0.9991454236839338,0.019675626955176995
"[""Wnt7a"",""Fzd4_Lrp5""]",0.99971181721538,0.010214810746572388
"[""Wnt7a"",""Fzd4_Lrp6""]",0.9996949031717288,0.010385106482837672
"[""Wnt7a"",""Fzd5_Lrp5""]",0.9988616327791007,0.020442580200905325
"[""Wnt7a"",""Fzd5_Lrp6""]",0.9988616327791007,0.020442580200905325
"[""Wnt7a"",""Fzd6_Lrp5""]",0.9972572212885625,0.03707423015638618
"[""Wnt7a"",""Fzd6_Lrp6""]",0.9963991134515421,0.04015172299573221
"[""Wnt7a"",""Fzd7_Lrp5""]",0.9995459188987867,0.012466908945513954
"[""Wnt7a"",""Fzd7_Lrp6""]",0.9994498838694147,0.013936260076046167
"[""Wnt7a"",""Fzd8_Lrp5""]",0.9998565195151318,0.007298781390387593
"[""Wnt7a"",""Fzd8_Lrp6""]",0.9998561945604272,0.007195459431463864
"[""Wnt7a"",""Fzd9_Lrp5""]",0.9992514956387792,0.01892523954329082
"[""Wnt7a"",""Fzd9_Lrp6""]",0.9992012913953823,0.018968176556740542
"[""Wnt7b"",""Fzd10_Lrp5""]",0.998927328816094,0.01899565689350646
"[""Wnt7b"",""Fzd10_Lrp6""]",0.9990074042776435,0.01787188066667354
"[""Wnt7b"",""Fzd1_Lrp5""]",0.9996800841813513,0.01016300416804039
"[""Wnt7b"",""Fzd1_Lrp6""]",0.9993770710576854,0.014736638549668241
"[""Wnt7b"",""Fzd2_Lrp5""]",0.9996799007175956,0.01016197130889529
"[""Wnt7b"",""Fzd2_Lrp6""]",0.9996373297227904,0.011236899794580459
"[""Wnt7b"",""Fzd3_Lrp5""]",0.9996799007175956,0.01016197130889529
"[""Wnt7b"",""Fzd3_Lrp6""]",0.9993334818997046,0.016527752368859065
"[""Wnt7b"",""Fzd4_Lrp5""]",0.9998255264585216,0.0076144024713596815
"[""Wnt7b"",""Fzd4_Lrp6""]",0.9998134321072465,0.007780301165585958
"[""Wnt7b"",""Fzd5_Lrp5""]",0.9992850677206649,0.015453015770912128
"[""Wnt7b"",""Fzd5_Lrp6""]",0.9992850677206649,0.015453015770912128
"[""Wnt7b"",""Fzd6_Lrp5""]",0.9978863490209822,0.030610618159292953
"[""Wnt7b"",""Fzd6_Lrp6""]",0.9973856434487315,0.03239249581263854
"[""Wnt7b"",""Fzd7_Lrp5""]",0.9996793386794256,0.01017440688451945
"[""Wnt7b"",""Fzd7_Lrp6""]",0.9996178359419664,0.011256650557216839
"[""Wnt7b"",""Fzd8_Lrp5""]",0.9999187140067896,0.00527143440920096
"[""Wnt7b"",""Fzd8_Lrp6""]",0.9999185078863398,0.005188963441413162
"[""Wnt7b"",""Fzd9_Lrp5""]",0.9994161099665381,0.0156692639443955
"[""Wnt7b"",""Fzd9_Lrp6""]",0.9993849356622436,0.015708605648749586
"[""Wnt8a"",""Fzd10_Lrp5""]",0.9996055897594109,0.010805918414268216
"[""Wnt8a"",""Fzd10_Lrp6""]",0.9996059472937129,0.01061182692367266
"[""Wnt8a"",""Fzd1_Lrp5""]",0.9998696168539171,0.005787448908590895
"[""Wnt8a"",""Fzd1_Lrp6""]",0.9997396254490789,0.008295194152171203
"[""Wnt8a"",""Fzd2_Lrp5""]",0.9998694898325715,0.0057899274827449745
"[""Wnt8a"",""Fzd2_Lrp6""]",0.9998382056515097,0.0064904649918114034
"[""Wnt8a"",""Fzd3_Lrp5""]",0.9998694898325715,0.0057899274827449745
"[""Wnt8a"",""Fzd3_Lrp6""]",0.9997491331597759,0.0083783222667403
"[""Wnt8a"",""Fzd4_Lrp5""]",0.999911713529836,0.004744838341830149
"[""Wnt8a"",""Fzd4_Lrp6""]",0.9999109928848069,0.004759042619430795
"[""Wnt8a"",""Fzd5_Lrp5""]",0.9997547683224063,0.008040027434394718
"[""Wnt8a"",""Fzd5_Lrp6""]",0.9997547683224063,0.008040027434394718
"[""Wnt8a"",""Fzd6_Lrp5""]",0.9992287984074141,0.015244851200241874
"[""Wnt8a"",""Fzd6_Lrp6""]",0.9991963014681385,0.015131632587224433
"[""Wnt8a"",""Fzd7_Lrp5""]",0.9998691583778307,0.005797180404326866
"[""Wnt8a"",""Fzd7_Lrp6""]",0.9998508662931856,0.006221751336809723
"[""Wnt8a"",""Fzd8_Lrp5""]",0.9999581680223334,0.0032628645287923657
"[""Wnt8a"",""Fzd8_Lrp6""]",0.9999590404330924,0.0032167414138774297
"[""Wnt8a"",""Fzd9_Lrp5""]",0.9997674080695725,0.007943637255247282
"[""Wnt8a"",""Fzd9_Lrp6""]",0.9997634572669568,0.007959462855881772
"[""Wnt8b"",""Fzd10_Lrp5""]",0.9995801549491431,0.011466497032325754
"[""Wnt8b"",""Fzd10_Lrp6""]",0.9995472657815249,0.01132105977193831
"[""Wnt8b"",""Fzd1_Lrp5""]",0.9999472414515403,0.0037361939915184815
"[""Wnt8b"",""Fzd1_Lrp6""]",0.9998846522718325,0.005607804502260639
"[""Wnt8b"",""Fzd2_Lrp5""]",0.9999470940871076,0.003741172196761384
"[""Wnt8b"",""Fzd2_Lrp6""]",0.9999342701667799,0.004202049167382581
"[""Wnt8b"",""Fzd3_Lrp5""]",0.9999470940871076,0.003741172196761384
"[""Wnt8b"",""Fzd3_Lrp6""]",0.9998194885163489,0.007357490984317175
"[""Wnt8b"",""Fzd4_Lrp5""]",0.9999967797343268,0.0013718651618823976
"[""Wnt8b"",""Fzd4_Lrp6""]",0.9999965258948734,0.0013873701932242924
"[""Wnt8b"",""Fzd5_Lrp5""]",0.9999136344883778,0.004933809965651312
"[""Wnt8b"",""Fzd5_Lrp6""]",0.9999136344883778,0.004933809965651312
"[""Wnt8b"",""Fzd6_Lrp5""]",0.9993993007674586,0.013798426192517045
"[""Wnt8b"",""Fzd6_Lrp6""]",0.9993487981274239,0.013907731905906646
"[""Wnt8b"",""Fzd7_Lrp5""]",0.9999471153195172,0.0037404748119522465
"[""Wnt8b"",""Fzd7_Lrp6""]",0.9999332841722304,0.0042242620890538774
"[""Wnt8b"",""Fzd8_Lrp5""]",0.9999978179031345,0.0014441160875663034
"[""Wnt8b"",""Fzd8_Lrp6""]",0.9999978465761298,0.0014201243032702252
"[""Wnt8b"",""Fzd9_Lrp5""]",0.9999234634284219,0.004702202915887406
"[""Wnt8b"",""Fzd9_Lrp6""]",0.9999200157703265,0.00474130332624502
"[""Wnt9a"",""Fzd10_Lrp5""]",0.9996466602144058,0.009938347866330686
"[""Wnt9a"",""Fzd10_Lrp6""]",0.9995719992575556,0.010887482197015075
"[""Wnt9a"",""Fzd1_Lrp5""]",0.9999659578172351,0.002953903117738829
"[""Wnt9a"",""Fzd1_Lrp6""]",0.9998851741710131,0.005506125385723783
"[""Wnt9a"",""Fzd2_Lrp5""]",0.9999658864021169,0.0029569235984089905
"[""Wnt9a"",""Fzd2_Lrp6""]",0.9999578871975136,0.0033059816826508538
"[""Wnt9a"",""Fzd3_Lrp5""]",0.9999658864021169,0.0029569235984089905
"[""Wnt9a"",""Fzd3_Lrp6""]",0.999903253900204,0.005297190683238336
"[""Wnt9a"",""Fzd4_Lrp5""]",0.9999962843150906,0.0011379290403532693
"[""Wnt9a"",""Fzd4_Lrp6""]",0.99999557065571,0.0012029284567419772
"[""Wnt9a"",""Fzd5_Lrp5""]",0.9998853106022472,0.005492661036210749
"[""Wnt9a"",""Fzd5_Lrp6""]",0.9998853106022472,0.005492661036210749
"[""Wnt9a"",""Fzd6_Lrp5""]",0.9994626944540886,0.012771498991358
"[""Wnt9a"",""Fzd6_Lrp6""]",0.9994189855376647,0.013011849630797205
"[""Wnt9a"",""Fzd7_Lrp5""]",0.9999658699607972,0.0029575527176249525
"[""Wnt9a"",""Fzd7_Lrp6""]",0.99995428659458,0.003444707065609773
"[""Wnt9a"",""Fzd8_Lrp5""]",0.9999933825943232,0.0018358789699994338
"[""Wnt9a"",""Fzd8_Lrp6""]",0.9999927150749579,0.0018729021383124965
"[""Wnt9a"",""Fzd9_Lrp5""]",0.9999537864232563,0.003614416234167812
"[""Wnt9a"",""Fzd9_Lrp6""]",0.999951988707092,0.003658306566497279
"[""Wnt9b"",""Fzd10_Lrp5""]",0.9989853378559537,0.01753993312251365
"[""Wnt9b"",""Fzd10_Lrp6""]",0.9989036672549644,0.017938480605900094
"[""Wnt9b"",""Fzd1_Lrp5""]",0.9996685791228627,0.009497010299417234
"[""Wnt9b"",""Fzd1_Lrp6""]",0.9993757585257768,0.013264483245666573
"[""Wnt9b"",""Fzd2_Lrp5""]",0.9996685235040099,0.009496860942732686
"[""Wnt9b"",""Fzd2_Lrp6""]",0.9995954435030806,0.010592628078902617
"[""Wnt9b"",""Fzd3_Lrp5""]",0.9996685235040099,0.009496860942732686
"[""Wnt9b"",""Fzd3_Lrp6""]",0.9993755302219722,0.013962572677778964
"[""Wnt9b"",""Fzd4_Lrp5""]",0.9997841023517687,0.00768736397548308
"[""Wnt9b"",""Fzd4_Lrp6""]",0.9997818091498146,0.007710324696936607
"[""Wnt9b"",""Fzd5_Lrp5""]",0.9992982486046802,0.014253622941349877
"[""Wnt9b"",""Fzd5_Lrp6""]",0.9992982486046802,0.014253622941349877
"[""Wnt9b"",""Fzd6_Lrp5""]",0.9982691584427084,0.023553304302531962
"[""Wnt9b"",""Fzd6_Lrp6""]",0.9981115152583697,0.024186555618969985
"[""Wnt9b"",""Fzd7_Lrp5""]",0.9996680102636424,0.009504666681029124
"[""Wnt9b"",""Fzd7_Lrp6""]",0.9996279979463147,0.01013558491278962
"[""Wnt9b"",""Fzd8_Lrp5""]",0.9998683884843408,0.00604306359165855
"[""Wnt9b"",""Fzd8_Lrp6""]",0.9998700083731253,0.005966756977656001
"[""Wnt9b"",""Fzd9_Lrp5""]",0.9993428674678445,0.01411225767556707
"[""Wnt9b"",""Fzd9_Lrp6""]",0.9993291516436528,0.01411985380960658
