,0.0,0.5,1.0,1.5,2.0,2.5,3.0
Adcyap1_Adcyap1r1,0.6869037906321478,1.0,0.7435430314781322,0.5824753394039807,0.42483978718798454,0.14219319986458806,0.0
Adgre5_Cd55b,1.0,0.478952464910214,0.1677264792827431,0.07206827806485021,0.030728264051704795,0.0,0.004772769312115788
Adipoq_Adipor1,1.0,0.5466923559408634,0.23400200036781868,0.13295462565245456,0.06067388835323943,0.010842833118813643,0.0
Adipoq_Adipor2,1.0,0.5912067630343567,0.2584558074591994,0.14437854579967643,0.0717099360131729,0.014665123858136855,0.0
Adm_Calcr,1.0,0.8940759097283377,0.5051471757633348,0.37202543577596703,0.2473192236350501,0.08303650777511405,0.0
Adm_Calcrl,1.0,0.5112227589253289,0.20094290009108814,0.11493164610549783,0.06270178323646337,0.020712344523579243,0.0
Agrn_Dag1,1.0,0.6521339519231323,0.2846600730485957,0.16307889824037683,0.0916122158444856,0.019021681923197288,0.0
Agt_Agtr1a,1.0,0.7105147353407268,0.4033761519484308,0.35695501007138764,0.1501953424155426,0.0,0.0010431595209096515
Agt_Agtr1b,1.0,0.6755343212896637,0.3194529005054781,0.30277111243384575,0.13994273439527335,0.0,0.08662035053147242
Agt_Mas1,1.0,0.7840194459745659,0.4387967609976859,0.36998517768704425,0.20185515833047774,0.04087639228259834,0.0
Alcam_Cd6,1.0,0.49033810107514547,0.17999505108004404,0.0782614237597232,0.03237679236342145,0.0,0.003926941452330343
Amh_Amhr2_Acvr1,1.0,0.4138106474201748,0.1387174781664013,0.05678438167464282,0.021526403498041944,0.0034290454313360944,0.0
Amh_Amhr2_Bmpr1a,1.0,0.4138106474201748,0.1387174781664013,0.05678438167464282,0.021526403498041944,0.0034290454313360944,0.0
Angpt1_Tek,1.0,0.489700800106555,0.1770142426622464,0.08902633368203106,0.04222755792125457,0.010134919352648661,0.0
Angpt2_Itga5_Itgb1,1.0,0.5061404642724859,0.20376420046676413,0.11044662887668731,0.05924877482162183,0.019473160299034994,0.0
Angpt2_Tek,1.0,0.5364544693122724,0.22370229080525364,0.12883333254524823,0.07220152688332829,0.02353938569192802,0.0
Angptl1_Itga1_Itgb1,1.0,0.507925813470021,0.20301909256421938,0.11534854710500947,0.06550884433074841,0.024066734086136247,0.0
Angptl1_Pirb,1.0,0.5866153575515173,0.2617288996020651,0.1585243502743978,0.09337893688643992,0.03415340733071819,0.0
Angptl2_Itga5_Itgb1,1.0,0.5072392972914705,0.2040369381136082,0.1143588259232468,0.06257770203187435,0.02075591150679615,0.0
Angptl2_Pirb,1.0,0.643006043234167,0.3084335480858306,0.20171481664255753,0.11865029164240325,0.038240867353791216,0.0
Angptl2_Tlr4,1.0,0.6246902452018087,0.2889140134127369,0.186217390682105,0.11147016364059213,0.03875571617983687,0.0
Angptl3_Itgav_Itgb3,1.0,0.5291975373988265,0.25214483043435576,0.1820455050942534,0.06630848689847867,0.0,0.023946835538360745
Angptl4_Cdh11,1.0,0.4146677270289622,0.1520128262456342,0.06980797435704635,0.033408283253322964,0.006821727153807139,0.0
Angptl4_Cdh5,1.0,0.5502926855221175,0.24547578226336877,0.14455247572341706,0.08371172751496146,0.02641787192254505,0.0
Angptl4_Itga5_Itgb1,1.0,0.5212045695998747,0.2155227445471562,0.11840570603035133,0.06414504884689097,0.019593416509667047,0.0
Angptl4_Itgav_Itgb3,1.0,0.552150776352042,0.2405006010451956,0.14368648460198252,0.07701937569622715,0.01765508885680572,0.0
Angptl4_Sdc1,1.0,0.5469476708842671,0.23421936980914085,0.12740717268196633,0.06846282582732836,0.017809525385688366,0.0
Angptl4_Sdc2,1.0,0.49141987452100794,0.19836823219644092,0.10149073278129787,0.05212751369492843,0.013191121230264412,0.0
Angptl4_Sdc3,1.0,0.904496786227532,0.5030138893623304,0.3468687209896212,0.2209257589726907,0.06756572630910801,0.0
Angptl4_Sdc4,1.0,0.7161685923583463,0.35388136313736135,0.23045011536279417,0.1356333772067462,0.0374223412354595,0.0
Angptl7_Pirb,1.0,0.759700184981907,0.41925719240395337,0.3409428294627447,0.23062063026759158,0.08969516725788096,0.0
Anxa1_Fpr1,0.8743819100996119,1.0,0.5464548750205379,0.44089140757991646,0.2910455126019054,0.06271475362201054,0.0
Anxa1_Fpr2,0.7707166326584897,1.0,0.49572123493944154,0.49564234254348394,0.32498854105086034,0.02064423777632271,0.0
Anxa1_Fpr2_Fpr3,0.7707166326584897,1.0,0.49572123493944154,0.49564234254348394,0.32498854105086034,0.02064423777632271,0.0
Apela_Aplnr,1.0,0.5316515576567477,0.21906913124121793,0.11783497662870128,0.061790712818992566,0.01852689279242599,0.0
Apln_Aplnr,1.0,0.588354169411334,0.2717735731690151,0.16047800365066367,0.09531153141566631,0.0320728275285294,0.0
App_Cd74,1.0,0.8022290104577983,0.42807801519277117,0.2930243550651955,0.18549855462310536,0.07157629300080891,0.0
Areg_Egfr,1.0,0.6630669191601625,0.27360306158773323,0.13583016136022139,0.06994800258396792,0.013829394934681546,0.0
Areg_Egfr_Erbb2,1.0,0.8770360348044439,0.4342892193922336,0.23959940661315743,0.12621719518384486,0.025075898640030618,0.0
Artn_Gfra1_Ret,0.9897258106915741,1.0,0.5003305286688663,0.30098747370670365,0.16119063490568167,0.006445444315044322,0.0
Artn_Gfra3_Ret,1.0,0.5811039853679484,0.2237053358308617,0.10401492767072845,0.045729651212233546,0.0034838177850160476,0.0
Avp_Avpr1a,1.0,0.8843656315448174,0.6661229190604673,0.590747133899558,0.4378811054159325,0.17515749390701416,0.0
Bdnf_Ntrk2,1.0,0.5885012875001744,0.25549266860571823,0.1380800129951055,0.07756225864580842,0.02246358408576037,0.0
Bmp10_Acvrl1_Acvr2a,1.0,0.6088800526603232,0.21948526178225097,0.14748057442598395,0.07884877645963088,0.024923920711301808,0.0
Bmp10_Acvrl1_Bmpr2,1.0,0.6088800526603232,0.21948526178225097,0.14748057442598395,0.07884877645963088,0.024923920711301808,0.0
Bmp2_Bmpr1a_Acvr2a,1.0,0.546259100035206,0.22587813943236718,0.12315475466170593,0.06615501403194124,0.018859257855993294,0.0
Bmp2_Bmpr1a_Acvr2b,1.0,0.5068545509848045,0.19654651854127742,0.0955170235164184,0.04526124950985897,0.010080063124050015,0.0
Bmp2_Bmpr1a_Bmpr2,1.0,0.4889503795351991,0.18608985324554014,0.09175865110091977,0.04457945112844718,0.011532904118953129,0.0
Bmp2_Bmpr1b_Acvr2a,1.0,0.5358559221983787,0.2126331192937986,0.09841948696893695,0.04469574551521928,0.01072094660125701,0.0
Bmp2_Bmpr1b_Acvr2b,1.0,0.5040760043736587,0.19200169833260844,0.09053571116113615,0.040543431067948915,0.008239542253043457,0.0
Bmp2_Bmpr1b_Bmpr2,1.0,0.4144840296460519,0.13728213334626524,0.05794702612786943,0.02461479890436404,0.005610368639565181,0.0
Bmp4_Bmpr1a_Acvr2a,1.0,0.43099358643696806,0.14938516240862942,0.06298316349655499,0.02650334686205067,0.0043397156923713105,0.0
Bmp4_Bmpr1a_Acvr2b,1.0,0.39979751007471986,0.12935839106482472,0.049127941344982176,0.017970326113535537,0.0014057884816579516,0.0
Bmp4_Bmpr1a_Bmpr2,1.0,0.38994974988098613,0.12602967332774942,0.04962495338670936,0.019702376041143114,0.00316352303326537,0.0
Bmp4_Bmpr1b_Acvr2a,1.0,0.42306742609299186,0.13991972157209467,0.05256147899876356,0.01972438213329809,0.002933514798823129,0.0
Bmp4_Bmpr1b_Acvr2b,1.0,0.39825485350475937,0.1274266212372269,0.04770381424307333,0.016859892644554765,0.0011318172115050958,0.0
Bmp4_Bmpr1b_Bmpr2,1.0,0.3313174532057373,0.09259361808929778,0.032325546143450325,0.01152991569753824,0.0016099456307712536,0.0
Bmp5_Acvr1_Acvr2a,1.0,0.4028210452086947,0.13203138020233013,0.0564761030330085,0.02467727802756287,0.00622158499796359,0.0
Bmp5_Acvr1_Acvr2b,1.0,0.4190624748258321,0.1385569744574165,0.056141765722529394,0.022541375292665464,0.004434357155806491,0.0
Bmp5_Acvr1_Bmpr2,1.0,0.3916391972512136,0.12775696080504972,0.054647730490684374,0.023878369194591097,0.006020165732661879,0.0
Bmp5_Bmpr1a_Acvr2a,1.0,0.4526748301334775,0.1620173522449648,0.07312058256446502,0.03321085722115792,0.008168783329027937,0.0
Bmp5_Bmpr1a_Acvr2b,1.0,0.41989669705388627,0.14030343483351895,0.05712356856290079,0.022895723817834585,0.004166283294899781,0.0
Bmp5_Bmpr1a_Bmpr2,1.0,0.40422189847617,0.13342597441653534,0.05569159792871011,0.023434249385920387,0.005338703901067355,0.0
Bmp5_Bmpr1b_Acvr2a,1.0,0.44508340779166866,0.15224636964247892,0.06061286749902078,0.024173277948401333,0.005235902051015956,0.0
Bmp5_Bmpr1b_Acvr2b,1.0,0.4179860610407818,0.13783742271759045,0.05512461296035619,0.021263554931309346,0.003619919400160913,0.0
Bmp5_Bmpr1b_Bmpr2,1.0,0.34209393236982105,0.0964990352439417,0.03516463847791817,0.013161495126526037,0.0027119373527637438,0.0
Bmp6_Acvr1_Acvr2a,1.0,0.452792575771376,0.16618288573220014,0.07837154808766768,0.037110092129380566,0.008128422897379615,0.0
Bmp6_Acvr1_Acvr2b,1.0,0.4571304873722681,0.16631697978659776,0.07349180539895044,0.03141705852184847,0.0034160166619649724,0.0
Bmp6_Acvr1_Bmpr2,1.0,0.4400930555105095,0.16041748207688272,0.07565259416033211,0.03582262705817775,0.007846422504390665,0.0
Bmp6_Bmpr1a_Acvr2a,1.0,0.49459544700564184,0.19647301618748225,0.09990792023839527,0.050259182667336956,0.008990591789645057,0.0
Bmp6_Bmpr1a_Acvr2b,1.0,0.4609841908551681,0.17284497235098437,0.0776772298421222,0.03300805953322709,0.0023444018296921738,0.0
Bmp6_Bmpr1a_Bmpr2,1.0,0.45037400108905856,0.16506537556898154,0.07530675125007391,0.03370991879026184,0.0058518792929505995,0.0
Bmp6_Bmpr1b_Acvr2a,1.0,0.48641758114052125,0.1821454009530608,0.0771111780436765,0.03112470049004585,0.004195434423020592,0.0
Bmp6_Bmpr1b_Acvr2b,1.0,0.4551330022589587,0.16463316181793855,0.06966787320014274,0.026094577422293656,0.0,1.867000734289206e-05
Bmp6_Bmpr1b_Bmpr2,1.0,0.39724899922337287,0.12864705840967958,0.05052739744187027,0.019160600382680748,0.00240494748727603,0.0
Bmp7_Acvr1_Acvr2a,1.0,0.4689192887696457,0.1725135082697348,0.082890640397137,0.04004424570720447,0.009654455456851117,0.0
Bmp7_Acvr1_Acvr2b,1.0,0.4726896921497539,0.17324302363514468,0.07823151653710277,0.03473574335751013,0.00537899780804715,0.0
Bmp7_Acvr1_Bmpr2,1.0,0.4548013818448117,0.16589143464552505,0.07970881464347204,0.03850711423292922,0.009283861203229195,0.0
Bmp7_Bmpr1a_Acvr2a,1.0,0.513335595452802,0.2050429466499891,0.10605978700165249,0.05480242174023114,0.011918907461553952,0.0
Bmp7_Bmpr1a_Acvr2b,1.0,0.4753611618757738,0.1786194994186323,0.0818657591326795,0.03621196076325292,0.004609807655738096,0.0
Bmp7_Bmpr1a_Bmpr2,1.0,0.46742033986864623,0.17213963982524627,0.0801391807911613,0.03687513651861512,0.007515653304851068,0.0
Bmp7_Bmpr1b_Acvr2a,1.0,0.5010380578796737,0.18957518786484912,0.08149884721493988,0.03415685666536428,0.005804268846470245,0.0
Bmp7_Bmpr1b_Acvr2b,1.0,0.4704283274686779,0.1715184137810394,0.07482912425880586,0.030127625338420547,0.0024741064986002997,0.0
Bmp7_Bmpr1b_Bmpr2,1.0,0.40753339523790666,0.13249269552586776,0.05292188725492803,0.020951163275706723,0.0033573858421557176,0.0
Bmp8a_Acvr1_Acvr2a,1.0,0.4904717977268982,0.1735127102080934,0.07287552846037161,0.028383504248853806,0.0005832996391036847,0.0
Bmp8a_Acvr1_Acvr2b,1.0,0.49626990038618446,0.17621460460814403,0.06934698342562814,0.025123701855582773,0.0,0.007612570782220333
Bmp8a_Acvr1_Bmpr2,1.0,0.47690469113282563,0.16751096864156875,0.07035479042441728,0.02740172915554984,0.0005631235166424028,0.0
Bmp8a_Bmpr1a_Acvr2a,1.0,0.5340073578490664,0.20012106284431527,0.08718157864722238,0.03599984716599596,0.0,0.0067170870962937725
Bmp8a_Bmpr1a_Acvr2b,1.0,0.49097097992374583,0.17832568109703587,0.07124376472307051,0.025999938581393357,0.0,0.00970248539414451
Bmp8a_Bmpr1a_Bmpr2,1.0,0.4927905666219508,0.17663306190475137,0.07217209121314418,0.026727204510973476,0.0,0.0023756147334222707
Bmp8a_Bmpr1b_Acvr2a,1.0,0.5301221593632732,0.1990922823137046,0.0771813802614237,0.026876243508718287,0.0,0.002589795172079209
Bmp8a_Bmpr1b_Acvr2b,1.0,0.4883995299706078,0.17384826507856407,0.0674883212624562,0.02306200502791961,0.0,0.010357231759765823
Bmp8a_Bmpr1b_Bmpr2,1.0,0.4350148746594709,0.14032934956345355,0.05094662128829892,0.016718919396676937,0.0,0.0015814028993961934
Bmp8b_Acvr1_Acvr2a,1.0,0.6395478250711678,0.2876316223869541,0.1591211895077492,0.08643517520579369,0.02532447975357226,0.0
Bmp8b_Acvr1_Acvr2b,1.0,0.6485118458985766,0.29219010444652965,0.1550537696598479,0.08123822663497106,0.019825482832772676,0.0
Bmp8b_Acvr1_Bmpr2,1.0,0.6247165500935018,0.27949466428338066,0.1546197287793684,0.08398996631850941,0.024608062591093546,0.0
Bmp8b_Bmpr1a_Acvr2a,1.0,0.7119443180641389,0.3527470402827548,0.2162268068482971,0.12920892694994546,0.037203971400715456,0.0
Bmp8b_Bmpr1a_Acvr2b,1.0,0.6388227687325232,0.29534889222407723,0.1590124426629711,0.08255957457273144,0.018204231280459796,0.0
Bmp8b_Bmpr1a_Bmpr2,1.0,0.6433536111148611,0.29171533288493134,0.15648871088749727,0.08153502315250014,0.021770534436851924,0.0
Bmp8b_Bmpr1b_Acvr2a,1.0,0.6895409065472878,0.3212700497659774,0.15791617628788623,0.07496928760448207,0.017780743649933064,0.0
Bmp8b_Bmpr1b_Acvr2b,1.0,0.6305880953595957,0.27975469792741936,0.1415097654608331,0.06764721009055133,0.012568597538218793,0.0
Bmp8b_Bmpr1b_Bmpr2,1.0,0.5545879384144355,0.2158797628850619,0.09808454149390627,0.04392128780885894,0.010047608269812717,0.0
Btc_Egfr,1.0,0.48903572708503495,0.1750112934710216,0.08373244070580334,0.03935623256092,0.008820891476344728,0.0
Btc_Egfr_Erbb2,1.0,0.6632605252142217,0.28255053364435717,0.14653368152499022,0.07007295783422299,0.015757162583546053,0.0
Btc_Erbb2_Erbb4,1.0,0.6722865193643107,0.29403583886088613,0.18061082347130605,0.09993377870194195,0.021749875778180695,0.0
Btc_Erbb4,1.0,0.5361180301152949,0.19452813122288265,0.09662716536372504,0.04722081837384472,0.011092349014958211,0.0
Btla_Tnfrsf14,1.0,0.4796285808354347,0.17803697995977236,0.09089562398998156,0.033876662790990594,0.0,0.011892124234831927
C3_C3ar1,0.9123337235451922,1.0,0.7819220055780709,0.8230925043873167,0.4936686687299015,0.1540443359004894,0.0
C3_Cr2,1.0,0.6359748979848522,0.3144046094393091,0.21049476868127961,0.07842199472793261,0.0,0.04517635666655572
C3_Itgam_Itgb2,1.0,0.7487783346870407,0.491514062951041,0.44476904181053073,0.1746751883610606,0.0,0.012001637043079421
C3_Itgax_Itgb2,1.0,0.7233016340830699,0.4398304829691521,0.4181034697269609,0.1728071598653026,0.0,0.02661341648060827
C4b_Cr2,1.0,0.7342453632188876,0.3437424832906192,0.19971267681782412,0.08130019175829901,0.0,0.031189390567527273
Cadm1_Cadm1,1.0,0.44465802593490417,0.14674403659452132,0.049710706092866506,0.01811341271067294,0.0,0.02074466089236458
Cadm3_Cadm3,0.0,0.9730431519177927,1.0,0.9840006051653316,0.8476832924783383,0.4224356692298833,0.23674256690190368
Calca_Calcr,1.0,0.7367847802280251,0.391853222312774,0.24504592578722578,0.15530730350414726,0.04758482931647936,0.0
Calca_Calcrl,1.0,0.45012609249963126,0.17484386132597782,0.08849730012276366,0.04724579008676462,0.01464252618501555,0.0
Calcb_Calcr,0.7230558523560889,1.0,0.7412191648302722,0.6235477210788878,0.4949487348405738,0.182736552163834,0.0
Calcb_Calcrl,1.0,0.6509263576046777,0.3301338035407738,0.20642491534206503,0.13094028856656909,0.046870072806856934,0.0
Cck_Cckar,1.0,0.9001596685881542,0.5296645404186625,0.41076137203292035,0.2798197346835083,0.09392965293030836,0.0
Cck_Cckbr,0.9177082075804416,1.0,0.5543722649229954,0.40910356693963973,0.290237073129761,0.08895589514294724,0.0
Ccl1_Ackr1,0.0,1.0,0.5510241226679773,0.3867160427815176,0.269295705445602,0.02531562888345713,0.12154679513314672
Ccl1_Ackr4,1.0,0.6753876277165597,0.31430196068481703,0.2065841847045467,0.13961115933478266,0.05114189064649503,0.0
Ccl11_Ackr1,0.12414954102871767,1.0,0.790084571541707,0.7566465877571127,0.5707428487798555,0.20364020242339104,0.0
Ccl11_Ackr2,1.0,0.756617234567895,0.43546354816753297,0.32303337915546904,0.2244728901271113,0.08995418576745395,0.0
Ccl12_Ccr2,1.0,0.8183801083070686,0.5332648014566905,0.45725060600882483,0.3193448083120069,0.13440119608510223,0.0
Ccl17_Ackr1,0.31669000618848725,1.0,0.765902404935849,0.73629868711928,0.5073525902474312,0.152236604642126,0.0
Ccl17_Ackr2,1.0,0.7641998325336614,0.4363377207120434,0.3303797851199727,0.21810300562881693,0.07977714176327119,0.0
Ccl17_Ccr4,1.0,0.5384379845815099,0.20924298309893588,0.09989077799697872,0.03834865519932361,0.0,0.0007626315508578465
Ccl2_Ackr1,0.7063004083451876,1.0,0.602912175664377,0.4262989590727243,0.2686230105480363,0.10003807699673774,0.0
Ccl2_Ackr2,1.0,0.6306639159767714,0.30281408962426287,0.18663361969414632,0.11148215795129862,0.04283171762279892,0.0
Ccl2_Ccr2,1.0,0.6246971790653056,0.30935316402718116,0.20683634906663068,0.1258458640569314,0.049142464880214426,0.0
Ccl20_Ccr6,1.0,0.720674240534506,0.33001324250350855,0.18768521175807795,0.10125577615738986,0.0,0.011428821513779329
Ccl22_Ackr2,1.0,0.5968719527008292,0.2841252646576647,0.20672176586119748,0.11665579134520672,0.02920455807410221,0.0
Ccl22_Ccr4,1.0,0.4450860787742169,0.16036727010431437,0.07962095344228211,0.02515519492311768,0.0,0.01966343420771318
Ccl24_Ackr2,1.0,0.7912474362943326,0.5115778539309269,0.42089735155475977,0.2902094419362715,0.11222322912754404,0.0
Ccl25_Ackr4,1.0,0.5376519176240945,0.23340797784437084,0.14151168833378094,0.0861846183641956,0.03170455500594046,0.0
Ccl25_Ccr9,1.0,0.42450666979229656,0.1466151935040929,0.0640745385380746,0.028992142919966064,0.006400941532248386,0.0
Ccl27a_Ccr10,1.0,0.9397812858962205,0.6255592616012732,0.4946761982959557,0.35954367835309414,0.13541547703650583,0.0
Ccl27a_Ccr2,0.8776852999562123,1.0,0.7308128713728099,0.6324539563368256,0.4524776355746162,0.18393405867266904,0.0
Ccl28_Ccr10,1.0,0.6464030486686196,0.31050252801793105,0.1941186897512749,0.12352927959456414,0.033222054742092964,0.0
Ccl3_Ackr2,1.0,0.8034674847966055,0.502451468239253,0.3906992580219002,0.26687380630190577,0.10999579932892202,0.0
Ccl3_Ccr1,1.0,0.8387055093655664,0.5393672566668312,0.45796744946036166,0.31862826113898857,0.1333312642838937,0.0
Ccl3_Ccr5,1.0,0.824225683215118,0.5060374722634933,0.41141095960099044,0.27941510852671464,0.11502648489320504,0.0
Ccl4_Ackr2,1.0,0.8976018012885497,0.5796632997442976,0.46800220565713657,0.325331652292165,0.13703352222391044,0.0
Ccl4_Ccr5,1.0,0.9120354291159368,0.5770827011298427,0.4864380858104595,0.33630033889476363,0.14090595788017607,0.0
Ccl5_Ackr1,0.36208196729194836,1.0,0.787433947307779,0.7152365430228501,0.5111163640389546,0.19240524691422822,0.0
Ccl5_Ackr2,1.0,0.7881690344720054,0.46493405469405624,0.3452587154893179,0.23146569882399287,0.09196085928180663,0.0
Ccl5_Ccr1,1.0,0.8673246545086029,0.5467305009088431,0.4560543192057999,0.3182885019631691,0.13295743848727165,0.0
Ccl5_Ccr4,1.0,0.5341492624257387,0.21678342160788128,0.10829249336187523,0.05011156397670401,0.010583537438565905,0.0
Ccl5_Ccr5,1.0,0.8182117997929956,0.4832464782007737,0.37981016712564586,0.2556784310857296,0.10346710903697412,0.0
Ccl6_Ccr1,1.0,0.9158307089182586,0.6355485174794442,0.590298728257806,0.41954737126408914,0.17626576270195896,0.0
Ccl6_Ccr2,1.0,0.9057102468393431,0.6391047541536768,0.5936085530575615,0.40348588989977635,0.16067733692615413,0.0
Ccl7_Ackr1,0.6454285724193491,1.0,0.6125696987653656,0.44276848783754186,0.2880963105985692,0.1092102032841566,0.0
Ccl7_Ccr1,1.0,0.6845079741593447,0.35548551860987054,0.24875048165757457,0.15885480006030256,0.0642149201255398,0.0
Ccl7_Ccr2,1.0,0.6332852794952157,0.3155798298538846,0.2144172040653557,0.1337038051548965,0.05295138305874956,0.0
Ccl9_Ccr1,0.9750969169803219,1.0,0.7487822426054095,0.7480576461450301,0.5195459433608369,0.20692368542324452,0.0
Cd1d1_Ceacam5,1.0,0.6400332083034577,0.29269996000727283,0.16569482452480472,0.09124655027071106,0.018794575674093372,0.0
Cd200_Cd200r1,0.8582797820242507,1.0,0.7165900004810465,0.6288184161797058,0.45616194283446654,0.17748766931090024,0.0
Cd200_Cd200r2,1.0,0.9186001356186265,0.42393326513183716,0.2412444777684606,0.12005806027391773,0.004978543192695566,0.0
Cd200_Cd200r3,0.77987916936799,1.0,0.6298711938135588,0.5022292518631564,0.3506289832919834,0.10494602461013643,0.0
Cd200_Cd200r4,0.7355678320701617,1.0,0.7251309082666672,0.6291105650243671,0.45856597497242296,0.1630162180842753,0.0
Cd22_Ptprc,1.0,0.6990628256880248,0.3562462396616019,0.2529740440127008,0.1515175488255581,0.04480579728853358,0.0
Cd226_Nectin2,1.0,0.5942175442436853,0.22660249878775446,0.10631771363416516,0.04704782613984704,0.0,0.01738433437893561
Cd226_Pvr,1.0,0.5877502111158279,0.2095775452396819,0.0961904248632121,0.04361602206214058,0.0,0.022817649352734382
Cd274_Pdcd1,0.9717108816838765,1.0,0.5794521167761272,0.46293652700055216,0.3140167920121842,0.10686554927329008,0.0
Cd34_Selp,1.0,0.5447036774323291,0.21895016527440758,0.11859263058732218,0.057768304915951633,0.008299766965494598,0.0
Cd46_Jag1,1.0,0.4817943208345952,0.18050572488899336,0.08558018433039798,0.041890937307634206,0.008152938741265638,0.0
Cd52_Siglecg,1.0,0.6623155168736412,0.3299095221482082,0.2200601668502301,0.1290300439998798,0.04207140660652669,0.0
Cd6_Alcam,1.0,0.4908195432965704,0.1799774253436329,0.07848799994906949,0.03241108549954751,0.0,0.0039835809452341804
Cd70_Cd27,1.0,0.9140507326401064,0.5279441861143462,0.3804523902791926,0.25873824703443643,0.09516326079927055,0.0
Cd80_Cd274,1.0,0.7299947065662987,0.3799445258087241,0.2548310891742041,0.15804195173685942,0.048278612962351045,0.0
Cd80_Cd28,1.0,0.6664724753956391,0.32808249825898933,0.20767667815617052,0.12351593835495903,0.038209132673826834,0.0
Cd80_Ctla4,1.0,0.6282520755382965,0.30661972108186575,0.18797000940140998,0.10856940968056857,0.0349748859100016,0.0
Cd86_Cd28,1.0,0.7541466835177558,0.42789790063671435,0.3253348859947177,0.21111941347574048,0.07565350546156788,0.0
Cd86_Ctla4,1.0,0.7351685218221928,0.41702205659437136,0.30314868614284124,0.1891378899156387,0.06812607708709091,0.0
Cd8a_Ceacam5,1.0,0.46563175410296864,0.1604170853537264,0.06137252364561763,0.024805359272179046,0.0,0.010759126393920192
Cd96_Nectin1,1.0,0.6099832210817786,0.24464577136648616,0.12272016721332604,0.061366494564993004,0.0065968642612123365,0.0
Cd96_Pvr,1.0,0.5278800558175111,0.1991153413309307,0.10086584778922036,0.04959866210332573,0.008389370224569813,0.0
Cdh1_Cdh1,1.0,0.6666256981431856,0.20077155702865015,0.11095605036200487,0.06822653516010756,0.0,0.15671772510238685
Cdh1_Itga2_Itgb1,1.0,0.6077891107838919,0.2402153306853355,0.11924249853473125,0.05700804162643023,0.0,0.009464724180652391
Cdh1_Itgae_Itgb7,1.0,0.7187812277804829,0.31531370707660006,0.20091341438439747,0.10545717209363632,0.0,0.017721569870671697
Cdh1_Klrg1,1.0,0.6865130766078389,0.3019639256014254,0.17010948607708448,0.08821844136016224,0.0,0.017102008194837894
Cdh15_Cdh15,1.0,0.3060406910424965,0.09250337146847741,0.04015050526072456,0.022640648411912916,0.006947813475546821,0.0
Cdh2_Cdh2,1.0,0.49292987798029114,0.19401956495090797,0.10137380831340985,0.05200127509998447,0.014780436051714585,0.0
Cdh4_Cdh4,1.0,0.43884192161253543,0.15557693593743566,0.0719333099027206,0.03623035740859767,0.010140095736761898,0.0
Cdh5_Cdh5,1.0,0.5484401073309494,0.24192214343970395,0.14835883047663556,0.09008820035813503,0.03194899949931468,0.0
Ceacam1_Ceacam5,1.0,0.50930167673199,0.18589059684778197,0.08549481206989493,0.03416898403029431,0.0,0.025727930574833836
Cga_Fshr,1.0,0.48507727236195186,0.16870670467983473,0.06551779702289907,0.02281722721636651,0.0,0.01771142672482215
Cga_Lhcgr,1.0,0.5167710668041111,0.2039043029403444,0.09487490193771671,0.0419122076442899,0.004014440705917999,0.0
Cga_Tshr,1.0,0.48422617871931845,0.17065468957383187,0.06831849035887863,0.024509349496359255,0.0,0.0147418473844257
Chad_Itga2_Itgb1,1.0,0.558780933211949,0.22769387652526982,0.12382281157558313,0.06451373118812015,0.01787983489393441,0.0
Clcf1_Cntfr_Lifr_Il6st,1.0,0.47477889435476095,0.18596572111787105,0.09221708410929305,0.04751025336936313,0.014453629166050757,0.0
Cldn11_Cldn11,1.0,0.4773890375309711,0.17078865573150118,0.06421654573462657,0.030180122966693586,0.0,0.03269973820395415
Clec2g_Klrb1,1.0,0.47876814926970046,0.16659858311582937,0.06706701135679291,0.020976939007609344,0.0,0.017250835517429192
Clec2g_Klrb1f,1.0,0.5106614133998373,0.22188545936750967,0.12093448447432784,0.06266042757425819,0.017369973430496958,0.0
Clec2h_Klrb1,1.0,0.46502305929485926,0.15197457853927818,0.05036323847042833,0.007418598863812807,0.0,0.06526164635375056
Clec2i_Klrb1,1.0,0.507621229305593,0.19965911861967245,0.10323841871177682,0.04852993716946088,0.010475614557626446,0.0
Clec2i_Klrb1f,1.0,0.5293709335439486,0.26047377776024644,0.1676248788600175,0.10134066704567161,0.038627131834091284,0.0
Cntf_Cntfr_Lifr_Il6st,1.0,0.49115917858749236,0.19544744145097967,0.09721418838427166,0.04944508445888429,0.014329315780530961,0.0
Cntn1_Nrcam,0.5615229013958566,1.0,0.8019726441056436,0.7170999201111673,0.6012953972727118,0.1849375485177146,0.0
Cntn2_Cntn2,0.5695794184211521,1.0,0.8102845655662007,0.6466390921116667,0.47310179887228027,0.13614022829770567,0.0
Cntn2_Cntn2_Cntnap2,0.5695794184211521,1.0,0.8102845655662007,0.6466390921116667,0.47310179887228027,0.13614022829770567,0.0
Cntn2_L1cam,0.17185088943934568,1.0,0.970874625073412,0.8716867693975218,0.7140709971469033,0.19153079609770238,0.0
Col1a1_Cd44,0.0,0.47418411826055373,0.5376520850904166,0.8432250106282244,1.0,0.9066290703567743,0.9639514705493811
Col1a1_Gp6,1.0,0.6540563843862646,0.2794319949189256,0.18793524685752466,0.08617174911818942,0.0,0.027519248950714715
Col1a1_Itga10_Itgb1,0.942000984504994,1.0,0.5120452918996975,0.3964475968332742,0.23879178656184888,0.04001452774514443,0.0
Col1a1_Itga11_Itgb1,1.0,0.6781643726384156,0.2935851578692463,0.17101252148942253,0.08561510202768119,0.005007743920769094,0.0
Col1a1_Itga1_Itgb1,1.0,0.6690452764550539,0.26747427518993366,0.17137405849808432,0.09384036319116905,0.013495813367037411,0.0
Col1a1_Itga2_Itgb1,1.0,0.6276008093190281,0.2485731643773711,0.134891642665892,0.06736122993110591,0.0015381279834185755,0.0
Col1a1_Itga3_Itgb1,1.0,0.6852170742076517,0.28444639967366697,0.1661200246008521,0.0819448128861887,0.0,0.0052269040381167295
Col1a1_Itga9_Itgb1,1.0,0.6177128195900836,0.2540051414481166,0.13700160107614906,0.06516161090003043,0.005164533367172727,0.0
Col1a1_Itgav_Itgb8,1.0,0.6293806125829876,0.26930414547337045,0.14429451662555673,0.070600453812407,0.004950951679506033,0.0
Col1a1_Sdc1,1.0,0.6845070495407334,0.3018756457372076,0.17967482493782722,0.09625569665119767,0.012561985984691144,0.0
Col1a1_Sdc4,0.898454032523754,1.0,0.47611311169994674,0.3932693989025292,0.242792847083214,0.024107124301513218,0.0
Col1a2_Cd44,0.0,0.7463022728279247,0.516158909359915,0.9078587078080617,1.0,0.4893950536047938,0.25213552141239587
Col1a2_Gp6,1.0,0.5984964949919576,0.26998352400097536,0.17463800323374282,0.08721195159368614,0.0115946819723867,0.0
Col1a2_Itga10_Itgb1,1.0,0.8194709522523547,0.4359171977031405,0.3134415020892306,0.19603943856307407,0.05959452247682725,0.0
Col1a2_Itga11_Itgb1,1.0,0.5972894423525447,0.26917128223959247,0.15874625925527236,0.08809268091172931,0.02180337244778573,0.0
Col1a2_Itga1_Itgb1,1.0,0.5984623083144168,0.26014333841925835,0.1645593183483802,0.09708939469190521,0.028583962194943753,0.0
Col1a2_Itga2_Itgb1,1.0,0.5647672567277403,0.24173940399177055,0.13814416594163587,0.07847362124542782,0.020360281533543648,0.0
Col1a2_Itga3_Itgb1,1.0,0.6117346656411137,0.2714337817140335,0.16252264647311532,0.08981444793257738,0.019595401910565323,0.0
Col1a2_Itga9_Itgb1,1.0,0.5460581488364391,0.23026491624048057,0.1272111824570968,0.06739188728349901,0.016697458477104146,0.0
Col1a2_Itgav_Itgb8,1.0,0.5571227651941069,0.24236908839797874,0.13381350698700525,0.07176021895023799,0.016958054169393076,0.0
Col1a2_Sdc1,1.0,0.6011719319805456,0.2720977730965999,0.1626746277579855,0.09306181568275888,0.024744811703997845,0.0
Col1a2_Sdc4,1.0,0.8416063214103723,0.4384986618264392,0.3300893610912389,0.2117930071734335,0.059618733559826095,0.0
Col2a1_Cd44,0.9134951948360375,1.0,0.5810029540551953,0.4277676251477354,0.2598875479419277,0.09975041137995624,0.0
Col2a1_Gp6,1.0,0.6363113935720939,0.2826191104021846,0.15506233062047592,0.06958747196281759,0.020104277290839103,0.0
Col2a1_Itga10_Itgb1,1.0,0.5152252628547634,0.21429909766948677,0.11644717644838583,0.0567399341323376,0.02035216800114785,0.0
Col2a1_Itga11_Itgb1,1.0,0.4634262777804029,0.175563568067756,0.08586105890989923,0.03907629410424106,0.012332256798399882,0.0
Col2a1_Itga1_Itgb1,1.0,0.5244322394816037,0.20693821447804742,0.10740946516779584,0.051700124754168415,0.017929017948218485,0.0
Col2a1_Itga2_Itgb1,1.0,0.4891257099188908,0.18103558912676695,0.08963281898671029,0.04225857602736572,0.013613914893915181,0.0
Col2a1_Itga3_Itgb1,1.0,0.5465004015826793,0.22206946779604844,0.11553426212472001,0.05395717167565029,0.015489082938549954,0.0
Col2a1_Itga9_Itgb1,1.0,0.4343058591318793,0.15268511266050055,0.07174607523707932,0.03186811758691294,0.009736583564056501,0.0
Col2a1_Itgav_Itgb8,1.0,0.4392002515377566,0.15003627492419055,0.06749005680874624,0.029598801118356947,0.007579738482833628,0.0
Col2a1_Sdc1,1.0,0.4729080781999865,0.18196430388286594,0.09199303057587438,0.043682537227572406,0.013475113626480397,0.0
Col2a1_Sdc4,1.0,0.5806691445270065,0.25640662947625925,0.14757099588298836,0.07525324281706074,0.02534691747344026,0.0
Col4a1_Cd44,0.8765981669578665,1.0,0.5256272204721805,0.54026123483159,0.5121069753571282,0.16722003920367137,0.0
Col4a1_Gp6,1.0,0.48244652716663394,0.19414897254082075,0.1067457715179445,0.04840723751824196,0.008178426347866698,0.0
Col4a1_Itga10_Itgb1,1.0,0.7117437983560175,0.3444615590535629,0.21483110971221844,0.12751099143899203,0.03910768940507542,0.0
Col4a1_Itga11_Itgb1,1.0,0.5285947042726397,0.22114291020156923,0.11571862428648311,0.06069529746001844,0.01506393038060365,0.0
Col4a1_Itga1_Itgb1,1.0,0.5042090418640537,0.20383715124604376,0.11044055859205788,0.06113999784822608,0.018689237022569197,0.0
Col4a1_Itga2_Itgb1,1.0,0.4888790627281778,0.1955107061640636,0.09827949353832856,0.052624696770192686,0.013874749945045037,0.0
Col4a1_Itga3_Itgb1,1.0,0.5174012563397364,0.2130802907096289,0.11230344952061416,0.0582726084418842,0.013053728133114655,0.0
Col4a1_Itga9_Itgb1,1.0,0.482511691793628,0.18888829943568056,0.09330032636681389,0.04682248558769782,0.01156477941380691,0.0
Col4a1_Itgav_Itgb8,1.0,0.4933550761424988,0.20476392097597584,0.1057695480084125,0.05465939647352378,0.012972180665833829,0.0
Col4a1_Sdc1,1.0,0.5270479110380504,0.22028677264644841,0.1174284634757677,0.06324359014996844,0.01636961722268157,0.0
Col4a1_Sdc4,1.0,0.6979097079304027,0.3323959482708431,0.2142396814417954,0.1280442214762228,0.036501645793464405,0.0
Col4a2_Cd44,0.9079923128221421,1.0,0.5064207624894536,0.4784490527604789,0.42653558070745845,0.13080112197504598,0.0
Col4a2_Gp6,1.0,0.4908455681297994,0.19715518337271382,0.10789428140670568,0.04805145096387379,0.007349871495417546,0.0
Col4a2_Itga10_Itgb1,1.0,0.6911997279952805,0.3243715519171329,0.1974644895951826,0.1141998098588078,0.03413235462918717,0.0
Col4a2_Itga11_Itgb1,1.0,0.5242710573705894,0.21372767831290576,0.11011062014684325,0.05657159935223838,0.01369972100852111,0.0
Col4a2_Itga1_Itgb1,1.0,0.5053486748393228,0.20005863293106887,0.10749645738160478,0.05828289707825233,0.017137700964566533,0.0
Col4a2_Itga2_Itgb1,1.0,0.48836592585033356,0.19096993177217272,0.09493525986614243,0.04958970814415821,0.012610777281065553,0.0
Col4a2_Itga3_Itgb1,1.0,0.5140722013971631,0.20733240431741037,0.10727654171780968,0.05442174845962372,0.011733490654915333,0.0
Col4a2_Itga9_Itgb1,1.0,0.47348020701993426,0.18026741308655583,0.08747084145337188,0.04292119449324015,0.010337209905268535,0.0
Col4a2_Itgav_Itgb8,1.0,0.4811533105414934,0.19258898926032997,0.0968321179228948,0.048987522103359646,0.011267292662134587,0.0
Col4a2_Sdc1,1.0,0.5193474863136871,0.2119135793938742,0.11075742596737985,0.05839666853713572,0.01495027504309,0.0
Col4a2_Sdc4,1.0,0.6787493982494428,0.3153244495218191,0.1975905660260561,0.11483900674016531,0.03178542111788275,0.0
Col4a3_Cd44,0.7186262428557004,1.0,0.10692950557583564,0.24015771707419092,0.305644335484986,0.0,0.24375048172584168
Col4a3_Gp6,1.0,0.48606113076387325,0.18818386057333017,0.10099311627363515,0.03599180808849057,0.0,0.015151723970577376
Col4a3_Itga10_Itgb1,1.0,0.6729870472401328,0.28442053539814327,0.16089635710832628,0.07834514103685741,0.0067107681107399075,0.0
Col4a3_Itga11_Itgb1,1.0,0.5182231758712247,0.19390140904626826,0.09089599405794575,0.037820084897216596,0.0,0.0013825267922214798
Col4a3_Itga1_Itgb1,1.0,0.4996927558944366,0.1789061850062271,0.08758899081803469,0.03815023554806807,0.0020385597686496996,0.0
Col4a3_Itga2_Itgb1,1.0,0.47919437017694394,0.17090115952882773,0.07558321579224092,0.030939066065614442,0.0,0.0024509586047555955
Col4a3_Itga3_Itgb1,1.0,0.49779798638214434,0.1847142353695168,0.08577259287771068,0.03495614684292509,0.0,0.0056263010406636315
Col4a3_Itga9_Itgb1,1.0,0.4631624086900332,0.16417141591358833,0.07216073676004946,0.028179617276703043,0.0,0.0004686832214027714
Col4a3_Itgav_Itgb8,1.0,0.46318812111716856,0.17326915190744377,0.07847403159749673,0.03257154786538171,0.0,0.0001370708928242181
Col4a3_Sdc1,1.0,0.5080576947930759,0.19220018794765378,0.09142263389235057,0.04010500921596126,0.002207410355538224,0.0
Col4a3_Sdc4,1.0,0.6451185926146831,0.2657612003233449,0.152181465259695,0.07074306993813674,0.0,0.0005607128360767686
Col4a4_Cd44,0.22138706618647994,1.0,0.11811421847428863,0.379457116678551,0.5166427403175403,0.0,0.03787559316620939
Col4a4_Gp6,1.0,0.5137288351437223,0.20568031647617194,0.11001432555261795,0.04308903121913191,0.0,0.005598680790809631
Col4a4_Itga10_Itgb1,1.0,0.7158245055465499,0.32602827170807874,0.19619883748360833,0.10843194412345561,0.023495348560157146,0.0
Col4a4_Itga11_Itgb1,1.0,0.5468057867788826,0.2180504709994542,0.10878123869264898,0.05143384415227377,0.006661233842348395,0.0
Col4a4_Itga1_Itgb1,1.0,0.5322440738531985,0.20713212572865786,0.10812814984384513,0.055077093388746494,0.01106686526731767,0.0
Col4a4_Itga2_Itgb1,1.0,0.507699954232671,0.19332811915285997,0.09112229505939357,0.043205893556448285,0.005519865083840186,0.0
Col4a4_Itga3_Itgb1,1.0,0.528292111410361,0.2082002065780521,0.10114106523997543,0.0459471450233804,0.00280421144182049,0.0
Col4a4_Itga9_Itgb1,1.0,0.4884471874357299,0.18337025727411696,0.08537905148580116,0.038306306959157196,0.005284677537794438,0.0
Col4a4_Itgav_Itgb8,1.0,0.4914811668222591,0.19607690498447863,0.09557413831395115,0.04528126434373672,0.005832118958505329,0.0
Col4a4_Sdc1,1.0,0.5365426194093308,0.21625287455215597,0.10929602496133312,0.05387920073925872,0.009479941688957676,0.0
Col4a4_Sdc4,1.0,0.6920033340812168,0.31013479953525,0.18965483508197956,0.10371814324975097,0.017997405665733424,0.0
Col4a5_Cd44,1.0,0.8975982817995916,0.424674572025294,0.34737764941341365,0.25213182928210165,0.06556007307541795,0.0
Col4a5_Gp6,1.0,0.46644412401107,0.17290111852027912,0.09205946377624921,0.03832494357661352,0.005118625392763587,0.0
Col4a5_Itga10_Itgb1,1.0,0.6515524947583778,0.2839538364310581,0.16728371061216996,0.08983216043936766,0.024431369740225545,0.0
Col4a5_Itga11_Itgb1,1.0,0.4959623929985288,0.18794133674101324,0.09438045416233079,0.04541172664103795,0.00992098694554617,0.0
Col4a5_Itga1_Itgb1,1.0,0.47861814507277933,0.1720893070405797,0.09113963008211508,0.04548359230003383,0.012385478575760852,0.0
Col4a5_Itga2_Itgb1,1.0,0.4593754322135406,0.1669281266084881,0.08128197791406244,0.03904663382390971,0.00903322869821823,0.0
Col4a5_Itga3_Itgb1,1.0,0.4745339930850045,0.17489520200173272,0.08704186007254859,0.04048562324537537,0.007973295487819538,0.0
Col4a5_Itga9_Itgb1,1.0,0.440754288902594,0.15562761796265642,0.07340955819101189,0.03355669876116783,0.007332344263306816,0.0
Col4a5_Itgav_Itgb8,1.0,0.4401453298771834,0.16309609205144562,0.07869661241686071,0.03670176645826426,0.0076618815311146355,0.0
Col4a5_Sdc1,1.0,0.4859811632261476,0.18367616224829364,0.09226963305338996,0.04547149348501836,0.010715553898137296,0.0
Col4a5_Sdc4,1.0,0.6231352252639291,0.26445784705487674,0.1576974786893635,0.08387001994664071,0.020959266792865524,0.0
Col4a6_Cd44,0.6959911808359451,1.0,0.3540872679275018,0.5109996307248377,0.502056458390999,0.08388025487907853,0.0
Col4a6_Gp6,1.0,0.49785114024872595,0.19191912013941892,0.10722011455062895,0.04342158349092361,0.0007822109093388226,0.0
Col4a6_Itga10_Itgb1,1.0,0.7373195586466902,0.3448721084718562,0.22164579901396464,0.12663108523183916,0.03136029997049505,0.0
Col4a6_Itga11_Itgb1,1.0,0.5423215359673071,0.21917473246979416,0.11627433944449736,0.05815996367648312,0.010456351745044964,0.0
Col4a6_Itga1_Itgb1,1.0,0.5174906022001868,0.19605436171438279,0.10920313506479205,0.056868399898831544,0.013865646397482403,0.0
Col4a6_Itga2_Itgb1,1.0,0.49774438107184404,0.19065556266883898,0.09652299923427579,0.04784474526003826,0.008927828227880855,0.0
Col4a6_Itga3_Itgb1,1.0,0.5171483582706576,0.200860325420423,0.10440645650765934,0.04980325053639264,0.006926114545227824,0.0
Col4a6_Itga9_Itgb1,1.0,0.48704324962794115,0.18479247433984128,0.0916204417298239,0.0432030323665584,0.007853209635860114,0.0
Col4a6_Itgav_Itgb8,1.0,0.4865068714242942,0.1941475997148301,0.09900283823797391,0.04806756769803202,0.008459310306867975,0.0
Col4a6_Sdc1,1.0,0.5360059385351369,0.21728728404852976,0.11589557123889176,0.05983809073942636,0.012477437115064634,0.0
Col4a6_Sdc4,1.0,0.6965062118711604,0.312571551325867,0.20312003071028323,0.11456214001573445,0.024584321014391217,0.0
Col6a1_Cd44,0.0,0.595124029196436,0.6260689166947944,0.9257745445159421,1.0,0.6786671548444486,0.4492247708689024
Col6a1_Gp6,1.0,0.737611825672722,0.38236257949251573,0.28823052874343524,0.16057279291657336,0.039109190981485416,0.0
Col6a1_Itga10_Itgb1,1.0,0.9904947864601816,0.5760174419311032,0.4606058392060204,0.31125360287479875,0.1099988797423253,0.0
Col6a1_Itga11_Itgb1,1.0,0.6987347869110268,0.34186900974306234,0.22337381755232755,0.13520712819366415,0.04128093596892244,0.0
Col6a1_Itga1_Itgb1,1.0,0.7088678156152134,0.33960960529489415,0.23981326103641698,0.1535923179562637,0.05382921838209495,0.0
Col6a1_Itga2_Itgb1,1.0,0.6565380583475745,0.30743841954888085,0.19692445534471473,0.1228230744409321,0.040355039717822214,0.0
Col6a1_Itga3_Itgb1,1.0,0.7092168823796207,0.3487308550019689,0.23237695431532598,0.14167264114162548,0.04156887345246084,0.0
Col6a1_Itga9_Itgb1,1.0,0.6132471792553703,0.27755889070706746,0.16748706220528853,0.09650319728850476,0.029303887746585405,0.0
Col6a1_Itgav_Itgb8,1.0,0.6276282074126183,0.29397269562599676,0.17766005929459794,0.10286231906661378,0.02998305596500291,0.0
Col6a1_Sdc1,1.0,0.6829822405712552,0.3346223748376783,0.21886259550565204,0.1351852294454174,0.04205186649730681,0.0
Col6a1_Sdc4,0.9855043264393624,1.0,0.5814455859614218,0.49014243395121887,0.3396254753461165,0.11404213356214722,0.0
Col6a2_Cd44,0.0,0.5979453369370585,0.6119108108627169,0.917105832874817,1.0,0.6757421802669107,0.4705896493846402
Col6a2_Gp6,1.0,0.7093572908471667,0.3562139996925627,0.2605675308940403,0.14060207709951905,0.029352713563071627,0.0
Col6a2_Itga10_Itgb1,1.0,0.9546461880909249,0.5444884229660042,0.4270430234034548,0.2854248242579167,0.09608868107494269,0.0
Col6a2_Itga11_Itgb1,1.0,0.6772131782644465,0.32567671865784353,0.20837348927339927,0.12423966325175875,0.0354585440049642,0.0
Col6a2_Itga1_Itgb1,1.0,0.6860741563789843,0.3219836245337902,0.22209908587016544,0.13991805941254684,0.04655788736354769,0.0
Col6a2_Itga2_Itgb1,1.0,0.6365393197349768,0.292315114412395,0.18269747418841398,0.11183076416508415,0.03422375552804658,0.0
Col6a2_Itga3_Itgb1,1.0,0.6870449848572631,0.3300094386734941,0.2141314177733895,0.1278694372977461,0.03446936970858559,0.0
Col6a2_Itga9_Itgb1,1.0,0.5979695779278744,0.2668049900086458,0.1577723316660148,0.08936184931747299,0.025390412638578014,0.0
Col6a2_Itgav_Itgb8,1.0,0.6103510515309507,0.28160342681501727,0.1672144310225447,0.09540197736506072,0.02605719319180997,0.0
Col6a2_Sdc1,1.0,0.6648850302753896,0.3203079793765137,0.20526501850814688,0.12514812491631908,0.0367639198402227,0.0
Col6a2_Sdc4,1.0,0.9697889483516293,0.5494539563993595,0.45223319771018305,0.30921755820721525,0.09778064894227706,0.0
Col6a3_Cd44,0.5334851390507107,1.0,0.685625760634424,0.8810270596163033,0.8654818967900515,0.3576050455181277,0.0
Col6a3_Gp6,1.0,0.6207827002618946,0.30089166264859735,0.20783218541842827,0.11765475324628696,0.03324661311990626,0.0
Col6a3_Itga10_Itgb1,1.0,0.7536567276536423,0.3962100286691502,0.28468620544672496,0.18558884817694973,0.06585429369738807,0.0
Col6a3_Itga11_Itgb1,1.0,0.5790615665121297,0.26180945408599193,0.15883717312615042,0.09401306679660741,0.029428913478849714,0.0
Col6a3_Itga1_Itgb1,1.0,0.5912332451023099,0.2665256788901297,0.1740114412659954,0.10897374204834026,0.03858542519793979,0.0
Col6a3_Itga2_Itgb1,1.0,0.5513840788227724,0.23991081713594156,0.1435104832150748,0.0874519100098837,0.029216836197609754,0.0
Col6a3_Itga3_Itgb1,1.0,0.5940999752116871,0.27251402993826007,0.169532953212866,0.10173396685906906,0.03122440316391387,0.0
Col6a3_Itga9_Itgb1,1.0,0.5133889045005291,0.21497233148305478,0.12174106185297588,0.06895856980431331,0.021440898164755973,0.0
Col6a3_Itgav_Itgb8,1.0,0.523328652680052,0.22260648461476423,0.12498059261935167,0.07063584655669927,0.02114036772904202,0.0
Col6a3_Sdc1,1.0,0.5688916801432126,0.2571207531399737,0.1569861667003363,0.09515915232389098,0.029987449970009326,0.0
Col6a3_Sdc4,1.0,0.7711181638128687,0.4089904795780273,0.30815091645712855,0.20766500889758016,0.07097034595560932,0.0
Col6a4_Cd44,0.0,0.5049732126228631,0.5335434030783528,0.8338736490263247,1.0,0.8305503724480539,0.8725560798882536
Col6a4_Gp6,1.0,0.5790412488442402,0.26617809504147866,0.16555816765230083,0.06644183785196324,0.0,0.019804722091382336
Col6a4_Itga10_Itgb1,1.0,0.8539831121168748,0.4397073311994787,0.30868641059993174,0.18790117629234374,0.03538572696381355,0.0
Col6a4_Itga11_Itgb1,1.0,0.6077193284886694,0.2664779055044964,0.14443053994529817,0.07290923124158848,0.005966231738896223,0.0
Col6a4_Itga1_Itgb1,1.0,0.601555743048265,0.26151882393780707,0.1483570970534543,0.07909517365846498,0.013432206737112968,0.0
Col6a4_Itga2_Itgb1,1.0,0.552512176069731,0.23087864900465552,0.11586216432191826,0.05686713169729801,0.0047438661527822576,0.0
Col6a4_Itga3_Itgb1,1.0,0.5842329825860729,0.25341582073118785,0.12953664690200073,0.059918846408019456,0.0,0.0001739889206718929
Col6a4_Itga9_Itgb1,1.0,0.5373077554809993,0.2240163977058795,0.1115898905842166,0.051840634839067326,0.004990235288046728,0.0
Col6a4_Itgav_Itgb8,1.0,0.5361320587792773,0.23042453562069282,0.11831858956974514,0.05832466736256452,0.005542091150832404,0.0
Col6a4_Sdc1,1.0,0.5906616090866307,0.26227907025520003,0.14218266912912,0.07409594738006059,0.010391301140389483,0.0
Col6a4_Sdc4,1.0,0.790244509637342,0.39468881787583693,0.27544481761124934,0.15877414993716735,0.017471021989556284,0.0
Col6a5_Cd44,0.6128485041167337,1.0,0.6899220421692939,0.8034963694284768,0.7487968093551058,0.33096558942118787,0.0
Col6a5_Gp6,1.0,0.6195355883618129,0.30726948952974065,0.21120225860059325,0.11621992603529817,0.035443605792296155,0.0
Col6a5_Itga10_Itgb1,1.0,0.8017415147831319,0.4230197196827009,0.30148757351267436,0.19257999867339803,0.07198981500193685,0.0
Col6a5_Itga11_Itgb1,1.0,0.5972328621525251,0.26847568264247407,0.16202021495897478,0.09404826964125527,0.031651543344831515,0.0
Col6a5_Itga1_Itgb1,1.0,0.5990689993087421,0.270710355089617,0.17539364923132447,0.10801457695597526,0.04036484819366699,0.0
Col6a5_Itga2_Itgb1,1.0,0.5613043405596505,0.24540190861163255,0.14625665638701477,0.08748874559581778,0.031536477851537154,0.0
Col6a5_Itga3_Itgb1,1.0,0.5932685844195656,0.272242289452444,0.16769615921658496,0.0989391858124037,0.03292671054050767,0.0
Col6a5_Itga9_Itgb1,1.0,0.521157250681622,0.2157159990065671,0.12079027659764245,0.06724296141948596,0.022404920340125725,0.0
Col6a5_Itgav_Itgb8,1.0,0.5331924360754304,0.22963998779470846,0.13091776773760366,0.0737776368664544,0.02383718882746635,0.0
Col6a5_Sdc1,1.0,0.5769672204860015,0.2585169230114177,0.155099740431702,0.09094710127824235,0.03064915558872375,0.0
Col6a5_Sdc4,1.0,0.7852545971441751,0.4183711045609606,0.30959266741089386,0.20149258242295368,0.0730413116761403,0.0
Col6a6_Cd44,0.6791382548478055,1.0,0.524411943741064,0.6488785251580435,0.6557882859741284,0.2564567157326084,0.0
Col6a6_Gp6,1.0,0.5574543534945798,0.2483963829539326,0.15828603643953862,0.08277784230787243,0.020647224060437914,0.0
Col6a6_Itga10_Itgb1,1.0,0.7646952821343447,0.37421507037021035,0.2532769725728616,0.1583926647215953,0.05420113002135872,0.0
Col6a6_Itga11_Itgb1,1.0,0.5669157414836085,0.23743390532597544,0.13497172372762464,0.07553945219642963,0.022162895362946574,0.0
Col6a6_Itga1_Itgb1,1.0,0.5545598545998255,0.2298345931961017,0.14028619197753386,0.08405902647877081,0.028513369333779903,0.0
Col6a6_Itga2_Itgb1,1.0,0.5271406163973044,0.21244759164972335,0.11808332177900016,0.0682880723371328,0.02146943212149107,0.0
Col6a6_Itga3_Itgb1,1.0,0.5502672879422548,0.23128579700204108,0.13336662067569374,0.07581908695473431,0.021298102902263326,0.0
Col6a6_Itga9_Itgb1,1.0,0.4927791430530795,0.19080941814312594,0.10066732700527245,0.05404875305055712,0.015825954382602286,0.0
Col6a6_Itgav_Itgb8,1.0,0.5017896554614001,0.2015224058328316,0.10835060355097532,0.05894548184731098,0.01629676256044555,0.0
Col6a6_Sdc1,1.0,0.5462674929529817,0.22880185280939458,0.13020347922257322,0.07441112255819009,0.022484970104103177,0.0
Col6a6_Sdc4,1.0,0.7350417326508873,0.35835886751451274,0.25146124421237415,0.16081896055330835,0.052688974793362826,0.0
Col9a1_Cd44,0.8607913177924565,1.0,0.5905443555918082,0.4592467538312043,0.30203780767054167,0.10059667597487093,0.0
Col9a1_Gp6,1.0,0.6220601839772147,0.27528464712306083,0.15684062495544165,0.07184444461035863,0.01669246192546798,0.0
Col9a1_Itga10_Itgb1,1.0,0.5605062289067936,0.24391143596423231,0.1386068035482127,0.07141078581364205,0.022579001133817403,0.0
Col9a1_Itga11_Itgb1,1.0,0.4932392637833525,0.19416067995047429,0.09828022546424824,0.04714094742078447,0.012964920557252606,0.0
Col9a1_Itga1_Itgb1,1.0,0.5450595215947387,0.21962737838444257,0.11835614275041291,0.05967737379456999,0.018314031048108904,0.0
Col9a1_Itga2_Itgb1,1.0,0.5075775165009162,0.19504594444480725,0.09907412049042343,0.048646081232591745,0.013721074329341753,0.0
Col9a1_Itga3_Itgb1,1.0,0.5629091864037417,0.23378245962059244,0.12306311951709344,0.05987926655885686,0.0152802579917873,0.0
Col9a1_Itga9_Itgb1,1.0,0.46003785735837166,0.16925157528022414,0.081718766355066,0.0378535182286039,0.01021548570572883,0.0
Col9a1_Itgav_Itgb8,1.0,0.46396926555700446,0.16854088430291309,0.07866370821620933,0.03657253209165408,0.008844415923044776,0.0
Col9a1_Sdc1,1.0,0.5032106647060527,0.20142531986749856,0.10425784356190386,0.051861231632785686,0.014271774314692873,0.0
Col9a1_Sdc4,1.0,0.6244668540786195,0.28565380337331114,0.17034367843349346,0.09106882406965634,0.026999391559570506,0.0
Col9a2_Cd44,0.17893070414757994,1.0,0.7389304294352035,0.8449888006698287,0.7186850454768803,0.2744503107002578,0.0
Col9a2_Gp6,1.0,0.8040719272791629,0.40988349595014273,0.28147116548313716,0.14725805709846665,0.037096609530770715,0.0
Col9a2_Itga10_Itgb1,1.0,0.6947643985139391,0.3495086104383665,0.23394341978130165,0.13805412043227885,0.047061812552063986,0.0
Col9a2_Itga11_Itgb1,1.0,0.6035637201013621,0.2713949733231228,0.15787945788490879,0.08550822982608715,0.02543160712972902,0.0
Col9a2_Itga1_Itgb1,1.0,0.6836682262582552,0.3150376533615883,0.20004717110926398,0.11619549226632872,0.03906095031720895,0.0
Col9a2_Itga2_Itgb1,1.0,0.6248683646826253,0.27470148180437,0.16129600240061923,0.09064527944958077,0.028246011466851097,0.0
Col9a2_Itga3_Itgb1,1.0,0.7045868164888515,0.33472052128432134,0.20490316310278606,0.11399191962718282,0.03226362588327725,0.0
Col9a2_Itga9_Itgb1,1.0,0.5646535793295996,0.23764328076458086,0.13096315398046748,0.06830342633390227,0.02000743399148224,0.0
Col9a2_Itgav_Itgb8,1.0,0.572727696975288,0.24482179104417046,0.13391736092173126,0.07118598191672064,0.019502202697618244,0.0
Col9a2_Sdc1,1.0,0.6178645597578046,0.28248961193080613,0.16705367410043567,0.09302709149937677,0.027832471669869543,0.0
Col9a2_Sdc4,1.0,0.7930349660992416,0.4185470823698712,0.29753869552279194,0.18228549043488879,0.05894404345366699,0.0
Col9a3_Cd44,0.49722664248758786,1.0,0.6950456729033737,0.6925499493765102,0.5421088007093046,0.20805319729167276,0.0
Col9a3_Gp6,1.0,0.7550846073343053,0.3775191769918456,0.25110103190064986,0.13109672337662173,0.036597764106590734,0.0
Col9a3_Itga10_Itgb1,1.0,0.6332098048172424,0.3052191222970986,0.1956197172316015,0.11156838878477046,0.03839812868183182,0.0
Col9a3_Itga11_Itgb1,1.0,0.5599352601317622,0.2434418547903465,0.13741773589838888,0.07260246561251289,0.02203277617200272,0.0
Col9a3_Itga1_Itgb1,1.0,0.6364578447247853,0.2858046160968377,0.1756920662228395,0.09918693184522923,0.033790022374760344,0.0
Col9a3_Itga2_Itgb1,1.0,0.5840126433701315,0.248895148408589,0.1424736557042069,0.07810095872642964,0.024740069842906574,0.0
Col9a3_Itga3_Itgb1,1.0,0.6585867975716313,0.30528975029062255,0.18242342793905142,0.09938177378237927,0.029017265243884,0.0
Col9a3_Itga9_Itgb1,1.0,0.5260005562469319,0.21418217099182515,0.11514916275042755,0.05874345073576623,0.01754399166093091,0.0
Col9a3_Itgav_Itgb8,1.0,0.5327079951877408,0.21849613756733605,0.11568528421000002,0.0600501981318608,0.01667027082159901,0.0
Col9a3_Sdc1,1.0,0.5745445946404171,0.25432956129084877,0.14641813964047912,0.07967481614108278,0.024078603388874232,0.0
Col9a3_Sdc4,1.0,0.7210165349560027,0.3670062651664016,0.24978809990879208,0.14852799006101547,0.048795017665115854,0.0
Comp_Cd36,0.9357824932206134,1.0,0.5541643054165867,0.4507657202914054,0.3035122460414306,0.12302490869433166,0.0
Comp_Cd47,1.0,0.8300628465991652,0.4782831577572881,0.3793384947574094,0.24556507788193951,0.0888062670869758,0.0
Comp_Itga3_Itgb1,1.0,0.7595119948750101,0.3874770959685939,0.2619330458968897,0.15775667207602623,0.05073273547764497,0.0
Comp_Itgav_Itgb3,1.0,0.8698380394462136,0.4768586833026476,0.37367351627448075,0.237124086064936,0.08116079929285473,0.0
Comp_Sdc1,1.0,0.6508636535478985,0.31624639964753903,0.20202487918254902,0.11957358747081097,0.03887259472630525,0.0
Comp_Sdc4,1.0,0.8451518069582517,0.4787056366438935,0.37573569688829966,0.2469935712393099,0.08800755973536492,0.0
Cort_Sstr1,1.0,0.9202217478224862,0.5404456913613217,0.3705287789686769,0.2431079832343032,0.08360224286004839,0.0
Cort_Sstr2,1.0,0.8941878779136077,0.5792264780565157,0.4158722235170408,0.26710908709728787,0.09564260666682034,0.0
Cort_Sstr3,0.8967258602222586,1.0,0.6841484096816113,0.5215674800091767,0.3547505004016994,0.1327259564739784,0.0
Cort_Sstr4,1.0,0.5089335257204933,0.20737059228657698,0.10637319707250224,0.054857059379793516,0.013693298663249,0.0
Cort_Sstr5,1.0,0.8281731523689327,0.4373249563198406,0.28387584030138346,0.17669192521572347,0.05148348763659508,0.0
Crh_Crhr1,0.349984163960723,1.0,0.8734082980078594,0.8078337416998032,0.6314889910668454,0.2649344056277506,0.0
Crh_Crhr2,1.0,0.7802497883875588,0.40917068841256,0.3261581671838354,0.2226148192861213,0.09014302846714664,0.0
Csf1_Csf1r,1.0,0.7325749598639902,0.3809185147813906,0.267991983567907,0.17020059172142393,0.05933663198418243,0.0
Cspg4_Itga3_Itgb1,1.0,0.6480735213861881,0.29304198674979365,0.17627677567686081,0.09850957507347652,0.02925307440315251,0.0
Ctf1_Lifr_Il6st,1.0,0.4590793871396949,0.17226326374799011,0.0841400419711079,0.042135180593138075,0.011232604451244558,0.0
Cx3cl1_Cx3cr1,1.0,0.8673485639902427,0.49616010339716743,0.3665618121797439,0.2430734824177624,0.08642240048336804,0.0
Cxcl1_Ackr1,0.5482829169414748,1.0,0.6170165384431848,0.6071462154138854,0.2939748491823613,0.0,0.1760451838417187
Cxcl1_Cxcr2,1.0,0.6078533150591695,0.2922739130591532,0.2157532865325967,0.08764944113184413,0.0,0.03049664917782552
Cxcl10_Ackr1,0.40415398544377074,1.0,0.8448835726646035,0.8929978808996134,0.5467014009090658,0.13453802900470666,0.0
Cxcl12_Ackr3,1.0,0.5017209706737997,0.20205215667389895,0.10601479094418827,0.05459959808159619,0.015803405891800824,0.0
Cxcl12_Cxcr4,1.0,0.6240874568416473,0.29419145652698386,0.17263225859629594,0.09862288750100541,0.03218777149682423,0.0
Cxcl13_Ackr1,0.46483979789944796,1.0,0.6899744941680758,0.5644047171732945,0.3788318040935886,0.134232765542194,0.0
Cxcl13_Cxcr5,1.0,0.6730583429396307,0.3221103676846158,0.20257090146082318,0.12035511021399221,0.041062564736687054,0.0
Cxcl16_Cxcr6,1.0,0.611857066074814,0.2643912173596722,0.15337253190204225,0.08434221520791117,0.026430158413271263,0.0
Cxcl2_Ackr1,0.23107179505001793,1.0,0.5244652885511386,0.4108648433076491,0.24955249877988786,0.0,0.07927244440605997
Cxcl2_Cxcr2,1.0,0.5875633142289912,0.23539792153506675,0.13905504332829302,0.0645640386126486,0.0,0.00691786110384384
Cxcl3_Ackr1,0.8353495453508604,1.0,0.5472325265834388,0.32331695941327976,0.17629012148795373,0.046040602716340355,0.0
Cxcl3_Cxcr2,1.0,0.5276337844975958,0.2187540914501225,0.11312559384363731,0.05611050409542346,0.014730606005226748,0.0
Cxcl5_Ackr1,0.6505624552701831,1.0,0.5911410490138096,0.4006647047703024,0.24173536965435263,0.059553196290477,0.0
Cxcl5_Cxcr2,1.0,0.567304315947859,0.2489947340600797,0.14321990654154712,0.07713724755072388,0.018991661724691633,0.0
Dhh_Ptch1_Smo,1.0,0.5112393449141839,0.1982553940284864,0.09718031244639716,0.04559664629182119,0.010165289813431034,0.0
Dhh_Ptch2_Smo,1.0,0.5535563439296145,0.22400663321212153,0.1123804873900089,0.055983299447660125,0.011245450504131045,0.0
Dlk1_Notch1,1.0,0.5462637755502475,0.24651098933029417,0.1535813451263966,0.08857881589715515,0.02579356086096288,0.0
Dlk1_Notch2,1.0,0.429414502245018,0.1581218378186927,0.07956378073382862,0.03872916426505588,0.009114462180606023,0.0
Dlk1_Notch3,1.0,0.4563018019596886,0.1792719326770704,0.09434501060959573,0.04929057297525671,0.013461428005746108,0.0
Dlk1_Notch4,1.0,0.605419620329877,0.2976443002806469,0.19117383939461027,0.11183566329245141,0.03695459705223176,0.0
Dll1_Notch1,1.0,0.5081679950266786,0.2334558187920912,0.12921161954596885,0.06875509677789413,0.018409574789286596,0.0
Dll1_Notch2,1.0,0.4530963280643044,0.16893247486287297,0.07776286280832923,0.03549230212585023,0.0076438576411508126,0.0
Dll1_Notch3,1.0,0.4755585826894268,0.1892612994454589,0.0913266282708465,0.04415683987454473,0.011141478059073994,0.0
Dll1_Notch4,1.0,0.5727477799245089,0.27956556467577776,0.15997022737003033,0.08730787854855267,0.02653356087839317,0.0
Dll3_Notch1,1.0,0.6172529079162413,0.33076563066869,0.20207077279199195,0.11673293717549334,0.03668887895195487,0.0
Dll3_Notch2,1.0,0.5938452929923074,0.2644013526836886,0.13695028360767605,0.06909868495044652,0.019647215327907693,0.0
Dll3_Notch3,1.0,0.617308379827903,0.29153748932432827,0.15729651600054745,0.08276228893839413,0.025017922177843162,0.0
Dll3_Notch4,1.0,0.7035465178193336,0.40222852935251285,0.2525511953090967,0.147001095573863,0.04933232709499708,0.0
Dll4_Notch1,1.0,0.6138101949260264,0.2909846329653821,0.1810496167778375,0.10945938006636216,0.036070085844327734,0.0
Dll4_Notch2,1.0,0.4877762948813246,0.1897962725749068,0.09451020024576226,0.04716669572295549,0.013203460392219821,0.0
Dll4_Notch3,1.0,0.5328696768919035,0.2224868877723091,0.11743032723399463,0.062355490482973,0.019302349264948816,0.0
Dll4_Notch4,1.0,0.642609063998595,0.3247234660058051,0.20505861554641408,0.12309068456673641,0.044084322690670745,0.0
Dmp1_Itgav_Itgb3,1.0,0.644652855435097,0.28719444543286854,0.1789546432911389,0.08927889525847851,0.007560053737957876,0.0
Dsc2_Dsg1c,1.0,0.6937634284742887,0.21869919159296813,0.1032023905402424,0.05182801738294623,0.0,0.0850256321181414
Dsc2_Dsg2,1.0,0.6436955719133689,0.2234241158455867,0.14194785745423466,0.07226271503058637,0.0,0.0004833079611213065
Dsg1c_Dsc3,1.0,0.6732470613525646,0.21347691964909526,0.0796428494678713,0.04540546601518121,0.0,0.09105079180098163
Dsg2_Dsc3,1.0,0.7088193480781598,0.25744298415003536,0.1444755511919519,0.0861085519801409,0.0,0.017563376046345152
Dspp_Itgav_Itgb1,1.0,0.5729194485278298,0.22918944198702826,0.1223992234145042,0.06382917276511375,0.012887200077998403,0.0
Dspp_Itgav_Itgb6,1.0,0.47374526591388555,0.15542065223272225,0.06287389649139503,0.027288645869019218,0.0014049555376546832,0.0
Eda_Eda2r,1.0,0.38027817587744617,0.1194123492448251,0.04959891124428644,0.022552084398846303,0.004175134238298696,0.0
Eda_Edar,1.0,0.4614962124825552,0.15391283752097407,0.05928774298615896,0.024072885194967794,0.0,0.006885619430388055
Edn1_Ednra,1.0,0.5197420756385986,0.19705253000999767,0.10043100500460363,0.050180895085915944,0.013412544566199315,0.0
Edn1_Ednrb,1.0,0.6347838478507672,0.2815153102653123,0.18074217547406768,0.10901540062562398,0.035256235890450835,0.0
Edn2_Ednra,1.0,0.6388040389623995,0.28164885259177713,0.15635017966594278,0.08471634157808797,0.01914624583155933,0.0
Edn2_Ednrb,1.0,0.8321888348619949,0.44027774860395175,0.3230554570962599,0.21659918727482474,0.06458940115360319,0.0
Edn3_Ednra,1.0,0.3887818115231033,0.1285999302010415,0.05215674971315814,0.022160887254037635,0.004373697770294765,0.0
Edn3_Ednrb,1.0,0.5056138084501304,0.2034553517735276,0.09970777480173805,0.050626968532950775,0.012901684638450905,0.0
Efna1_Epha1,1.0,0.5729913656691058,0.23832009017106967,0.13209901583415576,0.07203213281535636,0.018386795283023973,0.0
Efna1_Epha2,1.0,0.6748697819589162,0.3179173945265936,0.20133318939867478,0.11719228346198302,0.035209452712181684,0.0
Efna1_Epha3,1.0,0.5060272548974192,0.20326405903149208,0.1052111029009381,0.055454634316748797,0.017043972196670764,0.0
Efna1_Epha4,1.0,0.5345909618273584,0.22261185382645818,0.1183456859183652,0.0634668767983684,0.017627749141972605,0.0
Efna1_Epha5,1.0,0.8191158665963013,0.48227794250280487,0.3396071907437424,0.22141745478027766,0.08033308797030343,0.0
Efna1_Epha7,1.0,0.4779788447452271,0.17957679424371803,0.08359082177748166,0.03886330556947357,0.00817564678726783,0.0
Efna1_Epha8,0.8650659484589156,1.0,0.5584872515612178,0.4210783007249582,0.2795951776277936,0.04619572644032894,0.0
Efna2_Epha1,1.0,0.48240093548616847,0.1843286808527266,0.08784618682757007,0.04263304543300023,0.00919190550332594,0.0
Efna2_Epha2,1.0,0.5720079837510209,0.2496613515658133,0.13340790954873993,0.06895796195149702,0.017685476756007866,0.0
Efna2_Epha3,1.0,0.4164534323419525,0.14681179916247583,0.06645216202596926,0.031666905946516034,0.008752275153560371,0.0
Efna2_Epha4,1.0,0.4423951271360914,0.1648356878981722,0.07715798837244593,0.03727100037751222,0.009191746981080854,0.0
Efna2_Epha5,1.0,0.6463770505179907,0.33326676900127805,0.1990308553539362,0.11422202563943225,0.03617584556118625,0.0
Efna2_Epha7,1.0,0.40128023389106243,0.13612929984718378,0.05645641655858301,0.023821450207893485,0.004148331779327154,0.0
Efna2_Epha8,1.0,0.8261975029865326,0.4346461201868858,0.25263394105798676,0.1349087180394904,0.015326785512795345,0.0
Efna3_Epha1,1.0,0.6734548776186982,0.3096155138113336,0.17632403974153812,0.10095356908456563,0.029186762908138746,0.0
Efna3_Epha2,1.0,0.8214286091228119,0.43954320621787574,0.28631569500404497,0.17657511757804956,0.05737347049761305,0.0
Efna3_Epha3,1.0,0.5885594957029122,0.25266614267315374,0.13400682714286563,0.07302906392230744,0.023984558701859143,0.0
Efna3_Epha4,1.0,0.620604198944774,0.28030690243079326,0.1545356053880891,0.08589110121679996,0.02607279530153845,0.0
Efna3_Epha5,1.0,0.9589362237777793,0.6249473471253353,0.459427980535282,0.3140804991686902,0.11631795148222783,0.0
Efna3_Epha7,1.0,0.5542471985630101,0.22597935557795362,0.10896617939048558,0.053266523021244995,0.01259882975659139,0.0
Efna3_Epha8,0.47030417692221627,1.0,0.7005288595266649,0.570047725763015,0.42417544462328693,0.09317096421732517,0.0
Efna4_Epha1,1.0,0.4789035985403677,0.18316525192783575,0.08866843011608487,0.043906551156336085,0.01049339617393635,0.0
Efna4_Epha2,1.0,0.566541794445053,0.24549980785222647,0.13227784219387995,0.06887556693261794,0.0189991018142631,0.0
Efna4_Epha3,1.0,0.4102668851189404,0.14367778520974922,0.06503922204521655,0.03100083116264427,0.008739131611698224,0.0
Efna4_Epha4,1.0,0.4380055011840963,0.16159613841382378,0.07547109786866975,0.03657148359256286,0.009395199232600257,0.0
Efna4_Epha5,1.0,0.6491612399307172,0.32936831264975447,0.19434331077733516,0.11005010487435235,0.036316138639879404,0.0
Efna4_Epha7,1.0,0.39812726231578266,0.13487366202160742,0.05661806275377665,0.024422671017449476,0.0050595170711579054,0.0
Efna4_Epha8,1.0,0.8308381579828691,0.4408619130190146,0.2626287037335893,0.14387589741275109,0.028079767911905425,0.0
Efna5_Epha1,1.0,0.3744092731126467,0.11473538744807156,0.04254048930215362,0.015612829807916603,0.00027075877078160457,0.0
Efna5_Epha2,1.0,0.44431401140219934,0.15217058379626158,0.061551055159665365,0.02385075872864733,0.0015816352089513598,0.0
Efna5_Epha3,1.0,0.31599681340368296,0.08810735225860768,0.032095306882908306,0.012666220072900455,0.002403519807203377,0.0
Efna5_Epha4,1.0,0.3349776938126561,0.09885875173888425,0.03672833333573857,0.01430728782930005,0.0018101573175959265,0.0
Efna5_Epha5,1.0,0.5025684548681533,0.1960433742483499,0.08806134218936956,0.03966532938394564,0.007622073156886801,0.0
Efna5_Epha7,1.0,0.3046558963041262,0.08254249125327026,0.02711919984296384,0.00871220969315447,0.0,0.00033842988610613195
Efna5_Epha8,1.0,0.642068751181093,0.25945051896073384,0.10610392938401746,0.03896712876958606,0.0,0.0241817470110998
Efna5_Ephb2,1.0,0.4076230035794622,0.13300519492475985,0.051655397657635486,0.019795140707590263,0.0015316894497814483,0.0
Efnb1_Epha4,1.0,0.4796077334180856,0.19109833160548717,0.09688801293132937,0.050208955816102976,0.012968006412692187,0.0
Efnb1_Ephb1,1.0,0.6655961233329588,0.33935662851711895,0.21325375853736497,0.12941439188892892,0.038214275288018004,0.0
Efnb1_Ephb2,1.0,0.5723371566784042,0.25656286563106884,0.14389070690807182,0.07915478002491656,0.02103071931936135,0.0
Efnb1_Ephb3,1.0,0.5413983503330455,0.22628437235062435,0.12129953606521314,0.06448401233432437,0.01605411671752544,0.0
Efnb1_Ephb4,1.0,0.5117723769694051,0.2080473758802931,0.10947379966896421,0.057460706559153175,0.015230046038698293,0.0
Efnb2_Epha4,1.0,0.4607696700455105,0.17770124926307007,0.08738166138249548,0.04417375476913573,0.011131774507243154,0.0
Efnb2_Ephb1,1.0,0.6422075137266839,0.3160327364298049,0.19210352864532268,0.11397714424663354,0.03268027521467968,0.0
Efnb2_Ephb2,1.0,0.5517815878494767,0.23931534139994534,0.12969609775136337,0.06956192580035586,0.017889086193834374,0.0
Efnb2_Ephb3,1.0,0.5204340025030505,0.21045733446811166,0.10865971760399695,0.05600656154798861,0.013464781546439326,0.0
Efnb2_Ephb4,1.0,0.49192130466205797,0.19349593478012866,0.09798798423057627,0.049840682857600085,0.012792082920620423,0.0
Efnb3_Epha4,1.0,0.5055848208000185,0.2049429908190252,0.10478872736221377,0.05414085795488531,0.013394307387182468,0.0
Efnb3_Ephb1,1.0,0.69571567549714,0.3611208443564238,0.23022382176585857,0.14002667225071233,0.03866996928532333,0.0
Efnb3_Ephb2,1.0,0.6008820741913838,0.27372973815930257,0.15438700929984792,0.08440921250181731,0.02081950562194933,0.0
Efnb3_Ephb3,1.0,0.5693971561688482,0.23981679019394003,0.1280263382971249,0.06706877855202266,0.015511216033171323,0.0
Efnb3_Ephb4,1.0,0.5373205409432384,0.21935053822928524,0.11472338121135107,0.059328729965347014,0.014718487257447253,0.0
Efnb3_Ephb6,1.0,0.6353979374275505,0.3027410758498732,0.1793416122199766,0.10384583006804582,0.028398339822728727,0.0
Egf_Egfr,1.0,0.4201957207866671,0.1411892498986861,0.06143692671195959,0.02839700213008773,0.007195166481428866,0.0
Egf_Egfr_Erbb2,1.0,0.5485802344442066,0.21846797907637958,0.1022713942100456,0.047966254923605824,0.012193788194522602,0.0
Enho_Gpr19,1.0,0.8285188086881093,0.5114795700564612,0.3570701084596127,0.2286761553239961,0.08037687316599454,0.0
Entpd1_Adora1,1.0,0.5440760252759632,0.2208449068189889,0.12450216825902012,0.07781016760501089,0.027231390889483603,0.0
Entpd1_Adora2a,1.0,0.6023571027092834,0.280504296665833,0.1687870848788618,0.0988146988458497,0.03136367297932478,0.0
Entpd1_Adora2b,1.0,0.5943466109331628,0.275641299172885,0.16614055203688505,0.10063737817262297,0.03280284307283686,0.0
Entpd1_Tmigd3,1.0,0.5306818858916782,0.21766916665993702,0.11729324997732274,0.0625996774944018,0.01636941534192759,0.0
Epgn_Egfr,1.0,0.4442220342626376,0.1517438159994162,0.0635130852519053,0.02714113436995212,0.004410433422097112,0.0
Epo_Epor,1.0,0.4765158752983867,0.18929608352566865,0.09456883336654827,0.03221882112741458,0.0,0.008911993334825112
Ereg_Egfr,1.0,0.6190248846172746,0.25336519566497095,0.12834492686853333,0.06537924970064911,0.015196418575330209,0.0
Ereg_Egfr_Erbb2,1.0,0.7952335661171941,0.3762053629665383,0.20489424239251022,0.10597599816212659,0.024713516546469576,0.0
Ereg_Erbb2_Erbb4,1.0,0.8133514269161596,0.39390596975965736,0.25537458365149673,0.1521418654757058,0.035108483938871594,0.0
Ereg_Erbb4,1.0,0.6446062657322591,0.2626542051313262,0.14041687555654742,0.07502844072955431,0.019433226052297588,0.0
Esam_Esam,1.0,0.644701360065044,0.31687624853710095,0.2142375592826994,0.1338973883244644,0.04738564693912898,0.0
F11r_F11r,1.0,0.5934615279141253,0.2574143801763619,0.16033047124293037,0.08820193712507567,0.026931474835596162,0.0
F11r_Itgal_Itgb2,1.0,0.6231055886834026,0.2975950795775024,0.20130961797768815,0.1098391182000139,0.03336246452940439,0.0
F11r_Jam2,1.0,0.5531731141950829,0.23954436082241237,0.1356595228347611,0.07542455200041372,0.02353846612518093,0.0
F11r_Jam3,1.0,0.4966889314926558,0.19599431579507423,0.09939238560598014,0.05067191946361824,0.014566838030442475,0.0
F2_F2r,1.0,0.6348936471354754,0.32364596420626424,0.24701378802195822,0.10110661868569841,0.0,0.002058074852758178
F2_F2rl1,1.0,0.6947259906275626,0.3682791525527549,0.5017446267375854,0.22479385107784286,0.0,0.14769831056620933
F2_F2rl2,1.0,0.5634462654421193,0.30065894258442927,0.2232683067072602,0.07233084373035063,0.0,0.03666243465159722
F2_F2rl3,1.0,0.6332518197126262,0.3479253775985318,0.29757745877196484,0.11255583639701067,0.0,0.03785034930759964
F2_Pard3,1.0,0.4990410169568681,0.20970919154968296,0.11675573984197764,0.04181723487764191,0.0,0.012306077793948676
Fasl_Fas,0.309193985287802,1.0,0.735560223066158,0.6660149069983387,0.4769231955317919,0.1639817715420638,0.0
Fcer2a_Cr2,1.0,0.5053664858724211,0.18092833734312846,0.07505658075230354,0.03003463431491956,0.0,0.0015189317074561393
Fcer2a_Itgam_Itgb2,1.0,0.6427258604045052,0.3057220195284866,0.19128201460691904,0.10812939218027721,0.02891473652827527,0.0
Fcer2a_Itgav_Itgb3,1.0,0.59683896153599,0.2513871127502832,0.14145625884258764,0.07151444195816781,0.005383819515820031,0.0
Fcer2a_Itgax_Itgb2,1.0,0.653428386399185,0.2996864563908447,0.17568900150193761,0.09607453779932959,0.01646141939223195,0.0
Fgf1_Fgfr1,1.0,0.4899760592928784,0.18462620410311728,0.09115678919300332,0.045147534038475025,0.010209981338650385,0.0
Fgf1_Fgfr2,1.0,0.6283529402516999,0.23105489063346046,0.12094236468359733,0.06058502920784814,0.0,0.021188993526232734
Fgf1_Fgfr3,1.0,0.7612441725179393,0.36042421430519495,0.24033219761933675,0.1456189115364578,0.036765187874747335,0.0
Fgf1_Fgfr4,1.0,0.4472843107000635,0.1593137408703869,0.07892528199446681,0.04322958054161668,0.01007210602973741,0.0
Fgf10_Fgfr1,1.0,0.40701894210333794,0.14389676239181387,0.06677710511626753,0.032939888329629546,0.00811489555581897,0.0
Fgf10_Fgfr2,1.0,0.5529859669338381,0.22442297622039656,0.11391130133063619,0.05780469996512371,0.00694011276677571,0.0
Fgf15_Fgfr1,1.0,0.47194414466586193,0.17739711706223177,0.08226735542990533,0.03823654761416976,0.00869319237109812,0.0
Fgf15_Fgfr2,1.0,0.6192225695079093,0.28127665494493553,0.1514955599775897,0.07375532186917741,0.00653129591086828,0.0
Fgf15_Fgfr3,1.0,0.536200425742412,0.2605839138376934,0.14786440929557915,0.07703502307139587,0.019613293441580085,0.0
Fgf15_Fgfr4,1.0,0.4691179687794405,0.17124150004159708,0.08134510646073258,0.04045016680148669,0.009155001197772841,0.0
Fgf16_Fgfr1,1.0,0.48665287290700276,0.1925314752521475,0.10292254652578048,0.05723183219472629,0.018331373926987436,0.0
Fgf16_Fgfr2,1.0,0.6863882531116113,0.3293091175269158,0.21379947746063546,0.13715395179039366,0.044020227873855636,0.0
Fgf16_Fgfr3,1.0,0.7861277315255031,0.42156480408691294,0.2928248191588451,0.18757812153734368,0.06721219785331516,0.0
Fgf16_Fgfr4,1.0,0.42585202591496,0.16098460490740776,0.08715386457358838,0.053529697050009734,0.018304443386222,0.0
Fgf17_Fgfr1,1.0,0.4343052790244573,0.15338882078957436,0.06505626238942362,0.026368558884849267,0.004143313427071164,0.0
Fgf17_Fgfr2,1.0,0.5508053708928963,0.2298902510123057,0.10831795697730448,0.0421052315531964,0.0,0.007869065492201557
Fgf17_Fgfr3,1.0,0.5114677543159408,0.22891868174863256,0.11782834099129276,0.05319287989040461,0.009760539797790813,0.0
Fgf17_Fgfr4,1.0,0.4226151192583162,0.1473227648409959,0.06371513278571841,0.02653826862728449,0.003443757794304836,0.0
Fgf18_Fgfr1,1.0,0.41628369883323846,0.14593150558234783,0.06846076815346391,0.03358817732983665,0.010066462441590186,0.0
Fgf18_Fgfr2,1.0,0.5835804928634301,0.24880077846370335,0.1350600346999514,0.07283192601840117,0.01977893575876631,0.0
Fgf18_Fgfr3,1.0,0.6322776400066349,0.2927481741085573,0.1728333451081446,0.09724327682396092,0.03181408007382441,0.0
Fgf18_Fgfr4,1.0,0.41760739360003657,0.14481291485695294,0.06872923853274042,0.03705514791323455,0.011874421628980593,0.0
Fgf2_Fgfr1,1.0,0.47099137025016996,0.1824969647476358,0.09263543689186159,0.04824339486210812,0.0137193089947161,0.0
Fgf2_Fgfr2,1.0,0.652624359165527,0.29592468996515836,0.17491507464971134,0.09963024872627442,0.02231672553177555,0.0
Fgf2_Fgfr3,1.0,0.7000995123371949,0.35244705009681904,0.22844847864227472,0.13749369182451968,0.043555923575027404,0.0
Fgf2_Fgfr4,1.0,0.48010531198323675,0.18272209823365645,0.09544043631756596,0.0540230135673357,0.016575113874160184,0.0
Fgf20_Fgfr1,1.0,0.534054978532275,0.2223458381852895,0.11394579529459037,0.06020218151695309,0.01639740443059579,0.0
Fgf20_Fgfr2,1.0,0.7216331031562967,0.33391856109798823,0.1912490414335765,0.11001183361075688,0.010939222329124742,0.0
Fgf20_Fgfr3,1.0,0.7239636941036895,0.3922284663906299,0.2578809042278952,0.16048370743415208,0.04818204332125834,0.0
Fgf20_Fgfr4,1.0,0.5372324590090106,0.2150884032796746,0.11191238491427888,0.06656681024849037,0.019379850258521875,0.0
Fgf22_Fgfr2,1.0,0.7045859069178321,0.3056217593178022,0.16228454412114535,0.08270487374797458,0.0,0.004291570643914711
Fgf23_Fgfr1,1.0,0.5449183558056463,0.212484260849151,0.10343679853897006,0.049951904335639986,0.009411972723580853,0.0
Fgf23_Fgfr3,1.0,0.8114325004129037,0.409088866497147,0.26504101934013996,0.15384184038427995,0.03313155561640732,0.0
Fgf23_Fgfr4,1.0,0.5396722753224185,0.198481928723144,0.09596939527134042,0.050792044734253694,0.008520268003486806,0.0
Fgf3_Fgfr1,1.0,0.7340439320098118,0.36696953326327403,0.21735193916351941,0.12460133373102965,0.04077893179655225,0.0
Fgf3_Fgfr2,0.8916183976122851,1.0,0.625570887555377,0.47568754618741216,0.32702910930677115,0.0993025795437932,0.0
Fgf4_Fgfr1,1.0,0.4022619403212571,0.1307741079101952,0.0555646969566477,0.02620786943149071,0.005842602233005318,0.0
Fgf4_Fgfr2,1.0,0.5400177356426766,0.19390829187271633,0.0848657114525032,0.039457383942252844,0.0,0.0016731146980282568
Fgf4_Fgfr3,1.0,0.6250177514064228,0.26562508358538156,0.14296631618689717,0.07818867591889662,0.01941247783434659,0.0
Fgf4_Fgfr4,1.0,0.33466486061386314,0.10144602782683303,0.04238510469796522,0.02236404139410529,0.005059311218099671,0.0
Fgf5_Fgfr1,1.0,0.38168479033157693,0.11967200082842563,0.04719787929652601,0.019953033260138267,0.004565515478458965,0.0
Fgf5_Fgfr2,1.0,0.5151499007776089,0.1885273074606168,0.07749986721610921,0.030857837529976537,0.0004971591563829237,0.0
Fgf5_Fgfr3,1.0,0.5828896939664414,0.2400293635413812,0.1172156336781425,0.056503615835421975,0.013718969793009005,0.0
Fgf5_Fgfr4,1.0,0.3381559077307271,0.10294352119556464,0.04107740448423372,0.01995122334357756,0.004744650859493882,0.0
Fgf7_Fgfr1,1.0,0.39964365592112217,0.13721073769787887,0.0665755877399535,0.03587793270954802,0.012040889175741904,0.0
Fgf7_Fgfr2,1.0,0.5643017837270853,0.24151820530022808,0.14146778995567968,0.08828588121344406,0.031585900235011406,0.0
Fgf8_Fgfr1,1.0,0.4086526644562336,0.13597215252241435,0.05630909696236417,0.022592858950975958,0.003744196923728748,0.0
Fgf8_Fgfr2,1.0,0.5338725657917265,0.2095782901531184,0.09587469099868201,0.036110031906903726,0.0,0.005008170088166357
Fgf8_Fgfr3,1.0,0.525459446738849,0.22382311015501866,0.11382931898898571,0.050660671984928754,0.009455412413129605,0.0
Fgf8_Fgfr4,1.0,0.39893366538926717,0.1310451507187503,0.05520151703891809,0.02284086891495295,0.003450150379230886,0.0
Fgf9_Fgfr1,1.0,0.4365379232846812,0.1564214117302714,0.07263004427816258,0.03575608647342052,0.009623144518940965,0.0
Fgf9_Fgfr2,1.0,0.5903775790335352,0.2413506597067152,0.12467420897467776,0.0648964259334062,0.009566333497867431,0.0
Fgf9_Fgfr3,1.0,0.6729213592984912,0.32177335834203047,0.1937876248966252,0.11174261269464447,0.03339514087209107,0.0
Fgf9_Fgfr4,1.0,0.382730266211547,0.12930211738502057,0.06016388424845598,0.03291969697365655,0.009335353479666684,0.0
Flt3l_Flt3,1.0,0.6282679198817744,0.2765485118335592,0.16279277004021675,0.07351588133210293,0.0,0.0040125524982366646
Fn1_Cd44,1.0,0.8255538882231636,0.44429883320121466,0.36636666813139823,0.2767895384226936,0.10822083206073342,0.0
Fn1_Itga2b_Itgb3,1.0,0.4827827497395375,0.19159583601348257,0.11332025151666292,0.06233740620009534,0.019334274872275004,0.0
Fn1_Itga3_Itgb1,1.0,0.46221705125767526,0.1774390042832446,0.09580634755735357,0.05065074436207099,0.015167801790646163,0.0
Fn1_Itga4_Itgb1,1.0,0.3753318530338253,0.12473181727993261,0.06046857671066711,0.030105029504621954,0.008630773680315678,0.0
Fn1_Itga4_Itgb7,1.0,0.5117459467331152,0.21402188150255988,0.1266291720399018,0.07128496931017655,0.022697167671931882,0.0
Fn1_Itga5_Itgb1,1.0,0.42090270919715844,0.15144002470609005,0.08056035586881684,0.04305079389107602,0.014431175535738423,0.0
Fn1_Itga8_Itgb1,1.0,0.41583235854054723,0.15396111065796403,0.08149387207790593,0.04369741060554834,0.0134031475394031,0.0
Fn1_Itgav_Itgb1,1.0,0.44716251969380577,0.16676914515507718,0.08932875156707516,0.04802969735941368,0.014873997090898325,0.0
Fn1_Itgav_Itgb3,1.0,0.4822352448333891,0.19133633548048848,0.11313817105161704,0.062205864841765324,0.01924515315988185,0.0
Fn1_Itgav_Itgb6,1.0,0.35599174456432453,0.10774083328156599,0.04595321470496936,0.02235457438812861,0.006110970162509669,0.0
Fn1_Itgav_Itgb8,1.0,0.40849563347115586,0.14534917520180868,0.07223236503065548,0.03696026719909574,0.010781541090707069,0.0
Fn1_Sdc1,1.0,0.4465380839797875,0.17043245889772274,0.09049004685622018,0.04852497573499645,0.014948262173077513,0.0
Fn1_Sdc4,1.0,0.576243861828946,0.2533849149986932,0.15878948094809334,0.09255878041597924,0.030544359052019493,0.0
Gal_Galr1,0.7090773919569409,1.0,0.4358380739024943,0.22468013625672953,0.25186189255861885,0.0,0.05169195435902903
Gal_Galr2,1.0,0.6487161122507868,0.2690744764067047,0.10672572422710058,0.07788126665812985,0.0,0.007329754329238897
Gal_Galr3,1.0,0.6414191723035243,0.2896380751875384,0.15722858550562294,0.09702743752265915,0.01734757888721483,0.0
Galp_Galr1,1.0,0.7521182746729685,0.31632850133229284,0.14366633557327574,0.06192467351635909,0.0,0.015337136777759847
Galp_Galr2,1.0,0.45867317857445195,0.1601211409159853,0.06073636731229486,0.02280363804792399,0.0,0.005379445192147388
Gas6_Axl,1.0,0.6446056769474904,0.2985462370141457,0.20262621631501732,0.12850350643943045,0.04791133953323782,0.0
Gas6_Mertk,1.0,0.5290710931361635,0.21321612712829027,0.1164566563657904,0.06134075778305147,0.01897573508258218,0.0
Gas6_Tyro3,1.0,0.6247379801148666,0.2917067437475674,0.18358418231088738,0.11157721631005131,0.0392251653012571,0.0
Gcg_Gcgr,1.0,0.8518318398575949,0.5887052614067007,0.49240694541362073,0.2933253126726857,0.10524051822456093,0.0
Gcg_Gipr,1.0,0.7108384834663143,0.39132134609858615,0.29375243604277357,0.18539813240187983,0.07070231392461285,0.0
Gcg_Glp1r,1.0,0.6244600954719705,0.3414154971718326,0.22260696442940436,0.13601429846958624,0.049313760485217455,0.0
Gcg_Glp2r,1.0,0.6286264376249424,0.349261080608277,0.2621144640915474,0.14065781171942932,0.04238718128518736,0.0
Gdf10_Acvr1b_Acvr2a,1.0,0.6745699106038512,0.32190525323872266,0.20026297371321222,0.11826956415526921,0.03939123644604234,0.0
Gdf11_Acvr1b_Acvr2b,1.0,0.6037345246208414,0.27212598215983114,0.13883716809747434,0.06724986152349607,0.014421002200235783,0.0
Gdf11_Tgfbr1_Acvr2a,1.0,0.5403678361732579,0.22342064475437742,0.11374325144721738,0.05946822015878068,0.014859983769166361,0.0
Gdf11_Tgfbr1_Acvr2b,1.0,0.4999861569921674,0.19602886679456272,0.09127556493995158,0.042107816303845094,0.008087764068530102,0.0
Gdf15_Tgfbr2,1.0,0.6233040962206596,0.30380049431046685,0.20616859718232025,0.11669565595929947,0.0377649562217613,0.0
Gdf2_Acvrl1_Acvr2a,1.0,0.8807602361785605,0.5202152966464335,0.4504445498373283,0.23340091819191736,0.03227559126549296,0.0
Gdf2_Acvrl1_Bmpr2,1.0,0.8807602361785605,0.5202152966464335,0.4504445498373283,0.23340091819191736,0.03227559126549296,0.0
Gdf3_Acvr1b_Acvr2a_Cfc1,1.0,0.849011788365247,0.45848323866542007,0.3842218761906065,0.22079113974647027,0.06012677332813603,0.0
Gdf3_Acvr1b_Acvr2b_Cfc1,1.0,0.849011788365247,0.45848323866542007,0.3842218761906065,0.22079113974647027,0.06012677332813603,0.0
Gdf3_Acvr1c_Acvr2a_Cfc1,1.0,0.849011788365247,0.45848323866542007,0.3842218761906065,0.22079113974647027,0.06012677332813603,0.0
Gdf3_Acvr1c_Acvr2b_Cfc1,1.0,0.849011788365247,0.45848323866542007,0.3842218761906065,0.22079113974647027,0.06012677332813603,0.0
Gdf5_Bmpr1a_Acvr2a,1.0,0.5381163348446519,0.2254842010181143,0.12441285997542466,0.06750753336818283,0.022984588572858823,0.0
Gdf5_Bmpr1a_Acvr2b,1.0,0.49771765957931935,0.19460740242263733,0.09723965567056048,0.04818371269223447,0.014757681332788484,0.0
Gdf5_Bmpr1a_Bmpr2,1.0,0.47229755115384403,0.17876126308069717,0.08866257038271248,0.043817371199212016,0.013690718163799007,0.0
Gdf5_Bmpr1b_Acvr2a,1.0,0.5263532410541645,0.20719763148413856,0.09699513436279568,0.04505123672482245,0.013397687002530299,0.0
Gdf5_Bmpr1b_Acvr2b,1.0,0.49381920531107115,0.18866367768595974,0.09137662434525684,0.043373060470307104,0.012821388144584424,0.0
Gdf5_Bmpr1b_Bmpr2,1.0,0.3944857925586353,0.12534512223225508,0.05297311075046402,0.022973186254884363,0.006577378307318892,0.0
Gdf6_Bmpr1a_Acvr2a,1.0,0.4674697483771447,0.1727002615055852,0.08115307251048375,0.03752200591059568,0.008889914054006272,0.0
Gdf6_Bmpr1a_Acvr2b,1.0,0.43268376264333713,0.14956349912825953,0.06319427536857368,0.025797417265862238,0.0045058184534527155,0.0
Gdf6_Bmpr1a_Bmpr2,1.0,0.42157076205886757,0.14399032000928189,0.06240349974708235,0.02669589210741189,0.005852212027398897,0.0
Gdf6_Bmpr1b_Acvr2a,1.0,0.45781074015945744,0.16094869173105697,0.06564377221458399,0.026431673307319416,0.005374283908431433,0.0
Gdf6_Bmpr1b_Acvr2b,1.0,0.431061627743892,0.14725798395610484,0.06119034924356685,0.024148820416487884,0.003951186289846477,0.0
Gdf6_Bmpr1b_Bmpr2,1.0,0.3577419628490418,0.10558258386161869,0.03991662504917087,0.015243319753626205,0.0029573570316602,0.0
Gdf7_Bmpr1a_Acvr2a,1.0,0.5498121394593128,0.2390642998278238,0.12995302494444225,0.07034719953526591,0.02032435390236351,0.0
Gdf7_Bmpr1a_Acvr2b,1.0,0.5059282001870622,0.2057999485625616,0.10065384764373887,0.048840414477693585,0.011664704308711055,0.0
Gdf7_Bmpr1a_Bmpr2,1.0,0.49217843722593924,0.19452610262740094,0.09404174172347776,0.04570157032427098,0.012154454437466534,0.0
Gdf7_Bmpr1b_Acvr2a,1.0,0.5359707033022255,0.21645612223362834,0.09784101998803278,0.043951278002212484,0.010716822765085192,0.0
Gdf7_Bmpr1b_Acvr2b,1.0,0.4992436259414093,0.19566589742926682,0.0908955210975067,0.041299330782163045,0.008890786991835726,0.0
Gdf7_Bmpr1b_Bmpr2,1.0,0.4241076169919238,0.14286773715924228,0.05954569690540529,0.02526205638350886,0.00591177367513339,0.0
Gdf9_Acvr1b_Bmpr2,1.0,0.6916733560921603,0.3480171474405702,0.2177168774616113,0.13181664350595848,0.039768366678790704,0.0
Gdnf_Gfra1_Ret,1.0,0.6578805876534684,0.30219034532376976,0.14248191582008893,0.06606450778433151,0.007702589855586438,0.0
Ghrh_Vipr1,1.0,0.6256606255932473,0.2953184171669138,0.1799815664703085,0.10575843770795548,0.02561778651375602,0.0
Ghrh_Vipr2,1.0,0.6012659604198284,0.27022977028934353,0.15455227696198617,0.0866220071756908,0.024580573595715697,0.0
Gip_Gipr,1.0,0.6472351160014871,0.28418979253181265,0.19169464896985702,0.11235720887674878,0.029937133040776134,0.0
Gm7030_Cd8a,1.0,0.46451339843987727,0.17519166403918576,0.08083490216908708,0.038423618367884264,0.00614998888441056,0.0
Gm7030_Cd8b1,1.0,0.4989087865785554,0.17137283062888578,0.06695343908019526,0.02603417026526829,0.0,0.02703471130645089
Gm8909_Cd8a,1.0,0.44218176965487416,0.16225238060988337,0.06600153959369469,0.026302387625714164,0.0,0.0013076741171080446
Gm8909_Cd8b1,1.0,0.46739412636318556,0.1511913439425374,0.0458515323852048,0.011582149956159445,0.0,0.04977638127157912
Gp1ba_Itgam_Itgb2,1.0,0.6370740294112551,0.3125461660696117,0.21564598342722863,0.10660878323744019,0.02370182212172655,0.0
Grn_Sort1,1.0,0.6607811300246763,0.3146935905020006,0.20118861306718533,0.11996951341236736,0.041039726499446254,0.0
Grp_Grpr,1.0,0.7164772148756519,0.32080957544557487,0.17270496391328313,0.08834205511782392,0.029443629984569217,0.0
Guca2a_Gucy2c,1.0,0.5914183344764345,0.27524358182559144,0.15618201472752696,0.0693169245520066,0.0,0.002810065041033664
Guca2b_Gucy2c,1.0,0.8339749321269597,0.43141825583556825,0.2962840655819938,0.16365740701304032,0.01391349294098143,0.0
Gzma_F2r,1.0,0.7922099141522937,0.43885485329114665,0.34403406336963116,0.22815456371738882,0.09251766642642151,0.0
Gzma_F2rl1,0.8089676421869049,1.0,0.7186062094608372,0.6983962419281418,0.5429271046155391,0.24011839768647728,0.0
Gzma_F2rl2,1.0,0.6677755025130517,0.3430634003461987,0.2554286701517301,0.15136847629180583,0.05939957253358354,0.0
Gzma_F2rl3,1.0,0.8825743037939943,0.5364290874469111,0.46561038230554624,0.32779710956564384,0.1399232691856161,0.0
Gzma_Pard3,1.0,0.6812826880598575,0.3346925193700303,0.2116516678078775,0.12532835224186237,0.04687283651980668,0.0
H2-Aa_Cd4,1.0,0.8824320335831274,0.5123436973497862,0.4071257321071695,0.27693579588933875,0.10731718477368514,0.0
H2-Ab1_Cd4,1.0,0.7023640276656643,0.35660271204710914,0.2525606815630456,0.15548941100337024,0.05639599363328374,0.0
H2-D1_Cd8a,1.0,0.732090303352961,0.37729974591730603,0.23525858778787015,0.14463602956148025,0.046778221864219996,0.0
H2-D1_Cd8b1,1.0,0.7515934504018308,0.3245802053337019,0.1824456752966307,0.096674434997363,0.0,0.009212848019035219
H2-DMa_Cd4,1.0,0.6716954375078421,0.3334547217332264,0.21177440854704246,0.12597629853488826,0.039218801006777756,0.0
H2-DMb1_Cd4,1.0,0.678221440335325,0.33849856566131337,0.22463837366761405,0.1347786724468527,0.04194426482002228,0.0
H2-DMb2_Cd4,1.0,0.6009457654370366,0.26099327740839184,0.14839576324476506,0.07769147112324054,0.013911976718561115,0.0
H2-Eb1_Cd4,1.0,0.7263866829022108,0.38318641410151527,0.26235881187734905,0.16560267588544691,0.059838825119073125,0.0
H2-K1_Cd8a,1.0,0.6940489708717519,0.34719538993259796,0.21779576106703008,0.12463774585826516,0.031608184053259186,0.0
H2-K1_Cd8b1,1.0,0.7008912233816973,0.2804669500653168,0.16459557112593262,0.07855437899607567,0.0,0.06778806856527701
H2-M3_Cd8a,1.0,0.5403999607703426,0.24203151291200645,0.1369806709325661,0.07854351251042448,0.025870974949161553,0.0
H2-M3_Cd8b1,1.0,0.5773604898014011,0.2374222190816701,0.1256487918818889,0.06520292933890623,0.008955622120148748,0.0
H2-M5_Cd8a,1.0,0.5268550463472309,0.2054865037745976,0.09884200363533614,0.05150506479573657,0.009421001021180158,0.0
H2-M5_Cd8b1,1.0,0.5720660936991757,0.19965908914964667,0.0794650682952022,0.03461575442671265,0.0,0.03667974858535626
H2-Oa_Cd4,1.0,0.5796489737187338,0.2626519478729946,0.15441409417561244,0.0839953194033649,0.02481265161350351,0.0
H2-Q1_Cd8a,1.0,0.5198350094695261,0.2137657825703444,0.1080463586243861,0.051764461599060556,0.004920806484691998,0.0
H2-Q1_Cd8b1,1.0,0.5327788757239933,0.1764697201691258,0.07059342311540691,0.024190449198704316,0.0,0.07774124961509715
H2-Q10_Cd8a,1.0,0.6860026987465321,0.3554802587029931,0.2676759618114645,0.12935200029140267,0.0,0.010885565848470946
H2-Q10_Cd8b1,1.0,0.6044372421492914,0.08094385197422857,0.15530945694967457,0.024356909582810993,0.0,0.6316469651024998
H2-Q2_Cd8a,1.0,0.562415855486569,0.2261399176110277,0.10776516057813376,0.048739867515806674,0.0,0.001671084759928816
H2-Q2_Cd8b1,1.0,0.561779920692446,0.17414466457706468,0.06301045158185392,0.02076618491852013,0.0,0.08943764668060868
H2-Q4_Cd8a,1.0,0.4642916246713447,0.1742037178723325,0.08010555804452929,0.03719423590685162,0.005773596947436674,0.0
H2-Q4_Cd8b1,1.0,0.4896406330271886,0.16540705592411353,0.06551861974263022,0.024455595564359865,0.0,0.025368975492797687
H2-Q6_Cd8a,1.0,0.5070671527479824,0.2210729877027842,0.12319628740996763,0.05936175996734163,0.011073103526237997,0.0
H2-Q6_Cd8b1,1.0,0.5147855078749342,0.1938208313899378,0.10086484355001574,0.03694878342689324,0.0,0.0495001420799714
H2-Q7_Cd8a,1.0,0.49769608787669023,0.20158597994315294,0.09962548658752529,0.04703931792489017,0.009063251186621912,0.0
H2-Q7_Cd8b1,1.0,0.5236339795320797,0.1963830356982419,0.08830371297112723,0.0334739398705899,0.0,0.023880532032456183
H2-T22_Cd8a,1.0,0.48974389637752747,0.19739684456891346,0.10063664586068592,0.053893655829109946,0.015422047557285129,0.0
H2-T22_Cd8b1,1.0,0.5255621398049933,0.19341932547415652,0.08682400705014305,0.038406851921440215,0.0,0.0037078403735853896
H2-T23_Cd8a,1.0,0.6238112961156993,0.2942052921080166,0.17560149494988092,0.10302970102984949,0.02978945527914449,0.0
H2-T23_Cd8b1,1.0,0.654786263884278,0.26169575146906315,0.14268205918882632,0.07341544591585773,0.0,0.016478164818678396
H2-T24_Cd8a,1.0,0.4708671964276716,0.17417698413721971,0.0772348284588977,0.036648789546856124,0.004840227331079399,0.0
H2-T24_Cd8b1,1.0,0.506261697264468,0.17326865978867798,0.06467545569677494,0.02462353719099547,0.0,0.03063263423331009
H2-T3_Cd8a,1.0,0.5585988827795901,0.22231997922095023,0.09827580224630506,0.042378559161248996,0.0,0.009818022672188597
H2-T3_Cd8b1,1.0,0.5758636889859451,0.17117450877136955,0.04095141902420419,0.0043196107601888006,0.0,0.13434087816850895
Hbegf_Egfr,1.0,0.5003823427110091,0.1948082490147686,0.10157361596386641,0.05519888218499157,0.019115801454294118,0.0
Hbegf_Egfr_Erbb2,1.0,0.6522462042966837,0.3025356265140809,0.17078712047359434,0.09429343623313742,0.03275571844911309,0.0
Hbegf_Erbb2_Erbb4,1.0,0.6611949683976958,0.315749080619376,0.20814949684936265,0.1295988669468853,0.04412549030532386,0.0
Hbegf_Erbb4,1.0,0.5189203289884051,0.20550532783425454,0.11516398310021876,0.06698203420804566,0.02328801128339311,0.0
Hc_C5ar1,1.0,0.6413221377469789,0.35580629444231304,0.2889847249427924,0.11098005182336665,0.0,0.027847575772125478
Hcrt_Hcrtr1,0.14422114990219537,1.0,0.9390428260039625,0.9573166305355998,0.7761278768909354,0.24879940925224484,0.0
Hcrt_Hcrtr2,0.9172124691883784,1.0,0.7091557083137519,0.60097686290697,0.45551535682540106,0.1523253634820711,0.0
Hgf_Met,1.0,0.4158278687772375,0.14162276434959298,0.06087139931577353,0.024656121977679468,0.0030434263220821393,0.0
Hspg2_Dag1,1.0,0.6701011765999566,0.2713451359111247,0.15803214455676878,0.0846062694181675,0.015216501910467823,0.0
Iapp_Calcr,0.8106849874607491,1.0,0.8487786301649632,0.7732932895806441,0.5897030828528506,0.2440808495596704,0.0
Iapp_Calcrl,1.0,0.7140460917512732,0.410678041786504,0.28637035512697523,0.1826861286301662,0.07150868445095752,0.0
Ibsp_Itgav_Itgb3,1.0,0.7637545515388948,0.40850482802825583,0.31494237730383684,0.19251715758401733,0.055548018299272424,0.0
Ibsp_Itgav_Itgb5,1.0,0.7662792555861689,0.39566490272083704,0.26664826092387617,0.160963567127047,0.04773847252397891,0.0
Icam1_Itgal,1.0,0.8030740307690641,0.4269161229716705,0.3272778562766319,0.1873638547472888,0.04710913168848712,0.0
Icam1_Itgal_Itgb2,1.0,0.6544271628767665,0.3258026947128722,0.22575278260726495,0.12688815502545178,0.0373186185187375,0.0
Icam1_Itgam_Itgb2,1.0,0.6603189743360642,0.3304169822477603,0.2289500804432114,0.12868525014332638,0.037847155694901775,0.0
Icam1_Itgax_Itgb2,1.0,0.6681066873358011,0.32043998159505827,0.21016530970565206,0.11926345438343773,0.030162115226795433,0.0
Icam1_Spn,1.0,0.779027709471769,0.44665945713148664,0.392177763143906,0.1686083980835672,0.0,0.007337661494448487
Icam2_Itgal_Itgb2,1.0,0.6185581904331329,0.2999877339421403,0.20501200095463087,0.11873379809027769,0.042232489720606205,0.0
Icam2_Itgam_Itgb2,1.0,0.6225473206008407,0.303056723338265,0.20710935223209814,0.11994849031289687,0.042664544263041206,0.0
Icosl_Cd28,1.0,0.6328348507373573,0.3090712098082714,0.20222296012345853,0.12467325242005492,0.042128047311931295,0.0
Icosl_Ctla4,1.0,0.6019131727826817,0.2927063411226451,0.18534266223564902,0.11059403153962555,0.03785335248572462,0.0
Icosl_Icos,1.0,0.6093024697515409,0.28508044560332246,0.1765864508827002,0.10368747675499497,0.02924532726016655,0.0
Ifnk_Ifnar1_Ifnar2,1.0,0.3934234943113524,0.12882948860067595,0.05247911606615803,0.020216474368936428,0.0020680609242708045,0.0
Igf1_Igf1r,1.0,0.4629027718490605,0.16587936456784702,0.07920669830674665,0.038596444865639984,0.011362527614927785,0.0
Igf1_Itga6_Itgb4,1.0,0.6552826691066986,0.29616336107318625,0.18628212335382024,0.11310595162597413,0.03644803335690488,0.0
Igf1_Itgav_Itgb3,1.0,0.6246265844463867,0.2870050726099597,0.19551379806237107,0.1168765532075688,0.04005526140529365,0.0
Igf2_Igf1r,1.0,0.5179161890462792,0.19736525935692467,0.0976464539232899,0.04668754774892368,0.011471277618355962,0.0
Igf2_Igf2r,1.0,0.5733352498462398,0.22907205420483887,0.13949795260627082,0.07524197280900234,0.025163180407350525,0.0
Igf2_Itga6_Itgb4,1.0,0.7675858483894673,0.3632467244793763,0.24472523938670357,0.14829755072882214,0.03780392468435817,0.0
Igf2_Itgav_Itgb3,1.0,0.7407433064747762,0.3583017726475241,0.2646170483646215,0.15577167267284406,0.04573468168824228,0.0
Ihh_Ptch1_Smo,1.0,0.5963095615973193,0.27895469993507194,0.16298829177216367,0.08627273331583764,0.02334528373052436,0.0
Ihh_Ptch2_Smo,1.0,0.6548834594439007,0.32383493811028624,0.20023385982109843,0.11311199473393228,0.029415074836563224,0.0
Il10_Il10ra_Il10rb,1.0,0.7874185133134924,0.4516229427033943,0.3122323328446783,0.19185781830849857,0.06818574822150615,0.0
Il11_Il11ra1_Il6st,1.0,0.60079147470703,0.25140210458278583,0.1313731423488758,0.0663415122731388,0.01121335167843401,0.0
Il15_Il15ra_Il2rb_Il2rg,1.0,0.6464226060178381,0.30947514969195833,0.20518953083127336,0.12176262576351789,0.04281415061472667,0.0
Il16_Cd4,1.0,0.6079518268631143,0.2730816499522124,0.1653787702872281,0.09247141177429076,0.0250203150062924,0.0
Il17b_Il17rb,1.0,0.6208821843159125,0.26678712127164844,0.16235909247229074,0.10684773423246986,0.04001549676973369,0.0
Il17f_Il17ra_Il17rc,1.0,0.6568475348597884,0.2586034307058299,0.12383939016174698,0.05816437534819708,0.0,0.021361640853992538
Il18_Il18r1_Il18rap,0.8553399869383517,1.0,0.6947153705540127,0.5989279124183824,0.4291576181403153,0.1579725728526102,0.0
Il19_Il20ra_Il20rb,1.0,0.5007428097873133,0.17707273956509098,0.0758242106635751,0.03064789318482877,0.0,0.003720432688902828
Il1a_Il1r1_Il1rap,1.0,0.5576186742360049,0.24579163218333852,0.1476968634684811,0.07302154709436871,0.015804320220793342,0.0
Il1b_Il1r1_Il1rap,1.0,0.6162762078311856,0.2853955976839689,0.17826553606521375,0.09423765726054179,0.026252920699479897,0.0
Il2_Il2ra_Il2rb_Il2rg,1.0,0.8440491264361606,0.4954561346592689,0.35500108444134554,0.2327438402096293,0.08751818577603387,0.0
Il2_Il2rb_Il2rg,1.0,0.8007909127961307,0.46420075033683794,0.3324600979453948,0.2179656437783793,0.08196117107893192,0.0
Il22_Il22ra1_Il10rb,1.0,0.5094237805877565,0.17286942726690946,0.08148817795107165,0.04880353579027858,0.0,0.017576089592621212
Il25_Il17ra_Il17rb,1.0,0.7484432732807182,0.4338562926289762,0.3310620213725737,0.24165300349247512,0.09402021348808733,0.0
Il27_Ebi3_Il27ra_Il6st,1.0,0.6756985147214736,0.2825120623675571,0.163566209257446,0.08769103392920183,0.023063771971440397,0.0
Il31_Il31ra_Osmr,1.0,0.6611036662268067,0.24439887509550925,0.13000714957242365,0.06796087700044096,0.0,0.006540533416702317
Il33_Il1rl1_Il1rap,1.0,0.5193660249976247,0.22158506770493425,0.13353733203103385,0.07447634970179931,0.020910529919805167,0.0
Il34_Csf1r,1.0,0.6913764715449973,0.33186999545183443,0.20900517248815004,0.12394765211916603,0.03229614128286864,0.0
Il4_Il4ra,0.6947164993476371,1.0,0.6342595672722819,0.5061641670351614,0.3543557713281324,0.10855723506945468,0.0
Il4_Il4ra_Il13ra1,0.8401606540207259,1.0,0.5770529902715456,0.43620529392490714,0.29985356416230735,0.0883532409614725,0.0
Il4_Il4ra_Il13ra2,1.0,0.8997548568779224,0.4537770705794437,0.2993204125778468,0.19390792878561744,0.05118972551112672,0.0
Il4_Il4ra_Il2rg,0.9815771382848935,1.0,0.5919365277674299,0.44178097398015415,0.29601268367370615,0.1029606402591694,0.0
Il5_Il5ra_Csf2rb,1.0,0.5348124989135907,0.19328811501730486,0.08418396644439718,0.03605094659311136,0.0,0.009210839918427399
Il6_Il6ra_Il6st,1.0,0.5307072407939294,0.19046629246561664,0.0971527893514949,0.03571412589033693,0.0,0.03207083655969501
Il7_Il7r_Il2rg,1.0,0.908832080839124,0.5741202500154986,0.4712929644272326,0.3245041250154071,0.13348131498939317,0.0
Inha_Inhba_Acvr2a,1.0,0.6201211089537205,0.25113743457207127,0.13103069378897025,0.0682230024662066,0.017658460229934017,0.0
Inha_Inhbb_Acvr2b,1.0,0.5992483483550152,0.28022830588864095,0.15922433248831958,0.08690678660942483,0.022485600806514867,0.0
Inhba_Acvr1b_Acvr2a,1.0,0.587099440747846,0.24938141086630175,0.13702933181455965,0.0751539153556882,0.020190786260012816,0.0
Inhba_Acvr1b_Acvr2b,1.0,0.5851743405886657,0.2516236435333017,0.1269270464972325,0.05994209217297084,0.012530044208424492,0.0
Inhba_Inhbb_Acvr1b_Acvr2a,1.0,0.8258857100602627,0.47544409433260704,0.34456991948356824,0.22406256788392806,0.0724627213801208,0.0
Inhba_Inhbb_Acvr1b_Acvr2b,1.0,0.8168951756601813,0.47035272550418783,0.31131558437424134,0.1816435360408985,0.05157409580742851,0.0
Inhba_Inhbb_Acvr1c_Acvr2a,1.0,0.8246155751361633,0.4258220028153829,0.3017316223857713,0.18644304427652666,0.046938243439610276,0.0
Inhba_Inhbb_Acvr1c_Acvr2b,1.0,0.8246155751361633,0.4258220028153829,0.3017316223857713,0.18644304427652666,0.046938243439610276,0.0
Inhbb_Acvr1b_Acvr2a,1.0,0.7517270649496459,0.40616669982324816,0.28110335579916496,0.18279233380426865,0.05911604321307667,0.0
Inhbb_Acvr1b_Acvr2b,1.0,0.7471312869721651,0.4044428707273093,0.2561402276234401,0.14945032951486228,0.042433707712872755,0.0
Inhbb_Acvr1c_Acvr2a,1.0,0.7648311826840276,0.3760410067937455,0.25409505743490085,0.15700792535166452,0.039528100252577025,0.0
Inhbb_Acvr1c_Acvr2b,1.0,0.7648311826840276,0.3760410067937455,0.25409505743490085,0.15700792535166452,0.039528100252577025,0.0
Inhbc_Acvr1b_Acvr2a,1.0,0.8105590724688037,0.44398578040488534,0.39379624218720144,0.18146752483139403,0.0,0.0165361609218648
Inhbc_Acvr1b_Acvr2b,1.0,0.8155830429316094,0.4706474985756553,0.3313492329522755,0.1291904881002872,0.0,0.03098432064419512
Inhbc_Acvr1c_Acvr2a,1.0,0.7433664139284177,0.33248540374083296,0.2989220930316933,0.1246587687678072,0.0,0.08828987954438744
Inhbc_Acvr1c_Acvr2b,1.0,0.7433664139284177,0.33248540374083296,0.2989220930316933,0.1246587687678072,0.0,0.08828987954438744
Inhbe_Acvr1b_Acvr2a,1.0,0.5872842133786795,0.2560449439350424,0.15288803738326084,0.0759313716299637,0.00781269723956017,0.0
Inhbe_Acvr1b_Acvr2b,1.0,0.5960263773811463,0.2678732235273852,0.14258989639555375,0.05871594195646637,0.0002547345374711754,0.0
Inhbe_Acvr1c_Acvr2a,1.0,0.592502087910379,0.23519915124184565,0.1335031106090705,0.05904402668071034,0.0,0.016295507247897675
Inhbe_Acvr1c_Acvr2b,1.0,0.592502087910379,0.23519915124184565,0.1335031106090705,0.05904402668071034,0.0,0.016295507247897675
Ins2_Insr,1.0,0.6958022401451256,0.38600928284991853,0.27774255504229595,0.17984114511200644,0.06767443967815769,0.0
Insl5_Rxfp1,1.0,0.422813815756039,0.13475113692006108,0.060827294846628736,0.025141741570737383,0.003828549541999424,0.0
Insl5_Rxfp2,1.0,0.3568112495508306,0.1065673779130107,0.0395201408893242,0.014472702500323516,0.002495526102347917,0.0
Insl5_Rxfp3,1.0,0.36964137540789266,0.1148145990944757,0.042272490929487344,0.014706816071455851,0.0004102871118718594,0.0
Itga4_Itgb1_Vcam1,1.0,0.4435870367533941,0.16117310932966206,0.08137355172044956,0.03822133020653855,0.007017503637957451,0.0
Itga4_Itgb7_Vcam1,1.0,0.5911002216297858,0.26726020503808773,0.16369554460779065,0.08988167705890752,0.022324246966966176,0.0
Itga9_Itgb1_Vcam1,1.0,0.48145981199224047,0.18660857189246377,0.09516997318776707,0.04744222862142098,0.011688294910429765,0.0
Itgal_Itgb2_Cd226,1.0,0.6145575889396448,0.2516547005967876,0.14341051182152678,0.06699420845821438,0.0,0.004437262159798905
Itgal_Itgb2_Icam1,1.0,0.6549735983524464,0.32544981348393753,0.22573645686818175,0.1268795586148314,0.037341385908718265,0.0
Itgal_Itgb2_Icam2,1.0,0.61894712938582,0.29987435706188015,0.20501921871798157,0.11870533182989929,0.042300134811267064,0.0
Jag1_Notch1,1.0,0.5610248820642724,0.23941471095154251,0.13213084016951693,0.07417628854211544,0.018834010295862423,0.0
Jag1_Notch2,1.0,0.43825965109932075,0.15493160780604895,0.06909476133369084,0.03137010782450592,0.005954258327349739,0.0
Jag1_Notch3,1.0,0.4830271040962904,0.18373826682307748,0.0874508228758682,0.04294872709969834,0.010353302705933964,0.0
Jag1_Notch4,1.0,0.5927638136576849,0.2731175485874157,0.1564394420614431,0.0886909494704027,0.02767678064319135,0.0
Jag2_Notch1,1.0,0.7532443111902569,0.3830610174419444,0.24987929370387513,0.16278627358772738,0.04381214513023949,0.0
Jag2_Notch2,1.0,0.601372496599305,0.2507406912717245,0.12675440362121113,0.06402337942223198,0.012282400405722774,0.0
Jag2_Notch3,1.0,0.6429576065376429,0.28875338592626476,0.1567274521740721,0.08674922765748778,0.021970191345666537,0.0
Jag2_Notch4,1.0,0.8236513545678255,0.46194222462990925,0.3126720258854482,0.20260957267015287,0.06680489060765248,0.0
Jam2_F11r,1.0,0.5537859817135851,0.23942630112921862,0.13581175716664848,0.07530188927386854,0.023465180790346932,0.0
Jam2_Itga3_Itgb1,1.0,0.5044363687445659,0.20943021940748663,0.11044295110142094,0.057988630242222346,0.015290090664367548,0.0
Jam2_Itgav_Itgb1,1.0,0.5122314417757484,0.20611623322947006,0.10785836988084488,0.05745783538099365,0.015960360323122966,0.0
Jam2_Jam2,1.0,0.4561156416290372,0.18803867241508218,0.09733120061343913,0.05114737234355071,0.015206141912419553,0.0
Jam2_Jam3,1.0,0.41326261557278,0.14975669961726448,0.06983758379809393,0.03451117637741923,0.009833939308483225,0.0
Jam3_F11r,1.0,0.4967891141311377,0.1960721617030106,0.09950329981167057,0.050623536741016134,0.014535932241388431,0.0
Jam3_Itgam_Itgb2,1.0,0.5041263211228777,0.2085876219755336,0.11226478586232287,0.05779043701619888,0.017569195459596412,0.0
Jam3_Jam2,1.0,0.41310392472774604,0.14984466536045216,0.06983807019799877,0.03454278820236975,0.00984106184848079,0.0
Jam3_Jam3,1.0,0.36370478724667227,0.11784547657747446,0.04986033341276988,0.023183188502083105,0.006199072715702746,0.0
Kitl_Kit,1.0,0.6307644604991397,0.2978516568294276,0.18884866107544496,0.11569001991515239,0.026374397231177637,0.0
Kng1_Bdkrb1,0.935826780323931,1.0,0.4898711401777747,0.7622377554373599,0.4218170591077745,0.0,0.050520051115642846
Kng1_Bdkrb2,0.0,0.5397483415122725,0.360324295096385,0.9510517704866553,0.6953790201412977,0.4295021189735859,1.0
Kng2_Bdkrb1,1.0,0.6069638375910025,0.25322942805150095,0.1398888870417658,0.06863683697010743,0.007313313141100857,0.0
Kng2_Bdkrb2,1.0,0.6046252971763424,0.2338803347351565,0.1268093371526126,0.05887485538525398,0.0,0.028382379440793845
L1cam_Itga4_Itgb7,0.24976245529670177,1.0,0.743901214199838,0.6177181674011248,0.4410133663944688,0.11129079510101349,0.0
L1cam_Itgav_Itgb3,0.5126136241574804,1.0,0.674954590905443,0.5451368982130264,0.3757807816488581,0.06796820254790041,0.0
L1cam_L1cam,0.0,0.7366860926117926,0.9224738638009876,0.9987893056528584,1.0,0.6128541404945922,0.5011714439765321
Lama1_Cd44,1.0,0.8432765973642974,0.38436073403840104,0.26910518830218627,0.1897973274502483,0.0010454744164706696,0.0
Lama1_Dag1,1.0,0.45797792770642176,0.16911540770997957,0.0765100944525771,0.03293702070402103,0.0028558789573208667,0.0
Lama1_Itga1_Itgb1,1.0,0.4635485918733166,0.17762155482374062,0.08368970763790952,0.038956803846259054,0.006834998605745256,0.0
Lama1_Itga2_Itgb1,1.0,0.4475564191238066,0.1681575927097138,0.073967470117842,0.032383813100051645,0.003774667097391507,0.0
Lama1_Itga3_Itgb1,1.0,0.466968775839692,0.18000855146661113,0.08199173116372795,0.03470875967660257,0.0023561296272933776,0.0
Lama1_Itga6_Itgb1,1.0,0.44745927069389463,0.16401425027540498,0.07475201292828829,0.033569598238379156,0.004992218422435239,0.0
Lama1_Itga6_Itgb4,1.0,0.5084333282735165,0.19368754781359523,0.08595276111369196,0.036644324235896614,0.0,0.004483714594966558
Lama1_Itga7_Itgb1,1.0,0.526087719609691,0.19343514396147113,0.08708700520153075,0.04401699667162619,0.0,0.00010713848157938609
Lama1_Itga9_Itgb1,1.0,0.43982335260732197,0.16062030574157463,0.06956842231638975,0.0291101322985226,0.0034899008035174225,0.0
Lama1_Itgav_Itgb8,1.0,0.4512824865985519,0.18592897605080216,0.08838239654589033,0.039954754893270675,0.006147149539212989,0.0
Lama1_Sv2a,1.0,0.87051647064451,0.4809696567733518,0.289973327100997,0.16418527511364378,0.030852420979890532,0.0
Lama1_Sv2b,1.0,0.6198135725098206,0.27792106276170414,0.14023009884042797,0.0704232926863095,0.00629857206829038,0.0
Lama1_Sv2c,1.0,0.6666958313625443,0.31384055736960265,0.159779807133666,0.08410155184146836,0.007240082919498407,0.0
Lama2_Cd44,1.0,0.6778619258173811,0.27052421717019376,0.1279002805948518,0.06575805881802048,0.0011992184448890142,0.0
Lama2_Dag1,1.0,0.3764427558564809,0.11374986273570993,0.04319742452577717,0.016952176136320954,0.0015798521250103379,0.0
Lama2_Itga1_Itgb1,1.0,0.3970554777887169,0.1264699724140241,0.05096940605139527,0.021311218994049384,0.0036393201630419594,0.0
Lama2_Itga2_Itgb1,1.0,0.3829493609477736,0.11931289225592016,0.04484822346274204,0.017874034008160965,0.002058800084481495,0.0
Lama2_Itga3_Itgb1,1.0,0.39892307545633265,0.12794611702429995,0.04971416903507903,0.019356031446509558,0.0014526347452325384,0.0
Lama2_Itga6_Itgb1,1.0,0.3720648614836261,0.11275044860321105,0.043646018818715424,0.01791533414157904,0.0025671911601846432,0.0
Lama2_Itga6_Itgb4,1.0,0.4336223613915923,0.14173136323500596,0.0544535931925592,0.021221667712054224,0.0,0.0011008343124658125
Lama2_Itga7_Itgb1,1.0,0.36767155745983326,0.10998285432553105,0.040835072320232695,0.018250465760176873,0.0010978547149397427,0.0
Lama2_Itga9_Itgb1,1.0,0.3577938580175236,0.10684356908783488,0.039718053240119074,0.015470514377504798,0.0020462612451206045,0.0
Lama2_Itgav_Itgb8,1.0,0.35918913359365906,0.10768936786219065,0.04019249840183919,0.015734185733095728,0.0016145817736858252,0.0
Lama2_Sv2a,1.0,0.8463146873913366,0.36958728132201124,0.17592791530055754,0.08548070378687213,0.01456534282311702,0.0
Lama2_Sv2b,1.0,0.5217896150556285,0.18680201488792506,0.07601397760290436,0.03318615051995384,0.0033017803957735006,0.0
Lama2_Sv2c,1.0,0.5975051258720759,0.22742895976766817,0.09419151831135551,0.04290865464578198,0.004569925128543036,0.0
Lama3_Cd44,0.13765233532534982,1.0,0.1790359410913488,0.3845420131887587,0.4682362479971875,0.0,0.06233974289851295
Lama3_Dag1,1.0,0.5303791573089498,0.19387275064595566,0.09326496040925784,0.04258322689690806,0.0027576967409013208,0.0
Lama3_Itga1_Itgb1,1.0,0.5483668370609807,0.2106163385748581,0.11030268471781364,0.05518452526591762,0.010156740080195297,0.0
Lama3_Itga2_Itgb1,1.0,0.5197566314629343,0.1958321065709225,0.092281565577338,0.04315215303537674,0.004436566879923804,0.0
Lama3_Itga3_Itgb1,1.0,0.5438875057347511,0.21217346209896823,0.1021225957369719,0.04589386012820593,0.0021541918216726385,0.0
Lama3_Itga6_Itgb1,1.0,0.5157029640958064,0.18982306887844738,0.0934547351011224,0.045423016539284954,0.007058925590777561,0.0
Lama3_Itga6_Itgb4,1.0,0.5905242822817165,0.2241828803036008,0.10732426510524735,0.05224588165175082,0.0,0.009858273028949252
Lama3_Itga7_Itgb1,1.0,0.5814757511133134,0.19319240119711656,0.0902254821025862,0.053434161414315506,0.0,0.0019074603479153668
Lama3_Itga9_Itgb1,1.0,0.501203727538448,0.1888576062867885,0.08856845683305814,0.03992260522446054,0.005062243790560649,0.0
Lama3_Itgav_Itgb8,1.0,0.4967180630217799,0.1886180510952458,0.08808144736303644,0.04040936181217656,0.0038912905910288343,0.0
Lama3_Sv2a,0.5748491317978098,1.0,0.5474328352430967,0.37314507931181046,0.23621884322704684,0.04035038298536393,0.0
Lama3_Sv2b,1.0,0.7504535614375835,0.31974468413642004,0.1678611440429565,0.0897222752587316,0.004459450889768604,0.0
Lama3_Sv2c,1.0,0.8466062774286963,0.3804562661173472,0.20269559413205285,0.11480807422958211,0.007129093848024077,0.0
Lama4_Cd44,0.848550657889738,1.0,0.5172935539172115,0.5156242885819674,0.4588288960771403,0.1639916713233449,0.0
Lama4_Dag1,1.0,0.5041333416738177,0.18925763474965251,0.10090074172051197,0.054045227719292634,0.014752853482052262,0.0
Lama4_Itga1_Itgb1,1.0,0.5226659871238754,0.20361003815983264,0.11614595273935457,0.06520633622048952,0.02096835938952744,0.0
Lama4_Itga2_Itgb1,1.0,0.5027675731471858,0.19479631431032624,0.10222906965708357,0.05590014314443108,0.016205517907484656,0.0
Lama4_Itga3_Itgb1,1.0,0.5272617170722094,0.21090950208337547,0.1145456599111147,0.061040867517769874,0.015739205621407962,0.0
Lama4_Itga6_Itgb1,1.0,0.49494712814444114,0.18479630094515342,0.09980803408426431,0.054753495740030286,0.01650119537064449,0.0
Lama4_Itga6_Itgb4,1.0,0.5721708618713324,0.22848241674933195,0.12492544490327323,0.06967068628915839,0.014415262772342532,0.0
Lama4_Itga7_Itgb1,1.0,0.5170652538152892,0.19433051792883946,0.10918538320196391,0.07241254113817017,0.02187057851883174,0.0
Lama4_Itga9_Itgb1,1.0,0.47731588667327257,0.1794835640717117,0.0906886755700039,0.046311920091421224,0.01263406279365696,0.0
Lama4_Itgav_Itgb8,1.0,0.4829560271087653,0.18676557755478923,0.0953821272840353,0.049571241952730986,0.012703082731382698,0.0
Lama4_Sv2a,0.7922250728362096,1.0,0.5755935577339312,0.41199309762776803,0.2776113467454863,0.09394528823166982,0.0
Lama4_Sv2b,1.0,0.7115899369263055,0.32805706832876413,0.19574782680664374,0.12210085520897826,0.036858808254702884,0.0
Lama4_Sv2c,1.0,0.8111340303766488,0.4000247893431569,0.24523099722143568,0.16034427875409452,0.049942793189987296,0.0
Lama5_Cd44,0.0,0.7695485575839462,0.5791656682626652,0.9025076209602308,1.0,0.6480819341725992,0.5984018081978549
Lama5_Dag1,1.0,0.5667952542534674,0.21910084359132506,0.12022027778473918,0.06123991679307942,0.008509222076459308,0.0
Lama5_Itga1_Itgb1,1.0,0.6027192086446032,0.24332434684866544,0.14483878899580463,0.07867960180819121,0.01792589120456038,0.0
Lama5_Itga2_Itgb1,1.0,0.5853193553934467,0.23797132128136728,0.12775964702397033,0.06633145771197399,0.010847734820978668,0.0
Lama5_Itga3_Itgb1,1.0,0.5862919730600676,0.24043600079588365,0.13043442705625816,0.0650044387027255,0.007518397085165734,0.0
Lama5_Itga6_Itgb1,1.0,0.5557567384221044,0.21500716223209218,0.11879998698395135,0.06281936508732809,0.012963002681877675,0.0
Lama5_Itga6_Itgb4,1.0,0.6427338720448329,0.25356755837387285,0.13703369381894134,0.07317937175254506,0.0,0.005220188433116737
Lama5_Itga7_Itgb1,1.0,0.5417919081678161,0.1906587223298065,0.11169186030554476,0.07601974213781482,0.008455496523116111,0.0
Lama5_Itga9_Itgb1,1.0,0.5689236159532094,0.2309908156220745,0.12052156958578651,0.0592669497056552,0.009783858151298185,0.0
Lama5_Itgav_Itgb8,1.0,0.5601598955623794,0.23398234187901462,0.12331349597058217,0.06191965140518914,0.009708891058737219,0.0
Lama5_Sv2a,0.43570882317031945,1.0,0.6125631691373671,0.5037224228566053,0.35318517032059704,0.08466287529527686,0.0
Lama5_Sv2b,1.0,0.8559987507950374,0.4088961924833831,0.2600770925368444,0.16026038804972859,0.02438464210839736,0.0
Lama5_Sv2c,0.9555682765541705,1.0,0.5151708876864558,0.33806535805814975,0.22085289820363563,0.037059080183898044,0.0
Lamb1_Cd44,1.0,0.9088466212462822,0.47795332453365663,0.4127327551600265,0.33501785480912083,0.121318986984433,0.0
Lamb1_Dag1,1.0,0.46032297453902704,0.16901323185106526,0.08734957251790229,0.04581352463106056,0.012859588842274639,0.0
Lamb1_Itga1_Itgb1,1.0,0.4849885722394188,0.18610157549225478,0.10199246404048051,0.055713342772654176,0.01803713121570772,0.0
Lamb1_Itga2_Itgb1,1.0,0.46376912938262743,0.17671592953344434,0.08989784189597713,0.04793275888148249,0.01429913918165902,0.0
Lamb1_Itga3_Itgb1,1.0,0.4827229424522507,0.18838982988557496,0.09793802364337267,0.05081417236221588,0.013656238549038295,0.0
Lamb1_Itga6_Itgb1,1.0,0.45379085535234265,0.16568817234169222,0.08616756701876256,0.04604420106403713,0.014067822706805342,0.0
Lamb1_Itga6_Itgb4,1.0,0.520695434325206,0.20502790002899005,0.10784326940702305,0.05872561181291863,0.013416866328579552,0.0
Lamb1_Itga7_Itgb1,1.0,0.45444091755480476,0.16936593441148928,0.09321803942017264,0.05951888089808816,0.018538010721542843,0.0
Lamb1_Itga9_Itgb1,1.0,0.43877618887460773,0.16095267734959123,0.07885463545898869,0.03952714448472798,0.010990617180396902,0.0
Lamb1_Itgav_Itgb8,1.0,0.43956860375419826,0.16360548083333362,0.08074818500867567,0.04097636790082087,0.010806606382627723,0.0
Lamb1_Sv2a,0.9295118385439667,1.0,0.5538897322988099,0.37659383995208967,0.2441689127289632,0.08346438814428794,0.0
Lamb1_Sv2b,1.0,0.6368205747079161,0.2880415471441547,0.166523139195167,0.1002725819718004,0.03135925408963395,0.0
Lamb1_Sv2c,1.0,0.7251120090770298,0.3511907371174671,0.20817145528767397,0.1304560561323488,0.0422628498474008,0.0
Lamb2_Cd44,0.29050345767748714,1.0,0.6058475458767791,0.8087171752428445,0.7730491979115476,0.2564873650897805,0.0
Lamb2_Dag1,1.0,0.57272781511725,0.23405279495900697,0.13349539288208997,0.0726168088846844,0.018376525078478714,0.0
Lamb2_Itga1_Itgb1,1.0,0.5884137250274016,0.24861488389106187,0.15143696024940262,0.08662746756396968,0.026347876207316087,0.0
Lamb2_Itga2_Itgb1,1.0,0.563859962702502,0.236518603915048,0.13231897138851703,0.07332871542490003,0.01990795872327755,0.0
Lamb2_Itga3_Itgb1,1.0,0.5935145796125593,0.25727787197847035,0.14870340291039622,0.08039432618599077,0.019053917749825636,0.0
Lamb2_Itga6_Itgb1,1.0,0.5601157086550317,0.2271394348778599,0.13052145681955735,0.07270064584630581,0.02077088873566245,0.0
Lamb2_Itga6_Itgb4,1.0,0.6497508861147244,0.27842111347918913,0.16314579045150515,0.09298490889567425,0.016528330142918,0.0
Lamb2_Itga7_Itgb1,1.0,0.6289528784291798,0.25739778018705395,0.161423373056117,0.10993432952713399,0.030832136138767716,0.0
Lamb2_Itga9_Itgb1,1.0,0.5409770584451348,0.2212658350969462,0.11862065811645194,0.061427765035243595,0.01574201285896983,0.0
Lamb2_Itgav_Itgb8,1.0,0.5466764430791401,0.2359525110833811,0.1284726953313257,0.06781203979199023,0.01664026375579659,0.0
Lamb2_Sv2a,0.6193613603471925,1.0,0.6499473684697552,0.5136920933680663,0.355625286843446,0.11530151767766067,0.0
Lamb2_Sv2b,1.0,0.8294247626966633,0.4212646250654079,0.27596592882677984,0.17538073016841513,0.049626910579784904,0.0
Lamb2_Sv2c,1.0,0.9452946575504946,0.5138497440278827,0.34771518709918514,0.23116333837087544,0.06794647885427964,0.0
Lamb3_Cd44,0.5779527915504198,1.0,0.17820861186893444,0.33783258692493706,0.3962810893315676,0.0,0.08336173659866214
Lamb3_Dag1,1.0,0.4854181556160322,0.16850425250450435,0.08086707631257609,0.036250267593936916,0.0012845150816384392,0.0
Lamb3_Itga1_Itgb1,1.0,0.5225416199397188,0.19048054881201967,0.10032741578749683,0.04899492932126685,0.007606051967410563,0.0
Lamb3_Itga2_Itgb1,1.0,0.49937675232342404,0.18036192084061295,0.08469977146299013,0.03859908001349241,0.0022972816659382013,0.0
Lamb3_Itga3_Itgb1,1.0,0.509495879267614,0.1882235522030364,0.09050580784439749,0.03988904684379569,0.0004029972175745739,0.0
Lamb3_Itga6_Itgb1,1.0,0.480255934809078,0.1677642503387396,0.08220949948901739,0.0391703354633659,0.005086675467744925,0.0
Lamb3_Itga6_Itgb4,1.0,0.5492333525362603,0.19738829039007105,0.09429925849199301,0.04643399625813224,0.0,0.011738749633570246
Lamb3_Itga7_Itgb1,1.0,0.4430620792479612,0.13654770008521372,0.06362971954112398,0.037196266880007295,0.0,0.003072095681401349
Lamb3_Itga9_Itgb1,1.0,0.47917341508745526,0.1735095389981905,0.08090594225834556,0.03600093768188471,0.00333888553539672,0.0
Lamb3_Itgav_Itgb8,1.0,0.475244593912303,0.17689839113504113,0.0828985990565124,0.03734414419004407,0.0030048883552268885,0.0
Lamb3_Sv2a,0.6992893658197227,1.0,0.5115845151524557,0.34768801769002833,0.21648194330158968,0.03313908357957809,0.0
Lamb3_Sv2b,1.0,0.6820040981913851,0.27662723075684426,0.1445029160040915,0.07547127054910412,0.0011112653154349392,0.0
Lamb3_Sv2c,1.0,0.8092582581038579,0.34857358442471836,0.18514808775563488,0.10213584523288911,0.002862449691409698,0.0
Lamc1_Cd44,1.0,0.9799462150362167,0.42428099555988147,0.37260219012123835,0.3043713151438504,0.07046985728212468,0.0
Lamc1_Dag1,1.0,0.4689085260745465,0.1658219289171991,0.08141575637677424,0.0388707193086802,0.007464675438270994,0.0
Lamc1_Itga1_Itgb1,1.0,0.48954196334562805,0.18015727761403905,0.09472218323640406,0.04819965964258084,0.012737956807210458,0.0
Lamc1_Itga2_Itgb1,1.0,0.4699059932310236,0.17251339285979872,0.08284649299283371,0.04035217317125734,0.008706783162713996,0.0
Lamc1_Itga3_Itgb1,1.0,0.48728299942700626,0.1833890715537759,0.09050673189673297,0.04245122319859602,0.00728862150250624,0.0
Lamc1_Itga6_Itgb1,1.0,0.45993834873002265,0.16215848671695396,0.080682915099199,0.03993838587116149,0.009649937464759936,0.0
Lamc1_Itga6_Itgb4,1.0,0.5263595656741472,0.19511125265625728,0.09396960638850901,0.04416236117842505,0.00238170754461446,0.0
Lamc1_Itga7_Itgb1,1.0,0.48010715487111744,0.1669591443953081,0.08372444833060827,0.04960740095555746,0.009566499082070499,0.0
Lamc1_Itga9_Itgb1,1.0,0.44927576372511707,0.16097375941044353,0.07547724471169304,0.03481260485561546,0.007184979288452613,0.0
Lamc1_Itgav_Itgb8,1.0,0.45083970957939246,0.16754959777171524,0.07998306041752166,0.03782100781615686,0.007192755494029025,0.0
Lamc1_Sv2a,0.9230247211327169,1.0,0.5275146288509648,0.3455368895135524,0.21338096002723136,0.05723705268153285,0.0
Lamc1_Sv2b,1.0,0.6492860940810462,0.2789483483759888,0.15055497118875366,0.08418915331457387,0.01730114744301798,0.0
Lamc1_Sv2c,1.0,0.7298122909296997,0.333579764052402,0.18297471776267057,0.1078281997978647,0.02301842666488894,0.0
Lamc2_Cd44,0.0,0.5334616792602185,0.6172402579841515,0.8960207401016346,1.0,0.8061486674997501,0.7355887576843151
Lamc2_Dag1,1.0,0.6706561431810538,0.28888676010805203,0.1801203134172303,0.10283004971083544,0.02108257678749387,0.0
Lamc2_Itga1_Itgb1,1.0,0.7127217714057453,0.3203842720230619,0.2161123859650009,0.13016891305502928,0.03613981522643863,0.0
Lamc2_Itga2_Itgb1,1.0,0.6816005579117738,0.30783697976139573,0.18801003224432142,0.10969759464697162,0.025069423245348183,0.0
Lamc2_Itga3_Itgb1,1.0,0.6804779954143078,0.30941764373257247,0.1900019452267678,0.10625031796888444,0.01974225867986987,0.0
Lamc2_Itga6_Itgb1,1.0,0.6473637490797114,0.27715660595927966,0.1720327655119575,0.1007110372388041,0.025807129215491963,0.0
Lamc2_Itga6_Itgb4,1.0,0.7609703546454443,0.32740251416513155,0.20651125375391224,0.12673114064704327,0.00747303821528157,0.0
Lamc2_Itga7_Itgb1,1.0,0.711315881139773,0.2796454294947556,0.20934930764444779,0.16922975387250955,0.03624771885636406,0.0
Lamc2_Itga9_Itgb1,1.0,0.6627190947958973,0.2989824560227846,0.17388822494284628,0.09426389571648616,0.020444311132042193,0.0
Lamc2_Itgav_Itgb8,1.0,0.6483066864344127,0.30368099414436406,0.17859271816142216,0.09861045471918127,0.02082068146784625,0.0
Lamc2_Sv2a,0.0,1.0,0.7882594556142994,0.797105651437877,0.6385579821697406,0.2359537147034477,0.0610231774853285
Lamc2_Sv2b,0.8550089708433366,1.0,0.5570608865995524,0.4290261340541913,0.30209702793758725,0.07221048244306814,0.0
Lamc2_Sv2c,0.6170805071265014,1.0,0.6123725094726636,0.4947867796535509,0.36985562172273745,0.09521041881629785,0.0
Lamc3_Cd44,0.7227784826709658,1.0,0.21477820544700077,0.30807943184236547,0.4247393663575658,0.0,0.20839305344939854
Lamc3_Dag1,1.0,0.4959543767211921,0.18661419757283132,0.08479120930727231,0.03638517894184331,0.0,0.0016507607827922794
Lamc3_Itga1_Itgb1,1.0,0.4898090271711045,0.1907476772320439,0.09041375075988113,0.04239532373107939,0.0046248833611366065,0.0
Lamc3_Itga2_Itgb1,1.0,0.47941958329207246,0.18365990065881205,0.07967357109242079,0.03418507485613609,0.00016324316566041863,0.0
Lamc3_Itga3_Itgb1,1.0,0.50457430241179,0.19900844835321926,0.09216512169487737,0.03956280321269643,0.0,0.0030484414263182466
Lamc3_Itga6_Itgb1,1.0,0.4871594581654748,0.182646020049151,0.08399448602674799,0.03771587905696059,0.002534386459908084,0.0
Lamc3_Itga6_Itgb4,1.0,0.5517649864624521,0.21232380054774397,0.09568830261955523,0.04363451893240664,0.0,0.017830221589463457
Lamc3_Itga7_Itgb1,1.0,0.5892444861067541,0.21212799925324993,0.0946192179815526,0.05431504163510318,0.0,0.01622924312106712
Lamc3_Itga9_Itgb1,1.0,0.48430261988200335,0.18457815134406017,0.08086685693153421,0.03349168643066158,0.0012432120753047662,0.0
Lamc3_Itgav_Itgb8,1.0,0.49549328535393267,0.21055660251840477,0.10224048115549703,0.04702413906412279,0.00448027683691383,0.0
Lamc3_Sv2a,1.0,0.9885135255628305,0.5668019130499982,0.36024646467755195,0.21774745098543546,0.021473943776800963,0.0
Lamc3_Sv2b,1.0,0.6838113502803436,0.31040579884594816,0.15748498332853667,0.0824528741178225,0.0,0.0078127267101544
Lamc3_Sv2c,1.0,0.7372738192046553,0.352157039847842,0.1802274600989199,0.1010751742668263,0.0,0.012030401662214932
Lck_Cd8a_Cd8b1,1.0,0.5296532366652339,0.2193073674459653,0.11210616276037992,0.05969405164875543,0.014581885321593865,0.0
Lgals9_Cd44,0.10517653826163771,0.7345835336269793,0.6640061003381761,1.0,0.9334213268241293,0.39948397798447133,0.0
Lgals9_Havcr2,1.0,0.6121403564553106,0.3015109854793542,0.18626997541983228,0.09731022582390789,0.02914329518716364,0.0
Lgals9_Ighm,1.0,0.8540884402210493,0.5405223589769806,0.4544916225804754,0.30479791215384205,0.12174591896473634,0.0
Lgals9_Ptprc,1.0,0.7430341406574439,0.4380619715064194,0.3577065139949084,0.22506014389979803,0.0828459989486268,0.0
Lhb_Lhcgr,1.0,0.6028647800309267,0.3313498357998712,0.23502532191911307,0.1575952858573928,0.059915146826765,0.0
Lif_Lifr_Il6st,1.0,0.5131996245652408,0.19904452883814086,0.1004922149207281,0.05039298421262996,0.01144893618005982,0.0
Lrrc4_Ntng2,1.0,0.7164754954046312,0.3739399374969154,0.22877854654066632,0.13646536870618453,0.034526902633041506,0.0
Lrrc4b_Ptprf,0.8630646311042656,1.0,0.5602920072738725,0.36117189235068003,0.21768469262522552,0.041179752538802135,0.0
Lrrc4c_Ntng1,1.0,0.5349958138436957,0.20263021622159105,0.1006431102430411,0.05578597694182576,0.008183017952342678,0.0
Lta_Tnfrsf14,1.0,0.9884215925738785,0.5027037186418771,0.3972176885037467,0.1936978955331558,0.0,0.0318952156939205
Lta_Tnfrsf1a,1.0,0.9592380622054257,0.555922821553392,0.40158983804013404,0.26134569052378387,0.0924171962843815,0.0
Lta_Tnfrsf1b,0.6439049226238976,1.0,0.7543456025258813,0.6874499265250278,0.5000758295831498,0.19797971203651107,0.0
Lta_Ltb_Ltbr,1.0,0.9187230065567087,0.5425652857097754,0.39314323635213994,0.2543304199541222,0.09644383505076208,0.0
Madcam1_Itga4_Itgb7,1.0,0.6605300540767127,0.32640893883926053,0.20912569197891093,0.12330683571528965,0.036773990634798616,0.0
Mag_Mag,0.473505948281845,1.0,0.7195983438475007,0.7006650370001863,0.569422646099527,0.1963412275011715,0.0
Mdk_Alk,1.0,0.41333733018654684,0.14333880677575475,0.06593525804797606,0.03136512753870391,0.00914510490029942,0.0
Mdk_Itga4_Itgb1,1.0,0.369039046957451,0.1209327084735956,0.05423997212669979,0.024895834444123625,0.006815046257332209,0.0
Mdk_Itga6_Itgb1,1.0,0.417462186596396,0.14694058450517566,0.07121561332123427,0.03487831873714083,0.010578811134620532,0.0
Mdk_Lrp1,1.0,0.42351639841575145,0.15649849537969698,0.07778836335075959,0.03880532322684063,0.01233083399307315,0.0
Mdk_Ncl,1.0,0.36169627708422325,0.11973618052950037,0.052791096174270344,0.023951046173779356,0.007278646953046115,0.0
Mdk_Ptprz1,1.0,0.5113799923710147,0.22081690215321478,0.12149694750951728,0.06600091664648974,0.021143572534146112,0.0
Mdk_Sdc1,1.0,0.4342694851887315,0.15964449573100717,0.07731913944310387,0.03761868800988905,0.010895549716773737,0.0
Mdk_Sdc2,1.0,0.3928469312647049,0.13634772059997818,0.06300178394027549,0.029617738538340214,0.008509632549352917,0.0
Mdk_Sdc4,1.0,0.5543182471604737,0.2385145072158473,0.13360178977179205,0.06997755949297924,0.02154342881127206,0.0
Mif_Ackr3,1.0,0.5181335256600895,0.22352720640422213,0.12293547909656184,0.06454278535560522,0.020038565520972006,0.0
Mif_Cd74_Cd44,1.0,0.797894414454989,0.4719419831387175,0.342852660517026,0.2165041300169831,0.08449508317993787,0.0
Mif_Cd74_Cxcr2,1.0,0.5850268286679843,0.2908343442033586,0.186179554763624,0.10110443748911806,0.03279848062187928,0.0
Mif_Cd74_Cxcr4,1.0,0.8072247752293858,0.4848073928435353,0.35135780140837114,0.22016397257133746,0.08649300996208628,0.0
Mpz_Mpz,1.0,0.5675135939847203,0.21286184743636713,0.0997811692987472,0.06361675165267558,0.013454553154350218,0.0
Mpz_Mpzl1,1.0,0.6040636003606854,0.25745937408528524,0.14050373927576496,0.07832445646883557,0.022061086424165263,0.0
Mpzl1_Mpzl1,1.0,0.6386391734511504,0.2981005649132227,0.17619627862271742,0.09877770480791767,0.029152480368605578,0.0
Mstn_Acvr1b_Acvr2a,1.0,0.48687292643561003,0.18275336713024595,0.089407057728344,0.050401039554903174,0.016648090281036535,0.0
Mstn_Acvr1b_Acvr2b,1.0,0.48663316131378903,0.18430848149820753,0.08497158319341803,0.04255857277840053,0.012228909877841853,0.0
Mstn_Tgfbr1_Acvr2a,1.0,0.41819695134720425,0.14287610810432405,0.06465972518630415,0.03541725961718728,0.011491583468562463,0.0
Mstn_Tgfbr1_Acvr2b,1.0,0.38847323133399986,0.12392573219856345,0.0512094450301991,0.025153598012932064,0.007056092409656157,0.0
Nampt_Insr,1.0,0.50088828221683,0.2007968791241942,0.10203695507545782,0.05111557087558142,0.012047515846039088,0.0
Nampt_Itga5_Itgb1,1.0,0.5038731019447469,0.20430801097754625,0.10877863977604314,0.05713783282371546,0.01716788809503465,0.0
Ncam1_Fgfr1,1.0,0.5743442320773628,0.23619113608100323,0.11855929984805716,0.060657666976466865,0.014928422159498475,0.0
Ncam1_L1cam,0.0,1.0,0.7767028044228291,0.6594778660156745,0.5603417917136309,0.19531057147431452,0.13695186486245436
Ncam1_Ncam1,1.0,0.902564929344486,0.40024105982885544,0.22373244698849862,0.14088008705320598,0.00660492275339935,0.0
Ncam1_Ncam2,1.0,0.8045248175631046,0.3374276545038635,0.1840365599058345,0.12570242377091942,0.009674502582645775,0.0
Ncam2_L1cam,0.39071854016608853,1.0,0.6308143385652374,0.47954529657037376,0.4259534140784722,0.0691235190091418,0.0
Nectin1_Cadm3,0.5357419937819178,1.0,0.6338850910295578,0.4621822914783639,0.322166554020624,0.07862068730402161,0.0
Nectin1_Cd96,1.0,0.6103930098622941,0.2447659976796383,0.12308873088513053,0.06141678615603084,0.006733092506211361,0.0
Nectin1_Nectin3,1.0,0.5086275309046744,0.19059820292477173,0.08696648606222435,0.0418359323710287,0.005200826933672692,0.0
Nectin1_Nectin4,1.0,0.9391561813673807,0.4134292564649474,0.23905501870259668,0.15353052614259402,0.0,0.0017371195227023888
Nectin2_Cd226,1.0,0.5942174678434392,0.2265480283703099,0.10629694624388208,0.047067388912019885,0.0,0.017273477071547985
Nectin2_Tigit,1.0,0.4818172923579294,0.17135734680814377,0.07471473948747896,0.03099219590677255,0.0026259865698786485,0.0
Nectin3_Nectin1,1.0,0.5086857693253077,0.19058239069967253,0.08694561706840025,0.0418156951476428,0.00515301056160046,0.0
Nectin3_Nectin2,1.0,0.46931733041713364,0.17190595116412083,0.07884893556928262,0.0364854818565718,0.006578943735083417,0.0
Nectin3_Pvr,1.0,0.44338881919223816,0.15502178017888663,0.07004285670344046,0.03282876111886153,0.005414220946306715,0.0
Nectin3_Tigit,1.0,0.3977544301196046,0.12296212436984143,0.04575776896796778,0.016771625347588113,0.0,0.0007904401033906789
Negr1_Negr1,1.0,0.5166303705766634,0.21145895143640314,0.11608206295451934,0.06740069656255424,0.013460223722816923,0.0
Nfasc_Cntn1_Cntnap1,0.3056672709173753,1.0,0.7068864893450585,0.5655231406874219,0.42268695200868045,0.09381868596820889,0.0
Ngf_Ngfr,1.0,0.45283214485399703,0.16928754463467288,0.07897006528988666,0.03966786472661715,0.009644717566713886,0.0
Ngf_Ntrk1,1.0,0.5556144175219124,0.2050414240241642,0.08440085340133927,0.03840822768981332,0.0,0.01494968711630059
Nmb_Nmbr,1.0,0.490792215979203,0.20632741400626542,0.10636966750750898,0.054652218629105895,0.016261227809546388,0.0
Nms_Nmur1,0.945683378907765,1.0,0.4678964352643604,0.23682434363920712,0.11460082683633852,0.0,0.014609285681264204
Nms_Nmur2,0.16759332426327664,1.0,0.8786022204335862,0.7816151649964294,0.6085874246523312,0.24180169282117348,0.0
Nmu_Nmur1,1.0,0.5917138833407188,0.2375866818254035,0.11281435484387922,0.054049938703829896,0.003902525933785982,0.0
Nmu_Nmur2,0.7936742248618598,1.0,0.6684423551634908,0.5120705917050126,0.36596525379232214,0.1426882521123142,0.0
Nodal_Acvr1b_Acvr2a_Cfc1,1.0,0.707513250884399,0.34648032288645336,0.23691470212705756,0.1441272151581724,0.047197794180378824,0.0
Nodal_Acvr1b_Acvr2b_Cfc1,1.0,0.707513250884399,0.34648032288645336,0.23691470212705756,0.1441272151581724,0.047197794180378824,0.0
Nodal_Acvr1c_Acvr2a_Cfc1,1.0,0.707513250884399,0.34648032288645336,0.23691470212705756,0.1441272151581724,0.047197794180378824,0.0
Nodal_Acvr1c_Acvr2b_Cfc1,1.0,0.707513250884399,0.34648032288645336,0.23691470212705756,0.1441272151581724,0.047197794180378824,0.0
Npb_Npbwr1,1.0,0.770383767622343,0.3918957056913648,0.30738174209785335,0.19826398899249517,0.06222256734016259,0.0
Npff_Npffr1,0.7939873315419159,1.0,0.5838458160432548,0.42550684059556715,0.2785951086711107,0.06811273560907906,0.0
Npff_Npffr2,1.0,0.757766969320928,0.30253922189980986,0.14058386801882777,0.06898693838097102,0.0,0.014838977057461246
Npnt_Fras1_Frem1_Itga8_Itgb1,1.0,0.4612153232646822,0.17031790858691837,0.0786810197163717,0.03789374290589238,0.006279469787544087,0.0
Npnt_Fras1_Frem2_Itga8_Itgb1,1.0,0.42276843260427066,0.14664511516424913,0.06567532206498207,0.02998816312633564,0.004712729611811547,0.0
Nppa_Npr1,1.0,0.5003151016100231,0.1684482011944428,0.11259054447120101,0.06201794843507676,0.022766495076512582,0.0
Nppb_Npr1,1.0,0.5120406507553781,0.17093441919212873,0.11085759897500139,0.058920345146453015,0.02091859886303664,0.0
Nppc_Npr2,1.0,0.7163235703283212,0.3766318759853197,0.25017553509061796,0.16075081641570163,0.060375573902205874,0.0
Nps_Npsr1,1.0,0.5674348862580858,0.2032060856635876,0.08667915574332835,0.03747639189384002,0.0,0.026025626863915293
Npvf_Npffr1,1.0,0.776793585685089,0.3914276755747735,0.2653221702671306,0.17121532394856998,0.05647032610336691,0.0
Npvf_Npffr2,1.0,0.5321775732742754,0.19954632711955084,0.09913074106006005,0.0507480202881481,0.01046655329266095,0.0
Npw_Npbwr1,1.0,0.7431339605523625,0.36140778932917544,0.226515297031489,0.13853138502251483,0.03321083757938331,0.0
Npy_Gpr83,0.7066044108283915,1.0,0.557337252017185,0.4087927559208649,0.30939484457285,0.11581496656263751,0.0
Npy_Npy1r,0.011204609169384067,1.0,0.923896767592404,0.9009777574930241,0.726884791226803,0.2630870771934383,0.0
Npy_Npy2r,0.6617311909171362,1.0,0.7231958320278211,0.5956651782562603,0.4390797695972286,0.18251011529011593,0.0
Npy_Npy5r,0.0,0.8512115352687951,0.9552384194974929,1.0,0.9223845519548168,0.6021079439354855,0.37893061458360766
Nrg1_Erbb2_Erbb3,1.0,0.5121616067325828,0.18472790009719153,0.08094038110050765,0.04134315888243819,0.00800548295161767,0.0
Nrg1_Erbb2_Erbb4,1.0,0.6876393635161453,0.3379777408629194,0.21864643776549816,0.13891505500034712,0.041732295294948804,0.0
Nrg1_Erbb3,1.0,0.47905252700369183,0.17260363051644864,0.0756280108526225,0.03862967811777601,0.007480058078718735,0.0
Nrg1_Erbb4,1.0,0.539452491291921,0.22340753085045334,0.12535825765228584,0.07544658539340318,0.02269426785022017,0.0
Nrg1_Itgav_Itgb3,1.0,0.6037034100623399,0.27493895325859163,0.16710032618093706,0.10139175420373155,0.02468032324155268,0.0
Nrg2_Erbb2_Erbb3,1.0,0.49635140749028395,0.16942123565472014,0.06770229666886264,0.028135592827933226,0.0012193079380396596,0.0
Nrg2_Erbb2_Erbb4,1.0,0.6430236890715645,0.2882722164938537,0.1717814541115176,0.09768729873786372,0.023138890296770753,0.0
Nrg2_Erbb3,1.0,0.47192428353944865,0.16096372797622616,0.06432259818115049,0.026731064101285403,0.0011584400886902693,0.0
Nrg2_Erbb4,1.0,0.5177875086520696,0.19513798758041814,0.09978429142002018,0.054080822439548266,0.013279039732338118,0.0
Nrg3_Erbb2_Erbb4,0.8319383611879911,1.0,0.6285112091955176,0.5027890164865203,0.3563462540067422,0.11478474030448234,0.0
Nrg3_Erbb4,1.0,0.8103224151529546,0.4150968070797224,0.27783723210799177,0.18525971881434977,0.05842937002822687,0.0
Nrg4_Erbb2_Erbb4,1.0,0.615836362374964,0.27499153330675213,0.16024847757271193,0.08685929642440049,0.02073285714332504,0.0
Nrg4_Erbb4,1.0,0.48904226696458086,0.18289297309076918,0.0910099564819808,0.045929463386976205,0.011716216505380505,0.0
Nrtn_Gfra2_Ret,0.987633749886938,1.0,0.5905653373709209,0.4133065941146611,0.2629407688436292,0.08063245145577541,0.0
Nrxn1_Nlgn1,1.0,0.9501495235112412,0.5390873442581007,0.39466936263386654,0.2817326533614122,0.08777492824844667,0.0
Nrxn1_Nlgn2,0.9849366562170738,1.0,0.595257009586541,0.42968192661547927,0.30241311687113726,0.09706918822658302,0.0
Nrxn1_Nlgn3,0.7552924553328964,1.0,0.6317288940731525,0.5036851636048278,0.38639758401754215,0.10534287587879829,0.0
Nrxn2_Nlgn1,0.6485441652743461,1.0,0.6681142018415647,0.5068469724722965,0.3510823889577743,0.11028581279806875,0.0
Nrxn2_Nlgn2,0.6111992961741316,1.0,0.6888798182048647,0.5168141396859914,0.35631003586767,0.11410561671669826,0.0
Nrxn2_Nlgn3,0.3520390276268446,1.0,0.7647334975284539,0.6347339216495426,0.46898801248567745,0.13326696499450663,0.0
Nrxn3_Nlgn1,0.9020882331665427,1.0,0.6500152202209408,0.5049906978400335,0.3576722293376978,0.12478304380972853,0.0
Nrxn3_Nlgn2,0.8554860993978199,1.0,0.6686608548247414,0.5128335608209562,0.3582107249863093,0.12631885121549155,0.0
Nrxn3_Nlgn3,0.6016914349779414,1.0,0.7483592295894789,0.6410581372847628,0.48027922402441686,0.16082508135626603,0.0
Ntf3_Ntrk1,1.0,0.5133645379393154,0.1869033335459843,0.06992688098854363,0.027155287581261706,0.0,0.009472770384029479
Ntf3_Ntrk2,1.0,0.517087347521621,0.20042361602408007,0.09581863217286049,0.047255209694486225,0.012802645276689943,0.0
Ntf3_Ntrk3,1.0,0.5967004003736368,0.24602653352670956,0.1177946182475176,0.05660391651411412,0.013064190330378742,0.0
Ntf5_Ntrk2,1.0,0.6610727269137037,0.3079177453127456,0.18579438046321586,0.10810432988340389,0.03209439465195013,0.0
Nts_Ntsr1,1.0,0.8126435459411228,0.4095830170174148,0.255003445172273,0.14824614383475737,0.032304309392037066,0.0
Ocln_Ocln,1.0,0.6166071430434303,0.267412535480156,0.17434921166178077,0.09166649087219793,0.0,0.024870791958385707
Osm_Lifr_Il6st,1.0,0.5816507479575358,0.23881420436995285,0.1382525428408095,0.06302683641107919,0.004171231064535971,0.0
Osm_Osmr_Il6st,1.0,0.8857253952213312,0.45077924005720316,0.38920055599349734,0.2586229624369531,0.0812890389663446,0.0
Ostn_Npr3,1.0,0.45427035000443683,0.17043631458814626,0.09530089022022563,0.05598852762757866,0.01947832964704752,0.0
Oxt_Oxtr,1.0,0.9897191848403665,0.5046764055537633,0.3235892147716087,0.19423756950092796,0.0,0.01323938189667038
Pdcd1lg2_Pdcd1,1.0,0.8414761759576573,0.39287678679135646,0.2562220006461352,0.1507573981728676,0.02869689523101841,0.0
Pdgfa_Pdgfra,1.0,0.4255580988995569,0.1450037189176422,0.06390043090393506,0.02975824306383603,0.00613397585381444,0.0
Pdgfa_Pdgfrb,1.0,0.5041553994989361,0.1941300916129955,0.09764867543040572,0.05135091633948036,0.012154646437017925,0.0
Pdgfb_Pdgfra,1.0,0.49346521201099497,0.19423347853637218,0.09745141543457886,0.050164911856702236,0.014895591709984717,0.0
Pdgfb_Pdgfrb,1.0,0.5710743974600123,0.2571092427500867,0.1499329204320608,0.0876377882209474,0.028879107364617334,0.0
Pdgfc_Pdgfra,1.0,0.3510202062790868,0.10616419168897699,0.04117792106652345,0.01685675564849044,0.0033651634444871433,0.0
Pdgfd_Pdgfrb,1.0,0.42427693250293524,0.14741732471601438,0.06550111808706244,0.0294925721375459,0.006928244385401799,0.0
Pdyn_Oprd1,0.6356260299744227,1.0,0.5681700415949863,0.36828525613360447,0.2096856588254858,0.042810490736592134,0.0
Pdyn_Oprk1,0.0,1.0,0.9625987755469664,0.9767451671247298,0.824089654085587,0.43642917099311346,0.27533992165550947
Pdyn_Oprl1,0.0,0.7326379160914981,0.9250802947565975,1.0,0.9197830819617769,0.6288708334876421,0.4660310510525732
Pdyn_Oprm1,0.0,1.0,0.9768996888468047,0.9702751823564756,0.9125137108237175,0.5955154765819755,0.49615327321468977
Pecam1_Pecam1,1.0,0.5818812648969954,0.2522630072799619,0.15109744883127785,0.08790883494762572,0.029693561624635934,0.0
Penk_Oprd1,1.0,0.5447638730112291,0.223330870125969,0.11867612403959506,0.06153650626167792,0.016554789857010158,0.0
Penk_Oprk1,1.0,0.848392573986858,0.4645896784585009,0.3157719824591649,0.1988287827285258,0.06562793336586512,0.0
Penk_Oprl1,0.4846209981249611,1.0,0.6945728233842571,0.520639637946336,0.3495957571620976,0.1291886253207225,0.0
Penk_Oprm1,1.0,0.7704410954682722,0.39457510011061797,0.24704449037061224,0.152172956865535,0.05169496983903393,0.0
Pgf_Flt1,1.0,0.546791819900241,0.22821220920761665,0.12335843200630775,0.0663947808516682,0.01888335387758581,0.0
Plg_F2rl3,1.0,0.6343048106741784,0.35732013340251245,0.3135542791022002,0.11496365726679732,0.0,0.049852156409335886
Plg_Pard3,1.0,0.5365175964443831,0.23744330849220585,0.13771723175044318,0.047863658395882885,0.0,0.019961567355750113
Pmch_Mchr1,1.0,0.6820202991970448,0.400591668382514,0.30061525669059175,0.20702322083759506,0.07899672518757903,0.0
Pmch_Mertk,1.0,0.5727137289296433,0.2742467463034614,0.16515317092256082,0.09201813686649056,0.03012346627176895,0.0
Pomc_Mc1r,1.0,0.7408985359615252,0.3926080403149931,0.24817958117125494,0.14649583276583578,0.03769896303730091,0.0
Pomc_Mc2r,1.0,0.5556148070785869,0.2516727745724387,0.1405835094520045,0.0727369744588253,0.01808110870619239,0.0
Pomc_Mc4r,1.0,0.8180326874404638,0.5114359987804727,0.3688477716532009,0.23970591921154458,0.08430335617990187,0.0
Pomc_Oprd1,1.0,0.5885285129110978,0.25356177742167,0.1376073755670459,0.06950505015016196,0.015344876885479317,0.0
Pomc_Oprk1,1.0,0.8342615330907871,0.47388120996745225,0.33133599706629285,0.20590186941270155,0.05860475581788694,0.0
Pomc_Oprl1,0.5996067112841074,1.0,0.7487435082637196,0.5874658283230741,0.39658940994311476,0.13186163999452807,0.0
Pomc_Oprm1,1.0,0.8353795518309431,0.46997809095925586,0.30838813792076253,0.1938281015822429,0.05179930324209309,0.0
Postn_Itgav_Itgb3,1.0,0.7368187134039078,0.3558411401762451,0.28180784028051187,0.18324548219570802,0.06364270639929803,0.0
Postn_Itgav_Itgb5,1.0,0.66793270987949,0.30510300278263597,0.208077615459856,0.13172257999882123,0.04532998935300039,0.0
Ppbp_Cxcr2,1.0,0.5417382468163905,0.24812538416190888,0.16535569853958454,0.06300470798705245,0.0,0.005162249834557365
Ppy_Gpr83,1.0,0.5861162704632471,0.27266725043510504,0.18389512878668832,0.12475504302820406,0.040190450830445354,0.0
Ppy_Npy1r,1.0,0.9747020894651223,0.5885420897994224,0.4726177539996382,0.3225887883347823,0.10634685806033514,0.0
Ppy_Npy2r,1.0,0.7527935587421809,0.43574588942576276,0.32448718488172723,0.21720483686536993,0.08300006570883355,0.0
Ppy_Npy5r,0.4176666852776858,1.0,0.8291302135872537,0.747267727031572,0.5565516470360977,0.21252605893895876,0.0
Prok1_Prokr1,1.0,0.572027214761186,0.22879827673793884,0.12403723298971585,0.06665292465925485,0.017001041619032157,0.0
Prok1_Prokr2,1.0,0.5821969984746366,0.23196231542366202,0.11516349974103175,0.056657531521004584,0.005181888683509678,0.0
Prok2_Prokr1,1.0,0.5552847907373153,0.2309441713886102,0.13206122147757351,0.07528411675240942,0.02075409733481695,0.0
Prok2_Prokr2,1.0,0.5724062164174075,0.23934401640601521,0.1283262665170192,0.06952325096836269,0.010984416865858776,0.0
Pros1_Axl,1.0,0.5830083142276585,0.25348452861768805,0.14773805340315163,0.08476483017950222,0.024965925907514532,0.0
Pros1_Tyro3,1.0,0.5632815199269612,0.24219531843083097,0.13136987582361556,0.07146164587907429,0.01888322247202427,0.0
Psap_Gpr37,1.0,0.590806203393874,0.2609835094582013,0.15274368696916052,0.09265837473960997,0.03144569302921854,0.0
Psap_Gpr37l1,1.0,0.7600511806403962,0.42275605332103366,0.3033230117709038,0.21158155785709615,0.07862704153680122,0.0
Pspn_Gfra4_Ret,1.0,0.9015303064075799,0.5355597518814541,0.3767498326372183,0.2588628065329386,0.10554994643210898,0.0
Pth2_Pth1r,1.0,0.6735850498805627,0.3520645363803214,0.24601136722473513,0.15956580382882266,0.05170430509466683,0.0
Pth2_Pth2r,1.0,0.6392790791485663,0.31079082904851396,0.21021538626078196,0.13437360252170882,0.03399681977645216,0.0
Pthlh_Pth1r,1.0,0.5262803397605149,0.22404409772183187,0.12185530839443787,0.0675508628646671,0.01836353639166376,0.0
Ptn_Alk,1.0,0.5214857497675306,0.19660135827041253,0.10272341680402526,0.055333898024523515,0.015205758834202922,0.0
Ptn_Itgav_Itgb3,1.0,0.5653792057287186,0.23358348661183562,0.1457576910997404,0.0816455307166972,0.023021998135742978,0.0
Ptn_Ncl,1.0,0.46283838586667925,0.17551661574825192,0.08930032810831738,0.045431761038021386,0.014374936291175422,0.0
Ptn_Ptprz1,1.0,0.6366017685580083,0.3095048275878744,0.2016965412696828,0.12794130541439552,0.04276922531169823,0.0
Ptn_Sdc1,1.0,0.5480832195209181,0.22249237604433308,0.12368643140503291,0.06726182895962637,0.0198086896088273,0.0
Ptn_Sdc2,1.0,0.49081971169501826,0.1872081758842329,0.09876619001760047,0.05158166622712625,0.01483845633831279,0.0
Ptn_Sdc3,1.0,0.9194731192200546,0.47668720583902985,0.33689508147892966,0.21821004402937905,0.07347108149653966,0.0
Ptn_Sdc4,1.0,0.7190463008923721,0.33389513079847144,0.22180030628243516,0.13299938530134756,0.041667589995897425,0.0
Ptprc_Cd22,1.0,0.6990145989312383,0.35611372261969676,0.25275991832378814,0.15159660533189098,0.04487215137584687,0.0
Ptprc_Mrc1,1.0,0.7063586542771464,0.41184306740779286,0.3304909456559737,0.22006260263871677,0.08651324529852886,0.0
Ptprm_Ptprm,1.0,0.3613340021376949,0.10673128210442483,0.03921255903017069,0.015020384437260429,0.0023594082105457656,0.0
Pvr_Cd226,1.0,0.5881288323250479,0.209542977513655,0.096301529024735,0.043656191453786165,0.0,0.022775683762457255
Pvr_Tigit,1.0,0.46451640931268756,0.1577117652438698,0.06758950176358168,0.027898549180066345,0.0014926469040338936,0.0
Pyy_Gpr83,1.0,0.6671194990472745,0.38001330918769965,0.29470754292538104,0.21487118392020124,0.0843317772761068,0.0
Pyy_Npy1r,0.8289780837551889,1.0,0.7671868594685236,0.682057384083988,0.4986763958630249,0.19945182032203188,0.0
Pyy_Npy2r,1.0,0.8374855193890838,0.5664245176716425,0.45702866001294457,0.3182736823915823,0.12960563119265098,0.0
Pyy_Npy5r,0.3454975505617845,0.9973878183183913,1.0,0.9804716364740851,0.7612241621528818,0.32360754208184767,0.0
Qrfp_Qrfpr,1.0,0.8152359824343389,0.3991109677296634,0.255038189757383,0.15641134371311474,0.030325346458400165,0.0
Rarres2_Cmklr1,1.0,0.6132402564862268,0.31211466347080974,0.22541620219350222,0.14626588443738658,0.0593521354858097,0.0
Rarres2_Gpr1,1.0,0.5914926643093161,0.2886227461910918,0.1986388619805777,0.13300281012034484,0.05230731170888482,0.0
Reln_Itga3_Itgb1,1.0,0.7676983583596686,0.3958928679632542,0.25482878079610644,0.14440431506109117,0.035626259328179935,0.0
Retn_Cap1,1.0,0.5566091493671842,0.256939303878078,0.14263326420635694,0.0761695849499839,0.021360853539780178,0.0
Retn_Tlr4,1.0,0.6412346931753931,0.31406562635467283,0.19274515975923692,0.10715726282993418,0.02756895524000405,0.0
Rln1_Rxfp1,1.0,0.6921115833433539,0.3387235698262999,0.23194159034503814,0.14415258296586916,0.05287026272607744,0.0
Rln1_Rxfp2,1.0,0.5838499761168522,0.2621619058181268,0.13977223515449688,0.0754720879851547,0.025781477278100227,0.0
Rln1_Rxfp3,1.0,0.6094001934066486,0.2952207214446954,0.16419470710721992,0.09370459705018551,0.029685148138111538,0.0
Rln3_Rxfp1,1.0,0.6946156012887217,0.31843483405362477,0.21160726502114716,0.12874508974242832,0.04420660512076214,0.0
Rln3_Rxfp2,1.0,0.5505863033622737,0.23194097141725767,0.11835453369741114,0.060976185360021605,0.01984462653128807,0.0
Rln3_Rxfp3,1.0,0.5658567823183337,0.2505857452262391,0.13136247110667892,0.07116203104607878,0.019907044719861364,0.0
Saa2_Fpr2,1.0,0.5344393462612783,0.22395764832280618,0.11442596290381786,0.0418035187878705,0.0,0.0020296273179889923
Scgb3a2_Marco,1.0,0.6067945096272638,0.15802057499617148,0.6880084872947516,0.3219994546841574,0.0,0.476256257593548
Sct_Sctr,1.0,0.5002783090342661,0.2041676644432778,0.09830622214727536,0.053263408615602824,0.011373883116156619,0.0
Sell_Cd34,0.9532548505452292,1.0,0.6726676143033515,0.6602392616461145,0.45816424684283286,0.18088503112317397,0.0
Sell_Madcam1,0.8929232942057356,1.0,0.6974890027508085,0.6606624504998815,0.44984762830884234,0.16612011346248462,0.0
Sell_Podxl,1.0,0.8412522727320867,0.4998377579520979,0.4522998584497585,0.26565488283933025,0.07832626410905104,0.0
Selplg_Sell,0.9822238395893123,1.0,0.7566342001458182,0.788348928314568,0.4979636676992545,0.1723960498828936,0.0
Selplg_Selp,1.0,0.6521792603516675,0.3039952142725942,0.19631247232654336,0.09634606575706689,0.014305204794773792,0.0
Sema3a_Nrp1_Plxna1,1.0,0.45475978422933716,0.1639049217116071,0.07451777803903867,0.034145226976816795,0.008020429397065485,0.0
Sema3a_Nrp1_Plxna2,1.0,0.44380946060770726,0.15805033227124032,0.07037719851205317,0.032211660627068,0.008426158332204706,0.0
Sema3a_Nrp1_Plxna3,1.0,0.6482107326581424,0.2813009392196966,0.1460689056280129,0.07423135178961755,0.019395760436598852,0.0
Sema3a_Nrp1_Plxna4,1.0,0.47981036389051823,0.17915003263424129,0.08345337015365477,0.03941313932538371,0.010036514897309542,0.0
Sema3b_Nrp1_Plxna1,1.0,0.6036006578698496,0.2653730965689578,0.15936612036787978,0.09448597964182527,0.028347096535618625,0.0
Sema3b_Nrp1_Plxna2,1.0,0.5846527894668204,0.257267502130031,0.14861910198795122,0.08701663565409405,0.028308646997198587,0.0
Sema3b_Nrp1_Plxna3,1.0,0.916692435924499,0.4901052429846144,0.3527081046563412,0.23837871748591985,0.07840128508190967,0.0
Sema3b_Nrp1_Plxna4,1.0,0.6436096752772523,0.28470391707232445,0.17320158006887576,0.11020970564043546,0.03428308229197741,0.0
Sema3b_Nrp2_Plxna1,1.0,0.6167525533075433,0.2813550325193498,0.17522856196822406,0.10824752568750189,0.03299953668467456,0.0
Sema3b_Nrp2_Plxna2,1.0,0.621909299914788,0.2772673945554686,0.15929665731427772,0.09406489495993728,0.03165083326537755,0.0
Sema3b_Nrp2_Plxna3,1.0,0.9189969097787684,0.5029494896882962,0.36838179626849377,0.25326231249170755,0.08578886057242754,0.0
Sema3b_Nrp2_Plxna4,1.0,0.6891514866520584,0.3090272037107531,0.18970555453621527,0.11965006211542024,0.03791289324279042,0.0
Sema3c_Nrp1_Nrp2_Plxnd1,1.0,0.6425197539070057,0.2863456900481901,0.15568289100513819,0.07918942189263858,0.023705959451463303,0.0
Sema3c_Nrp1_Plxna1,1.0,0.5246385251278466,0.2077244109431985,0.10814935713010908,0.05584735952925016,0.014839837879096764,0.0
Sema3c_Nrp1_Plxna2,1.0,0.5150738302352683,0.20299589843275415,0.10291883775837393,0.05286056970251602,0.01549317514845458,0.0
Sema3c_Nrp1_Plxna3,1.0,0.7638261634487932,0.3638059360931865,0.22046356429963215,0.12809608428774366,0.037484352446271775,0.0
Sema3c_Nrp1_Plxna4,1.0,0.5569195037597368,0.22430449642818281,0.11849718734971834,0.06455736004794062,0.017773462990383584,0.0
Sema3c_Nrp2_Plxna1,1.0,0.535171996666213,0.2186646792330205,0.11739042873765247,0.06341932737403105,0.017235407721761426,0.0
Sema3c_Nrp2_Plxna2,1.0,0.547529300348957,0.21800160921500572,0.10971103943712852,0.05702664802546999,0.01741603185680349,0.0
Sema3c_Nrp2_Plxna3,1.0,0.7663549363175786,0.371118498264478,0.22888070193313623,0.13611977163347305,0.04134267382513159,0.0
Sema3c_Nrp2_Plxna4,1.0,0.57242048700887,0.23287831703141684,0.12377723642164505,0.067129570682575,0.01880078010680803,0.0
Sema3c_Plxnd1,1.0,0.6321534782077087,0.2704892959222382,0.15578763172277343,0.08652317536466221,0.023420984717188058,0.0
Sema3d_Nrp1_Plxna1,1.0,0.48252447664788584,0.1766272429678979,0.08098119504074709,0.035448779037135926,0.005291995419034133,0.0
Sema3d_Nrp1_Plxna2,1.0,0.4719391587500618,0.17315112594934273,0.07880782331203873,0.03519765698455872,0.007184436353118072,0.0
Sema3d_Nrp1_Plxna3,1.0,0.6917173154556944,0.30200941687104954,0.15961255116870657,0.0793036066506462,0.014606052663353134,0.0
Sema3d_Nrp1_Plxna4,1.0,0.5024573331499956,0.18665372934228266,0.0855220630476651,0.03825726302657288,0.005812324901408703,0.0
Sema3d_Nrp2_Plxna1,1.0,0.4940250800943848,0.18673668968524582,0.0884069382733666,0.04131156503972737,0.007034435459567449,0.0
Sema3d_Nrp2_Plxna2,1.0,0.5009919146207207,0.1853384586682206,0.08375817633938629,0.03798385811315447,0.008466569827915738,0.0
Sema3d_Nrp2_Plxna3,1.0,0.6932191227403304,0.30646601083713293,0.16462853496072097,0.08439367984816468,0.017112140647602872,0.0
Sema3d_Nrp2_Plxna4,1.0,0.5189266972603968,0.19411932970393303,0.08927566523661332,0.039706633987702356,0.006217682202198485,0.0
Sema3e_Plxnd1,1.0,0.6241684849902305,0.25766614567447893,0.13484400027746785,0.06683564510836174,0.0074545694596755184,0.0
Sema3f_Nrp2_Plxna1,1.0,0.6072716344965016,0.2632294271147898,0.1434538517364399,0.07867290501230303,0.016590459003785307,0.0
Sema3f_Nrp2_Plxna2,1.0,0.6252580347389236,0.2663955120637019,0.1360233520582974,0.07117795844327775,0.01830494269056787,0.0
Sema3f_Nrp2_Plxna3,1.0,0.8872907392819614,0.45666234440640857,0.288025406879757,0.17523447880422185,0.04310203338317519,0.0
Sema3f_Nrp2_Plxna4,1.0,0.6438257870199889,0.2767091840937101,0.1471240808377721,0.07861143340572109,0.015683304830358732,0.0
Sema3g_Nrp2_Plxna1,1.0,0.6380041958943165,0.29152060441077704,0.16882159148368797,0.09761985078794928,0.026561682821742323,0.0
Sema3g_Nrp2_Plxna2,1.0,0.6569724630293711,0.2962903807620863,0.16027703033477958,0.08944462132736304,0.027693123546943147,0.0
Sema3g_Nrp2_Plxna3,1.0,0.9307098240727231,0.5078731810391262,0.34184075643677375,0.22085294195070776,0.067765057146133,0.0
Sema3g_Nrp2_Plxna4,1.0,0.6826856463959176,0.30719849540575583,0.1735626504071299,0.10253377170246498,0.02768770317845681,0.0
Sema4a_Nrp1_Plxna1,1.0,0.9878533741089707,0.5297432928041167,0.3505934876181029,0.21161301009470643,0.051839287112633144,0.0
Sema4a_Nrp1_Plxna2,1.0,0.9658247828433275,0.5167158787611785,0.3245142811484197,0.1927643677720135,0.05360131057885563,0.0
Sema4a_Nrp1_Plxna3,0.44737159668415577,1.0,0.6881589996714362,0.5641259508337007,0.39272239538415865,0.10757858287343382,0.0
Sema4a_Nrp1_Plxna4,0.916975855464862,1.0,0.5432338750797849,0.36874271081103027,0.24104774121418002,0.05862189583603,0.0
Sema4a_Plxnb1,0.9131816051772409,1.0,0.5999793760557959,0.4292536172036892,0.2704786911542115,0.0662284651946587,0.0
Sema4a_Plxnb2,0.9933299893152507,1.0,0.5787076733847132,0.4074327615875562,0.25875862112315845,0.08103720227632756,0.0
Sema4a_Plxnb3,0.9985890553856221,1.0,0.523193467197074,0.3525226695497101,0.22550890900472112,0.06093408239688357,0.0
Sema4a_Timd2,0.6840549438190486,1.0,0.7624170347885765,0.9632600776719707,0.44781481121690636,0.0,0.18605586796314486
Sema4c_Plxnb2,1.0,0.5845327560844202,0.25743242217910034,0.1429421709819004,0.07780920471121308,0.021659336552011542,0.0
Sema4d_Cd72,1.0,0.6710609534008727,0.29848293038134555,0.16639489368346572,0.08855484361398695,0.01185293750297225,0.0
Sema4d_Plxnb1,1.0,0.6561426207899413,0.29278828863421646,0.1611278543253006,0.08241112406079873,0.008491487201129157,0.0
Sema4d_Plxnb2,1.0,0.6097688377271364,0.26758961918269025,0.15116534878424123,0.08167883262496363,0.01931938899773951,0.0
Sema4d_Plxnb3,1.0,0.5709259438155535,0.22271857442748105,0.1127623768796515,0.0576561446804601,0.006620085432681883,0.0
Sema4g_Plxnb2,0.9399403436652327,1.0,0.5676334474450907,0.3976780605390475,0.253075733342889,0.07635991525165767,0.0
Sema5a_Plxna1,1.0,0.49528675905645514,0.19270438923341218,0.09452463316017673,0.04795242815933532,0.011609661412900216,0.0
Sema5a_Plxna3,1.0,0.6983134465892054,0.31958146815072647,0.17871680934467388,0.09969392717849128,0.02729394123223337,0.0
Sema5a_Plxnb3,1.0,0.48021192652677835,0.17789977514485736,0.08663025811038984,0.044082080316561044,0.01135067825573119,0.0
Sema5b_Plxna1,1.0,0.5702463418833238,0.2558316399335323,0.14136547322500642,0.07538312541812019,0.01874511306285207,0.0
Sema5b_Plxna3,1.0,0.7778044929644563,0.4117816437485623,0.26036600345430855,0.15313163929183982,0.04232675303484846,0.0
Sema6a_Plxna2,1.0,0.4727524759678359,0.17480489958843856,0.081174137117034,0.04018396607148817,0.010774670697051477,0.0
Sema6a_Plxna4,1.0,0.5118316510129831,0.19646472538177476,0.09142182436607788,0.04521885679126385,0.009779342517846214,0.0
Sema6b_Plxna2,1.0,0.8199893057569996,0.4267716297180585,0.27651011309549023,0.18077829537000167,0.058815096207203654,0.0
Sema6b_Plxna4,0.9444950787386301,1.0,0.5331400529364395,0.35890982317560877,0.24585810164695676,0.06620498478630195,0.0
Sema6d_Plxna1,1.0,0.6592504227808291,0.3041599663902329,0.1765270751190397,0.10582914556321485,0.025713783684858268,0.0
Sema6d_Plxna1_Kdr,1.0,0.6606807371974289,0.310258695927571,0.18974082149038143,0.12013614363673002,0.03454672632250425,0.0
Sema6d_Plxna1_Trem2_Tyrobp,1.0,0.9918641707633854,0.6261081180424339,0.5044782119542405,0.3681048451004186,0.15381210649005506,0.0
Sema7a_Itgb1_Itga1,1.0,0.898027967534372,0.48473786667144797,0.32866083536505397,0.21011125200033362,0.06814622514418991,0.0
Sema7a_Plxnc1,0.87767913401733,1.0,0.6532793075913093,0.5055249296015955,0.3571165954048511,0.12043895359563653,0.0
Shh_Ptch1_Smo,1.0,0.4363941686138736,0.15852828341643913,0.06729152988971936,0.02509910663397062,0.00010331150243390882,0.0
Shh_Ptch2_Smo,1.0,0.4702191880429967,0.17894513245209795,0.07777679764087778,0.030402165419986218,0.0,0.0033540864420444397
Siglec1_Spn,1.0,0.7315845339144927,0.44994346427243337,0.41370619296269584,0.1934668119160089,0.014630181798500988,0.0
Slurp1_Chrna1,1.0,0.6645590369662353,0.2840185049999166,0.16947043288752986,0.10993139652748694,0.03565822719407412,0.0
Slurp1_Chrna2,0.7743152609751145,1.0,0.5012731748980107,0.5030590100160726,0.38387966520275,0.0994501893877259,0.0
Slurp1_Chrna3,0.4217485770936455,1.0,0.6495777976883796,0.5618114082822343,0.39305852030089006,0.08500289893296677,0.0
Slurp1_Chrna4,0.0,1.0,0.7744189065748878,0.8062642180634896,0.6980758757151467,0.4217742319527107,0.3999498466781657
Slurp1_Chrna5,0.7689121799354994,1.0,0.5645990638942029,0.43266448519639295,0.2888289873209093,0.0653862456695849,0.0
Slurp1_Chrna6,0.7331350265802866,1.0,0.39760541841532243,0.26025872211900697,0.15909723498622225,0.0,0.1723632515725058
Slurp1_Chrna7,1.0,0.7066643833699052,0.2906792384442875,0.15688770127253365,0.0757711518701017,0.0,0.00040618715570319076
Slurp1_Chrna9,1.0,0.6812599855081244,0.24531425895248896,0.12794831286444883,0.062082178273666855,0.0,0.029207602374508052
Slurp1_Chrnb1,1.0,0.6270663688297464,0.24877350800618936,0.13356551032460687,0.07695332753887714,0.019440120249773662,0.0
Slurp1_Chrnb2,0.0,1.0,0.8644720567074395,0.8952375577596771,0.805993024924772,0.5543743062265891,0.5323484736461138
Slurp1_Chrnb3,0.9397187642087217,1.0,0.293014360230219,0.19007146223809626,0.12441394653308795,0.0,0.20194298429993446
Slurp1_Chrnb4,1.0,0.7925210024615716,0.34716001496339877,0.20935460972673625,0.10623123813874101,0.0,0.009554863968710884
Slurp1_Chrnd,1.0,0.6558168513228708,0.24499959071660207,0.13001903964789246,0.08055023967054664,0.013999922681293658,0.0
Slurp1_Chrne,1.0,0.8449910945586281,0.3755410538808592,0.2788182831229086,0.17262305640402548,0.04032214652696989,0.0
Slurp1_Chrng,1.0,0.6479837166065572,0.2459274520946851,0.1298563823469674,0.07764699999622623,0.014427097889964217,0.0
Slurp2_Chrna1,1.0,0.5491729570999947,0.23520978866039183,0.13465248125440982,0.08662031634730814,0.03139158566141696,0.0
Slurp2_Chrna2,0.7703369851672055,1.0,0.7096556831625772,0.5876364317850199,0.4395158715497861,0.1628870516078256,0.0
Slurp2_Chrna3,0.7159208734650334,1.0,0.6992497731296891,0.5256108494779184,0.3701601015522074,0.12860669296502525,0.0
Slurp2_Chrna4,0.4169064939371417,1.0,0.729824371533666,0.5898861375267246,0.42689973934841935,0.14004571285238746,0.0
Slurp2_Chrna5,1.0,0.9886755290155406,0.6014865874671593,0.4213239906944743,0.2852543988977448,0.09756417856904895,0.0
Slurp2_Chrna6,1.0,0.9618853881139467,0.5220101780698059,0.33394639656922775,0.20973338231087826,0.037704365917348145,0.0
Slurp2_Chrna7,1.0,0.685646685353267,0.3279567001193697,0.1885467103882714,0.1111920424982733,0.03181170743729068,0.0
Slurp2_Chrna9,1.0,0.6705858641351408,0.3021816418008608,0.16834254566176032,0.09700372565860901,0.02063647234021445,0.0
Slurp2_Chrnb1,1.0,0.542599080981046,0.2221921359947928,0.11881834917588807,0.07172217454522563,0.023873871969128026,0.0
Slurp2_Chrnb2,0.3813233087755034,1.0,0.7474804220724836,0.6035727467241397,0.43989649156163624,0.1457039199520739,0.0
Slurp2_Chrnb3,1.0,0.9258621830003697,0.463877510220979,0.2958658517131108,0.19073257972565644,0.027267648604773563,0.0
Slurp2_Chrnb4,1.0,0.7808172075690276,0.413950348321348,0.2531928052814539,0.15398481011713683,0.04140964621582944,0.0
Slurp2_Chrnd,1.0,0.5457510034018095,0.22283070137575017,0.12252543128534409,0.0797408837150419,0.026230122228791206,0.0
Slurp2_Chrne,1.0,0.7952990058158181,0.43912258104871976,0.3067440520570824,0.20032388887688124,0.06860364744040379,0.0
Slurp2_Chrng,1.0,0.541588975769559,0.2200988297759112,0.11902595849731508,0.07515955579269656,0.024401986196028395,0.0
Spp1_Cd44,0.0,0.614403631330423,0.7094356605612165,1.0,0.9852859996329857,0.5896781700126261,0.2778784062957487
Spp1_Itga4_Itgb1,1.0,0.634639569127029,0.3108868298452235,0.20158294229997545,0.11317371225541249,0.03517840157932136,0.0
Spp1_Itga5_Itgb1,1.0,0.6998786969741367,0.3573693806325382,0.24184794234705148,0.14633188724941734,0.053423729191996894,0.0
Spp1_Itga8_Itgb1,1.0,0.6664835943993246,0.33959081303101935,0.22722146212991223,0.1390545190727467,0.04817579480385682,0.0
Spp1_Itga9_Itgb1,1.0,0.6655982245226739,0.33201188269961784,0.21063341903205665,0.12169853376700006,0.0407126312391682,0.0
Spp1_Itgav_Itgb1,1.0,0.7362928291395286,0.3863358693871036,0.267469305656365,0.16574083220207117,0.056926159386812024,0.0
Spp1_Itgav_Itgb3,1.0,0.7628610269420946,0.42780499164491115,0.3349348539028823,0.20784310188990948,0.06999213768949931,0.0
Spp1_Itgav_Itgb5,1.0,0.7368410754616413,0.3873661072560823,0.26885269713888754,0.16692579732355195,0.05741333065086551,0.0
Spp1_Itgav_Itgb6,1.0,0.6114734487392268,0.2671067106860403,0.14813909051666774,0.0837156458746562,0.025614583927423537,0.0
Sst_Sstr1,0.5659372345677296,1.0,0.9615131028609877,0.885154416980395,0.6917024282741283,0.28277743888496903,0.0
Sst_Sstr2,0.9791253900207948,1.0,0.8454824690971641,0.7017091147397985,0.4900953177316772,0.19084574053962589,0.0
Sst_Sstr3,0.5530953031264906,0.9870190693429016,1.0,0.9369475989308943,0.7100577839365215,0.29383965871661505,0.0
Sst_Sstr4,1.0,0.8129359977721033,0.49906065680660194,0.33337506888987356,0.21348059879832157,0.07933173759023517,0.0
Sst_Sstr5,0.5471665239804456,1.0,0.854160321204643,0.739502210843208,0.544425194001441,0.21285927085667486,0.0
Tac1_Tacr1,0.5345470447160894,1.0,0.7646604424026475,0.6437004636668813,0.4845801284642751,0.18459302546864131,0.0
Tac1_Tacr2,0.8754941456870655,1.0,0.6689825394906322,0.5080060910353851,0.34612364388669153,0.12046328436084172,0.0
Tac2_Tacr3,0.7813149882104387,1.0,0.7386109458556843,0.7102766590130624,0.5209656452576145,0.19969209567453464,0.0
Tac4_Tacr1,1.0,0.5333096997718348,0.19632878310707233,0.08236577604647898,0.03314545017315879,0.0025389153935887797,0.0
Tgfa_Egfr,1.0,0.8042535451238416,0.37816091780608047,0.216881465188522,0.12000360698615721,0.03644658003866402,0.0
Tgfa_Egfr_Erbb2,0.8618231442861445,1.0,0.5712566945382375,0.35977267212684827,0.20308480388269687,0.06192151832788265,0.0
Tgfb1_Acvr1_Tgfbr1_Tgfbr2,1.0,0.5066684053414042,0.20276760233227817,0.10753150035331333,0.0536747931927474,0.015339773186262791,0.0
Tgfb1_Acvr1b_Tgfbr2,1.0,0.6221888073732459,0.28964463202913227,0.17745744159667073,0.09934793643857161,0.029504888621211135,0.0
Tgfb1_Acvr1c_Tgfbr2,1.0,0.5998535327764019,0.2523351911899738,0.14644693889420565,0.07405074016665703,0.014792004771033086,0.0
Tgfb1_Tgfbr1_Tgfbr2,1.0,0.5208693834557123,0.22144303954745292,0.12639553305366863,0.06810821358048791,0.021639141983583108,0.0
Tgfb2_Acvr1_Tgfbr1_Tgfbr2,1.0,0.4117010419262591,0.13963687279555084,0.06415884596298266,0.03056927366861649,0.008688576073589332,0.0
Tgfb2_Acvr1b_Tgfbr2,1.0,0.5318106649058038,0.2134704025187059,0.1115922396667331,0.05894405888975593,0.01777761147914165,0.0
Tgfb2_Acvr1c_Tgfbr2,1.0,0.5417426966771454,0.20927921560437124,0.10634238219996524,0.05251090502642087,0.012654142463101878,0.0
Tgfb2_Tgfbr1_Tgfbr2,1.0,0.4308065785528709,0.15458932777631232,0.07595117585299813,0.03845163739087051,0.011829945239573132,0.0
Tgfb3_Acvr1_Tgfbr1_Tgfbr2,1.0,0.45488967644707307,0.16839587081668553,0.08474199266435123,0.043161389688947185,0.013365667081491804,0.0
Tgfb3_Acvr1b_Tgfbr2,1.0,0.5935293853230528,0.2610527219910705,0.1514278838689181,0.08654808717272626,0.028701026924614716,0.0
Tgfb3_Acvr1c_Tgfbr2,1.0,0.6119253789881436,0.25833511260904,0.14657887240468492,0.0793154684376982,0.022037646271857857,0.0
Tgfb3_Tgfbr1_Tgfbr2,1.0,0.47543461760973266,0.18599358532317925,0.10040854331376092,0.05451701945888653,0.01821401052031715,0.0
Thbs1_Cd36,1.0,0.6255270989092054,0.27057454434059414,0.17655895428784774,0.10360460312715103,0.036541655917030576,0.0
Thbs1_Cd47,1.0,0.613584357048849,0.29308314797983837,0.18700956838230778,0.1020600352574498,0.02938974469735779,0.0
Thbs1_Itga3_Itgb1,1.0,0.5519105227947342,0.23337202561314835,0.12750189292434747,0.06512457577165726,0.016484046306639404,0.0
Thbs1_Itgav_Itgb3,1.0,0.5872214472467953,0.259596485107712,0.15847729883949072,0.08363058834425824,0.021777377766638354,0.0
Thbs1_Sdc1,1.0,0.5248336939107318,0.21912025204071126,0.1186648327210657,0.06244682495120197,0.01693766411105452,0.0
Thbs1_Sdc4,1.0,0.6678106476293872,0.32036128839843053,0.20436251435805283,0.11599948983557168,0.033630553952114055,0.0
Thbs2_Cd36,1.0,0.6390052150816575,0.2875313432552538,0.20901837429373213,0.1360957873236003,0.05335117145388808,0.0
Thbs2_Cd47,1.0,0.7000547069413455,0.36795185850682227,0.26869390245197916,0.1687883835729735,0.0582633511431528,0.0
Thbs2_Itga3_Itgb1,1.0,0.6184745124611775,0.2833415233992264,0.1761856345125114,0.10238126709894005,0.031921760307943,0.0
Thbs2_Itgav_Itgb3,1.0,0.6348550437645017,0.29916495856752306,0.2097688997438486,0.1275259380258752,0.040942076376360194,0.0
Thbs2_Sdc1,1.0,0.5941003233452531,0.2705278559974655,0.16468005527820012,0.09611564920772177,0.030970292869881386,0.0
Thbs2_Sdc4,1.0,0.8044732710364076,0.4275086476544405,0.3188267457982344,0.20617362493831687,0.07153772689457384,0.0
Thbs3_Cd36,1.0,0.7261962388211742,0.3512359792979247,0.2562059966885208,0.16678048429494555,0.06316107644102399,0.0
Thbs3_Cd47,1.0,0.7678814326654657,0.4288632721800901,0.31094331068026504,0.1909044629923477,0.06113449417251832,0.0
Thbs3_Itga3_Itgb1,1.0,0.6677286131927029,0.32255060633900734,0.1992995776061327,0.11415566615214835,0.03268343720502284,0.0
Thbs3_Itgav_Itgb3,1.0,0.7167657515598375,0.3613462164420346,0.25149311787625656,0.15021344913248003,0.04437776265956087,0.0
Thbs3_Sdc1,1.0,0.6595396958774443,0.3136856454850836,0.19016876582169778,0.10968313541231275,0.03328840026401163,0.0
Thbs3_Sdc4,1.0,0.9044903169013003,0.5107722149593218,0.379780691152395,0.24252403693770894,0.07884003610186976,0.0
Thbs4_Cd36,1.0,0.4664937440848141,0.179664226174905,0.11826583255305097,0.07633995236341062,0.02990553809383078,0.0
Thbs4_Cd47,1.0,0.5994441160149602,0.27700719301079946,0.19003027004226275,0.12162094400251124,0.045408263056915914,0.0
Thbs4_Itga3_Itgb1,1.0,0.5216921714747517,0.21299809601526387,0.12701089216980338,0.0758020686515048,0.02600860583542032,0.0
Thbs4_Itgav_Itgb3,1.0,0.5565199126728784,0.23495913591422196,0.15655403573428667,0.097717530280346,0.035191172072506834,0.0
Thbs4_Sdc1,1.0,0.5081452244379453,0.20516369480953447,0.11875143857633151,0.07058843236923817,0.023929859949122625,0.0
Thbs4_Sdc4,1.0,0.6811638399318095,0.3218471565322279,0.2244955113416153,0.14698559107472686,0.05390668682366026,0.0
Thpo_Mpl,1.0,0.6335614293366421,0.2607871437893252,0.14663237053971687,0.0651650557805049,0.0,0.022096533647571425
Thy1_Itgam_Itgb2,1.0,0.8478445650685711,0.5019027475010963,0.413008877658712,0.27938119971091907,0.09909654784400208,0.0
Thy1_Itgav_Itgb3,1.0,0.7821632038335653,0.4057594130300864,0.32660662959035724,0.22105963764707165,0.06262108485105414,0.0
Thy1_Itgax_Itgb2,1.0,0.8761682719477168,0.49721366999506456,0.39469757105207076,0.2742070800256987,0.087131380797997,0.0
Tigit_Nectin2,1.0,0.4818946767142716,0.17128728972211008,0.07470345534908089,0.030918820412413745,0.0025714686739518123,0.0
Tigit_Pvr,1.0,0.46438241239736827,0.15764596209709297,0.06755283380305284,0.027842550872585577,0.0014612180459898727,0.0
Tnc_Itga2b_Itgb3,1.0,0.6176216751824443,0.28133769584904306,0.18331811240192802,0.1097153588891937,0.036098399550472525,0.0
Tnc_Itga8_Itgb1,1.0,0.5113570225150316,0.212451632875309,0.1216011299672528,0.06997590306123966,0.02197332662662168,0.0
Tnc_Itga9_Itgb1,1.0,0.4976694287749368,0.19836629577869297,0.10671328225012464,0.05758788376067801,0.017830137889024187,0.0
Tnc_Itgav_Itgb3,1.0,0.616579317686113,0.2807810516641515,0.18290304325298215,0.10940673368545084,0.035895967870549286,0.0
Tnc_Itgav_Itgb6,1.0,0.4437839933612572,0.15396881121666467,0.07189096374232665,0.03765161496966453,0.010473226681499413,0.0
Tnc_Sdc1,1.0,0.5496678306749355,0.2362339929922247,0.13546058068819936,0.07750906179383217,0.024299144220192654,0.0
Tnc_Sdc4,1.0,0.7115009224604243,0.3543672071717256,0.24023761367395186,0.1505320571893988,0.050866586249556985,0.0
Tnfsf10_Tnfrsf10b,1.0,0.5760566517581094,0.2402446920653264,0.13095304299633118,0.06850521735910137,0.011940799954334327,0.0
Tnfsf11_Tnfrsf11a,1.0,0.6133520568279887,0.28027229715741436,0.16895047757656192,0.09675912633860563,0.029655481416386034,0.0
Tnfsf11_Tnfrsf11b,1.0,0.5547932470150301,0.24323724998695975,0.14242311745240593,0.07885107100586221,0.023911972045661187,0.0
Tnfsf12_Tnfrsf12a,1.0,0.5983349441102919,0.2624160378285581,0.18074840978288442,0.11135210884583124,0.04322943213533663,0.0
Tnfsf13b_Tnfrsf13b,1.0,0.5741294414911264,0.25703076801682206,0.1515592681689401,0.08471659880887523,0.026570643607034993,0.0
Tnfsf13b_Tnfrsf13c,1.0,0.5399815965719463,0.22683087505947575,0.12378670351183452,0.06288048630942657,0.015547490338083402,0.0
Tnfsf13b_Tnfrsf17,1.0,0.5144932626276332,0.21438833949086375,0.11512960353049995,0.0622939777904852,0.017698029390229613,0.0
Tnfsf14_Ltbr,1.0,0.6270299771498977,0.3079990177818669,0.20576391505429925,0.1143555279005508,0.03650637894418953,0.0
Tnfsf14_Tnfrsf14,1.0,0.5385715922323822,0.25094601247185705,0.1753591803371318,0.06449645888187333,0.0,0.02487032085421771
Tnfsf15_Tnfrsf25,1.0,0.5878676624957507,0.21352909046532642,0.09881936675613961,0.04601704468884027,0.0,0.023887677992953132
Tnfsf18_Tnfrsf18,1.0,0.5061668121530412,0.1920357298665436,0.10100114881804004,0.05460912713200897,0.013420443745587363,0.0
Tnfsf4_Tnfrsf4,1.0,0.6774266512530719,0.2888149687338899,0.15486158468545716,0.07561512458605103,0.008874981554481352,0.0
Tnfsf8_Tnfrsf8,1.0,0.7096666175030464,0.2572419692133319,0.1100169939006375,0.05697879499633283,0.0,0.10083563718364377
Tnfsf9_Tnfrsf9,1.0,0.5476203447346268,0.23876900012725652,0.12947681580042536,0.0683457509352409,0.018896240281996955,0.0
Tnn_Itga2b_Itgb3,1.0,0.6526907801951477,0.2987166528633018,0.18762725015592288,0.10056607720664666,0.019047707613377336,0.0
Tnn_Itga8_Itgb1,1.0,0.5470441619121296,0.23415724366418678,0.12826711047664646,0.06824046317294086,0.015516029228247543,0.0
Tnn_Itga9_Itgb1,1.0,0.5384673277108434,0.22312707131103987,0.11597420379855916,0.057249980260589674,0.01277455993013039,0.0
Tnn_Itgav_Itgb3,1.0,0.6510396772521854,0.2978737468097333,0.1870379844189207,0.10017592443130449,0.01884334419374308,0.0
Tnn_Itgav_Itgb6,1.0,0.5274136572384776,0.19082050515471155,0.08342338722661265,0.03729760582860658,0.0041360233979387245,0.0
Tnn_Sdc1,1.0,0.5936526117435406,0.26427207760181626,0.148001920338363,0.07965878889868146,0.019100661652338896,0.0
Tnn_Sdc4,1.0,0.7764132116846739,0.3959450155103329,0.26543480672919373,0.15639143012953666,0.03920288278106926,0.0
Tnr_Itga2b_Itgb3,0.865078779404673,1.0,0.5695536991775744,0.4238502387557595,0.27046932618213604,0.045320812329275,0.0
Tnr_Itga8_Itgb1,1.0,0.9103000667488965,0.476621950223506,0.2926411135964865,0.17376294256118122,0.041118183840172615,0.0
Tnr_Itga9_Itgb1,1.0,0.9171552775302116,0.46725366818119,0.26953373008137876,0.14934547330725323,0.03303601205938962,0.0
Tnr_Itgav_Itgb3,0.8689289516446387,1.0,0.5684902885012955,0.42242687001946855,0.26866811037474225,0.04296229272148487,0.0
Tnr_Itgav_Itgb6,1.0,0.9006464394394641,0.366088274821838,0.16366320881721189,0.08584846855048917,0.0049353690646059935,0.0
Tnr_Sdc1,0.9631928215487335,1.0,0.558086572818377,0.3554665050260939,0.21165281897744564,0.05590153004230319,0.0
Tnr_Sdc4,0.32318341636993325,1.0,0.7017219203572997,0.6061421952964399,0.4278238631108518,0.11741037748758947,0.0
Tnxb_Itga2b_Itgb3,1.0,0.598687423478303,0.25228351294004087,0.18759509447718797,0.1141873422313435,0.03308076514430544,0.0
Tnxb_Itga8_Itgb1,1.0,0.5341143184956395,0.21516817326856424,0.135401481358294,0.08152822141446654,0.025559528995121056,0.0
Tnxb_Itga9_Itgb1,1.0,0.5401840585375657,0.21770972719345355,0.12750672283355452,0.07168772943834764,0.02167021161084676,0.0
Tnxb_Itgav_Itgb3,1.0,0.5971626926248,0.25140817530235926,0.18684102631370691,0.11357118165378381,0.032616360446401385,0.0
Tnxb_Itgav_Itgb6,1.0,0.42250866165837864,0.14322419009134998,0.0672307992952709,0.03620927770341526,0.008086524149455165,0.0
Tnxb_Sdc1,1.0,0.5986196278987522,0.2593503032322744,0.1651287415471669,0.09916641781262729,0.031207639838186536,0.0
Tnxb_Sdc4,1.0,0.844912908167239,0.41573728899589557,0.3461472287149226,0.2334537348968482,0.07930653094109884,0.0
Trh_Trhr,1.0,0.7310569323549312,0.4147848576621323,0.2838309141643524,0.18114291935949478,0.06968808479882117,0.0
Try10_F2r,1.0,0.6162216517829588,0.2800153751245153,0.16812494078923795,0.0938948611259924,0.023398935466510215,0.0
Try10_F2rl1,1.0,0.7273783212126483,0.32016110823970767,0.20978737601302277,0.13100764720436597,0.013943575837086683,0.0
Try10_F2rl2,1.0,0.5230209261654516,0.21694298008844637,0.11637151277581864,0.04328138165914978,0.0,0.009353908223258904
Try10_F2rl3,1.0,0.644816153930662,0.2958416101242806,0.18536419372401242,0.10026875317183766,0.014355971577417958,0.0
Try10_Pard3,1.0,0.49276449022751984,0.18307311367614904,0.08076993347213099,0.03399795025410532,0.002443291708876351,0.0
Try5_F2r,1.0,0.5294648413289361,0.23995632117343196,0.14565885935584064,0.0844471485021967,0.02793991860782937,0.0
Try5_F2rl1,1.0,0.573195048247627,0.27197688556937755,0.1844116048304334,0.12169603746514483,0.039080720769312384,0.0
Try5_F2rl2,1.0,0.4705141882573587,0.2003889902685955,0.11343143307884039,0.050002661963055084,0.008936816922336263,0.0
Try5_F2rl3,1.0,0.5715428004817054,0.27555888348842394,0.17801453319715202,0.10506946064464924,0.0330492636586391,0.0
Try5_Pard3,1.0,0.41045115089596595,0.1492532151188788,0.06960577799370755,0.03313426583388449,0.008206232313223212,0.0
Tshb_Tshr,1.0,0.5888840529623379,0.2270889048004506,0.10261716012008971,0.04533183643486383,0.0,0.015680557229431985
Tslp_Il7r_Crlf2,1.0,0.645979764621395,0.31639845153574236,0.21300396116294035,0.137547762782804,0.054850935658688996,0.0
Ucn_Crhr1,0.823361104410957,1.0,0.6461654896688793,0.49992651972313246,0.3489468622601912,0.10206537604889794,0.0
Ucn_Crhr2,1.0,0.5506062226272493,0.21102257735301264,0.14416649417556557,0.08494180659217178,0.0281984988007814,0.0
Ucn2_Crhr1,0.0,1.0,0.7711785735119537,0.7406230511988506,0.6359633559638097,0.2622919530992208,0.15880315150073443
Ucn2_Crhr2,1.0,0.8115065000246252,0.35335107011523814,0.27341789410537926,0.18298417689941085,0.05238907755891085,0.0
Uts2b_Sstr5,0.9541140137700037,1.0,0.59819279975218,0.446448258144006,0.3167316789320506,0.09495014227212042,0.0
Uts2b_Uts2r,1.0,0.6474364197794547,0.2819298951806634,0.15459211952120822,0.09360282561810322,0.028760197352475106,0.0
Vegfa_Flt1,1.0,0.5248223704097802,0.20668164593972682,0.10955829828770167,0.05643352591225557,0.014204739016008052,0.0
Vegfa_Flt1_Kdr,1.0,0.5248223704097802,0.20668164593972682,0.10955829828770167,0.05643352591225557,0.014204739016008052,0.0
Vegfa_Kdr,1.0,0.5666731833739121,0.24189916796248073,0.1408522719534188,0.07900179862033453,0.02321241460069359,0.0
Vegfb_Flt1,1.0,0.5572504261269629,0.2351345873823659,0.1358962272440487,0.0757227329369651,0.025327263691217582,0.0
Vegfc_Flt4,1.0,0.46284525806773147,0.1714208362246041,0.08321565432220959,0.03943437532827382,0.010464660142789652,0.0
Vegfc_Flt4_Kdr,1.0,0.46284525806773147,0.1714208362246041,0.08321565432220959,0.03943437532827382,0.010464660142789652,0.0
Vegfc_Kdr,1.0,0.48777194564784976,0.18888458923143855,0.09517205399962081,0.047460496272759944,0.013542543051456201,0.0
Vegfd_Flt4,1.0,0.5964030644682655,0.26312947524417674,0.15977584467315212,0.0897966042309264,0.02384623597449472,0.0
Vegfd_Flt4_Kdr,1.0,0.5964030644682655,0.26312947524417674,0.15977584467315212,0.0897966042309264,0.02384623597449472,0.0
Vegfd_Kdr,1.0,0.6248569188288898,0.2867318075943884,0.18270640920914522,0.11098433245040232,0.033172553292548285,0.0
Vsir_Igsf11,1.0,0.7898917807553613,0.4428006057038277,0.3178713897559528,0.2041658292144741,0.07250592336304279,0.0
Vtn_Itga2b_Itgb3,1.0,0.5668718493436551,0.2715532037159874,0.20478574146608483,0.08935045752544375,0.0,0.033000528429365655
Vtn_Itga8_Itgb1,1.0,0.5681293513424696,0.25239962167186053,0.1579262406617989,0.07314529332965403,0.0,0.00979989904862153
Vtn_Itgav_Itgb1,1.0,0.6315572995357306,0.28587816715422,0.1832351177888548,0.08763413267600298,0.0,0.013678793267013097
Vtn_Itgav_Itgb3,1.0,0.566486672249997,0.2713686892196299,0.2046465940083096,0.0892900216692032,0.0,0.03347057160189466
Vtn_Itgav_Itgb5,1.0,0.6318091328755644,0.2866856814907557,0.18451882840791767,0.08859654319683175,0.0,0.013162430363770777
Vtn_Itgav_Itgb8,1.0,0.5930487481157678,0.30259046007781254,0.17924643195122208,0.08648736531423153,0.0044134279406502965,0.0
Vwf_Gp1ba_Gp1bb_Gp5_Gp9,1.0,0.5638847333131779,0.24382897731467112,0.15049112856520178,0.07608762531345696,0.017443637161818414,0.0
Vwf_Itga2b_Itgb3,1.0,0.556040730247338,0.2315050682964206,0.1412729915042736,0.07422626638117827,0.01571811791659442,0.0
Vwf_Itgav_Itgb3,1.0,0.5554830588476773,0.23114986465332119,0.14097408086160484,0.0739694844918229,0.015497537074194127,0.0
Wnt1_Fzd10_Lrp5,1.0,0.4387559261524104,0.15538652992123658,0.06344394051127833,0.02395327294135172,0.0,0.003995767670881667
Wnt1_Fzd10_Lrp6,1.0,0.4359167208398831,0.15981842181408132,0.06895301122252748,0.027101220629653686,0.0,0.0015733729592803658
Wnt1_Fzd1_Lrp5,1.0,0.4351205452721488,0.14792482480579475,0.05897783677322965,0.019846461732507883,0.0,0.0011059766395255318
Wnt1_Fzd1_Lrp6,1.0,0.4985108631180716,0.19996391659066162,0.1002637112420127,0.0463944610789364,0.009543847485033473,0.0
Wnt1_Fzd2_Lrp5,1.0,0.43382725310035064,0.14748515350087787,0.05880253920239052,0.019787472852586138,0.0,0.0011026893874165895
Wnt1_Fzd2_Lrp6,1.0,0.4767792434976159,0.1705698780940827,0.07316832900618628,0.02928408330665829,0.004029249195759305,0.0
Wnt1_Fzd3_Lrp5,1.0,0.43382725310035064,0.14748515350087787,0.05880253920239052,0.019787472852586138,0.0,0.0011026893874165895
Wnt1_Fzd3_Lrp6,1.0,0.5350380726125693,0.21204343833999448,0.09512844039669083,0.03841608360752508,0.0052555497137629454,0.0
Wnt1_Fzd4_Lrp5,1.0,0.4946160062270152,0.18594557738594444,0.08722770417562671,0.03721153809786958,0.006559326804110974,0.0
Wnt1_Fzd4_Lrp6,1.0,0.49431562730788825,0.18546173778954217,0.08902342203736999,0.039382577585670105,0.00756975767212109,0.0
Wnt1_Fzd5_Lrp5,1.0,0.4985923844359351,0.19852926935611961,0.09940753555448333,0.037121909978643765,0.0,0.003977075215684508
Wnt1_Fzd5_Lrp6,1.0,0.4985923844359351,0.19852926935611961,0.09940753555448333,0.037121909978643765,0.0,0.003977075215684508
Wnt1_Fzd6_Lrp5,1.0,0.5321687095228941,0.2198126635520343,0.10260961338610551,0.039932407171472256,0.0,0.003781285602497426
Wnt1_Fzd6_Lrp6,1.0,0.5188033341032396,0.20081384485281367,0.09873033949505639,0.042329866153682914,2.0856414474422033e-05,0.0
Wnt1_Fzd7_Lrp5,1.0,0.43560554622729014,0.148294610150384,0.05912527071288752,0.01989607430227275,0.0,0.001108741381368502
Wnt1_Fzd7_Lrp6,1.0,0.4515396556141295,0.15929942349425605,0.06679515802756451,0.024140162423321752,0.0002818302169291524,0.0
Wnt1_Fzd8_Lrp5,1.0,0.4993360855886953,0.18433521116695087,0.0831281402117733,0.033223328465711195,0.005265662990434007,0.0
Wnt1_Fzd8_Lrp6,1.0,0.500502096804928,0.18952211660280976,0.08943172003407035,0.03979163755793189,0.00837636729298863,0.0
Wnt1_Fzd9_Lrp5,1.0,0.5959287826063341,0.2566700262349372,0.13301507324549366,0.06015795506849062,0.01353246575593048,0.0
Wnt1_Fzd9_Lrp6,1.0,0.5957153529520586,0.26591819254945115,0.14888875171599758,0.0767652819937975,0.020737631545950853,0.0
Wnt10a_Fzd10_Lrp5,1.0,0.5906601886747239,0.23509374277226527,0.10809279655908054,0.05239219110496156,0.0,0.004765090610924412
Wnt10a_Fzd10_Lrp6,1.0,0.5805837928495665,0.23244579079689665,0.11097284222381143,0.05537417290733747,0.0,0.0011497441241007044
Wnt10a_Fzd1_Lrp5,1.0,0.5648097854678402,0.22035973490146776,0.09774206239335227,0.041031502598518343,0.0006545301688173627,0.0
Wnt10a_Fzd1_Lrp6,1.0,0.6539638031038775,0.3015273391492678,0.1717875722904313,0.09721125835319643,0.023063000016369226,0.0
Wnt10a_Fzd2_Lrp5,1.0,0.564530292211295,0.22025069100473704,0.09769369522971127,0.041011198367647585,0.00065420627788435,0.0
Wnt10a_Fzd2_Lrp6,1.0,0.6148890023675182,0.253588720784457,0.12291240066481357,0.060091026267037974,0.010709540932701938,0.0
Wnt10a_Fzd3_Lrp5,1.0,0.564530292211295,0.22025069100473704,0.09769369522971127,0.041011198367647585,0.00065420627788435,0.0
Wnt10a_Fzd3_Lrp6,1.0,0.7308983856922737,0.343138093720396,0.17672422712007632,0.08825763172248863,0.015655848227477398,0.0
Wnt10a_Fzd4_Lrp5,1.0,0.6351013379411843,0.276881045105177,0.1477450377451876,0.07860256465771102,0.016447309368574532,0.0
Wnt10a_Fzd4_Lrp6,1.0,0.6345664616779586,0.2758210818751682,0.1505299628231904,0.08353035006537941,0.01893416523181364,0.0
Wnt10a_Fzd5_Lrp5,1.0,0.6528058261812815,0.27191635315145707,0.15080162225273094,0.07685648064244444,0.0,0.009528674157399806
Wnt10a_Fzd5_Lrp6,1.0,0.6528058261812815,0.27191635315145707,0.15080162225273094,0.07685648064244444,0.0,0.009528674157399806
Wnt10a_Fzd6_Lrp5,1.0,0.719341788947965,0.3356684465139783,0.17984482362225543,0.09281761324724806,0.0,0.0019274312187561495
Wnt10a_Fzd6_Lrp6,1.0,0.7037096330919534,0.3039711607505408,0.17376732376625756,0.1034215269182628,0.006676229563396585,0.0
Wnt10a_Fzd7_Lrp5,1.0,0.5648213105296643,0.22045102858350768,0.09778255632828126,0.04104850169753035,0.0006548013366382183,0.0
Wnt10a_Fzd7_Lrp6,1.0,0.5890107410372208,0.23897410343482514,0.11307255538429029,0.052237294262353656,0.003967864235070133,0.0
Wnt10a_Fzd8_Lrp5,1.0,0.6392076483644601,0.27161216374896324,0.13814960110040939,0.0671987305013488,0.013242747007269101,0.0
Wnt10a_Fzd8_Lrp6,1.0,0.6412460556880905,0.28178949678939846,0.15120316699147723,0.0819029034216327,0.019863563813867707,0.0
Wnt10a_Fzd9_Lrp5,1.0,0.7989312898219314,0.405946442069019,0.2516015125233486,0.14610263155002057,0.04033996218966381,0.0
Wnt10a_Fzd9_Lrp6,1.0,0.7986789977426983,0.41347174166762507,0.26961983824645847,0.17089268753433984,0.05162915080942104,0.0
Wnt10b_Fzd10_Lrp5,1.0,0.6742900906086139,0.2717297750639893,0.12634162393547074,0.06381544957508843,0.0,0.02313289452341637
Wnt10b_Fzd10_Lrp6,1.0,0.6593066218077617,0.26338763636026935,0.12646524100092835,0.06642458067953023,0.0,0.019661733091987255
Wnt10b_Fzd1_Lrp5,1.0,0.6535966802984228,0.26409470838949267,0.1202535743897255,0.050537762612639175,0.0,0.007922780157397228
Wnt10b_Fzd1_Lrp6,1.0,0.7592988526602243,0.35680187283482123,0.2110424993312833,0.12092270666789755,0.022919018970146202,0.0
Wnt10b_Fzd2_Lrp5,1.0,0.6530149714581811,0.26385966094943974,0.12014654727437782,0.05049278340120195,0.0,0.007915728788570284
Wnt10b_Fzd2_Lrp6,1.0,0.7130949538534842,0.30232802987351054,0.14842222238783276,0.07129022729693228,0.007996094720051212,0.0
Wnt10b_Fzd3_Lrp5,1.0,0.6530149714581811,0.26385966094943974,0.12014654727437782,0.05049278340120195,0.0,0.007915728788570284
Wnt10b_Fzd3_Lrp6,1.0,0.8703885421721271,0.42493806915987564,0.2233898475035337,0.10960940539961231,0.011639373518215581,0.0
Wnt10b_Fzd4_Lrp5,1.0,0.7502077713267198,0.33222948112902245,0.18111143378112607,0.09499572950623053,0.013010442851884603,0.0
Wnt10b_Fzd4_Lrp6,1.0,0.7494954150561146,0.33032513639031896,0.18587681324162855,0.10368465940148794,0.01761741220234828,0.0
Wnt10b_Fzd5_Lrp5,1.0,0.7754826134099015,0.31205304172585446,0.18798320121315568,0.10002151827741888,0.0,0.05214542688488146
Wnt10b_Fzd5_Lrp6,1.0,0.7754826134099015,0.31205304172585446,0.18798320121315568,0.10002151827741888,0.0,0.05214542688488146
Wnt10b_Fzd6_Lrp5,1.0,0.8546269832598671,0.4000902868786958,0.2258013911821418,0.1243310515935297,0.0,0.03502234500378737
Wnt10b_Fzd6_Lrp6,1.0,0.837500705472369,0.33792638539442393,0.20136258448805233,0.12972527856076282,0.0,0.028723329234896528
Wnt10b_Fzd7_Lrp5,1.0,0.6537058415239323,0.2642916377444198,0.12034324471661947,0.05057544746081906,0.0,0.007928687992488435
Wnt10b_Fzd7_Lrp6,1.0,0.6792397179270712,0.2806175623765181,0.134255574650298,0.06066146123379874,0.0,0.005070886825531426
Wnt10b_Fzd8_Lrp5,1.0,0.7561681540547145,0.3290052311828943,0.1694691215038903,0.07968373492705282,0.00981343565366623,0.0
Wnt10b_Fzd8_Lrp6,1.0,0.7588849631489291,0.3436725331913346,0.19009651845940972,0.10398127899695556,0.021247995815334226,0.0
Wnt10b_Fzd9_Lrp5,1.0,0.9847251947808988,0.5179116557485502,0.34051325683343037,0.20152475051411647,0.04985834206123189,0.0
Wnt10b_Fzd9_Lrp6,1.0,0.9846900861460243,0.5265204311228927,0.36538883987742454,0.24117136336541828,0.06869843662003333,0.0
Wnt11_Fzd1,1.0,0.4811647096840616,0.1906260637501327,0.09973781932889231,0.05233115031005809,0.016788730825266305,0.0
Wnt11_Fzd10,1.0,0.47956871115216226,0.1835239379088637,0.08784904704231067,0.04399270724080415,0.011102235939445725,0.0
Wnt11_Fzd2,1.0,0.471609376241543,0.17814915628081038,0.08879031167151462,0.04486649099447032,0.01325367855854251,0.0
Wnt11_Fzd3,1.0,0.5614765608626283,0.2405781318274224,0.13125885995796852,0.07185952726499013,0.023368337846220222,0.0
Wnt11_Fzd4,1.0,0.45645636758924957,0.169200224042292,0.08577725773476756,0.04448214954667746,0.014533664692118675,0.0
Wnt11_Fzd5,1.0,0.5022722523606158,0.2038784532894684,0.11186187629757878,0.05741174448279658,0.015989656657330004,0.0
Wnt11_Fzd6,1.0,0.5719217333946905,0.24418660227591182,0.13670474294390264,0.07654170328370984,0.023825493098447052,0.0
Wnt11_Fzd7,1.0,0.4347047465383587,0.15454276038276743,0.07136253577547078,0.03346370510584709,0.009192142987106721,0.0
Wnt11_Fzd8,1.0,0.45537207570340044,0.16612336683048004,0.08143911616192415,0.041009953772314436,0.013159442556448978,0.0
Wnt11_Fzd9,1.0,0.5562021099826364,0.23758174562055664,0.13569631415628675,0.07595160459763886,0.02637404413421192,0.0
Wnt16_Fzd10_Lrp5,1.0,0.41944463242989705,0.1371002323442692,0.05128412228828581,0.0185628248491863,0.00010112695682270416,0.0
Wnt16_Fzd10_Lrp6,1.0,0.4202876277151974,0.1389010857602983,0.0532556347123334,0.019889513087745236,0.0005917893117976337,0.0
Wnt16_Fzd1_Lrp5,1.0,0.3640166897018853,0.10843632370297634,0.03927026583755129,0.013659535964893365,0.0011898654698853034,0.0
Wnt16_Fzd1_Lrp6,1.0,0.42349592247087353,0.14763652030609645,0.06421021636928351,0.0280092112943874,0.0062409125156423235,0.0
Wnt16_Fzd2_Lrp5,1.0,0.3638782446749283,0.10839508254513144,0.03925533033276183,0.013654340887639,0.0011894129330601696,0.0
Wnt16_Fzd2_Lrp6,1.0,0.38507080216527495,0.11679722602578183,0.0444477947345855,0.01723838134518816,0.003121765936705088,0.0
Wnt16_Fzd3_Lrp5,1.0,0.3638782446749283,0.10839508254513144,0.03925533033276183,0.013654340887639,0.0011894129330601696,0.0
Wnt16_Fzd3_Lrp6,1.0,0.49051689419174155,0.17277208150684167,0.06948029639301634,0.027262561768458142,0.0049496401138977505,0.0
Wnt16_Fzd4_Lrp5,1.0,0.4031190691630324,0.1319261550694745,0.05468639252206413,0.022829052876542782,0.004904775683700533,0.0
Wnt16_Fzd4_Lrp6,1.0,0.4029866683346207,0.13173359791066203,0.05520248947171434,0.02367510132607641,0.0052645136480337475,0.0
Wnt16_Fzd5_Lrp5,1.0,0.438211755128083,0.1537473598657712,0.06560508519594853,0.024647410315958372,0.0009113374981734669,0.0
Wnt16_Fzd5_Lrp6,1.0,0.438211755128083,0.1537473598657712,0.06560508519594853,0.024647410315958372,0.0009113374981734669,0.0
Wnt16_Fzd6_Lrp5,1.0,0.5036728663811314,0.19044946149533115,0.08118231131089589,0.03252402331777607,0.002673348161530079,0.0
Wnt16_Fzd6_Lrp6,1.0,0.49921285153360745,0.18481860245939685,0.08116620715212049,0.03445812164774328,0.004088423292359462,0.0
Wnt16_Fzd7_Lrp5,1.0,0.36402835237261694,0.10847084433993548,0.03928276750252824,0.01366388446976675,0.001190244262825837,0.0
Wnt16_Fzd7_Lrp6,1.0,0.3845898493009273,0.12065957110590435,0.046169727056974356,0.017196173151251028,0.002164724803829392,0.0
Wnt16_Fzd8_Lrp5,1.0,0.4007842329764121,0.12475101479066648,0.049266051831674325,0.018996845357826628,0.003854470712957134,0.0
Wnt16_Fzd8_Lrp6,1.0,0.4022925781839698,0.1294648607192847,0.05328501616861739,0.022490494502034546,0.005194683551002523,0.0
Wnt16_Fzd9_Lrp5,1.0,0.4848861605110605,0.17949427756196287,0.08300973572092432,0.03713819400759001,0.009386068471733363,0.0
Wnt16_Fzd9_Lrp6,1.0,0.4847509638110529,0.18064896047333037,0.08589613772620115,0.04084118426473949,0.011039757404968728,0.0
Wnt2_Fzd10_Lrp5,1.0,0.4821087092199874,0.1844728302359461,0.08442842303815205,0.037627827180432324,0.0043420282922117335,0.0
Wnt2_Fzd10_Lrp6,1.0,0.48426593470047824,0.18886426005477883,0.08987707466771434,0.04224641552144484,0.006234869830127909,0.0
Wnt2_Fzd1_Lrp5,1.0,0.43937530708505185,0.15747128746028305,0.07083467865220103,0.029418617799487234,0.005234707317425237,0.0
Wnt2_Fzd1_Lrp6,1.0,0.510312685742233,0.21247318967465764,0.1178974670303695,0.06171606926860706,0.018455367746017852,0.0
Wnt2_Fzd2_Lrp5,1.0,0.4387997403249057,0.15726500541102348,0.07074188762402897,0.0293800804072811,0.0052278500282639685,0.0
Wnt2_Fzd2_Lrp6,1.0,0.46118939380116997,0.16998322785868594,0.08076303302916739,0.03756116824200511,0.009727994227600593,0.0
Wnt2_Fzd3_Lrp5,1.0,0.4387997403249057,0.15726500541102348,0.07074188762402897,0.0293800804072811,0.0052278500282639685,0.0
Wnt2_Fzd3_Lrp6,1.0,0.5842730722810476,0.247815432876899,0.12480296681238028,0.058814296069145094,0.015384200094873653,0.0
Wnt2_Fzd4_Lrp5,1.0,0.4884773610921212,0.1918409905521976,0.1013171214249651,0.05081486659327603,0.015003295568373012,0.0
Wnt2_Fzd4_Lrp6,1.0,0.48800547783245085,0.19109545813837445,0.10422093053373647,0.054717292573333465,0.016907049274028488,0.0
Wnt2_Fzd5_Lrp5,1.0,0.5279575660599775,0.22026214893082235,0.1285496591167316,0.06065592943953672,0.010895421819114015,0.0
Wnt2_Fzd5_Lrp6,1.0,0.5279575660599775,0.22026214893082235,0.1285496591167316,0.06065592943953672,0.010895421819114015,0.0
Wnt2_Fzd6_Lrp5,1.0,0.588563088758522,0.2564289623586901,0.13843236742444331,0.06811804809400854,0.013452504685419423,0.0
Wnt2_Fzd6_Lrp6,1.0,0.5796592114052723,0.24402548680784,0.14154871250356732,0.0778006935253815,0.01945850974083256,0.0
Wnt2_Fzd7_Lrp5,1.0,0.4394729684725589,0.15764424997391374,0.07091248168708762,0.029450930471620708,0.0052404569886849665,0.0
Wnt2_Fzd7_Lrp6,1.0,0.4589930088745892,0.17107527082806046,0.08156522059023122,0.036905256910005825,0.008077812048885321,0.0
Wnt2_Fzd8_Lrp5,1.0,0.4891868022816164,0.1863863720769844,0.09378897577665096,0.04395935026581882,0.012391088910187996,0.0
Wnt2_Fzd8_Lrp6,1.0,0.4906526259988562,0.19243570973521254,0.10175552262255867,0.05242961973943966,0.01592343422120099,0.0
Wnt2_Fzd9_Lrp5,1.0,0.6260419599429333,0.28821547686660176,0.17743428899690414,0.09575095420735222,0.03226433103356834,0.0
Wnt2_Fzd9_Lrp6,1.0,0.6258270994779042,0.2910371945108903,0.18509274264728812,0.1078774090932468,0.03689040268891085,0.0
Wnt2b_Fzd10_Lrp5,1.0,0.4552368505721697,0.16310290873625347,0.06838294044448692,0.028442986150812043,0.0012765472209428552,0.0
Wnt2b_Fzd10_Lrp6,1.0,0.45720681284366227,0.168192346262475,0.07449670799278141,0.0332335375121497,0.0030691243445984517,0.0
Wnt2b_Fzd1_Lrp5,1.0,0.4033069747771935,0.133332076207932,0.054282084786473415,0.02112087193393503,0.0025530685499461805,0.0
Wnt2b_Fzd1_Lrp6,1.0,0.4694139381811608,0.18356565033899558,0.09316264614849255,0.04710548076279381,0.0127675194664441,0.0
Wnt2b_Fzd2_Lrp5,1.0,0.40301884945956623,0.13323682284210925,0.0542433052862448,0.021105783035614112,0.002551244619955176,0.0
Wnt2b_Fzd2_Lrp6,1.0,0.42788137233541146,0.14560327451097665,0.06314866265858654,0.027952636837459594,0.006196664916970127,0.0
Wnt2b_Fzd3_Lrp5,1.0,0.40301884945956623,0.13323682284210925,0.0542433052862448,0.021105783035614112,0.002551244619955176,0.0
Wnt2b_Fzd3_Lrp6,1.0,0.5397459007160991,0.21255465138845428,0.09767637299417582,0.04389569424432703,0.009816192203389926,0.0
Wnt2b_Fzd4_Lrp5,1.0,0.44675591879915066,0.16255492614783598,0.07778302204535745,0.0375655965891038,0.01001119323641461,0.0
Wnt2b_Fzd4_Lrp6,1.0,0.44650735563081867,0.16217867630091684,0.07897550573846725,0.03935415725720952,0.0108395662716028,0.0
Wnt2b_Fzd5_Lrp5,1.0,0.4825512995888853,0.18663782708643692,0.0951572917316592,0.04220839838922436,0.004412907194758898,0.0
Wnt2b_Fzd5_Lrp6,1.0,0.4825512995888853,0.18663782708643692,0.0951572917316592,0.04220839838922436,0.004412907194758898,0.0
Wnt2b_Fzd6_Lrp5,1.0,0.5522925755667599,0.23067731901172747,0.11305740658075603,0.05214334261817384,0.006602404649844758,0.0
Wnt2b_Fzd6_Lrp6,1.0,0.5433330187259325,0.21802596440314578,0.11280673351498573,0.05828738281190929,0.010903833545806636,0.0
Wnt2b_Fzd7_Lrp5,1.0,0.4033396538067326,0.13341185638586106,0.05431456485057946,0.02113350975499677,0.0025545961963233522,0.0
Wnt2b_Fzd7_Lrp6,1.0,0.42425455995702116,0.1471958849148871,0.06380418032533564,0.027137032038243903,0.004559650539766336,0.0
Wnt2b_Fzd8_Lrp5,1.0,0.4456525734487983,0.15569440771353948,0.07093471514828913,0.03178661506348268,0.007996634557223343,0.0
Wnt2b_Fzd8_Lrp6,1.0,0.4471936907472392,0.1613146830364928,0.07678304085938797,0.0375062934342852,0.010362863180267157,0.0
Wnt2b_Fzd9_Lrp5,1.0,0.5449249811679897,0.22681972631090064,0.12165148398588513,0.061836687119925786,0.01821700473046778,0.0
Wnt2b_Fzd9_Lrp6,1.0,0.544719532271563,0.23053870772048257,0.13010268674528416,0.07241631786423909,0.022945420367973573,0.0
Wnt3_Fzd10_Lrp5,1.0,0.5262416132843766,0.20223947921085775,0.0883463235655416,0.03952387643610128,0.0,0.0032079953923830795
Wnt3_Fzd10_Lrp6,1.0,0.5147866077404487,0.20416920467081398,0.09498028750252621,0.04428369632217063,0.0008599843904488766,0.0
Wnt3_Fzd1_Lrp5,1.0,0.5145514985266324,0.19003043106340217,0.07935308105174062,0.030927151649073805,0.00021007643105522844,0.0
Wnt3_Fzd1_Lrp6,1.0,0.5932399777836395,0.26439635333312916,0.143289095692008,0.0773452545732867,0.01868258268081595,0.0
Wnt3_Fzd2_Lrp5,1.0,0.5141741972352896,0.18989108888435893,0.07929489441728597,0.030904473930151277,0.00020992238989716206,0.0
Wnt3_Fzd2_Lrp6,1.0,0.5668434152798552,0.22294545840199187,0.10282538868086076,0.04780899122167691,0.008501783522449161,0.0
Wnt3_Fzd3_Lrp5,1.0,0.5141741972352896,0.18989108888435893,0.07929489441728597,0.030904473930151277,0.00020992238989716206,0.0
Wnt3_Fzd3_Lrp6,1.0,0.6457881372803401,0.28620431461582646,0.13907573993700567,0.06574220754888471,0.011669235209103571,0.0
Wnt3_Fzd4_Lrp5,1.0,0.5939327413878688,0.2468851419857954,0.12487104847504148,0.06370496181605262,0.014020763651042047,0.0
Wnt3_Fzd4_Lrp6,1.0,0.5935769911510839,0.24622534786700703,0.1264198176477212,0.06651763504228078,0.015427577972932465,0.0
Wnt3_Fzd5_Lrp5,1.0,0.5819771883825737,0.24036601729894833,0.12356616284994577,0.056961585615488884,0.0,0.005145693771132219
Wnt3_Fzd5_Lrp6,1.0,0.5819771883825737,0.24036601729894833,0.12356616284994577,0.056961585615488884,0.0,0.005145693771132219
Wnt3_Fzd6_Lrp5,1.0,0.661715023563906,0.3079537082842894,0.15654833865180187,0.07356145171927528,0.0,0.0015374312149334574
Wnt3_Fzd6_Lrp6,1.0,0.6451991968199365,0.27810075034786474,0.15096170564739295,0.08354946564535516,0.006443307584966212,0.0
Wnt3_Fzd7_Lrp5,1.0,0.5146445819800631,0.1901471422074425,0.07940181739791868,0.030946146202896964,0.00021020545386734942,0.0
Wnt3_Fzd7_Lrp6,1.0,0.5394775446757641,0.20926683617307043,0.09384296639825172,0.04075112819754557,0.003041650519671823,0.0
Wnt3_Fzd8_Lrp5,1.0,0.5894877757245689,0.2377612712058435,0.11497727794092988,0.0538942722559442,0.011022414964021437,0.0
Wnt3_Fzd8_Lrp6,1.0,0.5913330081798621,0.24615387871671432,0.12457677410948649,0.06425369758758304,0.015839670514108124,0.0
Wnt3_Fzd9_Lrp5,1.0,0.6879392948382111,0.32391793251904627,0.1809418743247304,0.09668622604503196,0.025248639614845175,0.0
Wnt3_Fzd9_Lrp6,1.0,0.6876938000518193,0.33632694480597225,0.2040032744980232,0.12185015940551247,0.03661193579471715,0.0
Wnt3a_Fzd10_Lrp5,1.0,0.4668797879085061,0.16868626776454065,0.0705547227087143,0.02878920296404626,0.0,0.0037202945072488626
Wnt3a_Fzd10_Lrp6,1.0,0.4598332705717352,0.1704849778557573,0.07493430233754389,0.03137200669878076,0.0,0.0011094309673318273
Wnt3a_Fzd1_Lrp5,1.0,0.46074943914981614,0.16137129861037633,0.06544010568326461,0.023495654360117496,0.0,0.000739538054254917
Wnt3a_Fzd1_Lrp6,1.0,0.528357863804835,0.2186802219685145,0.11156458240945312,0.05454626839426508,0.011611325884335486,0.0
Wnt3a_Fzd2_Lrp5,1.0,0.4597286763512946,0.1610137901592005,0.06529512704685855,0.023443601144508632,0.0,0.0007378996519700063
Wnt3a_Fzd2_Lrp6,1.0,0.50596717889528,0.1867560596544923,0.08204706417277624,0.0348664129330078,0.0052017875962824135,0.0
Wnt3a_Fzd3_Lrp5,1.0,0.4597286763512946,0.1610137901592005,0.06529512704685855,0.023443601144508632,0.0,0.0007378996519700063
Wnt3a_Fzd3_Lrp6,1.0,0.5675932077406692,0.23311291157215389,0.10737934009132995,0.0461526965713488,0.006817989250282714,0.0
Wnt3a_Fzd4_Lrp5,1.0,0.5238368810731251,0.20394053753106725,0.09744150023589969,0.04416430728292016,0.008049773407587058,0.0
Wnt3a_Fzd4_Lrp6,1.0,0.5235176973408109,0.2034069194907882,0.09897991454835192,0.0464137146846736,0.009132449804685795,0.0
Wnt3a_Fzd5_Lrp5,1.0,0.5208111225251654,0.20950697378607394,0.1049775722513638,0.04192867295294717,0.0,0.00500320671460106
Wnt3a_Fzd5_Lrp6,1.0,0.5208111225251654,0.20950697378607394,0.1049775722513638,0.04192867295294717,0.0,0.00500320671460106
Wnt3a_Fzd6_Lrp5,1.0,0.5647162584562305,0.2399891355483277,0.11452498030804248,0.04820993653016658,0.0,0.003476588383924541
Wnt3a_Fzd6_Lrp6,1.0,0.5508958473165824,0.21913132984731357,0.1097847684513371,0.05126592419968435,0.0009113598178375395,0.0
Wnt3a_Fzd7_Lrp5,1.0,0.4611281825422291,0.16167156130830995,0.06556186973210554,0.023539372596437316,0.0,0.0007409141086915322
Wnt3a_Fzd7_Lrp6,1.0,0.4795335564152177,0.17472806670010024,0.07471139300791357,0.029023273116059324,0.0009135242256953062,0.0
Wnt3a_Fzd8_Lrp5,1.0,0.5258407412542322,0.2000135704826179,0.0919052857193629,0.03882255834171762,0.006480417222968353,0.0
Wnt3a_Fzd8_Lrp6,1.0,0.5271908380721363,0.2060621463788006,0.09901146498520892,0.046388974628675174,0.01003092180824559,0.0
Wnt3a_Fzd9_Lrp5,1.0,0.6237337033618245,0.2770679337902221,0.14811683902782105,0.07230650736480225,0.017179907306755532,0.0
Wnt3a_Fzd9_Lrp6,1.0,0.6235084054865855,0.28592888147328577,0.16383604486374923,0.08918998425842667,0.024626572019565054,0.0
Wnt4_Fzd10_Lrp5,1.0,0.5517459577996132,0.21327401827091572,0.09321600542490376,0.04136802157468458,0.0,0.011286387377753119
Wnt4_Fzd10_Lrp6,1.0,0.5437980782193225,0.2120394859916013,0.09718923799444952,0.04524077281474919,0.0,0.007993668039860943
Wnt4_Fzd1_Lrp5,1.0,0.53811455286712,0.20347320460765367,0.08748117610225652,0.03357612941983668,0.0,0.0027161409063224734
Wnt4_Fzd1_Lrp6,1.0,0.615029152428245,0.2732651541287227,0.15217365950860198,0.08246699651233913,0.018820349153974267,0.0
Wnt4_Fzd2_Lrp5,1.0,0.5375774106645916,0.20327009907055915,0.08739385300095592,0.033542613961068925,0.0,0.002713429673368401
Wnt4_Fzd2_Lrp6,1.0,0.5815122495252569,0.23079712642306002,0.10828285853912707,0.04954295095940434,0.007467534832208725,0.0
Wnt4_Fzd3_Lrp5,1.0,0.5375774106645916,0.20327009907055915,0.08739385300095592,0.033542613961068925,0.0,0.002713429673368401
Wnt4_Fzd3_Lrp6,1.0,0.6869438747994715,0.3105167093868466,0.15442731621181557,0.07168463871091932,0.010737285124608772,0.0
Wnt4_Fzd4_Lrp5,1.0,0.602579762600634,0.2513755614878444,0.13009679975350025,0.06575123736766408,0.013409571828449773,0.0
Wnt4_Fzd4_Lrp6,1.0,0.6020037500354197,0.2502905209120769,0.13284608406972556,0.07047290899843471,0.01581067720223655,0.0
Wnt4_Fzd5_Lrp5,1.0,0.6160735517079706,0.24986721892109198,0.13730568106617433,0.06298587002295689,0.0,0.016946208657366797
Wnt4_Fzd5_Lrp6,1.0,0.6160735517079706,0.24986721892109198,0.13730568106617433,0.06298587002295689,0.0,0.016946208657366797
Wnt4_Fzd6_Lrp5,1.0,0.6604211664059426,0.2955435397113712,0.15062996053634803,0.07139786515910655,0.0,0.010667637882707094
Wnt4_Fzd6_Lrp6,1.0,0.6388578943355679,0.2568481314061122,0.13724520674596896,0.0744682428399594,0.0,0.003422199752933962
Wnt4_Fzd7_Lrp5,1.0,0.538219241638069,0.20364340600735673,0.08755435241384499,0.03360421520260541,0.0,0.0027184129056500423
Wnt4_Fzd7_Lrp6,1.0,0.5544314299764728,0.2154503651046837,0.09729792662169334,0.040348503564084266,0.0003069317217352503,0.0
Wnt4_Fzd8_Lrp5,1.0,0.6158796541508922,0.2523094733732884,0.1253260224996001,0.05751513727952658,0.010524138358340856,0.0
Wnt4_Fzd8_Lrp6,1.0,0.6177720995782874,0.2619375141252687,0.13781478254189292,0.07197637010738046,0.017203981676049918,0.0
Wnt4_Fzd9_Lrp5,1.0,0.7939601149141312,0.3888165711832313,0.23714323121392816,0.13114530335438238,0.03494097211438904,0.0
Wnt4_Fzd9_Lrp6,1.0,0.7936568384164857,0.3978749483249889,0.2588688695460283,0.16091193385791447,0.04902002408107585,0.0
Wnt5a_Fzd1,1.0,0.49081790441014994,0.2007749469541416,0.10482429002451327,0.056914992060419535,0.014717701015122934,0.0
Wnt5a_Fzd10,1.0,0.4877709159864397,0.1870616031899329,0.0887402609120319,0.04556764754268177,0.0066130920122615105,0.0
Wnt5a_Fzd2,1.0,0.4808434218408072,0.18775909171790464,0.09326495292816488,0.048379449094468924,0.009996615566963662,0.0
Wnt5a_Fzd3,1.0,0.554585744646642,0.2419741341060173,0.13140001882572866,0.07254998876306394,0.017832056193762557,0.0
Wnt5a_Fzd4,1.0,0.46591380617355027,0.1788635998057508,0.09036475178715732,0.047664400044269924,0.011725336746924027,0.0
Wnt5a_Fzd5,1.0,0.5087579243696781,0.2030224159098533,0.10557605263021512,0.05387362454518305,0.00704389151362342,0.0
Wnt5a_Fzd6,1.0,0.579359249342461,0.2448971259831744,0.13334561622007465,0.07629846612978608,0.014556700412411668,0.0
Wnt5a_Fzd7,1.0,0.4456307004873523,0.1639218879780497,0.07499135798052098,0.035506934305283934,0.006137200285710892,0.0
Wnt5a_Fzd8,1.0,0.4657953511391591,0.17789132493962181,0.08796864996949487,0.04526954301574046,0.011457541964454756,0.0
Wnt5a_Fzd9,1.0,0.5584303128263539,0.24794723582226613,0.14261878368926934,0.0833716962939077,0.024547356305128654,0.0
Wnt5a_Mcam,1.0,0.5595453834929597,0.2354838596104507,0.13338151479383145,0.07599595644550751,0.021204739303172366,0.0
Wnt5b_Fzd1,1.0,0.4562135691905569,0.17097587590183141,0.08147796274918347,0.03875224280323065,0.010146951963686944,0.0
Wnt5b_Fzd10,1.0,0.4474452982881509,0.15972643043214887,0.06768450939354498,0.028445952222311128,0.002923958218941942,0.0
Wnt5b_Fzd2,1.0,0.4471317243056777,0.15838662913474325,0.07082847014072702,0.03138909294599174,0.006472371338728525,0.0
Wnt5b_Fzd3,1.0,0.5199398046230084,0.20883778605984318,0.10266129862832603,0.04985268108547013,0.011771297286534968,0.0
Wnt5b_Fzd4,1.0,0.4349224968402492,0.15182179170368124,0.06954120285793916,0.03231742172658603,0.008536208146591322,0.0
Wnt5b_Fzd5,1.0,0.4704860313128108,0.17725447882834885,0.08494923100216402,0.035415739887042455,0.003902330376230639,0.0
Wnt5b_Fzd6,1.0,0.5357939888682898,0.21183483332808273,0.10364622427892338,0.049566706798039,0.009235515657942112,0.0
Wnt5b_Fzd7,1.0,0.41298066900582675,0.138043339006185,0.05713745863166411,0.023046498657583004,0.003907947345996051,0.0
Wnt5b_Fzd8,1.0,0.4333737573450919,0.14913667607659095,0.06669897308596483,0.03040493323350082,0.008084103435283343,0.0
Wnt5b_Fzd9,1.0,0.5203819519963302,0.20876054339375422,0.10899208000223387,0.0561391678612251,0.01700278939744446,0.0
Wnt6_Fzd10_Lrp5,1.0,0.5484028034432644,0.20992059274090993,0.09173091269125774,0.04215788004498432,0.0,0.011991283094089394
Wnt6_Fzd10_Lrp6,1.0,0.5415665961040526,0.20787405799581138,0.09461117463274682,0.04532047300818999,0.0,0.009082254521453744
Wnt6_Fzd1_Lrp5,1.0,0.5408497603093799,0.20556430766993516,0.0883366267900448,0.034916811314327306,0.0,0.003976751074288043
Wnt6_Fzd1_Lrp6,1.0,0.6178172663502973,0.27436108901583633,0.15143920311133977,0.08259318863953181,0.017144332485911955,0.0
Wnt6_Fzd2_Lrp5,1.0,0.5403717279273782,0.20538261877430955,0.08825855008331152,0.03488594994078256,0.0,0.003973236205782634
Wnt6_Fzd2_Lrp6,1.0,0.5869057584217672,0.2339700556502148,0.10908910328532605,0.05029284509492396,0.0065977472505473105,0.0
Wnt6_Fzd3_Lrp5,1.0,0.5403717279273782,0.20538261877430955,0.08825855008331152,0.03488594994078256,0.0,0.003973236205782634
Wnt6_Fzd3_Lrp6,1.0,0.6842241183416956,0.3091596012220041,0.15252550593246722,0.07146206117419152,0.009155979350945346,0.0
Wnt6_Fzd4_Lrp5,1.0,0.6057316606716128,0.25442265505311357,0.13029662480174592,0.0657337711770082,0.01111543818328662,0.0
Wnt6_Fzd4_Lrp6,1.0,0.6051134994597409,0.2532536872483903,0.13298007207302678,0.07055676084368362,0.01361898016049404,0.0
Wnt6_Fzd5_Lrp5,1.0,0.6239066528246295,0.25014888827648,0.13557916012504054,0.06480351603498495,0.0,0.023928495842332156
Wnt6_Fzd5_Lrp6,1.0,0.6239066528246295,0.25014888827648,0.13557916012504054,0.06480351603498495,0.0,0.023928495842332156
Wnt6_Fzd6_Lrp5,1.0,0.6519944371701415,0.2904303416311389,0.14690005934193515,0.07204381574917636,0.0,0.014301635922906855
Wnt6_Fzd6_Lrp6,1.0,0.6298809233963869,0.251469891713193,0.1326471558794913,0.07410728871467534,0.0,0.008031279584882454
Wnt6_Fzd7_Lrp5,1.0,0.5409290435344235,0.2057165300116874,0.08840204090957213,0.034942667548053065,0.0,0.003979695896606448
Wnt6_Fzd7_Lrp6,1.0,0.5580893081070236,0.2177849546708727,0.0979388906054178,0.04148422218469149,0.0,0.001417934289559308
Wnt6_Fzd8_Lrp5,1.0,0.6210228347403821,0.25659406717441324,0.12619439247928946,0.057728479210890235,0.008731258944746752,0.0
Wnt6_Fzd8_Lrp6,1.0,0.6228298249758774,0.2662443715675605,0.13919936829737167,0.07285693901298913,0.015828792069992055,0.0
Wnt6_Fzd9_Lrp5,1.0,0.7886022465185669,0.3886303273035478,0.23568223637687452,0.13145195501235962,0.03284079627074922,0.0
Wnt6_Fzd9_Lrp6,1.0,0.7882863216971658,0.39655440149961685,0.2556048570305849,0.15980851250139125,0.046414016725779654,0.0
Wnt7a_Fzd10_Lrp5,1.0,0.6402043652299073,0.291304181305409,0.15077923936570692,0.07631437373644279,0.00963802421605807,0.0
Wnt7a_Fzd10_Lrp6,1.0,0.6121617276812366,0.29076595657077364,0.16203019328809817,0.08758968965587648,0.01635737170585134,0.0
Wnt7a_Fzd1_Lrp5,1.0,0.6566113682632932,0.286035034429718,0.14154573059327508,0.06482180286783805,0.010626362842909801,0.0
Wnt7a_Fzd1_Lrp6,1.0,0.7586221575430481,0.4011463717462079,0.2539034079562158,0.14938451995838806,0.04544324155208679,0.0
Wnt7a_Fzd2_Lrp5,1.0,0.6555580822049426,0.28557619876447277,0.14131867368890366,0.06471782065775473,0.01060931683917853,0.0
Wnt7a_Fzd2_Lrp6,1.0,0.7337597621795954,0.3407353755969651,0.18210686971139078,0.09403234048312342,0.024203819460437852,0.0
Wnt7a_Fzd3_Lrp5,1.0,0.6555580822049426,0.28557619876447277,0.14131867368890366,0.06471782065775473,0.01060931683917853,0.0
Wnt7a_Fzd3_Lrp6,1.0,0.8059656181232414,0.42052107078848283,0.23700625140614748,0.12427265595413314,0.03230159492606758,0.0
Wnt7a_Fzd4_Lrp5,1.0,0.7945788550854718,0.39616624367043995,0.23826591345002107,0.13545147430746998,0.04091283068642614,0.0
Wnt7a_Fzd4_Lrp6,1.0,0.7942543883442895,0.3952124763685705,0.2426890271632658,0.14205917207515897,0.04413368742739268,0.0
Wnt7a_Fzd5_Lrp5,1.0,0.7531194213860138,0.3863242662383213,0.2537820280047381,0.1396679562901537,0.024732322351094977,0.0
Wnt7a_Fzd5_Lrp6,1.0,0.7531194213860138,0.3863242662383213,0.2537820280047381,0.1396679562901537,0.024732322351094977,0.0
Wnt7a_Fzd6_Lrp5,1.0,0.8779496732760135,0.5013029423764999,0.30995476862121674,0.16914188856573717,0.030254749643621032,0.0
Wnt7a_Fzd6_Lrp6,1.0,0.8687742614222507,0.4711986705486583,0.3261943029752682,0.21093339589130156,0.05407607280144001,0.0
Wnt7a_Fzd7_Lrp5,1.0,0.6569904299294518,0.28641996549217363,0.14173621547066767,0.06490903667644458,0.010640663248967806,0.0
Wnt7a_Fzd7_Lrp6,1.0,0.6910156630248729,0.3179316763037088,0.17034027463203527,0.08605324126881418,0.018184715682636098,0.0
Wnt7a_Fzd8_Lrp5,1.0,0.7610350725952865,0.3643319205170933,0.20621505889649833,0.1085219314942717,0.031144671187792093,0.0
Wnt7a_Fzd8_Lrp6,1.0,0.7635435386509198,0.3765320776177701,0.22201094085226838,0.12536791179815657,0.03854516135978398,0.0
Wnt7a_Fzd9_Lrp5,1.0,0.8746020946386182,0.4894684373163133,0.31672716953045643,0.18317619459707427,0.05934444048700035,0.0
Wnt7a_Fzd9_Lrp6,1.0,0.874466995185056,0.5117397896473782,0.35860885829150346,0.2288388020156365,0.07877300749498979,0.0
Wnt7b_Fzd10_Lrp5,1.0,0.5945966536863413,0.2607294678777542,0.1299855633030145,0.06344680511905057,0.006906149696062399,0.0
Wnt7b_Fzd10_Lrp6,1.0,0.5680415595902394,0.25998300229182664,0.13895523216880207,0.07207498891771412,0.012391021210022297,0.0
Wnt7b_Fzd1_Lrp5,1.0,0.6078301927188373,0.25558645755467324,0.1227140532378362,0.05474167427282142,0.00824433596271544,0.0
Wnt7b_Fzd1_Lrp6,1.0,0.7002622136598603,0.3559583358286652,0.2166764588225835,0.12364097051901644,0.03612948533253584,0.0
Wnt7b_Fzd2_Lrp5,1.0,0.6070128311512043,0.2552427652700267,0.12254903716570521,0.054668062035004884,0.008233249637213187,0.0
Wnt7b_Fzd2_Lrp6,1.0,0.6818578933042221,0.3061403587544117,0.1586783509552716,0.07968855073508965,0.01949689845560463,0.0
Wnt7b_Fzd3_Lrp5,1.0,0.6070128311512043,0.2552427652700267,0.12254903716570521,0.054668062035004884,0.008233249637213187,0.0
Wnt7b_Fzd3_Lrp6,1.0,0.7386873868597258,0.3699271464832072,0.20175927303311728,0.1028362969851391,0.025403856218396633,0.0
Wnt7b_Fzd4_Lrp5,1.0,0.7271455111986949,0.34882971352685965,0.202618919047948,0.11190919514612246,0.03216246388166739,0.0
Wnt7b_Fzd4_Lrp6,1.0,0.7267845488392066,0.3479682728224507,0.20624320111965863,0.11740188132725808,0.03483521794514982,0.0
Wnt7b_Fzd5_Lrp5,1.0,0.6811853768001542,0.3363834284678046,0.21075813347378916,0.11156788672100795,0.01847461065280193,0.0
Wnt7b_Fzd5_Lrp6,1.0,0.6811853768001542,0.3363834284678046,0.21075813347378916,0.11156788672100795,0.01847461065280193,0.0
Wnt7b_Fzd6_Lrp5,1.0,0.8020248200820496,0.4379110189137213,0.2587199736242811,0.13596022467606145,0.02230838768393399,0.0
Wnt7b_Fzd6_Lrp6,1.0,0.7909117420414563,0.41222373435341697,0.2707825869173215,0.1675858288064413,0.040192259174980115,0.0
Wnt7b_Fzd7_Lrp5,1.0,0.6080992759819178,0.25587465366858925,0.12285242407956384,0.05480340030457453,0.008253632173512385,0.0
Wnt7b_Fzd7_Lrp6,1.0,0.6395639545394013,0.28391761639131124,0.14713590248011368,0.07218115598090809,0.014275053108050965,0.0
Wnt7b_Fzd8_Lrp5,1.0,0.6942454581142362,0.32006430289185916,0.17520045027519138,0.08968279246468233,0.0245227318742265,0.0
Wnt7b_Fzd8_Lrp6,1.0,0.6963992189458358,0.3302754285351725,0.18811495249555144,0.10328442485141881,0.030387756665119062,0.0
Wnt7b_Fzd9_Lrp5,1.0,0.7908302408702829,0.4234883950874116,0.2636227423195146,0.14823871232907174,0.04625460555487909,0.0
Wnt7b_Fzd9_Lrp6,1.0,0.7906452203850178,0.4428794678279209,0.29783917534276255,0.183957924557917,0.06101266157725719,0.0
Wnt8a_Fzd10_Lrp5,1.0,0.4106921787644773,0.1361569386074787,0.051986063135656194,0.019152220749828284,0.0,0.0044607853388701785
Wnt8a_Fzd10_Lrp6,1.0,0.41090125759847257,0.13965637174194123,0.05508451288669142,0.020645851834962193,0.0,0.0034447453012370357
Wnt8a_Fzd1_Lrp5,1.0,0.3721129016944196,0.11541192657188988,0.04265867316264999,0.0142032781798165,0.0,0.001656179235482085
Wnt8a_Fzd1_Lrp6,1.0,0.433601983557513,0.15607046539451408,0.06914752040200219,0.02878842485645608,0.0035873836498463724,0.0
Wnt8a_Fzd2_Lrp5,1.0,0.3714124646870272,0.11519468394445798,0.04257837572272431,0.01417654300987713,0.0,0.00165306176972875
Wnt8a_Fzd2_Lrp6,1.0,0.39985038818149027,0.12772105946039264,0.04923778621088053,0.01806317470335265,0.001103287115160953,0.0
Wnt8a_Fzd3_Lrp5,1.0,0.3714124646870272,0.11519468394445798,0.04257837572272431,0.01417654300987713,0.0,0.00165306176972875
Wnt8a_Fzd3_Lrp6,1.0,0.4765731193559805,0.170440428749182,0.06881287256414424,0.02546582947646957,0.0013648144752114334,0.0
Wnt8a_Fzd4_Lrp5,1.0,0.4100413122806714,0.13789719410129345,0.05741934006205361,0.021926283559426666,0.001536000795913842,0.0
Wnt8a_Fzd4_Lrp6,1.0,0.40982256106252046,0.13757753436428585,0.058475844219232326,0.023243718573698776,0.002133192602721394,0.0
Wnt8a_Fzd5_Lrp5,1.0,0.4450828958478383,0.16523526236229075,0.07537392971657625,0.02727626455983331,0.0,0.0057738104957604655
Wnt8a_Fzd5_Lrp6,1.0,0.4450828958478383,0.16523526236229075,0.07537392971657625,0.02727626455983331,0.0,0.0057738104957604655
Wnt8a_Fzd6_Lrp5,1.0,0.4969262198536935,0.18994501607379724,0.0814153009903777,0.030670356791221716,0.0,0.0058541975889632595
Wnt8a_Fzd6_Lrp6,1.0,0.4893640923979667,0.17976436222498332,0.0799142491378002,0.03212738309090923,0.0,0.004398781003935161
Wnt8a_Fzd7_Lrp5,1.0,0.3723125371875377,0.11559427139239167,0.04272607163984154,0.01422571861805511,0.0,0.001658795912236239
Wnt8a_Fzd7_Lrp6,1.0,0.3915361561127979,0.1263167929775823,0.04862443225429284,0.016918156552462357,0.0,0.0012693812934411062
Wnt8a_Fzd8_Lrp5,1.0,0.4065398744649405,0.13248351376197767,0.05311837480239029,0.01923805125058964,0.0013082718343457595,0.0
Wnt8a_Fzd8_Lrp6,1.0,0.40764316548775886,0.1361157085687903,0.05680116337010537,0.02272659175917559,0.002785251886352799,0.0
Wnt8a_Fzd9_Lrp5,1.0,0.49097404585275894,0.1880437040646144,0.08747056231514723,0.036643455049514856,0.005520301440954238,0.0
Wnt8a_Fzd9_Lrp6,1.0,0.4908244740539993,0.19233578806124166,0.09441096663692865,0.0438170019915361,0.008574166303527937,0.0
Wnt8b_Fzd10_Lrp5,1.0,0.4192069887755573,0.14413129282436066,0.05646742410219477,0.02037771282650371,0.0,0.002801943118651467
Wnt8b_Fzd10_Lrp6,1.0,0.4168491695807475,0.15136921623610045,0.064317807195956,0.024651890558735397,0.0001669817048330389,0.0
Wnt8b_Fzd1_Lrp5,1.0,0.39311781236251186,0.12517647885353925,0.046241405080262796,0.014972792446287932,0.0,0.0008899400237596075
Wnt8b_Fzd1_Lrp6,1.0,0.46130041656585313,0.1792028689676203,0.08433244276607493,0.03815390438156303,0.007799946550160947,0.0
Wnt8b_Fzd2_Lrp5,1.0,0.3926180140081932,0.12501733318228506,0.04618261512612256,0.014953756481015238,0.0,0.000888808580346641
Wnt8b_Fzd2_Lrp6,1.0,0.4317899704230871,0.14569317445158803,0.05896006768033901,0.02284207594021556,0.0030164894477922896,0.0
Wnt8b_Fzd3_Lrp5,1.0,0.3926180140081932,0.12501733318228506,0.04618261512612256,0.014953756481015238,0.0,0.000888808580346641
Wnt8b_Fzd3_Lrp6,1.0,0.49492430318684794,0.1863680058838474,0.07876300452608609,0.03079620039912124,0.004058218140982784,0.0
Wnt8b_Fzd4_Lrp5,1.0,0.44399024463512443,0.1573344230745811,0.0683241655400473,0.028601818036753508,0.00497280945796001,0.0
Wnt8b_Fzd4_Lrp6,1.0,0.4438393138983219,0.1571056786412753,0.06890746126234744,0.029496892893248056,0.00537460790746471,0.0
Wnt8b_Fzd5_Lrp5,1.0,0.45198520160526107,0.17330206152538316,0.078877899643947,0.028944817675037475,0.0,0.002413909744928654
Wnt8b_Fzd5_Lrp6,1.0,0.45198520160526107,0.17330206152538316,0.078877899643947,0.028944817675037475,0.0,0.002413909744928654
Wnt8b_Fzd6_Lrp5,1.0,0.5229959369942687,0.21853897134638672,0.09684486251437163,0.03581818767849765,0.0,0.0028590280664963293
Wnt8b_Fzd6_Lrp6,1.0,0.511818020890447,0.2026028325722917,0.09563362941563525,0.041054518785713374,0.0016852570033218783,0.0
Wnt8b_Fzd7_Lrp5,1.0,0.3932790230251478,0.12530990917296483,0.04629069553408492,0.014988752509209486,0.0,0.0008908886443209735
Wnt8b_Fzd7_Lrp6,1.0,0.41517535319925225,0.1395869765228922,0.05480148013307007,0.01929297383610867,0.0003963327891418705,0.0
Wnt8b_Fzd8_Lrp5,1.0,0.43680464899533783,0.1499164240320199,0.06311445938923632,0.024968994048987433,0.004092045912487652,0.0
Wnt8b_Fzd8_Lrp6,1.0,0.4381611107687968,0.1542654118225592,0.06706191416708192,0.028567789629359616,0.005662096287738824,0.0
Wnt8b_Fzd9_Lrp5,1.0,0.5141969659153708,0.20605202080832466,0.09654896174047703,0.041245857973219766,0.008211165645255314,0.0
Wnt8b_Fzd9_Lrp6,1.0,0.5140330798167376,0.21602322568769808,0.11225438308205579,0.05566672854228696,0.014349246261590447,0.0
Wnt9a_Fzd10_Lrp5,1.0,0.4532991229611783,0.16339505533677362,0.07006695136140303,0.030425481612178264,0.0035755405153720422,0.0
Wnt9a_Fzd10_Lrp6,1.0,0.4545841869588416,0.16826394415712118,0.07600942615500808,0.034941622339975074,0.005392604517224703,0.0
Wnt9a_Fzd1_Lrp5,1.0,0.40637245168303215,0.1347904523174811,0.05552672800374421,0.022382485452414797,0.0037412803386622307,0.0
Wnt9a_Fzd1_Lrp6,1.0,0.4733997672204746,0.18615619452650783,0.09476410319646202,0.048199526237770046,0.013892814719626882,0.0
Wnt9a_Fzd2_Lrp5,1.0,0.40614566070905245,0.134715227587464,0.05549573928717713,0.02236999408973798,0.003739192380661086,0.0
Wnt9a_Fzd2_Lrp6,1.0,0.43238778688131774,0.14760864323540063,0.06445839663405102,0.02890256790282903,0.007097372177594854,0.0
Wnt9a_Fzd3_Lrp5,1.0,0.40614566070905245,0.134715227587464,0.05549573928717713,0.02236999408973798,0.003739192380661086,0.0
Wnt9a_Fzd3_Lrp6,1.0,0.5398285536922904,0.21260854403062573,0.097960395689376,0.044507032245789585,0.011046055978305182,0.0
Wnt9a_Fzd4_Lrp5,1.0,0.4507583690487314,0.16536789985024844,0.07954174941040076,0.03884793094752864,0.01117214031675708,0.0
Wnt9a_Fzd4_Lrp6,1.0,0.45054566978398625,0.16504468029799593,0.08063950805967637,0.040483388760088994,0.011900812100503708,0.0
Wnt9a_Fzd5_Lrp5,1.0,0.4865471479618872,0.19094880458672897,0.09818866843677546,0.045987052981812805,0.008067236757892438,0.0
Wnt9a_Fzd5_Lrp6,1.0,0.4865471479618872,0.19094880458672897,0.09818866843677546,0.045987052981812805,0.008067236757892438,0.0
Wnt9a_Fzd6_Lrp5,1.0,0.5483263248566678,0.23157878632066428,0.11467957239443252,0.054598212574428116,0.010012207107708644,0.0
Wnt9a_Fzd6_Lrp6,1.0,0.5405667634685657,0.2212771309728239,0.1162724272092227,0.06133406026510181,0.014499754974865034,0.0
Wnt9a_Fzd7_Lrp5,1.0,0.4063934560196272,0.13485343925400747,0.055552675379334664,0.022392944681286386,0.003743028621149358,0.0
Wnt9a_Fzd7_Lrp6,1.0,0.4278449216458857,0.14940663781289268,0.06562188128619195,0.028728134768502216,0.005953698142607174,0.0
Wnt9a_Fzd8_Lrp5,1.0,0.4498326818535493,0.15806333639995354,0.07231062120430466,0.032740138867605184,0.008953426507080248,0.0
Wnt9a_Fzd8_Lrp6,1.0,0.45144550693397806,0.16384046179664483,0.07820266558726256,0.0383135030714084,0.011208358036328879,0.0
Wnt9a_Fzd9_Lrp5,1.0,0.5500881234883805,0.23100621573141725,0.12381254311804557,0.0631163094448881,0.019628582555493265,0.0
Wnt9a_Fzd9_Lrp6,1.0,0.5498939295998932,0.23461678600154262,0.1317795735932414,0.07285421239164806,0.023901098394152533,0.0
Wnt9b_Fzd10_Lrp5,1.0,0.5061587994184304,0.1851472107019176,0.0783634096047111,0.0340420452332827,0.0,0.005227266378199146
Wnt9b_Fzd10_Lrp6,1.0,0.5018543278588647,0.1851457260262925,0.08082822984614078,0.035996825852246596,0.0,0.0034872270328245494
Wnt9b_Fzd1_Lrp5,1.0,0.46121755838186895,0.1604273171956894,0.06509932714461912,0.024587379612747012,0.0,0.001012731321405041
Wnt9b_Fzd1_Lrp6,1.0,0.5343298566468182,0.21644687655271996,0.1090651739047651,0.05442926917477574,0.010446501732847557,0.0
Wnt9b_Fzd2_Lrp5,1.0,0.46084500997233485,0.16029773205570305,0.06504674317345689,0.024567519160769692,0.0,0.0010119132878410144
Wnt9b_Fzd2_Lrp6,1.0,0.49754937642159996,0.18034613194923563,0.07864055473502765,0.034241270721711764,0.004557707220866212,0.0
Wnt9b_Fzd3_Lrp5,1.0,0.46084500997233485,0.16029773205570305,0.06504674317345689,0.024567519160769692,0.0,0.0010119132878410144
Wnt9b_Fzd3_Lrp6,1.0,0.6009100586451467,0.24721079981242308,0.11423654482353143,0.050613102215329484,0.006524604363551303,0.0
Wnt9b_Fzd4_Lrp5,1.0,0.5118195868432922,0.1946454985042848,0.09166434827050975,0.04219484070713386,0.006450063298062375,0.0
Wnt9b_Fzd4_Lrp6,1.0,0.5114299404181832,0.1940026961836754,0.09339092473256447,0.04493478160917904,0.007796610910772396,0.0
Wnt9b_Fzd5_Lrp5,1.0,0.5340899799217933,0.20527575988388017,0.10059550843356749,0.043059471262367484,0.0,0.008856867448270467
Wnt9b_Fzd5_Lrp6,1.0,0.5340899799217933,0.20527575988388017,0.10059550843356749,0.043059471262367484,0.0,0.008856867448270467
Wnt9b_Fzd6_Lrp5,1.0,0.6046600118989951,0.2531556478327673,0.12157186606362061,0.05489539344585817,0.0,0.0056240017290824776
Wnt9b_Fzd6_Lrp6,1.0,0.5919979962492705,0.23235247116846464,0.11484751836686251,0.056363447088322395,0.0,0.001975731463890865
Wnt9b_Fzd7_Lrp5,1.0,0.4612962356887038,0.1605358708438207,0.06514337680882826,0.024604016740398395,0.0,0.001013416589234966
Wnt9b_Fzd7_Lrp6,1.0,0.4830258025111101,0.1740728317414913,0.0739788921771972,0.02965551425371824,0.0003819028440569187,0.0
Wnt9b_Fzd8_Lrp5,1.0,0.5127716923277261,0.19000350007792594,0.08619756792489462,0.03692107828030957,0.005350570017769489,0.0
Wnt9b_Fzd8_Lrp6,1.0,0.51428193463723,0.19635192419291153,0.09351181514627192,0.04472307949367279,0.008800239453520674,0.0
Wnt9b_Fzd9_Lrp5,1.0,0.6227040520495689,0.27252437141877967,0.14810119119975412,0.0760342067568335,0.01750976366596614,0.0
Wnt9b_Fzd9_Lrp6,1.0,0.6224744465847605,0.27670209474518304,0.15749592463419002,0.0884821549062218,0.023122397876148996,0.0
